id_sensore,stazione,parametro,mese,media,n_misure
10270,Darfo Boario Terme v. De Amicis,Ozono,2007-01,7.80,648
10270,Darfo Boario Terme v. De Amicis,Ozono,2007-04,64.18,683
10270,Darfo Boario Terme v. De Amicis,Ozono,2007-05,62.96,726
10270,Darfo Boario Terme v. De Amicis,Ozono,2007-06,64.30,672
10270,Darfo Boario Terme v. De Amicis,Ozono,2007-07,102.99,741
10270,Darfo Boario Terme v. De Amicis,Ozono,2007-08,68.35,599
10270,Darfo Boario Terme v. De Amicis,Ozono,2007-09,48.35,716
10270,Darfo Boario Terme v. De Amicis,Ozono,2007-10,17.65,642
10270,Darfo Boario Terme v. De Amicis,Ozono,2007-11,16.87,681
10270,Darfo Boario Terme v. De Amicis,Ozono,2007-12,12.68,664
10270,Darfo Boario Terme v. De Amicis,Ozono,2008-01,11.85,737
10270,Darfo Boario Terme v. De Amicis,Ozono,2008-02,18.33,696
10270,Darfo Boario Terme v. De Amicis,Ozono,2008-03,47.47,504
10270,Darfo Boario Terme v. De Amicis,Ozono,2008-04,56.48,719
10270,Darfo Boario Terme v. De Amicis,Ozono,2008-05,65.20,744
10270,Darfo Boario Terme v. De Amicis,Ozono,2008-06,72.29,720
10270,Darfo Boario Terme v. De Amicis,Ozono,2008-07,86.42,643
10270,Darfo Boario Terme v. De Amicis,Ozono,2008-08,83.63,743
10270,Darfo Boario Terme v. De Amicis,Ozono,2008-09,43.98,650
10270,Darfo Boario Terme v. De Amicis,Ozono,2008-10,23.99,744
10270,Darfo Boario Terme v. De Amicis,Ozono,2008-11,22.77,720
10270,Darfo Boario Terme v. De Amicis,Ozono,2008-12,9.88,721
10270,Darfo Boario Terme v. De Amicis,Ozono,2009-01,9.80,708
10270,Darfo Boario Terme v. De Amicis,Ozono,2009-02,28.71,672
10270,Darfo Boario Terme v. De Amicis,Ozono,2009-03,43.05,744
10270,Darfo Boario Terme v. De Amicis,Ozono,2009-04,55.90,719
10270,Darfo Boario Terme v. De Amicis,Ozono,2009-05,83.24,741
10270,Darfo Boario Terme v. De Amicis,Ozono,2009-06,78.64,703
10270,Darfo Boario Terme v. De Amicis,Ozono,2009-07,89.55,601
10270,Darfo Boario Terme v. De Amicis,Ozono,2009-08,82.53,654
10270,Darfo Boario Terme v. De Amicis,Ozono,2009-09,47.23,718
10270,Darfo Boario Terme v. De Amicis,Ozono,2009-10,34.29,723
10270,Darfo Boario Terme v. De Amicis,Ozono,2009-11,6.26,613
10270,Darfo Boario Terme v. De Amicis,Ozono,2009-12,10.15,731
10270,Darfo Boario Terme v. De Amicis,Ozono,2010-01,1.50,1
10270,Darfo Boario Terme v. De Amicis,Ozono,2010-01,9.22,741
10270,Darfo Boario Terme v. De Amicis,Ozono,2010-02,18.83,662
10270,Darfo Boario Terme v. De Amicis,Ozono,2010-03,32.71,742
10270,Darfo Boario Terme v. De Amicis,Ozono,2010-04,53.75,720
10270,Darfo Boario Terme v. De Amicis,Ozono,2010-05,63.91,744
10270,Darfo Boario Terme v. De Amicis,Ozono,2010-06,77.91,719
10270,Darfo Boario Terme v. De Amicis,Ozono,2010-07,98.69,744
10270,Darfo Boario Terme v. De Amicis,Ozono,2010-08,69.31,744
10270,Darfo Boario Terme v. De Amicis,Ozono,2010-09,45.52,719
10270,Darfo Boario Terme v. De Amicis,Ozono,2010-10,17.35,722
10270,Darfo Boario Terme v. De Amicis,Ozono,2010-11,16.20,720
10270,Darfo Boario Terme v. De Amicis,Ozono,2010-12,14.21,744
10270,Darfo Boario Terme v. De Amicis,Ozono,2011-01,10.50,744
10270,Darfo Boario Terme v. De Amicis,Ozono,2011-02,17.61,672
10270,Darfo Boario Terme v. De Amicis,Ozono,2011-03,31.12,744
10270,Darfo Boario Terme v. De Amicis,Ozono,2011-04,67.34,720
10270,Darfo Boario Terme v. De Amicis,Ozono,2011-05,78.87,742
10270,Darfo Boario Terme v. De Amicis,Ozono,2011-06,56.52,718
10270,Darfo Boario Terme v. De Amicis,Ozono,2011-07,67.45,744
10270,Darfo Boario Terme v. De Amicis,Ozono,2011-08,75.20,744
10270,Darfo Boario Terme v. De Amicis,Ozono,2011-09,52.28,719
10270,Darfo Boario Terme v. De Amicis,Ozono,2011-10,24.94,735
10270,Darfo Boario Terme v. De Amicis,Ozono,2011-11,7.80,713
10270,Darfo Boario Terme v. De Amicis,Ozono,2011-12,9.09,698
10270,Darfo Boario Terme v. De Amicis,Ozono,2012-01,12.33,712
10270,Darfo Boario Terme v. De Amicis,Ozono,2012-02,18.18,665
10270,Darfo Boario Terme v. De Amicis,Ozono,2012-03,39.59,744
10270,Darfo Boario Terme v. De Amicis,Ozono,2012-04,52.67,720
10270,Darfo Boario Terme v. De Amicis,Ozono,2012-05,67.83,743
10270,Darfo Boario Terme v. De Amicis,Ozono,2012-06,69.72,719
10270,Darfo Boario Terme v. De Amicis,Ozono,2012-07,72.19,744
10270,Darfo Boario Terme v. De Amicis,Ozono,2012-08,79.42,742
10270,Darfo Boario Terme v. De Amicis,Ozono,2012-09,38.90,688
10270,Darfo Boario Terme v. De Amicis,Ozono,2012-10,15.67,714
10270,Darfo Boario Terme v. De Amicis,Ozono,2012-11,10.49,719
10270,Darfo Boario Terme v. De Amicis,Ozono,2012-12,12.82,742
10270,Darfo Boario Terme v. De Amicis,Ozono,2013-01,11.34,728
10270,Darfo Boario Terme v. De Amicis,Ozono,2013-02,22.40,596
10270,Darfo Boario Terme v. De Amicis,Ozono,2013-03,30.46,727
10270,Darfo Boario Terme v. De Amicis,Ozono,2013-04,49.29,612
10270,Darfo Boario Terme v. De Amicis,Ozono,2013-05,51.16,605
10270,Darfo Boario Terme v. De Amicis,Ozono,2013-06,70.17,598
10270,Darfo Boario Terme v. De Amicis,Ozono,2013-07,88.45,671
10270,Darfo Boario Terme v. De Amicis,Ozono,2013-08,79.76,657
10270,Darfo Boario Terme v. De Amicis,Ozono,2013-09,46.86,720
10270,Darfo Boario Terme v. De Amicis,Ozono,2013-10,13.99,565
10270,Darfo Boario Terme v. De Amicis,Ozono,2013-11,15.95,718
10270,Darfo Boario Terme v. De Amicis,Ozono,2013-12,9.93,677
10270,Darfo Boario Terme v. De Amicis,Ozono,2014-01,9.86,732
10270,Darfo Boario Terme v. De Amicis,Ozono,2014-02,15.38,672
10270,Darfo Boario Terme v. De Amicis,Ozono,2014-03,36.31,743
10270,Darfo Boario Terme v. De Amicis,Ozono,2014-04,41.29,720
10270,Darfo Boario Terme v. De Amicis,Ozono,2014-05,63.07,684
10270,Darfo Boario Terme v. De Amicis,Ozono,2014-06,78.94,604
10270,Darfo Boario Terme v. De Amicis,Ozono,2014-07,59.97,720
10270,Darfo Boario Terme v. De Amicis,Ozono,2014-08,49.84,667
10270,Darfo Boario Terme v. De Amicis,Ozono,2014-09,39.00,720
10270,Darfo Boario Terme v. De Amicis,Ozono,2014-10,27.25,740
10270,Darfo Boario Terme v. De Amicis,Ozono,2014-11,17.49,598
10270,Darfo Boario Terme v. De Amicis,Ozono,2014-12,7.97,743
10270,Darfo Boario Terme v. De Amicis,Ozono,2015-01,14.05,701
10270,Darfo Boario Terme v. De Amicis,Ozono,2015-02,18.46,620
10270,Darfo Boario Terme v. De Amicis,Ozono,2015-03,35.87,708
10270,Darfo Boario Terme v. De Amicis,Ozono,2015-04,60.85,696
10270,Darfo Boario Terme v. De Amicis,Ozono,2015-05,61.93,679
10270,Darfo Boario Terme v. De Amicis,Ozono,2015-06,80.16,650
10270,Darfo Boario Terme v. De Amicis,Ozono,2015-07,106.57,598
10270,Darfo Boario Terme v. De Amicis,Ozono,2015-08,82.55,726
10270,Darfo Boario Terme v. De Amicis,Ozono,2015-09,44.33,695
10270,Darfo Boario Terme v. De Amicis,Ozono,2015-10,19.49,744
10270,Darfo Boario Terme v. De Amicis,Ozono,2015-11,12.38,672
10270,Darfo Boario Terme v. De Amicis,Ozono,2015-12,9.39,707
10270,Darfo Boario Terme v. De Amicis,Ozono,2016-01,13.71,741
10270,Darfo Boario Terme v. De Amicis,Ozono,2016-02,19.54,665
10270,Darfo Boario Terme v. De Amicis,Ozono,2016-03,36.85,744
10270,Darfo Boario Terme v. De Amicis,Ozono,2016-04,52.39,625
10270,Darfo Boario Terme v. De Amicis,Ozono,2016-05,59.02,701
10270,Darfo Boario Terme v. De Amicis,Ozono,2016-06,55.68,710
10270,Darfo Boario Terme v. De Amicis,Ozono,2016-07,74.32,686
10270,Darfo Boario Terme v. De Amicis,Ozono,2016-08,58.01,657
10270,Darfo Boario Terme v. De Amicis,Ozono,2016-09,45.59,635
10270,Darfo Boario Terme v. De Amicis,Ozono,2016-10,15.70,743
10270,Darfo Boario Terme v. De Amicis,Ozono,2016-11,7.94,700
10270,Darfo Boario Terme v. De Amicis,Ozono,2016-12,6.87,706
10270,Darfo Boario Terme v. De Amicis,Ozono,2017-01,12.37,743
10270,Darfo Boario Terme v. De Amicis,Ozono,2017-02,8.19,589
10270,Darfo Boario Terme v. De Amicis,Ozono,2017-03,33.14,666
10270,Darfo Boario Terme v. De Amicis,Ozono,2017-04,60.92,651
10270,Darfo Boario Terme v. De Amicis,Ozono,2017-05,67.45,706
10270,Darfo Boario Terme v. De Amicis,Ozono,2017-06,91.04,683
10270,Darfo Boario Terme v. De Amicis,Ozono,2017-07,92.32,608
10270,Darfo Boario Terme v. De Amicis,Ozono,2017-08,82.11,609
10270,Darfo Boario Terme v. De Amicis,Ozono,2017-09,42.53,718
10270,Darfo Boario Terme v. De Amicis,Ozono,2017-10,32.75,744
10270,Darfo Boario Terme v. De Amicis,Ozono,2017-11,16.94,706
10270,Darfo Boario Terme v. De Amicis,Ozono,2017-12,18.35,735
10270,Darfo Boario Terme v. De Amicis,Ozono,2018-01,9.20,1
10270,Darfo Boario Terme v. De Amicis,Ozono,2018-01,17.00,738
10270,Darfo Boario Terme v. De Amicis,Ozono,2018-02,27.88,667
10270,Darfo Boario Terme v. De Amicis,Ozono,2018-03,36.35,709
10270,Darfo Boario Terme v. De Amicis,Ozono,2018-04,66.81,686
10270,Darfo Boario Terme v. De Amicis,Ozono,2018-05,50.65,590
10270,Darfo Boario Terme v. De Amicis,Ozono,2018-06,74.90,705
10270,Darfo Boario Terme v. De Amicis,Ozono,2018-07,87.78,561
10270,Darfo Boario Terme v. De Amicis,Ozono,2018-08,74.78,659
10270,Darfo Boario Terme v. De Amicis,Ozono,2018-09,57.79,650
10270,Darfo Boario Terme v. De Amicis,Ozono,2018-10,27.32,724
10270,Darfo Boario Terme v. De Amicis,Ozono,2018-11,9.01,657
10270,Darfo Boario Terme v. De Amicis,Ozono,2018-12,19.45,604
10270,Darfo Boario Terme v. De Amicis,Ozono,2019-01,24.61,714
10270,Darfo Boario Terme v. De Amicis,Ozono,2019-02,21.88,672
10270,Darfo Boario Terme v. De Amicis,Ozono,2019-03,47.82,744
10270,Darfo Boario Terme v. De Amicis,Ozono,2019-04,54.37,708
10270,Darfo Boario Terme v. De Amicis,Ozono,2019-05,52.30,687
10270,Darfo Boario Terme v. De Amicis,Ozono,2019-06,90.09,636
10270,Darfo Boario Terme v. De Amicis,Ozono,2019-07,88.79,663
10270,Darfo Boario Terme v. De Amicis,Ozono,2019-08,62.24,609
10270,Darfo Boario Terme v. De Amicis,Ozono,2019-09,46.92,661
10270,Darfo Boario Terme v. De Amicis,Ozono,2019-10,20.76,721
10270,Darfo Boario Terme v. De Amicis,Ozono,2019-11,11.46,614
10270,Darfo Boario Terme v. De Amicis,Ozono,2019-12,11.39,723
10270,Darfo Boario Terme v. De Amicis,Ozono,2020-01,16.15,732
10270,Darfo Boario Terme v. De Amicis,Ozono,2020-02,28.25,631
10270,Darfo Boario Terme v. De Amicis,Ozono,2020-03,47.54,739
10270,Darfo Boario Terme v. De Amicis,Ozono,2020-04,77.22,720
10270,Darfo Boario Terme v. De Amicis,Ozono,2020-05,67.99,703
10270,Darfo Boario Terme v. De Amicis,Ozono,2020-06,65.86,720
10270,Darfo Boario Terme v. De Amicis,Ozono,2020-07,77.19,621
10270,Darfo Boario Terme v. De Amicis,Ozono,2020-08,65.04,518
10270,Darfo Boario Terme v. De Amicis,Ozono,2020-09,49.77,707
10270,Darfo Boario Terme v. De Amicis,Ozono,2020-10,21.51,703
10270,Darfo Boario Terme v. De Amicis,Ozono,2020-11,15.48,672
10270,Darfo Boario Terme v. De Amicis,Ozono,2020-12,12.56,712
10270,Darfo Boario Terme v. De Amicis,Ozono,2021-01,18.83,631
10270,Darfo Boario Terme v. De Amicis,Ozono,2021-02,20.00,672
10270,Darfo Boario Terme v. De Amicis,Ozono,2021-03,41.96,639
10270,Darfo Boario Terme v. De Amicis,Ozono,2021-04,68.49,716
10270,Darfo Boario Terme v. De Amicis,Ozono,2021-05,60.04,724
10270,Darfo Boario Terme v. De Amicis,Ozono,2021-06,90.21,654
10270,Darfo Boario Terme v. De Amicis,Ozono,2021-07,77.23,703
10270,Darfo Boario Terme v. De Amicis,Ozono,2021-08,69.60,717
10270,Darfo Boario Terme v. De Amicis,Ozono,2021-09,56.40,720
10270,Darfo Boario Terme v. De Amicis,Ozono,2021-10,26.91,714
10270,Darfo Boario Terme v. De Amicis,Ozono,2021-11,17.70,601
10270,Darfo Boario Terme v. De Amicis,Ozono,2021-12,9.71,440
10270,Darfo Boario Terme v. De Amicis,Ozono,2022-01,16.79,744
10270,Darfo Boario Terme v. De Amicis,Ozono,2022-02,29.22,672
10270,Darfo Boario Terme v. De Amicis,Ozono,2022-03,51.68,669
10270,Darfo Boario Terme v. De Amicis,Ozono,2022-04,65.22,720
10270,Darfo Boario Terme v. De Amicis,Ozono,2022-05,72.82,677
10270,Darfo Boario Terme v. De Amicis,Ozono,2022-06,88.23,701
10270,Darfo Boario Terme v. De Amicis,Ozono,2022-07,114.17,726
10270,Darfo Boario Terme v. De Amicis,Ozono,2022-08,87.81,744
10270,Darfo Boario Terme v. De Amicis,Ozono,2022-09,52.93,625
10270,Darfo Boario Terme v. De Amicis,Ozono,2022-10,28.50,448
10270,Darfo Boario Terme v. De Amicis,Ozono,2022-11,20.16,31
10270,Darfo Boario Terme v. De Amicis,Ozono,2022-12,4.97,201
10270,Darfo Boario Terme v. De Amicis,Ozono,2023-01,11.78,743
10270,Darfo Boario Terme v. De Amicis,Ozono,2023-02,25.87,672
10270,Darfo Boario Terme v. De Amicis,Ozono,2023-03,44.54,744
10270,Darfo Boario Terme v. De Amicis,Ozono,2023-04,59.55,720
10270,Darfo Boario Terme v. De Amicis,Ozono,2023-05,51.90,743
10270,Darfo Boario Terme v. De Amicis,Ozono,2023-06,83.48,720
10270,Darfo Boario Terme v. De Amicis,Ozono,2023-07,77.73,265
10299,Brescia v.Ziziola,Benzene,2000-01,10.18,526
10299,Brescia v.Ziziola,Benzene,2000-02,5.83,620
10299,Brescia v.Ziziola,Benzene,2000-03,3.23,395
10299,Brescia v.Ziziola,Benzene,2000-04,2.22,493
10299,Brescia v.Ziziola,Benzene,2000-05,1.69,150
10299,Brescia v.Ziziola,Benzene,2000-06,1.64,558
10299,Brescia v.Ziziola,Benzene,2000-07,1.48,579
10299,Brescia v.Ziziola,Benzene,2000-08,1.33,232
10299,Brescia v.Ziziola,Benzene,2000-09,2.58,632
10299,Brescia v.Ziziola,Benzene,2000-10,4.94,435
10299,Brescia v.Ziziola,Benzene,2000-12,1.90,1
10299,Brescia v.Ziziola,Benzene,2001-01,30.67,6
10299,Brescia v.Ziziola,Benzene,2001-02,4.73,417
10299,Brescia v.Ziziola,Benzene,2001-03,2.97,517
10299,Brescia v.Ziziola,Benzene,2001-04,2.16,194
10299,Brescia v.Ziziola,Benzene,2002-06,5.40,10
10299,Brescia v.Ziziola,Benzene,2002-07,3.28,196
10299,Brescia v.Ziziola,Benzene,2002-08,3.89,75
10299,Brescia v.Ziziola,Benzene,2003-05,1.03,7
10299,Brescia v.Ziziola,Benzene,2003-07,1.15,13
10299,Brescia v.Ziziola,Benzene,2003-10,1.22,5
10299,Brescia v.Ziziola,Benzene,2003-11,3.16,287
10299,Brescia v.Ziziola,Benzene,2003-12,3.78,726
10299,Brescia v.Ziziola,Benzene,2004-01,3.73,732
10299,Brescia v.Ziziola,Benzene,2004-02,3.39,476
10299,Brescia v.Ziziola,Benzene,2004-03,2.59,665
10299,Brescia v.Ziziola,Benzene,2004-04,1.73,598
10299,Brescia v.Ziziola,Benzene,2004-05,1.03,712
10299,Brescia v.Ziziola,Benzene,2004-06,0.89,668
10299,Brescia v.Ziziola,Benzene,2004-07,0.35,633
10299,Brescia v.Ziziola,Benzene,2004-08,1.15,322
10299,Brescia v.Ziziola,Benzene,2004-09,1.41,717
10299,Brescia v.Ziziola,Benzene,2004-10,2.35,634
10299,Brescia v.Ziziola,Benzene,2004-11,4.00,720
10299,Brescia v.Ziziola,Benzene,2004-12,5.09,713
10299,Brescia v.Ziziola,Benzene,2005-01,5.14,612
10299,Brescia v.Ziziola,Benzene,2005-02,4.79,567
10299,Brescia v.Ziziola,Benzene,2005-03,2.91,677
10299,Brescia v.Ziziola,Benzene,2005-04,1.84,720
10299,Brescia v.Ziziola,Benzene,2005-05,1.18,619
10299,Brescia v.Ziziola,Benzene,2005-06,1.03,675
10299,Brescia v.Ziziola,Benzene,2005-07,1.19,515
10299,Brescia v.Ziziola,Benzene,2005-08,1.11,602
10299,Brescia v.Ziziola,Benzene,2005-09,1.43,715
10299,Brescia v.Ziziola,Benzene,2005-10,2.50,736
10299,Brescia v.Ziziola,Benzene,2005-11,4.10,720
10299,Brescia v.Ziziola,Benzene,2005-12,6.01,723
10299,Brescia v.Ziziola,Benzene,2006-01,6.40,712
10299,Brescia v.Ziziola,Benzene,2006-02,4.92,641
10299,Brescia v.Ziziola,Benzene,2006-03,2.79,744
10299,Brescia v.Ziziola,Benzene,2006-04,1.71,694
10299,Brescia v.Ziziola,Benzene,2006-05,1.10,711
10299,Brescia v.Ziziola,Benzene,2006-06,1.78,595
10299,Brescia v.Ziziola,Benzene,2006-07,1.60,744
10299,Brescia v.Ziziola,Benzene,2006-08,1.09,577
10299,Brescia v.Ziziola,Benzene,2006-09,1.49,552
10299,Brescia v.Ziziola,Benzene,2006-10,2.74,695
10299,Brescia v.Ziziola,Benzene,2006-11,4.09,714
10299,Brescia v.Ziziola,Benzene,2006-12,4.15,687
10299,Brescia v.Ziziola,Benzene,2007-01,3.70,744
10299,Brescia v.Ziziola,Benzene,2007-02,3.68,667
10299,Brescia v.Ziziola,Benzene,2007-03,1.84,744
10299,Brescia v.Ziziola,Benzene,2007-04,1.15,717
10299,Brescia v.Ziziola,Benzene,2007-05,1.30,701
10299,Brescia v.Ziziola,Benzene,2007-06,1.05,693
10299,Brescia v.Ziziola,Benzene,2007-07,1.25,579
10299,Brescia v.Ziziola,Benzene,2007-08,0.79,742
10299,Brescia v.Ziziola,Benzene,2007-09,0.80,715
10299,Brescia v.Ziziola,Benzene,2007-10,1.96,707
10299,Brescia v.Ziziola,Benzene,2007-11,3.07,672
10299,Brescia v.Ziziola,Benzene,2007-12,6.13,739
10299,Brescia v.Ziziola,Benzene,2008-01,4.09,707
10299,Brescia v.Ziziola,Benzene,2008-02,3.17,629
10299,Brescia v.Ziziola,Benzene,2008-03,1.69,678
10299,Brescia v.Ziziola,Benzene,2008-04,1.27,719
10299,Brescia v.Ziziola,Benzene,2008-05,0.98,741
10299,Brescia v.Ziziola,Benzene,2008-06,1.00,716
10299,Brescia v.Ziziola,Benzene,2008-07,0.97,738
10299,Brescia v.Ziziola,Benzene,2008-08,0.81,735
10299,Brescia v.Ziziola,Benzene,2008-09,1.15,705
10299,Brescia v.Ziziola,Benzene,2008-10,1.82,715
10299,Brescia v.Ziziola,Benzene,2008-11,1.24,717
10299,Brescia v.Ziziola,Benzene,2008-12,3.68,744
10299,Brescia v.Ziziola,Benzene,2009-01,5.57,744
10299,Brescia v.Ziziola,Benzene,2009-02,3.03,648
10299,Brescia v.Ziziola,Benzene,2009-03,1.88,722
10299,Brescia v.Ziziola,Benzene,2009-04,1.18,719
10299,Brescia v.Ziziola,Benzene,2009-05,0.97,743
10299,Brescia v.Ziziola,Benzene,2009-06,0.59,720
10299,Brescia v.Ziziola,Benzene,2009-07,0.70,736
10299,Brescia v.Ziziola,Benzene,2009-08,0.80,740
10299,Brescia v.Ziziola,Benzene,2009-09,1.22,719
10299,Brescia v.Ziziola,Benzene,2009-10,1.84,722
10299,Brescia v.Ziziola,Benzene,2009-11,2.83,720
10299,Brescia v.Ziziola,Benzene,2009-12,3.94,720
10299,Brescia v.Ziziola,Benzene,2010-01,4.00,1
10299,Brescia v.Ziziola,Benzene,2010-01,4.15,741
10299,Brescia v.Ziziola,Benzene,2010-02,2.55,671
10299,Brescia v.Ziziola,Benzene,2010-03,1.90,737
10299,Brescia v.Ziziola,Benzene,2010-04,1.16,703
10299,Brescia v.Ziziola,Benzene,2010-05,1.08,726
10299,Brescia v.Ziziola,Benzene,2010-06,0.85,719
10299,Brescia v.Ziziola,Benzene,2010-07,1.19,695
10299,Brescia v.Ziziola,Benzene,2010-08,0.91,705
10299,Brescia v.Ziziola,Benzene,2010-09,1.32,652
10299,Brescia v.Ziziola,Benzene,2010-10,2.02,733
10299,Brescia v.Ziziola,Benzene,2010-11,2.28,720
10299,Brescia v.Ziziola,Benzene,2010-12,4.37,744
10299,Brescia v.Ziziola,Benzene,2011-01,4.29,743
10299,Brescia v.Ziziola,Benzene,2011-02,3.50,669
10299,Brescia v.Ziziola,Benzene,2011-03,1.85,742
10299,Brescia v.Ziziola,Benzene,2011-04,1.17,720
10299,Brescia v.Ziziola,Benzene,2011-05,0.90,741
10299,Brescia v.Ziziola,Benzene,2011-06,0.84,718
10299,Brescia v.Ziziola,Benzene,2011-07,0.81,726
10299,Brescia v.Ziziola,Benzene,2011-08,0.89,727
10299,Brescia v.Ziziola,Benzene,2011-09,1.13,702
10299,Brescia v.Ziziola,Benzene,2011-10,1.82,744
10299,Brescia v.Ziziola,Benzene,2011-11,3.51,701
10299,Brescia v.Ziziola,Benzene,2011-12,3.66,744
10299,Brescia v.Ziziola,Benzene,2012-01,3.26,668
10299,Brescia v.Ziziola,Benzene,2012-02,3.09,672
10299,Brescia v.Ziziola,Benzene,2012-03,1.91,736
10299,Brescia v.Ziziola,Benzene,2012-04,1.01,704
10299,Brescia v.Ziziola,Benzene,2012-05,0.81,647
10299,Brescia v.Ziziola,Benzene,2012-06,0.82,522
10299,Brescia v.Ziziola,Benzene,2012-07,0.89,732
10299,Brescia v.Ziziola,Benzene,2012-08,0.82,742
10299,Brescia v.Ziziola,Benzene,2012-09,0.99,685
10299,Brescia v.Ziziola,Benzene,2012-10,1.66,612
10299,Brescia v.Ziziola,Benzene,2012-11,2.54,698
10299,Brescia v.Ziziola,Benzene,2012-12,4.22,719
10299,Brescia v.Ziziola,Benzene,2013-01,3.73,695
10299,Brescia v.Ziziola,Benzene,2013-02,2.87,665
10299,Brescia v.Ziziola,Benzene,2013-03,1.94,721
10299,Brescia v.Ziziola,Benzene,2013-04,1.21,539
10299,Brescia v.Ziziola,Benzene,2013-05,0.72,463
10299,Brescia v.Ziziola,Benzene,2013-06,1.09,720
10299,Brescia v.Ziziola,Benzene,2013-07,1.17,595
10299,Brescia v.Ziziola,Benzene,2013-08,1.08,744
10299,Brescia v.Ziziola,Benzene,2013-09,1.29,714
10299,Brescia v.Ziziola,Benzene,2013-10,1.74,634
10299,Brescia v.Ziziola,Benzene,2013-11,2.28,610
10299,Brescia v.Ziziola,Benzene,2013-12,2.64,629
10299,Brescia v.Ziziola,Benzene,2014-01,1.79,741
10299,Brescia v.Ziziola,Benzene,2014-02,1.33,582
10299,Brescia v.Ziziola,Benzene,2014-03,0.74,744
10299,Brescia v.Ziziola,Benzene,2014-04,0.30,717
10299,Brescia v.Ziziola,Benzene,2014-05,0.20,656
10299,Brescia v.Ziziola,Benzene,2014-06,0.15,720
10299,Brescia v.Ziziola,Benzene,2014-07,0.21,737
10299,Brescia v.Ziziola,Benzene,2014-08,0.24,735
10299,Brescia v.Ziziola,Benzene,2014-09,0.33,720
10299,Brescia v.Ziziola,Benzene,2014-10,0.67,743
10299,Brescia v.Ziziola,Benzene,2014-11,1.22,719
10299,Brescia v.Ziziola,Benzene,2014-12,1.55,743
10299,Brescia v.Ziziola,Benzene,2015-01,1.53,658
10299,Brescia v.Ziziola,Benzene,2015-02,1.76,301
10299,Brescia v.Ziziola,Benzene,2015-03,0.70,744
10299,Brescia v.Ziziola,Benzene,2015-04,0.24,720
10299,Brescia v.Ziziola,Benzene,2015-05,0.16,719
10299,Brescia v.Ziziola,Benzene,2015-06,0.12,698
10299,Brescia v.Ziziola,Benzene,2015-07,0.16,728
10299,Brescia v.Ziziola,Benzene,2015-08,0.17,741
10299,Brescia v.Ziziola,Benzene,2015-09,0.20,682
10299,Brescia v.Ziziola,Benzene,2015-10,0.71,742
10299,Brescia v.Ziziola,Benzene,2015-11,1.86,715
10299,Brescia v.Ziziola,Benzene,2015-12,2.16,465
10299,Brescia v.Ziziola,Benzene,2016-01,1.28,742
10299,Brescia v.Ziziola,Benzene,2016-02,0.48,694
10299,Brescia v.Ziziola,Benzene,2016-03,0.37,739
10299,Brescia v.Ziziola,Benzene,2016-04,0.15,720
10299,Brescia v.Ziziola,Benzene,2016-05,0.12,742
10299,Brescia v.Ziziola,Benzene,2016-06,0.10,720
10299,Brescia v.Ziziola,Benzene,2016-07,0.14,740
10299,Brescia v.Ziziola,Benzene,2016-08,0.11,744
10299,Brescia v.Ziziola,Benzene,2016-09,0.20,717
10299,Brescia v.Ziziola,Benzene,2016-10,0.45,741
10299,Brescia v.Ziziola,Benzene,2016-11,0.77,717
10299,Brescia v.Ziziola,Benzene,2016-12,2.13,744
10299,Brescia v.Ziziola,Benzene,2017-01,4.70,1
10300,Ospitaletto v. XXV aprile,Monossido di Carbonio,2007-08,0.42,720
10300,Ospitaletto v. XXV aprile,Monossido di Carbonio,2007-09,0.45,716
10300,Ospitaletto v. XXV aprile,Monossido di Carbonio,2007-10,0.64,731
10300,Ospitaletto v. XXV aprile,Monossido di Carbonio,2007-11,1.13,720
10300,Ospitaletto v. XXV aprile,Monossido di Carbonio,2007-12,1.39,732
10300,Ospitaletto v. XXV aprile,Monossido di Carbonio,2008-01,1.18,729
10300,Ospitaletto v. XXV aprile,Monossido di Carbonio,2008-02,0.68,677
10300,Ospitaletto v. XXV aprile,Monossido di Carbonio,2008-03,0.82,742
10300,Ospitaletto v. XXV aprile,Monossido di Carbonio,2008-04,0.50,719
10300,Ospitaletto v. XXV aprile,Monossido di Carbonio,2008-05,0.32,687
10300,Ospitaletto v. XXV aprile,Monossido di Carbonio,2008-06,0.32,719
10300,Ospitaletto v. XXV aprile,Monossido di Carbonio,2008-07,0.28,743
10300,Ospitaletto v. XXV aprile,Monossido di Carbonio,2008-08,0.22,744
10300,Ospitaletto v. XXV aprile,Monossido di Carbonio,2008-09,0.33,667
10300,Ospitaletto v. XXV aprile,Monossido di Carbonio,2008-10,0.50,577
10300,Ospitaletto v. XXV aprile,Monossido di Carbonio,2008-11,0.65,719
10300,Ospitaletto v. XXV aprile,Monossido di Carbonio,2008-12,0.88,730
10300,Ospitaletto v. XXV aprile,Monossido di Carbonio,2009-01,1.31,743
10300,Ospitaletto v. XXV aprile,Monossido di Carbonio,2009-02,0.83,672
10300,Ospitaletto v. XXV aprile,Monossido di Carbonio,2009-03,0.53,743
10300,Ospitaletto v. XXV aprile,Monossido di Carbonio,2009-04,0.35,719
10300,Ospitaletto v. XXV aprile,Monossido di Carbonio,2009-05,0.31,707
10300,Ospitaletto v. XXV aprile,Monossido di Carbonio,2009-06,0.28,719
10300,Ospitaletto v. XXV aprile,Monossido di Carbonio,2009-07,0.41,687
10300,Ospitaletto v. XXV aprile,Monossido di Carbonio,2009-08,0.23,743
10300,Ospitaletto v. XXV aprile,Monossido di Carbonio,2009-09,0.35,719
10300,Ospitaletto v. XXV aprile,Monossido di Carbonio,2009-10,0.53,686
10300,Ospitaletto v. XXV aprile,Monossido di Carbonio,2009-11,0.89,699
10300,Ospitaletto v. XXV aprile,Monossido di Carbonio,2009-12,1.32,700
10300,Ospitaletto v. XXV aprile,Monossido di Carbonio,2010-01,0.90,1
10300,Ospitaletto v. XXV aprile,Monossido di Carbonio,2010-01,0.95,735
10300,Ospitaletto v. XXV aprile,Monossido di Carbonio,2010-02,0.88,670
10300,Ospitaletto v. XXV aprile,Monossido di Carbonio,2010-03,0.72,744
10300,Ospitaletto v. XXV aprile,Monossido di Carbonio,2010-04,0.37,719
10300,Ospitaletto v. XXV aprile,Monossido di Carbonio,2010-05,0.57,559
10300,Ospitaletto v. XXV aprile,Monossido di Carbonio,2010-06,0.92,312
10300,Ospitaletto v. XXV aprile,Monossido di Carbonio,2010-07,0.51,711
10300,Ospitaletto v. XXV aprile,Monossido di Carbonio,2010-08,0.33,722
10300,Ospitaletto v. XXV aprile,Monossido di Carbonio,2010-09,0.32,657
10300,Ospitaletto v. XXV aprile,Monossido di Carbonio,2010-10,0.74,743
10300,Ospitaletto v. XXV aprile,Monossido di Carbonio,2010-11,0.80,718
10300,Ospitaletto v. XXV aprile,Monossido di Carbonio,2010-12,1.33,744
10300,Ospitaletto v. XXV aprile,Monossido di Carbonio,2011-01,1.50,744
10300,Ospitaletto v. XXV aprile,Monossido di Carbonio,2011-02,1.17,672
10300,Ospitaletto v. XXV aprile,Monossido di Carbonio,2011-03,1.06,727
10300,Ospitaletto v. XXV aprile,Monossido di Carbonio,2011-04,0.57,611
10300,Ospitaletto v. XXV aprile,Monossido di Carbonio,2011-05,0.26,732
10300,Ospitaletto v. XXV aprile,Monossido di Carbonio,2011-06,0.29,513
10300,Ospitaletto v. XXV aprile,Monossido di Carbonio,2011-07,0.40,711
10300,Ospitaletto v. XXV aprile,Monossido di Carbonio,2011-08,0.39,682
10300,Ospitaletto v. XXV aprile,Monossido di Carbonio,2011-09,0.33,719
10300,Ospitaletto v. XXV aprile,Monossido di Carbonio,2011-10,0.54,743
10300,Ospitaletto v. XXV aprile,Monossido di Carbonio,2011-11,1.27,698
10300,Ospitaletto v. XXV aprile,Monossido di Carbonio,2011-12,1.26,741
10300,Ospitaletto v. XXV aprile,Monossido di Carbonio,2012-01,1.38,691
10300,Ospitaletto v. XXV aprile,Monossido di Carbonio,2012-02,0.95,628
10300,Ospitaletto v. XXV aprile,Monossido di Carbonio,2012-03,0.55,724
10300,Ospitaletto v. XXV aprile,Monossido di Carbonio,2012-04,0.44,699
10300,Ospitaletto v. XXV aprile,Monossido di Carbonio,2012-05,0.37,738
10300,Ospitaletto v. XXV aprile,Monossido di Carbonio,2012-06,0.41,720
10300,Ospitaletto v. XXV aprile,Monossido di Carbonio,2012-07,0.53,704
10300,Ospitaletto v. XXV aprile,Monossido di Carbonio,2012-08,0.40,743
10300,Ospitaletto v. XXV aprile,Monossido di Carbonio,2012-09,0.30,718
10300,Ospitaletto v. XXV aprile,Monossido di Carbonio,2012-10,0.61,743
10300,Ospitaletto v. XXV aprile,Monossido di Carbonio,2012-11,0.74,720
10300,Ospitaletto v. XXV aprile,Monossido di Carbonio,2012-12,1.13,743
10300,Ospitaletto v. XXV aprile,Monossido di Carbonio,2013-01,1.06,743
10300,Ospitaletto v. XXV aprile,Monossido di Carbonio,2013-02,0.82,669
10300,Ospitaletto v. XXV aprile,Monossido di Carbonio,2013-03,0.70,737
10300,Ospitaletto v. XXV aprile,Monossido di Carbonio,2013-04,0.48,707
10300,Ospitaletto v. XXV aprile,Monossido di Carbonio,2013-05,0.31,603
10300,Ospitaletto v. XXV aprile,Monossido di Carbonio,2013-06,0.38,718
10300,Ospitaletto v. XXV aprile,Monossido di Carbonio,2013-07,0.33,717
10300,Ospitaletto v. XXV aprile,Monossido di Carbonio,2013-08,0.27,702
10300,Ospitaletto v. XXV aprile,Monossido di Carbonio,2013-09,0.30,703
10300,Ospitaletto v. XXV aprile,Monossido di Carbonio,2013-10,0.72,738
10300,Ospitaletto v. XXV aprile,Monossido di Carbonio,2013-11,0.69,719
10300,Ospitaletto v. XXV aprile,Monossido di Carbonio,2013-12,1.34,743
10300,Ospitaletto v. XXV aprile,Monossido di Carbonio,2014-01,1.00,744
10300,Ospitaletto v. XXV aprile,Monossido di Carbonio,2014-02,0.70,670
10300,Ospitaletto v. XXV aprile,Monossido di Carbonio,2014-03,0.65,743
10300,Ospitaletto v. XXV aprile,Monossido di Carbonio,2014-04,0.47,718
10300,Ospitaletto v. XXV aprile,Monossido di Carbonio,2014-05,0.46,743
10300,Ospitaletto v. XXV aprile,Monossido di Carbonio,2014-06,0.27,686
10300,Ospitaletto v. XXV aprile,Monossido di Carbonio,2014-07,0.37,741
10300,Ospitaletto v. XXV aprile,Monossido di Carbonio,2014-08,0.28,385
10300,Ospitaletto v. XXV aprile,Monossido di Carbonio,2014-09,0.35,719
10300,Ospitaletto v. XXV aprile,Monossido di Carbonio,2014-10,0.40,742
10300,Ospitaletto v. XXV aprile,Monossido di Carbonio,2014-11,0.83,720
10300,Ospitaletto v. XXV aprile,Monossido di Carbonio,2014-12,0.99,744
10300,Ospitaletto v. XXV aprile,Monossido di Carbonio,2015-01,1.09,743
10300,Ospitaletto v. XXV aprile,Monossido di Carbonio,2015-02,1.26,671
10300,Ospitaletto v. XXV aprile,Monossido di Carbonio,2015-03,0.79,743
10300,Ospitaletto v. XXV aprile,Monossido di Carbonio,2015-04,0.58,720
10300,Ospitaletto v. XXV aprile,Monossido di Carbonio,2015-05,0.28,743
10300,Ospitaletto v. XXV aprile,Monossido di Carbonio,2015-06,0.26,653
10300,Ospitaletto v. XXV aprile,Monossido di Carbonio,2015-07,0.37,647
10300,Ospitaletto v. XXV aprile,Monossido di Carbonio,2015-08,0.18,692
10300,Ospitaletto v. XXV aprile,Monossido di Carbonio,2015-09,0.24,666
10300,Ospitaletto v. XXV aprile,Monossido di Carbonio,2015-10,0.53,653
10300,Ospitaletto v. XXV aprile,Monossido di Carbonio,2015-11,0.80,697
10300,Ospitaletto v. XXV aprile,Monossido di Carbonio,2015-12,1.14,731
10300,Ospitaletto v. XXV aprile,Monossido di Carbonio,2016-01,0.86,701
10300,Ospitaletto v. XXV aprile,Monossido di Carbonio,2016-02,0.48,625
10300,Ospitaletto v. XXV aprile,Monossido di Carbonio,2016-03,0.56,719
10300,Ospitaletto v. XXV aprile,Monossido di Carbonio,2016-04,0.32,719
10300,Ospitaletto v. XXV aprile,Monossido di Carbonio,2016-05,0.48,743
10300,Ospitaletto v. XXV aprile,Monossido di Carbonio,2016-06,0.22,592
10300,Ospitaletto v. XXV aprile,Monossido di Carbonio,2016-07,0.42,740
10300,Ospitaletto v. XXV aprile,Monossido di Carbonio,2016-08,0.23,743
10300,Ospitaletto v. XXV aprile,Monossido di Carbonio,2016-09,0.32,718
10300,Ospitaletto v. XXV aprile,Monossido di Carbonio,2016-10,0.54,742
10300,Ospitaletto v. XXV aprile,Monossido di Carbonio,2016-11,0.61,704
10300,Ospitaletto v. XXV aprile,Monossido di Carbonio,2016-12,1.13,743
10300,Ospitaletto v. XXV aprile,Monossido di Carbonio,2017-01,1.40,1
10450,Darfo Boario Terme v. De Amicis,Particelle sospese PM2.5,2008-12,54.14,7
10450,Darfo Boario Terme v. De Amicis,Particelle sospese PM2.5,2009-01,52.67,30
10450,Darfo Boario Terme v. De Amicis,Particelle sospese PM2.5,2009-02,49.21,24
10450,Darfo Boario Terme v. De Amicis,Particelle sospese PM2.5,2009-03,39.93,29
10450,Darfo Boario Terme v. De Amicis,Particelle sospese PM2.5,2009-04,24.07,30
10450,Darfo Boario Terme v. De Amicis,Particelle sospese PM2.5,2009-05,24.57,28
10450,Darfo Boario Terme v. De Amicis,Particelle sospese PM2.5,2009-06,19.23,30
10450,Darfo Boario Terme v. De Amicis,Particelle sospese PM2.5,2009-07,22.00,27
10450,Darfo Boario Terme v. De Amicis,Particelle sospese PM2.5,2009-08,21.56,27
10450,Darfo Boario Terme v. De Amicis,Particelle sospese PM2.5,2009-09,24.93,30
10450,Darfo Boario Terme v. De Amicis,Particelle sospese PM2.5,2009-10,32.90,30
10450,Darfo Boario Terme v. De Amicis,Particelle sospese PM2.5,2009-11,43.40,25
10450,Darfo Boario Terme v. De Amicis,Particelle sospese PM2.5,2009-12,48.52,31
10450,Darfo Boario Terme v. De Amicis,Particelle sospese PM2.5,2010-01,64.59,29
10450,Darfo Boario Terme v. De Amicis,Particelle sospese PM2.5,2010-02,51.54,28
10450,Darfo Boario Terme v. De Amicis,Particelle sospese PM2.5,2010-03,41.55,29
10450,Darfo Boario Terme v. De Amicis,Particelle sospese PM2.5,2010-04,30.25,28
10450,Darfo Boario Terme v. De Amicis,Particelle sospese PM2.5,2010-05,19.67,30
10450,Darfo Boario Terme v. De Amicis,Particelle sospese PM2.5,2010-06,18.77,30
10450,Darfo Boario Terme v. De Amicis,Particelle sospese PM2.5,2010-07,18.93,30
10450,Darfo Boario Terme v. De Amicis,Particelle sospese PM2.5,2010-08,14.07,30
10450,Darfo Boario Terme v. De Amicis,Particelle sospese PM2.5,2010-09,14.70,30
10450,Darfo Boario Terme v. De Amicis,Particelle sospese PM2.5,2010-10,29.87,30
10450,Darfo Boario Terme v. De Amicis,Particelle sospese PM2.5,2010-11,33.68,28
10450,Darfo Boario Terme v. De Amicis,Particelle sospese PM2.5,2010-12,48.26,31
10450,Darfo Boario Terme v. De Amicis,Particelle sospese PM2.5,2011-01,64.77,31
10450,Darfo Boario Terme v. De Amicis,Particelle sospese PM2.5,2011-02,59.50,28
10450,Darfo Boario Terme v. De Amicis,Particelle sospese PM2.5,2011-03,44.39,31
10450,Darfo Boario Terme v. De Amicis,Particelle sospese PM2.5,2011-04,27.58,26
10450,Darfo Boario Terme v. De Amicis,Particelle sospese PM2.5,2011-05,16.20,30
10450,Darfo Boario Terme v. De Amicis,Particelle sospese PM2.5,2011-06,14.36,28
10450,Darfo Boario Terme v. De Amicis,Particelle sospese PM2.5,2011-07,12.48,29
10450,Darfo Boario Terme v. De Amicis,Particelle sospese PM2.5,2011-08,13.43,30
10450,Darfo Boario Terme v. De Amicis,Particelle sospese PM2.5,2011-09,17.38,29
10450,Darfo Boario Terme v. De Amicis,Particelle sospese PM2.5,2011-10,28.16,31
10450,Darfo Boario Terme v. De Amicis,Particelle sospese PM2.5,2011-11,41.43,30
10450,Darfo Boario Terme v. De Amicis,Particelle sospese PM2.5,2011-12,47.93,27
10450,Darfo Boario Terme v. De Amicis,Particelle sospese PM2.5,2012-01,50.61,31
10450,Darfo Boario Terme v. De Amicis,Particelle sospese PM2.5,2012-02,64.41,29
10450,Darfo Boario Terme v. De Amicis,Particelle sospese PM2.5,2012-03,43.54,28
10450,Darfo Boario Terme v. De Amicis,Particelle sospese PM2.5,2012-04,18.21,29
10450,Darfo Boario Terme v. De Amicis,Particelle sospese PM2.5,2012-05,18.19,31
10450,Darfo Boario Terme v. De Amicis,Particelle sospese PM2.5,2012-06,17.07,30
10450,Darfo Boario Terme v. De Amicis,Particelle sospese PM2.5,2012-07,17.06,31
10450,Darfo Boario Terme v. De Amicis,Particelle sospese PM2.5,2012-08,11.77,22
10450,Darfo Boario Terme v. De Amicis,Particelle sospese PM2.5,2012-09,11.27,30
10450,Darfo Boario Terme v. De Amicis,Particelle sospese PM2.5,2012-10,18.60,30
10450,Darfo Boario Terme v. De Amicis,Particelle sospese PM2.5,2012-11,34.16,25
10450,Darfo Boario Terme v. De Amicis,Particelle sospese PM2.5,2012-12,46.87,30
10450,Darfo Boario Terme v. De Amicis,Particelle sospese PM2.5,2013-01,49.86,28
10450,Darfo Boario Terme v. De Amicis,Particelle sospese PM2.5,2013-02,38.84,19
10450,Darfo Boario Terme v. De Amicis,Particelle sospese PM2.5,2013-03,33.96,27
10450,Darfo Boario Terme v. De Amicis,Particelle sospese PM2.5,2013-04,27.79,24
10450,Darfo Boario Terme v. De Amicis,Particelle sospese PM2.5,2013-05,14.55,22
10450,Darfo Boario Terme v. De Amicis,Particelle sospese PM2.5,2013-06,14.64,22
10450,Darfo Boario Terme v. De Amicis,Particelle sospese PM2.5,2013-07,18.79,28
10450,Darfo Boario Terme v. De Amicis,Particelle sospese PM2.5,2013-08,12.75,28
10450,Darfo Boario Terme v. De Amicis,Particelle sospese PM2.5,2013-09,14.27,30
10450,Darfo Boario Terme v. De Amicis,Particelle sospese PM2.5,2013-10,23.29,24
10450,Darfo Boario Terme v. De Amicis,Particelle sospese PM2.5,2013-11,27.47,30
10450,Darfo Boario Terme v. De Amicis,Particelle sospese PM2.5,2013-12,48.07,29
10450,Darfo Boario Terme v. De Amicis,Particelle sospese PM2.5,2014-01,38.58,31
10450,Darfo Boario Terme v. De Amicis,Particelle sospese PM2.5,2014-02,28.18,28
10450,Darfo Boario Terme v. De Amicis,Particelle sospese PM2.5,2014-03,34.52,31
10450,Darfo Boario Terme v. De Amicis,Particelle sospese PM2.5,2014-04,18.33,30
10450,Darfo Boario Terme v. De Amicis,Particelle sospese PM2.5,2014-05,12.39,31
10450,Darfo Boario Terme v. De Amicis,Particelle sospese PM2.5,2014-06,13.04,23
10450,Darfo Boario Terme v. De Amicis,Particelle sospese PM2.5,2014-07,8.37,27
10450,Darfo Boario Terme v. De Amicis,Particelle sospese PM2.5,2014-08,8.22,27
10450,Darfo Boario Terme v. De Amicis,Particelle sospese PM2.5,2014-09,13.62,29
10450,Darfo Boario Terme v. De Amicis,Particelle sospese PM2.5,2014-10,17.90,31
10450,Darfo Boario Terme v. De Amicis,Particelle sospese PM2.5,2014-11,24.61,28
10450,Darfo Boario Terme v. De Amicis,Particelle sospese PM2.5,2014-12,39.94,31
10450,Darfo Boario Terme v. De Amicis,Particelle sospese PM2.5,2015-01,43.26,31
10450,Darfo Boario Terme v. De Amicis,Particelle sospese PM2.5,2015-02,43.79,28
10450,Darfo Boario Terme v. De Amicis,Particelle sospese PM2.5,2015-03,39.84,31
10450,Darfo Boario Terme v. De Amicis,Particelle sospese PM2.5,2015-04,20.43,28
10450,Darfo Boario Terme v. De Amicis,Particelle sospese PM2.5,2015-05,15.10,29
10450,Darfo Boario Terme v. De Amicis,Particelle sospese PM2.5,2015-06,13.75,28
10450,Darfo Boario Terme v. De Amicis,Particelle sospese PM2.5,2015-07,15.21,24
10450,Darfo Boario Terme v. De Amicis,Particelle sospese PM2.5,2015-08,12.93,29
10450,Darfo Boario Terme v. De Amicis,Particelle sospese PM2.5,2015-09,10.29,28
10450,Darfo Boario Terme v. De Amicis,Particelle sospese PM2.5,2015-10,18.81,31
10450,Darfo Boario Terme v. De Amicis,Particelle sospese PM2.5,2015-11,34.30,30
10450,Darfo Boario Terme v. De Amicis,Particelle sospese PM2.5,2015-12,49.45,29
10450,Darfo Boario Terme v. De Amicis,Particelle sospese PM2.5,2016-01,46.35,23
10450,Darfo Boario Terme v. De Amicis,Particelle sospese PM2.5,2016-02,32.45,29
10450,Darfo Boario Terme v. De Amicis,Particelle sospese PM2.5,2016-03,27.42,31
10450,Darfo Boario Terme v. De Amicis,Particelle sospese PM2.5,2016-04,19.06,18
10450,Darfo Boario Terme v. De Amicis,Particelle sospese PM2.5,2016-05,13.71,7
10450,Darfo Boario Terme v. De Amicis,Particelle sospese PM2.5,2016-06,10.26,19
10450,Darfo Boario Terme v. De Amicis,Particelle sospese PM2.5,2016-07,12.59,27
10450,Darfo Boario Terme v. De Amicis,Particelle sospese PM2.5,2016-08,10.32,25
10450,Darfo Boario Terme v. De Amicis,Particelle sospese PM2.5,2016-09,13.69,29
10450,Darfo Boario Terme v. De Amicis,Particelle sospese PM2.5,2016-10,14.39,31
10450,Darfo Boario Terme v. De Amicis,Particelle sospese PM2.5,2016-11,32.03,30
10450,Darfo Boario Terme v. De Amicis,Particelle sospese PM2.5,2016-12,44.26,31
10450,Darfo Boario Terme v. De Amicis,Particelle sospese PM2.5,2017-01,45.68,31
10450,Darfo Boario Terme v. De Amicis,Particelle sospese PM2.5,2017-02,50.87,23
10450,Darfo Boario Terme v. De Amicis,Particelle sospese PM2.5,2017-03,25.54,24
10450,Darfo Boario Terme v. De Amicis,Particelle sospese PM2.5,2017-04,19.83,18
10450,Darfo Boario Terme v. De Amicis,Particelle sospese PM2.5,2017-05,12.45,31
10450,Darfo Boario Terme v. De Amicis,Particelle sospese PM2.5,2017-06,13.85,26
10450,Darfo Boario Terme v. De Amicis,Particelle sospese PM2.5,2017-07,11.67,24
10450,Darfo Boario Terme v. De Amicis,Particelle sospese PM2.5,2017-08,10.55,20
10450,Darfo Boario Terme v. De Amicis,Particelle sospese PM2.5,2017-09,15.32,19
10450,Darfo Boario Terme v. De Amicis,Particelle sospese PM2.5,2017-10,28.84,31
10450,Darfo Boario Terme v. De Amicis,Particelle sospese PM2.5,2017-11,32.20,30
10450,Darfo Boario Terme v. De Amicis,Particelle sospese PM2.5,2017-12,40.60,30
10450,Darfo Boario Terme v. De Amicis,Particelle sospese PM2.5,2018-01,40.63,30
10450,Darfo Boario Terme v. De Amicis,Particelle sospese PM2.5,2018-02,39.81,27
10450,Darfo Boario Terme v. De Amicis,Particelle sospese PM2.5,2018-03,35.90,30
10450,Darfo Boario Terme v. De Amicis,Particelle sospese PM2.5,2018-04,19.97,29
10450,Darfo Boario Terme v. De Amicis,Particelle sospese PM2.5,2018-05,11.05,22
10450,Darfo Boario Terme v. De Amicis,Particelle sospese PM2.5,2018-06,11.61,28
10450,Darfo Boario Terme v. De Amicis,Particelle sospese PM2.5,2018-07,13.07,14
10450,Darfo Boario Terme v. De Amicis,Particelle sospese PM2.5,2018-08,8.44,27
10450,Darfo Boario Terme v. De Amicis,Particelle sospese PM2.5,2018-09,13.47,30
10450,Darfo Boario Terme v. De Amicis,Particelle sospese PM2.5,2018-10,19.52,31
10450,Darfo Boario Terme v. De Amicis,Particelle sospese PM2.5,2018-11,24.14,29
10450,Darfo Boario Terme v. De Amicis,Particelle sospese PM2.5,2018-12,40.42,26
10450,Darfo Boario Terme v. De Amicis,Particelle sospese PM2.5,2019-01,39.77,22
10450,Darfo Boario Terme v. De Amicis,Particelle sospese PM2.5,2019-02,38.93,28
10450,Darfo Boario Terme v. De Amicis,Particelle sospese PM2.5,2019-03,27.65,31
10450,Darfo Boario Terme v. De Amicis,Particelle sospese PM2.5,2019-04,20.46,28
10450,Darfo Boario Terme v. De Amicis,Particelle sospese PM2.5,2019-05,15.22,27
10450,Darfo Boario Terme v. De Amicis,Particelle sospese PM2.5,2019-06,18.12,25
10450,Darfo Boario Terme v. De Amicis,Particelle sospese PM2.5,2019-07,15.07,28
10450,Darfo Boario Terme v. De Amicis,Particelle sospese PM2.5,2019-08,11.76,25
10450,Darfo Boario Terme v. De Amicis,Particelle sospese PM2.5,2019-09,13.63,27
10450,Darfo Boario Terme v. De Amicis,Particelle sospese PM2.5,2019-10,17.71,31
10450,Darfo Boario Terme v. De Amicis,Particelle sospese PM2.5,2019-11,21.20,30
10450,Darfo Boario Terme v. De Amicis,Particelle sospese PM2.5,2019-12,35.76,29
10450,Darfo Boario Terme v. De Amicis,Particelle sospese PM2.5,2020-01,40.23,31
10450,Darfo Boario Terme v. De Amicis,Particelle sospese PM2.5,2020-02,33.42,24
10450,Darfo Boario Terme v. De Amicis,Particelle sospese PM2.5,2020-03,26.48,29
10450,Darfo Boario Terme v. De Amicis,Particelle sospese PM2.5,2020-04,21.90,30
10450,Darfo Boario Terme v. De Amicis,Particelle sospese PM2.5,2020-05,12.29,31
10450,Darfo Boario Terme v. De Amicis,Particelle sospese PM2.5,2020-06,7.63,30
10450,Darfo Boario Terme v. De Amicis,Particelle sospese PM2.5,2020-07,10.84,25
10450,Darfo Boario Terme v. De Amicis,Particelle sospese PM2.5,2020-08,8.06,17
10450,Darfo Boario Terme v. De Amicis,Particelle sospese PM2.5,2020-09,11.75,28
10450,Darfo Boario Terme v. De Amicis,Particelle sospese PM2.5,2020-10,16.69,29
10450,Darfo Boario Terme v. De Amicis,Particelle sospese PM2.5,2020-11,37.00,20
10450,Darfo Boario Terme v. De Amicis,Particelle sospese PM2.5,2020-12,34.18,28
10450,Darfo Boario Terme v. De Amicis,Particelle sospese PM2.5,2021-01,38.84,31
10450,Darfo Boario Terme v. De Amicis,Particelle sospese PM2.5,2021-02,38.42,24
10450,Darfo Boario Terme v. De Amicis,Particelle sospese PM2.5,2021-03,27.33,30
10450,Darfo Boario Terme v. De Amicis,Particelle sospese PM2.5,2021-04,18.10,30
10450,Darfo Boario Terme v. De Amicis,Particelle sospese PM2.5,2021-05,8.43,23
10450,Darfo Boario Terme v. De Amicis,Particelle sospese PM2.5,2021-06,13.73,26
10450,Darfo Boario Terme v. De Amicis,Particelle sospese PM2.5,2021-07,11.93,29
10450,Darfo Boario Terme v. De Amicis,Particelle sospese PM2.5,2021-08,10.14,29
10450,Darfo Boario Terme v. De Amicis,Particelle sospese PM2.5,2021-09,12.60,30
10450,Darfo Boario Terme v. De Amicis,Particelle sospese PM2.5,2021-10,14.76,21
10450,Darfo Boario Terme v. De Amicis,Particelle sospese PM2.5,2021-11,13.55,29
10450,Darfo Boario Terme v. De Amicis,Particelle sospese PM2.5,2021-12,40.62,26
10450,Darfo Boario Terme v. De Amicis,Particelle sospese PM2.5,2022-01,41.87,31
10450,Darfo Boario Terme v. De Amicis,Particelle sospese PM2.5,2022-02,28.79,28
10450,Darfo Boario Terme v. De Amicis,Particelle sospese PM2.5,2022-03,39.96,27
10450,Darfo Boario Terme v. De Amicis,Particelle sospese PM2.5,2022-04,19.58,24
10450,Darfo Boario Terme v. De Amicis,Particelle sospese PM2.5,2022-05,15.32,31
10450,Darfo Boario Terme v. De Amicis,Particelle sospese PM2.5,2022-06,15.17,30
10450,Darfo Boario Terme v. De Amicis,Particelle sospese PM2.5,2022-07,13.50,30
10450,Darfo Boario Terme v. De Amicis,Particelle sospese PM2.5,2022-08,8.93,30
10450,Darfo Boario Terme v. De Amicis,Particelle sospese PM2.5,2022-09,9.19,21
10450,Darfo Boario Terme v. De Amicis,Particelle sospese PM2.5,2022-10,20.11,18
10450,Darfo Boario Terme v. De Amicis,Particelle sospese PM2.5,2022-11,21.92,13
10450,Darfo Boario Terme v. De Amicis,Particelle sospese PM2.5,2022-12,35.26,31
10450,Darfo Boario Terme v. De Amicis,Particelle sospese PM2.5,2023-01,33.74,31
10450,Darfo Boario Terme v. De Amicis,Particelle sospese PM2.5,2023-02,36.70,27
10450,Darfo Boario Terme v. De Amicis,Particelle sospese PM2.5,2023-03,23.00,30
10450,Darfo Boario Terme v. De Amicis,Particelle sospese PM2.5,2023-04,13.63,30
10450,Darfo Boario Terme v. De Amicis,Particelle sospese PM2.5,2023-05,10.30,30
10450,Darfo Boario Terme v. De Amicis,Particelle sospese PM2.5,2023-06,11.33,30
10450,Darfo Boario Terme v. De Amicis,Particelle sospese PM2.5,2023-07,10.73,11
10501,Darfo Boario Terme v. De Amicis,PM10 (SM2005),2008-12,60.00,7
10501,Darfo Boario Terme v. De Amicis,PM10 (SM2005),2009-01,60.50,30
10501,Darfo Boario Terme v. De Amicis,PM10 (SM2005),2009-02,55.42,24
10501,Darfo Boario Terme v. De Amicis,PM10 (SM2005),2009-03,44.86,29
10501,Darfo Boario Terme v. De Amicis,PM10 (SM2005),2009-04,28.43,30
10501,Darfo Boario Terme v. De Amicis,PM10 (SM2005),2009-05,31.52,29
10501,Darfo Boario Terme v. De Amicis,PM10 (SM2005),2009-06,24.40,30
10501,Darfo Boario Terme v. De Amicis,PM10 (SM2005),2009-07,27.85,27
10501,Darfo Boario Terme v. De Amicis,PM10 (SM2005),2009-08,26.18,28
10501,Darfo Boario Terme v. De Amicis,PM10 (SM2005),2009-09,29.83,30
10501,Darfo Boario Terme v. De Amicis,PM10 (SM2005),2009-10,38.43,30
10501,Darfo Boario Terme v. De Amicis,PM10 (SM2005),2009-11,51.84,25
10501,Darfo Boario Terme v. De Amicis,PM10 (SM2005),2009-12,53.65,31
10501,Darfo Boario Terme v. De Amicis,PM10 (SM2005),2010-01,74.11,28
10501,Darfo Boario Terme v. De Amicis,PM10 (SM2005),2010-02,60.04,27
10501,Darfo Boario Terme v. De Amicis,PM10 (SM2005),2010-03,48.55,29
10501,Darfo Boario Terme v. De Amicis,PM10 (SM2005),2010-04,35.00,28
10501,Darfo Boario Terme v. De Amicis,PM10 (SM2005),2010-05,25.57,30
10501,Darfo Boario Terme v. De Amicis,PM10 (SM2005),2010-06,25.20,30
10501,Darfo Boario Terme v. De Amicis,PM10 (SM2005),2010-07,25.97,30
10501,Darfo Boario Terme v. De Amicis,PM10 (SM2005),2010-08,20.23,30
10501,Darfo Boario Terme v. De Amicis,PM10 (SM2005),2010-09,19.93,30
10501,Darfo Boario Terme v. De Amicis,PM10 (SM2005),2010-10,38.48,29
10501,Darfo Boario Terme v. De Amicis,PM10 (SM2005),2010-11,40.50,28
10501,Darfo Boario Terme v. De Amicis,PM10 (SM2005),2010-12,54.13,31
10501,Darfo Boario Terme v. De Amicis,PM10 (SM2005),2011-01,75.06,31
10501,Darfo Boario Terme v. De Amicis,PM10 (SM2005),2011-02,73.36,28
10501,Darfo Boario Terme v. De Amicis,PM10 (SM2005),2011-03,53.94,31
10501,Darfo Boario Terme v. De Amicis,PM10 (SM2005),2011-04,35.07,29
10501,Darfo Boario Terme v. De Amicis,PM10 (SM2005),2011-05,22.57,30
10501,Darfo Boario Terme v. De Amicis,PM10 (SM2005),2011-06,19.20,30
10501,Darfo Boario Terme v. De Amicis,PM10 (SM2005),2011-07,17.17,29
10501,Darfo Boario Terme v. De Amicis,PM10 (SM2005),2011-08,19.38,29
10501,Darfo Boario Terme v. De Amicis,PM10 (SM2005),2011-09,25.86,29
10501,Darfo Boario Terme v. De Amicis,PM10 (SM2005),2011-10,35.58,31
10501,Darfo Boario Terme v. De Amicis,PM10 (SM2005),2011-11,48.60,30
10501,Darfo Boario Terme v. De Amicis,PM10 (SM2005),2011-12,54.72,29
10501,Darfo Boario Terme v. De Amicis,PM10 (SM2005),2012-01,59.68,31
10501,Darfo Boario Terme v. De Amicis,PM10 (SM2005),2012-02,80.24,29
10501,Darfo Boario Terme v. De Amicis,PM10 (SM2005),2012-03,54.57,28
10501,Darfo Boario Terme v. De Amicis,PM10 (SM2005),2012-04,24.28,29
10501,Darfo Boario Terme v. De Amicis,PM10 (SM2005),2012-05,23.32,31
10501,Darfo Boario Terme v. De Amicis,PM10 (SM2005),2012-06,24.50,30
10501,Darfo Boario Terme v. De Amicis,PM10 (SM2005),2012-07,24.06,31
10501,Darfo Boario Terme v. De Amicis,PM10 (SM2005),2012-08,15.74,23
10501,Darfo Boario Terme v. De Amicis,PM10 (SM2005),2012-09,16.90,30
10501,Darfo Boario Terme v. De Amicis,PM10 (SM2005),2012-10,27.58,31
10501,Darfo Boario Terme v. De Amicis,PM10 (SM2005),2012-11,42.08,25
10501,Darfo Boario Terme v. De Amicis,PM10 (SM2005),2012-12,53.93,30
10501,Darfo Boario Terme v. De Amicis,PM10 (SM2005),2013-01,61.13,30
10501,Darfo Boario Terme v. De Amicis,PM10 (SM2005),2013-02,47.08,24
10501,Darfo Boario Terme v. De Amicis,PM10 (SM2005),2013-03,43.10,30
10501,Darfo Boario Terme v. De Amicis,PM10 (SM2005),2013-04,37.12,24
10501,Darfo Boario Terme v. De Amicis,PM10 (SM2005),2013-05,20.90,20
10501,Darfo Boario Terme v. De Amicis,PM10 (SM2005),2013-06,20.67,21
10501,Darfo Boario Terme v. De Amicis,PM10 (SM2005),2013-07,25.07,27
10501,Darfo Boario Terme v. De Amicis,PM10 (SM2005),2013-08,17.81,27
10501,Darfo Boario Terme v. De Amicis,PM10 (SM2005),2013-09,21.60,30
10501,Darfo Boario Terme v. De Amicis,PM10 (SM2005),2013-10,30.57,21
10501,Darfo Boario Terme v. De Amicis,PM10 (SM2005),2013-11,33.47,30
10501,Darfo Boario Terme v. De Amicis,PM10 (SM2005),2013-12,57.21,29
10501,Darfo Boario Terme v. De Amicis,PM10 (SM2005),2014-01,48.03,31
10501,Darfo Boario Terme v. De Amicis,PM10 (SM2005),2014-02,36.32,28
10501,Darfo Boario Terme v. De Amicis,PM10 (SM2005),2014-03,46.48,31
10501,Darfo Boario Terme v. De Amicis,PM10 (SM2005),2014-04,29.87,30
10501,Darfo Boario Terme v. De Amicis,PM10 (SM2005),2014-05,21.35,31
10501,Darfo Boario Terme v. De Amicis,PM10 (SM2005),2014-06,21.52,23
10501,Darfo Boario Terme v. De Amicis,PM10 (SM2005),2014-07,15.82,28
10501,Darfo Boario Terme v. De Amicis,PM10 (SM2005),2014-08,14.27,26
10501,Darfo Boario Terme v. De Amicis,PM10 (SM2005),2014-09,22.00,30
10501,Darfo Boario Terme v. De Amicis,PM10 (SM2005),2014-10,28.10,31
10501,Darfo Boario Terme v. De Amicis,PM10 (SM2005),2014-11,37.29,28
10501,Darfo Boario Terme v. De Amicis,PM10 (SM2005),2014-12,49.06,31
10501,Darfo Boario Terme v. De Amicis,PM10 (SM2005),2015-01,51.00,31
10501,Darfo Boario Terme v. De Amicis,PM10 (SM2005),2015-02,51.00,28
10501,Darfo Boario Terme v. De Amicis,PM10 (SM2005),2015-03,49.68,31
10501,Darfo Boario Terme v. De Amicis,PM10 (SM2005),2015-04,26.79,28
10501,Darfo Boario Terme v. De Amicis,PM10 (SM2005),2015-05,24.07,29
10501,Darfo Boario Terme v. De Amicis,PM10 (SM2005),2015-06,18.54,28
10501,Darfo Boario Terme v. De Amicis,PM10 (SM2005),2015-07,23.96,24
10501,Darfo Boario Terme v. De Amicis,PM10 (SM2005),2015-08,19.34,29
10501,Darfo Boario Terme v. De Amicis,PM10 (SM2005),2015-09,17.59,27
10501,Darfo Boario Terme v. De Amicis,PM10 (SM2005),2015-10,25.58,31
10501,Darfo Boario Terme v. De Amicis,PM10 (SM2005),2015-11,42.73,30
10501,Darfo Boario Terme v. De Amicis,PM10 (SM2005),2015-12,59.45,29
10501,Darfo Boario Terme v. De Amicis,PM10 (SM2005),2016-01,54.78,23
10501,Darfo Boario Terme v. De Amicis,PM10 (SM2005),2016-02,39.41,29
10501,Darfo Boario Terme v. De Amicis,PM10 (SM2005),2016-03,34.94,31
10501,Darfo Boario Terme v. De Amicis,PM10 (SM2005),2016-04,28.52,23
10501,Darfo Boario Terme v. De Amicis,PM10 (SM2005),2016-05,17.14,29
10501,Darfo Boario Terme v. De Amicis,PM10 (SM2005),2016-06,14.83,30
10501,Darfo Boario Terme v. De Amicis,PM10 (SM2005),2016-07,20.38,24
10501,Darfo Boario Terme v. De Amicis,PM10 (SM2005),2016-08,16.00,22
10501,Darfo Boario Terme v. De Amicis,PM10 (SM2005),2016-09,21.39,28
10501,Darfo Boario Terme v. De Amicis,PM10 (SM2005),2016-10,22.10,31
10501,Darfo Boario Terme v. De Amicis,PM10 (SM2005),2016-11,40.20,30
10501,Darfo Boario Terme v. De Amicis,PM10 (SM2005),2016-12,55.87,31
10501,Darfo Boario Terme v. De Amicis,PM10 (SM2005),2017-01,53.33,30
10501,Darfo Boario Terme v. De Amicis,PM10 (SM2005),2017-02,55.48,25
10501,Darfo Boario Terme v. De Amicis,PM10 (SM2005),2017-03,40.52,29
10501,Darfo Boario Terme v. De Amicis,PM10 (SM2005),2017-04,28.96,25
10501,Darfo Boario Terme v. De Amicis,PM10 (SM2005),2017-05,19.16,31
10501,Darfo Boario Terme v. De Amicis,PM10 (SM2005),2017-06,21.54,26
10501,Darfo Boario Terme v. De Amicis,PM10 (SM2005),2017-07,17.92,25
10501,Darfo Boario Terme v. De Amicis,PM10 (SM2005),2017-08,18.55,20
10501,Darfo Boario Terme v. De Amicis,PM10 (SM2005),2017-09,19.64,25
10501,Darfo Boario Terme v. De Amicis,PM10 (SM2005),2017-10,38.26,31
10501,Darfo Boario Terme v. De Amicis,PM10 (SM2005),2017-11,37.70,30
10501,Darfo Boario Terme v. De Amicis,PM10 (SM2005),2017-12,46.83,30
10501,Darfo Boario Terme v. De Amicis,PM10 (SM2005),2018-01,48.23,30
10501,Darfo Boario Terme v. De Amicis,PM10 (SM2005),2018-02,46.60,25
10501,Darfo Boario Terme v. De Amicis,PM10 (SM2005),2018-03,40.38,29
10501,Darfo Boario Terme v. De Amicis,PM10 (SM2005),2018-04,27.07,28
10501,Darfo Boario Terme v. De Amicis,PM10 (SM2005),2018-05,16.55,22
10501,Darfo Boario Terme v. De Amicis,PM10 (SM2005),2018-06,16.52,29
10501,Darfo Boario Terme v. De Amicis,PM10 (SM2005),2018-07,19.14,14
10501,Darfo Boario Terme v. De Amicis,PM10 (SM2005),2018-08,12.25,28
10501,Darfo Boario Terme v. De Amicis,PM10 (SM2005),2018-09,19.60,30
10501,Darfo Boario Terme v. De Amicis,PM10 (SM2005),2018-10,29.35,31
10501,Darfo Boario Terme v. De Amicis,PM10 (SM2005),2018-11,32.79,29
10501,Darfo Boario Terme v. De Amicis,PM10 (SM2005),2018-12,47.50,26
10501,Darfo Boario Terme v. De Amicis,PM10 (SM2005),2019-01,50.27,22
10501,Darfo Boario Terme v. De Amicis,PM10 (SM2005),2019-02,49.25,28
10501,Darfo Boario Terme v. De Amicis,PM10 (SM2005),2019-03,34.19,31
10501,Darfo Boario Terme v. De Amicis,PM10 (SM2005),2019-04,26.04,27
10501,Darfo Boario Terme v. De Amicis,PM10 (SM2005),2019-05,19.78,27
10501,Darfo Boario Terme v. De Amicis,PM10 (SM2005),2019-06,27.84,25
10501,Darfo Boario Terme v. De Amicis,PM10 (SM2005),2019-07,21.96,28
10501,Darfo Boario Terme v. De Amicis,PM10 (SM2005),2019-08,18.48,25
10501,Darfo Boario Terme v. De Amicis,PM10 (SM2005),2019-09,21.33,27
10501,Darfo Boario Terme v. De Amicis,PM10 (SM2005),2019-10,26.19,31
10501,Darfo Boario Terme v. De Amicis,PM10 (SM2005),2019-11,26.43,30
10501,Darfo Boario Terme v. De Amicis,PM10 (SM2005),2019-12,41.38,29
10501,Darfo Boario Terme v. De Amicis,PM10 (SM2005),2020-01,50.23,31
10501,Darfo Boario Terme v. De Amicis,PM10 (SM2005),2020-02,41.58,24
10501,Darfo Boario Terme v. De Amicis,PM10 (SM2005),2020-03,32.94,31
10501,Darfo Boario Terme v. De Amicis,PM10 (SM2005),2020-04,27.40,30
10501,Darfo Boario Terme v. De Amicis,PM10 (SM2005),2020-05,19.13,31
10501,Darfo Boario Terme v. De Amicis,PM10 (SM2005),2020-06,13.03,30
10501,Darfo Boario Terme v. De Amicis,PM10 (SM2005),2020-07,16.00,25
10501,Darfo Boario Terme v. De Amicis,PM10 (SM2005),2020-08,13.18,17
10501,Darfo Boario Terme v. De Amicis,PM10 (SM2005),2020-09,19.78,27
10501,Darfo Boario Terme v. De Amicis,PM10 (SM2005),2020-10,22.52,29
10501,Darfo Boario Terme v. De Amicis,PM10 (SM2005),2020-11,47.05,20
10501,Darfo Boario Terme v. De Amicis,PM10 (SM2005),2020-12,39.79,29
10501,Darfo Boario Terme v. De Amicis,PM10 (SM2005),2021-01,47.10,31
10501,Darfo Boario Terme v. De Amicis,PM10 (SM2005),2021-02,54.21,24
10501,Darfo Boario Terme v. De Amicis,PM10 (SM2005),2021-03,38.20,30
10501,Darfo Boario Terme v. De Amicis,PM10 (SM2005),2021-04,25.70,30
10501,Darfo Boario Terme v. De Amicis,PM10 (SM2005),2021-05,13.74,23
10501,Darfo Boario Terme v. De Amicis,PM10 (SM2005),2021-06,23.12,24
10501,Darfo Boario Terme v. De Amicis,PM10 (SM2005),2021-07,18.59,29
10501,Darfo Boario Terme v. De Amicis,PM10 (SM2005),2021-08,16.31,29
10501,Darfo Boario Terme v. De Amicis,PM10 (SM2005),2021-09,19.47,30
10501,Darfo Boario Terme v. De Amicis,PM10 (SM2005),2021-10,20.48,21
10501,Darfo Boario Terme v. De Amicis,PM10 (SM2005),2021-11,26.52,29
10501,Darfo Boario Terme v. De Amicis,PM10 (SM2005),2021-12,47.58,26
10501,Darfo Boario Terme v. De Amicis,PM10 (SM2005),2022-01,52.65,31
10501,Darfo Boario Terme v. De Amicis,PM10 (SM2005),2022-02,38.29,28
10501,Darfo Boario Terme v. De Amicis,PM10 (SM2005),2022-03,51.30,27
10501,Darfo Boario Terme v. De Amicis,PM10 (SM2005),2022-04,25.40,25
10501,Darfo Boario Terme v. De Amicis,PM10 (SM2005),2022-05,23.32,31
10501,Darfo Boario Terme v. De Amicis,PM10 (SM2005),2022-06,23.50,30
10501,Darfo Boario Terme v. De Amicis,PM10 (SM2005),2022-07,20.40,30
10501,Darfo Boario Terme v. De Amicis,PM10 (SM2005),2022-08,14.81,31
10501,Darfo Boario Terme v. De Amicis,PM10 (SM2005),2022-09,16.48,21
10501,Darfo Boario Terme v. De Amicis,PM10 (SM2005),2022-10,30.00,18
10501,Darfo Boario Terme v. De Amicis,PM10 (SM2005),2022-11,29.62,13
10501,Darfo Boario Terme v. De Amicis,PM10 (SM2005),2022-12,44.16,31
10501,Darfo Boario Terme v. De Amicis,PM10 (SM2005),2023-01,44.71,31
10501,Darfo Boario Terme v. De Amicis,PM10 (SM2005),2023-02,52.15,27
10501,Darfo Boario Terme v. De Amicis,PM10 (SM2005),2023-03,33.77,30
10501,Darfo Boario Terme v. De Amicis,PM10 (SM2005),2023-04,21.17,30
10501,Darfo Boario Terme v. De Amicis,PM10 (SM2005),2023-05,16.61,31
10501,Darfo Boario Terme v. De Amicis,PM10 (SM2005),2023-06,19.37,30
10501,Darfo Boario Terme v. De Amicis,PM10 (SM2005),2023-07,18.45,11
12588,Brescia Villaggio Sereno,Nikel,2008-04,2.47,17
12588,Brescia Villaggio Sereno,Nikel,2008-05,2.10,16
12588,Brescia Villaggio Sereno,Nikel,2008-06,2.10,17
12588,Brescia Villaggio Sereno,Nikel,2008-07,2.10,15
12588,Brescia Villaggio Sereno,Nikel,2008-08,5.29,17
12588,Brescia Villaggio Sereno,Nikel,2008-09,2.10,19
12588,Brescia Villaggio Sereno,Nikel,2008-10,15.36,14
12588,Brescia Villaggio Sereno,Nikel,2008-11,21.39,16
12588,Brescia Villaggio Sereno,Nikel,2008-12,4.67,17
12588,Brescia Villaggio Sereno,Nikel,2009-01,1.00,17
12588,Brescia Villaggio Sereno,Nikel,2009-02,1.00,15
12588,Brescia Villaggio Sereno,Nikel,2009-03,1.00,17
12588,Brescia Villaggio Sereno,Nikel,2009-04,1.00,16
12588,Brescia Villaggio Sereno,Nikel,2009-05,1.98,16
12588,Brescia Villaggio Sereno,Nikel,2009-06,2.50,17
12588,Brescia Villaggio Sereno,Nikel,2009-07,2.50,18
12588,Brescia Villaggio Sereno,Nikel,2009-08,2.50,18
12588,Brescia Villaggio Sereno,Nikel,2009-09,2.50,17
12588,Brescia Villaggio Sereno,Nikel,2009-10,2.50,18
12588,Brescia Villaggio Sereno,Nikel,2009-11,2.50,16
12588,Brescia Villaggio Sereno,Nikel,2009-12,2.00,17
12588,Brescia Villaggio Sereno,Nikel,2010-01,2.00,17
12588,Brescia Villaggio Sereno,Nikel,2010-02,27.91,16
12588,Brescia Villaggio Sereno,Nikel,2010-03,32.52,17
12588,Brescia Villaggio Sereno,Nikel,2010-04,35.46,5
12588,Brescia Villaggio Sereno,Nikel,2010-05,8.35,5
12588,Brescia Villaggio Sereno,Nikel,2010-06,10.44,5
12588,Brescia Villaggio Sereno,Nikel,2010-07,20.03,5
12588,Brescia Villaggio Sereno,Nikel,2010-08,2.10,5
12588,Brescia Villaggio Sereno,Nikel,2010-09,2.10,5
12588,Brescia Villaggio Sereno,Nikel,2010-10,15.86,5
12588,Brescia Villaggio Sereno,Nikel,2010-11,2.10,5
12588,Brescia Villaggio Sereno,Nikel,2010-12,29.63,5
12588,Brescia Villaggio Sereno,Nikel,2011-01,27.97,5
12588,Brescia Villaggio Sereno,Nikel,2011-02,3.35,5
12588,Brescia Villaggio Sereno,Nikel,2011-03,9.60,5
12588,Brescia Villaggio Sereno,Nikel,2011-04,21.60,17
12588,Brescia Villaggio Sereno,Nikel,2011-05,30.69,17
12588,Brescia Villaggio Sereno,Nikel,2011-06,3.69,17
12588,Brescia Villaggio Sereno,Nikel,2011-07,21.73,17
12588,Brescia Villaggio Sereno,Nikel,2011-08,2.71,17
12588,Brescia Villaggio Sereno,Nikel,2011-09,2.10,14
12588,Brescia Villaggio Sereno,Nikel,2011-10,3.20,17
12588,Brescia Villaggio Sereno,Nikel,2011-11,2.10,17
12588,Brescia Villaggio Sereno,Nikel,2011-12,2.10,16
12588,Brescia Villaggio Sereno,Nikel,2012-01,2.10,17
12588,Brescia Villaggio Sereno,Nikel,2012-02,7.39,13
12588,Brescia Villaggio Sereno,Nikel,2012-03,5.49,16
12588,Brescia Villaggio Sereno,Nikel,2012-04,4.92,17
12588,Brescia Villaggio Sereno,Nikel,2012-05,2.52,15
12588,Brescia Villaggio Sereno,Nikel,2012-06,7.31,16
12588,Brescia Villaggio Sereno,Nikel,2012-07,3.63,15
12588,Brescia Villaggio Sereno,Nikel,2012-08,2.42,13
12588,Brescia Villaggio Sereno,Nikel,2012-09,3.21,15
12588,Brescia Villaggio Sereno,Nikel,2012-10,2.36,16
12588,Brescia Villaggio Sereno,Nikel,2012-11,3.21,17
12588,Brescia Villaggio Sereno,Nikel,2012-12,16.19,17
12588,Brescia Villaggio Sereno,Nikel,2013-01,6.15,14
12588,Brescia Villaggio Sereno,Nikel,2013-02,6.83,12
12588,Brescia Villaggio Sereno,Nikel,2013-03,5.04,5
12588,Brescia Villaggio Sereno,Nikel,2013-04,5.47,5
12588,Brescia Villaggio Sereno,Nikel,2013-05,5.25,6
12588,Brescia Villaggio Sereno,Nikel,2013-06,5.82,5
12588,Brescia Villaggio Sereno,Nikel,2013-07,9.45,8
12588,Brescia Villaggio Sereno,Nikel,2013-08,7.81,5
12588,Brescia Villaggio Sereno,Nikel,2013-09,8.40,5
12588,Brescia Villaggio Sereno,Nikel,2013-10,7.14,5
12588,Brescia Villaggio Sereno,Nikel,2013-11,4.62,5
12588,Brescia Villaggio Sereno,Nikel,2013-12,6.30,5
12588,Brescia Villaggio Sereno,Nikel,2014-01,10.50,5
12588,Brescia Villaggio Sereno,Nikel,2014-02,11.34,5
12588,Brescia Villaggio Sereno,Nikel,2014-03,13.44,5
12588,Brescia Villaggio Sereno,Nikel,2014-04,11.77,5
12588,Brescia Villaggio Sereno,Nikel,2014-05,11.42,5
12588,Brescia Villaggio Sereno,Nikel,2014-06,8.78,6
12588,Brescia Villaggio Sereno,Nikel,2014-07,5.04,5
12588,Brescia Villaggio Sereno,Nikel,2014-08,3.36,5
12588,Brescia Villaggio Sereno,Nikel,2014-09,4.62,5
12588,Brescia Villaggio Sereno,Nikel,2014-10,3.36,5
12588,Brescia Villaggio Sereno,Nikel,2014-11,2.10,5
12588,Brescia Villaggio Sereno,Nikel,2014-12,2.52,5
12588,Brescia Villaggio Sereno,Nikel,2015-01,11.35,5
12588,Brescia Villaggio Sereno,Nikel,2015-02,8.82,5
12588,Brescia Villaggio Sereno,Nikel,2015-03,4.20,5
12588,Brescia Villaggio Sereno,Nikel,2015-04,2.52,5
12588,Brescia Villaggio Sereno,Nikel,2015-05,2.52,5
12588,Brescia Villaggio Sereno,Nikel,2015-06,2.10,5
12588,Brescia Villaggio Sereno,Nikel,2015-07,10.50,5
12588,Brescia Villaggio Sereno,Nikel,2015-08,2.52,5
12588,Brescia Villaggio Sereno,Nikel,2015-09,2.52,5
12588,Brescia Villaggio Sereno,Nikel,2015-10,4.20,6
12588,Brescia Villaggio Sereno,Nikel,2015-11,7.98,5
12588,Brescia Villaggio Sereno,Nikel,2015-12,5.04,5
12588,Brescia Villaggio Sereno,Nikel,2016-01,6.05,5
12588,Brescia Villaggio Sereno,Nikel,2016-02,2.10,4
12588,Brescia Villaggio Sereno,Nikel,2016-03,2.94,5
12588,Brescia Villaggio Sereno,Nikel,2016-04,4.79,5
12588,Brescia Villaggio Sereno,Nikel,2016-05,5.11,4
12588,Brescia Villaggio Sereno,Nikel,2016-06,7.57,5
12588,Brescia Villaggio Sereno,Nikel,2016-07,3.78,5
12588,Brescia Villaggio Sereno,Nikel,2016-08,3.68,4
12588,Brescia Villaggio Sereno,Nikel,2016-09,2.52,5
12588,Brescia Villaggio Sereno,Nikel,2016-10,2.10,5
12588,Brescia Villaggio Sereno,Nikel,2016-11,4.64,5
12588,Brescia Villaggio Sereno,Nikel,2016-12,5.21,5
12588,Brescia Villaggio Sereno,Nikel,2017-01,5.46,5
12588,Brescia Villaggio Sereno,Nikel,2017-02,5.25,5
12588,Brescia Villaggio Sereno,Nikel,2017-03,8.40,5
12588,Brescia Villaggio Sereno,Nikel,2017-04,5.04,5
12588,Brescia Villaggio Sereno,Nikel,2017-05,2.10,5
12588,Brescia Villaggio Sereno,Nikel,2017-06,3.36,5
12588,Brescia Villaggio Sereno,Nikel,2017-07,3.50,6
12588,Brescia Villaggio Sereno,Nikel,2017-08,4.21,4
12588,Brescia Villaggio Sereno,Nikel,2017-09,4.62,5
12588,Brescia Villaggio Sereno,Nikel,2017-10,9.24,5
12588,Brescia Villaggio Sereno,Nikel,2017-11,7.14,5
12588,Brescia Villaggio Sereno,Nikel,2017-12,7.15,5
12588,Brescia Villaggio Sereno,Nikel,2018-01,2.94,5
12588,Brescia Villaggio Sereno,Nikel,2018-02,2.94,5
12588,Brescia Villaggio Sereno,Nikel,2018-03,5.04,5
12588,Brescia Villaggio Sereno,Nikel,2018-04,5.88,5
12588,Brescia Villaggio Sereno,Nikel,2018-05,5.46,5
12588,Brescia Villaggio Sereno,Nikel,2018-06,3.36,5
12588,Brescia Villaggio Sereno,Nikel,2018-07,2.52,5
12588,Brescia Villaggio Sereno,Nikel,2018-08,4.20,4
12588,Brescia Villaggio Sereno,Nikel,2018-09,7.15,5
12588,Brescia Villaggio Sereno,Nikel,2018-10,5.60,6
12588,Brescia Villaggio Sereno,Nikel,2018-11,6.93,4
12588,Brescia Villaggio Sereno,Nikel,2018-12,12.10,5
12588,Brescia Villaggio Sereno,Nikel,2019-01,7.56,5
12588,Brescia Villaggio Sereno,Nikel,2019-02,14.29,5
12588,Brescia Villaggio Sereno,Nikel,2019-03,4.21,5
12588,Brescia Villaggio Sereno,Nikel,2019-04,6.72,5
12588,Brescia Villaggio Sereno,Nikel,2019-05,4.20,5
12588,Brescia Villaggio Sereno,Nikel,2019-06,8.40,5
12588,Brescia Villaggio Sereno,Nikel,2019-07,7.56,5
12588,Brescia Villaggio Sereno,Nikel,2019-08,6.73,5
12588,Brescia Villaggio Sereno,Nikel,2019-09,5.04,5
12588,Brescia Villaggio Sereno,Nikel,2019-10,5.47,5
12588,Brescia Villaggio Sereno,Nikel,2019-11,5.04,5
12588,Brescia Villaggio Sereno,Nikel,2019-12,7.14,5
12588,Brescia Villaggio Sereno,Nikel,2020-01,4.55,6
12588,Brescia Villaggio Sereno,Nikel,2020-02,52.58,5
12588,Brescia Villaggio Sereno,Nikel,2020-03,2.94,5
12588,Brescia Villaggio Sereno,Nikel,2020-04,3.36,5
12588,Brescia Villaggio Sereno,Nikel,2020-05,14.71,6
12588,Brescia Villaggio Sereno,Nikel,2020-06,2.18,5
12588,Brescia Villaggio Sereno,Nikel,2020-07,2.10,5
12588,Brescia Villaggio Sereno,Nikel,2020-08,4.62,5
12588,Brescia Villaggio Sereno,Nikel,2020-09,2.52,5
12588,Brescia Villaggio Sereno,Nikel,2020-10,4.20,5
12588,Brescia Villaggio Sereno,Nikel,2020-11,7.15,5
12588,Brescia Villaggio Sereno,Nikel,2020-12,7.99,5
12588,Brescia Villaggio Sereno,Nikel,2021-01,6.73,5
12588,Brescia Villaggio Sereno,Nikel,2021-02,4.21,5
12588,Brescia Villaggio Sereno,Nikel,2021-03,3.78,5
12588,Brescia Villaggio Sereno,Nikel,2021-04,2.77,5
12588,Brescia Villaggio Sereno,Nikel,2021-05,2.10,5
12588,Brescia Villaggio Sereno,Nikel,2021-06,2.10,5
12588,Brescia Villaggio Sereno,Nikel,2021-07,2.59,6
12588,Brescia Villaggio Sereno,Nikel,2021-08,3.87,5
12588,Brescia Villaggio Sereno,Nikel,2021-09,2.11,5
12588,Brescia Villaggio Sereno,Nikel,2021-10,3.03,5
12588,Brescia Villaggio Sereno,Nikel,2021-11,2.60,5
12588,Brescia Villaggio Sereno,Nikel,2021-12,5.89,5
12588,Brescia Villaggio Sereno,Nikel,2022-01,2.78,5
12588,Brescia Villaggio Sereno,Nikel,2022-02,3.36,5
12588,Brescia Villaggio Sereno,Nikel,2022-03,3.53,5
12588,Brescia Villaggio Sereno,Nikel,2022-04,1.85,5
12588,Brescia Villaggio Sereno,Nikel,2022-05,1.60,5
12588,Brescia Villaggio Sereno,Nikel,2022-06,2.16,5
12588,Brescia Villaggio Sereno,Nikel,2022-07,1.42,5
12588,Brescia Villaggio Sereno,Nikel,2022-08,1.13,6
12588,Brescia Villaggio Sereno,Nikel,2022-09,1.27,5
12588,Brescia Villaggio Sereno,Nikel,2022-10,2.88,5
12588,Brescia Villaggio Sereno,Nikel,2022-11,2.85,5
12588,Brescia Villaggio Sereno,Nikel,2022-12,1.74,5
12588,Brescia Villaggio Sereno,Nikel,2023-01,6.98,5
12588,Brescia Villaggio Sereno,Nikel,2023-02,3.40,5
12588,Brescia Villaggio Sereno,Nikel,2023-03,1.82,5
12588,Brescia Villaggio Sereno,Nikel,2023-04,1.87,5
12588,Brescia Villaggio Sereno,Nikel,2023-05,1.33,5
12588,Brescia Villaggio Sereno,Nikel,2023-06,1.05,5
12588,Brescia Villaggio Sereno,Nikel,2023-07,1.73,6
12588,Brescia Villaggio Sereno,Nikel,2023-08,1.05,5
12588,Brescia Villaggio Sereno,Nikel,2023-09,1.32,5
12588,Brescia Villaggio Sereno,Nikel,2023-10,2.63,5
12588,Brescia Villaggio Sereno,Nikel,2023-11,3.86,5
12588,Brescia Villaggio Sereno,Nikel,2023-12,3.05,5
12588,Brescia Villaggio Sereno,Nikel,2024-01,2.29,5
12588,Brescia Villaggio Sereno,Nikel,2024-02,4.65,5
12588,Brescia Villaggio Sereno,Nikel,2024-03,2.00,5
12588,Brescia Villaggio Sereno,Nikel,2024-04,2.57,5
12588,Brescia Villaggio Sereno,Nikel,2024-05,0.99,6
12588,Brescia Villaggio Sereno,Nikel,2024-06,1.76,5
12588,Brescia Villaggio Sereno,Nikel,2024-07,2.70,5
12588,Brescia Villaggio Sereno,Nikel,2024-08,2.02,5
12588,Brescia Villaggio Sereno,Nikel,2024-09,1.43,5
12588,Brescia Villaggio Sereno,Nikel,2024-10,1.88,5
12588,Brescia Villaggio Sereno,Nikel,2024-11,4.83,5
12588,Brescia Villaggio Sereno,Nikel,2024-12,2.70,5
12588,Brescia Villaggio Sereno,Nikel,2025-01,2.59,5
12588,Brescia Villaggio Sereno,Nikel,2025-02,1.38,5
12588,Brescia Villaggio Sereno,Nikel,2025-03,2.19,5
12588,Brescia Villaggio Sereno,Nikel,2025-04,1.07,5
12588,Brescia Villaggio Sereno,Nikel,2025-05,0.85,5
12588,Brescia Villaggio Sereno,Nikel,2025-06,1.59,5
12588,Brescia Villaggio Sereno,Nikel,2025-07,1.05,6
12588,Brescia Villaggio Sereno,Nikel,2025-08,1.03,5
12588,Brescia Villaggio Sereno,Nikel,2025-09,1.23,5
12588,Brescia Villaggio Sereno,Nikel,2025-10,1.36,5
12588,Brescia Villaggio Sereno,Nikel,2025-11,1.58,5
12588,Brescia Villaggio Sereno,Nikel,2025-12,3.84,5
12589,Brescia Villaggio Sereno,Arsenico,2008-04,1.11,17
12589,Brescia Villaggio Sereno,Arsenico,2008-05,1.05,16
12589,Brescia Villaggio Sereno,Arsenico,2008-06,1.29,17
12589,Brescia Villaggio Sereno,Arsenico,2008-07,1.05,15
12589,Brescia Villaggio Sereno,Arsenico,2008-08,1.05,17
12589,Brescia Villaggio Sereno,Arsenico,2008-09,1.05,19
12589,Brescia Villaggio Sereno,Arsenico,2008-10,1.35,14
12589,Brescia Villaggio Sereno,Arsenico,2008-11,2.35,16
12589,Brescia Villaggio Sereno,Arsenico,2008-12,3.80,17
12589,Brescia Villaggio Sereno,Arsenico,2009-01,1.28,17
12589,Brescia Villaggio Sereno,Arsenico,2009-02,1.03,15
12589,Brescia Villaggio Sereno,Arsenico,2009-03,1.31,17
12589,Brescia Villaggio Sereno,Arsenico,2009-04,1.69,16
12589,Brescia Villaggio Sereno,Arsenico,2009-05,1.99,16
12589,Brescia Villaggio Sereno,Arsenico,2009-06,1.50,17
12589,Brescia Villaggio Sereno,Arsenico,2009-07,1.50,18
12589,Brescia Villaggio Sereno,Arsenico,2009-08,1.50,18
12589,Brescia Villaggio Sereno,Arsenico,2009-09,1.53,17
12589,Brescia Villaggio Sereno,Arsenico,2009-10,1.80,18
12589,Brescia Villaggio Sereno,Arsenico,2009-11,1.50,16
12589,Brescia Villaggio Sereno,Arsenico,2009-12,1.00,17
12589,Brescia Villaggio Sereno,Arsenico,2010-01,1.13,17
12589,Brescia Villaggio Sereno,Arsenico,2010-02,1.37,16
12589,Brescia Villaggio Sereno,Arsenico,2010-03,1.11,17
12589,Brescia Villaggio Sereno,Arsenico,2010-04,1.05,5
12589,Brescia Villaggio Sereno,Arsenico,2010-05,1.88,5
12589,Brescia Villaggio Sereno,Arsenico,2010-06,1.05,5
12589,Brescia Villaggio Sereno,Arsenico,2010-07,1.05,5
12589,Brescia Villaggio Sereno,Arsenico,2010-08,2.09,5
12589,Brescia Villaggio Sereno,Arsenico,2010-09,1.26,5
12589,Brescia Villaggio Sereno,Arsenico,2010-10,2.50,5
12589,Brescia Villaggio Sereno,Arsenico,2010-11,1.46,5
12589,Brescia Villaggio Sereno,Arsenico,2010-12,2.50,5
12589,Brescia Villaggio Sereno,Arsenico,2011-01,1.26,5
12589,Brescia Villaggio Sereno,Arsenico,2011-02,2.50,5
12589,Brescia Villaggio Sereno,Arsenico,2011-03,1.46,5
12589,Brescia Villaggio Sereno,Arsenico,2011-04,1.35,17
12589,Brescia Villaggio Sereno,Arsenico,2011-05,1.05,17
12589,Brescia Villaggio Sereno,Arsenico,2011-06,1.05,17
12589,Brescia Villaggio Sereno,Arsenico,2011-07,1.05,17
12589,Brescia Villaggio Sereno,Arsenico,2011-08,1.05,17
12589,Brescia Villaggio Sereno,Arsenico,2011-09,1.12,14
12589,Brescia Villaggio Sereno,Arsenico,2011-10,1.23,17
12589,Brescia Villaggio Sereno,Arsenico,2011-11,1.42,17
12589,Brescia Villaggio Sereno,Arsenico,2011-12,1.89,16
12589,Brescia Villaggio Sereno,Arsenico,2012-01,1.72,17
12589,Brescia Villaggio Sereno,Arsenico,2012-02,1.85,13
12589,Brescia Villaggio Sereno,Arsenico,2012-03,1.70,16
12589,Brescia Villaggio Sereno,Arsenico,2012-04,1.05,17
12589,Brescia Villaggio Sereno,Arsenico,2012-05,1.05,15
12589,Brescia Villaggio Sereno,Arsenico,2012-06,1.25,16
12589,Brescia Villaggio Sereno,Arsenico,2012-07,1.05,15
12589,Brescia Villaggio Sereno,Arsenico,2012-08,1.05,13
12589,Brescia Villaggio Sereno,Arsenico,2012-09,2.16,15
12589,Brescia Villaggio Sereno,Arsenico,2012-10,1.31,16
12589,Brescia Villaggio Sereno,Arsenico,2012-11,1.54,17
12589,Brescia Villaggio Sereno,Arsenico,2012-12,1.42,17
12589,Brescia Villaggio Sereno,Arsenico,2013-01,1.35,14
12589,Brescia Villaggio Sereno,Arsenico,2013-02,1.14,12
12589,Brescia Villaggio Sereno,Arsenico,2013-03,1.05,5
12589,Brescia Villaggio Sereno,Arsenico,2013-04,1.05,5
12589,Brescia Villaggio Sereno,Arsenico,2013-05,1.05,6
12589,Brescia Villaggio Sereno,Arsenico,2013-06,1.05,5
12589,Brescia Villaggio Sereno,Arsenico,2013-07,1.05,8
12589,Brescia Villaggio Sereno,Arsenico,2013-08,1.05,5
12589,Brescia Villaggio Sereno,Arsenico,2013-09,1.05,5
12589,Brescia Villaggio Sereno,Arsenico,2013-10,1.05,5
12589,Brescia Villaggio Sereno,Arsenico,2013-11,1.05,5
12589,Brescia Villaggio Sereno,Arsenico,2013-12,1.05,5
12589,Brescia Villaggio Sereno,Arsenico,2014-01,1.05,5
12589,Brescia Villaggio Sereno,Arsenico,2014-02,1.05,5
12589,Brescia Villaggio Sereno,Arsenico,2014-03,1.05,5
12589,Brescia Villaggio Sereno,Arsenico,2014-04,1.05,5
12589,Brescia Villaggio Sereno,Arsenico,2014-05,1.05,5
12589,Brescia Villaggio Sereno,Arsenico,2014-06,1.05,6
12589,Brescia Villaggio Sereno,Arsenico,2014-07,1.05,5
12589,Brescia Villaggio Sereno,Arsenico,2014-08,1.05,5
12589,Brescia Villaggio Sereno,Arsenico,2014-09,1.05,5
12589,Brescia Villaggio Sereno,Arsenico,2014-10,1.05,5
12589,Brescia Villaggio Sereno,Arsenico,2014-11,1.05,5
12589,Brescia Villaggio Sereno,Arsenico,2014-12,1.05,5
12589,Brescia Villaggio Sereno,Arsenico,2015-01,1.26,5
12589,Brescia Villaggio Sereno,Arsenico,2015-02,1.05,5
12589,Brescia Villaggio Sereno,Arsenico,2015-03,1.05,5
12589,Brescia Villaggio Sereno,Arsenico,2015-04,1.05,5
12589,Brescia Villaggio Sereno,Arsenico,2015-05,1.05,5
12589,Brescia Villaggio Sereno,Arsenico,2015-06,1.05,5
12589,Brescia Villaggio Sereno,Arsenico,2015-07,1.05,5
12589,Brescia Villaggio Sereno,Arsenico,2015-08,1.05,5
12589,Brescia Villaggio Sereno,Arsenico,2015-09,1.05,5
12589,Brescia Villaggio Sereno,Arsenico,2015-10,1.05,6
12589,Brescia Villaggio Sereno,Arsenico,2015-11,1.05,5
12589,Brescia Villaggio Sereno,Arsenico,2015-12,1.05,5
12589,Brescia Villaggio Sereno,Arsenico,2016-01,1.26,5
12589,Brescia Villaggio Sereno,Arsenico,2016-02,1.05,4
12589,Brescia Villaggio Sereno,Arsenico,2016-03,1.05,5
12589,Brescia Villaggio Sereno,Arsenico,2016-04,1.05,5
12589,Brescia Villaggio Sereno,Arsenico,2016-05,1.05,4
12589,Brescia Villaggio Sereno,Arsenico,2016-06,1.05,5
12589,Brescia Villaggio Sereno,Arsenico,2016-07,1.05,5
12589,Brescia Villaggio Sereno,Arsenico,2016-08,1.05,4
12589,Brescia Villaggio Sereno,Arsenico,2016-09,1.05,5
12589,Brescia Villaggio Sereno,Arsenico,2016-10,1.05,5
12589,Brescia Villaggio Sereno,Arsenico,2016-11,1.05,5
12589,Brescia Villaggio Sereno,Arsenico,2016-12,1.05,5
12589,Brescia Villaggio Sereno,Arsenico,2017-01,1.47,5
12589,Brescia Villaggio Sereno,Arsenico,2017-02,2.94,5
12589,Brescia Villaggio Sereno,Arsenico,2017-03,1.05,5
12589,Brescia Villaggio Sereno,Arsenico,2017-04,1.05,5
12589,Brescia Villaggio Sereno,Arsenico,2017-05,1.05,5
12589,Brescia Villaggio Sereno,Arsenico,2017-06,1.05,5
12589,Brescia Villaggio Sereno,Arsenico,2017-07,1.05,6
12589,Brescia Villaggio Sereno,Arsenico,2017-08,1.05,4
12589,Brescia Villaggio Sereno,Arsenico,2017-09,1.05,5
12589,Brescia Villaggio Sereno,Arsenico,2017-10,1.05,5
12589,Brescia Villaggio Sereno,Arsenico,2017-11,1.26,5
12589,Brescia Villaggio Sereno,Arsenico,2017-12,1.05,5
12589,Brescia Villaggio Sereno,Arsenico,2018-01,1.05,5
12589,Brescia Villaggio Sereno,Arsenico,2018-02,1.05,5
12589,Brescia Villaggio Sereno,Arsenico,2018-03,1.05,5
12589,Brescia Villaggio Sereno,Arsenico,2018-04,1.05,5
12589,Brescia Villaggio Sereno,Arsenico,2018-05,1.05,5
12589,Brescia Villaggio Sereno,Arsenico,2018-06,1.05,5
12589,Brescia Villaggio Sereno,Arsenico,2018-07,1.05,5
12589,Brescia Villaggio Sereno,Arsenico,2018-08,1.05,4
12589,Brescia Villaggio Sereno,Arsenico,2018-09,1.05,5
12589,Brescia Villaggio Sereno,Arsenico,2018-10,1.40,6
12589,Brescia Villaggio Sereno,Arsenico,2018-11,2.20,4
12589,Brescia Villaggio Sereno,Arsenico,2018-12,2.18,5
12589,Brescia Villaggio Sereno,Arsenico,2019-01,2.10,5
12589,Brescia Villaggio Sereno,Arsenico,2019-02,2.10,5
12589,Brescia Villaggio Sereno,Arsenico,2019-03,2.11,5
12589,Brescia Villaggio Sereno,Arsenico,2019-04,2.10,5
12589,Brescia Villaggio Sereno,Arsenico,2019-05,2.10,5
12589,Brescia Villaggio Sereno,Arsenico,2019-06,2.10,5
12589,Brescia Villaggio Sereno,Arsenico,2019-07,2.10,5
12589,Brescia Villaggio Sereno,Arsenico,2019-08,1.05,5
12589,Brescia Villaggio Sereno,Arsenico,2019-09,1.05,5
12589,Brescia Villaggio Sereno,Arsenico,2019-10,1.05,5
12589,Brescia Villaggio Sereno,Arsenico,2019-11,1.05,5
12589,Brescia Villaggio Sereno,Arsenico,2019-12,1.05,5
12589,Brescia Villaggio Sereno,Arsenico,2020-01,1.23,6
12589,Brescia Villaggio Sereno,Arsenico,2020-02,1.05,5
12589,Brescia Villaggio Sereno,Arsenico,2020-03,1.05,5
12589,Brescia Villaggio Sereno,Arsenico,2020-04,1.05,5
12589,Brescia Villaggio Sereno,Arsenico,2020-05,1.05,6
12589,Brescia Villaggio Sereno,Arsenico,2020-06,1.09,5
12589,Brescia Villaggio Sereno,Arsenico,2020-07,4.20,5
12589,Brescia Villaggio Sereno,Arsenico,2020-08,1.05,5
12589,Brescia Villaggio Sereno,Arsenico,2020-09,1.05,5
12589,Brescia Villaggio Sereno,Arsenico,2020-10,1.05,5
12589,Brescia Villaggio Sereno,Arsenico,2020-11,1.26,5
12589,Brescia Villaggio Sereno,Arsenico,2020-12,1.47,5
12589,Brescia Villaggio Sereno,Arsenico,2021-01,1.68,5
12589,Brescia Villaggio Sereno,Arsenico,2021-02,1.26,5
12589,Brescia Villaggio Sereno,Arsenico,2021-03,1.05,5
12589,Brescia Villaggio Sereno,Arsenico,2021-04,1.05,5
12589,Brescia Villaggio Sereno,Arsenico,2021-05,1.05,5
12589,Brescia Villaggio Sereno,Arsenico,2021-06,1.05,5
12589,Brescia Villaggio Sereno,Arsenico,2021-07,1.08,6
12589,Brescia Villaggio Sereno,Arsenico,2021-08,1.05,5
12589,Brescia Villaggio Sereno,Arsenico,2021-09,1.05,5
12589,Brescia Villaggio Sereno,Arsenico,2021-10,1.05,5
12589,Brescia Villaggio Sereno,Arsenico,2021-11,1.05,5
12589,Brescia Villaggio Sereno,Arsenico,2021-12,1.26,5
12589,Brescia Villaggio Sereno,Arsenico,2022-01,1.26,5
12589,Brescia Villaggio Sereno,Arsenico,2022-02,0.92,5
12589,Brescia Villaggio Sereno,Arsenico,2022-03,0.92,5
12589,Brescia Villaggio Sereno,Arsenico,2022-04,0.33,5
12589,Brescia Villaggio Sereno,Arsenico,2022-05,0.58,5
12589,Brescia Villaggio Sereno,Arsenico,2022-06,0.33,5
12589,Brescia Villaggio Sereno,Arsenico,2022-07,0.45,5
12589,Brescia Villaggio Sereno,Arsenico,2022-08,0.20,6
12589,Brescia Villaggio Sereno,Arsenico,2022-09,0.40,5
12589,Brescia Villaggio Sereno,Arsenico,2022-10,0.88,5
12589,Brescia Villaggio Sereno,Arsenico,2022-11,0.61,5
12589,Brescia Villaggio Sereno,Arsenico,2022-12,0.75,5
12589,Brescia Villaggio Sereno,Arsenico,2023-01,0.76,5
12589,Brescia Villaggio Sereno,Arsenico,2023-02,0.95,5
12589,Brescia Villaggio Sereno,Arsenico,2023-03,0.60,5
12589,Brescia Villaggio Sereno,Arsenico,2023-04,0.43,5
12589,Brescia Villaggio Sereno,Arsenico,2023-05,0.34,5
12589,Brescia Villaggio Sereno,Arsenico,2023-06,0.42,5
12589,Brescia Villaggio Sereno,Arsenico,2023-07,0.32,6
12589,Brescia Villaggio Sereno,Arsenico,2023-08,0.32,5
12589,Brescia Villaggio Sereno,Arsenico,2023-09,0.66,5
12589,Brescia Villaggio Sereno,Arsenico,2023-10,0.70,5
12589,Brescia Villaggio Sereno,Arsenico,2023-11,0.74,5
12589,Brescia Villaggio Sereno,Arsenico,2023-12,0.67,5
12589,Brescia Villaggio Sereno,Arsenico,2024-01,0.72,5
12589,Brescia Villaggio Sereno,Arsenico,2024-02,1.29,5
12589,Brescia Villaggio Sereno,Arsenico,2024-03,0.52,5
12589,Brescia Villaggio Sereno,Arsenico,2024-04,0.50,5
12589,Brescia Villaggio Sereno,Arsenico,2024-05,0.31,6
12589,Brescia Villaggio Sereno,Arsenico,2024-06,0.41,5
12589,Brescia Villaggio Sereno,Arsenico,2024-07,0.37,5
12589,Brescia Villaggio Sereno,Arsenico,2024-08,0.30,5
12589,Brescia Villaggio Sereno,Arsenico,2024-09,0.44,5
12589,Brescia Villaggio Sereno,Arsenico,2024-10,0.64,5
12589,Brescia Villaggio Sereno,Arsenico,2024-11,0.98,5
12589,Brescia Villaggio Sereno,Arsenico,2024-12,0.60,5
12589,Brescia Villaggio Sereno,Arsenico,2025-01,0.73,5
12589,Brescia Villaggio Sereno,Arsenico,2025-02,1.01,5
12589,Brescia Villaggio Sereno,Arsenico,2025-03,0.48,5
12589,Brescia Villaggio Sereno,Arsenico,2025-04,0.31,5
12589,Brescia Villaggio Sereno,Arsenico,2025-05,0.43,5
12589,Brescia Villaggio Sereno,Arsenico,2025-06,0.55,5
12589,Brescia Villaggio Sereno,Arsenico,2025-07,0.30,6
12589,Brescia Villaggio Sereno,Arsenico,2025-08,0.28,5
12589,Brescia Villaggio Sereno,Arsenico,2025-09,0.43,5
12589,Brescia Villaggio Sereno,Arsenico,2025-10,0.66,5
12589,Brescia Villaggio Sereno,Arsenico,2025-11,0.74,5
12589,Brescia Villaggio Sereno,Arsenico,2025-12,1.01,5
12590,Brescia Villaggio Sereno,Cadmio,2008-04,0.55,17
12590,Brescia Villaggio Sereno,Cadmio,2008-05,0.24,16
12590,Brescia Villaggio Sereno,Cadmio,2008-06,0.28,17
12590,Brescia Villaggio Sereno,Cadmio,2008-07,0.55,15
12590,Brescia Villaggio Sereno,Cadmio,2008-08,0.23,17
12590,Brescia Villaggio Sereno,Cadmio,2008-09,0.41,19
12590,Brescia Villaggio Sereno,Cadmio,2008-10,0.47,14
12590,Brescia Villaggio Sereno,Cadmio,2008-11,0.68,16
12590,Brescia Villaggio Sereno,Cadmio,2008-12,0.52,17
12590,Brescia Villaggio Sereno,Cadmio,2009-01,1.15,17
12590,Brescia Villaggio Sereno,Cadmio,2009-02,0.76,15
12590,Brescia Villaggio Sereno,Cadmio,2009-03,0.20,17
12590,Brescia Villaggio Sereno,Cadmio,2009-04,0.19,16
12590,Brescia Villaggio Sereno,Cadmio,2009-05,0.10,16
12590,Brescia Villaggio Sereno,Cadmio,2009-06,0.50,17
12590,Brescia Villaggio Sereno,Cadmio,2009-07,0.50,18
12590,Brescia Villaggio Sereno,Cadmio,2009-08,0.50,18
12590,Brescia Villaggio Sereno,Cadmio,2009-09,0.50,17
12590,Brescia Villaggio Sereno,Cadmio,2009-10,0.54,18
12590,Brescia Villaggio Sereno,Cadmio,2009-11,0.50,16
12590,Brescia Villaggio Sereno,Cadmio,2009-12,0.74,17
12590,Brescia Villaggio Sereno,Cadmio,2010-01,0.81,17
12590,Brescia Villaggio Sereno,Cadmio,2010-02,1.08,16
12590,Brescia Villaggio Sereno,Cadmio,2010-03,0.60,17
12590,Brescia Villaggio Sereno,Cadmio,2010-04,0.33,5
12590,Brescia Villaggio Sereno,Cadmio,2010-05,0.29,5
12590,Brescia Villaggio Sereno,Cadmio,2010-06,1.25,5
12590,Brescia Villaggio Sereno,Cadmio,2010-07,0.24,5
12590,Brescia Villaggio Sereno,Cadmio,2010-08,0.20,5
12590,Brescia Villaggio Sereno,Cadmio,2010-09,0.20,5
12590,Brescia Villaggio Sereno,Cadmio,2010-10,0.63,5
12590,Brescia Villaggio Sereno,Cadmio,2010-11,0.71,5
12590,Brescia Villaggio Sereno,Cadmio,2010-12,0.71,5
12590,Brescia Villaggio Sereno,Cadmio,2011-01,0.75,5
12590,Brescia Villaggio Sereno,Cadmio,2011-02,0.96,5
12590,Brescia Villaggio Sereno,Cadmio,2011-03,0.76,5
12590,Brescia Villaggio Sereno,Cadmio,2011-04,0.65,17
12590,Brescia Villaggio Sereno,Cadmio,2011-05,0.39,17
12590,Brescia Villaggio Sereno,Cadmio,2011-06,0.30,17
12590,Brescia Villaggio Sereno,Cadmio,2011-07,0.38,17
12590,Brescia Villaggio Sereno,Cadmio,2011-08,0.14,17
12590,Brescia Villaggio Sereno,Cadmio,2011-09,0.52,14
12590,Brescia Villaggio Sereno,Cadmio,2011-10,0.86,17
12590,Brescia Villaggio Sereno,Cadmio,2011-11,1.01,17
12590,Brescia Villaggio Sereno,Cadmio,2011-12,0.95,16
12590,Brescia Villaggio Sereno,Cadmio,2012-01,0.79,17
12590,Brescia Villaggio Sereno,Cadmio,2012-02,0.85,13
12590,Brescia Villaggio Sereno,Cadmio,2012-03,0.63,16
12590,Brescia Villaggio Sereno,Cadmio,2012-04,0.26,17
12590,Brescia Villaggio Sereno,Cadmio,2012-05,0.18,15
12590,Brescia Villaggio Sereno,Cadmio,2012-06,0.26,16
12590,Brescia Villaggio Sereno,Cadmio,2012-07,0.23,15
12590,Brescia Villaggio Sereno,Cadmio,2012-08,0.13,13
12590,Brescia Villaggio Sereno,Cadmio,2012-09,0.34,15
12590,Brescia Villaggio Sereno,Cadmio,2012-10,0.46,16
12590,Brescia Villaggio Sereno,Cadmio,2012-11,0.60,17
12590,Brescia Villaggio Sereno,Cadmio,2012-12,0.86,17
12590,Brescia Villaggio Sereno,Cadmio,2013-01,0.93,14
12590,Brescia Villaggio Sereno,Cadmio,2013-02,0.93,12
12590,Brescia Villaggio Sereno,Cadmio,2013-03,0.68,5
12590,Brescia Villaggio Sereno,Cadmio,2013-04,1.05,5
12590,Brescia Villaggio Sereno,Cadmio,2013-05,0.30,6
12590,Brescia Villaggio Sereno,Cadmio,2013-06,0.25,5
12590,Brescia Villaggio Sereno,Cadmio,2013-07,0.29,8
12590,Brescia Villaggio Sereno,Cadmio,2013-08,0.09,5
12590,Brescia Villaggio Sereno,Cadmio,2013-09,0.33,5
12590,Brescia Villaggio Sereno,Cadmio,2013-10,0.38,5
12590,Brescia Villaggio Sereno,Cadmio,2013-11,0.28,5
12590,Brescia Villaggio Sereno,Cadmio,2013-12,0.63,5
12590,Brescia Villaggio Sereno,Cadmio,2014-01,0.56,5
12590,Brescia Villaggio Sereno,Cadmio,2014-02,0.46,5
12590,Brescia Villaggio Sereno,Cadmio,2014-03,0.46,5
12590,Brescia Villaggio Sereno,Cadmio,2014-04,0.17,5
12590,Brescia Villaggio Sereno,Cadmio,2014-05,0.18,5
12590,Brescia Villaggio Sereno,Cadmio,2014-06,0.23,6
12590,Brescia Villaggio Sereno,Cadmio,2014-07,0.29,5
12590,Brescia Villaggio Sereno,Cadmio,2014-08,0.10,5
12590,Brescia Villaggio Sereno,Cadmio,2014-09,0.33,5
12590,Brescia Villaggio Sereno,Cadmio,2014-10,0.29,5
12590,Brescia Villaggio Sereno,Cadmio,2014-11,0.54,5
12590,Brescia Villaggio Sereno,Cadmio,2014-12,0.50,5
12590,Brescia Villaggio Sereno,Cadmio,2015-01,0.88,5
12590,Brescia Villaggio Sereno,Cadmio,2015-02,0.75,5
12590,Brescia Villaggio Sereno,Cadmio,2015-03,0.29,5
12590,Brescia Villaggio Sereno,Cadmio,2015-04,0.74,5
12590,Brescia Villaggio Sereno,Cadmio,2015-05,0.33,5
12590,Brescia Villaggio Sereno,Cadmio,2015-06,0.25,5
12590,Brescia Villaggio Sereno,Cadmio,2015-07,0.25,5
12590,Brescia Villaggio Sereno,Cadmio,2015-08,0.14,5
12590,Brescia Villaggio Sereno,Cadmio,2015-09,0.45,5
12590,Brescia Villaggio Sereno,Cadmio,2015-10,0.39,6
12590,Brescia Villaggio Sereno,Cadmio,2015-11,0.63,5
12590,Brescia Villaggio Sereno,Cadmio,2015-12,0.55,5
12590,Brescia Villaggio Sereno,Cadmio,2016-01,0.52,5
12590,Brescia Villaggio Sereno,Cadmio,2016-02,0.74,4
12590,Brescia Villaggio Sereno,Cadmio,2016-03,0.21,5
12590,Brescia Villaggio Sereno,Cadmio,2016-04,0.16,5
12590,Brescia Villaggio Sereno,Cadmio,2016-05,0.13,4
12590,Brescia Villaggio Sereno,Cadmio,2016-06,0.13,5
12590,Brescia Villaggio Sereno,Cadmio,2016-07,0.18,5
12590,Brescia Villaggio Sereno,Cadmio,2016-08,0.09,4
12590,Brescia Villaggio Sereno,Cadmio,2016-09,0.18,5
12590,Brescia Villaggio Sereno,Cadmio,2016-10,0.27,5
12590,Brescia Villaggio Sereno,Cadmio,2016-11,1.27,5
12590,Brescia Villaggio Sereno,Cadmio,2016-12,0.71,5
12590,Brescia Villaggio Sereno,Cadmio,2017-01,0.42,5
12590,Brescia Villaggio Sereno,Cadmio,2017-02,0.57,5
12590,Brescia Villaggio Sereno,Cadmio,2017-03,0.46,5
12590,Brescia Villaggio Sereno,Cadmio,2017-04,2.56,5
12590,Brescia Villaggio Sereno,Cadmio,2017-05,0.08,5
12590,Brescia Villaggio Sereno,Cadmio,2017-06,0.10,5
12590,Brescia Villaggio Sereno,Cadmio,2017-07,0.17,6
12590,Brescia Villaggio Sereno,Cadmio,2017-08,0.13,4
12590,Brescia Villaggio Sereno,Cadmio,2017-09,0.24,5
12590,Brescia Villaggio Sereno,Cadmio,2017-10,0.37,5
12590,Brescia Villaggio Sereno,Cadmio,2017-11,0.63,5
12590,Brescia Villaggio Sereno,Cadmio,2017-12,0.59,5
12590,Brescia Villaggio Sereno,Cadmio,2018-01,0.32,5
12590,Brescia Villaggio Sereno,Cadmio,2018-02,0.25,5
12590,Brescia Villaggio Sereno,Cadmio,2018-03,0.29,5
12590,Brescia Villaggio Sereno,Cadmio,2018-04,0.23,5
12590,Brescia Villaggio Sereno,Cadmio,2018-05,0.19,5
12590,Brescia Villaggio Sereno,Cadmio,2018-06,0.20,5
12590,Brescia Villaggio Sereno,Cadmio,2018-07,0.25,5
12590,Brescia Villaggio Sereno,Cadmio,2018-08,0.12,4
12590,Brescia Villaggio Sereno,Cadmio,2018-09,0.23,5
12590,Brescia Villaggio Sereno,Cadmio,2018-10,0.29,6
12590,Brescia Villaggio Sereno,Cadmio,2018-11,0.36,4
12590,Brescia Villaggio Sereno,Cadmio,2018-12,0.69,5
12590,Brescia Villaggio Sereno,Cadmio,2019-01,0.54,5
12590,Brescia Villaggio Sereno,Cadmio,2019-02,0.59,5
12590,Brescia Villaggio Sereno,Cadmio,2019-03,0.32,5
12590,Brescia Villaggio Sereno,Cadmio,2019-04,0.24,5
12590,Brescia Villaggio Sereno,Cadmio,2019-05,0.19,5
12590,Brescia Villaggio Sereno,Cadmio,2019-06,0.24,5
12590,Brescia Villaggio Sereno,Cadmio,2019-07,0.10,5
12590,Brescia Villaggio Sereno,Cadmio,2019-08,0.06,5
12590,Brescia Villaggio Sereno,Cadmio,2019-09,0.16,5
12590,Brescia Villaggio Sereno,Cadmio,2019-10,0.18,5
12590,Brescia Villaggio Sereno,Cadmio,2019-11,0.23,5
12590,Brescia Villaggio Sereno,Cadmio,2019-12,0.46,5
12590,Brescia Villaggio Sereno,Cadmio,2020-01,0.60,6
12590,Brescia Villaggio Sereno,Cadmio,2020-02,0.42,5
12590,Brescia Villaggio Sereno,Cadmio,2020-03,0.16,5
12590,Brescia Villaggio Sereno,Cadmio,2020-04,0.13,5
12590,Brescia Villaggio Sereno,Cadmio,2020-05,0.12,6
12590,Brescia Villaggio Sereno,Cadmio,2020-06,0.05,5
12590,Brescia Villaggio Sereno,Cadmio,2020-07,0.11,5
12590,Brescia Villaggio Sereno,Cadmio,2020-08,0.12,5
12590,Brescia Villaggio Sereno,Cadmio,2020-09,0.19,5
12590,Brescia Villaggio Sereno,Cadmio,2020-10,0.23,5
12590,Brescia Villaggio Sereno,Cadmio,2020-11,0.34,5
12590,Brescia Villaggio Sereno,Cadmio,2020-12,0.36,5
12590,Brescia Villaggio Sereno,Cadmio,2021-01,0.35,5
12590,Brescia Villaggio Sereno,Cadmio,2021-02,0.24,5
12590,Brescia Villaggio Sereno,Cadmio,2021-03,0.21,5
12590,Brescia Villaggio Sereno,Cadmio,2021-04,0.16,5
12590,Brescia Villaggio Sereno,Cadmio,2021-05,0.14,5
12590,Brescia Villaggio Sereno,Cadmio,2021-06,0.07,5
12590,Brescia Villaggio Sereno,Cadmio,2021-07,0.25,6
12590,Brescia Villaggio Sereno,Cadmio,2021-08,0.16,5
12590,Brescia Villaggio Sereno,Cadmio,2021-09,0.32,5
12590,Brescia Villaggio Sereno,Cadmio,2021-10,0.40,5
12590,Brescia Villaggio Sereno,Cadmio,2021-11,0.34,5
12590,Brescia Villaggio Sereno,Cadmio,2021-12,0.99,5
12590,Brescia Villaggio Sereno,Cadmio,2022-01,0.58,5
12590,Brescia Villaggio Sereno,Cadmio,2022-02,0.49,5
12590,Brescia Villaggio Sereno,Cadmio,2022-03,0.44,5
12590,Brescia Villaggio Sereno,Cadmio,2022-04,0.22,5
12590,Brescia Villaggio Sereno,Cadmio,2022-05,0.24,5
12590,Brescia Villaggio Sereno,Cadmio,2022-06,0.15,5
12590,Brescia Villaggio Sereno,Cadmio,2022-07,0.12,5
12590,Brescia Villaggio Sereno,Cadmio,2022-08,0.10,6
12590,Brescia Villaggio Sereno,Cadmio,2022-09,0.19,5
12590,Brescia Villaggio Sereno,Cadmio,2022-10,0.30,5
12590,Brescia Villaggio Sereno,Cadmio,2022-11,0.29,5
12590,Brescia Villaggio Sereno,Cadmio,2022-12,0.38,5
12590,Brescia Villaggio Sereno,Cadmio,2023-01,0.34,5
12590,Brescia Villaggio Sereno,Cadmio,2023-02,0.43,5
12590,Brescia Villaggio Sereno,Cadmio,2023-03,0.35,5
12590,Brescia Villaggio Sereno,Cadmio,2023-04,0.12,5
12590,Brescia Villaggio Sereno,Cadmio,2023-05,0.13,5
12590,Brescia Villaggio Sereno,Cadmio,2023-06,0.14,5
12590,Brescia Villaggio Sereno,Cadmio,2023-07,0.13,6
12590,Brescia Villaggio Sereno,Cadmio,2023-08,0.09,5
12590,Brescia Villaggio Sereno,Cadmio,2023-09,0.20,5
12590,Brescia Villaggio Sereno,Cadmio,2023-10,0.24,5
12590,Brescia Villaggio Sereno,Cadmio,2023-11,0.45,5
12590,Brescia Villaggio Sereno,Cadmio,2023-12,0.45,5
12590,Brescia Villaggio Sereno,Cadmio,2024-01,0.35,5
12590,Brescia Villaggio Sereno,Cadmio,2024-02,0.60,5
12590,Brescia Villaggio Sereno,Cadmio,2024-03,0.23,5
12590,Brescia Villaggio Sereno,Cadmio,2024-04,0.14,5
12590,Brescia Villaggio Sereno,Cadmio,2024-05,0.14,6
12590,Brescia Villaggio Sereno,Cadmio,2024-06,0.13,5
12590,Brescia Villaggio Sereno,Cadmio,2024-07,0.23,5
12590,Brescia Villaggio Sereno,Cadmio,2024-08,0.09,5
12590,Brescia Villaggio Sereno,Cadmio,2024-09,0.13,5
12590,Brescia Villaggio Sereno,Cadmio,2024-10,0.25,5
12590,Brescia Villaggio Sereno,Cadmio,2024-11,0.34,5
12590,Brescia Villaggio Sereno,Cadmio,2024-12,0.33,5
12590,Brescia Villaggio Sereno,Cadmio,2025-01,0.45,5
12590,Brescia Villaggio Sereno,Cadmio,2025-02,0.55,5
12590,Brescia Villaggio Sereno,Cadmio,2025-03,0.27,5
12590,Brescia Villaggio Sereno,Cadmio,2025-04,0.11,5
12590,Brescia Villaggio Sereno,Cadmio,2025-05,0.13,5
12590,Brescia Villaggio Sereno,Cadmio,2025-06,0.18,5
12590,Brescia Villaggio Sereno,Cadmio,2025-07,0.09,6
12590,Brescia Villaggio Sereno,Cadmio,2025-08,0.09,5
12590,Brescia Villaggio Sereno,Cadmio,2025-09,0.11,5
12590,Brescia Villaggio Sereno,Cadmio,2025-10,0.18,5
12590,Brescia Villaggio Sereno,Cadmio,2025-11,0.24,5
12590,Brescia Villaggio Sereno,Cadmio,2025-12,0.39,5
12591,Brescia Villaggio Sereno,Piombo,2008-04,23.86,17
12591,Brescia Villaggio Sereno,Piombo,2008-05,8.53,16
12591,Brescia Villaggio Sereno,Piombo,2008-06,10.58,17
12591,Brescia Villaggio Sereno,Piombo,2008-07,16.70,15
12591,Brescia Villaggio Sereno,Piombo,2008-08,5.78,17
12591,Brescia Villaggio Sereno,Piombo,2008-09,19.41,19
12591,Brescia Villaggio Sereno,Piombo,2008-10,26.14,14
12591,Brescia Villaggio Sereno,Piombo,2008-11,21.98,16
12591,Brescia Villaggio Sereno,Piombo,2008-12,35.39,17
12591,Brescia Villaggio Sereno,Piombo,2009-01,32.98,17
12591,Brescia Villaggio Sereno,Piombo,2009-02,19.88,15
12591,Brescia Villaggio Sereno,Piombo,2009-03,11.23,17
12591,Brescia Villaggio Sereno,Piombo,2009-04,3.87,16
12591,Brescia Villaggio Sereno,Piombo,2009-05,5.14,16
12591,Brescia Villaggio Sereno,Piombo,2009-06,15.47,17
12591,Brescia Villaggio Sereno,Piombo,2009-07,5.09,18
12591,Brescia Villaggio Sereno,Piombo,2009-08,1.65,18
12591,Brescia Villaggio Sereno,Piombo,2009-09,15.10,17
12591,Brescia Villaggio Sereno,Piombo,2009-10,22.36,18
12591,Brescia Villaggio Sereno,Piombo,2009-11,21.52,16
12591,Brescia Villaggio Sereno,Piombo,2009-12,17.79,17
12591,Brescia Villaggio Sereno,Piombo,2010-01,36.39,17
12591,Brescia Villaggio Sereno,Piombo,2010-02,44.34,16
12591,Brescia Villaggio Sereno,Piombo,2010-03,40.87,17
12591,Brescia Villaggio Sereno,Piombo,2010-04,32.54,5
12591,Brescia Villaggio Sereno,Piombo,2010-05,18.78,5
12591,Brescia Villaggio Sereno,Piombo,2010-06,16.27,5
12591,Brescia Villaggio Sereno,Piombo,2010-07,15.86,5
12591,Brescia Villaggio Sereno,Piombo,2010-08,2.92,5
12591,Brescia Villaggio Sereno,Piombo,2010-09,14.19,5
12591,Brescia Villaggio Sereno,Piombo,2010-10,47.99,5
12591,Brescia Villaggio Sereno,Piombo,2010-11,24.62,5
12591,Brescia Villaggio Sereno,Piombo,2010-12,57.17,5
12591,Brescia Villaggio Sereno,Piombo,2011-01,54.26,5
12591,Brescia Villaggio Sereno,Piombo,2011-02,47.57,5
12591,Brescia Villaggio Sereno,Piombo,2011-03,36.72,5
12591,Brescia Villaggio Sereno,Piombo,2011-04,31.05,17
12591,Brescia Villaggio Sereno,Piombo,2011-05,18.78,17
12591,Brescia Villaggio Sereno,Piombo,2011-06,24.30,17
12591,Brescia Villaggio Sereno,Piombo,2011-07,22.83,17
12591,Brescia Villaggio Sereno,Piombo,2011-08,8.47,17
12591,Brescia Villaggio Sereno,Piombo,2011-09,29.96,14
12591,Brescia Villaggio Sereno,Piombo,2011-10,31.67,17
12591,Brescia Villaggio Sereno,Piombo,2011-11,77.08,17
12591,Brescia Villaggio Sereno,Piombo,2011-12,58.82,16
12591,Brescia Villaggio Sereno,Piombo,2012-01,51.18,17
12591,Brescia Villaggio Sereno,Piombo,2012-02,40.13,13
12591,Brescia Villaggio Sereno,Piombo,2012-03,27.52,16
12591,Brescia Villaggio Sereno,Piombo,2012-04,13.20,17
12591,Brescia Villaggio Sereno,Piombo,2012-05,8.56,15
12591,Brescia Villaggio Sereno,Piombo,2012-06,29.06,16
12591,Brescia Villaggio Sereno,Piombo,2012-07,15.75,15
12591,Brescia Villaggio Sereno,Piombo,2012-08,3.93,13
12591,Brescia Villaggio Sereno,Piombo,2012-09,17.55,15
12591,Brescia Villaggio Sereno,Piombo,2012-10,17.84,16
12591,Brescia Villaggio Sereno,Piombo,2012-11,21.50,17
12591,Brescia Villaggio Sereno,Piombo,2012-12,71.30,17
12591,Brescia Villaggio Sereno,Piombo,2013-01,49.05,14
12591,Brescia Villaggio Sereno,Piombo,2013-02,52.00,12
12591,Brescia Villaggio Sereno,Piombo,2013-03,13.87,5
12591,Brescia Villaggio Sereno,Piombo,2013-04,12.62,5
12591,Brescia Villaggio Sereno,Piombo,2013-05,12.95,6
12591,Brescia Villaggio Sereno,Piombo,2013-06,13.27,5
12591,Brescia Villaggio Sereno,Piombo,2013-07,17.59,8
12591,Brescia Villaggio Sereno,Piombo,2013-08,4.91,5
12591,Brescia Villaggio Sereno,Piombo,2013-09,22.26,5
12591,Brescia Villaggio Sereno,Piombo,2013-10,31.50,5
12591,Brescia Villaggio Sereno,Piombo,2013-11,17.64,5
12591,Brescia Villaggio Sereno,Piombo,2013-12,32.34,5
12591,Brescia Villaggio Sereno,Piombo,2014-01,51.68,5
12591,Brescia Villaggio Sereno,Piombo,2014-02,44.96,5
12591,Brescia Villaggio Sereno,Piombo,2014-03,42.26,5
12591,Brescia Villaggio Sereno,Piombo,2014-04,15.97,5
12591,Brescia Villaggio Sereno,Piombo,2014-05,13.94,5
12591,Brescia Villaggio Sereno,Piombo,2014-06,20.06,6
12591,Brescia Villaggio Sereno,Piombo,2014-07,30.67,5
12591,Brescia Villaggio Sereno,Piombo,2014-08,9.24,5
12591,Brescia Villaggio Sereno,Piombo,2014-09,26.46,5
12591,Brescia Villaggio Sereno,Piombo,2014-10,26.46,5
12591,Brescia Villaggio Sereno,Piombo,2014-11,18.96,5
12591,Brescia Villaggio Sereno,Piombo,2014-12,19.34,5
12591,Brescia Villaggio Sereno,Piombo,2015-01,53.37,5
12591,Brescia Villaggio Sereno,Piombo,2015-02,47.39,5
12591,Brescia Villaggio Sereno,Piombo,2015-03,21.85,5
12591,Brescia Villaggio Sereno,Piombo,2015-04,15.54,5
12591,Brescia Villaggio Sereno,Piombo,2015-05,14.29,5
12591,Brescia Villaggio Sereno,Piombo,2015-06,12.61,5
12591,Brescia Villaggio Sereno,Piombo,2015-07,15.12,5
12591,Brescia Villaggio Sereno,Piombo,2015-08,3.99,5
12591,Brescia Villaggio Sereno,Piombo,2015-09,11.34,5
12591,Brescia Villaggio Sereno,Piombo,2015-10,24.17,6
12591,Brescia Villaggio Sereno,Piombo,2015-11,56.73,5
12591,Brescia Villaggio Sereno,Piombo,2015-12,37.81,5
12591,Brescia Villaggio Sereno,Piombo,2016-01,41.52,5
12591,Brescia Villaggio Sereno,Piombo,2016-02,18.92,4
12591,Brescia Villaggio Sereno,Piombo,2016-03,15.16,5
12591,Brescia Villaggio Sereno,Piombo,2016-04,17.40,5
12591,Brescia Villaggio Sereno,Piombo,2016-05,12.72,4
12591,Brescia Villaggio Sereno,Piombo,2016-06,11.77,5
12591,Brescia Villaggio Sereno,Piombo,2016-07,13.87,5
12591,Brescia Villaggio Sereno,Piombo,2016-08,5.26,4
12591,Brescia Villaggio Sereno,Piombo,2016-09,15.96,5
12591,Brescia Villaggio Sereno,Piombo,2016-10,12.17,5
12591,Brescia Villaggio Sereno,Piombo,2016-11,26.98,5
12591,Brescia Villaggio Sereno,Piombo,2016-12,37.92,5
12591,Brescia Villaggio Sereno,Piombo,2017-01,29.00,5
12591,Brescia Villaggio Sereno,Piombo,2017-02,28.13,5
12591,Brescia Villaggio Sereno,Piombo,2017-03,18.91,5
12591,Brescia Villaggio Sereno,Piombo,2017-04,17.65,5
12591,Brescia Villaggio Sereno,Piombo,2017-05,7.99,5
12591,Brescia Villaggio Sereno,Piombo,2017-06,8.41,5
12591,Brescia Villaggio Sereno,Piombo,2017-07,13.66,6
12591,Brescia Villaggio Sereno,Piombo,2017-08,3.94,4
12591,Brescia Villaggio Sereno,Piombo,2017-09,18.48,5
12591,Brescia Villaggio Sereno,Piombo,2017-10,21.84,5
12591,Brescia Villaggio Sereno,Piombo,2017-11,29.00,5
12591,Brescia Villaggio Sereno,Piombo,2017-12,23.12,5
12591,Brescia Villaggio Sereno,Piombo,2018-01,22.69,5
12591,Brescia Villaggio Sereno,Piombo,2018-02,17.65,5
12591,Brescia Villaggio Sereno,Piombo,2018-03,17.23,5
12591,Brescia Villaggio Sereno,Piombo,2018-04,13.02,5
12591,Brescia Villaggio Sereno,Piombo,2018-05,13.86,5
12591,Brescia Villaggio Sereno,Piombo,2018-06,15.55,5
12591,Brescia Villaggio Sereno,Piombo,2018-07,14.70,5
12591,Brescia Villaggio Sereno,Piombo,2018-08,7.35,4
12591,Brescia Villaggio Sereno,Piombo,2018-09,17.65,5
12591,Brescia Villaggio Sereno,Piombo,2018-10,25.54,6
12591,Brescia Villaggio Sereno,Piombo,2018-11,23.51,4
12591,Brescia Villaggio Sereno,Piombo,2018-12,35.45,5
12591,Brescia Villaggio Sereno,Piombo,2019-01,27.74,5
12591,Brescia Villaggio Sereno,Piombo,2019-02,30.25,5
12591,Brescia Villaggio Sereno,Piombo,2019-03,20.26,5
12591,Brescia Villaggio Sereno,Piombo,2019-04,15.12,5
12591,Brescia Villaggio Sereno,Piombo,2019-05,15.12,5
12591,Brescia Villaggio Sereno,Piombo,2019-06,10.08,5
12591,Brescia Villaggio Sereno,Piombo,2019-07,15.13,5
12591,Brescia Villaggio Sereno,Piombo,2019-08,3.99,5
12591,Brescia Villaggio Sereno,Piombo,2019-09,16.39,5
12591,Brescia Villaggio Sereno,Piombo,2019-10,32.83,5
12591,Brescia Villaggio Sereno,Piombo,2019-11,16.38,5
12591,Brescia Villaggio Sereno,Piombo,2019-12,21.01,5
12591,Brescia Villaggio Sereno,Piombo,2020-01,31.18,6
12591,Brescia Villaggio Sereno,Piombo,2020-02,30.29,5
12591,Brescia Villaggio Sereno,Piombo,2020-03,6.73,5
12591,Brescia Villaggio Sereno,Piombo,2020-04,6.72,5
12591,Brescia Villaggio Sereno,Piombo,2020-05,11.21,6
12591,Brescia Villaggio Sereno,Piombo,2020-06,6.05,5
12591,Brescia Villaggio Sereno,Piombo,2020-07,10.51,5
12591,Brescia Villaggio Sereno,Piombo,2020-08,5.88,5
12591,Brescia Villaggio Sereno,Piombo,2020-09,16.84,5
12591,Brescia Villaggio Sereno,Piombo,2020-10,26.05,5
12591,Brescia Villaggio Sereno,Piombo,2020-11,31.97,5
12591,Brescia Villaggio Sereno,Piombo,2020-12,35.76,5
12591,Brescia Villaggio Sereno,Piombo,2021-01,26.90,5
12591,Brescia Villaggio Sereno,Piombo,2021-02,23.58,5
12591,Brescia Villaggio Sereno,Piombo,2021-03,16.81,5
12591,Brescia Villaggio Sereno,Piombo,2021-04,11.62,5
12591,Brescia Villaggio Sereno,Piombo,2021-05,6.85,5
12591,Brescia Villaggio Sereno,Piombo,2021-06,6.89,5
12591,Brescia Villaggio Sereno,Piombo,2021-07,12.60,6
12591,Brescia Villaggio Sereno,Piombo,2021-08,8.15,5
12591,Brescia Villaggio Sereno,Piombo,2021-09,16.44,5
12591,Brescia Villaggio Sereno,Piombo,2021-10,20.94,5
12591,Brescia Villaggio Sereno,Piombo,2021-11,14.80,5
12591,Brescia Villaggio Sereno,Piombo,2021-12,36.92,5
12591,Brescia Villaggio Sereno,Piombo,2022-01,31.78,5
12591,Brescia Villaggio Sereno,Piombo,2022-02,23.61,5
12591,Brescia Villaggio Sereno,Piombo,2022-03,19.76,5
12591,Brescia Villaggio Sereno,Piombo,2022-04,12.27,5
12591,Brescia Villaggio Sereno,Piombo,2022-05,14.54,5
12591,Brescia Villaggio Sereno,Piombo,2022-06,10.90,5
12591,Brescia Villaggio Sereno,Piombo,2022-07,10.02,5
12591,Brescia Villaggio Sereno,Piombo,2022-08,3.69,6
12591,Brescia Villaggio Sereno,Piombo,2022-09,10.61,5
12591,Brescia Villaggio Sereno,Piombo,2022-10,19.56,5
12591,Brescia Villaggio Sereno,Piombo,2022-11,17.27,5
12591,Brescia Villaggio Sereno,Piombo,2022-12,19.65,5
12591,Brescia Villaggio Sereno,Piombo,2023-01,17.89,5
12591,Brescia Villaggio Sereno,Piombo,2023-02,23.55,5
12591,Brescia Villaggio Sereno,Piombo,2023-03,16.64,5
12591,Brescia Villaggio Sereno,Piombo,2023-04,8.94,5
12591,Brescia Villaggio Sereno,Piombo,2023-05,9.15,5
12591,Brescia Villaggio Sereno,Piombo,2023-06,10.45,5
12591,Brescia Villaggio Sereno,Piombo,2023-07,9.39,6
12591,Brescia Villaggio Sereno,Piombo,2023-08,4.52,5
12591,Brescia Villaggio Sereno,Piombo,2023-09,10.76,5
12591,Brescia Villaggio Sereno,Piombo,2023-10,16.75,5
12591,Brescia Villaggio Sereno,Piombo,2023-11,23.20,5
12591,Brescia Villaggio Sereno,Piombo,2023-12,16.09,5
12591,Brescia Villaggio Sereno,Piombo,2024-01,21.74,5
12591,Brescia Villaggio Sereno,Piombo,2024-02,31.23,5
12591,Brescia Villaggio Sereno,Piombo,2024-03,14.77,5
12591,Brescia Villaggio Sereno,Piombo,2024-04,10.59,5
12591,Brescia Villaggio Sereno,Piombo,2024-05,8.67,6
12591,Brescia Villaggio Sereno,Piombo,2024-06,8.05,5
12591,Brescia Villaggio Sereno,Piombo,2024-07,11.82,5
12591,Brescia Villaggio Sereno,Piombo,2024-08,4.02,5
12591,Brescia Villaggio Sereno,Piombo,2024-09,12.96,5
12591,Brescia Villaggio Sereno,Piombo,2024-10,12.45,5
12591,Brescia Villaggio Sereno,Piombo,2024-11,24.77,5
12591,Brescia Villaggio Sereno,Piombo,2024-12,16.47,5
12591,Brescia Villaggio Sereno,Piombo,2025-01,16.14,5
12591,Brescia Villaggio Sereno,Piombo,2025-02,18.44,5
12591,Brescia Villaggio Sereno,Piombo,2025-03,15.49,5
12591,Brescia Villaggio Sereno,Piombo,2025-04,7.32,5
12591,Brescia Villaggio Sereno,Piombo,2025-05,8.76,5
12591,Brescia Villaggio Sereno,Piombo,2025-06,9.63,5
12591,Brescia Villaggio Sereno,Piombo,2025-07,9.13,6
12591,Brescia Villaggio Sereno,Piombo,2025-08,3.33,5
12591,Brescia Villaggio Sereno,Piombo,2025-09,10.84,5
12591,Brescia Villaggio Sereno,Piombo,2025-10,13.69,5
12591,Brescia Villaggio Sereno,Piombo,2025-11,14.76,5
12591,Brescia Villaggio Sereno,Piombo,2025-12,21.41,5
12593,Brescia Villaggio Sereno,Benzo(a)pirene,2008-04,0.23,12
12593,Brescia Villaggio Sereno,Benzo(a)pirene,2008-05,0.17,13
12593,Brescia Villaggio Sereno,Benzo(a)pirene,2008-06,0.03,12
12593,Brescia Villaggio Sereno,Benzo(a)pirene,2008-07,0.03,14
12593,Brescia Villaggio Sereno,Benzo(a)pirene,2008-08,0.06,11
12593,Brescia Villaggio Sereno,Benzo(a)pirene,2008-10,0.15,11
12593,Brescia Villaggio Sereno,Benzo(a)pirene,2008-11,1.19,12
12593,Brescia Villaggio Sereno,Benzo(a)pirene,2008-12,3.04,12
12593,Brescia Villaggio Sereno,Benzo(a)pirene,2009-01,3.09,14
12593,Brescia Villaggio Sereno,Benzo(a)pirene,2009-02,1.52,13
12593,Brescia Villaggio Sereno,Benzo(a)pirene,2009-03,0.14,14
12593,Brescia Villaggio Sereno,Benzo(a)pirene,2009-04,0.11,12
12593,Brescia Villaggio Sereno,Benzo(a)pirene,2009-05,0.03,14
12593,Brescia Villaggio Sereno,Benzo(a)pirene,2009-06,0.55,13
12593,Brescia Villaggio Sereno,Benzo(a)pirene,2009-07,0.04,13
12593,Brescia Villaggio Sereno,Benzo(a)pirene,2009-08,0.02,11
12593,Brescia Villaggio Sereno,Benzo(a)pirene,2009-09,0.06,13
12593,Brescia Villaggio Sereno,Benzo(a)pirene,2009-10,0.60,13
12593,Brescia Villaggio Sereno,Benzo(a)pirene,2009-11,0.75,12
12593,Brescia Villaggio Sereno,Benzo(a)pirene,2009-12,2.85,13
12593,Brescia Villaggio Sereno,Benzo(a)pirene,2010-01,2.35,14
12593,Brescia Villaggio Sereno,Benzo(a)pirene,2010-02,1.00,12
12593,Brescia Villaggio Sereno,Benzo(a)pirene,2010-03,0.56,14
12593,Brescia Villaggio Sereno,Benzo(a)pirene,2010-04,0.11,12
12593,Brescia Villaggio Sereno,Benzo(a)pirene,2010-05,0.03,13
12593,Brescia Villaggio Sereno,Benzo(a)pirene,2010-06,0.02,13
12593,Brescia Villaggio Sereno,Benzo(a)pirene,2010-07,0.01,13
12593,Brescia Villaggio Sereno,Benzo(a)pirene,2010-08,0.03,13
12593,Brescia Villaggio Sereno,Benzo(a)pirene,2010-09,0.01,13
12593,Brescia Villaggio Sereno,Benzo(a)pirene,2010-10,0.38,11
12593,Brescia Villaggio Sereno,Benzo(a)pirene,2010-11,0.77,12
12593,Brescia Villaggio Sereno,Benzo(a)pirene,2010-12,2.75,13
12593,Brescia Villaggio Sereno,Benzo(a)pirene,2011-01,2.64,13
12593,Brescia Villaggio Sereno,Benzo(a)pirene,2011-02,1.08,13
12593,Brescia Villaggio Sereno,Benzo(a)pirene,2011-03,0.49,13
12593,Brescia Villaggio Sereno,Benzo(a)pirene,2011-04,0.04,13
12593,Brescia Villaggio Sereno,Benzo(a)pirene,2011-05,0.02,13
12593,Brescia Villaggio Sereno,Benzo(a)pirene,2011-06,0.02,13
12593,Brescia Villaggio Sereno,Benzo(a)pirene,2011-07,0.01,14
12593,Brescia Villaggio Sereno,Benzo(a)pirene,2011-08,0.01,14
12593,Brescia Villaggio Sereno,Benzo(a)pirene,2011-09,0.03,13
12593,Brescia Villaggio Sereno,Benzo(a)pirene,2011-10,0.26,14
12593,Brescia Villaggio Sereno,Benzo(a)pirene,2011-11,1.33,13
12593,Brescia Villaggio Sereno,Benzo(a)pirene,2011-12,2.44,13
12593,Brescia Villaggio Sereno,Benzo(a)pirene,2012-01,1.43,14
12593,Brescia Villaggio Sereno,Benzo(a)pirene,2012-02,0.91,12
12593,Brescia Villaggio Sereno,Benzo(a)pirene,2012-03,0.22,13
12593,Brescia Villaggio Sereno,Benzo(a)pirene,2012-04,0.09,13
12593,Brescia Villaggio Sereno,Benzo(a)pirene,2012-05,0.04,13
12593,Brescia Villaggio Sereno,Benzo(a)pirene,2012-06,0.01,11
12593,Brescia Villaggio Sereno,Benzo(a)pirene,2012-07,0.02,12
12593,Brescia Villaggio Sereno,Benzo(a)pirene,2012-08,0.01,11
12593,Brescia Villaggio Sereno,Benzo(a)pirene,2012-09,0.02,12
12593,Brescia Villaggio Sereno,Benzo(a)pirene,2012-10,0.24,13
12593,Brescia Villaggio Sereno,Benzo(a)pirene,2012-11,1.46,13
12593,Brescia Villaggio Sereno,Benzo(a)pirene,2012-12,2.21,14
12593,Brescia Villaggio Sereno,Benzo(a)pirene,2013-01,1.62,9
12593,Brescia Villaggio Sereno,Benzo(a)pirene,2013-02,1.47,8
12593,Brescia Villaggio Sereno,Benzo(a)pirene,2013-03,0.46,16
12593,Brescia Villaggio Sereno,Benzo(a)pirene,2013-04,0.12,13
12593,Brescia Villaggio Sereno,Benzo(a)pirene,2013-05,0.03,8
12593,Brescia Villaggio Sereno,Benzo(a)pirene,2013-06,0.02,15
12593,Brescia Villaggio Sereno,Benzo(a)pirene,2013-07,0.04,11
12593,Brescia Villaggio Sereno,Benzo(a)pirene,2013-08,0.05,11
12593,Brescia Villaggio Sereno,Benzo(a)pirene,2013-09,0.05,10
12593,Brescia Villaggio Sereno,Benzo(a)pirene,2013-10,0.29,10
12593,Brescia Villaggio Sereno,Benzo(a)pirene,2013-11,1.14,10
12593,Brescia Villaggio Sereno,Benzo(a)pirene,2013-12,2.24,10
12593,Brescia Villaggio Sereno,Benzo(a)pirene,2014-01,1.44,11
12593,Brescia Villaggio Sereno,Benzo(a)pirene,2014-02,0.58,9
12593,Brescia Villaggio Sereno,Benzo(a)pirene,2014-03,0.31,10
12593,Brescia Villaggio Sereno,Benzo(a)pirene,2014-04,0.08,10
12593,Brescia Villaggio Sereno,Benzo(a)pirene,2014-05,0.05,11
12593,Brescia Villaggio Sereno,Benzo(a)pirene,2014-06,0.05,10
12593,Brescia Villaggio Sereno,Benzo(a)pirene,2014-07,0.05,10
12593,Brescia Villaggio Sereno,Benzo(a)pirene,2014-08,0.05,10
12593,Brescia Villaggio Sereno,Benzo(a)pirene,2014-09,0.05,10
12593,Brescia Villaggio Sereno,Benzo(a)pirene,2014-10,0.26,11
12593,Brescia Villaggio Sereno,Benzo(a)pirene,2014-11,0.93,9
12593,Brescia Villaggio Sereno,Benzo(a)pirene,2014-12,2.17,11
12593,Brescia Villaggio Sereno,Benzo(a)pirene,2015-01,2.18,10
12593,Brescia Villaggio Sereno,Benzo(a)pirene,2015-02,1.27,11
12593,Brescia Villaggio Sereno,Benzo(a)pirene,2015-03,0.65,10
12593,Brescia Villaggio Sereno,Benzo(a)pirene,2015-04,0.10,10
12593,Brescia Villaggio Sereno,Benzo(a)pirene,2015-05,0.05,10
12593,Brescia Villaggio Sereno,Benzo(a)pirene,2015-06,0.05,10
12593,Brescia Villaggio Sereno,Benzo(a)pirene,2015-07,0.05,12
12593,Brescia Villaggio Sereno,Benzo(a)pirene,2015-08,0.05,10
12593,Brescia Villaggio Sereno,Benzo(a)pirene,2015-09,0.05,10
12593,Brescia Villaggio Sereno,Benzo(a)pirene,2015-10,0.22,10
12593,Brescia Villaggio Sereno,Benzo(a)pirene,2015-11,0.75,10
12593,Brescia Villaggio Sereno,Benzo(a)pirene,2015-12,1.94,10
12593,Brescia Villaggio Sereno,Benzo(a)pirene,2016-01,1.91,10
12593,Brescia Villaggio Sereno,Benzo(a)pirene,2016-02,0.54,10
12593,Brescia Villaggio Sereno,Benzo(a)pirene,2016-03,0.24,10
12593,Brescia Villaggio Sereno,Benzo(a)pirene,2016-04,0.05,10
12593,Brescia Villaggio Sereno,Benzo(a)pirene,2016-05,0.08,11
12593,Brescia Villaggio Sereno,Benzo(a)pirene,2016-06,0.05,10
12593,Brescia Villaggio Sereno,Benzo(a)pirene,2016-07,0.05,9
12593,Brescia Villaggio Sereno,Benzo(a)pirene,2016-08,0.05,12
12593,Brescia Villaggio Sereno,Benzo(a)pirene,2016-09,0.05,10
12593,Brescia Villaggio Sereno,Benzo(a)pirene,2016-10,0.27,10
12593,Brescia Villaggio Sereno,Benzo(a)pirene,2016-11,0.68,10
12593,Brescia Villaggio Sereno,Benzo(a)pirene,2016-12,2.43,11
12593,Brescia Villaggio Sereno,Benzo(a)pirene,2017-01,1.50,10
12593,Brescia Villaggio Sereno,Benzo(a)pirene,2017-02,0.94,9
12593,Brescia Villaggio Sereno,Benzo(a)pirene,2017-03,0.20,11
12593,Brescia Villaggio Sereno,Benzo(a)pirene,2017-04,0.06,10
12593,Brescia Villaggio Sereno,Benzo(a)pirene,2017-05,0.05,10
12593,Brescia Villaggio Sereno,Benzo(a)pirene,2017-06,0.05,10
12593,Brescia Villaggio Sereno,Benzo(a)pirene,2017-07,0.05,10
12593,Brescia Villaggio Sereno,Benzo(a)pirene,2017-08,0.05,11
12593,Brescia Villaggio Sereno,Benzo(a)pirene,2017-09,0.05,10
12593,Brescia Villaggio Sereno,Benzo(a)pirene,2017-10,0.11,10
12593,Brescia Villaggio Sereno,Benzo(a)pirene,2017-11,0.87,11
12593,Brescia Villaggio Sereno,Benzo(a)pirene,2017-12,2.72,11
12593,Brescia Villaggio Sereno,Benzo(a)pirene,2018-01,1.14,10
12593,Brescia Villaggio Sereno,Benzo(a)pirene,2018-02,0.55,9
12593,Brescia Villaggio Sereno,Benzo(a)pirene,2018-03,0.46,11
12593,Brescia Villaggio Sereno,Benzo(a)pirene,2018-04,0.07,10
12593,Brescia Villaggio Sereno,Benzo(a)pirene,2018-05,0.05,10
12593,Brescia Villaggio Sereno,Benzo(a)pirene,2018-06,0.05,10
12593,Brescia Villaggio Sereno,Benzo(a)pirene,2018-07,0.05,10
12593,Brescia Villaggio Sereno,Benzo(a)pirene,2018-08,0.05,11
12593,Brescia Villaggio Sereno,Benzo(a)pirene,2018-09,0.05,10
12593,Brescia Villaggio Sereno,Benzo(a)pirene,2018-10,0.06,15
12593,Brescia Villaggio Sereno,Benzo(a)pirene,2018-11,0.62,25
12593,Brescia Villaggio Sereno,Benzo(a)pirene,2018-12,1.76,29
12593,Brescia Villaggio Sereno,Benzo(a)pirene,2019-01,1.40,31
12593,Brescia Villaggio Sereno,Benzo(a)pirene,2019-02,1.36,28
12593,Brescia Villaggio Sereno,Benzo(a)pirene,2019-03,0.23,31
12593,Brescia Villaggio Sereno,Benzo(a)pirene,2019-04,0.10,30
12593,Brescia Villaggio Sereno,Benzo(a)pirene,2019-05,0.05,27
12593,Brescia Villaggio Sereno,Benzo(a)pirene,2019-06,0.05,26
12593,Brescia Villaggio Sereno,Benzo(a)pirene,2019-07,0.05,31
12593,Brescia Villaggio Sereno,Benzo(a)pirene,2019-08,0.05,10
12593,Brescia Villaggio Sereno,Benzo(a)pirene,2019-09,0.05,11
12593,Brescia Villaggio Sereno,Benzo(a)pirene,2019-10,0.06,9
12593,Brescia Villaggio Sereno,Benzo(a)pirene,2019-11,0.42,10
12593,Brescia Villaggio Sereno,Benzo(a)pirene,2019-12,1.07,5
12593,Brescia Villaggio Sereno,Benzo(a)pirene,2020-01,1.26,12
12593,Brescia Villaggio Sereno,Benzo(a)pirene,2020-02,0.60,9
12593,Brescia Villaggio Sereno,Benzo(a)pirene,2020-03,0.29,11
12593,Brescia Villaggio Sereno,Benzo(a)pirene,2020-04,0.08,10
12593,Brescia Villaggio Sereno,Benzo(a)pirene,2020-05,0.05,10
12593,Brescia Villaggio Sereno,Benzo(a)pirene,2020-06,0.05,10
12593,Brescia Villaggio Sereno,Benzo(a)pirene,2020-07,0.05,10
12593,Brescia Villaggio Sereno,Benzo(a)pirene,2020-08,0.05,11
12593,Brescia Villaggio Sereno,Benzo(a)pirene,2020-09,0.05,10
12593,Brescia Villaggio Sereno,Benzo(a)pirene,2020-10,0.34,10
12593,Brescia Villaggio Sereno,Benzo(a)pirene,2020-11,0.93,9
12593,Brescia Villaggio Sereno,Benzo(a)pirene,2020-12,1.21,10
12593,Brescia Villaggio Sereno,Benzo(a)pirene,2021-01,1.46,10
12593,Brescia Villaggio Sereno,Benzo(a)pirene,2021-02,0.64,9
12593,Brescia Villaggio Sereno,Benzo(a)pirene,2021-03,0.27,10
12593,Brescia Villaggio Sereno,Benzo(a)pirene,2021-04,0.08,10
12593,Brescia Villaggio Sereno,Benzo(a)pirene,2021-05,0.05,11
12593,Brescia Villaggio Sereno,Benzo(a)pirene,2021-06,0.05,10
12593,Brescia Villaggio Sereno,Benzo(a)pirene,2021-07,0.07,10
12593,Brescia Villaggio Sereno,Benzo(a)pirene,2021-08,0.05,10
12593,Brescia Villaggio Sereno,Benzo(a)pirene,2021-09,0.05,10
12593,Brescia Villaggio Sereno,Benzo(a)pirene,2021-10,0.22,11
12593,Brescia Villaggio Sereno,Benzo(a)pirene,2021-11,0.49,10
12593,Brescia Villaggio Sereno,Benzo(a)pirene,2021-12,1.33,10
12593,Brescia Villaggio Sereno,Benzo(a)pirene,2022-01,0.93,10
12593,Brescia Villaggio Sereno,Benzo(a)pirene,2022-02,0.51,9
12593,Brescia Villaggio Sereno,Benzo(a)pirene,2022-03,0.32,10
12593,Brescia Villaggio Sereno,Benzo(a)pirene,2022-04,0.07,10
12593,Brescia Villaggio Sereno,Benzo(a)pirene,2022-05,0.05,11
12593,Brescia Villaggio Sereno,Benzo(a)pirene,2022-06,0.05,10
12593,Brescia Villaggio Sereno,Benzo(a)pirene,2022-07,0.05,10
12593,Brescia Villaggio Sereno,Benzo(a)pirene,2022-08,0.05,10
12593,Brescia Villaggio Sereno,Benzo(a)pirene,2022-09,0.05,10
12593,Brescia Villaggio Sereno,Benzo(a)pirene,2022-10,0.06,11
12593,Brescia Villaggio Sereno,Benzo(a)pirene,2022-11,0.91,10
12593,Brescia Villaggio Sereno,Benzo(a)pirene,2022-12,1.08,10
12593,Brescia Villaggio Sereno,Benzo(a)pirene,2023-01,0.79,11
12593,Brescia Villaggio Sereno,Benzo(a)pirene,2023-02,0.52,9
12593,Brescia Villaggio Sereno,Benzo(a)pirene,2023-03,0.32,10
12593,Brescia Villaggio Sereno,Benzo(a)pirene,2023-04,0.11,10
12593,Brescia Villaggio Sereno,Benzo(a)pirene,2023-05,0.05,11
12593,Brescia Villaggio Sereno,Benzo(a)pirene,2023-06,0.05,10
12593,Brescia Villaggio Sereno,Benzo(a)pirene,2023-07,0.05,10
12593,Brescia Villaggio Sereno,Benzo(a)pirene,2023-08,0.05,10
12593,Brescia Villaggio Sereno,Benzo(a)pirene,2023-09,0.05,10
12593,Brescia Villaggio Sereno,Benzo(a)pirene,2023-10,0.09,11
12593,Brescia Villaggio Sereno,Benzo(a)pirene,2023-11,0.88,10
12593,Brescia Villaggio Sereno,Benzo(a)pirene,2023-12,1.98,10
12593,Brescia Villaggio Sereno,Benzo(a)pirene,2024-01,1.61,11
12593,Brescia Villaggio Sereno,Benzo(a)pirene,2024-02,0.91,9
12593,Brescia Villaggio Sereno,Benzo(a)pirene,2024-03,0.22,11
12593,Brescia Villaggio Sereno,Benzo(a)pirene,2024-04,0.16,10
12593,Brescia Villaggio Sereno,Benzo(a)pirene,2024-05,0.05,10
12593,Brescia Villaggio Sereno,Benzo(a)pirene,2024-06,0.05,10
12593,Brescia Villaggio Sereno,Benzo(a)pirene,2024-07,0.05,10
12593,Brescia Villaggio Sereno,Benzo(a)pirene,2024-08,0.05,11
12593,Brescia Villaggio Sereno,Benzo(a)pirene,2024-09,0.06,10
12593,Brescia Villaggio Sereno,Benzo(a)pirene,2024-10,0.23,10
12593,Brescia Villaggio Sereno,Benzo(a)pirene,2024-11,1.00,10
12593,Brescia Villaggio Sereno,Benzo(a)pirene,2024-12,2.18,10
12593,Brescia Villaggio Sereno,Benzo(a)pirene,2025-01,1.09,11
12593,Brescia Villaggio Sereno,Benzo(a)pirene,2025-02,0.43,9
12593,Brescia Villaggio Sereno,Benzo(a)pirene,2025-03,0.19,10
12593,Brescia Villaggio Sereno,Benzo(a)pirene,2025-04,0.05,10
12593,Brescia Villaggio Sereno,Benzo(a)pirene,2025-05,0.05,11
12593,Brescia Villaggio Sereno,Benzo(a)pirene,2025-06,0.05,10
12593,Brescia Villaggio Sereno,Benzo(a)pirene,2025-07,0.05,10
12593,Brescia Villaggio Sereno,Benzo(a)pirene,2025-08,0.05,10
12593,Brescia Villaggio Sereno,Benzo(a)pirene,2025-09,0.05,10
12593,Brescia Villaggio Sereno,Benzo(a)pirene,2025-10,0.21,11
12593,Brescia Villaggio Sereno,Benzo(a)pirene,2025-11,0.80,10
12593,Brescia Villaggio Sereno,Benzo(a)pirene,2025-12,1.64,10
12601,Darfo Boario Terme v. De Amicis,Nikel,2008-04,1.00,8
12601,Darfo Boario Terme v. De Amicis,Nikel,2008-05,1.25,7
12601,Darfo Boario Terme v. De Amicis,Nikel,2008-06,1.00,17
12601,Darfo Boario Terme v. De Amicis,Nikel,2008-07,1.00,13
12601,Darfo Boario Terme v. De Amicis,Nikel,2008-08,1.00,17
12601,Darfo Boario Terme v. De Amicis,Nikel,2008-09,1.00,14
12601,Darfo Boario Terme v. De Amicis,Nikel,2008-10,1.07,15
12601,Darfo Boario Terme v. De Amicis,Nikel,2008-11,1.39,11
12601,Darfo Boario Terme v. De Amicis,Nikel,2008-12,4.49,16
12601,Darfo Boario Terme v. De Amicis,Nikel,2009-01,13.46,12
12601,Darfo Boario Terme v. De Amicis,Nikel,2009-02,7.95,14
12601,Darfo Boario Terme v. De Amicis,Nikel,2009-03,45.88,16
12601,Darfo Boario Terme v. De Amicis,Nikel,2009-04,7.33,16
12601,Darfo Boario Terme v. De Amicis,Nikel,2009-05,1.00,16
12601,Darfo Boario Terme v. De Amicis,Nikel,2009-06,5.98,16
12601,Darfo Boario Terme v. De Amicis,Nikel,2009-07,3.47,14
12601,Darfo Boario Terme v. De Amicis,Nikel,2009-08,3.11,16
12601,Darfo Boario Terme v. De Amicis,Nikel,2009-09,7.97,17
12601,Darfo Boario Terme v. De Amicis,Nikel,2009-10,2.50,16
12601,Darfo Boario Terme v. De Amicis,Nikel,2009-11,2.50,14
12601,Darfo Boario Terme v. De Amicis,Nikel,2009-12,2.50,17
12601,Darfo Boario Terme v. De Amicis,Nikel,2010-01,3.53,16
12601,Darfo Boario Terme v. De Amicis,Nikel,2010-02,31.28,16
12601,Darfo Boario Terme v. De Amicis,Nikel,2010-03,32.60,16
12601,Darfo Boario Terme v. De Amicis,Nikel,2010-04,35.33,5
12601,Darfo Boario Terme v. De Amicis,Nikel,2010-05,11.36,5
12601,Darfo Boario Terme v. De Amicis,Nikel,2010-06,5.71,5
12601,Darfo Boario Terme v. De Amicis,Nikel,2010-07,24.41,5
12601,Darfo Boario Terme v. De Amicis,Nikel,2010-08,2.10,5
12601,Darfo Boario Terme v. De Amicis,Nikel,2010-09,3.78,5
12601,Darfo Boario Terme v. De Amicis,Nikel,2010-10,6.31,5
12601,Darfo Boario Terme v. De Amicis,Nikel,2010-11,2.10,5
12601,Darfo Boario Terme v. De Amicis,Nikel,2010-12,32.42,5
12601,Darfo Boario Terme v. De Amicis,Nikel,2011-01,22.74,5
12601,Darfo Boario Terme v. De Amicis,Nikel,2011-02,2.10,5
12601,Darfo Boario Terme v. De Amicis,Nikel,2011-03,10.52,5
12601,Darfo Boario Terme v. De Amicis,Nikel,2011-04,12.62,17
12601,Darfo Boario Terme v. De Amicis,Nikel,2011-05,22.27,17
12601,Darfo Boario Terme v. De Amicis,Nikel,2011-06,14.97,17
12601,Darfo Boario Terme v. De Amicis,Nikel,2011-07,8.68,16
12601,Darfo Boario Terme v. De Amicis,Nikel,2011-08,9.46,16
12601,Darfo Boario Terme v. De Amicis,Nikel,2011-09,9.33,16
12601,Darfo Boario Terme v. De Amicis,Nikel,2011-10,6.80,17
12601,Darfo Boario Terme v. De Amicis,Nikel,2011-11,7.42,17
12601,Darfo Boario Terme v. De Amicis,Nikel,2011-12,4.60,16
12601,Darfo Boario Terme v. De Amicis,Nikel,2012-01,36.87,17
12601,Darfo Boario Terme v. De Amicis,Nikel,2012-02,7.23,16
12601,Darfo Boario Terme v. De Amicis,Nikel,2012-03,8.80,16
12601,Darfo Boario Terme v. De Amicis,Nikel,2012-04,5.07,17
12601,Darfo Boario Terme v. De Amicis,Nikel,2012-05,2.22,17
12601,Darfo Boario Terme v. De Amicis,Nikel,2012-06,4.08,17
12601,Darfo Boario Terme v. De Amicis,Nikel,2012-07,3.46,17
12601,Darfo Boario Terme v. De Amicis,Nikel,2012-08,5.25,12
12601,Darfo Boario Terme v. De Amicis,Nikel,2012-09,2.25,17
12601,Darfo Boario Terme v. De Amicis,Nikel,2012-10,8.78,17
12601,Darfo Boario Terme v. De Amicis,Nikel,2012-11,11.31,16
12601,Darfo Boario Terme v. De Amicis,Nikel,2012-12,7.49,16
12601,Darfo Boario Terme v. De Amicis,Nikel,2013-01,8.40,15
12601,Darfo Boario Terme v. De Amicis,Nikel,2013-02,3.27,9
12601,Darfo Boario Terme v. De Amicis,Nikel,2013-03,3.36,5
12601,Darfo Boario Terme v. De Amicis,Nikel,2013-04,4.20,5
12601,Darfo Boario Terme v. De Amicis,Nikel,2013-05,3.85,6
12601,Darfo Boario Terme v. De Amicis,Nikel,2013-06,3.36,5
12601,Darfo Boario Terme v. De Amicis,Nikel,2013-07,2.10,5
12601,Darfo Boario Terme v. De Amicis,Nikel,2013-12,3.15,2
12601,Darfo Boario Terme v. De Amicis,Nikel,2014-01,4.63,5
12601,Darfo Boario Terme v. De Amicis,Nikel,2014-02,2.10,5
12601,Darfo Boario Terme v. De Amicis,Nikel,2014-03,2.10,5
12601,Darfo Boario Terme v. De Amicis,Nikel,2014-04,3.36,5
12601,Darfo Boario Terme v. De Amicis,Nikel,2014-05,2.10,5
12601,Darfo Boario Terme v. De Amicis,Nikel,2014-06,2.10,5
12601,Darfo Boario Terme v. De Amicis,Nikel,2014-07,2.10,6
12601,Darfo Boario Terme v. De Amicis,Nikel,2014-08,2.10,5
12601,Darfo Boario Terme v. De Amicis,Nikel,2014-09,2.52,5
12601,Darfo Boario Terme v. De Amicis,Nikel,2014-10,2.10,5
12601,Darfo Boario Terme v. De Amicis,Nikel,2014-11,2.10,5
12601,Darfo Boario Terme v. De Amicis,Nikel,2014-12,2.10,5
12601,Darfo Boario Terme v. De Amicis,Nikel,2015-01,5.05,5
12601,Darfo Boario Terme v. De Amicis,Nikel,2015-02,3.37,5
12601,Darfo Boario Terme v. De Amicis,Nikel,2015-03,2.52,5
12601,Darfo Boario Terme v. De Amicis,Nikel,2015-04,2.10,5
12601,Darfo Boario Terme v. De Amicis,Nikel,2015-05,2.10,5
12601,Darfo Boario Terme v. De Amicis,Nikel,2015-06,2.10,5
12601,Darfo Boario Terme v. De Amicis,Nikel,2015-07,6.31,5
12601,Darfo Boario Terme v. De Amicis,Nikel,2015-08,2.10,5
12601,Darfo Boario Terme v. De Amicis,Nikel,2015-09,2.10,5
12601,Darfo Boario Terme v. De Amicis,Nikel,2015-10,2.10,6
12601,Darfo Boario Terme v. De Amicis,Nikel,2015-11,2.52,5
12601,Darfo Boario Terme v. De Amicis,Nikel,2015-12,2.10,5
12601,Darfo Boario Terme v. De Amicis,Nikel,2016-01,2.10,4
12601,Darfo Boario Terme v. De Amicis,Nikel,2016-02,2.94,5
12601,Darfo Boario Terme v. De Amicis,Nikel,2016-03,2.52,5
12601,Darfo Boario Terme v. De Amicis,Nikel,2016-04,7.57,5
12601,Darfo Boario Terme v. De Amicis,Nikel,2016-05,5.85,5
12601,Darfo Boario Terme v. De Amicis,Nikel,2016-06,2.93,5
12601,Darfo Boario Terme v. De Amicis,Nikel,2016-07,5.47,5
12601,Darfo Boario Terme v. De Amicis,Nikel,2016-08,4.73,4
12601,Darfo Boario Terme v. De Amicis,Nikel,2016-09,3.36,5
12601,Darfo Boario Terme v. De Amicis,Nikel,2016-10,3.36,5
12601,Darfo Boario Terme v. De Amicis,Nikel,2016-11,4.20,5
12601,Darfo Boario Terme v. De Amicis,Nikel,2016-12,5.89,5
12601,Darfo Boario Terme v. De Amicis,Nikel,2017-01,6.73,5
12601,Darfo Boario Terme v. De Amicis,Nikel,2017-02,7.36,4
12601,Darfo Boario Terme v. De Amicis,Nikel,2017-03,6.73,5
12601,Darfo Boario Terme v. De Amicis,Nikel,2017-04,3.68,4
12601,Darfo Boario Terme v. De Amicis,Nikel,2017-05,3.36,5
12601,Darfo Boario Terme v. De Amicis,Nikel,2017-06,3.78,5
12601,Darfo Boario Terme v. De Amicis,Nikel,2017-07,7.36,4
12601,Darfo Boario Terme v. De Amicis,Nikel,2017-08,7.32,5
12601,Darfo Boario Terme v. De Amicis,Nikel,2017-09,4.21,4
12601,Darfo Boario Terme v. De Amicis,Nikel,2017-10,6.73,5
12601,Darfo Boario Terme v. De Amicis,Nikel,2017-11,7.15,5
12601,Darfo Boario Terme v. De Amicis,Nikel,2017-12,7.71,6
12601,Darfo Boario Terme v. De Amicis,Nikel,2018-01,7.99,5
12601,Darfo Boario Terme v. De Amicis,Nikel,2018-02,6.31,4
12601,Darfo Boario Terme v. De Amicis,Nikel,2018-03,5.89,5
12601,Darfo Boario Terme v. De Amicis,Nikel,2018-04,6.75,5
12601,Darfo Boario Terme v. De Amicis,Nikel,2018-05,4.73,4
12601,Darfo Boario Terme v. De Amicis,Nikel,2018-06,2.94,5
12601,Darfo Boario Terme v. De Amicis,Nikel,2018-07,3.15,2
12601,Darfo Boario Terme v. De Amicis,Nikel,2018-08,3.78,5
12601,Darfo Boario Terme v. De Amicis,Nikel,2018-09,7.15,5
12601,Darfo Boario Terme v. De Amicis,Nikel,2018-10,8.84,5
12601,Darfo Boario Terme v. De Amicis,Nikel,2018-11,6.73,5
12601,Darfo Boario Terme v. De Amicis,Nikel,2018-12,19.47,4
12601,Darfo Boario Terme v. De Amicis,Nikel,2019-01,7.36,4
12601,Darfo Boario Terme v. De Amicis,Nikel,2019-02,8.83,5
12601,Darfo Boario Terme v. De Amicis,Nikel,2019-03,2.52,5
12601,Darfo Boario Terme v. De Amicis,Nikel,2019-04,3.15,4
12601,Darfo Boario Terme v. De Amicis,Nikel,2019-05,2.29,5
12601,Darfo Boario Terme v. De Amicis,Nikel,2019-06,4.79,5
12601,Darfo Boario Terme v. De Amicis,Nikel,2019-07,7.38,6
12601,Darfo Boario Terme v. De Amicis,Nikel,2019-08,3.17,4
12601,Darfo Boario Terme v. De Amicis,Nikel,2019-09,4.38,5
12601,Darfo Boario Terme v. De Amicis,Nikel,2019-10,4.63,5
12601,Darfo Boario Terme v. De Amicis,Nikel,2019-11,2.94,5
12601,Darfo Boario Terme v. De Amicis,Nikel,2019-12,4.62,5
12601,Darfo Boario Terme v. De Amicis,Nikel,2020-01,4.21,6
12601,Darfo Boario Terme v. De Amicis,Nikel,2020-02,7.15,5
12601,Darfo Boario Terme v. De Amicis,Nikel,2020-03,2.52,5
12601,Darfo Boario Terme v. De Amicis,Nikel,2020-04,4.20,5
12601,Darfo Boario Terme v. De Amicis,Nikel,2020-05,5.61,6
12601,Darfo Boario Terme v. De Amicis,Nikel,2020-06,2.10,5
12601,Darfo Boario Terme v. De Amicis,Nikel,2020-07,5.63,5
12601,Darfo Boario Terme v. De Amicis,Nikel,2020-08,2.94,5
12601,Darfo Boario Terme v. De Amicis,Nikel,2020-09,4.62,5
12601,Darfo Boario Terme v. De Amicis,Nikel,2020-10,6.31,5
12601,Darfo Boario Terme v. De Amicis,Nikel,2020-11,6.73,5
12601,Darfo Boario Terme v. De Amicis,Nikel,2020-12,6.73,5
12601,Darfo Boario Terme v. De Amicis,Nikel,2021-01,20.61,5
12601,Darfo Boario Terme v. De Amicis,Nikel,2021-02,3.79,5
12601,Darfo Boario Terme v. De Amicis,Nikel,2021-03,3.97,5
12601,Darfo Boario Terme v. De Amicis,Nikel,2021-04,10.36,5
12601,Darfo Boario Terme v. De Amicis,Nikel,2021-05,2.10,5
12601,Darfo Boario Terme v. De Amicis,Nikel,2021-06,2.17,5
12601,Darfo Boario Terme v. De Amicis,Nikel,2021-07,2.10,6
12601,Darfo Boario Terme v. De Amicis,Nikel,2021-08,2.10,5
12601,Darfo Boario Terme v. De Amicis,Nikel,2021-09,2.10,5
12601,Darfo Boario Terme v. De Amicis,Nikel,2021-10,2.10,5
12601,Darfo Boario Terme v. De Amicis,Nikel,2021-11,3.78,5
12601,Darfo Boario Terme v. De Amicis,Nikel,2021-12,5.21,5
12601,Darfo Boario Terme v. De Amicis,Nikel,2022-01,4.46,5
12601,Darfo Boario Terme v. De Amicis,Nikel,2022-02,2.61,5
12601,Darfo Boario Terme v. De Amicis,Nikel,2022-03,2.66,5
12601,Darfo Boario Terme v. De Amicis,Nikel,2022-04,2.10,5
12601,Darfo Boario Terme v. De Amicis,Nikel,2022-05,1.94,5
12601,Darfo Boario Terme v. De Amicis,Nikel,2022-06,0.85,5
12601,Darfo Boario Terme v. De Amicis,Nikel,2022-07,1.33,6
12601,Darfo Boario Terme v. De Amicis,Nikel,2022-08,1.03,5
12601,Darfo Boario Terme v. De Amicis,Nikel,2022-09,1.49,5
12601,Darfo Boario Terme v. De Amicis,Nikel,2022-10,3.27,6
12601,Darfo Boario Terme v. De Amicis,Nikel,2022-11,1.76,4
12601,Darfo Boario Terme v. De Amicis,Nikel,2022-12,2.42,5
12601,Darfo Boario Terme v. De Amicis,Nikel,2023-01,2.84,5
12601,Darfo Boario Terme v. De Amicis,Nikel,2023-02,1.54,5
12601,Darfo Boario Terme v. De Amicis,Nikel,2023-03,2.07,5
12601,Darfo Boario Terme v. De Amicis,Nikel,2023-04,1.23,5
12601,Darfo Boario Terme v. De Amicis,Nikel,2023-05,1.02,5
12601,Darfo Boario Terme v. De Amicis,Nikel,2023-06,1.28,5
12602,Darfo Boario Terme v. De Amicis,Arsenico,2008-04,0.74,8
12602,Darfo Boario Terme v. De Amicis,Arsenico,2008-05,1.04,7
12602,Darfo Boario Terme v. De Amicis,Arsenico,2008-06,1.15,17
12602,Darfo Boario Terme v. De Amicis,Arsenico,2008-07,1.72,13
12602,Darfo Boario Terme v. De Amicis,Arsenico,2008-08,1.45,17
12602,Darfo Boario Terme v. De Amicis,Arsenico,2008-09,2.05,14
12602,Darfo Boario Terme v. De Amicis,Arsenico,2008-10,2.52,15
12602,Darfo Boario Terme v. De Amicis,Arsenico,2008-11,1.73,11
12602,Darfo Boario Terme v. De Amicis,Arsenico,2008-12,2.15,16
12602,Darfo Boario Terme v. De Amicis,Arsenico,2009-01,2.40,12
12602,Darfo Boario Terme v. De Amicis,Arsenico,2009-02,1.97,14
12602,Darfo Boario Terme v. De Amicis,Arsenico,2009-03,3.86,16
12602,Darfo Boario Terme v. De Amicis,Arsenico,2009-04,0.70,16
12602,Darfo Boario Terme v. De Amicis,Arsenico,2009-05,2.03,16
12602,Darfo Boario Terme v. De Amicis,Arsenico,2009-06,1.00,16
12602,Darfo Boario Terme v. De Amicis,Arsenico,2009-07,1.50,14
12602,Darfo Boario Terme v. De Amicis,Arsenico,2009-08,1.56,16
12602,Darfo Boario Terme v. De Amicis,Arsenico,2009-09,1.50,17
12602,Darfo Boario Terme v. De Amicis,Arsenico,2009-10,3.19,16
12602,Darfo Boario Terme v. De Amicis,Arsenico,2009-11,4.36,14
12602,Darfo Boario Terme v. De Amicis,Arsenico,2009-12,1.50,17
12602,Darfo Boario Terme v. De Amicis,Arsenico,2010-01,1.66,16
12602,Darfo Boario Terme v. De Amicis,Arsenico,2010-02,1.77,16
12602,Darfo Boario Terme v. De Amicis,Arsenico,2010-03,1.51,16
12602,Darfo Boario Terme v. De Amicis,Arsenico,2010-04,1.05,5
12602,Darfo Boario Terme v. De Amicis,Arsenico,2010-05,2.10,5
12602,Darfo Boario Terme v. De Amicis,Arsenico,2010-06,1.26,5
12602,Darfo Boario Terme v. De Amicis,Arsenico,2010-07,4.21,5
12602,Darfo Boario Terme v. De Amicis,Arsenico,2010-08,2.10,5
12602,Darfo Boario Terme v. De Amicis,Arsenico,2010-09,1.89,5
12602,Darfo Boario Terme v. De Amicis,Arsenico,2010-10,2.94,5
12602,Darfo Boario Terme v. De Amicis,Arsenico,2010-11,1.68,5
12602,Darfo Boario Terme v. De Amicis,Arsenico,2010-12,1.89,5
12602,Darfo Boario Terme v. De Amicis,Arsenico,2011-01,1.26,5
12602,Darfo Boario Terme v. De Amicis,Arsenico,2011-02,1.89,5
12602,Darfo Boario Terme v. De Amicis,Arsenico,2011-03,1.26,5
12602,Darfo Boario Terme v. De Amicis,Arsenico,2011-04,1.55,17
12602,Darfo Boario Terme v. De Amicis,Arsenico,2011-05,1.48,17
12602,Darfo Boario Terme v. De Amicis,Arsenico,2011-06,1.17,17
12602,Darfo Boario Terme v. De Amicis,Arsenico,2011-07,1.05,16
12602,Darfo Boario Terme v. De Amicis,Arsenico,2011-08,1.05,16
12602,Darfo Boario Terme v. De Amicis,Arsenico,2011-09,1.12,16
12602,Darfo Boario Terme v. De Amicis,Arsenico,2011-10,1.36,17
12602,Darfo Boario Terme v. De Amicis,Arsenico,2011-11,1.86,17
12602,Darfo Boario Terme v. De Amicis,Arsenico,2011-12,1.45,16
12602,Darfo Boario Terme v. De Amicis,Arsenico,2012-01,1.98,17
12602,Darfo Boario Terme v. De Amicis,Arsenico,2012-02,1.05,16
12602,Darfo Boario Terme v. De Amicis,Arsenico,2012-03,1.05,16
12602,Darfo Boario Terme v. De Amicis,Arsenico,2012-04,1.30,17
12602,Darfo Boario Terme v. De Amicis,Arsenico,2012-05,1.11,17
12602,Darfo Boario Terme v. De Amicis,Arsenico,2012-06,1.05,17
12602,Darfo Boario Terme v. De Amicis,Arsenico,2012-07,1.30,17
12602,Darfo Boario Terme v. De Amicis,Arsenico,2012-08,0.60,12
12602,Darfo Boario Terme v. De Amicis,Arsenico,2012-09,0.79,17
12602,Darfo Boario Terme v. De Amicis,Arsenico,2012-10,1.55,17
12602,Darfo Boario Terme v. De Amicis,Arsenico,2012-11,2.17,16
12602,Darfo Boario Terme v. De Amicis,Arsenico,2012-12,1.51,16
12602,Darfo Boario Terme v. De Amicis,Arsenico,2013-01,1.68,15
12602,Darfo Boario Terme v. De Amicis,Arsenico,2013-02,1.40,9
12602,Darfo Boario Terme v. De Amicis,Arsenico,2013-03,1.05,5
12602,Darfo Boario Terme v. De Amicis,Arsenico,2013-04,1.05,5
12602,Darfo Boario Terme v. De Amicis,Arsenico,2013-05,1.05,6
12602,Darfo Boario Terme v. De Amicis,Arsenico,2013-06,1.05,5
12602,Darfo Boario Terme v. De Amicis,Arsenico,2013-07,1.05,5
12602,Darfo Boario Terme v. De Amicis,Arsenico,2013-12,1.05,2
12602,Darfo Boario Terme v. De Amicis,Arsenico,2014-01,1.05,5
12602,Darfo Boario Terme v. De Amicis,Arsenico,2014-02,1.05,5
12602,Darfo Boario Terme v. De Amicis,Arsenico,2014-03,1.05,5
12602,Darfo Boario Terme v. De Amicis,Arsenico,2014-04,1.05,5
12602,Darfo Boario Terme v. De Amicis,Arsenico,2014-05,1.05,5
12602,Darfo Boario Terme v. De Amicis,Arsenico,2014-06,1.05,5
12602,Darfo Boario Terme v. De Amicis,Arsenico,2014-07,1.05,6
12602,Darfo Boario Terme v. De Amicis,Arsenico,2014-08,1.05,5
12602,Darfo Boario Terme v. De Amicis,Arsenico,2014-09,1.05,5
12602,Darfo Boario Terme v. De Amicis,Arsenico,2014-10,1.05,5
12602,Darfo Boario Terme v. De Amicis,Arsenico,2014-11,1.05,5
12602,Darfo Boario Terme v. De Amicis,Arsenico,2014-12,1.26,5
12602,Darfo Boario Terme v. De Amicis,Arsenico,2015-01,1.26,5
12602,Darfo Boario Terme v. De Amicis,Arsenico,2015-02,1.05,5
12602,Darfo Boario Terme v. De Amicis,Arsenico,2015-03,1.05,5
12602,Darfo Boario Terme v. De Amicis,Arsenico,2015-04,1.05,5
12602,Darfo Boario Terme v. De Amicis,Arsenico,2015-05,1.05,5
12602,Darfo Boario Terme v. De Amicis,Arsenico,2015-06,1.05,5
12602,Darfo Boario Terme v. De Amicis,Arsenico,2015-07,1.05,5
12602,Darfo Boario Terme v. De Amicis,Arsenico,2015-08,1.05,5
12602,Darfo Boario Terme v. De Amicis,Arsenico,2015-09,1.05,5
12602,Darfo Boario Terme v. De Amicis,Arsenico,2015-10,1.05,6
12602,Darfo Boario Terme v. De Amicis,Arsenico,2015-11,1.89,5
12602,Darfo Boario Terme v. De Amicis,Arsenico,2015-12,1.05,5
12602,Darfo Boario Terme v. De Amicis,Arsenico,2016-01,1.05,4
12602,Darfo Boario Terme v. De Amicis,Arsenico,2016-02,1.05,5
12602,Darfo Boario Terme v. De Amicis,Arsenico,2016-03,1.05,5
12602,Darfo Boario Terme v. De Amicis,Arsenico,2016-04,1.05,5
12602,Darfo Boario Terme v. De Amicis,Arsenico,2016-05,1.05,5
12602,Darfo Boario Terme v. De Amicis,Arsenico,2016-06,1.05,5
12602,Darfo Boario Terme v. De Amicis,Arsenico,2016-07,1.05,5
12602,Darfo Boario Terme v. De Amicis,Arsenico,2016-08,1.05,4
12602,Darfo Boario Terme v. De Amicis,Arsenico,2016-09,1.05,5
12602,Darfo Boario Terme v. De Amicis,Arsenico,2016-10,1.05,5
12602,Darfo Boario Terme v. De Amicis,Arsenico,2016-11,1.05,5
12602,Darfo Boario Terme v. De Amicis,Arsenico,2016-12,1.05,5
12602,Darfo Boario Terme v. De Amicis,Arsenico,2017-01,1.68,5
12602,Darfo Boario Terme v. De Amicis,Arsenico,2017-02,1.58,4
12602,Darfo Boario Terme v. De Amicis,Arsenico,2017-03,1.26,5
12602,Darfo Boario Terme v. De Amicis,Arsenico,2017-04,1.05,4
12602,Darfo Boario Terme v. De Amicis,Arsenico,2017-05,1.05,5
12602,Darfo Boario Terme v. De Amicis,Arsenico,2017-06,1.05,5
12602,Darfo Boario Terme v. De Amicis,Arsenico,2017-07,1.05,4
12602,Darfo Boario Terme v. De Amicis,Arsenico,2017-08,1.05,5
12602,Darfo Boario Terme v. De Amicis,Arsenico,2017-09,1.05,4
12602,Darfo Boario Terme v. De Amicis,Arsenico,2017-10,1.05,5
12602,Darfo Boario Terme v. De Amicis,Arsenico,2017-11,1.05,5
12602,Darfo Boario Terme v. De Amicis,Arsenico,2017-12,1.05,6
12602,Darfo Boario Terme v. De Amicis,Arsenico,2018-01,1.26,5
12602,Darfo Boario Terme v. De Amicis,Arsenico,2018-02,1.05,4
12602,Darfo Boario Terme v. De Amicis,Arsenico,2018-03,1.05,5
12602,Darfo Boario Terme v. De Amicis,Arsenico,2018-04,1.05,5
12602,Darfo Boario Terme v. De Amicis,Arsenico,2018-05,1.05,4
12602,Darfo Boario Terme v. De Amicis,Arsenico,2018-06,1.47,5
12602,Darfo Boario Terme v. De Amicis,Arsenico,2018-07,1.05,2
12602,Darfo Boario Terme v. De Amicis,Arsenico,2018-08,1.05,5
12602,Darfo Boario Terme v. De Amicis,Arsenico,2018-09,1.05,5
12602,Darfo Boario Terme v. De Amicis,Arsenico,2018-10,1.47,5
12602,Darfo Boario Terme v. De Amicis,Arsenico,2018-11,1.05,5
12602,Darfo Boario Terme v. De Amicis,Arsenico,2018-12,1.31,4
12602,Darfo Boario Terme v. De Amicis,Arsenico,2019-01,1.31,4
12602,Darfo Boario Terme v. De Amicis,Arsenico,2019-02,2.10,5
12602,Darfo Boario Terme v. De Amicis,Arsenico,2019-03,1.05,5
12602,Darfo Boario Terme v. De Amicis,Arsenico,2019-04,1.05,4
12602,Darfo Boario Terme v. De Amicis,Arsenico,2019-05,1.14,5
12602,Darfo Boario Terme v. De Amicis,Arsenico,2019-06,1.09,5
12602,Darfo Boario Terme v. De Amicis,Arsenico,2019-07,1.06,6
12602,Darfo Boario Terme v. De Amicis,Arsenico,2019-08,1.06,4
12602,Darfo Boario Terme v. De Amicis,Arsenico,2019-09,1.09,5
12602,Darfo Boario Terme v. De Amicis,Arsenico,2019-10,1.05,5
12602,Darfo Boario Terme v. De Amicis,Arsenico,2019-11,1.05,5
12602,Darfo Boario Terme v. De Amicis,Arsenico,2019-12,1.05,5
12602,Darfo Boario Terme v. De Amicis,Arsenico,2020-01,1.05,6
12602,Darfo Boario Terme v. De Amicis,Arsenico,2020-02,1.05,5
12602,Darfo Boario Terme v. De Amicis,Arsenico,2020-03,1.05,5
12602,Darfo Boario Terme v. De Amicis,Arsenico,2020-04,1.05,5
12602,Darfo Boario Terme v. De Amicis,Arsenico,2020-05,1.05,6
12602,Darfo Boario Terme v. De Amicis,Arsenico,2020-06,1.47,5
12602,Darfo Boario Terme v. De Amicis,Arsenico,2020-07,2.48,5
12602,Darfo Boario Terme v. De Amicis,Arsenico,2020-08,1.05,5
12602,Darfo Boario Terme v. De Amicis,Arsenico,2020-09,1.26,5
12602,Darfo Boario Terme v. De Amicis,Arsenico,2020-10,1.05,5
12602,Darfo Boario Terme v. De Amicis,Arsenico,2020-11,1.47,5
12602,Darfo Boario Terme v. De Amicis,Arsenico,2020-12,2.31,5
12602,Darfo Boario Terme v. De Amicis,Arsenico,2021-01,1.68,5
12602,Darfo Boario Terme v. De Amicis,Arsenico,2021-02,1.05,5
12602,Darfo Boario Terme v. De Amicis,Arsenico,2021-03,1.31,5
12602,Darfo Boario Terme v. De Amicis,Arsenico,2021-04,1.05,5
12602,Darfo Boario Terme v. De Amicis,Arsenico,2021-05,1.05,5
12602,Darfo Boario Terme v. De Amicis,Arsenico,2021-06,1.08,5
12602,Darfo Boario Terme v. De Amicis,Arsenico,2021-07,1.05,6
12602,Darfo Boario Terme v. De Amicis,Arsenico,2021-08,1.05,5
12602,Darfo Boario Terme v. De Amicis,Arsenico,2021-09,1.05,5
12602,Darfo Boario Terme v. De Amicis,Arsenico,2021-10,1.05,5
12602,Darfo Boario Terme v. De Amicis,Arsenico,2021-11,1.05,5
12602,Darfo Boario Terme v. De Amicis,Arsenico,2021-12,1.68,5
12602,Darfo Boario Terme v. De Amicis,Arsenico,2022-01,1.22,5
12602,Darfo Boario Terme v. De Amicis,Arsenico,2022-02,0.67,5
12602,Darfo Boario Terme v. De Amicis,Arsenico,2022-03,1.06,5
12602,Darfo Boario Terme v. De Amicis,Arsenico,2022-04,0.88,5
12602,Darfo Boario Terme v. De Amicis,Arsenico,2022-05,0.67,5
12602,Darfo Boario Terme v. De Amicis,Arsenico,2022-06,0.42,5
12602,Darfo Boario Terme v. De Amicis,Arsenico,2022-07,0.68,6
12602,Darfo Boario Terme v. De Amicis,Arsenico,2022-08,0.29,5
12602,Darfo Boario Terme v. De Amicis,Arsenico,2022-09,0.74,5
12602,Darfo Boario Terme v. De Amicis,Arsenico,2022-10,1.35,6
12602,Darfo Boario Terme v. De Amicis,Arsenico,2022-11,1.33,4
12602,Darfo Boario Terme v. De Amicis,Arsenico,2022-12,1.49,5
12602,Darfo Boario Terme v. De Amicis,Arsenico,2023-01,1.39,5
12602,Darfo Boario Terme v. De Amicis,Arsenico,2023-02,1.34,5
12602,Darfo Boario Terme v. De Amicis,Arsenico,2023-03,0.83,5
12602,Darfo Boario Terme v. De Amicis,Arsenico,2023-04,0.57,5
12602,Darfo Boario Terme v. De Amicis,Arsenico,2023-05,0.71,5
12602,Darfo Boario Terme v. De Amicis,Arsenico,2023-06,1.08,5
12603,Darfo Boario Terme v. De Amicis,Cadmio,2008-04,0.15,8
12603,Darfo Boario Terme v. De Amicis,Cadmio,2008-05,0.20,7
12603,Darfo Boario Terme v. De Amicis,Cadmio,2008-06,0.14,17
12603,Darfo Boario Terme v. De Amicis,Cadmio,2008-07,0.11,13
12603,Darfo Boario Terme v. De Amicis,Cadmio,2008-08,0.10,17
12603,Darfo Boario Terme v. De Amicis,Cadmio,2008-09,0.15,14
12603,Darfo Boario Terme v. De Amicis,Cadmio,2008-10,0.50,15
12603,Darfo Boario Terme v. De Amicis,Cadmio,2008-11,0.33,11
12603,Darfo Boario Terme v. De Amicis,Cadmio,2008-12,0.40,16
12603,Darfo Boario Terme v. De Amicis,Cadmio,2009-01,0.58,12
12603,Darfo Boario Terme v. De Amicis,Cadmio,2009-02,0.43,14
12603,Darfo Boario Terme v. De Amicis,Cadmio,2009-03,0.52,16
12603,Darfo Boario Terme v. De Amicis,Cadmio,2009-04,0.20,16
12603,Darfo Boario Terme v. De Amicis,Cadmio,2009-05,0.12,16
12603,Darfo Boario Terme v. De Amicis,Cadmio,2009-06,0.39,16
12603,Darfo Boario Terme v. De Amicis,Cadmio,2009-07,0.60,14
12603,Darfo Boario Terme v. De Amicis,Cadmio,2009-08,0.50,16
12603,Darfo Boario Terme v. De Amicis,Cadmio,2009-09,0.50,17
12603,Darfo Boario Terme v. De Amicis,Cadmio,2009-10,0.50,16
12603,Darfo Boario Terme v. De Amicis,Cadmio,2009-11,0.50,14
12603,Darfo Boario Terme v. De Amicis,Cadmio,2009-12,0.50,17
12603,Darfo Boario Terme v. De Amicis,Cadmio,2010-01,0.66,16
12603,Darfo Boario Terme v. De Amicis,Cadmio,2010-02,0.43,16
12603,Darfo Boario Terme v. De Amicis,Cadmio,2010-03,0.32,16
12603,Darfo Boario Terme v. De Amicis,Cadmio,2010-04,0.24,5
12603,Darfo Boario Terme v. De Amicis,Cadmio,2010-05,0.29,5
12603,Darfo Boario Terme v. De Amicis,Cadmio,2010-06,0.20,5
12603,Darfo Boario Terme v. De Amicis,Cadmio,2010-07,0.20,5
12603,Darfo Boario Terme v. De Amicis,Cadmio,2010-08,0.20,5
12603,Darfo Boario Terme v. De Amicis,Cadmio,2010-09,0.20,5
12603,Darfo Boario Terme v. De Amicis,Cadmio,2010-10,0.20,5
12603,Darfo Boario Terme v. De Amicis,Cadmio,2010-11,0.24,5
12603,Darfo Boario Terme v. De Amicis,Cadmio,2010-12,0.59,5
12603,Darfo Boario Terme v. De Amicis,Cadmio,2011-01,0.51,5
12603,Darfo Boario Terme v. De Amicis,Cadmio,2011-02,0.51,5
12603,Darfo Boario Terme v. De Amicis,Cadmio,2011-03,0.26,5
12603,Darfo Boario Terme v. De Amicis,Cadmio,2011-04,0.37,17
12603,Darfo Boario Terme v. De Amicis,Cadmio,2011-05,0.25,17
12603,Darfo Boario Terme v. De Amicis,Cadmio,2011-06,0.13,17
12603,Darfo Boario Terme v. De Amicis,Cadmio,2011-07,0.20,16
12603,Darfo Boario Terme v. De Amicis,Cadmio,2011-08,0.11,16
12603,Darfo Boario Terme v. De Amicis,Cadmio,2011-09,0.22,16
12603,Darfo Boario Terme v. De Amicis,Cadmio,2011-10,0.48,17
12603,Darfo Boario Terme v. De Amicis,Cadmio,2011-11,0.57,17
12603,Darfo Boario Terme v. De Amicis,Cadmio,2011-12,0.43,16
12603,Darfo Boario Terme v. De Amicis,Cadmio,2012-01,0.56,17
12603,Darfo Boario Terme v. De Amicis,Cadmio,2012-02,0.22,16
12603,Darfo Boario Terme v. De Amicis,Cadmio,2012-03,0.17,16
12603,Darfo Boario Terme v. De Amicis,Cadmio,2012-04,0.18,17
12603,Darfo Boario Terme v. De Amicis,Cadmio,2012-05,0.13,17
12603,Darfo Boario Terme v. De Amicis,Cadmio,2012-06,0.11,17
12603,Darfo Boario Terme v. De Amicis,Cadmio,2012-07,0.11,17
12603,Darfo Boario Terme v. De Amicis,Cadmio,2012-08,0.06,12
12603,Darfo Boario Terme v. De Amicis,Cadmio,2012-09,0.21,17
12603,Darfo Boario Terme v. De Amicis,Cadmio,2012-10,0.29,17
12603,Darfo Boario Terme v. De Amicis,Cadmio,2012-11,0.50,16
12603,Darfo Boario Terme v. De Amicis,Cadmio,2012-12,0.58,16
12603,Darfo Boario Terme v. De Amicis,Cadmio,2013-01,0.66,15
12603,Darfo Boario Terme v. De Amicis,Cadmio,2013-02,0.60,9
12603,Darfo Boario Terme v. De Amicis,Cadmio,2013-03,0.24,5
12603,Darfo Boario Terme v. De Amicis,Cadmio,2013-04,0.23,5
12603,Darfo Boario Terme v. De Amicis,Cadmio,2013-05,0.20,6
12603,Darfo Boario Terme v. De Amicis,Cadmio,2013-06,0.21,5
12603,Darfo Boario Terme v. De Amicis,Cadmio,2013-07,0.14,5
12603,Darfo Boario Terme v. De Amicis,Cadmio,2013-12,0.40,2
12603,Darfo Boario Terme v. De Amicis,Cadmio,2014-01,0.46,5
12603,Darfo Boario Terme v. De Amicis,Cadmio,2014-02,0.25,5
12603,Darfo Boario Terme v. De Amicis,Cadmio,2014-03,0.22,5
12603,Darfo Boario Terme v. De Amicis,Cadmio,2014-04,0.16,5
12603,Darfo Boario Terme v. De Amicis,Cadmio,2014-05,0.14,5
12603,Darfo Boario Terme v. De Amicis,Cadmio,2014-06,0.16,5
12603,Darfo Boario Terme v. De Amicis,Cadmio,2014-07,0.11,6
12603,Darfo Boario Terme v. De Amicis,Cadmio,2014-08,0.06,5
12603,Darfo Boario Terme v. De Amicis,Cadmio,2014-09,0.14,5
12603,Darfo Boario Terme v. De Amicis,Cadmio,2014-10,0.19,5
12603,Darfo Boario Terme v. De Amicis,Cadmio,2014-11,0.46,5
12603,Darfo Boario Terme v. De Amicis,Cadmio,2014-12,0.59,5
12603,Darfo Boario Terme v. De Amicis,Cadmio,2015-01,0.67,5
12603,Darfo Boario Terme v. De Amicis,Cadmio,2015-02,0.42,5
12603,Darfo Boario Terme v. De Amicis,Cadmio,2015-03,0.38,5
12603,Darfo Boario Terme v. De Amicis,Cadmio,2015-04,0.22,5
12603,Darfo Boario Terme v. De Amicis,Cadmio,2015-05,0.16,5
12603,Darfo Boario Terme v. De Amicis,Cadmio,2015-06,0.17,5
12603,Darfo Boario Terme v. De Amicis,Cadmio,2015-07,0.18,5
12603,Darfo Boario Terme v. De Amicis,Cadmio,2015-08,0.13,5
12603,Darfo Boario Terme v. De Amicis,Cadmio,2015-09,0.22,5
12603,Darfo Boario Terme v. De Amicis,Cadmio,2015-10,1.16,6
12603,Darfo Boario Terme v. De Amicis,Cadmio,2015-11,0.38,5
12603,Darfo Boario Terme v. De Amicis,Cadmio,2015-12,0.46,5
12603,Darfo Boario Terme v. De Amicis,Cadmio,2016-01,0.28,4
12603,Darfo Boario Terme v. De Amicis,Cadmio,2016-02,0.40,5
12603,Darfo Boario Terme v. De Amicis,Cadmio,2016-03,0.18,5
12603,Darfo Boario Terme v. De Amicis,Cadmio,2016-04,0.21,5
12603,Darfo Boario Terme v. De Amicis,Cadmio,2016-05,0.29,5
12603,Darfo Boario Terme v. De Amicis,Cadmio,2016-06,0.12,5
12603,Darfo Boario Terme v. De Amicis,Cadmio,2016-07,0.09,5
12603,Darfo Boario Terme v. De Amicis,Cadmio,2016-08,0.13,4
12603,Darfo Boario Terme v. De Amicis,Cadmio,2016-09,0.18,5
12603,Darfo Boario Terme v. De Amicis,Cadmio,2016-10,1.35,5
12603,Darfo Boario Terme v. De Amicis,Cadmio,2016-11,0.24,5
12603,Darfo Boario Terme v. De Amicis,Cadmio,2016-12,0.50,5
12603,Darfo Boario Terme v. De Amicis,Cadmio,2017-01,0.71,5
12603,Darfo Boario Terme v. De Amicis,Cadmio,2017-02,0.63,4
12603,Darfo Boario Terme v. De Amicis,Cadmio,2017-03,0.37,5
12603,Darfo Boario Terme v. De Amicis,Cadmio,2017-04,0.17,4
12603,Darfo Boario Terme v. De Amicis,Cadmio,2017-05,0.11,5
12603,Darfo Boario Terme v. De Amicis,Cadmio,2017-06,0.10,5
12603,Darfo Boario Terme v. De Amicis,Cadmio,2017-07,0.18,4
12603,Darfo Boario Terme v. De Amicis,Cadmio,2017-08,0.14,5
12603,Darfo Boario Terme v. De Amicis,Cadmio,2017-09,0.27,4
12603,Darfo Boario Terme v. De Amicis,Cadmio,2017-10,0.41,5
12603,Darfo Boario Terme v. De Amicis,Cadmio,2017-11,0.34,5
12603,Darfo Boario Terme v. De Amicis,Cadmio,2017-12,0.39,6
12603,Darfo Boario Terme v. De Amicis,Cadmio,2018-01,0.50,5
12603,Darfo Boario Terme v. De Amicis,Cadmio,2018-02,0.26,4
12603,Darfo Boario Terme v. De Amicis,Cadmio,2018-03,0.25,5
12603,Darfo Boario Terme v. De Amicis,Cadmio,2018-04,0.17,5
12603,Darfo Boario Terme v. De Amicis,Cadmio,2018-05,0.15,4
12603,Darfo Boario Terme v. De Amicis,Cadmio,2018-06,7.57,5
12603,Darfo Boario Terme v. De Amicis,Cadmio,2018-07,0.21,2
12603,Darfo Boario Terme v. De Amicis,Cadmio,2018-08,0.21,4
12603,Darfo Boario Terme v. De Amicis,Cadmio,2018-09,0.12,5
12603,Darfo Boario Terme v. De Amicis,Cadmio,2018-10,0.19,5
12603,Darfo Boario Terme v. De Amicis,Cadmio,2018-11,0.24,5
12603,Darfo Boario Terme v. De Amicis,Cadmio,2018-12,0.32,4
12603,Darfo Boario Terme v. De Amicis,Cadmio,2019-01,0.37,4
12603,Darfo Boario Terme v. De Amicis,Cadmio,2019-02,0.42,5
12603,Darfo Boario Terme v. De Amicis,Cadmio,2019-03,0.18,5
12603,Darfo Boario Terme v. De Amicis,Cadmio,2019-04,0.15,4
12603,Darfo Boario Terme v. De Amicis,Cadmio,2019-05,0.17,5
12603,Darfo Boario Terme v. De Amicis,Cadmio,2019-06,0.08,5
12603,Darfo Boario Terme v. De Amicis,Cadmio,2019-07,0.08,6
12603,Darfo Boario Terme v. De Amicis,Cadmio,2019-08,0.06,4
12603,Darfo Boario Terme v. De Amicis,Cadmio,2019-09,0.13,5
12603,Darfo Boario Terme v. De Amicis,Cadmio,2019-10,0.18,5
12603,Darfo Boario Terme v. De Amicis,Cadmio,2019-11,0.19,5
12603,Darfo Boario Terme v. De Amicis,Cadmio,2019-12,0.63,5
12603,Darfo Boario Terme v. De Amicis,Cadmio,2020-01,0.42,6
12603,Darfo Boario Terme v. De Amicis,Cadmio,2020-02,0.29,5
12603,Darfo Boario Terme v. De Amicis,Cadmio,2020-03,0.15,5
12603,Darfo Boario Terme v. De Amicis,Cadmio,2020-04,0.14,5
12603,Darfo Boario Terme v. De Amicis,Cadmio,2020-05,0.08,6
12603,Darfo Boario Terme v. De Amicis,Cadmio,2020-06,0.07,5
12603,Darfo Boario Terme v. De Amicis,Cadmio,2020-07,0.16,5
12603,Darfo Boario Terme v. De Amicis,Cadmio,2020-08,0.06,5
12603,Darfo Boario Terme v. De Amicis,Cadmio,2020-09,0.18,5
12603,Darfo Boario Terme v. De Amicis,Cadmio,2020-10,0.17,5
12603,Darfo Boario Terme v. De Amicis,Cadmio,2020-11,0.38,5
12603,Darfo Boario Terme v. De Amicis,Cadmio,2020-12,0.42,5
12603,Darfo Boario Terme v. De Amicis,Cadmio,2021-01,0.29,5
12603,Darfo Boario Terme v. De Amicis,Cadmio,2021-02,0.31,5
12603,Darfo Boario Terme v. De Amicis,Cadmio,2021-03,0.20,5
12603,Darfo Boario Terme v. De Amicis,Cadmio,2021-04,0.19,5
12603,Darfo Boario Terme v. De Amicis,Cadmio,2021-05,0.20,5
12603,Darfo Boario Terme v. De Amicis,Cadmio,2021-06,0.08,5
12603,Darfo Boario Terme v. De Amicis,Cadmio,2021-07,0.17,6
12603,Darfo Boario Terme v. De Amicis,Cadmio,2021-08,0.16,5
12603,Darfo Boario Terme v. De Amicis,Cadmio,2021-09,0.18,5
12603,Darfo Boario Terme v. De Amicis,Cadmio,2021-10,0.24,5
12603,Darfo Boario Terme v. De Amicis,Cadmio,2021-11,0.55,5
12603,Darfo Boario Terme v. De Amicis,Cadmio,2021-12,0.71,5
12603,Darfo Boario Terme v. De Amicis,Cadmio,2022-01,0.55,5
12603,Darfo Boario Terme v. De Amicis,Cadmio,2022-02,0.29,5
12603,Darfo Boario Terme v. De Amicis,Cadmio,2022-03,0.38,5
12603,Darfo Boario Terme v. De Amicis,Cadmio,2022-04,0.18,5
12603,Darfo Boario Terme v. De Amicis,Cadmio,2022-05,0.13,5
12603,Darfo Boario Terme v. De Amicis,Cadmio,2022-06,0.12,5
12603,Darfo Boario Terme v. De Amicis,Cadmio,2022-07,0.10,6
12603,Darfo Boario Terme v. De Amicis,Cadmio,2022-08,0.09,5
12603,Darfo Boario Terme v. De Amicis,Cadmio,2022-09,0.18,5
12603,Darfo Boario Terme v. De Amicis,Cadmio,2022-10,0.25,6
12603,Darfo Boario Terme v. De Amicis,Cadmio,2022-11,0.56,4
12603,Darfo Boario Terme v. De Amicis,Cadmio,2022-12,0.59,5
12603,Darfo Boario Terme v. De Amicis,Cadmio,2023-01,0.50,5
12603,Darfo Boario Terme v. De Amicis,Cadmio,2023-02,0.39,5
12603,Darfo Boario Terme v. De Amicis,Cadmio,2023-03,0.14,5
12603,Darfo Boario Terme v. De Amicis,Cadmio,2023-04,0.57,5
12603,Darfo Boario Terme v. De Amicis,Cadmio,2023-05,0.09,5
12603,Darfo Boario Terme v. De Amicis,Cadmio,2023-06,0.12,5
12604,Darfo Boario Terme v. De Amicis,Piombo,2008-04,4.65,8
12604,Darfo Boario Terme v. De Amicis,Piombo,2008-05,6.82,7
12604,Darfo Boario Terme v. De Amicis,Piombo,2008-06,4.65,17
12604,Darfo Boario Terme v. De Amicis,Piombo,2008-07,4.19,13
12604,Darfo Boario Terme v. De Amicis,Piombo,2008-08,3.61,17
12604,Darfo Boario Terme v. De Amicis,Piombo,2008-09,5.31,14
12604,Darfo Boario Terme v. De Amicis,Piombo,2008-10,18.63,15
12604,Darfo Boario Terme v. De Amicis,Piombo,2008-11,14.10,11
12604,Darfo Boario Terme v. De Amicis,Piombo,2008-12,18.34,16
12604,Darfo Boario Terme v. De Amicis,Piombo,2009-01,21.25,12
12604,Darfo Boario Terme v. De Amicis,Piombo,2009-02,12.13,14
12604,Darfo Boario Terme v. De Amicis,Piombo,2009-03,8.44,16
12604,Darfo Boario Terme v. De Amicis,Piombo,2009-04,6.37,16
12604,Darfo Boario Terme v. De Amicis,Piombo,2009-05,1.63,16
12604,Darfo Boario Terme v. De Amicis,Piombo,2009-06,9.49,16
12604,Darfo Boario Terme v. De Amicis,Piombo,2009-07,3.56,14
12604,Darfo Boario Terme v. De Amicis,Piombo,2009-08,1.94,16
12604,Darfo Boario Terme v. De Amicis,Piombo,2009-09,1.82,17
12604,Darfo Boario Terme v. De Amicis,Piombo,2009-10,3.85,16
12604,Darfo Boario Terme v. De Amicis,Piombo,2009-11,11.64,14
12604,Darfo Boario Terme v. De Amicis,Piombo,2009-12,9.56,17
12604,Darfo Boario Terme v. De Amicis,Piombo,2010-01,13.44,16
12604,Darfo Boario Terme v. De Amicis,Piombo,2010-02,19.98,16
12604,Darfo Boario Terme v. De Amicis,Piombo,2010-03,17.74,16
12604,Darfo Boario Terme v. De Amicis,Piombo,2010-04,12.20,5
12604,Darfo Boario Terme v. De Amicis,Piombo,2010-05,10.10,5
12604,Darfo Boario Terme v. De Amicis,Piombo,2010-06,7.15,5
12604,Darfo Boario Terme v. De Amicis,Piombo,2010-07,6.73,5
12604,Darfo Boario Terme v. De Amicis,Piombo,2010-08,4.42,5
12604,Darfo Boario Terme v. De Amicis,Piombo,2010-09,3.15,5
12604,Darfo Boario Terme v. De Amicis,Piombo,2010-10,4.21,5
12604,Darfo Boario Terme v. De Amicis,Piombo,2010-11,8.00,5
12604,Darfo Boario Terme v. De Amicis,Piombo,2010-12,23.16,5
12604,Darfo Boario Terme v. De Amicis,Piombo,2011-01,31.16,5
12604,Darfo Boario Terme v. De Amicis,Piombo,2011-02,24.01,5
12604,Darfo Boario Terme v. De Amicis,Piombo,2011-03,19.79,5
12604,Darfo Boario Terme v. De Amicis,Piombo,2011-04,13.37,17
12604,Darfo Boario Terme v. De Amicis,Piombo,2011-05,10.89,17
12604,Darfo Boario Terme v. De Amicis,Piombo,2011-06,9.90,17
12604,Darfo Boario Terme v. De Amicis,Piombo,2011-07,4.21,16
12604,Darfo Boario Terme v. De Amicis,Piombo,2011-08,4.40,16
12604,Darfo Boario Terme v. De Amicis,Piombo,2011-09,10.78,16
12604,Darfo Boario Terme v. De Amicis,Piombo,2011-10,14.60,17
12604,Darfo Boario Terme v. De Amicis,Piombo,2011-11,34.65,17
12604,Darfo Boario Terme v. De Amicis,Piombo,2011-12,18.67,16
12604,Darfo Boario Terme v. De Amicis,Piombo,2012-01,28.95,17
12604,Darfo Boario Terme v. De Amicis,Piombo,2012-02,18.01,16
12604,Darfo Boario Terme v. De Amicis,Piombo,2012-03,12.28,16
12604,Darfo Boario Terme v. De Amicis,Piombo,2012-04,7.29,17
12604,Darfo Boario Terme v. De Amicis,Piombo,2012-05,4.64,17
12604,Darfo Boario Terme v. De Amicis,Piombo,2012-06,9.28,17
12604,Darfo Boario Terme v. De Amicis,Piombo,2012-07,5.69,17
12604,Darfo Boario Terme v. De Amicis,Piombo,2012-08,4.34,12
12604,Darfo Boario Terme v. De Amicis,Piombo,2012-09,10.10,17
12604,Darfo Boario Terme v. De Amicis,Piombo,2012-10,7.55,17
12604,Darfo Boario Terme v. De Amicis,Piombo,2012-11,11.31,16
12604,Darfo Boario Terme v. De Amicis,Piombo,2012-12,23.66,16
12604,Darfo Boario Terme v. De Amicis,Piombo,2013-01,34.17,15
12604,Darfo Boario Terme v. De Amicis,Piombo,2013-02,20.08,9
12604,Darfo Boario Terme v. De Amicis,Piombo,2013-03,7.99,5
12604,Darfo Boario Terme v. De Amicis,Piombo,2013-04,8.41,5
12604,Darfo Boario Terme v. De Amicis,Piombo,2013-05,3.15,6
12604,Darfo Boario Terme v. De Amicis,Piombo,2013-06,4.41,5
12604,Darfo Boario Terme v. De Amicis,Piombo,2013-07,3.78,5
12604,Darfo Boario Terme v. De Amicis,Piombo,2013-12,3.16,2
12604,Darfo Boario Terme v. De Amicis,Piombo,2014-01,10.52,5
12604,Darfo Boario Terme v. De Amicis,Piombo,2014-02,11.36,5
12604,Darfo Boario Terme v. De Amicis,Piombo,2014-03,11.15,5
12604,Darfo Boario Terme v. De Amicis,Piombo,2014-04,8.41,5
12604,Darfo Boario Terme v. De Amicis,Piombo,2014-05,5.47,5
12604,Darfo Boario Terme v. De Amicis,Piombo,2014-06,8.47,5
12604,Darfo Boario Terme v. De Amicis,Piombo,2014-07,6.31,6
12604,Darfo Boario Terme v. De Amicis,Piombo,2014-08,3.79,5
12604,Darfo Boario Terme v. De Amicis,Piombo,2014-09,9.26,5
12604,Darfo Boario Terme v. De Amicis,Piombo,2014-10,5.68,5
12604,Darfo Boario Terme v. De Amicis,Piombo,2014-11,11.37,5
12604,Darfo Boario Terme v. De Amicis,Piombo,2014-12,14.74,5
12604,Darfo Boario Terme v. De Amicis,Piombo,2015-01,25.27,5
12604,Darfo Boario Terme v. De Amicis,Piombo,2015-02,19.37,5
12604,Darfo Boario Terme v. De Amicis,Piombo,2015-03,14.31,5
12604,Darfo Boario Terme v. De Amicis,Piombo,2015-04,9.26,5
12604,Darfo Boario Terme v. De Amicis,Piombo,2015-05,3.16,5
12604,Darfo Boario Terme v. De Amicis,Piombo,2015-06,4.21,5
12604,Darfo Boario Terme v. De Amicis,Piombo,2015-07,5.05,5
12604,Darfo Boario Terme v. De Amicis,Piombo,2015-08,2.53,5
12604,Darfo Boario Terme v. De Amicis,Piombo,2015-09,3.11,5
12604,Darfo Boario Terme v. De Amicis,Piombo,2015-10,9.83,6
12604,Darfo Boario Terme v. De Amicis,Piombo,2015-11,14.73,5
12604,Darfo Boario Terme v. De Amicis,Piombo,2015-12,18.11,5
12604,Darfo Boario Terme v. De Amicis,Piombo,2016-01,14.71,4
12604,Darfo Boario Terme v. De Amicis,Piombo,2016-02,7.99,5
12604,Darfo Boario Terme v. De Amicis,Piombo,2016-03,8.83,5
12604,Darfo Boario Terme v. De Amicis,Piombo,2016-04,11.77,5
12604,Darfo Boario Terme v. De Amicis,Piombo,2016-05,16.72,5
12604,Darfo Boario Terme v. De Amicis,Piombo,2016-06,5.86,5
12604,Darfo Boario Terme v. De Amicis,Piombo,2016-07,4.21,5
12604,Darfo Boario Terme v. De Amicis,Piombo,2016-08,5.25,4
12604,Darfo Boario Terme v. De Amicis,Piombo,2016-09,7.57,5
12604,Darfo Boario Terme v. De Amicis,Piombo,2016-10,6.73,5
12604,Darfo Boario Terme v. De Amicis,Piombo,2016-11,8.83,5
12604,Darfo Boario Terme v. De Amicis,Piombo,2016-12,15.98,5
12604,Darfo Boario Terme v. De Amicis,Piombo,2017-01,16.40,5
12604,Darfo Boario Terme v. De Amicis,Piombo,2017-02,16.83,4
12604,Darfo Boario Terme v. De Amicis,Piombo,2017-03,17.67,5
12604,Darfo Boario Terme v. De Amicis,Piombo,2017-04,4.47,4
12604,Darfo Boario Terme v. De Amicis,Piombo,2017-05,4.63,5
12604,Darfo Boario Terme v. De Amicis,Piombo,2017-06,4.29,5
12604,Darfo Boario Terme v. De Amicis,Piombo,2017-07,4.73,4
12604,Darfo Boario Terme v. De Amicis,Piombo,2017-08,3.95,5
12604,Darfo Boario Terme v. De Amicis,Piombo,2017-09,9.72,4
12604,Darfo Boario Terme v. De Amicis,Piombo,2017-10,13.03,5
12604,Darfo Boario Terme v. De Amicis,Piombo,2017-11,10.94,5
12604,Darfo Boario Terme v. De Amicis,Piombo,2017-12,10.86,6
12604,Darfo Boario Terme v. De Amicis,Piombo,2018-01,15.98,5
12604,Darfo Boario Terme v. De Amicis,Piombo,2018-02,14.20,4
12604,Darfo Boario Terme v. De Amicis,Piombo,2018-03,10.94,5
12604,Darfo Boario Terme v. De Amicis,Piombo,2018-04,8.02,5
12604,Darfo Boario Terme v. De Amicis,Piombo,2018-05,8.41,4
12604,Darfo Boario Terme v. De Amicis,Piombo,2018-06,7.57,5
12604,Darfo Boario Terme v. De Amicis,Piombo,2018-07,8.41,2
12604,Darfo Boario Terme v. De Amicis,Piombo,2018-08,10.94,5
12604,Darfo Boario Terme v. De Amicis,Piombo,2018-09,7.57,5
12604,Darfo Boario Terme v. De Amicis,Piombo,2018-10,8.00,5
12604,Darfo Boario Terme v. De Amicis,Piombo,2018-11,10.52,5
12604,Darfo Boario Terme v. De Amicis,Piombo,2018-12,12.11,4
12604,Darfo Boario Terme v. De Amicis,Piombo,2019-01,11.56,4
12604,Darfo Boario Terme v. De Amicis,Piombo,2019-02,12.20,5
12604,Darfo Boario Terme v. De Amicis,Piombo,2019-03,7.57,5
12604,Darfo Boario Terme v. De Amicis,Piombo,2019-04,5.78,4
12604,Darfo Boario Terme v. De Amicis,Piombo,2019-05,6.38,5
12604,Darfo Boario Terme v. De Amicis,Piombo,2019-06,4.79,5
12604,Darfo Boario Terme v. De Amicis,Piombo,2019-07,5.66,6
12604,Darfo Boario Terme v. De Amicis,Piombo,2019-08,3.70,4
12604,Darfo Boario Terme v. De Amicis,Piombo,2019-09,7.07,5
12604,Darfo Boario Terme v. De Amicis,Piombo,2019-10,10.10,5
12604,Darfo Boario Terme v. De Amicis,Piombo,2019-11,5.05,5
12604,Darfo Boario Terme v. De Amicis,Piombo,2019-12,8.41,5
12604,Darfo Boario Terme v. De Amicis,Piombo,2020-01,13.67,6
12604,Darfo Boario Terme v. De Amicis,Piombo,2020-02,14.72,5
12604,Darfo Boario Terme v. De Amicis,Piombo,2020-03,6.31,5
12604,Darfo Boario Terme v. De Amicis,Piombo,2020-04,7.99,5
12604,Darfo Boario Terme v. De Amicis,Piombo,2020-05,5.96,6
12604,Darfo Boario Terme v. De Amicis,Piombo,2020-06,1.89,5
12604,Darfo Boario Terme v. De Amicis,Piombo,2020-07,5.97,5
12604,Darfo Boario Terme v. De Amicis,Piombo,2020-08,3.78,5
12604,Darfo Boario Terme v. De Amicis,Piombo,2020-09,6.73,5
12604,Darfo Boario Terme v. De Amicis,Piombo,2020-10,8.83,5
12604,Darfo Boario Terme v. De Amicis,Piombo,2020-11,13.46,5
12604,Darfo Boario Terme v. De Amicis,Piombo,2020-12,14.72,5
12604,Darfo Boario Terme v. De Amicis,Piombo,2021-01,13.04,5
12604,Darfo Boario Terme v. De Amicis,Piombo,2021-02,18.09,5
12604,Darfo Boario Terme v. De Amicis,Piombo,2021-03,8.37,5
12604,Darfo Boario Terme v. De Amicis,Piombo,2021-04,8.84,5
12604,Darfo Boario Terme v. De Amicis,Piombo,2021-05,4.20,5
12604,Darfo Boario Terme v. De Amicis,Piombo,2021-06,5.91,5
12604,Darfo Boario Terme v. De Amicis,Piombo,2021-07,3.40,6
12604,Darfo Boario Terme v. De Amicis,Piombo,2021-08,2.86,5
12604,Darfo Boario Terme v. De Amicis,Piombo,2021-09,4.63,5
12604,Darfo Boario Terme v. De Amicis,Piombo,2021-10,8.14,5
12604,Darfo Boario Terme v. De Amicis,Piombo,2021-11,9.49,5
12604,Darfo Boario Terme v. De Amicis,Piombo,2021-12,14.04,5
12604,Darfo Boario Terme v. De Amicis,Piombo,2022-01,14.21,5
12604,Darfo Boario Terme v. De Amicis,Piombo,2022-02,10.01,5
12604,Darfo Boario Terme v. De Amicis,Piombo,2022-03,13.43,5
12604,Darfo Boario Terme v. De Amicis,Piombo,2022-04,6.97,5
12604,Darfo Boario Terme v. De Amicis,Piombo,2022-05,5.04,5
12604,Darfo Boario Terme v. De Amicis,Piombo,2022-06,3.81,5
12604,Darfo Boario Terme v. De Amicis,Piombo,2022-07,5.32,6
12604,Darfo Boario Terme v. De Amicis,Piombo,2022-08,4.62,5
12604,Darfo Boario Terme v. De Amicis,Piombo,2022-09,2.35,5
12604,Darfo Boario Terme v. De Amicis,Piombo,2022-10,7.89,6
12604,Darfo Boario Terme v. De Amicis,Piombo,2022-11,9.65,4
12604,Darfo Boario Terme v. De Amicis,Piombo,2022-12,14.02,5
12604,Darfo Boario Terme v. De Amicis,Piombo,2023-01,11.01,5
12604,Darfo Boario Terme v. De Amicis,Piombo,2023-02,11.08,5
12604,Darfo Boario Terme v. De Amicis,Piombo,2023-03,6.00,5
12604,Darfo Boario Terme v. De Amicis,Piombo,2023-04,5.47,5
12604,Darfo Boario Terme v. De Amicis,Piombo,2023-05,3.43,5
12604,Darfo Boario Terme v. De Amicis,Piombo,2023-06,4.30,5
12605,Darfo Boario Terme v. De Amicis,Benzo(a)pirene,2008-04,0.21,6
12605,Darfo Boario Terme v. De Amicis,Benzo(a)pirene,2008-05,0.09,7
12605,Darfo Boario Terme v. De Amicis,Benzo(a)pirene,2008-06,0.06,13
12605,Darfo Boario Terme v. De Amicis,Benzo(a)pirene,2008-07,0.02,11
12605,Darfo Boario Terme v. De Amicis,Benzo(a)pirene,2008-08,0.02,13
12605,Darfo Boario Terme v. De Amicis,Benzo(a)pirene,2008-09,4.90,1
12605,Darfo Boario Terme v. De Amicis,Benzo(a)pirene,2008-10,1.07,12
12605,Darfo Boario Terme v. De Amicis,Benzo(a)pirene,2008-11,3.89,6
12605,Darfo Boario Terme v. De Amicis,Benzo(a)pirene,2008-12,7.78,11
12605,Darfo Boario Terme v. De Amicis,Benzo(a)pirene,2009-01,5.68,10
12605,Darfo Boario Terme v. De Amicis,Benzo(a)pirene,2009-02,3.88,11
12605,Darfo Boario Terme v. De Amicis,Benzo(a)pirene,2009-03,0.91,14
12605,Darfo Boario Terme v. De Amicis,Benzo(a)pirene,2009-04,0.27,14
12605,Darfo Boario Terme v. De Amicis,Benzo(a)pirene,2009-05,0.06,14
12605,Darfo Boario Terme v. De Amicis,Benzo(a)pirene,2009-06,0.05,13
12605,Darfo Boario Terme v. De Amicis,Benzo(a)pirene,2009-07,0.03,13
12605,Darfo Boario Terme v. De Amicis,Benzo(a)pirene,2009-08,0.02,11
12605,Darfo Boario Terme v. De Amicis,Benzo(a)pirene,2009-09,0.05,13
12605,Darfo Boario Terme v. De Amicis,Benzo(a)pirene,2009-10,0.83,13
12605,Darfo Boario Terme v. De Amicis,Benzo(a)pirene,2009-11,3.77,12
12605,Darfo Boario Terme v. De Amicis,Benzo(a)pirene,2009-12,6.76,14
12605,Darfo Boario Terme v. De Amicis,Benzo(a)pirene,2010-01,5.71,13
12605,Darfo Boario Terme v. De Amicis,Benzo(a)pirene,2010-02,3.17,12
12605,Darfo Boario Terme v. De Amicis,Benzo(a)pirene,2010-03,0.91,13
12605,Darfo Boario Terme v. De Amicis,Benzo(a)pirene,2010-04,0.32,13
12605,Darfo Boario Terme v. De Amicis,Benzo(a)pirene,2010-05,0.07,13
12605,Darfo Boario Terme v. De Amicis,Benzo(a)pirene,2010-06,0.01,13
12605,Darfo Boario Terme v. De Amicis,Benzo(a)pirene,2010-07,0.01,13
12605,Darfo Boario Terme v. De Amicis,Benzo(a)pirene,2010-08,0.01,13
12605,Darfo Boario Terme v. De Amicis,Benzo(a)pirene,2010-09,0.03,13
12605,Darfo Boario Terme v. De Amicis,Benzo(a)pirene,2010-10,1.20,13
12605,Darfo Boario Terme v. De Amicis,Benzo(a)pirene,2010-11,3.78,11
12605,Darfo Boario Terme v. De Amicis,Benzo(a)pirene,2010-12,6.16,13
12605,Darfo Boario Terme v. De Amicis,Benzo(a)pirene,2011-01,7.09,13
12605,Darfo Boario Terme v. De Amicis,Benzo(a)pirene,2011-02,3.23,13
12605,Darfo Boario Terme v. De Amicis,Benzo(a)pirene,2011-03,1.66,13
12605,Darfo Boario Terme v. De Amicis,Benzo(a)pirene,2011-04,0.16,13
12605,Darfo Boario Terme v. De Amicis,Benzo(a)pirene,2011-05,0.04,13
12605,Darfo Boario Terme v. De Amicis,Benzo(a)pirene,2011-06,0.03,13
12605,Darfo Boario Terme v. De Amicis,Benzo(a)pirene,2011-07,0.01,13
12605,Darfo Boario Terme v. De Amicis,Benzo(a)pirene,2011-08,0.02,14
12605,Darfo Boario Terme v. De Amicis,Benzo(a)pirene,2011-09,0.02,13
12605,Darfo Boario Terme v. De Amicis,Benzo(a)pirene,2011-10,0.77,14
12605,Darfo Boario Terme v. De Amicis,Benzo(a)pirene,2011-11,2.51,13
12605,Darfo Boario Terme v. De Amicis,Benzo(a)pirene,2011-12,4.39,12
12605,Darfo Boario Terme v. De Amicis,Benzo(a)pirene,2012-01,2.87,14
12605,Darfo Boario Terme v. De Amicis,Benzo(a)pirene,2012-02,1.90,12
12605,Darfo Boario Terme v. De Amicis,Benzo(a)pirene,2012-03,0.99,13
12605,Darfo Boario Terme v. De Amicis,Benzo(a)pirene,2012-04,0.39,13
12605,Darfo Boario Terme v. De Amicis,Benzo(a)pirene,2012-05,0.10,14
12605,Darfo Boario Terme v. De Amicis,Benzo(a)pirene,2012-06,0.03,13
12605,Darfo Boario Terme v. De Amicis,Benzo(a)pirene,2012-07,0.01,14
12605,Darfo Boario Terme v. De Amicis,Benzo(a)pirene,2012-08,0.02,10
12605,Darfo Boario Terme v. De Amicis,Benzo(a)pirene,2012-09,0.08,12
12605,Darfo Boario Terme v. De Amicis,Benzo(a)pirene,2012-10,0.75,14
12605,Darfo Boario Terme v. De Amicis,Benzo(a)pirene,2012-11,2.82,12
12605,Darfo Boario Terme v. De Amicis,Benzo(a)pirene,2012-12,4.98,14
12605,Darfo Boario Terme v. De Amicis,Benzo(a)pirene,2013-01,4.29,14
12605,Darfo Boario Terme v. De Amicis,Benzo(a)pirene,2013-02,2.38,6
12605,Darfo Boario Terme v. De Amicis,Benzo(a)pirene,2013-03,1.04,11
12605,Darfo Boario Terme v. De Amicis,Benzo(a)pirene,2013-04,0.29,10
12605,Darfo Boario Terme v. De Amicis,Benzo(a)pirene,2013-05,0.07,8
12605,Darfo Boario Terme v. De Amicis,Benzo(a)pirene,2013-06,0.02,11
12605,Darfo Boario Terme v. De Amicis,Benzo(a)pirene,2013-07,0.02,10
12605,Darfo Boario Terme v. De Amicis,Benzo(a)pirene,2013-08,0.05,11
12605,Darfo Boario Terme v. De Amicis,Benzo(a)pirene,2013-09,0.06,10
12605,Darfo Boario Terme v. De Amicis,Benzo(a)pirene,2013-10,0.74,10
12605,Darfo Boario Terme v. De Amicis,Benzo(a)pirene,2013-11,1.78,10
12605,Darfo Boario Terme v. De Amicis,Benzo(a)pirene,2013-12,4.99,11
12605,Darfo Boario Terme v. De Amicis,Benzo(a)pirene,2014-01,3.24,11
12605,Darfo Boario Terme v. De Amicis,Benzo(a)pirene,2014-02,1.65,9
12605,Darfo Boario Terme v. De Amicis,Benzo(a)pirene,2014-03,0.91,10
12605,Darfo Boario Terme v. De Amicis,Benzo(a)pirene,2014-04,0.26,10
12605,Darfo Boario Terme v. De Amicis,Benzo(a)pirene,2014-05,0.12,11
12605,Darfo Boario Terme v. De Amicis,Benzo(a)pirene,2014-06,0.05,10
12605,Darfo Boario Terme v. De Amicis,Benzo(a)pirene,2014-07,0.05,10
12605,Darfo Boario Terme v. De Amicis,Benzo(a)pirene,2014-08,0.05,10
12605,Darfo Boario Terme v. De Amicis,Benzo(a)pirene,2014-09,0.07,10
12605,Darfo Boario Terme v. De Amicis,Benzo(a)pirene,2014-10,0.49,11
12605,Darfo Boario Terme v. De Amicis,Benzo(a)pirene,2014-11,3.37,10
12605,Darfo Boario Terme v. De Amicis,Benzo(a)pirene,2014-12,6.23,10
12605,Darfo Boario Terme v. De Amicis,Benzo(a)pirene,2015-01,4.94,10
12605,Darfo Boario Terme v. De Amicis,Benzo(a)pirene,2015-02,3.58,10
12605,Darfo Boario Terme v. De Amicis,Benzo(a)pirene,2015-03,1.72,10
12605,Darfo Boario Terme v. De Amicis,Benzo(a)pirene,2015-04,0.44,10
12605,Darfo Boario Terme v. De Amicis,Benzo(a)pirene,2015-05,0.06,10
12605,Darfo Boario Terme v. De Amicis,Benzo(a)pirene,2015-06,0.05,10
12605,Darfo Boario Terme v. De Amicis,Benzo(a)pirene,2015-07,0.05,12
12605,Darfo Boario Terme v. De Amicis,Benzo(a)pirene,2015-08,0.05,11
12605,Darfo Boario Terme v. De Amicis,Benzo(a)pirene,2015-09,0.12,10
12605,Darfo Boario Terme v. De Amicis,Benzo(a)pirene,2015-10,0.81,10
12605,Darfo Boario Terme v. De Amicis,Benzo(a)pirene,2015-11,2.55,10
12605,Darfo Boario Terme v. De Amicis,Benzo(a)pirene,2015-12,5.26,10
12605,Darfo Boario Terme v. De Amicis,Benzo(a)pirene,2016-01,5.10,10
12605,Darfo Boario Terme v. De Amicis,Benzo(a)pirene,2016-02,2.26,9
12605,Darfo Boario Terme v. De Amicis,Benzo(a)pirene,2016-03,0.87,11
12605,Darfo Boario Terme v. De Amicis,Benzo(a)pirene,2016-04,0.14,10
12605,Darfo Boario Terme v. De Amicis,Benzo(a)pirene,2016-05,0.09,11
12605,Darfo Boario Terme v. De Amicis,Benzo(a)pirene,2016-06,0.05,11
12605,Darfo Boario Terme v. De Amicis,Benzo(a)pirene,2016-07,0.05,10
12605,Darfo Boario Terme v. De Amicis,Benzo(a)pirene,2016-08,0.05,10
12605,Darfo Boario Terme v. De Amicis,Benzo(a)pirene,2016-09,0.05,10
12605,Darfo Boario Terme v. De Amicis,Benzo(a)pirene,2016-10,0.53,10
12605,Darfo Boario Terme v. De Amicis,Benzo(a)pirene,2016-11,1.97,10
12605,Darfo Boario Terme v. De Amicis,Benzo(a)pirene,2016-12,5.11,10
12605,Darfo Boario Terme v. De Amicis,Benzo(a)pirene,2017-01,3.29,10
12605,Darfo Boario Terme v. De Amicis,Benzo(a)pirene,2017-02,3.19,10
12605,Darfo Boario Terme v. De Amicis,Benzo(a)pirene,2017-03,0.80,10
12605,Darfo Boario Terme v. De Amicis,Benzo(a)pirene,2017-04,0.17,10
12605,Darfo Boario Terme v. De Amicis,Benzo(a)pirene,2017-05,0.06,10
12605,Darfo Boario Terme v. De Amicis,Benzo(a)pirene,2017-06,0.05,10
12605,Darfo Boario Terme v. De Amicis,Benzo(a)pirene,2017-07,0.05,11
12605,Darfo Boario Terme v. De Amicis,Benzo(a)pirene,2017-08,0.05,10
12605,Darfo Boario Terme v. De Amicis,Benzo(a)pirene,2017-09,0.07,10
12605,Darfo Boario Terme v. De Amicis,Benzo(a)pirene,2017-10,0.46,10
12605,Darfo Boario Terme v. De Amicis,Benzo(a)pirene,2017-11,2.33,10
12605,Darfo Boario Terme v. De Amicis,Benzo(a)pirene,2017-12,5.60,12
12605,Darfo Boario Terme v. De Amicis,Benzo(a)pirene,2018-01,3.12,10
12605,Darfo Boario Terme v. De Amicis,Benzo(a)pirene,2018-02,1.44,10
12605,Darfo Boario Terme v. De Amicis,Benzo(a)pirene,2018-03,1.02,10
12605,Darfo Boario Terme v. De Amicis,Benzo(a)pirene,2018-04,0.20,10
12605,Darfo Boario Terme v. De Amicis,Benzo(a)pirene,2018-05,0.08,10
12605,Darfo Boario Terme v. De Amicis,Benzo(a)pirene,2018-06,0.05,10
12605,Darfo Boario Terme v. De Amicis,Benzo(a)pirene,2018-07,0.05,8
12605,Darfo Boario Terme v. De Amicis,Benzo(a)pirene,2018-08,0.05,13
12605,Darfo Boario Terme v. De Amicis,Benzo(a)pirene,2018-09,0.05,9
12605,Darfo Boario Terme v. De Amicis,Benzo(a)pirene,2018-10,0.16,10
12605,Darfo Boario Terme v. De Amicis,Benzo(a)pirene,2018-11,1.73,10
12605,Darfo Boario Terme v. De Amicis,Benzo(a)pirene,2018-12,3.96,11
12605,Darfo Boario Terme v. De Amicis,Benzo(a)pirene,2019-01,2.95,11
12605,Darfo Boario Terme v. De Amicis,Benzo(a)pirene,2019-02,2.58,9
12605,Darfo Boario Terme v. De Amicis,Benzo(a)pirene,2019-03,0.95,11
12605,Darfo Boario Terme v. De Amicis,Benzo(a)pirene,2019-04,0.30,10
12605,Darfo Boario Terme v. De Amicis,Benzo(a)pirene,2019-05,0.23,11
12605,Darfo Boario Terme v. De Amicis,Benzo(a)pirene,2019-06,0.05,10
12605,Darfo Boario Terme v. De Amicis,Benzo(a)pirene,2019-07,0.05,9
12605,Darfo Boario Terme v. De Amicis,Benzo(a)pirene,2019-08,0.05,11
12605,Darfo Boario Terme v. De Amicis,Benzo(a)pirene,2019-09,0.05,10
12605,Darfo Boario Terme v. De Amicis,Benzo(a)pirene,2019-10,0.37,10
12605,Darfo Boario Terme v. De Amicis,Benzo(a)pirene,2019-11,1.54,10
12605,Darfo Boario Terme v. De Amicis,Benzo(a)pirene,2019-12,3.40,12
12605,Darfo Boario Terme v. De Amicis,Benzo(a)pirene,2020-01,3.14,12
12605,Darfo Boario Terme v. De Amicis,Benzo(a)pirene,2020-02,1.72,9
12605,Darfo Boario Terme v. De Amicis,Benzo(a)pirene,2020-03,0.75,11
12605,Darfo Boario Terme v. De Amicis,Benzo(a)pirene,2020-04,0.19,10
12605,Darfo Boario Terme v. De Amicis,Benzo(a)pirene,2020-05,0.05,10
12605,Darfo Boario Terme v. De Amicis,Benzo(a)pirene,2020-06,0.05,10
12605,Darfo Boario Terme v. De Amicis,Benzo(a)pirene,2020-07,0.05,10
12605,Darfo Boario Terme v. De Amicis,Benzo(a)pirene,2020-08,0.05,11
12605,Darfo Boario Terme v. De Amicis,Benzo(a)pirene,2020-09,0.09,10
12605,Darfo Boario Terme v. De Amicis,Benzo(a)pirene,2020-10,0.91,10
12605,Darfo Boario Terme v. De Amicis,Benzo(a)pirene,2020-11,2.03,10
12605,Darfo Boario Terme v. De Amicis,Benzo(a)pirene,2020-12,2.89,10
12605,Darfo Boario Terme v. De Amicis,Benzo(a)pirene,2021-01,3.39,11
12605,Darfo Boario Terme v. De Amicis,Benzo(a)pirene,2021-02,1.84,9
12605,Darfo Boario Terme v. De Amicis,Benzo(a)pirene,2021-03,0.76,10
12605,Darfo Boario Terme v. De Amicis,Benzo(a)pirene,2021-04,0.32,10
12605,Darfo Boario Terme v. De Amicis,Benzo(a)pirene,2021-05,0.11,11
12605,Darfo Boario Terme v. De Amicis,Benzo(a)pirene,2021-06,0.05,10
12605,Darfo Boario Terme v. De Amicis,Benzo(a)pirene,2021-07,0.05,10
12605,Darfo Boario Terme v. De Amicis,Benzo(a)pirene,2021-08,0.05,9
12605,Darfo Boario Terme v. De Amicis,Benzo(a)pirene,2021-09,0.05,10
12605,Darfo Boario Terme v. De Amicis,Benzo(a)pirene,2021-10,0.56,11
12605,Darfo Boario Terme v. De Amicis,Benzo(a)pirene,2021-11,1.87,10
12605,Darfo Boario Terme v. De Amicis,Benzo(a)pirene,2021-12,5.35,10
12605,Darfo Boario Terme v. De Amicis,Benzo(a)pirene,2022-01,2.64,10
12605,Darfo Boario Terme v. De Amicis,Benzo(a)pirene,2022-02,1.49,9
12605,Darfo Boario Terme v. De Amicis,Benzo(a)pirene,2022-03,1.22,10
12605,Darfo Boario Terme v. De Amicis,Benzo(a)pirene,2022-04,0.20,10
12605,Darfo Boario Terme v. De Amicis,Benzo(a)pirene,2022-05,0.07,11
12605,Darfo Boario Terme v. De Amicis,Benzo(a)pirene,2022-06,0.05,10
12605,Darfo Boario Terme v. De Amicis,Benzo(a)pirene,2022-07,0.05,10
12605,Darfo Boario Terme v. De Amicis,Benzo(a)pirene,2022-08,0.05,10
12605,Darfo Boario Terme v. De Amicis,Benzo(a)pirene,2022-09,0.11,10
12605,Darfo Boario Terme v. De Amicis,Benzo(a)pirene,2022-10,0.27,12
12605,Darfo Boario Terme v. De Amicis,Benzo(a)pirene,2022-11,1.92,9
12605,Darfo Boario Terme v. De Amicis,Benzo(a)pirene,2022-12,3.24,10
12605,Darfo Boario Terme v. De Amicis,Benzo(a)pirene,2023-01,2.29,11
12605,Darfo Boario Terme v. De Amicis,Benzo(a)pirene,2023-02,1.87,9
12605,Darfo Boario Terme v. De Amicis,Benzo(a)pirene,2023-03,0.55,10
12605,Darfo Boario Terme v. De Amicis,Benzo(a)pirene,2023-04,0.32,10
12605,Darfo Boario Terme v. De Amicis,Benzo(a)pirene,2023-05,0.11,11
12605,Darfo Boario Terme v. De Amicis,Benzo(a)pirene,2023-06,0.05,10
17163,Darfo Boario Terme v. De Amicis,Benzene,2012-10,0.86,647
17163,Darfo Boario Terme v. De Amicis,Benzene,2012-11,1.55,717
17163,Darfo Boario Terme v. De Amicis,Benzene,2012-12,2.19,742
17163,Darfo Boario Terme v. De Amicis,Benzene,2013-01,3.31,726
17163,Darfo Boario Terme v. De Amicis,Benzene,2013-02,2.59,500
17163,Darfo Boario Terme v. De Amicis,Benzene,2013-03,1.81,725
17163,Darfo Boario Terme v. De Amicis,Benzene,2013-04,1.27,286
17163,Darfo Boario Terme v. De Amicis,Benzene,2013-05,0.62,603
17163,Darfo Boario Terme v. De Amicis,Benzene,2013-06,0.70,288
17163,Darfo Boario Terme v. De Amicis,Benzene,2013-07,1.02,494
17163,Darfo Boario Terme v. De Amicis,Benzene,2013-08,1.49,619
17163,Darfo Boario Terme v. De Amicis,Benzene,2013-09,1.21,720
17163,Darfo Boario Terme v. De Amicis,Benzene,2013-10,1.24,320
17163,Darfo Boario Terme v. De Amicis,Benzene,2013-12,3.56,205
17163,Darfo Boario Terme v. De Amicis,Benzene,2014-01,3.38,672
17163,Darfo Boario Terme v. De Amicis,Benzene,2014-02,2.50,672
17163,Darfo Boario Terme v. De Amicis,Benzene,2014-03,2.13,701
17163,Darfo Boario Terme v. De Amicis,Benzene,2014-04,1.32,720
17163,Darfo Boario Terme v. De Amicis,Benzene,2014-05,0.86,687
17163,Darfo Boario Terme v. De Amicis,Benzene,2014-06,0.70,604
17163,Darfo Boario Terme v. De Amicis,Benzene,2014-07,0.58,719
17163,Darfo Boario Terme v. De Amicis,Benzene,2014-08,0.50,667
17163,Darfo Boario Terme v. De Amicis,Benzene,2014-09,0.49,720
17163,Darfo Boario Terme v. De Amicis,Benzene,2014-10,0.64,740
17163,Darfo Boario Terme v. De Amicis,Benzene,2014-11,1.29,674
17163,Darfo Boario Terme v. De Amicis,Benzene,2014-12,1.69,743
17163,Darfo Boario Terme v. De Amicis,Benzene,2015-01,1.60,740
17163,Darfo Boario Terme v. De Amicis,Benzene,2015-02,1.33,620
17163,Darfo Boario Terme v. De Amicis,Benzene,2015-03,0.98,705
17163,Darfo Boario Terme v. De Amicis,Benzene,2015-04,0.78,700
17163,Darfo Boario Terme v. De Amicis,Benzene,2015-05,0.56,681
17163,Darfo Boario Terme v. De Amicis,Benzene,2015-06,0.49,698
17163,Darfo Boario Terme v. De Amicis,Benzene,2015-07,0.85,632
17163,Darfo Boario Terme v. De Amicis,Benzene,2015-08,0.70,725
17163,Darfo Boario Terme v. De Amicis,Benzene,2015-09,0.51,622
17163,Darfo Boario Terme v. De Amicis,Benzene,2015-10,0.86,740
17163,Darfo Boario Terme v. De Amicis,Benzene,2015-11,1.35,672
17163,Darfo Boario Terme v. De Amicis,Benzene,2015-12,1.32,706
17163,Darfo Boario Terme v. De Amicis,Benzene,2016-01,2.47,739
17163,Darfo Boario Terme v. De Amicis,Benzene,2016-02,1.96,664
17163,Darfo Boario Terme v. De Amicis,Benzene,2016-03,1.30,742
17163,Darfo Boario Terme v. De Amicis,Benzene,2016-04,1.05,697
17163,Darfo Boario Terme v. De Amicis,Benzene,2016-05,0.93,697
17163,Darfo Boario Terme v. De Amicis,Benzene,2016-06,0.51,713
17163,Darfo Boario Terme v. De Amicis,Benzene,2016-07,0.55,686
17163,Darfo Boario Terme v. De Amicis,Benzene,2016-08,0.68,657
17163,Darfo Boario Terme v. De Amicis,Benzene,2016-09,0.70,564
17163,Darfo Boario Terme v. De Amicis,Benzene,2016-10,1.66,313
17163,Darfo Boario Terme v. De Amicis,Benzene,2016-11,2.39,663
17163,Darfo Boario Terme v. De Amicis,Benzene,2016-12,3.32,709
17163,Darfo Boario Terme v. De Amicis,Benzene,2017-01,2.95,742
17163,Darfo Boario Terme v. De Amicis,Benzene,2017-02,2.43,661
17163,Darfo Boario Terme v. De Amicis,Benzene,2017-03,1.49,738
17163,Darfo Boario Terme v. De Amicis,Benzene,2017-04,0.39,556
17163,Darfo Boario Terme v. De Amicis,Benzene,2017-05,0.42,686
17163,Darfo Boario Terme v. De Amicis,Benzene,2017-06,0.23,658
17163,Darfo Boario Terme v. De Amicis,Benzene,2017-07,0.13,607
17163,Darfo Boario Terme v. De Amicis,Benzene,2017-08,0.12,380
17163,Darfo Boario Terme v. De Amicis,Benzene,2017-09,0.66,416
17163,Darfo Boario Terme v. De Amicis,Benzene,2017-10,1.15,744
17163,Darfo Boario Terme v. De Amicis,Benzene,2017-11,2.08,671
17163,Darfo Boario Terme v. De Amicis,Benzene,2017-12,3.02,732
17163,Darfo Boario Terme v. De Amicis,Benzene,2018-01,4.80,1
20489,Brescia S.Polo,Ossidi di Azoto,2021-01,86.91,669
20489,Brescia S.Polo,Ossidi di Azoto,2021-02,57.44,670
20489,Brescia S.Polo,Ossidi di Azoto,2021-03,36.68,744
20489,Brescia S.Polo,Ossidi di Azoto,2021-04,21.82,719
20489,Brescia S.Polo,Ossidi di Azoto,2021-05,15.44,720
20489,Brescia S.Polo,Ossidi di Azoto,2021-06,19.12,686
20489,Brescia S.Polo,Ossidi di Azoto,2021-07,20.51,698
20489,Brescia S.Polo,Ossidi di Azoto,2021-08,16.61,741
20489,Brescia S.Polo,Ossidi di Azoto,2021-09,22.39,720
20489,Brescia S.Polo,Ossidi di Azoto,2021-10,37.10,743
20489,Brescia S.Polo,Ossidi di Azoto,2021-11,59.47,717
20489,Brescia S.Polo,Ossidi di Azoto,2021-12,136.64,741
20489,Brescia S.Polo,Ossidi di Azoto,2022-01,109.21,640
20489,Brescia S.Polo,Ossidi di Azoto,2022-02,64.17,670
20489,Brescia S.Polo,Ossidi di Azoto,2022-03,38.21,741
20489,Brescia S.Polo,Ossidi di Azoto,2022-04,21.71,711
20489,Brescia S.Polo,Ossidi di Azoto,2022-05,20.54,744
20489,Brescia S.Polo,Ossidi di Azoto,2022-06,20.27,720
20489,Brescia S.Polo,Ossidi di Azoto,2022-07,19.17,744
20489,Brescia S.Polo,Ossidi di Azoto,2022-08,17.90,744
20489,Brescia S.Polo,Ossidi di Azoto,2022-09,21.19,720
20489,Brescia S.Polo,Ossidi di Azoto,2022-10,34.71,743
20489,Brescia S.Polo,Ossidi di Azoto,2022-11,67.55,720
20489,Brescia S.Polo,Ossidi di Azoto,2022-12,95.44,743
20489,Brescia S.Polo,Ossidi di Azoto,2023-01,71.04,741
20489,Brescia S.Polo,Ossidi di Azoto,2023-02,59.94,641
20489,Brescia S.Polo,Ossidi di Azoto,2023-03,36.86,670
20489,Brescia S.Polo,Ossidi di Azoto,2023-04,21.89,598
20489,Brescia S.Polo,Ossidi di Azoto,2023-05,19.85,671
20489,Brescia S.Polo,Ossidi di Azoto,2023-06,18.31,641
20489,Brescia S.Polo,Ossidi di Azoto,2023-07,16.45,624
20489,Brescia S.Polo,Ossidi di Azoto,2023-08,15.73,715
20489,Brescia S.Polo,Ossidi di Azoto,2023-09,21.68,717
20489,Brescia S.Polo,Ossidi di Azoto,2023-10,29.76,744
20489,Brescia S.Polo,Ossidi di Azoto,2023-11,54.78,718
20489,Brescia S.Polo,Ossidi di Azoto,2023-12,102.32,742
20489,Brescia S.Polo,Ossidi di Azoto,2024-01,94.09,738
20489,Brescia S.Polo,Ossidi di Azoto,2024-02,63.06,694
20489,Brescia S.Polo,Ossidi di Azoto,2024-03,32.82,726
20489,Brescia S.Polo,Ossidi di Azoto,2024-04,27.20,616
20489,Brescia S.Polo,Ossidi di Azoto,2024-05,21.22,696
20489,Brescia S.Polo,Ossidi di Azoto,2024-06,22.59,718
20489,Brescia S.Polo,Ossidi di Azoto,2024-07,19.64,741
20489,Brescia S.Polo,Ossidi di Azoto,2024-08,20.78,743
20489,Brescia S.Polo,Ossidi di Azoto,2024-09,21.38,720
20489,Brescia S.Polo,Ossidi di Azoto,2024-10,29.71,720
20489,Brescia S.Polo,Ossidi di Azoto,2024-11,79.13,715
20489,Brescia S.Polo,Ossidi di Azoto,2024-12,87.84,740
20489,Brescia S.Polo,Ossidi di Azoto,2025-01,115.00,1
20491,Brescia S.Polo,Biossido di Azoto,2021-01,38.47,669
20491,Brescia S.Polo,Biossido di Azoto,2021-02,31.56,670
20491,Brescia S.Polo,Biossido di Azoto,2021-03,25.82,744
20491,Brescia S.Polo,Biossido di Azoto,2021-04,17.95,719
20491,Brescia S.Polo,Biossido di Azoto,2021-05,12.63,720
20491,Brescia S.Polo,Biossido di Azoto,2021-06,16.68,686
20491,Brescia S.Polo,Biossido di Azoto,2021-07,17.04,698
20491,Brescia S.Polo,Biossido di Azoto,2021-08,14.47,741
20491,Brescia S.Polo,Biossido di Azoto,2021-09,18.32,720
20491,Brescia S.Polo,Biossido di Azoto,2021-10,24.70,743
20491,Brescia S.Polo,Biossido di Azoto,2021-11,27.56,717
20491,Brescia S.Polo,Biossido di Azoto,2021-12,40.67,741
20491,Brescia S.Polo,Biossido di Azoto,2022-01,40.09,640
20491,Brescia S.Polo,Biossido di Azoto,2022-02,36.88,670
20491,Brescia S.Polo,Biossido di Azoto,2022-03,29.99,741
20491,Brescia S.Polo,Biossido di Azoto,2022-04,17.18,711
20491,Brescia S.Polo,Biossido di Azoto,2022-05,16.22,744
20491,Brescia S.Polo,Biossido di Azoto,2022-06,15.58,720
20491,Brescia S.Polo,Biossido di Azoto,2022-07,14.81,744
20491,Brescia S.Polo,Biossido di Azoto,2022-08,14.55,744
20491,Brescia S.Polo,Biossido di Azoto,2022-09,15.83,720
20491,Brescia S.Polo,Biossido di Azoto,2022-10,23.37,743
20491,Brescia S.Polo,Biossido di Azoto,2022-11,30.07,720
20491,Brescia S.Polo,Biossido di Azoto,2022-12,31.86,743
20491,Brescia S.Polo,Biossido di Azoto,2023-01,32.40,741
20491,Brescia S.Polo,Biossido di Azoto,2023-02,34.19,641
20491,Brescia S.Polo,Biossido di Azoto,2023-03,26.33,670
20491,Brescia S.Polo,Biossido di Azoto,2023-04,16.48,598
20491,Brescia S.Polo,Biossido di Azoto,2023-05,14.73,671
20491,Brescia S.Polo,Biossido di Azoto,2023-06,13.96,641
20491,Brescia S.Polo,Biossido di Azoto,2023-07,13.71,624
20491,Brescia S.Polo,Biossido di Azoto,2023-08,13.45,715
20491,Brescia S.Polo,Biossido di Azoto,2023-09,17.80,717
20491,Brescia S.Polo,Biossido di Azoto,2023-10,21.89,744
20491,Brescia S.Polo,Biossido di Azoto,2023-11,29.93,718
20491,Brescia S.Polo,Biossido di Azoto,2023-12,34.14,742
20491,Brescia S.Polo,Biossido di Azoto,2024-01,35.39,738
20491,Brescia S.Polo,Biossido di Azoto,2024-02,30.75,694
20491,Brescia S.Polo,Biossido di Azoto,2024-03,21.92,726
20491,Brescia S.Polo,Biossido di Azoto,2024-04,18.18,616
20491,Brescia S.Polo,Biossido di Azoto,2024-05,13.61,696
20491,Brescia S.Polo,Biossido di Azoto,2024-06,14.86,718
20491,Brescia S.Polo,Biossido di Azoto,2024-07,13.01,741
20491,Brescia S.Polo,Biossido di Azoto,2024-08,14.08,743
20491,Brescia S.Polo,Biossido di Azoto,2024-09,13.29,720
20491,Brescia S.Polo,Biossido di Azoto,2024-10,16.00,720
20491,Brescia S.Polo,Biossido di Azoto,2024-11,28.04,715
20491,Brescia S.Polo,Biossido di Azoto,2024-12,25.15,740
20491,Brescia S.Polo,Biossido di Azoto,2025-01,14.90,1
20492,Brescia S.Polo,Particelle sospese PM2.5,2021-01,35.54,31
20492,Brescia S.Polo,Particelle sospese PM2.5,2021-02,38.42,28
20492,Brescia S.Polo,Particelle sospese PM2.5,2021-03,28.87,31
20492,Brescia S.Polo,Particelle sospese PM2.5,2021-04,15.91,30
20492,Brescia S.Polo,Particelle sospese PM2.5,2021-05,7.79,31
20492,Brescia S.Polo,Particelle sospese PM2.5,2021-06,10.36,29
20492,Brescia S.Polo,Particelle sospese PM2.5,2021-07,10.12,28
20492,Brescia S.Polo,Particelle sospese PM2.5,2021-08,5.22,31
20492,Brescia S.Polo,Particelle sospese PM2.5,2021-09,11.70,30
20492,Brescia S.Polo,Particelle sospese PM2.5,2021-10,25.59,30
20492,Brescia S.Polo,Particelle sospese PM2.5,2021-11,22.71,30
20492,Brescia S.Polo,Particelle sospese PM2.5,2021-12,38.86,31
20492,Brescia S.Polo,Particelle sospese PM2.5,2022-01,45.98,29
20492,Brescia S.Polo,Particelle sospese PM2.5,2022-02,30.54,26
20492,Brescia S.Polo,Particelle sospese PM2.5,2022-03,31.45,31
20492,Brescia S.Polo,Particelle sospese PM2.5,2022-04,13.40,30
20492,Brescia S.Polo,Particelle sospese PM2.5,2022-05,11.74,31
20492,Brescia S.Polo,Particelle sospese PM2.5,2022-06,11.08,30
20492,Brescia S.Polo,Particelle sospese PM2.5,2022-07,7.71,30
20492,Brescia S.Polo,Particelle sospese PM2.5,2022-08,7.14,31
20492,Brescia S.Polo,Particelle sospese PM2.5,2022-09,7.80,30
20492,Brescia S.Polo,Particelle sospese PM2.5,2022-10,22.04,31
20492,Brescia S.Polo,Particelle sospese PM2.5,2022-11,25.58,30
20492,Brescia S.Polo,Particelle sospese PM2.5,2022-12,37.60,31
20492,Brescia S.Polo,Particelle sospese PM2.5,2023-01,29.31,29
20492,Brescia S.Polo,Particelle sospese PM2.5,2023-02,43.78,28
20492,Brescia S.Polo,Particelle sospese PM2.5,2023-03,23.77,31
20492,Brescia S.Polo,Particelle sospese PM2.5,2023-04,11.03,28
20492,Brescia S.Polo,Particelle sospese PM2.5,2023-05,8.00,31
20492,Brescia S.Polo,Particelle sospese PM2.5,2023-06,8.88,30
20492,Brescia S.Polo,Particelle sospese PM2.5,2023-07,11.24,31
20492,Brescia S.Polo,Particelle sospese PM2.5,2023-08,9.11,31
20492,Brescia S.Polo,Particelle sospese PM2.5,2023-09,10.89,30
20492,Brescia S.Polo,Particelle sospese PM2.5,2023-10,15.49,31
20492,Brescia S.Polo,Particelle sospese PM2.5,2023-11,20.22,30
20492,Brescia S.Polo,Particelle sospese PM2.5,2023-12,32.58,31
20492,Brescia S.Polo,Particelle sospese PM2.5,2024-01,35.20,26
20492,Brescia S.Polo,Particelle sospese PM2.5,2024-02,43.23,29
20492,Brescia S.Polo,Particelle sospese PM2.5,2024-03,18.08,29
20492,Brescia S.Polo,Particelle sospese PM2.5,2024-04,10.90,27
20492,Brescia S.Polo,Particelle sospese PM2.5,2024-05,7.53,30
20492,Brescia S.Polo,Particelle sospese PM2.5,2024-06,13.44,30
20492,Brescia S.Polo,Particelle sospese PM2.5,2024-07,12.66,31
20492,Brescia S.Polo,Particelle sospese PM2.5,2024-08,11.92,31
20492,Brescia S.Polo,Particelle sospese PM2.5,2024-09,6.15,30
20492,Brescia S.Polo,Particelle sospese PM2.5,2024-10,15.82,31
20492,Brescia S.Polo,Particelle sospese PM2.5,2024-11,35.92,30
20492,Brescia S.Polo,Particelle sospese PM2.5,2024-12,34.27,30
20492,Brescia S.Polo,Particelle sospese PM2.5,2025-01,113.50,1
20493,Brescia v.Tartaglia,Ossidi di Azoto,2021-01,106.15,639
20493,Brescia v.Tartaglia,Ossidi di Azoto,2021-02,94.80,603
20493,Brescia v.Tartaglia,Ossidi di Azoto,2021-03,58.20,728
20493,Brescia v.Tartaglia,Ossidi di Azoto,2021-04,45.98,626
20493,Brescia v.Tartaglia,Ossidi di Azoto,2021-05,43.92,681
20493,Brescia v.Tartaglia,Ossidi di Azoto,2021-06,47.05,707
20493,Brescia v.Tartaglia,Ossidi di Azoto,2021-07,45.47,730
20493,Brescia v.Tartaglia,Ossidi di Azoto,2021-08,40.34,698
20493,Brescia v.Tartaglia,Ossidi di Azoto,2021-09,53.79,704
20493,Brescia v.Tartaglia,Ossidi di Azoto,2021-10,67.09,627
20493,Brescia v.Tartaglia,Ossidi di Azoto,2021-11,94.38,683
20493,Brescia v.Tartaglia,Ossidi di Azoto,2021-12,162.19,722
20493,Brescia v.Tartaglia,Ossidi di Azoto,2022-01,127.76,726
20493,Brescia v.Tartaglia,Ossidi di Azoto,2022-02,94.95,670
20493,Brescia v.Tartaglia,Ossidi di Azoto,2022-03,64.00,717
20493,Brescia v.Tartaglia,Ossidi di Azoto,2022-04,41.95,719
20493,Brescia v.Tartaglia,Ossidi di Azoto,2022-05,40.86,715
20493,Brescia v.Tartaglia,Ossidi di Azoto,2022-06,37.67,718
20493,Brescia v.Tartaglia,Ossidi di Azoto,2022-07,29.10,692
20493,Brescia v.Tartaglia,Ossidi di Azoto,2022-08,30.29,733
20493,Brescia v.Tartaglia,Ossidi di Azoto,2022-09,50.36,691
20493,Brescia v.Tartaglia,Ossidi di Azoto,2022-10,76.71,737
20493,Brescia v.Tartaglia,Ossidi di Azoto,2022-11,113.75,720
20493,Brescia v.Tartaglia,Ossidi di Azoto,2022-12,141.38,743
20493,Brescia v.Tartaglia,Ossidi di Azoto,2023-01,100.35,741
20493,Brescia v.Tartaglia,Ossidi di Azoto,2023-02,91.21,632
20493,Brescia v.Tartaglia,Ossidi di Azoto,2023-03,61.14,742
20493,Brescia v.Tartaglia,Ossidi di Azoto,2023-04,42.18,720
20493,Brescia v.Tartaglia,Ossidi di Azoto,2023-05,42.74,738
20493,Brescia v.Tartaglia,Ossidi di Azoto,2023-06,36.79,719
20493,Brescia v.Tartaglia,Ossidi di Azoto,2023-07,32.70,682
20493,Brescia v.Tartaglia,Ossidi di Azoto,2023-08,27.03,741
20493,Brescia v.Tartaglia,Ossidi di Azoto,2023-09,44.05,720
20493,Brescia v.Tartaglia,Ossidi di Azoto,2023-10,61.00,742
20493,Brescia v.Tartaglia,Ossidi di Azoto,2023-11,87.21,718
20493,Brescia v.Tartaglia,Ossidi di Azoto,2023-12,125.84,744
20493,Brescia v.Tartaglia,Ossidi di Azoto,2024-01,120.16,742
20493,Brescia v.Tartaglia,Ossidi di Azoto,2024-02,82.83,695
20493,Brescia v.Tartaglia,Ossidi di Azoto,2024-03,57.23,742
20493,Brescia v.Tartaglia,Ossidi di Azoto,2024-04,43.64,719
20493,Brescia v.Tartaglia,Ossidi di Azoto,2024-05,35.77,658
20493,Brescia v.Tartaglia,Ossidi di Azoto,2024-06,27.33,720
20493,Brescia v.Tartaglia,Ossidi di Azoto,2024-07,27.54,721
20493,Brescia v.Tartaglia,Ossidi di Azoto,2024-08,27.70,744
20493,Brescia v.Tartaglia,Ossidi di Azoto,2024-09,45.15,717
20493,Brescia v.Tartaglia,Ossidi di Azoto,2024-10,62.27,740
20493,Brescia v.Tartaglia,Ossidi di Azoto,2024-11,104.72,720
20493,Brescia v.Tartaglia,Ossidi di Azoto,2024-12,116.78,744
20493,Brescia v.Tartaglia,Ossidi di Azoto,2025-01,68.40,1
20495,Brescia v.Tartaglia,Biossido di Azoto,2021-01,49.17,639
20495,Brescia v.Tartaglia,Biossido di Azoto,2021-02,45.69,603
20495,Brescia v.Tartaglia,Biossido di Azoto,2021-03,39.39,728
20495,Brescia v.Tartaglia,Biossido di Azoto,2021-04,29.72,626
20495,Brescia v.Tartaglia,Biossido di Azoto,2021-05,26.77,681
20495,Brescia v.Tartaglia,Biossido di Azoto,2021-06,32.30,707
20495,Brescia v.Tartaglia,Biossido di Azoto,2021-07,31.55,730
20495,Brescia v.Tartaglia,Biossido di Azoto,2021-08,27.86,698
20495,Brescia v.Tartaglia,Biossido di Azoto,2021-09,37.76,704
20495,Brescia v.Tartaglia,Biossido di Azoto,2021-10,36.30,627
20495,Brescia v.Tartaglia,Biossido di Azoto,2021-11,40.47,683
20495,Brescia v.Tartaglia,Biossido di Azoto,2021-12,50.83,722
20495,Brescia v.Tartaglia,Biossido di Azoto,2022-01,53.59,726
20495,Brescia v.Tartaglia,Biossido di Azoto,2022-02,48.34,670
20495,Brescia v.Tartaglia,Biossido di Azoto,2022-03,42.29,717
20495,Brescia v.Tartaglia,Biossido di Azoto,2022-04,31.01,719
20495,Brescia v.Tartaglia,Biossido di Azoto,2022-05,30.66,715
20495,Brescia v.Tartaglia,Biossido di Azoto,2022-06,29.48,718
20495,Brescia v.Tartaglia,Biossido di Azoto,2022-07,25.07,692
20495,Brescia v.Tartaglia,Biossido di Azoto,2022-08,22.92,733
20495,Brescia v.Tartaglia,Biossido di Azoto,2022-09,30.04,691
20495,Brescia v.Tartaglia,Biossido di Azoto,2022-10,40.44,737
20495,Brescia v.Tartaglia,Biossido di Azoto,2022-11,44.63,720
20495,Brescia v.Tartaglia,Biossido di Azoto,2022-12,43.44,743
20495,Brescia v.Tartaglia,Biossido di Azoto,2023-01,40.72,741
20495,Brescia v.Tartaglia,Biossido di Azoto,2023-02,46.07,632
20495,Brescia v.Tartaglia,Biossido di Azoto,2023-03,36.74,742
20495,Brescia v.Tartaglia,Biossido di Azoto,2023-04,28.10,720
20495,Brescia v.Tartaglia,Biossido di Azoto,2023-05,27.19,738
20495,Brescia v.Tartaglia,Biossido di Azoto,2023-06,27.66,719
20495,Brescia v.Tartaglia,Biossido di Azoto,2023-07,25.00,682
20495,Brescia v.Tartaglia,Biossido di Azoto,2023-08,21.06,741
20495,Brescia v.Tartaglia,Biossido di Azoto,2023-09,31.02,720
20495,Brescia v.Tartaglia,Biossido di Azoto,2023-10,35.20,742
20495,Brescia v.Tartaglia,Biossido di Azoto,2023-11,39.69,718
20495,Brescia v.Tartaglia,Biossido di Azoto,2023-12,45.58,744
20495,Brescia v.Tartaglia,Biossido di Azoto,2024-01,46.19,742
20495,Brescia v.Tartaglia,Biossido di Azoto,2024-02,41.74,695
20495,Brescia v.Tartaglia,Biossido di Azoto,2024-03,33.34,742
20495,Brescia v.Tartaglia,Biossido di Azoto,2024-04,27.64,719
20495,Brescia v.Tartaglia,Biossido di Azoto,2024-05,23.54,658
20495,Brescia v.Tartaglia,Biossido di Azoto,2024-06,19.59,720
20495,Brescia v.Tartaglia,Biossido di Azoto,2024-07,22.27,721
20495,Brescia v.Tartaglia,Biossido di Azoto,2024-08,23.15,744
20495,Brescia v.Tartaglia,Biossido di Azoto,2024-09,29.44,717
20495,Brescia v.Tartaglia,Biossido di Azoto,2024-10,30.34,740
20495,Brescia v.Tartaglia,Biossido di Azoto,2024-11,40.10,720
20495,Brescia v.Tartaglia,Biossido di Azoto,2024-12,43.43,744
20495,Brescia v.Tartaglia,Biossido di Azoto,2025-01,41.80,1
20496,Brescia v.Tartaglia,PM10 (SM2005),2021-01,43.76,31
20496,Brescia v.Tartaglia,PM10 (SM2005),2021-02,55.58,26
20496,Brescia v.Tartaglia,PM10 (SM2005),2021-03,39.72,31
20496,Brescia v.Tartaglia,PM10 (SM2005),2021-04,26.38,25
20496,Brescia v.Tartaglia,PM10 (SM2005),2021-05,16.90,29
20496,Brescia v.Tartaglia,PM10 (SM2005),2021-06,25.41,29
20496,Brescia v.Tartaglia,PM10 (SM2005),2021-07,19.46,30
20496,Brescia v.Tartaglia,PM10 (SM2005),2021-08,15.75,28
20496,Brescia v.Tartaglia,PM10 (SM2005),2021-09,33.26,28
20496,Brescia v.Tartaglia,PM10 (SM2005),2021-10,32.17,23
20496,Brescia v.Tartaglia,PM10 (SM2005),2021-11,26.29,28
20496,Brescia v.Tartaglia,PM10 (SM2005),2021-12,45.72,31
20496,Brescia v.Tartaglia,PM10 (SM2005),2022-01,49.19,30
20496,Brescia v.Tartaglia,PM10 (SM2005),2022-02,43.70,28
20496,Brescia v.Tartaglia,PM10 (SM2005),2022-03,43.54,29
20496,Brescia v.Tartaglia,PM10 (SM2005),2022-04,22.78,30
20496,Brescia v.Tartaglia,PM10 (SM2005),2022-05,23.02,30
20496,Brescia v.Tartaglia,PM10 (SM2005),2022-06,20.80,22
20496,Brescia v.Tartaglia,PM10 (SM2005),2022-07,23.59,24
20496,Brescia v.Tartaglia,PM10 (SM2005),2022-08,17.00,26
20496,Brescia v.Tartaglia,PM10 (SM2005),2022-09,18.61,28
20496,Brescia v.Tartaglia,PM10 (SM2005),2022-10,40.86,27
20496,Brescia v.Tartaglia,PM10 (SM2005),2022-11,29.68,29
20496,Brescia v.Tartaglia,PM10 (SM2005),2022-12,45.19,29
20496,Brescia v.Tartaglia,PM10 (SM2005),2023-01,38.69,28
20496,Brescia v.Tartaglia,PM10 (SM2005),2023-02,58.29,28
20496,Brescia v.Tartaglia,PM10 (SM2005),2023-03,37.54,27
20496,Brescia v.Tartaglia,PM10 (SM2005),2023-04,21.54,29
20496,Brescia v.Tartaglia,PM10 (SM2005),2023-05,21.03,15
20496,Brescia v.Tartaglia,PM10 (SM2005),2023-06,22.28,19
20496,Brescia v.Tartaglia,PM10 (SM2005),2023-07,24.49,24
20496,Brescia v.Tartaglia,PM10 (SM2005),2023-08,21.02,28
20496,Brescia v.Tartaglia,PM10 (SM2005),2023-09,25.54,20
20496,Brescia v.Tartaglia,PM10 (SM2005),2023-10,28.37,31
20496,Brescia v.Tartaglia,PM10 (SM2005),2023-11,22.48,25
20496,Brescia v.Tartaglia,PM10 (SM2005),2023-12,36.10,29
20496,Brescia v.Tartaglia,PM10 (SM2005),2024-01,42.92,29
20496,Brescia v.Tartaglia,PM10 (SM2005),2024-02,48.68,29
20496,Brescia v.Tartaglia,PM10 (SM2005),2024-03,27.96,31
20496,Brescia v.Tartaglia,PM10 (SM2005),2024-04,18.59,28
20496,Brescia v.Tartaglia,PM10 (SM2005),2024-05,14.22,24
20496,Brescia v.Tartaglia,PM10 (SM2005),2024-06,18.78,24
20496,Brescia v.Tartaglia,PM10 (SM2005),2024-07,19.47,30
20496,Brescia v.Tartaglia,PM10 (SM2005),2024-08,19.88,31
20496,Brescia v.Tartaglia,PM10 (SM2005),2024-09,17.58,24
20496,Brescia v.Tartaglia,PM10 (SM2005),2024-10,16.30,29
20496,Brescia v.Tartaglia,PM10 (SM2005),2024-11,40.93,30
20496,Brescia v.Tartaglia,PM10 (SM2005),2024-12,35.43,27
20496,Brescia v.Tartaglia,PM10 (SM2005),2025-01,73.50,1
20497,Brescia v.Tartaglia,Benzene,2021-01,0.97,714
20497,Brescia v.Tartaglia,Benzene,2021-02,0.80,605
20497,Brescia v.Tartaglia,Benzene,2021-03,0.44,727
20497,Brescia v.Tartaglia,Benzene,2021-04,0.29,628
20497,Brescia v.Tartaglia,Benzene,2021-05,0.23,681
20497,Brescia v.Tartaglia,Benzene,2021-06,0.23,706
20497,Brescia v.Tartaglia,Benzene,2021-07,0.24,728
20497,Brescia v.Tartaglia,Benzene,2021-08,0.21,719
20497,Brescia v.Tartaglia,Benzene,2021-09,0.32,705
20497,Brescia v.Tartaglia,Benzene,2021-10,0.48,625
20497,Brescia v.Tartaglia,Benzene,2021-11,0.75,689
20497,Brescia v.Tartaglia,Benzene,2021-12,1.34,723
20497,Brescia v.Tartaglia,Benzene,2022-01,1.16,702
20497,Brescia v.Tartaglia,Benzene,2022-02,0.77,656
20497,Brescia v.Tartaglia,Benzene,2022-03,0.54,720
20497,Brescia v.Tartaglia,Benzene,2022-04,0.28,715
20497,Brescia v.Tartaglia,Benzene,2022-05,0.23,729
20497,Brescia v.Tartaglia,Benzene,2022-06,0.20,720
20497,Brescia v.Tartaglia,Benzene,2022-07,0.16,730
20497,Brescia v.Tartaglia,Benzene,2022-08,0.18,743
20497,Brescia v.Tartaglia,Benzene,2022-09,0.30,695
20497,Brescia v.Tartaglia,Benzene,2022-10,0.53,744
20497,Brescia v.Tartaglia,Benzene,2022-11,0.81,720
20497,Brescia v.Tartaglia,Benzene,2022-12,1.30,740
20497,Brescia v.Tartaglia,Benzene,2023-01,0.99,710
20497,Brescia v.Tartaglia,Benzene,2023-02,0.89,672
20497,Brescia v.Tartaglia,Benzene,2023-03,0.56,744
20497,Brescia v.Tartaglia,Benzene,2023-04,0.35,720
20497,Brescia v.Tartaglia,Benzene,2023-05,0.29,741
20497,Brescia v.Tartaglia,Benzene,2023-06,0.26,719
20497,Brescia v.Tartaglia,Benzene,2023-07,0.11,669
20497,Brescia v.Tartaglia,Benzene,2023-08,0.11,739
20497,Brescia v.Tartaglia,Benzene,2023-09,0.31,720
20497,Brescia v.Tartaglia,Benzene,2023-10,0.48,743
20497,Brescia v.Tartaglia,Benzene,2023-11,0.80,711
20497,Brescia v.Tartaglia,Benzene,2023-12,1.33,744
20497,Brescia v.Tartaglia,Benzene,2024-01,1.38,744
20497,Brescia v.Tartaglia,Benzene,2024-02,1.14,430
20497,Brescia v.Tartaglia,Benzene,2024-03,0.50,295
20497,Brescia v.Tartaglia,Benzene,2024-04,0.34,718
20497,Brescia v.Tartaglia,Benzene,2024-05,0.22,659
20497,Brescia v.Tartaglia,Benzene,2024-06,0.27,720
20497,Brescia v.Tartaglia,Benzene,2024-07,0.16,737
20497,Brescia v.Tartaglia,Benzene,2024-08,0.18,741
20497,Brescia v.Tartaglia,Benzene,2024-09,0.28,695
20497,Brescia v.Tartaglia,Benzene,2024-10,0.44,743
20497,Brescia v.Tartaglia,Benzene,2024-11,0.92,720
20497,Brescia v.Tartaglia,Benzene,2024-12,1.01,744
20497,Brescia v.Tartaglia,Benzene,2025-01,1.00,1
30158,Brescia v.Broletto,Particelle sospese PM2.5,2013-12,37.89,19
30158,Brescia v.Broletto,Particelle sospese PM2.5,2014-01,30.35,31
30158,Brescia v.Broletto,Particelle sospese PM2.5,2014-02,22.54,26
30158,Brescia v.Broletto,Particelle sospese PM2.5,2014-03,35.00,25
30158,Brescia v.Broletto,Particelle sospese PM2.5,2014-04,16.04,28
30158,Brescia v.Broletto,Particelle sospese PM2.5,2014-05,11.35,31
30158,Brescia v.Broletto,Particelle sospese PM2.5,2014-06,13.77,30
30158,Brescia v.Broletto,Particelle sospese PM2.5,2014-07,10.62,29
30158,Brescia v.Broletto,Particelle sospese PM2.5,2014-08,9.87,31
30158,Brescia v.Broletto,Particelle sospese PM2.5,2014-09,11.97,30
30158,Brescia v.Broletto,Particelle sospese PM2.5,2014-10,24.81,26
30158,Brescia v.Broletto,Particelle sospese PM2.5,2014-11,24.63,27
30158,Brescia v.Broletto,Particelle sospese PM2.5,2014-12,31.39,31
30158,Brescia v.Broletto,Particelle sospese PM2.5,2015-01,35.14,28
30158,Brescia v.Broletto,Particelle sospese PM2.5,2015-02,35.81,27
30158,Brescia v.Broletto,Particelle sospese PM2.5,2015-03,25.93,27
30158,Brescia v.Broletto,Particelle sospese PM2.5,2015-04,14.62,26
30158,Brescia v.Broletto,Particelle sospese PM2.5,2015-05,15.50,24
30158,Brescia v.Broletto,Particelle sospese PM2.5,2015-06,14.23,30
30158,Brescia v.Broletto,Particelle sospese PM2.5,2015-07,17.90,30
30158,Brescia v.Broletto,Particelle sospese PM2.5,2015-08,13.82,28
30158,Brescia v.Broletto,Particelle sospese PM2.5,2015-09,8.37,30
30158,Brescia v.Broletto,Particelle sospese PM2.5,2015-10,16.56,27
30158,Brescia v.Broletto,Particelle sospese PM2.5,2015-11,34.32,28
30158,Brescia v.Broletto,Particelle sospese PM2.5,2015-12,57.23,31
30158,Brescia v.Broletto,Particelle sospese PM2.5,2016-01,45.23,26
30158,Brescia v.Broletto,Particelle sospese PM2.5,2016-02,27.10,29
30158,Brescia v.Broletto,Particelle sospese PM2.5,2016-03,23.64,28
30158,Brescia v.Broletto,Particelle sospese PM2.5,2016-04,22.36,22
30158,Brescia v.Broletto,Particelle sospese PM2.5,2016-05,9.76,29
30158,Brescia v.Broletto,Particelle sospese PM2.5,2016-06,10.96,27
30158,Brescia v.Broletto,Particelle sospese PM2.5,2016-07,14.65,20
30158,Brescia v.Broletto,Particelle sospese PM2.5,2016-08,10.06,31
30158,Brescia v.Broletto,Particelle sospese PM2.5,2016-09,17.83,29
30158,Brescia v.Broletto,Particelle sospese PM2.5,2016-10,18.16,31
30158,Brescia v.Broletto,Particelle sospese PM2.5,2016-11,33.04,28
30158,Brescia v.Broletto,Particelle sospese PM2.5,2016-12,48.76,29
30158,Brescia v.Broletto,Particelle sospese PM2.5,2017-01,36.08,25
30158,Brescia v.Broletto,Particelle sospese PM2.5,2017-02,44.14,22
30158,Brescia v.Broletto,Particelle sospese PM2.5,2017-03,31.03,31
30158,Brescia v.Broletto,Particelle sospese PM2.5,2017-04,15.85,27
30158,Brescia v.Broletto,Particelle sospese PM2.5,2017-05,11.94,31
30158,Brescia v.Broletto,Particelle sospese PM2.5,2017-06,14.30,30
30158,Brescia v.Broletto,Particelle sospese PM2.5,2017-07,11.90,31
30158,Brescia v.Broletto,Particelle sospese PM2.5,2017-08,12.61,31
30158,Brescia v.Broletto,Particelle sospese PM2.5,2017-09,12.00,28
30158,Brescia v.Broletto,Particelle sospese PM2.5,2017-10,40.87,31
30158,Brescia v.Broletto,Particelle sospese PM2.5,2017-11,31.47,30
30158,Brescia v.Broletto,Particelle sospese PM2.5,2017-12,34.53,30
30158,Brescia v.Broletto,Particelle sospese PM2.5,2018-01,34.00,31
30158,Brescia v.Broletto,Particelle sospese PM2.5,2018-02,30.77,26
30158,Brescia v.Broletto,Particelle sospese PM2.5,2018-03,29.82,28
30158,Brescia v.Broletto,Particelle sospese PM2.5,2018-04,17.17,30
30158,Brescia v.Broletto,Particelle sospese PM2.5,2018-05,12.71,31
30158,Brescia v.Broletto,Particelle sospese PM2.5,2018-06,11.70,30
30158,Brescia v.Broletto,Particelle sospese PM2.5,2018-07,12.39,31
30158,Brescia v.Broletto,Particelle sospese PM2.5,2018-08,11.83,30
30158,Brescia v.Broletto,Particelle sospese PM2.5,2018-09,15.20,25
30158,Brescia v.Broletto,Particelle sospese PM2.5,2018-10,20.00,29
30158,Brescia v.Broletto,Particelle sospese PM2.5,2018-11,21.57,28
30158,Brescia v.Broletto,Particelle sospese PM2.5,2018-12,35.59,27
30158,Brescia v.Broletto,Particelle sospese PM2.5,2019-01,32.10,29
30158,Brescia v.Broletto,Particelle sospese PM2.5,2019-02,37.61,28
30158,Brescia v.Broletto,Particelle sospese PM2.5,2019-03,24.29,31
30158,Brescia v.Broletto,Particelle sospese PM2.5,2019-04,12.80,30
30158,Brescia v.Broletto,Particelle sospese PM2.5,2019-05,9.29,31
30158,Brescia v.Broletto,Particelle sospese PM2.5,2019-06,16.11,28
30158,Brescia v.Broletto,Particelle sospese PM2.5,2019-07,11.63,27
30158,Brescia v.Broletto,Particelle sospese PM2.5,2019-08,12.07,29
30158,Brescia v.Broletto,Particelle sospese PM2.5,2019-09,12.50,26
30158,Brescia v.Broletto,Particelle sospese PM2.5,2019-10,17.93,29
30158,Brescia v.Broletto,Particelle sospese PM2.5,2019-11,12.71,28
30158,Brescia v.Broletto,Particelle sospese PM2.5,2019-12,26.41,17
30158,Brescia v.Broletto,Particelle sospese PM2.5,2020-01,39.03,31
30158,Brescia v.Broletto,Particelle sospese PM2.5,2020-02,33.14,29
30158,Brescia v.Broletto,Particelle sospese PM2.5,2020-03,20.55,31
30158,Brescia v.Broletto,Particelle sospese PM2.5,2020-04,14.83,29
30158,Brescia v.Broletto,Particelle sospese PM2.5,2020-05,9.29,31
30158,Brescia v.Broletto,Particelle sospese PM2.5,2020-06,8.73,30
30158,Brescia v.Broletto,Particelle sospese PM2.5,2020-07,11.67,30
30158,Brescia v.Broletto,Particelle sospese PM2.5,2020-08,11.06,31
30158,Brescia v.Broletto,Particelle sospese PM2.5,2020-09,11.97,30
30158,Brescia v.Broletto,Particelle sospese PM2.5,2020-10,17.23,30
30158,Brescia v.Broletto,Particelle sospese PM2.5,2020-11,35.80,30
30158,Brescia v.Broletto,Particelle sospese PM2.5,2020-12,25.44,27
30158,Brescia v.Broletto,Particelle sospese PM2.5,2021-01,25.63,30
30158,Brescia v.Broletto,Particelle sospese PM2.5,2021-02,30.87,23
30158,Brescia v.Broletto,Particelle sospese PM2.5,2021-03,25.24,29
30158,Brescia v.Broletto,Particelle sospese PM2.5,2021-04,14.41,27
30158,Brescia v.Broletto,Particelle sospese PM2.5,2021-05,7.64,28
30158,Brescia v.Broletto,Particelle sospese PM2.5,2021-06,13.46,28
30158,Brescia v.Broletto,Particelle sospese PM2.5,2021-07,11.55,31
30158,Brescia v.Broletto,Particelle sospese PM2.5,2021-08,9.55,29
30158,Brescia v.Broletto,Particelle sospese PM2.5,2021-09,13.78,27
30158,Brescia v.Broletto,Particelle sospese PM2.5,2021-10,19.62,29
30158,Brescia v.Broletto,Particelle sospese PM2.5,2021-11,17.56,25
30158,Brescia v.Broletto,Particelle sospese PM2.5,2021-12,27.63,19
30158,Brescia v.Broletto,Particelle sospese PM2.5,2022-01,38.71,14
30158,Brescia v.Broletto,Particelle sospese PM2.5,2022-02,26.11,28
30158,Brescia v.Broletto,Particelle sospese PM2.5,2022-03,25.65,31
30158,Brescia v.Broletto,Particelle sospese PM2.5,2022-04,11.60,30
30158,Brescia v.Broletto,Particelle sospese PM2.5,2022-05,10.48,27
30158,Brescia v.Broletto,Particelle sospese PM2.5,2022-06,11.93,30
30158,Brescia v.Broletto,Particelle sospese PM2.5,2022-07,10.26,31
30158,Brescia v.Broletto,Particelle sospese PM2.5,2022-08,7.61,31
30158,Brescia v.Broletto,Particelle sospese PM2.5,2022-09,8.20,30
30158,Brescia v.Broletto,Particelle sospese PM2.5,2022-10,19.19,31
30158,Brescia v.Broletto,Particelle sospese PM2.5,2022-11,15.83,30
30158,Brescia v.Broletto,Particelle sospese PM2.5,2022-12,31.42,31
30158,Brescia v.Broletto,Particelle sospese PM2.5,2023-01,22.34,29
30158,Brescia v.Broletto,Particelle sospese PM2.5,2023-02,37.92,24
30158,Brescia v.Broletto,Particelle sospese PM2.5,2023-03,16.23,26
30158,Brescia v.Broletto,Particelle sospese PM2.5,2023-04,8.67,27
30158,Brescia v.Broletto,Particelle sospese PM2.5,2023-05,9.00,29
30158,Brescia v.Broletto,Particelle sospese PM2.5,2023-06,10.93,28
30158,Brescia v.Broletto,Particelle sospese PM2.5,2023-07,10.76,25
30158,Brescia v.Broletto,Particelle sospese PM2.5,2023-08,11.59,22
30158,Brescia v.Broletto,Particelle sospese PM2.5,2023-09,11.47,30
30158,Brescia v.Broletto,Particelle sospese PM2.5,2023-10,13.06,31
30158,Brescia v.Broletto,Particelle sospese PM2.5,2023-11,8.68,28
30158,Brescia v.Broletto,Particelle sospese PM2.5,2023-12,22.87,31
30158,Brescia v.Broletto,Particelle sospese PM2.5,2024-01,29.74,31
30158,Brescia v.Broletto,Particelle sospese PM2.5,2024-02,29.95,21
30158,Brescia v.Broletto,Particelle sospese PM2.5,2024-03,16.03,31
30158,Brescia v.Broletto,Particelle sospese PM2.5,2024-04,9.43,30
30158,Brescia v.Broletto,Particelle sospese PM2.5,2024-05,7.03,31
30158,Brescia v.Broletto,Particelle sospese PM2.5,2024-06,8.47,30
30158,Brescia v.Broletto,Particelle sospese PM2.5,2024-07,9.71,31
30158,Brescia v.Broletto,Particelle sospese PM2.5,2024-08,11.32,31
30158,Brescia v.Broletto,Particelle sospese PM2.5,2024-09,7.10,30
30158,Brescia v.Broletto,Particelle sospese PM2.5,2024-10,8.39,31
30158,Brescia v.Broletto,Particelle sospese PM2.5,2024-11,26.43,30
30158,Brescia v.Broletto,Particelle sospese PM2.5,2024-12,23.68,31
30158,Brescia v.Broletto,Particelle sospese PM2.5,2025-01,47.00,1
30159,Darfo Boario Terme v. De Amicis,Ossidi di Azoto,2013-01,99.37,201
30159,Darfo Boario Terme v. De Amicis,Ossidi di Azoto,2013-02,77.20,578
30159,Darfo Boario Terme v. De Amicis,Ossidi di Azoto,2013-03,52.47,722
30159,Darfo Boario Terme v. De Amicis,Ossidi di Azoto,2013-04,36.75,377
30159,Darfo Boario Terme v. De Amicis,Ossidi di Azoto,2013-05,31.88,605
30159,Darfo Boario Terme v. De Amicis,Ossidi di Azoto,2013-06,35.69,289
30159,Darfo Boario Terme v. De Amicis,Ossidi di Azoto,2013-07,19.93,498
30159,Darfo Boario Terme v. De Amicis,Ossidi di Azoto,2013-08,27.01,681
30159,Darfo Boario Terme v. De Amicis,Ossidi di Azoto,2013-09,40.74,718
30159,Darfo Boario Terme v. De Amicis,Ossidi di Azoto,2013-10,69.43,539
30159,Darfo Boario Terme v. De Amicis,Ossidi di Azoto,2013-11,102.60,717
30159,Darfo Boario Terme v. De Amicis,Ossidi di Azoto,2013-12,158.85,677
30159,Darfo Boario Terme v. De Amicis,Ossidi di Azoto,2014-01,128.33,730
30159,Darfo Boario Terme v. De Amicis,Ossidi di Azoto,2014-02,91.53,648
30159,Darfo Boario Terme v. De Amicis,Ossidi di Azoto,2014-03,58.09,742
30159,Darfo Boario Terme v. De Amicis,Ossidi di Azoto,2014-04,45.39,718
30159,Darfo Boario Terme v. De Amicis,Ossidi di Azoto,2014-05,29.73,682
30159,Darfo Boario Terme v. De Amicis,Ossidi di Azoto,2014-06,19.95,603
30159,Darfo Boario Terme v. De Amicis,Ossidi di Azoto,2014-07,19.41,720
30159,Darfo Boario Terme v. De Amicis,Ossidi di Azoto,2014-08,17.01,665
30159,Darfo Boario Terme v. De Amicis,Ossidi di Azoto,2014-09,28.16,717
30159,Darfo Boario Terme v. De Amicis,Ossidi di Azoto,2014-10,55.11,738
30159,Darfo Boario Terme v. De Amicis,Ossidi di Azoto,2014-11,99.98,552
30159,Darfo Boario Terme v. De Amicis,Ossidi di Azoto,2014-12,137.08,743
30159,Darfo Boario Terme v. De Amicis,Ossidi di Azoto,2015-01,108.28,740
30159,Darfo Boario Terme v. De Amicis,Ossidi di Azoto,2015-02,92.15,619
30159,Darfo Boario Terme v. De Amicis,Ossidi di Azoto,2015-03,58.39,703
30159,Darfo Boario Terme v. De Amicis,Ossidi di Azoto,2015-04,36.23,691
30159,Darfo Boario Terme v. De Amicis,Ossidi di Azoto,2015-05,24.09,679
30159,Darfo Boario Terme v. De Amicis,Ossidi di Azoto,2015-06,22.17,697
30159,Darfo Boario Terme v. De Amicis,Ossidi di Azoto,2015-07,16.66,634
30159,Darfo Boario Terme v. De Amicis,Ossidi di Azoto,2015-08,17.10,725
30159,Darfo Boario Terme v. De Amicis,Ossidi di Azoto,2015-09,27.42,693
30159,Darfo Boario Terme v. De Amicis,Ossidi di Azoto,2015-10,45.03,743
30159,Darfo Boario Terme v. De Amicis,Ossidi di Azoto,2015-11,100.49,672
30159,Darfo Boario Terme v. De Amicis,Ossidi di Azoto,2015-12,134.81,706
30159,Darfo Boario Terme v. De Amicis,Ossidi di Azoto,2016-01,105.05,740
30159,Darfo Boario Terme v. De Amicis,Ossidi di Azoto,2016-02,78.06,665
30159,Darfo Boario Terme v. De Amicis,Ossidi di Azoto,2016-03,47.59,744
30159,Darfo Boario Terme v. De Amicis,Ossidi di Azoto,2016-04,33.47,695
30159,Darfo Boario Terme v. De Amicis,Ossidi di Azoto,2016-05,26.78,605
30159,Darfo Boario Terme v. De Amicis,Ossidi di Azoto,2016-06,18.18,697
30159,Darfo Boario Terme v. De Amicis,Ossidi di Azoto,2016-07,19.08,686
30159,Darfo Boario Terme v. De Amicis,Ossidi di Azoto,2016-08,17.04,656
30159,Darfo Boario Terme v. De Amicis,Ossidi di Azoto,2016-09,26.05,634
30159,Darfo Boario Terme v. De Amicis,Ossidi di Azoto,2016-10,47.52,743
30159,Darfo Boario Terme v. De Amicis,Ossidi di Azoto,2016-11,89.67,700
30159,Darfo Boario Terme v. De Amicis,Ossidi di Azoto,2016-12,129.90,709
30159,Darfo Boario Terme v. De Amicis,Ossidi di Azoto,2017-01,102.73,743
30159,Darfo Boario Terme v. De Amicis,Ossidi di Azoto,2017-02,101.68,669
30159,Darfo Boario Terme v. De Amicis,Ossidi di Azoto,2017-03,52.83,744
30159,Darfo Boario Terme v. De Amicis,Ossidi di Azoto,2017-04,32.62,650
30159,Darfo Boario Terme v. De Amicis,Ossidi di Azoto,2017-05,27.66,711
30159,Darfo Boario Terme v. De Amicis,Ossidi di Azoto,2017-06,20.52,683
30159,Darfo Boario Terme v. De Amicis,Ossidi di Azoto,2017-07,19.04,472
30159,Darfo Boario Terme v. De Amicis,Ossidi di Azoto,2017-08,17.98,623
30159,Darfo Boario Terme v. De Amicis,Ossidi di Azoto,2017-09,28.10,718
30159,Darfo Boario Terme v. De Amicis,Ossidi di Azoto,2017-10,48.82,744
30159,Darfo Boario Terme v. De Amicis,Ossidi di Azoto,2017-11,83.78,706
30159,Darfo Boario Terme v. De Amicis,Ossidi di Azoto,2017-12,104.14,734
30159,Darfo Boario Terme v. De Amicis,Ossidi di Azoto,2018-01,95.60,1
30159,Darfo Boario Terme v. De Amicis,Ossidi di Azoto,2018-01,97.11,738
30159,Darfo Boario Terme v. De Amicis,Ossidi di Azoto,2018-02,74.91,667
30159,Darfo Boario Terme v. De Amicis,Ossidi di Azoto,2018-03,55.62,710
30159,Darfo Boario Terme v. De Amicis,Ossidi di Azoto,2018-04,27.13,716
30159,Darfo Boario Terme v. De Amicis,Ossidi di Azoto,2018-05,21.92,596
30159,Darfo Boario Terme v. De Amicis,Ossidi di Azoto,2018-06,18.90,708
30159,Darfo Boario Terme v. De Amicis,Ossidi di Azoto,2018-07,19.06,628
30159,Darfo Boario Terme v. De Amicis,Ossidi di Azoto,2018-08,12.42,653
30159,Darfo Boario Terme v. De Amicis,Ossidi di Azoto,2018-09,22.16,649
30159,Darfo Boario Terme v. De Amicis,Ossidi di Azoto,2018-10,37.06,723
30159,Darfo Boario Terme v. De Amicis,Ossidi di Azoto,2018-11,66.34,702
30159,Darfo Boario Terme v. De Amicis,Ossidi di Azoto,2018-12,99.40,725
30159,Darfo Boario Terme v. De Amicis,Ossidi di Azoto,2019-01,90.70,743
30159,Darfo Boario Terme v. De Amicis,Ossidi di Azoto,2019-02,83.27,672
30159,Darfo Boario Terme v. De Amicis,Ossidi di Azoto,2019-03,42.52,743
30159,Darfo Boario Terme v. De Amicis,Ossidi di Azoto,2019-04,30.67,709
30159,Darfo Boario Terme v. De Amicis,Ossidi di Azoto,2019-05,23.45,686
30159,Darfo Boario Terme v. De Amicis,Ossidi di Azoto,2019-06,15.00,642
30159,Darfo Boario Terme v. De Amicis,Ossidi di Azoto,2019-07,14.74,688
30159,Darfo Boario Terme v. De Amicis,Ossidi di Azoto,2019-08,13.00,647
30159,Darfo Boario Terme v. De Amicis,Ossidi di Azoto,2019-09,21.91,661
30159,Darfo Boario Terme v. De Amicis,Ossidi di Azoto,2019-10,35.09,720
30159,Darfo Boario Terme v. De Amicis,Ossidi di Azoto,2019-11,56.49,719
30159,Darfo Boario Terme v. De Amicis,Ossidi di Azoto,2019-12,89.97,722
30159,Darfo Boario Terme v. De Amicis,Ossidi di Azoto,2020-01,97.92,744
30159,Darfo Boario Terme v. De Amicis,Ossidi di Azoto,2020-02,70.55,631
30159,Darfo Boario Terme v. De Amicis,Ossidi di Azoto,2020-03,26.70,738
30159,Darfo Boario Terme v. De Amicis,Ossidi di Azoto,2020-04,14.94,719
30159,Darfo Boario Terme v. De Amicis,Ossidi di Azoto,2020-05,15.06,743
30159,Darfo Boario Terme v. De Amicis,Ossidi di Azoto,2020-06,13.85,551
30159,Darfo Boario Terme v. De Amicis,Ossidi di Azoto,2020-07,16.54,667
30159,Darfo Boario Terme v. De Amicis,Ossidi di Azoto,2020-08,14.49,572
30159,Darfo Boario Terme v. De Amicis,Ossidi di Azoto,2020-09,19.50,706
30159,Darfo Boario Terme v. De Amicis,Ossidi di Azoto,2020-10,38.03,723
30159,Darfo Boario Terme v. De Amicis,Ossidi di Azoto,2020-11,63.46,672
30159,Darfo Boario Terme v. De Amicis,Ossidi di Azoto,2020-12,78.72,712
30159,Darfo Boario Terme v. De Amicis,Ossidi di Azoto,2021-01,74.02,744
30159,Darfo Boario Terme v. De Amicis,Ossidi di Azoto,2021-02,56.51,670
30159,Darfo Boario Terme v. De Amicis,Ossidi di Azoto,2021-03,31.49,686
30159,Darfo Boario Terme v. De Amicis,Ossidi di Azoto,2021-04,20.03,719
30159,Darfo Boario Terme v. De Amicis,Ossidi di Azoto,2021-05,15.92,723
30159,Darfo Boario Terme v. De Amicis,Ossidi di Azoto,2021-06,16.85,653
30159,Darfo Boario Terme v. De Amicis,Ossidi di Azoto,2021-07,16.05,702
30159,Darfo Boario Terme v. De Amicis,Ossidi di Azoto,2021-08,14.28,713
30159,Darfo Boario Terme v. De Amicis,Ossidi di Azoto,2021-09,20.95,719
30159,Darfo Boario Terme v. De Amicis,Ossidi di Azoto,2021-10,34.33,714
30159,Darfo Boario Terme v. De Amicis,Ossidi di Azoto,2021-11,67.22,718
30159,Darfo Boario Terme v. De Amicis,Ossidi di Azoto,2021-12,130.09,743
30159,Darfo Boario Terme v. De Amicis,Ossidi di Azoto,2022-01,99.03,744
30159,Darfo Boario Terme v. De Amicis,Ossidi di Azoto,2022-02,63.97,670
30159,Darfo Boario Terme v. De Amicis,Ossidi di Azoto,2022-03,43.73,583
30159,Darfo Boario Terme v. De Amicis,Ossidi di Azoto,2022-04,25.15,628
30159,Darfo Boario Terme v. De Amicis,Ossidi di Azoto,2022-05,18.14,675
30159,Darfo Boario Terme v. De Amicis,Ossidi di Azoto,2022-06,14.03,697
30159,Darfo Boario Terme v. De Amicis,Ossidi di Azoto,2022-07,18.26,724
30159,Darfo Boario Terme v. De Amicis,Ossidi di Azoto,2022-08,19.82,742
30159,Darfo Boario Terme v. De Amicis,Ossidi di Azoto,2022-09,20.77,613
30159,Darfo Boario Terme v. De Amicis,Ossidi di Azoto,2022-10,28.87,445
30159,Darfo Boario Terme v. De Amicis,Ossidi di Azoto,2022-11,59.37,401
30159,Darfo Boario Terme v. De Amicis,Ossidi di Azoto,2022-12,84.19,742
30159,Darfo Boario Terme v. De Amicis,Ossidi di Azoto,2023-01,76.80,697
30159,Darfo Boario Terme v. De Amicis,Ossidi di Azoto,2023-02,57.27,670
30159,Darfo Boario Terme v. De Amicis,Ossidi di Azoto,2023-03,34.81,743
30159,Darfo Boario Terme v. De Amicis,Ossidi di Azoto,2023-04,26.04,719
30159,Darfo Boario Terme v. De Amicis,Ossidi di Azoto,2023-05,20.55,743
30159,Darfo Boario Terme v. De Amicis,Ossidi di Azoto,2023-06,16.34,720
30159,Darfo Boario Terme v. De Amicis,Ossidi di Azoto,2023-07,14.52,272
30160,Darfo Boario Terme v. De Amicis,Biossido di Azoto,2013-12,66.64,456
30160,Darfo Boario Terme v. De Amicis,Biossido di Azoto,2014-01,68.10,732
30160,Darfo Boario Terme v. De Amicis,Biossido di Azoto,2014-02,61.97,672
30160,Darfo Boario Terme v. De Amicis,Biossido di Azoto,2014-03,48.22,743
30160,Darfo Boario Terme v. De Amicis,Biossido di Azoto,2014-04,40.64,720
30160,Darfo Boario Terme v. De Amicis,Biossido di Azoto,2014-05,27.97,685
30160,Darfo Boario Terme v. De Amicis,Biossido di Azoto,2014-06,19.46,603
30160,Darfo Boario Terme v. De Amicis,Biossido di Azoto,2014-07,17.55,720
30160,Darfo Boario Terme v. De Amicis,Biossido di Azoto,2014-08,13.08,665
30160,Darfo Boario Terme v. De Amicis,Biossido di Azoto,2014-09,24.65,718
30160,Darfo Boario Terme v. De Amicis,Biossido di Azoto,2014-10,34.67,738
30160,Darfo Boario Terme v. De Amicis,Biossido di Azoto,2014-11,49.47,552
30160,Darfo Boario Terme v. De Amicis,Biossido di Azoto,2014-12,61.51,743
30160,Darfo Boario Terme v. De Amicis,Biossido di Azoto,2015-01,51.92,740
30160,Darfo Boario Terme v. De Amicis,Biossido di Azoto,2015-02,52.57,620
30160,Darfo Boario Terme v. De Amicis,Biossido di Azoto,2015-03,42.81,703
30160,Darfo Boario Terme v. De Amicis,Biossido di Azoto,2015-04,29.60,691
30160,Darfo Boario Terme v. De Amicis,Biossido di Azoto,2015-05,21.05,679
30160,Darfo Boario Terme v. De Amicis,Biossido di Azoto,2015-06,17.61,697
30160,Darfo Boario Terme v. De Amicis,Biossido di Azoto,2015-07,15.41,634
30160,Darfo Boario Terme v. De Amicis,Biossido di Azoto,2015-08,15.77,725
30160,Darfo Boario Terme v. De Amicis,Biossido di Azoto,2015-09,22.35,693
30160,Darfo Boario Terme v. De Amicis,Biossido di Azoto,2015-10,27.16,743
30160,Darfo Boario Terme v. De Amicis,Biossido di Azoto,2015-11,43.88,672
30160,Darfo Boario Terme v. De Amicis,Biossido di Azoto,2015-12,52.25,706
30160,Darfo Boario Terme v. De Amicis,Biossido di Azoto,2016-01,45.92,740
30160,Darfo Boario Terme v. De Amicis,Biossido di Azoto,2016-02,39.65,665
30160,Darfo Boario Terme v. De Amicis,Biossido di Azoto,2016-03,34.26,744
30160,Darfo Boario Terme v. De Amicis,Biossido di Azoto,2016-04,25.56,695
30160,Darfo Boario Terme v. De Amicis,Biossido di Azoto,2016-05,20.54,605
30160,Darfo Boario Terme v. De Amicis,Biossido di Azoto,2016-06,14.41,697
30160,Darfo Boario Terme v. De Amicis,Biossido di Azoto,2016-07,15.92,686
30160,Darfo Boario Terme v. De Amicis,Biossido di Azoto,2016-08,14.05,656
30160,Darfo Boario Terme v. De Amicis,Biossido di Azoto,2016-09,20.63,634
30160,Darfo Boario Terme v. De Amicis,Biossido di Azoto,2016-10,26.27,743
30160,Darfo Boario Terme v. De Amicis,Biossido di Azoto,2016-11,38.54,700
30160,Darfo Boario Terme v. De Amicis,Biossido di Azoto,2016-12,52.65,709
30160,Darfo Boario Terme v. De Amicis,Biossido di Azoto,2017-01,53.12,743
30160,Darfo Boario Terme v. De Amicis,Biossido di Azoto,2017-02,46.59,670
30160,Darfo Boario Terme v. De Amicis,Biossido di Azoto,2017-03,38.22,744
30160,Darfo Boario Terme v. De Amicis,Biossido di Azoto,2017-04,27.41,651
30160,Darfo Boario Terme v. De Amicis,Biossido di Azoto,2017-05,21.70,711
30160,Darfo Boario Terme v. De Amicis,Biossido di Azoto,2017-06,17.14,683
30160,Darfo Boario Terme v. De Amicis,Biossido di Azoto,2017-07,16.56,472
30160,Darfo Boario Terme v. De Amicis,Biossido di Azoto,2017-08,16.25,623
30160,Darfo Boario Terme v. De Amicis,Biossido di Azoto,2017-09,22.19,718
30160,Darfo Boario Terme v. De Amicis,Biossido di Azoto,2017-10,34.00,744
30160,Darfo Boario Terme v. De Amicis,Biossido di Azoto,2017-11,41.65,706
30160,Darfo Boario Terme v. De Amicis,Biossido di Azoto,2017-12,46.45,734
30160,Darfo Boario Terme v. De Amicis,Biossido di Azoto,2018-01,34.70,1
30160,Darfo Boario Terme v. De Amicis,Biossido di Azoto,2018-01,42.65,738
30160,Darfo Boario Terme v. De Amicis,Biossido di Azoto,2018-02,48.84,667
30160,Darfo Boario Terme v. De Amicis,Biossido di Azoto,2018-03,37.31,710
30160,Darfo Boario Terme v. De Amicis,Biossido di Azoto,2018-04,22.47,716
30160,Darfo Boario Terme v. De Amicis,Biossido di Azoto,2018-05,17.02,596
30160,Darfo Boario Terme v. De Amicis,Biossido di Azoto,2018-06,16.05,708
30160,Darfo Boario Terme v. De Amicis,Biossido di Azoto,2018-07,16.24,628
30160,Darfo Boario Terme v. De Amicis,Biossido di Azoto,2018-08,10.44,653
30160,Darfo Boario Terme v. De Amicis,Biossido di Azoto,2018-09,18.84,649
30160,Darfo Boario Terme v. De Amicis,Biossido di Azoto,2018-10,27.44,723
30160,Darfo Boario Terme v. De Amicis,Biossido di Azoto,2018-11,29.68,702
30160,Darfo Boario Terme v. De Amicis,Biossido di Azoto,2018-12,43.57,725
30160,Darfo Boario Terme v. De Amicis,Biossido di Azoto,2019-01,45.46,743
30160,Darfo Boario Terme v. De Amicis,Biossido di Azoto,2019-02,46.59,672
30160,Darfo Boario Terme v. De Amicis,Biossido di Azoto,2019-03,32.40,743
30160,Darfo Boario Terme v. De Amicis,Biossido di Azoto,2019-04,25.05,709
30160,Darfo Boario Terme v. De Amicis,Biossido di Azoto,2019-05,18.67,686
30160,Darfo Boario Terme v. De Amicis,Biossido di Azoto,2019-06,12.80,642
30160,Darfo Boario Terme v. De Amicis,Biossido di Azoto,2019-07,12.30,688
30160,Darfo Boario Terme v. De Amicis,Biossido di Azoto,2019-08,11.34,647
30160,Darfo Boario Terme v. De Amicis,Biossido di Azoto,2019-09,17.76,661
30160,Darfo Boario Terme v. De Amicis,Biossido di Azoto,2019-10,23.91,720
30160,Darfo Boario Terme v. De Amicis,Biossido di Azoto,2019-11,29.58,719
30160,Darfo Boario Terme v. De Amicis,Biossido di Azoto,2019-12,37.79,722
30160,Darfo Boario Terme v. De Amicis,Biossido di Azoto,2020-01,49.52,744
30160,Darfo Boario Terme v. De Amicis,Biossido di Azoto,2020-02,40.49,631
30160,Darfo Boario Terme v. De Amicis,Biossido di Azoto,2020-03,20.48,738
30160,Darfo Boario Terme v. De Amicis,Biossido di Azoto,2020-04,12.32,719
30160,Darfo Boario Terme v. De Amicis,Biossido di Azoto,2020-05,11.75,743
30160,Darfo Boario Terme v. De Amicis,Biossido di Azoto,2020-06,11.49,551
30160,Darfo Boario Terme v. De Amicis,Biossido di Azoto,2020-07,14.17,667
30160,Darfo Boario Terme v. De Amicis,Biossido di Azoto,2020-08,13.09,572
30160,Darfo Boario Terme v. De Amicis,Biossido di Azoto,2020-09,14.62,706
30160,Darfo Boario Terme v. De Amicis,Biossido di Azoto,2020-10,21.43,723
30160,Darfo Boario Terme v. De Amicis,Biossido di Azoto,2020-11,30.11,672
30160,Darfo Boario Terme v. De Amicis,Biossido di Azoto,2020-12,33.54,712
30160,Darfo Boario Terme v. De Amicis,Biossido di Azoto,2021-01,40.20,744
30160,Darfo Boario Terme v. De Amicis,Biossido di Azoto,2021-02,32.83,670
30160,Darfo Boario Terme v. De Amicis,Biossido di Azoto,2021-03,24.74,686
30160,Darfo Boario Terme v. De Amicis,Biossido di Azoto,2021-04,16.02,719
30160,Darfo Boario Terme v. De Amicis,Biossido di Azoto,2021-05,11.88,723
30160,Darfo Boario Terme v. De Amicis,Biossido di Azoto,2021-06,13.43,653
30160,Darfo Boario Terme v. De Amicis,Biossido di Azoto,2021-07,13.42,702
30160,Darfo Boario Terme v. De Amicis,Biossido di Azoto,2021-08,11.67,713
30160,Darfo Boario Terme v. De Amicis,Biossido di Azoto,2021-09,17.08,719
30160,Darfo Boario Terme v. De Amicis,Biossido di Azoto,2021-10,24.69,714
30160,Darfo Boario Terme v. De Amicis,Biossido di Azoto,2021-11,32.24,718
30160,Darfo Boario Terme v. De Amicis,Biossido di Azoto,2021-12,54.10,743
30160,Darfo Boario Terme v. De Amicis,Biossido di Azoto,2022-01,49.16,744
30160,Darfo Boario Terme v. De Amicis,Biossido di Azoto,2022-02,40.92,670
30160,Darfo Boario Terme v. De Amicis,Biossido di Azoto,2022-03,35.50,583
30160,Darfo Boario Terme v. De Amicis,Biossido di Azoto,2022-04,19.89,628
30160,Darfo Boario Terme v. De Amicis,Biossido di Azoto,2022-05,11.37,675
30160,Darfo Boario Terme v. De Amicis,Biossido di Azoto,2022-06,11.22,697
30160,Darfo Boario Terme v. De Amicis,Biossido di Azoto,2022-07,13.91,724
30160,Darfo Boario Terme v. De Amicis,Biossido di Azoto,2022-08,15.09,742
30160,Darfo Boario Terme v. De Amicis,Biossido di Azoto,2022-09,17.39,613
30160,Darfo Boario Terme v. De Amicis,Biossido di Azoto,2022-10,21.57,445
30160,Darfo Boario Terme v. De Amicis,Biossido di Azoto,2022-11,29.52,401
30160,Darfo Boario Terme v. De Amicis,Biossido di Azoto,2022-12,34.43,742
30160,Darfo Boario Terme v. De Amicis,Biossido di Azoto,2023-01,37.03,697
30160,Darfo Boario Terme v. De Amicis,Biossido di Azoto,2023-02,37.66,670
30160,Darfo Boario Terme v. De Amicis,Biossido di Azoto,2023-03,28.47,743
30160,Darfo Boario Terme v. De Amicis,Biossido di Azoto,2023-04,22.27,719
30160,Darfo Boario Terme v. De Amicis,Biossido di Azoto,2023-05,16.42,743
30160,Darfo Boario Terme v. De Amicis,Biossido di Azoto,2023-06,13.64,720
30160,Darfo Boario Terme v. De Amicis,Biossido di Azoto,2023-07,12.02,272
30162,Brescia Villaggio Sereno,Ossidi di Azoto,2013-01,150.06,211
30162,Brescia Villaggio Sereno,Ossidi di Azoto,2013-02,119.17,617
30162,Brescia Villaggio Sereno,Ossidi di Azoto,2013-03,68.30,712
30162,Brescia Villaggio Sereno,Ossidi di Azoto,2013-04,45.46,687
30162,Brescia Villaggio Sereno,Ossidi di Azoto,2013-05,39.19,697
30162,Brescia Villaggio Sereno,Ossidi di Azoto,2013-06,28.05,703
30162,Brescia Villaggio Sereno,Ossidi di Azoto,2013-07,34.95,738
30162,Brescia Villaggio Sereno,Ossidi di Azoto,2013-08,28.62,673
30162,Brescia Villaggio Sereno,Ossidi di Azoto,2013-09,44.86,706
30162,Brescia Villaggio Sereno,Ossidi di Azoto,2013-10,65.99,707
30162,Brescia Villaggio Sereno,Ossidi di Azoto,2013-11,115.09,673
30162,Brescia Villaggio Sereno,Ossidi di Azoto,2013-12,247.00,708
30162,Brescia Villaggio Sereno,Ossidi di Azoto,2014-01,149.71,697
30162,Brescia Villaggio Sereno,Ossidi di Azoto,2014-02,89.97,608
30162,Brescia Villaggio Sereno,Ossidi di Azoto,2014-03,60.93,672
30162,Brescia Villaggio Sereno,Ossidi di Azoto,2014-04,42.55,715
30162,Brescia Villaggio Sereno,Ossidi di Azoto,2014-05,34.43,629
30162,Brescia Villaggio Sereno,Ossidi di Azoto,2014-06,30.84,712
30162,Brescia Villaggio Sereno,Ossidi di Azoto,2014-07,29.03,662
30162,Brescia Villaggio Sereno,Ossidi di Azoto,2014-08,27.65,743
30162,Brescia Villaggio Sereno,Ossidi di Azoto,2014-09,42.22,659
30162,Brescia Villaggio Sereno,Ossidi di Azoto,2014-10,62.06,737
30162,Brescia Villaggio Sereno,Ossidi di Azoto,2014-11,100.86,681
30162,Brescia Villaggio Sereno,Ossidi di Azoto,2014-12,139.79,719
30162,Brescia Villaggio Sereno,Ossidi di Azoto,2015-01,168.12,709
30162,Brescia Villaggio Sereno,Ossidi di Azoto,2015-02,140.80,600
30162,Brescia Villaggio Sereno,Ossidi di Azoto,2015-03,78.25,664
30162,Brescia Villaggio Sereno,Ossidi di Azoto,2015-04,46.43,712
30162,Brescia Villaggio Sereno,Ossidi di Azoto,2015-05,38.52,713
30162,Brescia Villaggio Sereno,Ossidi di Azoto,2015-06,33.58,699
30162,Brescia Villaggio Sereno,Ossidi di Azoto,2015-07,32.00,633
30162,Brescia Villaggio Sereno,Ossidi di Azoto,2015-08,26.61,744
30162,Brescia Villaggio Sereno,Ossidi di Azoto,2015-09,40.96,718
30162,Brescia Villaggio Sereno,Ossidi di Azoto,2015-10,66.18,726
30162,Brescia Villaggio Sereno,Ossidi di Azoto,2015-11,126.85,703
30162,Brescia Villaggio Sereno,Ossidi di Azoto,2015-12,211.58,744
30162,Brescia Villaggio Sereno,Ossidi di Azoto,2016-01,155.70,703
30162,Brescia Villaggio Sereno,Ossidi di Azoto,2016-02,78.18,649
30162,Brescia Villaggio Sereno,Ossidi di Azoto,2016-03,54.47,651
30162,Brescia Villaggio Sereno,Ossidi di Azoto,2016-04,37.23,677
30162,Brescia Villaggio Sereno,Ossidi di Azoto,2016-05,38.11,629
30162,Brescia Villaggio Sereno,Ossidi di Azoto,2016-06,26.46,665
30162,Brescia Villaggio Sereno,Ossidi di Azoto,2016-07,22.54,586
30162,Brescia Villaggio Sereno,Ossidi di Azoto,2016-08,24.12,41
30162,Brescia Villaggio Sereno,Ossidi di Azoto,2016-09,53.03,84
30162,Brescia Villaggio Sereno,Ossidi di Azoto,2016-10,60.20,509
30162,Brescia Villaggio Sereno,Ossidi di Azoto,2016-11,129.73,695
30162,Brescia Villaggio Sereno,Ossidi di Azoto,2016-12,193.87,718
30162,Brescia Villaggio Sereno,Ossidi di Azoto,2017-01,161.03,603
30162,Brescia Villaggio Sereno,Ossidi di Azoto,2017-02,111.00,639
30162,Brescia Villaggio Sereno,Ossidi di Azoto,2017-03,66.66,744
30162,Brescia Villaggio Sereno,Ossidi di Azoto,2017-04,39.43,447
30162,Brescia Villaggio Sereno,Ossidi di Azoto,2017-05,30.33,688
30162,Brescia Villaggio Sereno,Ossidi di Azoto,2017-06,29.41,617
30162,Brescia Villaggio Sereno,Ossidi di Azoto,2017-07,27.10,720
30162,Brescia Villaggio Sereno,Ossidi di Azoto,2017-08,24.99,611
30162,Brescia Villaggio Sereno,Ossidi di Azoto,2017-09,32.61,599
30162,Brescia Villaggio Sereno,Ossidi di Azoto,2017-10,37.31,666
30162,Brescia Villaggio Sereno,Ossidi di Azoto,2017-11,81.38,671
30162,Brescia Villaggio Sereno,Ossidi di Azoto,2017-12,216.11,563
30162,Brescia Villaggio Sereno,Ossidi di Azoto,2018-01,99.29,698
30162,Brescia Villaggio Sereno,Ossidi di Azoto,2018-02,63.89,651
30162,Brescia Villaggio Sereno,Ossidi di Azoto,2018-03,62.94,714
30162,Brescia Villaggio Sereno,Ossidi di Azoto,2018-04,39.81,661
30162,Brescia Villaggio Sereno,Ossidi di Azoto,2018-05,28.71,675
30162,Brescia Villaggio Sereno,Ossidi di Azoto,2018-06,22.35,700
30162,Brescia Villaggio Sereno,Ossidi di Azoto,2018-07,20.51,701
30162,Brescia Villaggio Sereno,Ossidi di Azoto,2018-08,19.12,742
30162,Brescia Villaggio Sereno,Ossidi di Azoto,2018-09,29.42,719
30162,Brescia Villaggio Sereno,Ossidi di Azoto,2018-10,51.02,707
30162,Brescia Villaggio Sereno,Ossidi di Azoto,2018-11,62.24,647
30162,Brescia Villaggio Sereno,Ossidi di Azoto,2018-12,150.89,725
30162,Brescia Villaggio Sereno,Ossidi di Azoto,2019-01,99.92,638
30162,Brescia Villaggio Sereno,Ossidi di Azoto,2019-02,123.79,549
30162,Brescia Villaggio Sereno,Ossidi di Azoto,2019-03,59.01,544
30162,Brescia Villaggio Sereno,Ossidi di Azoto,2019-04,31.77,700
30162,Brescia Villaggio Sereno,Ossidi di Azoto,2019-05,27.89,678
30162,Brescia Villaggio Sereno,Ossidi di Azoto,2019-06,23.94,690
30162,Brescia Villaggio Sereno,Ossidi di Azoto,2019-07,21.27,720
30162,Brescia Villaggio Sereno,Ossidi di Azoto,2019-08,16.69,632
30162,Brescia Villaggio Sereno,Ossidi di Azoto,2019-09,33.30,648
30162,Brescia Villaggio Sereno,Ossidi di Azoto,2019-10,36.12,697
30162,Brescia Villaggio Sereno,Ossidi di Azoto,2019-11,66.78,644
30162,Brescia Villaggio Sereno,Ossidi di Azoto,2019-12,110.48,719
30162,Brescia Villaggio Sereno,Ossidi di Azoto,2020-01,172.41,744
30162,Brescia Villaggio Sereno,Ossidi di Azoto,2020-02,78.75,648
30162,Brescia Villaggio Sereno,Ossidi di Azoto,2020-03,30.52,742
30162,Brescia Villaggio Sereno,Ossidi di Azoto,2020-04,15.17,630
30162,Brescia Villaggio Sereno,Ossidi di Azoto,2020-05,14.25,663
30162,Brescia Villaggio Sereno,Ossidi di Azoto,2020-06,17.94,594
30162,Brescia Villaggio Sereno,Ossidi di Azoto,2020-07,15.95,726
30162,Brescia Villaggio Sereno,Ossidi di Azoto,2020-08,16.72,682
30162,Brescia Villaggio Sereno,Ossidi di Azoto,2020-09,27.10,696
30162,Brescia Villaggio Sereno,Ossidi di Azoto,2020-10,50.39,692
30162,Brescia Villaggio Sereno,Ossidi di Azoto,2020-11,85.87,671
30162,Brescia Villaggio Sereno,Ossidi di Azoto,2020-12,111.78,690
30162,Brescia Villaggio Sereno,Ossidi di Azoto,2021-01,93.16,677
30162,Brescia Villaggio Sereno,Ossidi di Azoto,2021-02,73.84,672
30162,Brescia Villaggio Sereno,Ossidi di Azoto,2021-03,43.96,712
30162,Brescia Villaggio Sereno,Ossidi di Azoto,2021-04,26.40,608
30162,Brescia Villaggio Sereno,Ossidi di Azoto,2021-05,25.74,743
30162,Brescia Villaggio Sereno,Ossidi di Azoto,2021-06,34.38,696
30162,Brescia Villaggio Sereno,Ossidi di Azoto,2021-07,28.21,565
30162,Brescia Villaggio Sereno,Ossidi di Azoto,2021-08,20.19,722
30162,Brescia Villaggio Sereno,Ossidi di Azoto,2021-09,27.06,695
30162,Brescia Villaggio Sereno,Ossidi di Azoto,2021-10,52.92,681
30162,Brescia Villaggio Sereno,Ossidi di Azoto,2021-11,77.40,718
30162,Brescia Villaggio Sereno,Ossidi di Azoto,2021-12,155.19,726
30162,Brescia Villaggio Sereno,Ossidi di Azoto,2022-01,118.81,742
30162,Brescia Villaggio Sereno,Ossidi di Azoto,2022-02,84.33,601
30162,Brescia Villaggio Sereno,Ossidi di Azoto,2022-03,46.16,699
30162,Brescia Villaggio Sereno,Ossidi di Azoto,2022-04,33.10,719
30162,Brescia Villaggio Sereno,Ossidi di Azoto,2022-05,34.13,679
30162,Brescia Villaggio Sereno,Ossidi di Azoto,2022-06,26.86,714
30162,Brescia Villaggio Sereno,Ossidi di Azoto,2022-07,19.70,716
30162,Brescia Villaggio Sereno,Ossidi di Azoto,2022-08,17.54,623
30162,Brescia Villaggio Sereno,Ossidi di Azoto,2022-09,26.58,636
30162,Brescia Villaggio Sereno,Ossidi di Azoto,2022-10,39.91,692
30162,Brescia Villaggio Sereno,Ossidi di Azoto,2022-11,66.66,654
30162,Brescia Villaggio Sereno,Ossidi di Azoto,2022-12,94.14,625
30162,Brescia Villaggio Sereno,Ossidi di Azoto,2023-01,82.30,719
30162,Brescia Villaggio Sereno,Ossidi di Azoto,2023-02,72.97,590
30162,Brescia Villaggio Sereno,Ossidi di Azoto,2023-03,44.46,684
30162,Brescia Villaggio Sereno,Ossidi di Azoto,2023-04,30.69,541
30162,Brescia Villaggio Sereno,Ossidi di Azoto,2023-05,24.00,721
30162,Brescia Villaggio Sereno,Ossidi di Azoto,2023-06,18.51,718
30162,Brescia Villaggio Sereno,Ossidi di Azoto,2023-07,16.49,364
30162,Brescia Villaggio Sereno,Ossidi di Azoto,2023-08,18.16,666
30162,Brescia Villaggio Sereno,Ossidi di Azoto,2023-09,23.29,204
30162,Brescia Villaggio Sereno,Ossidi di Azoto,2023-10,42.10,219
30162,Brescia Villaggio Sereno,Ossidi di Azoto,2023-11,60.45,517
30162,Brescia Villaggio Sereno,Ossidi di Azoto,2023-12,94.81,570
30162,Brescia Villaggio Sereno,Ossidi di Azoto,2024-01,130.02,388
30162,Brescia Villaggio Sereno,Ossidi di Azoto,2024-02,79.63,644
30162,Brescia Villaggio Sereno,Ossidi di Azoto,2024-03,39.64,674
30162,Brescia Villaggio Sereno,Ossidi di Azoto,2024-04,29.90,613
30162,Brescia Villaggio Sereno,Ossidi di Azoto,2024-05,21.05,742
30162,Brescia Villaggio Sereno,Ossidi di Azoto,2024-06,19.98,683
30162,Brescia Villaggio Sereno,Ossidi di Azoto,2024-07,16.15,743
30162,Brescia Villaggio Sereno,Ossidi di Azoto,2024-08,19.98,618
30162,Brescia Villaggio Sereno,Ossidi di Azoto,2024-09,25.46,718
30162,Brescia Villaggio Sereno,Ossidi di Azoto,2024-10,33.73,742
30162,Brescia Villaggio Sereno,Ossidi di Azoto,2024-11,75.24,649
30162,Brescia Villaggio Sereno,Ossidi di Azoto,2024-12,88.69,705
30162,Brescia Villaggio Sereno,Ossidi di Azoto,2025-01,41.50,1
30163,Brescia Villaggio Sereno,Biossido di Azoto,2013-12,61.20,456
30163,Brescia Villaggio Sereno,Biossido di Azoto,2014-01,49.95,697
30163,Brescia Villaggio Sereno,Biossido di Azoto,2014-02,46.37,608
30163,Brescia Villaggio Sereno,Biossido di Azoto,2014-03,43.20,672
30163,Brescia Villaggio Sereno,Biossido di Azoto,2014-04,33.14,717
30163,Brescia Villaggio Sereno,Biossido di Azoto,2014-05,28.97,630
30163,Brescia Villaggio Sereno,Biossido di Azoto,2014-06,27.06,712
30163,Brescia Villaggio Sereno,Biossido di Azoto,2014-07,24.53,663
30163,Brescia Villaggio Sereno,Biossido di Azoto,2014-08,23.71,743
30163,Brescia Villaggio Sereno,Biossido di Azoto,2014-09,31.81,660
30163,Brescia Villaggio Sereno,Biossido di Azoto,2014-10,34.26,737
30163,Brescia Villaggio Sereno,Biossido di Azoto,2014-11,40.70,681
30163,Brescia Villaggio Sereno,Biossido di Azoto,2014-12,42.88,719
30163,Brescia Villaggio Sereno,Biossido di Azoto,2015-01,55.23,709
30163,Brescia Villaggio Sereno,Biossido di Azoto,2015-02,56.59,600
30163,Brescia Villaggio Sereno,Biossido di Azoto,2015-03,46.03,664
30163,Brescia Villaggio Sereno,Biossido di Azoto,2015-04,36.65,712
30163,Brescia Villaggio Sereno,Biossido di Azoto,2015-05,29.00,713
30163,Brescia Villaggio Sereno,Biossido di Azoto,2015-06,27.00,699
30163,Brescia Villaggio Sereno,Biossido di Azoto,2015-07,26.39,633
30163,Brescia Villaggio Sereno,Biossido di Azoto,2015-08,24.03,744
30163,Brescia Villaggio Sereno,Biossido di Azoto,2015-09,29.27,718
30163,Brescia Villaggio Sereno,Biossido di Azoto,2015-10,33.54,726
30163,Brescia Villaggio Sereno,Biossido di Azoto,2015-11,42.28,703
30163,Brescia Villaggio Sereno,Biossido di Azoto,2015-12,47.69,744
30163,Brescia Villaggio Sereno,Biossido di Azoto,2016-01,49.99,703
30163,Brescia Villaggio Sereno,Biossido di Azoto,2016-02,37.71,649
30163,Brescia Villaggio Sereno,Biossido di Azoto,2016-03,32.43,651
30163,Brescia Villaggio Sereno,Biossido di Azoto,2016-04,24.34,677
30163,Brescia Villaggio Sereno,Biossido di Azoto,2016-05,29.22,629
30163,Brescia Villaggio Sereno,Biossido di Azoto,2016-06,20.95,665
30163,Brescia Villaggio Sereno,Biossido di Azoto,2016-07,19.06,586
30163,Brescia Villaggio Sereno,Biossido di Azoto,2016-08,17.70,41
30163,Brescia Villaggio Sereno,Biossido di Azoto,2016-09,39.87,84
30163,Brescia Villaggio Sereno,Biossido di Azoto,2016-10,34.44,509
30163,Brescia Villaggio Sereno,Biossido di Azoto,2016-11,40.95,695
30163,Brescia Villaggio Sereno,Biossido di Azoto,2016-12,47.86,718
30163,Brescia Villaggio Sereno,Biossido di Azoto,2017-01,58.54,603
30163,Brescia Villaggio Sereno,Biossido di Azoto,2017-02,48.33,639
30163,Brescia Villaggio Sereno,Biossido di Azoto,2017-03,42.76,744
30163,Brescia Villaggio Sereno,Biossido di Azoto,2017-04,30.78,447
30163,Brescia Villaggio Sereno,Biossido di Azoto,2017-05,25.36,688
30163,Brescia Villaggio Sereno,Biossido di Azoto,2017-06,25.36,617
30163,Brescia Villaggio Sereno,Biossido di Azoto,2017-07,23.14,720
30163,Brescia Villaggio Sereno,Biossido di Azoto,2017-08,20.92,611
30163,Brescia Villaggio Sereno,Biossido di Azoto,2017-09,25.36,599
30163,Brescia Villaggio Sereno,Biossido di Azoto,2017-10,22.00,666
30163,Brescia Villaggio Sereno,Biossido di Azoto,2017-11,31.18,671
30163,Brescia Villaggio Sereno,Biossido di Azoto,2017-12,58.83,563
30163,Brescia Villaggio Sereno,Biossido di Azoto,2018-01,39.62,698
30163,Brescia Villaggio Sereno,Biossido di Azoto,2018-02,35.13,651
30163,Brescia Villaggio Sereno,Biossido di Azoto,2018-03,36.58,714
30163,Brescia Villaggio Sereno,Biossido di Azoto,2018-04,28.53,661
30163,Brescia Villaggio Sereno,Biossido di Azoto,2018-05,21.54,675
30163,Brescia Villaggio Sereno,Biossido di Azoto,2018-06,18.06,700
30163,Brescia Villaggio Sereno,Biossido di Azoto,2018-07,16.96,701
30163,Brescia Villaggio Sereno,Biossido di Azoto,2018-08,15.80,742
30163,Brescia Villaggio Sereno,Biossido di Azoto,2018-09,23.36,719
30163,Brescia Villaggio Sereno,Biossido di Azoto,2018-10,34.15,707
30163,Brescia Villaggio Sereno,Biossido di Azoto,2018-11,25.01,647
30163,Brescia Villaggio Sereno,Biossido di Azoto,2018-12,46.80,725
30163,Brescia Villaggio Sereno,Biossido di Azoto,2019-01,40.63,638
30163,Brescia Villaggio Sereno,Biossido di Azoto,2019-02,53.71,549
30163,Brescia Villaggio Sereno,Biossido di Azoto,2019-03,37.84,544
30163,Brescia Villaggio Sereno,Biossido di Azoto,2019-04,24.60,700
30163,Brescia Villaggio Sereno,Biossido di Azoto,2019-05,21.50,678
30163,Brescia Villaggio Sereno,Biossido di Azoto,2019-06,20.17,690
30163,Brescia Villaggio Sereno,Biossido di Azoto,2019-07,19.11,720
30163,Brescia Villaggio Sereno,Biossido di Azoto,2019-08,14.98,632
30163,Brescia Villaggio Sereno,Biossido di Azoto,2019-09,26.41,648
30163,Brescia Villaggio Sereno,Biossido di Azoto,2019-10,23.77,697
30163,Brescia Villaggio Sereno,Biossido di Azoto,2019-11,33.67,644
30163,Brescia Villaggio Sereno,Biossido di Azoto,2019-12,38.37,719
30163,Brescia Villaggio Sereno,Biossido di Azoto,2020-01,50.70,744
30163,Brescia Villaggio Sereno,Biossido di Azoto,2020-02,42.11,648
30163,Brescia Villaggio Sereno,Biossido di Azoto,2020-03,21.13,742
30163,Brescia Villaggio Sereno,Biossido di Azoto,2020-04,12.86,630
30163,Brescia Villaggio Sereno,Biossido di Azoto,2020-05,11.53,663
30163,Brescia Villaggio Sereno,Biossido di Azoto,2020-06,14.31,594
30163,Brescia Villaggio Sereno,Biossido di Azoto,2020-07,13.78,726
30163,Brescia Villaggio Sereno,Biossido di Azoto,2020-08,14.53,682
30163,Brescia Villaggio Sereno,Biossido di Azoto,2020-09,22.22,696
30163,Brescia Villaggio Sereno,Biossido di Azoto,2020-10,28.94,692
30163,Brescia Villaggio Sereno,Biossido di Azoto,2020-11,35.34,671
30163,Brescia Villaggio Sereno,Biossido di Azoto,2020-12,34.08,690
30163,Brescia Villaggio Sereno,Biossido di Azoto,2021-01,38.41,677
30163,Brescia Villaggio Sereno,Biossido di Azoto,2021-02,34.71,672
30163,Brescia Villaggio Sereno,Biossido di Azoto,2021-03,29.86,712
30163,Brescia Villaggio Sereno,Biossido di Azoto,2021-04,20.88,608
30163,Brescia Villaggio Sereno,Biossido di Azoto,2021-05,16.71,743
30163,Brescia Villaggio Sereno,Biossido di Azoto,2021-06,19.59,696
30163,Brescia Villaggio Sereno,Biossido di Azoto,2021-07,19.07,565
30163,Brescia Villaggio Sereno,Biossido di Azoto,2021-08,15.40,722
30163,Brescia Villaggio Sereno,Biossido di Azoto,2021-09,22.66,695
30163,Brescia Villaggio Sereno,Biossido di Azoto,2021-10,29.36,681
30163,Brescia Villaggio Sereno,Biossido di Azoto,2021-11,32.30,718
30163,Brescia Villaggio Sereno,Biossido di Azoto,2021-12,37.37,726
30163,Brescia Villaggio Sereno,Biossido di Azoto,2022-01,34.95,742
30163,Brescia Villaggio Sereno,Biossido di Azoto,2022-02,37.08,601
30163,Brescia Villaggio Sereno,Biossido di Azoto,2022-03,33.72,699
30163,Brescia Villaggio Sereno,Biossido di Azoto,2022-04,25.19,719
30163,Brescia Villaggio Sereno,Biossido di Azoto,2022-05,21.56,679
30163,Brescia Villaggio Sereno,Biossido di Azoto,2022-06,17.29,714
30163,Brescia Villaggio Sereno,Biossido di Azoto,2022-07,16.03,716
30163,Brescia Villaggio Sereno,Biossido di Azoto,2022-08,14.49,623
30163,Brescia Villaggio Sereno,Biossido di Azoto,2022-09,19.85,636
30163,Brescia Villaggio Sereno,Biossido di Azoto,2022-10,24.84,692
30163,Brescia Villaggio Sereno,Biossido di Azoto,2022-11,28.99,654
30163,Brescia Villaggio Sereno,Biossido di Azoto,2022-12,34.12,625
30163,Brescia Villaggio Sereno,Biossido di Azoto,2023-01,30.28,719
30163,Brescia Villaggio Sereno,Biossido di Azoto,2023-02,35.87,590
30163,Brescia Villaggio Sereno,Biossido di Azoto,2023-03,27.38,684
30163,Brescia Villaggio Sereno,Biossido di Azoto,2023-04,20.76,541
30163,Brescia Villaggio Sereno,Biossido di Azoto,2023-05,17.45,721
30163,Brescia Villaggio Sereno,Biossido di Azoto,2023-06,15.06,718
30163,Brescia Villaggio Sereno,Biossido di Azoto,2023-07,13.43,364
30163,Brescia Villaggio Sereno,Biossido di Azoto,2023-08,13.78,666
30163,Brescia Villaggio Sereno,Biossido di Azoto,2023-09,18.07,204
30163,Brescia Villaggio Sereno,Biossido di Azoto,2023-10,26.28,219
30163,Brescia Villaggio Sereno,Biossido di Azoto,2023-11,32.46,517
30163,Brescia Villaggio Sereno,Biossido di Azoto,2023-12,28.57,570
30163,Brescia Villaggio Sereno,Biossido di Azoto,2024-01,47.57,388
30163,Brescia Villaggio Sereno,Biossido di Azoto,2024-02,38.97,644
30163,Brescia Villaggio Sereno,Biossido di Azoto,2024-03,28.39,674
30163,Brescia Villaggio Sereno,Biossido di Azoto,2024-04,23.46,613
30163,Brescia Villaggio Sereno,Biossido di Azoto,2024-05,16.93,742
30163,Brescia Villaggio Sereno,Biossido di Azoto,2024-06,16.82,683
30163,Brescia Villaggio Sereno,Biossido di Azoto,2024-07,14.54,743
30163,Brescia Villaggio Sereno,Biossido di Azoto,2024-08,16.81,618
30163,Brescia Villaggio Sereno,Biossido di Azoto,2024-09,20.66,718
30163,Brescia Villaggio Sereno,Biossido di Azoto,2024-10,22.34,742
30163,Brescia Villaggio Sereno,Biossido di Azoto,2024-11,33.04,649
30163,Brescia Villaggio Sereno,Biossido di Azoto,2024-12,36.07,705
30163,Brescia Villaggio Sereno,Biossido di Azoto,2025-01,35.60,1
30165,Brescia Villaggio Sereno,Ozono,2013-12,10.71,433
30165,Brescia Villaggio Sereno,Ozono,2014-01,9.71,697
30165,Brescia Villaggio Sereno,Ozono,2014-02,19.57,607
30165,Brescia Villaggio Sereno,Ozono,2014-03,43.62,567
30165,Brescia Villaggio Sereno,Ozono,2014-04,56.82,718
30165,Brescia Villaggio Sereno,Ozono,2014-05,69.85,631
30165,Brescia Villaggio Sereno,Ozono,2014-06,95.64,710
30165,Brescia Villaggio Sereno,Ozono,2014-07,74.80,654
30165,Brescia Villaggio Sereno,Ozono,2014-08,67.15,743
30165,Brescia Villaggio Sereno,Ozono,2014-09,51.76,661
30165,Brescia Villaggio Sereno,Ozono,2014-10,23.31,737
30165,Brescia Villaggio Sereno,Ozono,2014-11,15.92,681
30165,Brescia Villaggio Sereno,Ozono,2014-12,5.71,718
30165,Brescia Villaggio Sereno,Ozono,2015-01,12.08,708
30165,Brescia Villaggio Sereno,Ozono,2015-02,19.43,599
30165,Brescia Villaggio Sereno,Ozono,2015-03,42.70,666
30165,Brescia Villaggio Sereno,Ozono,2015-04,66.01,711
30165,Brescia Villaggio Sereno,Ozono,2015-05,74.42,723
30165,Brescia Villaggio Sereno,Ozono,2015-06,99.66,700
30165,Brescia Villaggio Sereno,Ozono,2015-07,116.41,697
30165,Brescia Villaggio Sereno,Ozono,2015-08,97.46,744
30165,Brescia Villaggio Sereno,Ozono,2015-09,62.11,719
30165,Brescia Villaggio Sereno,Ozono,2015-10,23.24,726
30165,Brescia Villaggio Sereno,Ozono,2015-11,10.15,701
30165,Brescia Villaggio Sereno,Ozono,2015-12,4.02,744
30165,Brescia Villaggio Sereno,Ozono,2016-01,6.55,703
30165,Brescia Villaggio Sereno,Ozono,2016-02,22.58,649
30165,Brescia Villaggio Sereno,Ozono,2016-03,40.33,651
30165,Brescia Villaggio Sereno,Ozono,2016-04,59.69,677
30165,Brescia Villaggio Sereno,Ozono,2016-05,69.09,648
30165,Brescia Villaggio Sereno,Ozono,2016-06,75.13,665
30165,Brescia Villaggio Sereno,Ozono,2016-07,89.88,587
30165,Brescia Villaggio Sereno,Ozono,2016-08,82.66,676
30165,Brescia Villaggio Sereno,Ozono,2016-09,71.06,702
30165,Brescia Villaggio Sereno,Ozono,2016-10,23.94,508
30165,Brescia Villaggio Sereno,Ozono,2016-11,10.13,696
30165,Brescia Villaggio Sereno,Ozono,2016-12,5.23,724
30165,Brescia Villaggio Sereno,Ozono,2017-01,13.47,741
30165,Brescia Villaggio Sereno,Ozono,2017-02,13.88,639
30165,Brescia Villaggio Sereno,Ozono,2017-03,30.19,744
30165,Brescia Villaggio Sereno,Ozono,2017-04,65.12,607
30165,Brescia Villaggio Sereno,Ozono,2017-05,77.18,684
30165,Brescia Villaggio Sereno,Ozono,2017-06,94.73,619
30165,Brescia Villaggio Sereno,Ozono,2017-07,94.46,720
30165,Brescia Villaggio Sereno,Ozono,2017-08,96.11,614
30165,Brescia Villaggio Sereno,Ozono,2017-09,48.65,601
30165,Brescia Villaggio Sereno,Ozono,2017-10,31.37,690
30165,Brescia Villaggio Sereno,Ozono,2017-11,7.97,673
30165,Brescia Villaggio Sereno,Ozono,2017-12,5.30,566
30165,Brescia Villaggio Sereno,Ozono,2018-01,15.78,711
30165,Brescia Villaggio Sereno,Ozono,2018-02,25.25,650
30165,Brescia Villaggio Sereno,Ozono,2018-03,35.93,714
30165,Brescia Villaggio Sereno,Ozono,2018-04,63.26,658
30165,Brescia Villaggio Sereno,Ozono,2018-05,72.25,659
30165,Brescia Villaggio Sereno,Ozono,2018-06,94.77,701
30165,Brescia Villaggio Sereno,Ozono,2018-07,109.31,702
30165,Brescia Villaggio Sereno,Ozono,2018-08,94.54,743
30165,Brescia Villaggio Sereno,Ozono,2018-09,75.29,720
30165,Brescia Villaggio Sereno,Ozono,2018-10,38.65,707
30165,Brescia Villaggio Sereno,Ozono,2018-11,16.20,648
30165,Brescia Villaggio Sereno,Ozono,2018-12,5.76,726
30165,Brescia Villaggio Sereno,Ozono,2019-01,10.61,660
30165,Brescia Villaggio Sereno,Ozono,2019-02,21.34,588
30165,Brescia Villaggio Sereno,Ozono,2019-03,46.83,545
30165,Brescia Villaggio Sereno,Ozono,2019-04,61.15,696
30165,Brescia Villaggio Sereno,Ozono,2019-05,58.42,680
30165,Brescia Villaggio Sereno,Ozono,2019-06,94.79,692
30165,Brescia Villaggio Sereno,Ozono,2019-07,83.99,701
30165,Brescia Villaggio Sereno,Ozono,2019-08,73.61,619
30165,Brescia Villaggio Sereno,Ozono,2019-09,60.45,649
30165,Brescia Villaggio Sereno,Ozono,2019-10,31.93,744
30165,Brescia Villaggio Sereno,Ozono,2019-11,22.86,692
30165,Brescia Villaggio Sereno,Ozono,2019-12,11.84,666
30165,Brescia Villaggio Sereno,Ozono,2020-01,10.25,724
30165,Brescia Villaggio Sereno,Ozono,2020-02,20.67,649
30165,Brescia Villaggio Sereno,Ozono,2020-03,46.41,733
30165,Brescia Villaggio Sereno,Ozono,2020-04,80.34,607
30165,Brescia Villaggio Sereno,Ozono,2020-05,73.00,719
30165,Brescia Villaggio Sereno,Ozono,2020-06,77.28,614
30165,Brescia Villaggio Sereno,Ozono,2020-07,97.61,727
30165,Brescia Villaggio Sereno,Ozono,2020-08,85.00,683
30165,Brescia Villaggio Sereno,Ozono,2020-09,67.70,698
30165,Brescia Villaggio Sereno,Ozono,2020-10,26.80,691
30165,Brescia Villaggio Sereno,Ozono,2020-11,11.24,671
30165,Brescia Villaggio Sereno,Ozono,2020-12,9.70,690
30165,Brescia Villaggio Sereno,Ozono,2021-01,15.87,677
30165,Brescia Villaggio Sereno,Ozono,2021-02,24.76,672
30165,Brescia Villaggio Sereno,Ozono,2021-03,52.10,717
30165,Brescia Villaggio Sereno,Ozono,2021-04,69.87,649
30165,Brescia Villaggio Sereno,Ozono,2021-05,73.33,744
30165,Brescia Villaggio Sereno,Ozono,2021-06,95.22,675
30165,Brescia Villaggio Sereno,Ozono,2021-07,92.03,645
30165,Brescia Villaggio Sereno,Ozono,2021-08,90.27,725
30165,Brescia Villaggio Sereno,Ozono,2021-09,78.75,696
30165,Brescia Villaggio Sereno,Ozono,2021-10,33.61,744
30165,Brescia Villaggio Sereno,Ozono,2021-11,13.32,719
30165,Brescia Villaggio Sereno,Ozono,2021-12,5.08,726
30165,Brescia Villaggio Sereno,Ozono,2022-01,8.39,744
30165,Brescia Villaggio Sereno,Ozono,2022-02,22.42,566
30165,Brescia Villaggio Sereno,Ozono,2022-03,58.36,700
30165,Brescia Villaggio Sereno,Ozono,2022-04,67.60,720
30165,Brescia Villaggio Sereno,Ozono,2022-05,78.64,679
30165,Brescia Villaggio Sereno,Ozono,2022-06,92.42,714
30165,Brescia Villaggio Sereno,Ozono,2022-07,108.83,717
30165,Brescia Villaggio Sereno,Ozono,2022-08,95.47,624
30165,Brescia Villaggio Sereno,Ozono,2022-09,64.75,638
30165,Brescia Villaggio Sereno,Ozono,2022-10,35.13,693
30165,Brescia Villaggio Sereno,Ozono,2022-11,11.56,656
30165,Brescia Villaggio Sereno,Ozono,2022-12,4.47,546
30165,Brescia Villaggio Sereno,Ozono,2023-01,12.02,720
30165,Brescia Villaggio Sereno,Ozono,2023-02,28.07,591
30165,Brescia Villaggio Sereno,Ozono,2023-03,47.38,685
30165,Brescia Villaggio Sereno,Ozono,2023-04,67.06,542
30165,Brescia Villaggio Sereno,Ozono,2023-05,66.14,721
30165,Brescia Villaggio Sereno,Ozono,2023-06,101.57,709
30165,Brescia Villaggio Sereno,Ozono,2023-07,98.96,611
30165,Brescia Villaggio Sereno,Ozono,2023-08,101.59,668
30165,Brescia Villaggio Sereno,Ozono,2023-09,84.15,568
30165,Brescia Villaggio Sereno,Ozono,2023-10,57.25,698
30165,Brescia Villaggio Sereno,Ozono,2023-11,34.03,525
30165,Brescia Villaggio Sereno,Ozono,2023-12,25.63,570
30165,Brescia Villaggio Sereno,Ozono,2024-01,10.98,729
30165,Brescia Villaggio Sereno,Ozono,2024-02,22.12,644
30165,Brescia Villaggio Sereno,Ozono,2024-03,38.75,675
30165,Brescia Villaggio Sereno,Ozono,2024-04,55.06,614
30165,Brescia Villaggio Sereno,Ozono,2024-05,59.53,744
30165,Brescia Villaggio Sereno,Ozono,2024-06,68.07,684
30165,Brescia Villaggio Sereno,Ozono,2024-07,87.10,744
30165,Brescia Villaggio Sereno,Ozono,2024-08,91.32,637
30165,Brescia Villaggio Sereno,Ozono,2024-09,55.56,720
30165,Brescia Villaggio Sereno,Ozono,2024-10,23.91,744
30165,Brescia Villaggio Sereno,Ozono,2024-11,11.23,649
30165,Brescia Villaggio Sereno,Ozono,2024-12,8.53,709
30165,Brescia Villaggio Sereno,Ozono,2025-01,5.90,1
30166,Brescia v.Turati,Benzene,2016-01,3.14,742
30166,Brescia v.Turati,Benzene,2016-02,1.51,693
30166,Brescia v.Turati,Benzene,2016-03,1.02,741
30166,Brescia v.Turati,Benzene,2016-04,0.59,701
30166,Brescia v.Turati,Benzene,2016-05,0.57,742
30166,Brescia v.Turati,Benzene,2016-06,0.52,695
30166,Brescia v.Turati,Benzene,2016-07,0.56,720
30166,Brescia v.Turati,Benzene,2016-08,0.53,651
30166,Brescia v.Turati,Benzene,2016-09,0.80,697
30166,Brescia v.Turati,Benzene,2016-10,1.33,671
30166,Brescia v.Turati,Benzene,2016-11,1.97,718
30166,Brescia v.Turati,Benzene,2016-12,4.13,734
30166,Brescia v.Turati,Benzene,2017-01,2.43,665
30166,Brescia v.Turati,Benzene,2017-02,2.22,671
30166,Brescia v.Turati,Benzene,2017-03,0.78,736
30166,Brescia v.Turati,Benzene,2017-04,0.28,526
30166,Brescia v.Turati,Benzene,2017-05,0.59,369
30166,Brescia v.Turati,Benzene,2017-06,0.90,720
30166,Brescia v.Turati,Benzene,2017-07,1.13,736
30166,Brescia v.Turati,Benzene,2017-08,0.63,710
30166,Brescia v.Turati,Benzene,2017-09,0.86,716
30166,Brescia v.Turati,Benzene,2017-10,1.54,701
30166,Brescia v.Turati,Benzene,2017-11,2.03,615
30166,Brescia v.Turati,Benzene,2017-12,3.09,741
30166,Brescia v.Turati,Benzene,2018-01,3.10,1
30166,Brescia v.Turati,Benzene,2018-01,2.41,714
30166,Brescia v.Turati,Benzene,2018-02,1.98,672
30166,Brescia v.Turati,Benzene,2018-03,1.88,738
30166,Brescia v.Turati,Benzene,2018-04,1.03,715
30166,Brescia v.Turati,Benzene,2018-05,0.80,742
30166,Brescia v.Turati,Benzene,2018-06,0.69,717
30166,Brescia v.Turati,Benzene,2018-07,0.28,739
30166,Brescia v.Turati,Benzene,2018-08,0.15,741
30166,Brescia v.Turati,Benzene,2018-09,0.59,717
30166,Brescia v.Turati,Benzene,2018-10,0.82,742
30166,Brescia v.Turati,Benzene,2018-11,1.04,690
30166,Brescia v.Turati,Benzene,2018-12,1.23,718
30166,Brescia v.Turati,Benzene,2019-01,1.26,742
30166,Brescia v.Turati,Benzene,2019-02,1.61,668
30166,Brescia v.Turati,Benzene,2019-03,0.68,734
30166,Brescia v.Turati,Benzene,2019-04,0.62,693
30166,Brescia v.Turati,Benzene,2019-05,0.67,730
30166,Brescia v.Turati,Benzene,2019-06,0.61,710
30166,Brescia v.Turati,Benzene,2019-07,0.43,733
30166,Brescia v.Turati,Benzene,2019-08,0.34,743
30166,Brescia v.Turati,Benzene,2019-09,0.54,719
30166,Brescia v.Turati,Benzene,2019-10,0.65,744
30166,Brescia v.Turati,Benzene,2019-11,0.70,660
30166,Brescia v.Turati,Benzene,2019-12,1.33,711
30166,Brescia v.Turati,Benzene,2020-01,1.87,732
30166,Brescia v.Turati,Benzene,2020-02,0.96,694
30166,Brescia v.Turati,Benzene,2020-03,0.39,729
30166,Brescia v.Turati,Benzene,2020-04,0.22,701
30166,Brescia v.Turati,Benzene,2020-05,0.25,740
30166,Brescia v.Turati,Benzene,2020-06,0.29,719
30166,Brescia v.Turati,Benzene,2020-07,0.29,734
30166,Brescia v.Turati,Benzene,2020-08,0.29,741
30166,Brescia v.Turati,Benzene,2020-09,0.39,642
30166,Brescia v.Turati,Benzene,2020-10,0.62,741
30166,Brescia v.Turati,Benzene,2020-11,0.96,718
30166,Brescia v.Turati,Benzene,2020-12,1.22,735
30166,Brescia v.Turati,Benzene,2021-01,1.16,741
30166,Brescia v.Turati,Benzene,2021-02,1.18,670
30166,Brescia v.Turati,Benzene,2021-03,0.55,741
30166,Brescia v.Turati,Benzene,2021-04,0.39,720
30166,Brescia v.Turati,Benzene,2021-05,0.35,740
30166,Brescia v.Turati,Benzene,2021-06,0.37,718
30166,Brescia v.Turati,Benzene,2021-07,0.32,740
30166,Brescia v.Turati,Benzene,2021-08,0.26,728
30166,Brescia v.Turati,Benzene,2021-09,0.42,708
30166,Brescia v.Turati,Benzene,2021-10,0.77,696
30166,Brescia v.Turati,Benzene,2021-11,1.90,716
30166,Brescia v.Turati,Benzene,2021-12,2.66,742
30166,Brescia v.Turati,Benzene,2022-01,2.48,730
30166,Brescia v.Turati,Benzene,2022-02,1.73,594
30166,Brescia v.Turati,Benzene,2022-03,1.26,744
30166,Brescia v.Turati,Benzene,2022-04,0.82,720
30166,Brescia v.Turati,Benzene,2022-05,0.71,725
30166,Brescia v.Turati,Benzene,2022-06,0.60,720
30166,Brescia v.Turati,Benzene,2022-07,0.50,741
30166,Brescia v.Turati,Benzene,2022-08,0.49,632
30166,Brescia v.Turati,Benzene,2022-09,0.66,720
30166,Brescia v.Turati,Benzene,2022-10,1.03,682
30166,Brescia v.Turati,Benzene,2022-11,1.58,668
30166,Brescia v.Turati,Benzene,2022-12,2.30,740
30166,Brescia v.Turati,Benzene,2023-01,2.05,743
30166,Brescia v.Turati,Benzene,2023-02,1.89,601
30166,Brescia v.Turati,Benzene,2023-03,1.26,744
30166,Brescia v.Turati,Benzene,2023-04,0.85,660
30166,Brescia v.Turati,Benzene,2023-05,0.85,704
30166,Brescia v.Turati,Benzene,2023-06,0.74,665
30166,Brescia v.Turati,Benzene,2023-07,0.60,712
30166,Brescia v.Turati,Benzene,2023-08,0.62,743
30166,Brescia v.Turati,Benzene,2023-09,0.92,720
30166,Brescia v.Turati,Benzene,2023-10,1.18,744
30166,Brescia v.Turati,Benzene,2023-11,1.80,716
30166,Brescia v.Turati,Benzene,2023-12,2.66,669
30166,Brescia v.Turati,Benzene,2024-01,2.65,672
30166,Brescia v.Turati,Benzene,2024-02,2.04,688
30166,Brescia v.Turati,Benzene,2024-03,1.30,744
30166,Brescia v.Turati,Benzene,2024-04,0.98,717
30166,Brescia v.Turati,Benzene,2024-05,0.76,703
30166,Brescia v.Turati,Benzene,2024-06,0.77,719
30166,Brescia v.Turati,Benzene,2024-07,0.65,737
30166,Brescia v.Turati,Benzene,2024-08,0.58,742
30166,Brescia v.Turati,Benzene,2024-09,0.92,720
30166,Brescia v.Turati,Benzene,2024-10,1.15,744
30166,Brescia v.Turati,Benzene,2024-11,2.31,720
30166,Brescia v.Turati,Benzene,2024-12,2.34,743
30166,Brescia v.Turati,Benzene,2025-01,2.50,1
6744,Breno v.Don Putelli,Biossido di Azoto,2000-01,67.72,648
6744,Breno v.Don Putelli,Biossido di Azoto,2000-02,59.52,495
6744,Breno v.Don Putelli,Biossido di Azoto,2000-03,51.82,603
6744,Breno v.Don Putelli,Biossido di Azoto,2000-04,38.53,684
6744,Breno v.Don Putelli,Biossido di Azoto,2000-05,28.40,744
6744,Breno v.Don Putelli,Biossido di Azoto,2000-06,22.52,634
6744,Breno v.Don Putelli,Biossido di Azoto,2000-07,20.02,744
6744,Breno v.Don Putelli,Biossido di Azoto,2000-08,20.18,718
6744,Breno v.Don Putelli,Biossido di Azoto,2000-09,25.29,686
6744,Breno v.Don Putelli,Biossido di Azoto,2000-10,44.01,744
6744,Breno v.Don Putelli,Biossido di Azoto,2000-11,39.01,617
6744,Breno v.Don Putelli,Biossido di Azoto,2000-12,40.28,744
6744,Breno v.Don Putelli,Biossido di Azoto,2001-01,53.03,744
6744,Breno v.Don Putelli,Biossido di Azoto,2001-02,71.86,670
6744,Breno v.Don Putelli,Biossido di Azoto,2001-03,73.13,744
6744,Breno v.Don Putelli,Biossido di Azoto,2001-04,57.69,719
6744,Breno v.Don Putelli,Biossido di Azoto,2001-05,44.57,743
6744,Breno v.Don Putelli,Biossido di Azoto,2001-06,41.83,454
6744,Breno v.Don Putelli,Biossido di Azoto,2001-07,39.06,743
6744,Breno v.Don Putelli,Biossido di Azoto,2001-08,23.60,744
6744,Breno v.Don Putelli,Biossido di Azoto,2001-09,36.75,433
6744,Breno v.Don Putelli,Biossido di Azoto,2001-10,52.82,269
6744,Breno v.Don Putelli,Biossido di Azoto,2001-11,54.04,684
6744,Breno v.Don Putelli,Biossido di Azoto,2001-12,49.67,743
6744,Breno v.Don Putelli,Biossido di Azoto,2002-01,84.49,741
6744,Breno v.Don Putelli,Biossido di Azoto,2002-02,77.99,589
6744,Breno v.Don Putelli,Biossido di Azoto,2002-03,40.11,682
6744,Breno v.Don Putelli,Biossido di Azoto,2002-04,23.42,527
6744,Breno v.Don Putelli,Biossido di Azoto,2002-05,21.21,147
6744,Breno v.Don Putelli,Biossido di Azoto,2002-06,23.80,717
6744,Breno v.Don Putelli,Biossido di Azoto,2002-07,21.80,744
6744,Breno v.Don Putelli,Biossido di Azoto,2002-08,20.20,743
6744,Breno v.Don Putelli,Biossido di Azoto,2002-09,27.43,720
6744,Breno v.Don Putelli,Biossido di Azoto,2002-10,24.71,715
6744,Breno v.Don Putelli,Biossido di Azoto,2002-11,27.76,157
6744,Breno v.Don Putelli,Biossido di Azoto,2002-12,48.02,261
6744,Breno v.Don Putelli,Biossido di Azoto,2003-01,58.82,708
6744,Breno v.Don Putelli,Biossido di Azoto,2003-02,59.19,631
6744,Breno v.Don Putelli,Biossido di Azoto,2003-03,48.68,668
6744,Breno v.Don Putelli,Biossido di Azoto,2003-04,41.00,648
6744,Breno v.Don Putelli,Biossido di Azoto,2003-05,31.45,570
6744,Breno v.Don Putelli,Biossido di Azoto,2003-06,22.41,165
6744,Breno v.Don Putelli,Biossido di Azoto,2003-07,18.79,577
6744,Breno v.Don Putelli,Biossido di Azoto,2003-08,22.54,204
6744,Breno v.Don Putelli,Biossido di Azoto,2003-09,29.40,500
6744,Breno v.Don Putelli,Biossido di Azoto,2003-10,31.61,553
6744,Breno v.Don Putelli,Biossido di Azoto,2003-11,31.81,651
6744,Breno v.Don Putelli,Biossido di Azoto,2003-12,36.89,718
6744,Breno v.Don Putelli,Biossido di Azoto,2004-01,36.22,353
6744,Breno v.Don Putelli,Biossido di Azoto,2004-02,50.64,558
6744,Breno v.Don Putelli,Biossido di Azoto,2004-03,35.71,732
6744,Breno v.Don Putelli,Biossido di Azoto,2004-04,22.73,584
6744,Breno v.Don Putelli,Biossido di Azoto,2004-05,11.57,538
6744,Breno v.Don Putelli,Biossido di Azoto,2004-06,64.20,2
6744,Breno v.Don Putelli,Biossido di Azoto,2004-07,41.63,214
6744,Breno v.Don Putelli,Biossido di Azoto,2004-08,15.39,670
6744,Breno v.Don Putelli,Biossido di Azoto,2004-09,31.45,669
6744,Breno v.Don Putelli,Biossido di Azoto,2004-10,28.67,667
6744,Breno v.Don Putelli,Biossido di Azoto,2004-11,48.76,610
6744,Breno v.Don Putelli,Biossido di Azoto,2004-12,62.71,569
6744,Breno v.Don Putelli,Biossido di Azoto,2005-01,72.65,629
6744,Breno v.Don Putelli,Biossido di Azoto,2005-02,59.11,634
6744,Breno v.Don Putelli,Biossido di Azoto,2005-03,56.07,580
6744,Breno v.Don Putelli,Biossido di Azoto,2005-04,31.86,689
6744,Breno v.Don Putelli,Biossido di Azoto,2005-05,28.86,665
6744,Breno v.Don Putelli,Biossido di Azoto,2005-06,29.55,545
6744,Breno v.Don Putelli,Biossido di Azoto,2005-07,36.55,739
6744,Breno v.Don Putelli,Biossido di Azoto,2005-08,33.60,734
6744,Breno v.Don Putelli,Biossido di Azoto,2005-09,34.04,720
6744,Breno v.Don Putelli,Biossido di Azoto,2005-10,45.61,687
6744,Breno v.Don Putelli,Biossido di Azoto,2005-11,60.37,691
6744,Breno v.Don Putelli,Biossido di Azoto,2005-12,70.97,744
6744,Breno v.Don Putelli,Biossido di Azoto,2006-01,78.58,734
6744,Breno v.Don Putelli,Biossido di Azoto,2006-02,64.41,672
6744,Breno v.Don Putelli,Biossido di Azoto,2006-03,48.91,738
6744,Breno v.Don Putelli,Biossido di Azoto,2006-04,36.91,719
6744,Breno v.Don Putelli,Biossido di Azoto,2006-05,45.12,741
6744,Breno v.Don Putelli,Biossido di Azoto,2006-06,42.79,720
6744,Breno v.Don Putelli,Biossido di Azoto,2006-07,31.90,730
6744,Breno v.Don Putelli,Biossido di Azoto,2006-08,36.18,744
6744,Breno v.Don Putelli,Biossido di Azoto,2006-09,51.26,672
6744,Breno v.Don Putelli,Biossido di Azoto,2006-10,59.35,743
6744,Breno v.Don Putelli,Biossido di Azoto,2006-11,90.76,689
6744,Breno v.Don Putelli,Biossido di Azoto,2006-12,83.57,744
6744,Breno v.Don Putelli,Biossido di Azoto,2007-01,85.93,672
6744,Breno v.Don Putelli,Biossido di Azoto,2007-02,61.17,524
6744,Breno v.Don Putelli,Biossido di Azoto,2007-03,37.99,734
6744,Breno v.Don Putelli,Biossido di Azoto,2007-04,26.78,670
6744,Breno v.Don Putelli,Biossido di Azoto,2007-05,18.35,727
6744,Breno v.Don Putelli,Biossido di Azoto,2007-06,16.74,566
6744,Breno v.Don Putelli,Biossido di Azoto,2007-07,20.45,741
6744,Breno v.Don Putelli,Biossido di Azoto,2007-08,12.40,744
6744,Breno v.Don Putelli,Biossido di Azoto,2007-09,16.23,716
6744,Breno v.Don Putelli,Biossido di Azoto,2007-10,35.38,730
6744,Breno v.Don Putelli,Biossido di Azoto,2007-11,49.52,720
6744,Breno v.Don Putelli,Biossido di Azoto,2007-12,57.80,742
6744,Breno v.Don Putelli,Biossido di Azoto,2008-01,55.01,740
6744,Breno v.Don Putelli,Biossido di Azoto,2008-02,58.08,696
6744,Breno v.Don Putelli,Biossido di Azoto,2008-03,38.09,744
6744,Breno v.Don Putelli,Biossido di Azoto,2008-04,27.22,719
6744,Breno v.Don Putelli,Biossido di Azoto,2008-05,25.34,739
6744,Breno v.Don Putelli,Biossido di Azoto,2008-06,22.29,719
6744,Breno v.Don Putelli,Biossido di Azoto,2008-07,21.31,737
6744,Breno v.Don Putelli,Biossido di Azoto,2008-08,13.50,731
6744,Breno v.Don Putelli,Biossido di Azoto,2008-09,18.63,717
6744,Breno v.Don Putelli,Biossido di Azoto,2008-10,26.37,714
6744,Breno v.Don Putelli,Biossido di Azoto,2008-11,39.47,720
6744,Breno v.Don Putelli,Biossido di Azoto,2008-12,53.98,744
6744,Breno v.Don Putelli,Biossido di Azoto,2009-01,69.70,744
6744,Breno v.Don Putelli,Biossido di Azoto,2009-02,49.95,672
6744,Breno v.Don Putelli,Biossido di Azoto,2009-03,37.12,744
6744,Breno v.Don Putelli,Biossido di Azoto,2009-04,24.54,720
6744,Breno v.Don Putelli,Biossido di Azoto,2009-05,22.47,744
6744,Breno v.Don Putelli,Biossido di Azoto,2009-06,18.40,719
6744,Breno v.Don Putelli,Biossido di Azoto,2009-07,18.50,744
6744,Breno v.Don Putelli,Biossido di Azoto,2009-08,15.56,743
6744,Breno v.Don Putelli,Biossido di Azoto,2009-09,19.50,622
6744,Breno v.Don Putelli,Biossido di Azoto,2009-10,25.49,744
6744,Breno v.Don Putelli,Biossido di Azoto,2009-11,34.89,720
6744,Breno v.Don Putelli,Biossido di Azoto,2009-12,44.22,742
6744,Breno v.Don Putelli,Biossido di Azoto,2010-01,57.40,1
6744,Breno v.Don Putelli,Biossido di Azoto,2010-01,49.58,743
6744,Breno v.Don Putelli,Biossido di Azoto,2010-02,43.90,670
6744,Breno v.Don Putelli,Biossido di Azoto,2010-03,30.34,743
6744,Breno v.Don Putelli,Biossido di Azoto,2010-04,24.54,720
6744,Breno v.Don Putelli,Biossido di Azoto,2010-05,18.64,744
6744,Breno v.Don Putelli,Biossido di Azoto,2010-06,18.81,720
6744,Breno v.Don Putelli,Biossido di Azoto,2010-07,16.44,743
6744,Breno v.Don Putelli,Biossido di Azoto,2010-08,15.16,744
6744,Breno v.Don Putelli,Biossido di Azoto,2010-09,17.15,720
6744,Breno v.Don Putelli,Biossido di Azoto,2010-10,20.80,744
6744,Breno v.Don Putelli,Biossido di Azoto,2010-11,22.91,652
6744,Breno v.Don Putelli,Biossido di Azoto,2010-12,38.08,744
6744,Breno v.Don Putelli,Biossido di Azoto,2011-01,42.49,671
6744,Breno v.Don Putelli,Biossido di Azoto,2011-02,41.58,646
6744,Breno v.Don Putelli,Biossido di Azoto,2011-03,26.88,684
6744,Breno v.Don Putelli,Biossido di Azoto,2011-04,27.65,552
6744,Breno v.Don Putelli,Biossido di Azoto,2011-05,30.78,744
6744,Breno v.Don Putelli,Biossido di Azoto,2011-06,23.94,714
6744,Breno v.Don Putelli,Biossido di Azoto,2011-07,22.90,679
6744,Breno v.Don Putelli,Biossido di Azoto,2011-08,21.77,741
6744,Breno v.Don Putelli,Biossido di Azoto,2011-09,27.32,720
6744,Breno v.Don Putelli,Biossido di Azoto,2011-10,24.22,744
6744,Breno v.Don Putelli,Biossido di Azoto,2011-11,32.19,720
6744,Breno v.Don Putelli,Biossido di Azoto,2011-12,34.62,744
6744,Breno v.Don Putelli,Biossido di Azoto,2012-01,40.60,744
6744,Breno v.Don Putelli,Biossido di Azoto,2012-02,44.90,696
6744,Breno v.Don Putelli,Biossido di Azoto,2012-03,34.64,744
6744,Breno v.Don Putelli,Biossido di Azoto,2012-04,20.20,688
6744,Breno v.Don Putelli,Biossido di Azoto,2012-05,21.85,742
6744,Breno v.Don Putelli,Biossido di Azoto,2012-06,19.44,719
6744,Breno v.Don Putelli,Biossido di Azoto,2012-07,17.89,743
6744,Breno v.Don Putelli,Biossido di Azoto,2012-08,14.84,744
6744,Breno v.Don Putelli,Biossido di Azoto,2012-09,19.86,690
6744,Breno v.Don Putelli,Biossido di Azoto,2012-10,20.29,744
6744,Breno v.Don Putelli,Biossido di Azoto,2012-11,23.14,720
6744,Breno v.Don Putelli,Biossido di Azoto,2012-12,34.24,744
6744,Breno v.Don Putelli,Biossido di Azoto,2013-01,36.38,742
6744,Breno v.Don Putelli,Biossido di Azoto,2013-02,34.73,672
6744,Breno v.Don Putelli,Biossido di Azoto,2013-03,28.05,744
6744,Breno v.Don Putelli,Biossido di Azoto,2013-04,18.89,718
6744,Breno v.Don Putelli,Biossido di Azoto,2013-05,13.79,716
6744,Breno v.Don Putelli,Biossido di Azoto,2013-06,14.51,719
6744,Breno v.Don Putelli,Biossido di Azoto,2013-07,15.53,741
6744,Breno v.Don Putelli,Biossido di Azoto,2013-08,13.20,743
6744,Breno v.Don Putelli,Biossido di Azoto,2013-09,19.53,718
6744,Breno v.Don Putelli,Biossido di Azoto,2013-10,21.93,744
6744,Breno v.Don Putelli,Biossido di Azoto,2013-11,27.10,655
6744,Breno v.Don Putelli,Biossido di Azoto,2013-12,42.82,744
6744,Breno v.Don Putelli,Biossido di Azoto,2014-01,31.48,539
6744,Breno v.Don Putelli,Biossido di Azoto,2014-02,28.27,671
6744,Breno v.Don Putelli,Biossido di Azoto,2014-03,28.73,744
6744,Breno v.Don Putelli,Biossido di Azoto,2014-04,22.02,717
6744,Breno v.Don Putelli,Biossido di Azoto,2014-05,15.81,744
6744,Breno v.Don Putelli,Biossido di Azoto,2014-06,13.13,720
6744,Breno v.Don Putelli,Biossido di Azoto,2014-07,12.77,743
6744,Breno v.Don Putelli,Biossido di Azoto,2014-08,11.45,743
6744,Breno v.Don Putelli,Biossido di Azoto,2014-09,16.03,719
6744,Breno v.Don Putelli,Biossido di Azoto,2014-10,17.05,744
6744,Breno v.Don Putelli,Biossido di Azoto,2014-11,22.91,720
6744,Breno v.Don Putelli,Biossido di Azoto,2014-12,28.92,743
6744,Breno v.Don Putelli,Biossido di Azoto,2015-01,39.13,673
6744,Breno v.Don Putelli,Biossido di Azoto,2015-02,37.85,672
6744,Breno v.Don Putelli,Biossido di Azoto,2015-03,31.12,744
6744,Breno v.Don Putelli,Biossido di Azoto,2015-04,20.85,720
6744,Breno v.Don Putelli,Biossido di Azoto,2015-05,11.83,744
6744,Breno v.Don Putelli,Biossido di Azoto,2015-06,9.58,720
6744,Breno v.Don Putelli,Biossido di Azoto,2015-07,13.17,736
6744,Breno v.Don Putelli,Biossido di Azoto,2015-08,15.94,744
6744,Breno v.Don Putelli,Biossido di Azoto,2015-09,22.21,718
6744,Breno v.Don Putelli,Biossido di Azoto,2015-10,26.77,743
6744,Breno v.Don Putelli,Biossido di Azoto,2015-11,42.35,695
6744,Breno v.Don Putelli,Biossido di Azoto,2015-12,53.88,743
6744,Breno v.Don Putelli,Biossido di Azoto,2016-01,41.67,683
6744,Breno v.Don Putelli,Biossido di Azoto,2016-02,33.11,695
6744,Breno v.Don Putelli,Biossido di Azoto,2016-03,28.62,744
6744,Breno v.Don Putelli,Biossido di Azoto,2016-04,20.45,720
6744,Breno v.Don Putelli,Biossido di Azoto,2016-05,19.52,685
6744,Breno v.Don Putelli,Biossido di Azoto,2016-06,14.65,718
6744,Breno v.Don Putelli,Biossido di Azoto,2016-07,13.56,743
6744,Breno v.Don Putelli,Biossido di Azoto,2016-08,12.51,744
6744,Breno v.Don Putelli,Biossido di Azoto,2016-09,17.57,720
6744,Breno v.Don Putelli,Biossido di Azoto,2016-10,20.64,744
6744,Breno v.Don Putelli,Biossido di Azoto,2016-11,30.96,718
6744,Breno v.Don Putelli,Biossido di Azoto,2016-12,50.97,743
6744,Breno v.Don Putelli,Biossido di Azoto,2017-01,47.10,1
6745,Breno v.Don Putelli,Biossido di Zolfo,2000-01,13.50,612
6745,Breno v.Don Putelli,Biossido di Zolfo,2000-02,12.42,623
6745,Breno v.Don Putelli,Biossido di Zolfo,2000-03,11.82,600
6745,Breno v.Don Putelli,Biossido di Zolfo,2000-04,9.29,670
6745,Breno v.Don Putelli,Biossido di Zolfo,2000-05,8.42,744
6745,Breno v.Don Putelli,Biossido di Zolfo,2000-06,7.82,635
6745,Breno v.Don Putelli,Biossido di Zolfo,2000-07,8.29,744
6745,Breno v.Don Putelli,Biossido di Zolfo,2000-08,8.08,716
6745,Breno v.Don Putelli,Biossido di Zolfo,2000-09,8.98,627
6745,Breno v.Don Putelli,Biossido di Zolfo,2000-10,9.97,611
6745,Breno v.Don Putelli,Biossido di Zolfo,2000-11,12.69,615
6745,Breno v.Don Putelli,Biossido di Zolfo,2000-12,13.66,744
6745,Breno v.Don Putelli,Biossido di Zolfo,2001-01,12.82,744
6745,Breno v.Don Putelli,Biossido di Zolfo,2001-02,14.22,670
6745,Breno v.Don Putelli,Biossido di Zolfo,2001-03,9.34,744
6745,Breno v.Don Putelli,Biossido di Zolfo,2001-04,9.10,719
6745,Breno v.Don Putelli,Biossido di Zolfo,2001-05,5.46,743
6745,Breno v.Don Putelli,Biossido di Zolfo,2001-06,6.25,453
6745,Breno v.Don Putelli,Biossido di Zolfo,2001-07,6.04,743
6745,Breno v.Don Putelli,Biossido di Zolfo,2001-08,5.92,744
6745,Breno v.Don Putelli,Biossido di Zolfo,2001-09,7.66,431
6745,Breno v.Don Putelli,Biossido di Zolfo,2001-10,3.71,70
6745,Breno v.Don Putelli,Biossido di Zolfo,2001-11,5.30,670
6745,Breno v.Don Putelli,Biossido di Zolfo,2001-12,13.06,734
6745,Breno v.Don Putelli,Biossido di Zolfo,2002-01,15.65,723
6745,Breno v.Don Putelli,Biossido di Zolfo,2002-02,12.35,599
6745,Breno v.Don Putelli,Biossido di Zolfo,2002-03,10.00,665
6745,Breno v.Don Putelli,Biossido di Zolfo,2002-04,8.64,684
6745,Breno v.Don Putelli,Biossido di Zolfo,2002-05,6.79,729
6745,Breno v.Don Putelli,Biossido di Zolfo,2002-06,5.59,693
6745,Breno v.Don Putelli,Biossido di Zolfo,2002-07,6.93,722
6745,Breno v.Don Putelli,Biossido di Zolfo,2002-08,6.92,743
6745,Breno v.Don Putelli,Biossido di Zolfo,2002-09,7.46,696
6745,Breno v.Don Putelli,Biossido di Zolfo,2002-10,8.81,741
6745,Breno v.Don Putelli,Biossido di Zolfo,2002-11,9.04,703
6745,Breno v.Don Putelli,Biossido di Zolfo,2002-12,9.49,740
6745,Breno v.Don Putelli,Biossido di Zolfo,2003-01,11.51,711
6745,Breno v.Don Putelli,Biossido di Zolfo,2003-02,10.26,578
6745,Breno v.Don Putelli,Biossido di Zolfo,2003-03,11.91,536
6745,Breno v.Don Putelli,Biossido di Zolfo,2003-04,9.77,469
6745,Breno v.Don Putelli,Biossido di Zolfo,2003-05,7.62,331
6745,Breno v.Don Putelli,Biossido di Zolfo,2003-06,9.67,84
6745,Breno v.Don Putelli,Biossido di Zolfo,2003-07,6.32,405
6745,Breno v.Don Putelli,Biossido di Zolfo,2003-08,14.49,102
6745,Breno v.Don Putelli,Biossido di Zolfo,2003-09,10.22,545
6745,Breno v.Don Putelli,Biossido di Zolfo,2003-10,16.64,603
6745,Breno v.Don Putelli,Biossido di Zolfo,2003-11,28.40,352
6748,Breno v.Don Putelli,Ossidi di Azoto,2000-01,112.18,247
6748,Breno v.Don Putelli,Ossidi di Azoto,2000-02,119.55,469
6748,Breno v.Don Putelli,Ossidi di Azoto,2000-03,81.15,581
6748,Breno v.Don Putelli,Ossidi di Azoto,2000-04,52.86,684
6748,Breno v.Don Putelli,Ossidi di Azoto,2000-05,36.47,744
6748,Breno v.Don Putelli,Ossidi di Azoto,2000-06,28.26,634
6748,Breno v.Don Putelli,Ossidi di Azoto,2000-07,24.36,744
6748,Breno v.Don Putelli,Ossidi di Azoto,2000-08,25.46,718
6748,Breno v.Don Putelli,Ossidi di Azoto,2000-09,32.86,686
6748,Breno v.Don Putelli,Ossidi di Azoto,2000-10,77.01,744
6748,Breno v.Don Putelli,Ossidi di Azoto,2000-11,113.36,617
6748,Breno v.Don Putelli,Ossidi di Azoto,2000-12,158.09,744
6748,Breno v.Don Putelli,Ossidi di Azoto,2001-01,145.18,744
6748,Breno v.Don Putelli,Ossidi di Azoto,2001-02,152.12,670
6748,Breno v.Don Putelli,Ossidi di Azoto,2001-03,130.64,744
6748,Breno v.Don Putelli,Ossidi di Azoto,2001-04,73.97,719
6748,Breno v.Don Putelli,Ossidi di Azoto,2001-05,60.33,743
6748,Breno v.Don Putelli,Ossidi di Azoto,2001-06,50.93,454
6748,Breno v.Don Putelli,Ossidi di Azoto,2001-07,47.22,743
6748,Breno v.Don Putelli,Ossidi di Azoto,2001-08,30.33,744
6748,Breno v.Don Putelli,Ossidi di Azoto,2001-09,49.28,433
6748,Breno v.Don Putelli,Ossidi di Azoto,2001-10,88.70,269
6748,Breno v.Don Putelli,Ossidi di Azoto,2001-11,154.85,683
6748,Breno v.Don Putelli,Ossidi di Azoto,2001-12,123.23,743
6748,Breno v.Don Putelli,Ossidi di Azoto,2002-01,226.73,741
6748,Breno v.Don Putelli,Ossidi di Azoto,2002-02,158.96,589
6748,Breno v.Don Putelli,Ossidi di Azoto,2002-03,62.15,682
6748,Breno v.Don Putelli,Ossidi di Azoto,2002-04,33.39,527
6748,Breno v.Don Putelli,Ossidi di Azoto,2002-05,35.55,116
6748,Breno v.Don Putelli,Ossidi di Azoto,2002-06,29.61,717
6748,Breno v.Don Putelli,Ossidi di Azoto,2002-07,29.24,744
6748,Breno v.Don Putelli,Ossidi di Azoto,2002-08,29.09,743
6748,Breno v.Don Putelli,Ossidi di Azoto,2002-09,44.41,720
6748,Breno v.Don Putelli,Ossidi di Azoto,2002-10,53.43,715
6748,Breno v.Don Putelli,Ossidi di Azoto,2002-11,77.87,160
6748,Breno v.Don Putelli,Ossidi di Azoto,2002-12,83.16,261
6748,Breno v.Don Putelli,Ossidi di Azoto,2003-01,158.86,708
6748,Breno v.Don Putelli,Ossidi di Azoto,2003-02,111.88,627
6748,Breno v.Don Putelli,Ossidi di Azoto,2003-03,71.10,666
6748,Breno v.Don Putelli,Ossidi di Azoto,2003-04,57.24,638
6748,Breno v.Don Putelli,Ossidi di Azoto,2003-05,46.74,567
6748,Breno v.Don Putelli,Ossidi di Azoto,2003-06,35.11,160
6748,Breno v.Don Putelli,Ossidi di Azoto,2003-07,27.76,574
6748,Breno v.Don Putelli,Ossidi di Azoto,2003-08,31.67,202
6748,Breno v.Don Putelli,Ossidi di Azoto,2003-09,40.91,495
6748,Breno v.Don Putelli,Ossidi di Azoto,2003-10,52.31,553
6748,Breno v.Don Putelli,Ossidi di Azoto,2003-11,100.53,651
6748,Breno v.Don Putelli,Ossidi di Azoto,2003-12,114.30,718
6748,Breno v.Don Putelli,Ossidi di Azoto,2004-01,102.00,353
6748,Breno v.Don Putelli,Ossidi di Azoto,2004-02,108.09,557
6748,Breno v.Don Putelli,Ossidi di Azoto,2004-03,56.26,732
6748,Breno v.Don Putelli,Ossidi di Azoto,2004-04,32.72,583
6748,Breno v.Don Putelli,Ossidi di Azoto,2004-05,17.95,538
6748,Breno v.Don Putelli,Ossidi di Azoto,2004-06,77.00,2
6748,Breno v.Don Putelli,Ossidi di Azoto,2004-07,49.30,214
6748,Breno v.Don Putelli,Ossidi di Azoto,2004-08,31.00,514
6748,Breno v.Don Putelli,Ossidi di Azoto,2004-09,46.78,668
6748,Breno v.Don Putelli,Ossidi di Azoto,2004-10,63.32,667
6748,Breno v.Don Putelli,Ossidi di Azoto,2004-11,91.63,610
6748,Breno v.Don Putelli,Ossidi di Azoto,2004-12,134.62,569
6748,Breno v.Don Putelli,Ossidi di Azoto,2005-01,112.11,629
6748,Breno v.Don Putelli,Ossidi di Azoto,2005-02,74.51,634
6748,Breno v.Don Putelli,Ossidi di Azoto,2005-03,68.59,580
6748,Breno v.Don Putelli,Ossidi di Azoto,2005-04,39.88,689
6748,Breno v.Don Putelli,Ossidi di Azoto,2005-05,36.04,665
6748,Breno v.Don Putelli,Ossidi di Azoto,2005-06,35.35,545
6748,Breno v.Don Putelli,Ossidi di Azoto,2005-07,42.74,739
6748,Breno v.Don Putelli,Ossidi di Azoto,2005-08,38.51,734
6748,Breno v.Don Putelli,Ossidi di Azoto,2005-09,40.42,720
6748,Breno v.Don Putelli,Ossidi di Azoto,2005-10,64.78,687
6748,Breno v.Don Putelli,Ossidi di Azoto,2005-11,90.86,691
6748,Breno v.Don Putelli,Ossidi di Azoto,2005-12,114.89,744
6748,Breno v.Don Putelli,Ossidi di Azoto,2006-01,120.99,734
6748,Breno v.Don Putelli,Ossidi di Azoto,2006-02,97.30,672
6748,Breno v.Don Putelli,Ossidi di Azoto,2006-03,58.77,738
6748,Breno v.Don Putelli,Ossidi di Azoto,2006-04,44.03,719
6748,Breno v.Don Putelli,Ossidi di Azoto,2006-05,64.90,741
6748,Breno v.Don Putelli,Ossidi di Azoto,2006-06,54.46,720
6748,Breno v.Don Putelli,Ossidi di Azoto,2006-07,37.78,731
6748,Breno v.Don Putelli,Ossidi di Azoto,2006-08,43.88,744
6748,Breno v.Don Putelli,Ossidi di Azoto,2006-09,78.51,672
6748,Breno v.Don Putelli,Ossidi di Azoto,2006-10,107.53,743
6748,Breno v.Don Putelli,Ossidi di Azoto,2006-11,179.32,689
6748,Breno v.Don Putelli,Ossidi di Azoto,2006-12,178.86,744
6748,Breno v.Don Putelli,Ossidi di Azoto,2007-01,152.01,672
6748,Breno v.Don Putelli,Ossidi di Azoto,2007-02,86.10,524
6748,Breno v.Don Putelli,Ossidi di Azoto,2007-03,45.97,734
6748,Breno v.Don Putelli,Ossidi di Azoto,2007-04,33.91,671
6748,Breno v.Don Putelli,Ossidi di Azoto,2007-05,23.97,727
6748,Breno v.Don Putelli,Ossidi di Azoto,2007-06,19.54,567
6748,Breno v.Don Putelli,Ossidi di Azoto,2007-07,21.64,741
6748,Breno v.Don Putelli,Ossidi di Azoto,2007-08,13.38,744
6748,Breno v.Don Putelli,Ossidi di Azoto,2007-09,19.73,716
6748,Breno v.Don Putelli,Ossidi di Azoto,2007-10,58.40,730
6748,Breno v.Don Putelli,Ossidi di Azoto,2007-11,110.59,720
6748,Breno v.Don Putelli,Ossidi di Azoto,2007-12,138.31,742
6748,Breno v.Don Putelli,Ossidi di Azoto,2008-01,129.21,740
6748,Breno v.Don Putelli,Ossidi di Azoto,2008-02,112.57,696
6748,Breno v.Don Putelli,Ossidi di Azoto,2008-03,56.45,744
6748,Breno v.Don Putelli,Ossidi di Azoto,2008-04,35.47,719
6748,Breno v.Don Putelli,Ossidi di Azoto,2008-05,34.98,739
6748,Breno v.Don Putelli,Ossidi di Azoto,2008-06,27.56,719
6748,Breno v.Don Putelli,Ossidi di Azoto,2008-07,26.57,737
6748,Breno v.Don Putelli,Ossidi di Azoto,2008-08,15.61,731
6748,Breno v.Don Putelli,Ossidi di Azoto,2008-09,29.59,717
6748,Breno v.Don Putelli,Ossidi di Azoto,2008-10,52.93,714
6748,Breno v.Don Putelli,Ossidi di Azoto,2008-11,66.48,720
6748,Breno v.Don Putelli,Ossidi di Azoto,2008-12,72.75,744
6748,Breno v.Don Putelli,Ossidi di Azoto,2009-01,85.17,744
6748,Breno v.Don Putelli,Ossidi di Azoto,2009-02,58.16,672
6748,Breno v.Don Putelli,Ossidi di Azoto,2009-03,42.11,744
6748,Breno v.Don Putelli,Ossidi di Azoto,2009-04,29.09,720
6748,Breno v.Don Putelli,Ossidi di Azoto,2009-05,28.90,744
6748,Breno v.Don Putelli,Ossidi di Azoto,2009-06,23.44,719
6748,Breno v.Don Putelli,Ossidi di Azoto,2009-07,26.47,744
6748,Breno v.Don Putelli,Ossidi di Azoto,2009-08,19.06,743
6748,Breno v.Don Putelli,Ossidi di Azoto,2009-09,25.40,621
6748,Breno v.Don Putelli,Ossidi di Azoto,2009-10,35.79,744
6748,Breno v.Don Putelli,Ossidi di Azoto,2009-11,55.50,720
6748,Breno v.Don Putelli,Ossidi di Azoto,2009-12,57.66,742
6748,Breno v.Don Putelli,Ossidi di Azoto,2010-01,115.30,1
6748,Breno v.Don Putelli,Ossidi di Azoto,2010-01,66.86,743
6748,Breno v.Don Putelli,Ossidi di Azoto,2010-02,53.52,670
6748,Breno v.Don Putelli,Ossidi di Azoto,2010-03,35.26,743
6748,Breno v.Don Putelli,Ossidi di Azoto,2010-04,29.74,720
6748,Breno v.Don Putelli,Ossidi di Azoto,2010-05,20.39,743
6748,Breno v.Don Putelli,Ossidi di Azoto,2010-06,20.57,719
6748,Breno v.Don Putelli,Ossidi di Azoto,2010-07,19.03,744
6748,Breno v.Don Putelli,Ossidi di Azoto,2010-08,19.26,744
6748,Breno v.Don Putelli,Ossidi di Azoto,2010-09,25.88,720
6748,Breno v.Don Putelli,Ossidi di Azoto,2010-10,47.42,744
6748,Breno v.Don Putelli,Ossidi di Azoto,2010-11,56.46,652
6748,Breno v.Don Putelli,Ossidi di Azoto,2010-12,101.95,744
6748,Breno v.Don Putelli,Ossidi di Azoto,2011-01,141.24,671
6748,Breno v.Don Putelli,Ossidi di Azoto,2011-02,93.53,646
6748,Breno v.Don Putelli,Ossidi di Azoto,2011-03,44.83,684
6748,Breno v.Don Putelli,Ossidi di Azoto,2011-04,45.06,549
6748,Breno v.Don Putelli,Ossidi di Azoto,2011-05,48.59,744
6748,Breno v.Don Putelli,Ossidi di Azoto,2011-06,42.80,715
6748,Breno v.Don Putelli,Ossidi di Azoto,2011-07,28.25,679
6748,Breno v.Don Putelli,Ossidi di Azoto,2011-08,25.54,741
6748,Breno v.Don Putelli,Ossidi di Azoto,2011-09,35.57,720
6748,Breno v.Don Putelli,Ossidi di Azoto,2011-10,46.93,744
6748,Breno v.Don Putelli,Ossidi di Azoto,2011-11,88.84,720
6748,Breno v.Don Putelli,Ossidi di Azoto,2011-12,101.08,744
6748,Breno v.Don Putelli,Ossidi di Azoto,2012-01,100.58,743
6748,Breno v.Don Putelli,Ossidi di Azoto,2012-02,84.42,696
6748,Breno v.Don Putelli,Ossidi di Azoto,2012-03,60.85,744
6748,Breno v.Don Putelli,Ossidi di Azoto,2012-04,26.56,688
6748,Breno v.Don Putelli,Ossidi di Azoto,2012-05,31.12,742
6748,Breno v.Don Putelli,Ossidi di Azoto,2012-06,24.38,719
6748,Breno v.Don Putelli,Ossidi di Azoto,2012-07,20.49,743
6748,Breno v.Don Putelli,Ossidi di Azoto,2012-08,16.98,744
6748,Breno v.Don Putelli,Ossidi di Azoto,2012-09,25.07,689
6748,Breno v.Don Putelli,Ossidi di Azoto,2012-10,45.52,743
6748,Breno v.Don Putelli,Ossidi di Azoto,2012-11,71.48,718
6748,Breno v.Don Putelli,Ossidi di Azoto,2012-12,91.52,737
6748,Breno v.Don Putelli,Ossidi di Azoto,2013-01,109.96,733
6748,Breno v.Don Putelli,Ossidi di Azoto,2013-02,69.53,653
6748,Breno v.Don Putelli,Ossidi di Azoto,2013-03,48.36,744
6748,Breno v.Don Putelli,Ossidi di Azoto,2013-04,29.00,708
6748,Breno v.Don Putelli,Ossidi di Azoto,2013-05,21.53,716
6748,Breno v.Don Putelli,Ossidi di Azoto,2013-06,19.64,719
6748,Breno v.Don Putelli,Ossidi di Azoto,2013-07,19.89,739
6748,Breno v.Don Putelli,Ossidi di Azoto,2013-08,17.54,732
6748,Breno v.Don Putelli,Ossidi di Azoto,2013-09,31.00,716
6748,Breno v.Don Putelli,Ossidi di Azoto,2013-10,46.48,713
6748,Breno v.Don Putelli,Ossidi di Azoto,2013-11,62.91,651
6748,Breno v.Don Putelli,Ossidi di Azoto,2013-12,125.88,742
6748,Breno v.Don Putelli,Ossidi di Azoto,2014-01,71.97,539
6748,Breno v.Don Putelli,Ossidi di Azoto,2014-02,53.93,669
6748,Breno v.Don Putelli,Ossidi di Azoto,2014-03,44.83,744
6748,Breno v.Don Putelli,Ossidi di Azoto,2014-04,29.89,717
6748,Breno v.Don Putelli,Ossidi di Azoto,2014-05,21.67,744
6748,Breno v.Don Putelli,Ossidi di Azoto,2014-06,17.47,720
6748,Breno v.Don Putelli,Ossidi di Azoto,2014-07,18.22,743
6748,Breno v.Don Putelli,Ossidi di Azoto,2014-08,16.66,743
6748,Breno v.Don Putelli,Ossidi di Azoto,2014-09,27.67,718
6748,Breno v.Don Putelli,Ossidi di Azoto,2014-10,37.50,744
6748,Breno v.Don Putelli,Ossidi di Azoto,2014-11,66.01,719
6748,Breno v.Don Putelli,Ossidi di Azoto,2014-12,87.37,743
6748,Breno v.Don Putelli,Ossidi di Azoto,2015-01,96.99,673
6748,Breno v.Don Putelli,Ossidi di Azoto,2015-02,75.96,672
6748,Breno v.Don Putelli,Ossidi di Azoto,2015-03,45.57,744
6748,Breno v.Don Putelli,Ossidi di Azoto,2015-04,28.31,720
6748,Breno v.Don Putelli,Ossidi di Azoto,2015-05,16.60,744
6748,Breno v.Don Putelli,Ossidi di Azoto,2015-06,12.33,720
6748,Breno v.Don Putelli,Ossidi di Azoto,2015-07,15.80,736
6748,Breno v.Don Putelli,Ossidi di Azoto,2015-08,22.66,744
6748,Breno v.Don Putelli,Ossidi di Azoto,2015-09,37.19,718
6748,Breno v.Don Putelli,Ossidi di Azoto,2015-10,59.67,743
6748,Breno v.Don Putelli,Ossidi di Azoto,2015-11,114.95,695
6748,Breno v.Don Putelli,Ossidi di Azoto,2015-12,157.16,742
6748,Breno v.Don Putelli,Ossidi di Azoto,2016-01,111.59,682
6748,Breno v.Don Putelli,Ossidi di Azoto,2016-02,74.79,694
6748,Breno v.Don Putelli,Ossidi di Azoto,2016-03,47.95,744
6748,Breno v.Don Putelli,Ossidi di Azoto,2016-04,30.48,720
6748,Breno v.Don Putelli,Ossidi di Azoto,2016-05,26.09,684
6748,Breno v.Don Putelli,Ossidi di Azoto,2016-06,20.29,718
6748,Breno v.Don Putelli,Ossidi di Azoto,2016-07,18.26,743
6748,Breno v.Don Putelli,Ossidi di Azoto,2016-08,19.31,744
6748,Breno v.Don Putelli,Ossidi di Azoto,2016-09,31.36,720
6748,Breno v.Don Putelli,Ossidi di Azoto,2016-10,50.97,744
6748,Breno v.Don Putelli,Ossidi di Azoto,2016-11,88.46,718
6748,Breno v.Don Putelli,Ossidi di Azoto,2016-12,146.11,743
6748,Breno v.Don Putelli,Ossidi di Azoto,2017-01,93.30,1
6761,Brescia v.Broletto,Biossido di Azoto,2000-01,58.53,681
6761,Brescia v.Broletto,Biossido di Azoto,2000-02,57.88,627
6761,Brescia v.Broletto,Biossido di Azoto,2000-03,48.63,672
6761,Brescia v.Broletto,Biossido di Azoto,2000-04,27.25,384
6761,Brescia v.Broletto,Biossido di Azoto,2000-05,29.78,639
6761,Brescia v.Broletto,Biossido di Azoto,2000-06,27.27,624
6761,Brescia v.Broletto,Biossido di Azoto,2000-07,26.97,408
6761,Brescia v.Broletto,Biossido di Azoto,2000-08,25.24,650
6761,Brescia v.Broletto,Biossido di Azoto,2000-09,38.20,652
6761,Brescia v.Broletto,Biossido di Azoto,2000-10,50.85,655
6761,Brescia v.Broletto,Biossido di Azoto,2000-11,53.79,630
6761,Brescia v.Broletto,Biossido di Azoto,2000-12,70.28,680
6761,Brescia v.Broletto,Biossido di Azoto,2001-01,68.97,648
6761,Brescia v.Broletto,Biossido di Azoto,2001-02,67.30,408
6761,Brescia v.Broletto,Biossido di Azoto,2001-03,50.37,627
6761,Brescia v.Broletto,Biossido di Azoto,2001-04,48.79,489
6761,Brescia v.Broletto,Biossido di Azoto,2001-05,64.87,579
6761,Brescia v.Broletto,Biossido di Azoto,2001-06,59.47,498
6761,Brescia v.Broletto,Biossido di Azoto,2001-07,54.67,601
6761,Brescia v.Broletto,Biossido di Azoto,2001-08,43.83,672
6761,Brescia v.Broletto,Biossido di Azoto,2001-09,56.20,591
6761,Brescia v.Broletto,Biossido di Azoto,2001-10,68.52,639
6761,Brescia v.Broletto,Biossido di Azoto,2001-11,82.02,617
6761,Brescia v.Broletto,Biossido di Azoto,2002-01,78.45,103
6761,Brescia v.Broletto,Biossido di Azoto,2002-02,110.90,6
6761,Brescia v.Broletto,Biossido di Azoto,2002-03,63.07,682
6761,Brescia v.Broletto,Biossido di Azoto,2002-04,25.94,96
6761,Brescia v.Broletto,Biossido di Azoto,2002-05,43.83,554
6761,Brescia v.Broletto,Biossido di Azoto,2002-06,38.47,489
6761,Brescia v.Broletto,Biossido di Azoto,2002-07,42.87,230
6761,Brescia v.Broletto,Biossido di Azoto,2002-09,39.90,608
6761,Brescia v.Broletto,Biossido di Azoto,2002-10,73.03,40
6761,Brescia v.Broletto,Biossido di Azoto,2002-11,44.94,615
6761,Brescia v.Broletto,Biossido di Azoto,2002-12,53.47,671
6761,Brescia v.Broletto,Biossido di Azoto,2003-01,66.53,672
6761,Brescia v.Broletto,Biossido di Azoto,2003-02,64.84,595
6761,Brescia v.Broletto,Biossido di Azoto,2003-03,55.24,664
6761,Brescia v.Broletto,Biossido di Azoto,2003-04,44.70,614
6761,Brescia v.Broletto,Biossido di Azoto,2003-05,48.44,570
6761,Brescia v.Broletto,Biossido di Azoto,2003-06,48.98,447
6761,Brescia v.Broletto,Biossido di Azoto,2003-07,39.10,593
6761,Brescia v.Broletto,Biossido di Azoto,2003-08,39.42,261
6761,Brescia v.Broletto,Biossido di Azoto,2003-09,49.65,534
6761,Brescia v.Broletto,Biossido di Azoto,2003-10,46.63,585
6761,Brescia v.Broletto,Biossido di Azoto,2003-11,55.92,639
6761,Brescia v.Broletto,Biossido di Azoto,2003-12,52.23,740
6761,Brescia v.Broletto,Biossido di Azoto,2004-01,63.68,730
6761,Brescia v.Broletto,Biossido di Azoto,2004-02,65.37,696
6761,Brescia v.Broletto,Biossido di Azoto,2004-03,66.91,737
6761,Brescia v.Broletto,Biossido di Azoto,2004-04,53.37,591
6761,Brescia v.Broletto,Biossido di Azoto,2004-05,45.60,672
6761,Brescia v.Broletto,Biossido di Azoto,2004-06,39.18,451
6761,Brescia v.Broletto,Biossido di Azoto,2004-07,27.89,681
6761,Brescia v.Broletto,Biossido di Azoto,2004-08,13.47,734
6761,Brescia v.Broletto,Biossido di Azoto,2004-09,34.02,720
6761,Brescia v.Broletto,Biossido di Azoto,2004-10,33.66,741
6761,Brescia v.Broletto,Biossido di Azoto,2004-11,46.08,692
6761,Brescia v.Broletto,Biossido di Azoto,2004-12,47.64,599
6761,Brescia v.Broletto,Biossido di Azoto,2005-01,51.07,560
6761,Brescia v.Broletto,Biossido di Azoto,2005-02,51.15,561
6761,Brescia v.Broletto,Biossido di Azoto,2005-03,57.09,730
6761,Brescia v.Broletto,Biossido di Azoto,2005-04,35.11,720
6761,Brescia v.Broletto,Biossido di Azoto,2005-05,34.94,733
6761,Brescia v.Broletto,Biossido di Azoto,2005-06,31.85,706
6761,Brescia v.Broletto,Biossido di Azoto,2005-07,26.88,738
6761,Brescia v.Broletto,Biossido di Azoto,2005-08,17.72,742
6761,Brescia v.Broletto,Biossido di Azoto,2005-09,27.71,641
6761,Brescia v.Broletto,Biossido di Azoto,2005-10,33.87,744
6761,Brescia v.Broletto,Biossido di Azoto,2005-11,54.64,711
6761,Brescia v.Broletto,Biossido di Azoto,2005-12,67.82,744
6761,Brescia v.Broletto,Biossido di Azoto,2006-01,72.15,741
6761,Brescia v.Broletto,Biossido di Azoto,2006-02,67.26,672
6761,Brescia v.Broletto,Biossido di Azoto,2006-03,52.39,744
6761,Brescia v.Broletto,Biossido di Azoto,2006-04,36.40,712
6761,Brescia v.Broletto,Biossido di Azoto,2006-05,28.15,734
6761,Brescia v.Broletto,Biossido di Azoto,2006-06,24.42,720
6761,Brescia v.Broletto,Biossido di Azoto,2006-07,20.33,739
6761,Brescia v.Broletto,Biossido di Azoto,2006-08,11.39,744
6761,Brescia v.Broletto,Biossido di Azoto,2006-09,29.45,704
6761,Brescia v.Broletto,Biossido di Azoto,2006-10,46.71,723
6761,Brescia v.Broletto,Biossido di Azoto,2006-11,65.11,720
6761,Brescia v.Broletto,Biossido di Azoto,2006-12,62.89,741
6761,Brescia v.Broletto,Biossido di Azoto,2007-01,69.99,739
6761,Brescia v.Broletto,Biossido di Azoto,2007-02,73.59,634
6761,Brescia v.Broletto,Biossido di Azoto,2007-03,52.13,718
6761,Brescia v.Broletto,Biossido di Azoto,2007-04,44.94,681
6761,Brescia v.Broletto,Biossido di Azoto,2007-05,43.58,706
6761,Brescia v.Broletto,Biossido di Azoto,2007-06,37.55,683
6761,Brescia v.Broletto,Biossido di Azoto,2007-07,43.16,708
6761,Brescia v.Broletto,Biossido di Azoto,2007-08,31.51,695
6761,Brescia v.Broletto,Biossido di Azoto,2007-09,39.27,672
6761,Brescia v.Broletto,Biossido di Azoto,2007-10,47.69,693
6761,Brescia v.Broletto,Biossido di Azoto,2007-11,58.37,697
6761,Brescia v.Broletto,Biossido di Azoto,2007-12,67.56,743
6761,Brescia v.Broletto,Biossido di Azoto,2008-01,67.53,721
6761,Brescia v.Broletto,Biossido di Azoto,2008-02,80.13,696
6761,Brescia v.Broletto,Biossido di Azoto,2008-03,52.24,730
6761,Brescia v.Broletto,Biossido di Azoto,2008-04,47.60,573
6761,Brescia v.Broletto,Biossido di Azoto,2008-05,37.61,744
6761,Brescia v.Broletto,Biossido di Azoto,2008-06,47.66,718
6761,Brescia v.Broletto,Biossido di Azoto,2008-07,50.71,725
6761,Brescia v.Broletto,Biossido di Azoto,2008-08,39.74,743
6761,Brescia v.Broletto,Biossido di Azoto,2008-09,56.07,720
6761,Brescia v.Broletto,Biossido di Azoto,2008-10,66.88,742
6761,Brescia v.Broletto,Biossido di Azoto,2008-11,61.22,719
6761,Brescia v.Broletto,Biossido di Azoto,2008-12,69.64,744
6761,Brescia v.Broletto,Biossido di Azoto,2009-01,97.36,744
6761,Brescia v.Broletto,Biossido di Azoto,2009-02,78.31,672
6761,Brescia v.Broletto,Biossido di Azoto,2009-03,65.19,743
6761,Brescia v.Broletto,Biossido di Azoto,2009-04,50.81,450
6761,Brescia v.Broletto,Biossido di Azoto,2009-05,37.75,725
6761,Brescia v.Broletto,Biossido di Azoto,2009-06,28.51,718
6761,Brescia v.Broletto,Biossido di Azoto,2009-07,30.68,742
6761,Brescia v.Broletto,Biossido di Azoto,2009-08,24.98,709
6761,Brescia v.Broletto,Biossido di Azoto,2009-09,30.85,714
6761,Brescia v.Broletto,Biossido di Azoto,2009-10,26.81,744
6761,Brescia v.Broletto,Biossido di Azoto,2009-11,40.70,675
6761,Brescia v.Broletto,Biossido di Azoto,2009-12,60.35,744
6761,Brescia v.Broletto,Biossido di Azoto,2010-01,53.40,1
6761,Brescia v.Broletto,Biossido di Azoto,2010-01,72.17,742
6761,Brescia v.Broletto,Biossido di Azoto,2010-02,64.91,668
6761,Brescia v.Broletto,Biossido di Azoto,2010-03,50.87,739
6761,Brescia v.Broletto,Biossido di Azoto,2010-04,39.17,718
6761,Brescia v.Broletto,Biossido di Azoto,2010-05,38.50,744
6761,Brescia v.Broletto,Biossido di Azoto,2010-06,36.19,719
6761,Brescia v.Broletto,Biossido di Azoto,2010-07,38.99,743
6761,Brescia v.Broletto,Biossido di Azoto,2010-08,33.06,743
6761,Brescia v.Broletto,Biossido di Azoto,2010-09,36.07,719
6761,Brescia v.Broletto,Biossido di Azoto,2010-10,43.18,744
6761,Brescia v.Broletto,Biossido di Azoto,2010-11,50.61,716
6761,Brescia v.Broletto,Biossido di Azoto,2010-12,67.53,743
6761,Brescia v.Broletto,Biossido di Azoto,2011-01,62.29,741
6761,Brescia v.Broletto,Biossido di Azoto,2011-02,64.34,671
6761,Brescia v.Broletto,Biossido di Azoto,2011-03,47.57,743
6761,Brescia v.Broletto,Biossido di Azoto,2011-04,40.21,719
6761,Brescia v.Broletto,Biossido di Azoto,2011-05,37.45,743
6761,Brescia v.Broletto,Biossido di Azoto,2011-06,32.79,716
6761,Brescia v.Broletto,Biossido di Azoto,2011-07,29.71,742
6761,Brescia v.Broletto,Biossido di Azoto,2011-08,31.19,741
6761,Brescia v.Broletto,Biossido di Azoto,2011-09,36.73,718
6761,Brescia v.Broletto,Biossido di Azoto,2011-10,40.21,742
6761,Brescia v.Broletto,Biossido di Azoto,2011-11,51.89,718
6761,Brescia v.Broletto,Biossido di Azoto,2011-12,60.78,742
6761,Brescia v.Broletto,Biossido di Azoto,2012-01,62.50,743
6761,Brescia v.Broletto,Biossido di Azoto,2012-02,61.05,694
6761,Brescia v.Broletto,Biossido di Azoto,2012-03,35.33,743
6761,Brescia v.Broletto,Biossido di Azoto,2012-04,35.71,719
6761,Brescia v.Broletto,Biossido di Azoto,2012-05,41.11,741
6761,Brescia v.Broletto,Biossido di Azoto,2012-06,37.17,714
6761,Brescia v.Broletto,Biossido di Azoto,2012-07,33.94,741
6761,Brescia v.Broletto,Biossido di Azoto,2012-08,30.09,743
6761,Brescia v.Broletto,Biossido di Azoto,2012-09,33.59,718
6761,Brescia v.Broletto,Biossido di Azoto,2012-10,40.03,734
6761,Brescia v.Broletto,Biossido di Azoto,2012-11,43.81,719
6761,Brescia v.Broletto,Biossido di Azoto,2012-12,57.36,742
6761,Brescia v.Broletto,Biossido di Azoto,2013-01,56.41,743
6761,Brescia v.Broletto,Biossido di Azoto,2013-02,56.19,672
6761,Brescia v.Broletto,Biossido di Azoto,2013-03,49.33,743
6761,Brescia v.Broletto,Biossido di Azoto,2013-04,37.48,719
6761,Brescia v.Broletto,Biossido di Azoto,2013-05,30.18,738
6761,Brescia v.Broletto,Biossido di Azoto,2013-06,32.87,713
6761,Brescia v.Broletto,Biossido di Azoto,2013-07,35.35,732
6761,Brescia v.Broletto,Biossido di Azoto,2013-08,27.53,729
6761,Brescia v.Broletto,Biossido di Azoto,2013-09,35.57,706
6761,Brescia v.Broletto,Biossido di Azoto,2013-10,36.50,696
6761,Brescia v.Broletto,Biossido di Azoto,2013-11,45.69,704
6761,Brescia v.Broletto,Biossido di Azoto,2013-12,63.30,741
6761,Brescia v.Broletto,Biossido di Azoto,2014-01,53.34,744
6761,Brescia v.Broletto,Biossido di Azoto,2014-02,51.13,652
6761,Brescia v.Broletto,Biossido di Azoto,2014-03,43.77,658
6761,Brescia v.Broletto,Biossido di Azoto,2014-04,35.95,698
6761,Brescia v.Broletto,Biossido di Azoto,2014-05,32.03,744
6761,Brescia v.Broletto,Biossido di Azoto,2014-06,35.98,720
6761,Brescia v.Broletto,Biossido di Azoto,2014-07,31.93,720
6761,Brescia v.Broletto,Biossido di Azoto,2014-08,23.98,744
6761,Brescia v.Broletto,Biossido di Azoto,2014-09,33.68,720
6761,Brescia v.Broletto,Biossido di Azoto,2014-10,34.90,643
6761,Brescia v.Broletto,Biossido di Azoto,2014-11,39.47,665
6761,Brescia v.Broletto,Biossido di Azoto,2014-12,44.56,736
6761,Brescia v.Broletto,Biossido di Azoto,2015-01,56.80,707
6761,Brescia v.Broletto,Biossido di Azoto,2015-02,62.80,659
6761,Brescia v.Broletto,Biossido di Azoto,2015-03,41.40,678
6761,Brescia v.Broletto,Biossido di Azoto,2015-04,37.85,717
6761,Brescia v.Broletto,Biossido di Azoto,2015-05,30.14,637
6761,Brescia v.Broletto,Biossido di Azoto,2015-06,30.80,719
6761,Brescia v.Broletto,Biossido di Azoto,2015-07,31.91,718
6761,Brescia v.Broletto,Biossido di Azoto,2015-08,25.50,679
6761,Brescia v.Broletto,Biossido di Azoto,2015-09,24.57,714
6761,Brescia v.Broletto,Biossido di Azoto,2015-10,33.64,740
6761,Brescia v.Broletto,Biossido di Azoto,2015-11,46.99,683
6761,Brescia v.Broletto,Biossido di Azoto,2015-12,53.90,736
6761,Brescia v.Broletto,Biossido di Azoto,2016-01,54.36,740
6761,Brescia v.Broletto,Biossido di Azoto,2016-02,40.21,687
6761,Brescia v.Broletto,Biossido di Azoto,2016-03,40.42,694
6761,Brescia v.Broletto,Biossido di Azoto,2016-04,34.19,581
6761,Brescia v.Broletto,Biossido di Azoto,2016-05,33.08,709
6761,Brescia v.Broletto,Biossido di Azoto,2016-06,32.32,684
6761,Brescia v.Broletto,Biossido di Azoto,2016-07,31.65,668
6761,Brescia v.Broletto,Biossido di Azoto,2016-08,23.91,737
6761,Brescia v.Broletto,Biossido di Azoto,2016-09,35.14,672
6761,Brescia v.Broletto,Biossido di Azoto,2016-10,30.95,735
6761,Brescia v.Broletto,Biossido di Azoto,2016-11,37.98,690
6761,Brescia v.Broletto,Biossido di Azoto,2016-12,53.63,699
6761,Brescia v.Broletto,Biossido di Azoto,2017-01,54.70,733
6761,Brescia v.Broletto,Biossido di Azoto,2017-02,46.29,604
6761,Brescia v.Broletto,Biossido di Azoto,2017-03,41.73,649
6761,Brescia v.Broletto,Biossido di Azoto,2017-04,30.65,673
6761,Brescia v.Broletto,Biossido di Azoto,2017-05,37.33,743
6761,Brescia v.Broletto,Biossido di Azoto,2017-06,40.30,720
6761,Brescia v.Broletto,Biossido di Azoto,2017-07,39.87,743
6761,Brescia v.Broletto,Biossido di Azoto,2017-08,24.51,737
6761,Brescia v.Broletto,Biossido di Azoto,2017-09,31.16,681
6761,Brescia v.Broletto,Biossido di Azoto,2017-10,40.94,739
6761,Brescia v.Broletto,Biossido di Azoto,2017-11,39.74,720
6761,Brescia v.Broletto,Biossido di Azoto,2017-12,51.53,743
6761,Brescia v.Broletto,Biossido di Azoto,2018-01,41.10,1
6761,Brescia v.Broletto,Biossido di Azoto,2018-01,43.38,740
6761,Brescia v.Broletto,Biossido di Azoto,2018-02,44.26,650
6761,Brescia v.Broletto,Biossido di Azoto,2018-03,40.62,728
6761,Brescia v.Broletto,Biossido di Azoto,2018-04,31.33,720
6761,Brescia v.Broletto,Biossido di Azoto,2018-05,24.91,726
6761,Brescia v.Broletto,Biossido di Azoto,2018-06,20.20,713
6761,Brescia v.Broletto,Biossido di Azoto,2018-07,27.22,742
6761,Brescia v.Broletto,Biossido di Azoto,2018-08,24.48,740
6761,Brescia v.Broletto,Biossido di Azoto,2018-09,32.16,654
6761,Brescia v.Broletto,Biossido di Azoto,2018-10,27.01,715
6761,Brescia v.Broletto,Biossido di Azoto,2018-11,32.92,703
6761,Brescia v.Broletto,Biossido di Azoto,2018-12,43.65,728
6761,Brescia v.Broletto,Biossido di Azoto,2019-01,48.10,723
6761,Brescia v.Broletto,Biossido di Azoto,2019-02,46.97,658
6761,Brescia v.Broletto,Biossido di Azoto,2019-03,33.73,743
6761,Brescia v.Broletto,Biossido di Azoto,2019-04,25.16,719
6761,Brescia v.Broletto,Biossido di Azoto,2019-05,26.32,743
6761,Brescia v.Broletto,Biossido di Azoto,2019-06,29.01,677
6761,Brescia v.Broletto,Biossido di Azoto,2019-07,28.08,665
6761,Brescia v.Broletto,Biossido di Azoto,2019-08,20.94,718
6761,Brescia v.Broletto,Biossido di Azoto,2019-09,26.63,680
6761,Brescia v.Broletto,Biossido di Azoto,2019-10,28.67,727
6761,Brescia v.Broletto,Biossido di Azoto,2019-11,28.49,699
6761,Brescia v.Broletto,Biossido di Azoto,2019-12,40.36,738
6761,Brescia v.Broletto,Biossido di Azoto,2020-01,49.99,743
6761,Brescia v.Broletto,Biossido di Azoto,2020-02,42.40,695
6761,Brescia v.Broletto,Biossido di Azoto,2020-03,22.41,744
6761,Brescia v.Broletto,Biossido di Azoto,2020-04,11.56,713
6761,Brescia v.Broletto,Biossido di Azoto,2020-05,17.26,744
6761,Brescia v.Broletto,Biossido di Azoto,2020-06,20.75,719
6761,Brescia v.Broletto,Biossido di Azoto,2020-07,22.97,737
6761,Brescia v.Broletto,Biossido di Azoto,2020-08,17.86,743
6761,Brescia v.Broletto,Biossido di Azoto,2020-09,22.31,719
6761,Brescia v.Broletto,Biossido di Azoto,2020-10,26.28,644
6761,Brescia v.Broletto,Biossido di Azoto,2020-11,29.99,719
6761,Brescia v.Broletto,Biossido di Azoto,2020-12,28.46,691
6761,Brescia v.Broletto,Biossido di Azoto,2021-01,33.60,730
6761,Brescia v.Broletto,Biossido di Azoto,2021-02,34.38,600
6761,Brescia v.Broletto,Biossido di Azoto,2021-03,28.96,637
6761,Brescia v.Broletto,Biossido di Azoto,2021-04,23.88,632
6761,Brescia v.Broletto,Biossido di Azoto,2021-05,21.38,676
6761,Brescia v.Broletto,Biossido di Azoto,2021-06,23.65,659
6761,Brescia v.Broletto,Biossido di Azoto,2021-07,21.64,742
6761,Brescia v.Broletto,Biossido di Azoto,2021-08,18.26,713
6761,Brescia v.Broletto,Biossido di Azoto,2021-09,22.34,645
6761,Brescia v.Broletto,Biossido di Azoto,2021-10,26.31,722
6761,Brescia v.Broletto,Biossido di Azoto,2021-11,31.02,720
6761,Brescia v.Broletto,Biossido di Azoto,2021-12,37.28,741
6761,Brescia v.Broletto,Biossido di Azoto,2022-01,42.70,721
6761,Brescia v.Broletto,Biossido di Azoto,2022-02,36.26,651
6761,Brescia v.Broletto,Biossido di Azoto,2022-03,32.29,742
6761,Brescia v.Broletto,Biossido di Azoto,2022-04,22.94,719
6761,Brescia v.Broletto,Biossido di Azoto,2022-05,25.87,571
6761,Brescia v.Broletto,Biossido di Azoto,2022-06,21.24,704
6761,Brescia v.Broletto,Biossido di Azoto,2022-07,18.69,743
6761,Brescia v.Broletto,Biossido di Azoto,2022-08,15.41,744
6761,Brescia v.Broletto,Biossido di Azoto,2022-09,19.46,708
6761,Brescia v.Broletto,Biossido di Azoto,2022-10,23.89,741
6761,Brescia v.Broletto,Biossido di Azoto,2022-11,24.51,718
6761,Brescia v.Broletto,Biossido di Azoto,2022-12,29.91,741
6761,Brescia v.Broletto,Biossido di Azoto,2023-01,24.39,697
6761,Brescia v.Broletto,Biossido di Azoto,2023-02,34.36,615
6761,Brescia v.Broletto,Biossido di Azoto,2023-03,26.07,723
6761,Brescia v.Broletto,Biossido di Azoto,2023-04,22.12,718
6761,Brescia v.Broletto,Biossido di Azoto,2023-05,20.69,545
6761,Brescia v.Broletto,Biossido di Azoto,2023-06,20.92,699
6761,Brescia v.Broletto,Biossido di Azoto,2023-07,18.77,626
6761,Brescia v.Broletto,Biossido di Azoto,2023-08,14.87,719
6761,Brescia v.Broletto,Biossido di Azoto,2023-09,19.11,720
6761,Brescia v.Broletto,Biossido di Azoto,2023-10,25.42,743
6761,Brescia v.Broletto,Biossido di Azoto,2023-11,32.39,686
6761,Brescia v.Broletto,Biossido di Azoto,2023-12,39.93,698
6761,Brescia v.Broletto,Biossido di Azoto,2024-01,39.57,496
6761,Brescia v.Broletto,Biossido di Azoto,2024-02,37.65,693
6761,Brescia v.Broletto,Biossido di Azoto,2024-03,32.02,743
6761,Brescia v.Broletto,Biossido di Azoto,2024-04,30.22,719
6761,Brescia v.Broletto,Biossido di Azoto,2024-05,29.62,742
6761,Brescia v.Broletto,Biossido di Azoto,2024-06,30.15,719
6761,Brescia v.Broletto,Biossido di Azoto,2024-07,24.97,736
6761,Brescia v.Broletto,Biossido di Azoto,2024-08,21.12,742
6761,Brescia v.Broletto,Biossido di Azoto,2024-09,25.50,719
6761,Brescia v.Broletto,Biossido di Azoto,2024-10,25.76,744
6761,Brescia v.Broletto,Biossido di Azoto,2024-11,33.05,682
6761,Brescia v.Broletto,Biossido di Azoto,2024-12,35.63,744
6761,Brescia v.Broletto,Biossido di Azoto,2025-01,35.55,714
6761,Brescia v.Broletto,Biossido di Azoto,2025-02,36.58,650
6761,Brescia v.Broletto,Biossido di Azoto,2025-03,30.67,742
6761,Brescia v.Broletto,Biossido di Azoto,2025-04,27.98,708
6761,Brescia v.Broletto,Biossido di Azoto,2025-05,26.73,737
6761,Brescia v.Broletto,Biossido di Azoto,2025-06,26.45,718
6761,Brescia v.Broletto,Biossido di Azoto,2025-07,20.65,741
6761,Brescia v.Broletto,Biossido di Azoto,2025-08,20.76,744
6761,Brescia v.Broletto,Biossido di Azoto,2025-09,19.92,584
6761,Brescia v.Broletto,Biossido di Azoto,2025-10,20.33,741
6761,Brescia v.Broletto,Biossido di Azoto,2025-11,28.90,719
6761,Brescia v.Broletto,Biossido di Azoto,2025-12,31.14,742
6761,Brescia v.Broletto,Biossido di Azoto,2026-01,25.10,1
6762,Brescia v.Broletto,Biossido di Zolfo,2000-01,13.87,664
6762,Brescia v.Broletto,Biossido di Zolfo,2000-02,13.11,627
6762,Brescia v.Broletto,Biossido di Zolfo,2000-03,11.84,663
6762,Brescia v.Broletto,Biossido di Zolfo,2000-04,11.24,636
6762,Brescia v.Broletto,Biossido di Zolfo,2000-05,9.92,608
6762,Brescia v.Broletto,Biossido di Zolfo,2000-06,10.04,109
6764,Brescia v.Broletto,Monossido di Carbonio,2000-01,1.67,698
6764,Brescia v.Broletto,Monossido di Carbonio,2000-02,1.30,658
6764,Brescia v.Broletto,Monossido di Carbonio,2000-03,1.10,680
6764,Brescia v.Broletto,Monossido di Carbonio,2000-04,1.02,606
6764,Brescia v.Broletto,Monossido di Carbonio,2000-05,0.81,632
6764,Brescia v.Broletto,Monossido di Carbonio,2000-06,0.72,601
6764,Brescia v.Broletto,Monossido di Carbonio,2000-07,0.57,369
6764,Brescia v.Broletto,Monossido di Carbonio,2000-08,0.71,677
6764,Brescia v.Broletto,Monossido di Carbonio,2000-09,0.81,667
6764,Brescia v.Broletto,Monossido di Carbonio,2000-10,1.11,626
6764,Brescia v.Broletto,Monossido di Carbonio,2000-11,1.32,659
6764,Brescia v.Broletto,Monossido di Carbonio,2000-12,1.29,712
6764,Brescia v.Broletto,Monossido di Carbonio,2001-01,1.24,586
6764,Brescia v.Broletto,Monossido di Carbonio,2001-02,0.78,617
6764,Brescia v.Broletto,Monossido di Carbonio,2001-03,0.63,604
6764,Brescia v.Broletto,Monossido di Carbonio,2001-04,0.63,627
6764,Brescia v.Broletto,Monossido di Carbonio,2001-05,0.65,676
6764,Brescia v.Broletto,Monossido di Carbonio,2001-06,0.52,527
6764,Brescia v.Broletto,Monossido di Carbonio,2001-07,0.48,628
6764,Brescia v.Broletto,Monossido di Carbonio,2001-08,0.48,704
6764,Brescia v.Broletto,Monossido di Carbonio,2001-09,0.55,344
6764,Brescia v.Broletto,Monossido di Carbonio,2001-10,0.78,669
6764,Brescia v.Broletto,Monossido di Carbonio,2001-11,1.10,652
6764,Brescia v.Broletto,Monossido di Carbonio,2002-01,1.60,133
6764,Brescia v.Broletto,Monossido di Carbonio,2002-02,0.96,465
6764,Brescia v.Broletto,Monossido di Carbonio,2002-03,0.74,713
6764,Brescia v.Broletto,Monossido di Carbonio,2002-04,0.65,651
6764,Brescia v.Broletto,Monossido di Carbonio,2002-05,0.61,657
6764,Brescia v.Broletto,Monossido di Carbonio,2002-06,0.24,7
6764,Brescia v.Broletto,Monossido di Carbonio,2002-07,0.65,286
6764,Brescia v.Broletto,Monossido di Carbonio,2002-09,0.74,657
6764,Brescia v.Broletto,Monossido di Carbonio,2002-10,1.00,641
6764,Brescia v.Broletto,Monossido di Carbonio,2002-11,1.06,641
6764,Brescia v.Broletto,Monossido di Carbonio,2002-12,1.38,702
6764,Brescia v.Broletto,Monossido di Carbonio,2003-01,1.46,704
6764,Brescia v.Broletto,Monossido di Carbonio,2003-02,1.04,623
6764,Brescia v.Broletto,Monossido di Carbonio,2003-03,0.93,708
6764,Brescia v.Broletto,Monossido di Carbonio,2003-04,0.78,670
6764,Brescia v.Broletto,Monossido di Carbonio,2003-05,0.76,595
6764,Brescia v.Broletto,Monossido di Carbonio,2003-06,0.70,464
6764,Brescia v.Broletto,Monossido di Carbonio,2003-07,0.68,622
6764,Brescia v.Broletto,Monossido di Carbonio,2003-08,0.58,272
6764,Brescia v.Broletto,Monossido di Carbonio,2003-09,0.74,559
6764,Brescia v.Broletto,Monossido di Carbonio,2003-10,0.78,636
6764,Brescia v.Broletto,Monossido di Carbonio,2003-11,0.84,652
6764,Brescia v.Broletto,Monossido di Carbonio,2003-12,1.05,743
6764,Brescia v.Broletto,Monossido di Carbonio,2004-01,0.95,730
6764,Brescia v.Broletto,Monossido di Carbonio,2004-02,0.93,696
6764,Brescia v.Broletto,Monossido di Carbonio,2004-03,0.74,737
6764,Brescia v.Broletto,Monossido di Carbonio,2004-04,0.57,695
6764,Brescia v.Broletto,Monossido di Carbonio,2004-05,0.56,627
6764,Brescia v.Broletto,Monossido di Carbonio,2004-06,0.34,673
6764,Brescia v.Broletto,Monossido di Carbonio,2004-07,0.29,572
6764,Brescia v.Broletto,Monossido di Carbonio,2004-08,0.24,646
6764,Brescia v.Broletto,Monossido di Carbonio,2004-09,0.29,688
6764,Brescia v.Broletto,Monossido di Carbonio,2004-10,0.39,741
6764,Brescia v.Broletto,Monossido di Carbonio,2004-11,0.63,678
6764,Brescia v.Broletto,Monossido di Carbonio,2004-12,0.67,709
6764,Brescia v.Broletto,Monossido di Carbonio,2005-01,0.78,735
6764,Brescia v.Broletto,Monossido di Carbonio,2005-02,0.51,671
6764,Brescia v.Broletto,Monossido di Carbonio,2005-03,0.63,730
6764,Brescia v.Broletto,Monossido di Carbonio,2005-04,0.55,720
6764,Brescia v.Broletto,Monossido di Carbonio,2005-05,0.53,744
6764,Brescia v.Broletto,Monossido di Carbonio,2005-06,0.48,710
6764,Brescia v.Broletto,Monossido di Carbonio,2005-07,0.45,738
6764,Brescia v.Broletto,Monossido di Carbonio,2005-08,0.42,744
6764,Brescia v.Broletto,Monossido di Carbonio,2005-09,0.46,719
6764,Brescia v.Broletto,Monossido di Carbonio,2005-10,0.57,744
6764,Brescia v.Broletto,Monossido di Carbonio,2005-11,0.78,711
6764,Brescia v.Broletto,Monossido di Carbonio,2005-12,0.87,744
6764,Brescia v.Broletto,Monossido di Carbonio,2006-01,0.85,741
6764,Brescia v.Broletto,Monossido di Carbonio,2006-02,0.72,672
6764,Brescia v.Broletto,Monossido di Carbonio,2006-03,0.58,744
6764,Brescia v.Broletto,Monossido di Carbonio,2006-04,0.47,718
6764,Brescia v.Broletto,Monossido di Carbonio,2006-05,0.47,739
6764,Brescia v.Broletto,Monossido di Carbonio,2006-06,0.54,719
6764,Brescia v.Broletto,Monossido di Carbonio,2006-07,0.53,741
6764,Brescia v.Broletto,Monossido di Carbonio,2006-08,0.57,744
6764,Brescia v.Broletto,Monossido di Carbonio,2006-09,0.65,704
6764,Brescia v.Broletto,Monossido di Carbonio,2006-10,0.50,721
6764,Brescia v.Broletto,Monossido di Carbonio,2006-11,0.69,720
6764,Brescia v.Broletto,Monossido di Carbonio,2006-12,0.73,744
6764,Brescia v.Broletto,Monossido di Carbonio,2007-01,0.79,738
6764,Brescia v.Broletto,Monossido di Carbonio,2007-02,0.70,646
6764,Brescia v.Broletto,Monossido di Carbonio,2007-03,0.64,728
6764,Brescia v.Broletto,Monossido di Carbonio,2007-04,0.49,682
6764,Brescia v.Broletto,Monossido di Carbonio,2007-05,0.48,706
6764,Brescia v.Broletto,Monossido di Carbonio,2007-06,0.42,668
6764,Brescia v.Broletto,Monossido di Carbonio,2007-07,0.47,712
6764,Brescia v.Broletto,Monossido di Carbonio,2007-08,0.47,696
6764,Brescia v.Broletto,Monossido di Carbonio,2007-09,0.48,672
6764,Brescia v.Broletto,Monossido di Carbonio,2007-10,0.59,618
6764,Brescia v.Broletto,Monossido di Carbonio,2007-11,0.70,697
6764,Brescia v.Broletto,Monossido di Carbonio,2007-12,1.03,743
6764,Brescia v.Broletto,Monossido di Carbonio,2008-01,1.01,707
6764,Brescia v.Broletto,Monossido di Carbonio,2008-02,0.73,696
6764,Brescia v.Broletto,Monossido di Carbonio,2008-03,0.58,731
6764,Brescia v.Broletto,Monossido di Carbonio,2008-04,0.60,512
6764,Brescia v.Broletto,Monossido di Carbonio,2008-05,0.34,744
6764,Brescia v.Broletto,Monossido di Carbonio,2008-06,0.47,711
6764,Brescia v.Broletto,Monossido di Carbonio,2008-07,0.52,679
6764,Brescia v.Broletto,Monossido di Carbonio,2008-08,0.60,744
6764,Brescia v.Broletto,Monossido di Carbonio,2008-09,0.37,641
6764,Brescia v.Broletto,Monossido di Carbonio,2008-10,0.44,712
6764,Brescia v.Broletto,Monossido di Carbonio,2008-11,0.56,712
6764,Brescia v.Broletto,Monossido di Carbonio,2008-12,1.15,744
6764,Brescia v.Broletto,Monossido di Carbonio,2009-01,1.31,744
6764,Brescia v.Broletto,Monossido di Carbonio,2009-02,1.06,672
6764,Brescia v.Broletto,Monossido di Carbonio,2009-03,0.57,744
6764,Brescia v.Broletto,Monossido di Carbonio,2009-04,1.05,433
6764,Brescia v.Broletto,Monossido di Carbonio,2009-05,0.51,595
6764,Brescia v.Broletto,Monossido di Carbonio,2009-06,0.21,720
6764,Brescia v.Broletto,Monossido di Carbonio,2009-07,0.27,744
6764,Brescia v.Broletto,Monossido di Carbonio,2009-08,0.28,710
6764,Brescia v.Broletto,Monossido di Carbonio,2009-09,0.27,714
6764,Brescia v.Broletto,Monossido di Carbonio,2009-10,0.30,743
6764,Brescia v.Broletto,Monossido di Carbonio,2009-11,0.52,720
6764,Brescia v.Broletto,Monossido di Carbonio,2009-12,0.62,744
6764,Brescia v.Broletto,Monossido di Carbonio,2010-01,0.90,1
6764,Brescia v.Broletto,Monossido di Carbonio,2010-01,0.91,741
6764,Brescia v.Broletto,Monossido di Carbonio,2010-02,0.68,670
6764,Brescia v.Broletto,Monossido di Carbonio,2010-03,0.49,741
6764,Brescia v.Broletto,Monossido di Carbonio,2010-04,0.39,719
6764,Brescia v.Broletto,Monossido di Carbonio,2010-05,0.32,743
6764,Brescia v.Broletto,Monossido di Carbonio,2010-06,0.29,718
6764,Brescia v.Broletto,Monossido di Carbonio,2010-07,0.32,743
6764,Brescia v.Broletto,Monossido di Carbonio,2010-08,0.25,696
6764,Brescia v.Broletto,Monossido di Carbonio,2010-09,0.27,711
6764,Brescia v.Broletto,Monossido di Carbonio,2010-10,0.37,743
6764,Brescia v.Broletto,Monossido di Carbonio,2010-11,0.53,691
6764,Brescia v.Broletto,Monossido di Carbonio,2010-12,0.92,743
6764,Brescia v.Broletto,Monossido di Carbonio,2011-01,0.93,741
6764,Brescia v.Broletto,Monossido di Carbonio,2011-02,0.63,671
6764,Brescia v.Broletto,Monossido di Carbonio,2011-03,0.41,742
6764,Brescia v.Broletto,Monossido di Carbonio,2011-04,0.27,719
6764,Brescia v.Broletto,Monossido di Carbonio,2011-05,0.28,744
6764,Brescia v.Broletto,Monossido di Carbonio,2011-06,0.27,716
6764,Brescia v.Broletto,Monossido di Carbonio,2011-07,0.26,742
6764,Brescia v.Broletto,Monossido di Carbonio,2011-08,0.30,741
6764,Brescia v.Broletto,Monossido di Carbonio,2011-09,0.32,719
6764,Brescia v.Broletto,Monossido di Carbonio,2011-10,0.34,743
6764,Brescia v.Broletto,Monossido di Carbonio,2011-11,0.71,717
6764,Brescia v.Broletto,Monossido di Carbonio,2011-12,0.79,743
6764,Brescia v.Broletto,Monossido di Carbonio,2012-01,0.93,743
6764,Brescia v.Broletto,Monossido di Carbonio,2012-02,0.82,695
6764,Brescia v.Broletto,Monossido di Carbonio,2012-03,0.37,736
6764,Brescia v.Broletto,Monossido di Carbonio,2012-04,0.32,719
6764,Brescia v.Broletto,Monossido di Carbonio,2012-05,0.34,743
6764,Brescia v.Broletto,Monossido di Carbonio,2012-06,0.29,713
6764,Brescia v.Broletto,Monossido di Carbonio,2012-07,0.29,743
6764,Brescia v.Broletto,Monossido di Carbonio,2012-08,0.25,743
6764,Brescia v.Broletto,Monossido di Carbonio,2012-09,0.51,718
6764,Brescia v.Broletto,Monossido di Carbonio,2012-10,0.62,730
6764,Brescia v.Broletto,Monossido di Carbonio,2012-11,0.81,610
6764,Brescia v.Broletto,Monossido di Carbonio,2012-12,0.97,742
6764,Brescia v.Broletto,Monossido di Carbonio,2013-01,0.78,742
6764,Brescia v.Broletto,Monossido di Carbonio,2013-02,0.59,671
6764,Brescia v.Broletto,Monossido di Carbonio,2013-03,0.51,743
6764,Brescia v.Broletto,Monossido di Carbonio,2013-04,0.41,720
6764,Brescia v.Broletto,Monossido di Carbonio,2013-05,0.33,700
6764,Brescia v.Broletto,Monossido di Carbonio,2013-06,0.36,715
6764,Brescia v.Broletto,Monossido di Carbonio,2013-07,0.24,449
6764,Brescia v.Broletto,Monossido di Carbonio,2013-08,0.38,743
6764,Brescia v.Broletto,Monossido di Carbonio,2013-09,0.47,719
6764,Brescia v.Broletto,Monossido di Carbonio,2013-10,0.61,710
6764,Brescia v.Broletto,Monossido di Carbonio,2013-11,0.54,719
6764,Brescia v.Broletto,Monossido di Carbonio,2013-12,1.15,744
6764,Brescia v.Broletto,Monossido di Carbonio,2014-01,0.87,743
6764,Brescia v.Broletto,Monossido di Carbonio,2014-02,0.58,652
6764,Brescia v.Broletto,Monossido di Carbonio,2014-03,0.47,660
6764,Brescia v.Broletto,Monossido di Carbonio,2014-04,0.39,697
6764,Brescia v.Broletto,Monossido di Carbonio,2014-05,0.32,743
6764,Brescia v.Broletto,Monossido di Carbonio,2014-06,0.36,718
6764,Brescia v.Broletto,Monossido di Carbonio,2014-07,0.36,721
6764,Brescia v.Broletto,Monossido di Carbonio,2014-08,0.40,742
6764,Brescia v.Broletto,Monossido di Carbonio,2014-09,0.29,720
6764,Brescia v.Broletto,Monossido di Carbonio,2014-10,0.28,618
6764,Brescia v.Broletto,Monossido di Carbonio,2014-11,0.50,666
6764,Brescia v.Broletto,Monossido di Carbonio,2014-12,0.68,737
6764,Brescia v.Broletto,Monossido di Carbonio,2015-01,0.93,711
6764,Brescia v.Broletto,Monossido di Carbonio,2015-02,0.92,659
6764,Brescia v.Broletto,Monossido di Carbonio,2015-03,0.55,683
6764,Brescia v.Broletto,Monossido di Carbonio,2015-04,0.48,718
6764,Brescia v.Broletto,Monossido di Carbonio,2015-05,0.26,642
6764,Brescia v.Broletto,Monossido di Carbonio,2015-06,0.41,719
6764,Brescia v.Broletto,Monossido di Carbonio,2015-07,0.30,719
6764,Brescia v.Broletto,Monossido di Carbonio,2015-08,0.23,681
6764,Brescia v.Broletto,Monossido di Carbonio,2015-09,0.45,718
6764,Brescia v.Broletto,Monossido di Carbonio,2015-10,0.72,738
6764,Brescia v.Broletto,Monossido di Carbonio,2015-11,0.89,701
6764,Brescia v.Broletto,Monossido di Carbonio,2015-12,1.14,740
6764,Brescia v.Broletto,Monossido di Carbonio,2016-01,0.85,741
6764,Brescia v.Broletto,Monossido di Carbonio,2016-02,0.55,695
6764,Brescia v.Broletto,Monossido di Carbonio,2016-03,0.50,698
6764,Brescia v.Broletto,Monossido di Carbonio,2016-04,0.50,593
6764,Brescia v.Broletto,Monossido di Carbonio,2016-05,0.29,655
6764,Brescia v.Broletto,Monossido di Carbonio,2016-06,0.21,683
6764,Brescia v.Broletto,Monossido di Carbonio,2016-07,0.37,676
6764,Brescia v.Broletto,Monossido di Carbonio,2016-08,0.66,744
6764,Brescia v.Broletto,Monossido di Carbonio,2016-09,0.71,695
6764,Brescia v.Broletto,Monossido di Carbonio,2016-10,0.48,740
6764,Brescia v.Broletto,Monossido di Carbonio,2016-11,0.74,689
6764,Brescia v.Broletto,Monossido di Carbonio,2016-12,1.06,699
6764,Brescia v.Broletto,Monossido di Carbonio,2017-01,0.73,735
6764,Brescia v.Broletto,Monossido di Carbonio,2017-02,0.40,415
6764,Brescia v.Broletto,Monossido di Carbonio,2017-03,0.29,742
6764,Brescia v.Broletto,Monossido di Carbonio,2017-04,0.24,674
6764,Brescia v.Broletto,Monossido di Carbonio,2017-05,0.30,742
6764,Brescia v.Broletto,Monossido di Carbonio,2017-06,0.30,719
6764,Brescia v.Broletto,Monossido di Carbonio,2017-07,0.35,743
6764,Brescia v.Broletto,Monossido di Carbonio,2017-08,0.14,736
6764,Brescia v.Broletto,Monossido di Carbonio,2017-09,0.22,680
6764,Brescia v.Broletto,Monossido di Carbonio,2017-10,0.31,720
6764,Brescia v.Broletto,Monossido di Carbonio,2017-11,0.64,720
6764,Brescia v.Broletto,Monossido di Carbonio,2017-12,0.86,744
6764,Brescia v.Broletto,Monossido di Carbonio,2018-01,0.90,1
6764,Brescia v.Broletto,Monossido di Carbonio,2018-01,0.73,741
6764,Brescia v.Broletto,Monossido di Carbonio,2018-02,0.46,624
6764,Brescia v.Broletto,Monossido di Carbonio,2018-03,0.57,654
6764,Brescia v.Broletto,Monossido di Carbonio,2018-04,0.26,720
6764,Brescia v.Broletto,Monossido di Carbonio,2018-05,0.19,744
6764,Brescia v.Broletto,Monossido di Carbonio,2018-06,0.15,719
6764,Brescia v.Broletto,Monossido di Carbonio,2018-07,0.26,744
6764,Brescia v.Broletto,Monossido di Carbonio,2018-08,0.35,740
6764,Brescia v.Broletto,Monossido di Carbonio,2018-09,0.27,628
6764,Brescia v.Broletto,Monossido di Carbonio,2018-10,0.29,720
6764,Brescia v.Broletto,Monossido di Carbonio,2018-11,0.52,679
6764,Brescia v.Broletto,Monossido di Carbonio,2018-12,0.80,714
6764,Brescia v.Broletto,Monossido di Carbonio,2019-01,0.58,717
6764,Brescia v.Broletto,Monossido di Carbonio,2019-02,0.52,659
6764,Brescia v.Broletto,Monossido di Carbonio,2019-03,0.40,743
6764,Brescia v.Broletto,Monossido di Carbonio,2019-04,0.29,719
6764,Brescia v.Broletto,Monossido di Carbonio,2019-05,0.26,739
6764,Brescia v.Broletto,Monossido di Carbonio,2019-06,0.21,682
6764,Brescia v.Broletto,Monossido di Carbonio,2019-07,0.22,683
6764,Brescia v.Broletto,Monossido di Carbonio,2019-08,0.21,683
6764,Brescia v.Broletto,Monossido di Carbonio,2019-09,0.23,614
6764,Brescia v.Broletto,Monossido di Carbonio,2019-10,0.23,703
6764,Brescia v.Broletto,Monossido di Carbonio,2019-11,0.62,699
6764,Brescia v.Broletto,Monossido di Carbonio,2019-12,0.76,737
6764,Brescia v.Broletto,Monossido di Carbonio,2020-01,0.87,743
6764,Brescia v.Broletto,Monossido di Carbonio,2020-02,0.57,695
6764,Brescia v.Broletto,Monossido di Carbonio,2020-03,0.47,743
6764,Brescia v.Broletto,Monossido di Carbonio,2020-04,0.33,717
6764,Brescia v.Broletto,Monossido di Carbonio,2020-05,0.17,715
6764,Brescia v.Broletto,Monossido di Carbonio,2020-06,0.17,719
6764,Brescia v.Broletto,Monossido di Carbonio,2020-07,0.26,737
6764,Brescia v.Broletto,Monossido di Carbonio,2020-08,0.32,743
6764,Brescia v.Broletto,Monossido di Carbonio,2020-09,0.27,717
6764,Brescia v.Broletto,Monossido di Carbonio,2020-10,0.25,651
6764,Brescia v.Broletto,Monossido di Carbonio,2020-11,0.63,720
6764,Brescia v.Broletto,Monossido di Carbonio,2020-12,0.84,702
6764,Brescia v.Broletto,Monossido di Carbonio,2021-01,0.74,744
6764,Brescia v.Broletto,Monossido di Carbonio,2021-02,0.46,602
6764,Brescia v.Broletto,Monossido di Carbonio,2021-03,0.38,668
6764,Brescia v.Broletto,Monossido di Carbonio,2021-04,0.39,675
6764,Brescia v.Broletto,Monossido di Carbonio,2021-05,0.18,678
6764,Brescia v.Broletto,Monossido di Carbonio,2021-06,0.15,694
6764,Brescia v.Broletto,Monossido di Carbonio,2021-07,0.19,743
6764,Brescia v.Broletto,Monossido di Carbonio,2021-08,0.14,715
6764,Brescia v.Broletto,Monossido di Carbonio,2021-09,0.64,549
6764,Brescia v.Broletto,Monossido di Carbonio,2021-10,0.94,600
6764,Brescia v.Broletto,Monossido di Carbonio,2021-11,1.30,719
6764,Brescia v.Broletto,Monossido di Carbonio,2021-12,1.15,742
6764,Brescia v.Broletto,Monossido di Carbonio,2022-01,0.70,722
6764,Brescia v.Broletto,Monossido di Carbonio,2022-02,1.13,666
6764,Brescia v.Broletto,Monossido di Carbonio,2022-03,1.14,743
6764,Brescia v.Broletto,Monossido di Carbonio,2022-04,1.02,719
6764,Brescia v.Broletto,Monossido di Carbonio,2022-05,0.76,669
6764,Brescia v.Broletto,Monossido di Carbonio,2022-06,0.63,719
6764,Brescia v.Broletto,Monossido di Carbonio,2022-07,0.26,744
6764,Brescia v.Broletto,Monossido di Carbonio,2022-08,0.40,744
6764,Brescia v.Broletto,Monossido di Carbonio,2022-09,0.69,719
6764,Brescia v.Broletto,Monossido di Carbonio,2022-10,0.77,743
6764,Brescia v.Broletto,Monossido di Carbonio,2022-11,0.73,719
6764,Brescia v.Broletto,Monossido di Carbonio,2022-12,0.99,741
6764,Brescia v.Broletto,Monossido di Carbonio,2023-01,0.70,697
6764,Brescia v.Broletto,Monossido di Carbonio,2023-02,0.89,121
6766,Brescia v.Broletto,Ossidi di Azoto,2000-01,152.76,232
6766,Brescia v.Broletto,Ossidi di Azoto,2000-02,162.29,577
6766,Brescia v.Broletto,Ossidi di Azoto,2000-03,126.12,565
6766,Brescia v.Broletto,Ossidi di Azoto,2000-04,76.40,381
6766,Brescia v.Broletto,Ossidi di Azoto,2000-05,66.45,625
6766,Brescia v.Broletto,Ossidi di Azoto,2000-06,50.37,644
6766,Brescia v.Broletto,Ossidi di Azoto,2000-07,49.39,400
6766,Brescia v.Broletto,Ossidi di Azoto,2000-08,56.57,583
6766,Brescia v.Broletto,Ossidi di Azoto,2000-09,70.63,648
6766,Brescia v.Broletto,Ossidi di Azoto,2000-10,112.94,637
6766,Brescia v.Broletto,Ossidi di Azoto,2000-11,174.13,603
6766,Brescia v.Broletto,Ossidi di Azoto,2000-12,229.34,553
6766,Brescia v.Broletto,Ossidi di Azoto,2001-01,225.64,608
6766,Brescia v.Broletto,Ossidi di Azoto,2001-02,122.69,405
6766,Brescia v.Broletto,Ossidi di Azoto,2001-03,83.95,595
6766,Brescia v.Broletto,Ossidi di Azoto,2001-04,64.02,451
6766,Brescia v.Broletto,Ossidi di Azoto,2001-05,96.18,574
6766,Brescia v.Broletto,Ossidi di Azoto,2001-06,81.92,473
6766,Brescia v.Broletto,Ossidi di Azoto,2001-07,76.34,597
6766,Brescia v.Broletto,Ossidi di Azoto,2001-08,59.55,630
6766,Brescia v.Broletto,Ossidi di Azoto,2001-09,87.90,555
6766,Brescia v.Broletto,Ossidi di Azoto,2001-10,124.81,617
6766,Brescia v.Broletto,Ossidi di Azoto,2001-11,226.34,610
6766,Brescia v.Broletto,Ossidi di Azoto,2002-01,276.20,100
6766,Brescia v.Broletto,Ossidi di Azoto,2002-02,364.08,6
6766,Brescia v.Broletto,Ossidi di Azoto,2002-03,123.29,682
6766,Brescia v.Broletto,Ossidi di Azoto,2002-04,38.80,96
6766,Brescia v.Broletto,Ossidi di Azoto,2002-05,62.02,554
6766,Brescia v.Broletto,Ossidi di Azoto,2002-06,50.48,489
6766,Brescia v.Broletto,Ossidi di Azoto,2002-07,57.20,215
6766,Brescia v.Broletto,Ossidi di Azoto,2002-09,61.91,599
6766,Brescia v.Broletto,Ossidi di Azoto,2002-10,126.49,40
6766,Brescia v.Broletto,Ossidi di Azoto,2002-11,129.23,611
6766,Brescia v.Broletto,Ossidi di Azoto,2002-12,182.60,665
6766,Brescia v.Broletto,Ossidi di Azoto,2003-01,200.09,670
6766,Brescia v.Broletto,Ossidi di Azoto,2003-02,125.04,591
6766,Brescia v.Broletto,Ossidi di Azoto,2003-03,85.94,660
6766,Brescia v.Broletto,Ossidi di Azoto,2003-04,65.71,610
6766,Brescia v.Broletto,Ossidi di Azoto,2003-05,74.79,568
6766,Brescia v.Broletto,Ossidi di Azoto,2003-06,65.77,447
6766,Brescia v.Broletto,Ossidi di Azoto,2003-07,50.07,593
6766,Brescia v.Broletto,Ossidi di Azoto,2003-08,51.98,259
6766,Brescia v.Broletto,Ossidi di Azoto,2003-09,75.44,534
6766,Brescia v.Broletto,Ossidi di Azoto,2003-10,96.25,585
6766,Brescia v.Broletto,Ossidi di Azoto,2003-11,151.13,639
6766,Brescia v.Broletto,Ossidi di Azoto,2003-12,164.46,740
6766,Brescia v.Broletto,Ossidi di Azoto,2004-01,168.74,730
6766,Brescia v.Broletto,Ossidi di Azoto,2004-02,141.98,696
6766,Brescia v.Broletto,Ossidi di Azoto,2004-03,118.23,737
6766,Brescia v.Broletto,Ossidi di Azoto,2004-04,78.61,591
6766,Brescia v.Broletto,Ossidi di Azoto,2004-05,69.41,672
6766,Brescia v.Broletto,Ossidi di Azoto,2004-06,67.60,451
6766,Brescia v.Broletto,Ossidi di Azoto,2004-07,50.84,681
6766,Brescia v.Broletto,Ossidi di Azoto,2004-08,31.32,734
6766,Brescia v.Broletto,Ossidi di Azoto,2004-09,65.12,720
6766,Brescia v.Broletto,Ossidi di Azoto,2004-10,91.73,741
6766,Brescia v.Broletto,Ossidi di Azoto,2004-11,154.93,692
6766,Brescia v.Broletto,Ossidi di Azoto,2004-12,177.36,599
6766,Brescia v.Broletto,Ossidi di Azoto,2005-01,175.75,560
6766,Brescia v.Broletto,Ossidi di Azoto,2005-02,106.85,561
6766,Brescia v.Broletto,Ossidi di Azoto,2005-03,114.42,730
6766,Brescia v.Broletto,Ossidi di Azoto,2005-04,67.34,720
6766,Brescia v.Broletto,Ossidi di Azoto,2005-05,64.58,733
6766,Brescia v.Broletto,Ossidi di Azoto,2005-06,56.89,706
6766,Brescia v.Broletto,Ossidi di Azoto,2005-07,50.54,738
6766,Brescia v.Broletto,Ossidi di Azoto,2005-08,37.80,742
6766,Brescia v.Broletto,Ossidi di Azoto,2005-09,56.64,641
6766,Brescia v.Broletto,Ossidi di Azoto,2005-10,81.44,744
6766,Brescia v.Broletto,Ossidi di Azoto,2005-11,180.27,711
6766,Brescia v.Broletto,Ossidi di Azoto,2005-12,202.89,744
6766,Brescia v.Broletto,Ossidi di Azoto,2006-01,192.40,741
6766,Brescia v.Broletto,Ossidi di Azoto,2006-02,146.09,672
6766,Brescia v.Broletto,Ossidi di Azoto,2006-03,80.39,744
6766,Brescia v.Broletto,Ossidi di Azoto,2006-04,53.92,712
6766,Brescia v.Broletto,Ossidi di Azoto,2006-05,42.62,736
6766,Brescia v.Broletto,Ossidi di Azoto,2006-06,35.01,720
6766,Brescia v.Broletto,Ossidi di Azoto,2006-07,29.09,740
6766,Brescia v.Broletto,Ossidi di Azoto,2006-08,18.56,744
6766,Brescia v.Broletto,Ossidi di Azoto,2006-09,44.66,704
6766,Brescia v.Broletto,Ossidi di Azoto,2006-10,88.26,723
6766,Brescia v.Broletto,Ossidi di Azoto,2006-11,170.25,720
6766,Brescia v.Broletto,Ossidi di Azoto,2006-12,174.94,741
6766,Brescia v.Broletto,Ossidi di Azoto,2007-01,205.31,739
6766,Brescia v.Broletto,Ossidi di Azoto,2007-02,174.88,646
6766,Brescia v.Broletto,Ossidi di Azoto,2007-03,84.59,729
6766,Brescia v.Broletto,Ossidi di Azoto,2007-04,59.60,681
6766,Brescia v.Broletto,Ossidi di Azoto,2007-05,61.69,705
6766,Brescia v.Broletto,Ossidi di Azoto,2007-06,58.68,683
6766,Brescia v.Broletto,Ossidi di Azoto,2007-07,59.12,708
6766,Brescia v.Broletto,Ossidi di Azoto,2007-08,43.96,695
6766,Brescia v.Broletto,Ossidi di Azoto,2007-09,54.07,672
6766,Brescia v.Broletto,Ossidi di Azoto,2007-10,84.00,693
6766,Brescia v.Broletto,Ossidi di Azoto,2007-11,134.82,697
6766,Brescia v.Broletto,Ossidi di Azoto,2007-12,198.80,743
6766,Brescia v.Broletto,Ossidi di Azoto,2008-01,188.31,721
6766,Brescia v.Broletto,Ossidi di Azoto,2008-02,146.43,696
6766,Brescia v.Broletto,Ossidi di Azoto,2008-03,93.69,731
6766,Brescia v.Broletto,Ossidi di Azoto,2008-04,81.32,573
6766,Brescia v.Broletto,Ossidi di Azoto,2008-05,50.90,744
6766,Brescia v.Broletto,Ossidi di Azoto,2008-06,71.81,718
6766,Brescia v.Broletto,Ossidi di Azoto,2008-07,68.46,725
6766,Brescia v.Broletto,Ossidi di Azoto,2008-08,50.51,743
6766,Brescia v.Broletto,Ossidi di Azoto,2008-09,79.13,720
6766,Brescia v.Broletto,Ossidi di Azoto,2008-10,112.92,743
6766,Brescia v.Broletto,Ossidi di Azoto,2008-11,146.46,720
6766,Brescia v.Broletto,Ossidi di Azoto,2008-12,223.25,744
6766,Brescia v.Broletto,Ossidi di Azoto,2009-01,317.06,744
6766,Brescia v.Broletto,Ossidi di Azoto,2009-02,162.68,672
6766,Brescia v.Broletto,Ossidi di Azoto,2009-03,104.44,743
6766,Brescia v.Broletto,Ossidi di Azoto,2009-04,82.97,454
6766,Brescia v.Broletto,Ossidi di Azoto,2009-05,57.67,725
6766,Brescia v.Broletto,Ossidi di Azoto,2009-06,43.61,718
6766,Brescia v.Broletto,Ossidi di Azoto,2009-07,38.90,742
6766,Brescia v.Broletto,Ossidi di Azoto,2009-08,32.36,710
6766,Brescia v.Broletto,Ossidi di Azoto,2009-09,43.34,715
6766,Brescia v.Broletto,Ossidi di Azoto,2009-10,54.65,744
6766,Brescia v.Broletto,Ossidi di Azoto,2009-11,103.40,675
6766,Brescia v.Broletto,Ossidi di Azoto,2009-12,157.83,744
6766,Brescia v.Broletto,Ossidi di Azoto,2010-01,158.10,1
6766,Brescia v.Broletto,Ossidi di Azoto,2010-01,180.01,743
6766,Brescia v.Broletto,Ossidi di Azoto,2010-02,134.39,670
6766,Brescia v.Broletto,Ossidi di Azoto,2010-03,86.49,740
6766,Brescia v.Broletto,Ossidi di Azoto,2010-04,55.86,718
6766,Brescia v.Broletto,Ossidi di Azoto,2010-05,53.26,743
6766,Brescia v.Broletto,Ossidi di Azoto,2010-06,47.22,719
6766,Brescia v.Broletto,Ossidi di Azoto,2010-07,48.56,743
6766,Brescia v.Broletto,Ossidi di Azoto,2010-08,43.61,743
6766,Brescia v.Broletto,Ossidi di Azoto,2010-09,48.58,719
6766,Brescia v.Broletto,Ossidi di Azoto,2010-10,72.79,744
6766,Brescia v.Broletto,Ossidi di Azoto,2010-11,113.73,718
6766,Brescia v.Broletto,Ossidi di Azoto,2010-12,218.67,743
6766,Brescia v.Broletto,Ossidi di Azoto,2011-01,192.78,743
6766,Brescia v.Broletto,Ossidi di Azoto,2011-02,133.86,671
6766,Brescia v.Broletto,Ossidi di Azoto,2011-03,72.21,743
6766,Brescia v.Broletto,Ossidi di Azoto,2011-04,55.86,719
6766,Brescia v.Broletto,Ossidi di Azoto,2011-05,47.27,744
6766,Brescia v.Broletto,Ossidi di Azoto,2011-06,42.32,716
6766,Brescia v.Broletto,Ossidi di Azoto,2011-07,37.79,742
6766,Brescia v.Broletto,Ossidi di Azoto,2011-08,40.59,742
6766,Brescia v.Broletto,Ossidi di Azoto,2011-09,50.19,718
6766,Brescia v.Broletto,Ossidi di Azoto,2011-10,69.16,742
6766,Brescia v.Broletto,Ossidi di Azoto,2011-11,156.80,718
6766,Brescia v.Broletto,Ossidi di Azoto,2011-12,173.03,743
6766,Brescia v.Broletto,Ossidi di Azoto,2012-01,174.70,742
6766,Brescia v.Broletto,Ossidi di Azoto,2012-02,117.32,694
6766,Brescia v.Broletto,Ossidi di Azoto,2012-03,60.70,743
6766,Brescia v.Broletto,Ossidi di Azoto,2012-04,52.05,720
6766,Brescia v.Broletto,Ossidi di Azoto,2012-05,60.28,743
6766,Brescia v.Broletto,Ossidi di Azoto,2012-06,51.35,715
6766,Brescia v.Broletto,Ossidi di Azoto,2012-07,44.13,741
6766,Brescia v.Broletto,Ossidi di Azoto,2012-08,37.49,743
6766,Brescia v.Broletto,Ossidi di Azoto,2012-09,46.18,719
6766,Brescia v.Broletto,Ossidi di Azoto,2012-10,67.33,734
6766,Brescia v.Broletto,Ossidi di Azoto,2012-11,100.12,719
6766,Brescia v.Broletto,Ossidi di Azoto,2012-12,173.15,743
6766,Brescia v.Broletto,Ossidi di Azoto,2013-01,151.83,733
6766,Brescia v.Broletto,Ossidi di Azoto,2013-02,112.26,654
6766,Brescia v.Broletto,Ossidi di Azoto,2013-03,86.29,743
6766,Brescia v.Broletto,Ossidi di Azoto,2013-04,53.97,709
6766,Brescia v.Broletto,Ossidi di Azoto,2013-05,43.56,740
6766,Brescia v.Broletto,Ossidi di Azoto,2013-06,44.68,713
6766,Brescia v.Broletto,Ossidi di Azoto,2013-07,46.12,732
6766,Brescia v.Broletto,Ossidi di Azoto,2013-08,34.48,725
6766,Brescia v.Broletto,Ossidi di Azoto,2013-09,50.10,706
6766,Brescia v.Broletto,Ossidi di Azoto,2013-10,71.35,670
6766,Brescia v.Broletto,Ossidi di Azoto,2013-11,93.25,683
6766,Brescia v.Broletto,Ossidi di Azoto,2013-12,210.16,737
6766,Brescia v.Broletto,Ossidi di Azoto,2014-01,147.29,744
6766,Brescia v.Broletto,Ossidi di Azoto,2014-02,101.04,652
6766,Brescia v.Broletto,Ossidi di Azoto,2014-03,63.59,658
6766,Brescia v.Broletto,Ossidi di Azoto,2014-04,57.79,698
6766,Brescia v.Broletto,Ossidi di Azoto,2014-05,46.00,744
6766,Brescia v.Broletto,Ossidi di Azoto,2014-06,48.00,720
6766,Brescia v.Broletto,Ossidi di Azoto,2014-07,44.55,720
6766,Brescia v.Broletto,Ossidi di Azoto,2014-08,35.61,744
6766,Brescia v.Broletto,Ossidi di Azoto,2014-09,58.01,720
6766,Brescia v.Broletto,Ossidi di Azoto,2014-10,61.85,643
6766,Brescia v.Broletto,Ossidi di Azoto,2014-11,92.62,665
6766,Brescia v.Broletto,Ossidi di Azoto,2014-12,131.87,736
6766,Brescia v.Broletto,Ossidi di Azoto,2015-01,139.32,706
6766,Brescia v.Broletto,Ossidi di Azoto,2015-02,123.25,658
6766,Brescia v.Broletto,Ossidi di Azoto,2015-03,62.84,678
6766,Brescia v.Broletto,Ossidi di Azoto,2015-04,58.99,717
6766,Brescia v.Broletto,Ossidi di Azoto,2015-05,42.42,637
6766,Brescia v.Broletto,Ossidi di Azoto,2015-06,39.69,719
6766,Brescia v.Broletto,Ossidi di Azoto,2015-07,39.78,718
6766,Brescia v.Broletto,Ossidi di Azoto,2015-08,33.84,679
6766,Brescia v.Broletto,Ossidi di Azoto,2015-09,34.79,714
6766,Brescia v.Broletto,Ossidi di Azoto,2015-10,58.75,739
6766,Brescia v.Broletto,Ossidi di Azoto,2015-11,101.37,683
6766,Brescia v.Broletto,Ossidi di Azoto,2015-12,183.34,736
6766,Brescia v.Broletto,Ossidi di Azoto,2016-01,129.39,740
6766,Brescia v.Broletto,Ossidi di Azoto,2016-02,77.11,687
6766,Brescia v.Broletto,Ossidi di Azoto,2016-03,57.51,694
6766,Brescia v.Broletto,Ossidi di Azoto,2016-04,47.28,581
6766,Brescia v.Broletto,Ossidi di Azoto,2016-05,47.45,709
6766,Brescia v.Broletto,Ossidi di Azoto,2016-06,44.24,684
6766,Brescia v.Broletto,Ossidi di Azoto,2016-07,37.39,668
6766,Brescia v.Broletto,Ossidi di Azoto,2016-08,29.13,737
6766,Brescia v.Broletto,Ossidi di Azoto,2016-09,42.26,672
6766,Brescia v.Broletto,Ossidi di Azoto,2016-10,54.73,735
6766,Brescia v.Broletto,Ossidi di Azoto,2016-11,94.47,690
6766,Brescia v.Broletto,Ossidi di Azoto,2016-12,191.56,699
6766,Brescia v.Broletto,Ossidi di Azoto,2017-01,103.82,733
6766,Brescia v.Broletto,Ossidi di Azoto,2017-02,97.92,604
6766,Brescia v.Broletto,Ossidi di Azoto,2017-03,61.75,649
6766,Brescia v.Broletto,Ossidi di Azoto,2017-04,38.62,673
6766,Brescia v.Broletto,Ossidi di Azoto,2017-05,48.52,743
6766,Brescia v.Broletto,Ossidi di Azoto,2017-06,47.58,720
6766,Brescia v.Broletto,Ossidi di Azoto,2017-07,47.71,743
6766,Brescia v.Broletto,Ossidi di Azoto,2017-08,28.39,737
6766,Brescia v.Broletto,Ossidi di Azoto,2017-09,39.19,681
6766,Brescia v.Broletto,Ossidi di Azoto,2017-10,57.63,739
6766,Brescia v.Broletto,Ossidi di Azoto,2017-11,91.46,720
6766,Brescia v.Broletto,Ossidi di Azoto,2017-12,148.42,743
6766,Brescia v.Broletto,Ossidi di Azoto,2018-01,93.60,1
6766,Brescia v.Broletto,Ossidi di Azoto,2018-01,99.22,740
6766,Brescia v.Broletto,Ossidi di Azoto,2018-02,66.14,650
6766,Brescia v.Broletto,Ossidi di Azoto,2018-03,78.08,728
6766,Brescia v.Broletto,Ossidi di Azoto,2018-04,49.95,720
6766,Brescia v.Broletto,Ossidi di Azoto,2018-05,40.52,726
6766,Brescia v.Broletto,Ossidi di Azoto,2018-06,28.52,713
6766,Brescia v.Broletto,Ossidi di Azoto,2018-07,33.90,742
6766,Brescia v.Broletto,Ossidi di Azoto,2018-08,31.01,740
6766,Brescia v.Broletto,Ossidi di Azoto,2018-09,45.91,654
6766,Brescia v.Broletto,Ossidi di Azoto,2018-10,45.87,715
6766,Brescia v.Broletto,Ossidi di Azoto,2018-11,72.78,703
6766,Brescia v.Broletto,Ossidi di Azoto,2018-12,125.91,728
6766,Brescia v.Broletto,Ossidi di Azoto,2019-01,99.77,723
6766,Brescia v.Broletto,Ossidi di Azoto,2019-02,97.50,658
6766,Brescia v.Broletto,Ossidi di Azoto,2019-03,56.67,743
6766,Brescia v.Broletto,Ossidi di Azoto,2019-04,38.00,719
6766,Brescia v.Broletto,Ossidi di Azoto,2019-05,38.58,743
6766,Brescia v.Broletto,Ossidi di Azoto,2019-06,42.45,677
6766,Brescia v.Broletto,Ossidi di Azoto,2019-07,37.57,665
6766,Brescia v.Broletto,Ossidi di Azoto,2019-08,27.28,718
6766,Brescia v.Broletto,Ossidi di Azoto,2019-09,37.56,680
6766,Brescia v.Broletto,Ossidi di Azoto,2019-10,46.19,727
6766,Brescia v.Broletto,Ossidi di Azoto,2019-11,59.79,699
6766,Brescia v.Broletto,Ossidi di Azoto,2019-12,102.64,738
6766,Brescia v.Broletto,Ossidi di Azoto,2020-01,150.95,743
6766,Brescia v.Broletto,Ossidi di Azoto,2020-02,84.22,695
6766,Brescia v.Broletto,Ossidi di Azoto,2020-03,34.12,744
6766,Brescia v.Broletto,Ossidi di Azoto,2020-04,15.55,713
6766,Brescia v.Broletto,Ossidi di Azoto,2020-05,24.70,744
6766,Brescia v.Broletto,Ossidi di Azoto,2020-06,29.39,719
6766,Brescia v.Broletto,Ossidi di Azoto,2020-07,27.66,737
6766,Brescia v.Broletto,Ossidi di Azoto,2020-08,22.08,743
6766,Brescia v.Broletto,Ossidi di Azoto,2020-09,30.11,719
6766,Brescia v.Broletto,Ossidi di Azoto,2020-10,44.87,644
6766,Brescia v.Broletto,Ossidi di Azoto,2020-11,59.62,719
6766,Brescia v.Broletto,Ossidi di Azoto,2020-12,82.67,691
6766,Brescia v.Broletto,Ossidi di Azoto,2021-01,73.07,730
6766,Brescia v.Broletto,Ossidi di Azoto,2021-02,71.50,600
6766,Brescia v.Broletto,Ossidi di Azoto,2021-03,44.21,637
6766,Brescia v.Broletto,Ossidi di Azoto,2021-04,31.31,632
6766,Brescia v.Broletto,Ossidi di Azoto,2021-05,32.23,676
6766,Brescia v.Broletto,Ossidi di Azoto,2021-06,31.90,659
6766,Brescia v.Broletto,Ossidi di Azoto,2021-07,28.00,742
6766,Brescia v.Broletto,Ossidi di Azoto,2021-08,23.99,713
6766,Brescia v.Broletto,Ossidi di Azoto,2021-09,33.72,645
6766,Brescia v.Broletto,Ossidi di Azoto,2021-10,40.68,722
6766,Brescia v.Broletto,Ossidi di Azoto,2021-11,62.68,720
6766,Brescia v.Broletto,Ossidi di Azoto,2021-12,119.61,741
6766,Brescia v.Broletto,Ossidi di Azoto,2022-01,98.63,721
6766,Brescia v.Broletto,Ossidi di Azoto,2022-02,64.21,651
6766,Brescia v.Broletto,Ossidi di Azoto,2022-03,48.39,742
6766,Brescia v.Broletto,Ossidi di Azoto,2022-04,32.56,719
6766,Brescia v.Broletto,Ossidi di Azoto,2022-05,37.76,571
6766,Brescia v.Broletto,Ossidi di Azoto,2022-06,28.99,704
6766,Brescia v.Broletto,Ossidi di Azoto,2022-07,27.72,743
6766,Brescia v.Broletto,Ossidi di Azoto,2022-08,25.26,744
6766,Brescia v.Broletto,Ossidi di Azoto,2022-09,32.22,708
6766,Brescia v.Broletto,Ossidi di Azoto,2022-10,37.20,741
6766,Brescia v.Broletto,Ossidi di Azoto,2022-11,58.66,718
6766,Brescia v.Broletto,Ossidi di Azoto,2022-12,92.43,741
6766,Brescia v.Broletto,Ossidi di Azoto,2023-01,57.91,697
6766,Brescia v.Broletto,Ossidi di Azoto,2023-02,59.73,615
6766,Brescia v.Broletto,Ossidi di Azoto,2023-03,38.45,723
6766,Brescia v.Broletto,Ossidi di Azoto,2023-04,27.16,718
6766,Brescia v.Broletto,Ossidi di Azoto,2023-05,28.17,545
6766,Brescia v.Broletto,Ossidi di Azoto,2023-06,30.41,699
6766,Brescia v.Broletto,Ossidi di Azoto,2023-07,27.75,626
6766,Brescia v.Broletto,Ossidi di Azoto,2023-08,23.22,719
6766,Brescia v.Broletto,Ossidi di Azoto,2023-09,28.63,720
6766,Brescia v.Broletto,Ossidi di Azoto,2023-10,40.38,743
6766,Brescia v.Broletto,Ossidi di Azoto,2023-11,51.18,686
6766,Brescia v.Broletto,Ossidi di Azoto,2023-12,77.28,698
6766,Brescia v.Broletto,Ossidi di Azoto,2024-01,84.68,496
6766,Brescia v.Broletto,Ossidi di Azoto,2024-02,59.37,693
6766,Brescia v.Broletto,Ossidi di Azoto,2024-03,41.93,743
6766,Brescia v.Broletto,Ossidi di Azoto,2024-04,39.54,719
6766,Brescia v.Broletto,Ossidi di Azoto,2024-05,37.57,742
6766,Brescia v.Broletto,Ossidi di Azoto,2024-06,40.44,719
6766,Brescia v.Broletto,Ossidi di Azoto,2024-07,31.00,736
6766,Brescia v.Broletto,Ossidi di Azoto,2024-08,26.01,742
6766,Brescia v.Broletto,Ossidi di Azoto,2024-09,33.12,719
6766,Brescia v.Broletto,Ossidi di Azoto,2024-10,43.73,744
6766,Brescia v.Broletto,Ossidi di Azoto,2024-11,80.84,682
6766,Brescia v.Broletto,Ossidi di Azoto,2024-12,80.49,744
6766,Brescia v.Broletto,Ossidi di Azoto,2025-01,69.28,714
6766,Brescia v.Broletto,Ossidi di Azoto,2025-02,55.32,650
6766,Brescia v.Broletto,Ossidi di Azoto,2025-03,38.43,742
6766,Brescia v.Broletto,Ossidi di Azoto,2025-04,35.02,708
6766,Brescia v.Broletto,Ossidi di Azoto,2025-05,31.91,737
6766,Brescia v.Broletto,Ossidi di Azoto,2025-06,30.21,718
6766,Brescia v.Broletto,Ossidi di Azoto,2025-07,23.86,741
6766,Brescia v.Broletto,Ossidi di Azoto,2025-08,24.37,744
6766,Brescia v.Broletto,Ossidi di Azoto,2025-09,25.34,584
6766,Brescia v.Broletto,Ossidi di Azoto,2025-10,27.93,741
6766,Brescia v.Broletto,Ossidi di Azoto,2025-11,47.18,719
6766,Brescia v.Broletto,Ossidi di Azoto,2025-12,76.94,742
6766,Brescia v.Broletto,Ossidi di Azoto,2026-01,29.60,1
6767,Brescia v.Broletto,Ozono,2000-01,16.35,709
6767,Brescia v.Broletto,Ozono,2000-02,23.21,656
6767,Brescia v.Broletto,Ozono,2000-03,36.66,703
6767,Brescia v.Broletto,Ozono,2000-04,50.76,697
6767,Brescia v.Broletto,Ozono,2000-05,60.07,583
6767,Brescia v.Broletto,Ozono,2000-06,73.39,686
6767,Brescia v.Broletto,Ozono,2000-07,69.45,708
6767,Brescia v.Broletto,Ozono,2000-08,63.92,665
6767,Brescia v.Broletto,Ozono,2000-09,50.19,663
6767,Brescia v.Broletto,Ozono,2000-10,21.08,670
6767,Brescia v.Broletto,Ozono,2000-11,16.58,658
6767,Brescia v.Broletto,Ozono,2000-12,9.09,712
6767,Brescia v.Broletto,Ozono,2001-01,12.10,678
6767,Brescia v.Broletto,Ozono,2001-02,24.39,624
6767,Brescia v.Broletto,Ozono,2001-03,29.55,665
6767,Brescia v.Broletto,Ozono,2001-04,56.83,679
6767,Brescia v.Broletto,Ozono,2001-05,47.52,683
6767,Brescia v.Broletto,Ozono,2001-06,60.05,513
6767,Brescia v.Broletto,Ozono,2001-07,56.86,510
6767,Brescia v.Broletto,Ozono,2001-08,82.97,665
6767,Brescia v.Broletto,Ozono,2001-09,33.48,604
6767,Brescia v.Broletto,Ozono,2001-10,20.69,666
6767,Brescia v.Broletto,Ozono,2001-11,11.29,652
6767,Brescia v.Broletto,Ozono,2002-01,7.63,115
6767,Brescia v.Broletto,Ozono,2002-02,13.00,464
6767,Brescia v.Broletto,Ozono,2002-03,31.53,713
6767,Brescia v.Broletto,Ozono,2002-04,49.94,653
6767,Brescia v.Broletto,Ozono,2002-05,61.51,707
6767,Brescia v.Broletto,Ozono,2002-06,81.05,513
6767,Brescia v.Broletto,Ozono,2002-07,79.69,232
6767,Brescia v.Broletto,Ozono,2002-09,46.40,649
6767,Brescia v.Broletto,Ozono,2002-10,18.88,603
6767,Brescia v.Broletto,Ozono,2002-11,19.18,609
6767,Brescia v.Broletto,Ozono,2002-12,3.70,641
6767,Brescia v.Broletto,Ozono,2003-01,10.58,703
6767,Brescia v.Broletto,Ozono,2003-02,26.49,624
6767,Brescia v.Broletto,Ozono,2003-03,48.37,709
6767,Brescia v.Broletto,Ozono,2003-04,70.02,667
6767,Brescia v.Broletto,Ozono,2003-05,78.24,596
6767,Brescia v.Broletto,Ozono,2003-06,107.30,468
6767,Brescia v.Broletto,Ozono,2003-07,105.35,626
6767,Brescia v.Broletto,Ozono,2003-08,120.69,264
6767,Brescia v.Broletto,Ozono,2003-09,67.85,555
6767,Brescia v.Broletto,Ozono,2003-10,23.14,603
6767,Brescia v.Broletto,Ozono,2003-11,12.09,608
6767,Brescia v.Broletto,Ozono,2003-12,18.57,741
6767,Brescia v.Broletto,Ozono,2004-01,12.50,730
6767,Brescia v.Broletto,Ozono,2004-02,15.25,625
6775,Brescia v.Triumplina,Biossido di Azoto,2000-01,40.30,24
6775,Brescia v.Triumplina,Biossido di Azoto,2000-04,126.81,404
6775,Brescia v.Triumplina,Biossido di Azoto,2000-05,102.10,485
6775,Brescia v.Triumplina,Biossido di Azoto,2000-06,89.59,390
6775,Brescia v.Triumplina,Biossido di Azoto,2000-07,75.61,451
6775,Brescia v.Triumplina,Biossido di Azoto,2000-08,75.17,436
6775,Brescia v.Triumplina,Biossido di Azoto,2000-09,89.42,658
6775,Brescia v.Triumplina,Biossido di Azoto,2000-10,69.68,611
6775,Brescia v.Triumplina,Biossido di Azoto,2000-11,70.78,654
6775,Brescia v.Triumplina,Biossido di Azoto,2000-12,81.78,650
6775,Brescia v.Triumplina,Biossido di Azoto,2001-01,78.47,622
6775,Brescia v.Triumplina,Biossido di Azoto,2001-02,91.40,623
6775,Brescia v.Triumplina,Biossido di Azoto,2001-03,75.36,670
6775,Brescia v.Triumplina,Biossido di Azoto,2001-04,56.45,569
6775,Brescia v.Triumplina,Biossido di Azoto,2001-05,46.74,396
6775,Brescia v.Triumplina,Biossido di Azoto,2001-06,78.47,596
6775,Brescia v.Triumplina,Biossido di Azoto,2001-07,62.00,595
6775,Brescia v.Triumplina,Biossido di Azoto,2001-08,67.52,484
6775,Brescia v.Triumplina,Biossido di Azoto,2001-09,74.46,154
6775,Brescia v.Triumplina,Biossido di Azoto,2001-10,83.59,694
6775,Brescia v.Triumplina,Biossido di Azoto,2001-11,59.25,720
6775,Brescia v.Triumplina,Biossido di Azoto,2001-12,84.68,742
6775,Brescia v.Triumplina,Biossido di Azoto,2002-01,90.40,736
6775,Brescia v.Triumplina,Biossido di Azoto,2002-02,85.23,669
6775,Brescia v.Triumplina,Biossido di Azoto,2002-03,90.27,743
6775,Brescia v.Triumplina,Biossido di Azoto,2002-04,95.35,689
6775,Brescia v.Triumplina,Biossido di Azoto,2002-05,69.27,738
6775,Brescia v.Triumplina,Biossido di Azoto,2002-06,62.72,665
6775,Brescia v.Triumplina,Biossido di Azoto,2002-07,62.84,526
6775,Brescia v.Triumplina,Biossido di Azoto,2002-08,59.23,368
6775,Brescia v.Triumplina,Biossido di Azoto,2002-09,63.30,696
6775,Brescia v.Triumplina,Biossido di Azoto,2002-10,52.76,624
6775,Brescia v.Triumplina,Biossido di Azoto,2002-11,31.87,680
6775,Brescia v.Triumplina,Biossido di Azoto,2002-12,39.87,692
6775,Brescia v.Triumplina,Biossido di Azoto,2003-01,51.68,639
6775,Brescia v.Triumplina,Biossido di Azoto,2003-02,73.29,631
6775,Brescia v.Triumplina,Biossido di Azoto,2003-03,91.90,629
6775,Brescia v.Triumplina,Biossido di Azoto,2003-04,41.11,436
6775,Brescia v.Triumplina,Biossido di Azoto,2003-05,64.22,346
6775,Brescia v.Triumplina,Biossido di Azoto,2003-06,92.68,306
6775,Brescia v.Triumplina,Biossido di Azoto,2003-07,82.90,542
6775,Brescia v.Triumplina,Biossido di Azoto,2003-08,93.81,257
6775,Brescia v.Triumplina,Biossido di Azoto,2003-09,87.07,521
6775,Brescia v.Triumplina,Biossido di Azoto,2003-10,62.19,458
6775,Brescia v.Triumplina,Biossido di Azoto,2003-11,63.55,480
6775,Brescia v.Triumplina,Biossido di Azoto,2003-12,59.27,656
6775,Brescia v.Triumplina,Biossido di Azoto,2004-01,87.79,675
6775,Brescia v.Triumplina,Biossido di Azoto,2004-02,88.95,667
6775,Brescia v.Triumplina,Biossido di Azoto,2004-03,104.43,744
6775,Brescia v.Triumplina,Biossido di Azoto,2004-04,75.15,565
6775,Brescia v.Triumplina,Biossido di Azoto,2004-05,31.95,744
6775,Brescia v.Triumplina,Biossido di Azoto,2004-06,38.41,599
6775,Brescia v.Triumplina,Biossido di Azoto,2004-07,61.21,585
6775,Brescia v.Triumplina,Biossido di Azoto,2004-08,44.30,744
6775,Brescia v.Triumplina,Biossido di Azoto,2004-09,56.09,573
6775,Brescia v.Triumplina,Biossido di Azoto,2004-10,46.02,733
6775,Brescia v.Triumplina,Biossido di Azoto,2004-11,43.18,719
6775,Brescia v.Triumplina,Biossido di Azoto,2004-12,47.61,743
6775,Brescia v.Triumplina,Biossido di Azoto,2005-01,60.95,744
6775,Brescia v.Triumplina,Biossido di Azoto,2005-02,108.24,544
6775,Brescia v.Triumplina,Biossido di Azoto,2005-03,114.01,731
6775,Brescia v.Triumplina,Biossido di Azoto,2005-04,71.15,695
6775,Brescia v.Triumplina,Biossido di Azoto,2005-05,63.75,744
6775,Brescia v.Triumplina,Biossido di Azoto,2005-06,67.34,719
6775,Brescia v.Triumplina,Biossido di Azoto,2005-07,63.69,721
6775,Brescia v.Triumplina,Biossido di Azoto,2005-08,46.07,744
6775,Brescia v.Triumplina,Biossido di Azoto,2005-09,53.92,604
6775,Brescia v.Triumplina,Biossido di Azoto,2005-10,37.35,433
6777,Brescia v.Triumplina,Monossido di Carbonio,2000-01,0.25,24
6777,Brescia v.Triumplina,Monossido di Carbonio,2000-04,1.02,352
6777,Brescia v.Triumplina,Monossido di Carbonio,2000-05,0.79,676
6777,Brescia v.Triumplina,Monossido di Carbonio,2000-06,0.79,718
6777,Brescia v.Triumplina,Monossido di Carbonio,2000-07,0.96,685
6777,Brescia v.Triumplina,Monossido di Carbonio,2000-08,1.07,741
6777,Brescia v.Triumplina,Monossido di Carbonio,2000-09,0.67,720
6777,Brescia v.Triumplina,Monossido di Carbonio,2000-10,0.97,743
6777,Brescia v.Triumplina,Monossido di Carbonio,2000-11,1.25,691
6777,Brescia v.Triumplina,Monossido di Carbonio,2000-12,1.44,743
6777,Brescia v.Triumplina,Monossido di Carbonio,2001-01,1.63,744
6777,Brescia v.Triumplina,Monossido di Carbonio,2001-02,1.29,671
6777,Brescia v.Triumplina,Monossido di Carbonio,2001-03,1.55,596
6777,Brescia v.Triumplina,Monossido di Carbonio,2001-04,0.66,691
6777,Brescia v.Triumplina,Monossido di Carbonio,2001-05,0.68,743
6777,Brescia v.Triumplina,Monossido di Carbonio,2001-06,0.52,709
6777,Brescia v.Triumplina,Monossido di Carbonio,2001-07,0.55,622
6777,Brescia v.Triumplina,Monossido di Carbonio,2001-08,0.38,451
6777,Brescia v.Triumplina,Monossido di Carbonio,2001-09,0.53,251
6777,Brescia v.Triumplina,Monossido di Carbonio,2001-10,0.89,722
6777,Brescia v.Triumplina,Monossido di Carbonio,2001-11,1.43,720
6777,Brescia v.Triumplina,Monossido di Carbonio,2001-12,1.68,348
6777,Brescia v.Triumplina,Monossido di Carbonio,2002-01,1.31,79
6777,Brescia v.Triumplina,Monossido di Carbonio,2002-02,1.29,474
6777,Brescia v.Triumplina,Monossido di Carbonio,2002-03,0.94,712
6777,Brescia v.Triumplina,Monossido di Carbonio,2002-04,0.74,684
6777,Brescia v.Triumplina,Monossido di Carbonio,2002-05,0.43,634
6777,Brescia v.Triumplina,Monossido di Carbonio,2002-06,0.51,464
6777,Brescia v.Triumplina,Monossido di Carbonio,2002-07,0.56,20
6777,Brescia v.Triumplina,Monossido di Carbonio,2002-09,0.55,624
6777,Brescia v.Triumplina,Monossido di Carbonio,2002-10,0.72,660
6777,Brescia v.Triumplina,Monossido di Carbonio,2002-11,0.76,682
6777,Brescia v.Triumplina,Monossido di Carbonio,2002-12,0.92,659
6777,Brescia v.Triumplina,Monossido di Carbonio,2003-01,0.88,607
6777,Brescia v.Triumplina,Monossido di Carbonio,2003-02,0.76,636
6777,Brescia v.Triumplina,Monossido di Carbonio,2003-03,0.72,358
6777,Brescia v.Triumplina,Monossido di Carbonio,2003-04,0.62,561
6777,Brescia v.Triumplina,Monossido di Carbonio,2003-05,0.53,595
6777,Brescia v.Triumplina,Monossido di Carbonio,2003-06,0.60,503
6777,Brescia v.Triumplina,Monossido di Carbonio,2003-07,0.85,564
6777,Brescia v.Triumplina,Monossido di Carbonio,2003-08,0.88,274
6777,Brescia v.Triumplina,Monossido di Carbonio,2003-09,0.84,570
6777,Brescia v.Triumplina,Monossido di Carbonio,2003-10,1.17,273
6777,Brescia v.Triumplina,Monossido di Carbonio,2003-11,1.27,458
6777,Brescia v.Triumplina,Monossido di Carbonio,2003-12,1.43,421
6777,Brescia v.Triumplina,Monossido di Carbonio,2004-01,0.73,24
6777,Brescia v.Triumplina,Monossido di Carbonio,2004-02,1.15,8
6777,Brescia v.Triumplina,Monossido di Carbonio,2004-03,3.42,51
6777,Brescia v.Triumplina,Monossido di Carbonio,2004-04,0.71,568
6777,Brescia v.Triumplina,Monossido di Carbonio,2004-05,0.46,744
6777,Brescia v.Triumplina,Monossido di Carbonio,2004-06,0.46,656
6777,Brescia v.Triumplina,Monossido di Carbonio,2004-07,0.48,738
6777,Brescia v.Triumplina,Monossido di Carbonio,2004-08,0.37,744
6777,Brescia v.Triumplina,Monossido di Carbonio,2004-09,0.51,656
6777,Brescia v.Triumplina,Monossido di Carbonio,2004-10,0.79,744
6777,Brescia v.Triumplina,Monossido di Carbonio,2004-11,1.01,719
6777,Brescia v.Triumplina,Monossido di Carbonio,2004-12,1.29,743
6777,Brescia v.Triumplina,Monossido di Carbonio,2005-01,1.48,744
6777,Brescia v.Triumplina,Monossido di Carbonio,2005-02,1.13,588
6777,Brescia v.Triumplina,Monossido di Carbonio,2005-03,1.18,731
6777,Brescia v.Triumplina,Monossido di Carbonio,2005-04,0.79,600
6777,Brescia v.Triumplina,Monossido di Carbonio,2005-05,0.78,657
6777,Brescia v.Triumplina,Monossido di Carbonio,2005-06,0.71,718
6777,Brescia v.Triumplina,Monossido di Carbonio,2005-07,1.09,725
6777,Brescia v.Triumplina,Monossido di Carbonio,2005-08,0.95,744
6777,Brescia v.Triumplina,Monossido di Carbonio,2005-09,1.10,704
6777,Brescia v.Triumplina,Monossido di Carbonio,2005-10,1.27,433
6779,Brescia v.Triumplina,Ossidi di Azoto,2000-01,147.20,24
6779,Brescia v.Triumplina,Ossidi di Azoto,2000-04,247.01,404
6779,Brescia v.Triumplina,Ossidi di Azoto,2000-05,209.29,485
6779,Brescia v.Triumplina,Ossidi di Azoto,2000-06,132.68,398
6779,Brescia v.Triumplina,Ossidi di Azoto,2000-07,133.82,450
6779,Brescia v.Triumplina,Ossidi di Azoto,2000-08,121.79,365
6779,Brescia v.Triumplina,Ossidi di Azoto,2000-09,172.08,658
6779,Brescia v.Triumplina,Ossidi di Azoto,2000-10,240.01,556
6779,Brescia v.Triumplina,Ossidi di Azoto,2000-11,311.17,584
6779,Brescia v.Triumplina,Ossidi di Azoto,2000-12,392.16,540
6779,Brescia v.Triumplina,Ossidi di Azoto,2001-01,389.66,497
6779,Brescia v.Triumplina,Ossidi di Azoto,2001-02,352.01,612
6779,Brescia v.Triumplina,Ossidi di Azoto,2001-03,216.84,580
6779,Brescia v.Triumplina,Ossidi di Azoto,2001-04,153.97,425
6779,Brescia v.Triumplina,Ossidi di Azoto,2001-05,112.79,379
6779,Brescia v.Triumplina,Ossidi di Azoto,2001-06,154.04,593
6779,Brescia v.Triumplina,Ossidi di Azoto,2001-07,131.26,592
6779,Brescia v.Triumplina,Ossidi di Azoto,2001-08,104.58,483
6779,Brescia v.Triumplina,Ossidi di Azoto,2001-09,206.90,154
6779,Brescia v.Triumplina,Ossidi di Azoto,2001-10,228.73,694
6779,Brescia v.Triumplina,Ossidi di Azoto,2001-11,261.43,720
6779,Brescia v.Triumplina,Ossidi di Azoto,2001-12,361.55,742
6779,Brescia v.Triumplina,Ossidi di Azoto,2002-01,348.55,736
6779,Brescia v.Triumplina,Ossidi di Azoto,2002-02,301.93,669
6779,Brescia v.Triumplina,Ossidi di Azoto,2002-03,200.68,743
6779,Brescia v.Triumplina,Ossidi di Azoto,2002-04,181.13,689
6779,Brescia v.Triumplina,Ossidi di Azoto,2002-05,218.84,738
6779,Brescia v.Triumplina,Ossidi di Azoto,2002-06,226.41,665
6779,Brescia v.Triumplina,Ossidi di Azoto,2002-07,196.68,525
6779,Brescia v.Triumplina,Ossidi di Azoto,2002-08,120.12,368
6779,Brescia v.Triumplina,Ossidi di Azoto,2002-09,92.87,696
6779,Brescia v.Triumplina,Ossidi di Azoto,2002-10,141.61,624
6779,Brescia v.Triumplina,Ossidi di Azoto,2002-11,185.13,679
6779,Brescia v.Triumplina,Ossidi di Azoto,2002-12,284.13,692
6779,Brescia v.Triumplina,Ossidi di Azoto,2003-01,260.35,638
6779,Brescia v.Triumplina,Ossidi di Azoto,2003-02,216.48,627
6779,Brescia v.Triumplina,Ossidi di Azoto,2003-03,240.08,623
6779,Brescia v.Triumplina,Ossidi di Azoto,2003-04,107.85,434
6779,Brescia v.Triumplina,Ossidi di Azoto,2003-05,111.93,344
6779,Brescia v.Triumplina,Ossidi di Azoto,2003-06,160.09,305
6779,Brescia v.Triumplina,Ossidi di Azoto,2003-07,203.08,535
6779,Brescia v.Triumplina,Ossidi di Azoto,2003-08,233.57,250
6779,Brescia v.Triumplina,Ossidi di Azoto,2003-09,215.33,520
6779,Brescia v.Triumplina,Ossidi di Azoto,2003-10,155.20,467
6779,Brescia v.Triumplina,Ossidi di Azoto,2003-11,231.23,484
6779,Brescia v.Triumplina,Ossidi di Azoto,2003-12,226.69,656
6779,Brescia v.Triumplina,Ossidi di Azoto,2004-01,263.39,675
6779,Brescia v.Triumplina,Ossidi di Azoto,2004-02,278.79,667
6779,Brescia v.Triumplina,Ossidi di Azoto,2004-03,274.10,744
6779,Brescia v.Triumplina,Ossidi di Azoto,2004-04,132.98,565
6779,Brescia v.Triumplina,Ossidi di Azoto,2004-05,65.41,744
6779,Brescia v.Triumplina,Ossidi di Azoto,2004-06,71.21,599
6779,Brescia v.Triumplina,Ossidi di Azoto,2004-07,113.59,585
6779,Brescia v.Triumplina,Ossidi di Azoto,2004-08,84.40,744
6779,Brescia v.Triumplina,Ossidi di Azoto,2004-09,128.15,573
6779,Brescia v.Triumplina,Ossidi di Azoto,2004-10,164.90,733
6779,Brescia v.Triumplina,Ossidi di Azoto,2004-11,188.02,719
6779,Brescia v.Triumplina,Ossidi di Azoto,2004-12,253.40,743
6779,Brescia v.Triumplina,Ossidi di Azoto,2005-01,267.70,744
6779,Brescia v.Triumplina,Ossidi di Azoto,2005-02,255.56,544
6779,Brescia v.Triumplina,Ossidi di Azoto,2005-03,183.65,731
6779,Brescia v.Triumplina,Ossidi di Azoto,2005-04,130.06,695
6779,Brescia v.Triumplina,Ossidi di Azoto,2005-05,123.02,744
6779,Brescia v.Triumplina,Ossidi di Azoto,2005-06,130.11,719
6779,Brescia v.Triumplina,Ossidi di Azoto,2005-07,128.25,721
6779,Brescia v.Triumplina,Ossidi di Azoto,2005-08,110.30,744
6779,Brescia v.Triumplina,Ossidi di Azoto,2005-09,133.42,604
6779,Brescia v.Triumplina,Ossidi di Azoto,2005-10,97.42,409
6781,Brescia v.Turati,Biossido di Azoto,2000-01,121.77,683
6781,Brescia v.Turati,Biossido di Azoto,2000-02,121.27,638
6781,Brescia v.Turati,Biossido di Azoto,2000-03,108.24,331
6781,Brescia v.Turati,Biossido di Azoto,2000-04,82.31,566
6781,Brescia v.Turati,Biossido di Azoto,2000-05,82.26,387
6781,Brescia v.Turati,Biossido di Azoto,2000-06,121.84,9
6781,Brescia v.Turati,Biossido di Azoto,2000-07,85.25,229
6781,Brescia v.Turati,Biossido di Azoto,2000-08,96.23,205
6781,Brescia v.Turati,Biossido di Azoto,2000-09,93.02,325
6781,Brescia v.Turati,Biossido di Azoto,2000-10,82.42,620
6781,Brescia v.Turati,Biossido di Azoto,2000-11,68.51,593
6781,Brescia v.Turati,Biossido di Azoto,2000-12,72.46,648
6781,Brescia v.Turati,Biossido di Azoto,2001-01,85.13,359
6781,Brescia v.Turati,Biossido di Azoto,2001-02,82.78,604
6781,Brescia v.Turati,Biossido di Azoto,2001-03,93.02,578
6781,Brescia v.Turati,Biossido di Azoto,2001-04,87.34,654
6781,Brescia v.Turati,Biossido di Azoto,2001-05,88.37,660
6781,Brescia v.Turati,Biossido di Azoto,2001-06,78.34,545
6781,Brescia v.Turati,Biossido di Azoto,2001-07,71.30,671
6781,Brescia v.Turati,Biossido di Azoto,2001-08,66.65,655
6781,Brescia v.Turati,Biossido di Azoto,2001-09,51.28,584
6781,Brescia v.Turati,Biossido di Azoto,2001-10,27.66,459
6781,Brescia v.Turati,Biossido di Azoto,2002-01,0.85,4
6781,Brescia v.Turati,Biossido di Azoto,2002-02,103.28,76
6781,Brescia v.Turati,Biossido di Azoto,2002-03,59.48,680
6781,Brescia v.Turati,Biossido di Azoto,2002-04,43.52,643
6781,Brescia v.Turati,Biossido di Azoto,2002-05,91.06,623
6781,Brescia v.Turati,Biossido di Azoto,2002-06,114.39,506
6781,Brescia v.Turati,Biossido di Azoto,2002-07,107.75,235
6781,Brescia v.Turati,Biossido di Azoto,2002-09,92.23,628
6781,Brescia v.Turati,Biossido di Azoto,2002-10,94.45,576
6781,Brescia v.Turati,Biossido di Azoto,2002-11,79.07,633
6781,Brescia v.Turati,Biossido di Azoto,2002-12,73.74,618
6781,Brescia v.Turati,Biossido di Azoto,2003-01,83.67,664
6781,Brescia v.Turati,Biossido di Azoto,2003-02,101.88,522
6781,Brescia v.Turati,Biossido di Azoto,2003-03,105.18,373
6781,Brescia v.Turati,Biossido di Azoto,2003-06,125.43,328
6781,Brescia v.Turati,Biossido di Azoto,2003-07,110.26,586
6781,Brescia v.Turati,Biossido di Azoto,2003-08,120.11,249
6781,Brescia v.Turati,Biossido di Azoto,2003-09,107.39,362
6781,Brescia v.Turati,Biossido di Azoto,2003-10,77.98,585
6781,Brescia v.Turati,Biossido di Azoto,2003-11,73.82,589
6781,Brescia v.Turati,Biossido di Azoto,2003-12,97.35,695
6781,Brescia v.Turati,Biossido di Azoto,2004-01,87.30,689
6781,Brescia v.Turati,Biossido di Azoto,2004-02,95.56,666
6781,Brescia v.Turati,Biossido di Azoto,2004-03,86.53,736
6781,Brescia v.Turati,Biossido di Azoto,2004-04,78.37,718
6781,Brescia v.Turati,Biossido di Azoto,2004-05,72.41,742
6781,Brescia v.Turati,Biossido di Azoto,2004-06,70.35,710
6781,Brescia v.Turati,Biossido di Azoto,2004-07,62.66,733
6781,Brescia v.Turati,Biossido di Azoto,2004-08,41.83,495
6781,Brescia v.Turati,Biossido di Azoto,2004-09,94.14,718
6781,Brescia v.Turati,Biossido di Azoto,2004-10,89.29,744
6781,Brescia v.Turati,Biossido di Azoto,2004-11,92.59,719
6781,Brescia v.Turati,Biossido di Azoto,2004-12,90.77,685
6781,Brescia v.Turati,Biossido di Azoto,2005-01,88.70,744
6781,Brescia v.Turati,Biossido di Azoto,2005-02,87.96,642
6781,Brescia v.Turati,Biossido di Azoto,2005-03,103.04,743
6781,Brescia v.Turati,Biossido di Azoto,2005-04,105.84,615
6781,Brescia v.Turati,Biossido di Azoto,2005-05,101.76,744
6781,Brescia v.Turati,Biossido di Azoto,2005-06,99.64,693
6781,Brescia v.Turati,Biossido di Azoto,2005-07,89.52,738
6781,Brescia v.Turati,Biossido di Azoto,2005-08,72.50,743
6781,Brescia v.Turati,Biossido di Azoto,2005-09,90.72,698
6781,Brescia v.Turati,Biossido di Azoto,2005-10,81.26,742
6781,Brescia v.Turati,Biossido di Azoto,2005-11,96.90,720
6781,Brescia v.Turati,Biossido di Azoto,2005-12,116.18,738
6781,Brescia v.Turati,Biossido di Azoto,2006-01,139.81,744
6781,Brescia v.Turati,Biossido di Azoto,2006-02,116.97,672
6781,Brescia v.Turati,Biossido di Azoto,2006-03,92.72,742
6781,Brescia v.Turati,Biossido di Azoto,2006-04,92.83,720
6781,Brescia v.Turati,Biossido di Azoto,2006-05,93.56,743
6781,Brescia v.Turati,Biossido di Azoto,2006-06,98.25,720
6781,Brescia v.Turati,Biossido di Azoto,2006-07,72.53,742
6781,Brescia v.Turati,Biossido di Azoto,2006-08,46.68,744
6781,Brescia v.Turati,Biossido di Azoto,2006-09,84.30,701
6781,Brescia v.Turati,Biossido di Azoto,2006-10,97.66,707
6781,Brescia v.Turati,Biossido di Azoto,2006-11,122.98,720
6781,Brescia v.Turati,Biossido di Azoto,2006-12,113.30,744
6781,Brescia v.Turati,Biossido di Azoto,2007-01,113.02,709
6781,Brescia v.Turati,Biossido di Azoto,2007-02,137.52,198
6781,Brescia v.Turati,Biossido di Azoto,2007-03,112.66,738
6781,Brescia v.Turati,Biossido di Azoto,2007-04,100.85,718
6781,Brescia v.Turati,Biossido di Azoto,2007-05,80.74,744
6781,Brescia v.Turati,Biossido di Azoto,2007-06,53.59,720
6781,Brescia v.Turati,Biossido di Azoto,2007-07,70.25,665
6781,Brescia v.Turati,Biossido di Azoto,2007-08,56.83,248
6781,Brescia v.Turati,Biossido di Azoto,2007-10,74.82,27
6781,Brescia v.Turati,Biossido di Azoto,2008-02,85.63,420
6781,Brescia v.Turati,Biossido di Azoto,2008-03,80.90,740
6781,Brescia v.Turati,Biossido di Azoto,2008-04,78.38,718
6781,Brescia v.Turati,Biossido di Azoto,2008-05,54.90,739
6781,Brescia v.Turati,Biossido di Azoto,2008-06,40.75,710
6781,Brescia v.Turati,Biossido di Azoto,2008-07,59.19,743
6781,Brescia v.Turati,Biossido di Azoto,2008-08,56.95,744
6781,Brescia v.Turati,Biossido di Azoto,2008-09,65.78,720
6781,Brescia v.Turati,Biossido di Azoto,2008-10,72.49,743
6781,Brescia v.Turati,Biossido di Azoto,2008-11,77.74,720
6781,Brescia v.Turati,Biossido di Azoto,2008-12,82.77,744
6781,Brescia v.Turati,Biossido di Azoto,2009-01,91.72,743
6781,Brescia v.Turati,Biossido di Azoto,2009-02,80.94,671
6781,Brescia v.Turati,Biossido di Azoto,2009-03,71.54,744
6781,Brescia v.Turati,Biossido di Azoto,2009-04,57.93,720
6781,Brescia v.Turati,Biossido di Azoto,2009-05,67.60,743
6781,Brescia v.Turati,Biossido di Azoto,2009-06,58.70,718
6781,Brescia v.Turati,Biossido di Azoto,2009-07,54.64,742
6781,Brescia v.Turati,Biossido di Azoto,2009-08,45.08,589
6781,Brescia v.Turati,Biossido di Azoto,2009-09,61.98,719
6781,Brescia v.Turati,Biossido di Azoto,2009-10,60.50,742
6781,Brescia v.Turati,Biossido di Azoto,2009-11,52.47,673
6781,Brescia v.Turati,Biossido di Azoto,2009-12,73.43,743
6781,Brescia v.Turati,Biossido di Azoto,2010-01,64.60,1
6781,Brescia v.Turati,Biossido di Azoto,2010-01,82.60,743
6781,Brescia v.Turati,Biossido di Azoto,2010-02,84.38,671
6781,Brescia v.Turati,Biossido di Azoto,2010-03,72.38,638
6781,Brescia v.Turati,Biossido di Azoto,2010-04,65.03,705
6781,Brescia v.Turati,Biossido di Azoto,2010-05,64.57,720
6781,Brescia v.Turati,Biossido di Azoto,2010-06,57.46,717
6781,Brescia v.Turati,Biossido di Azoto,2010-07,61.03,743
6781,Brescia v.Turati,Biossido di Azoto,2010-08,51.60,741
6781,Brescia v.Turati,Biossido di Azoto,2010-09,58.07,692
6781,Brescia v.Turati,Biossido di Azoto,2010-10,58.84,717
6781,Brescia v.Turati,Biossido di Azoto,2010-11,61.75,713
6781,Brescia v.Turati,Biossido di Azoto,2010-12,90.67,705
6781,Brescia v.Turati,Biossido di Azoto,2011-01,82.53,735
6781,Brescia v.Turati,Biossido di Azoto,2011-02,85.12,664
6781,Brescia v.Turati,Biossido di Azoto,2011-03,72.55,647
6781,Brescia v.Turati,Biossido di Azoto,2011-04,68.19,711
6781,Brescia v.Turati,Biossido di Azoto,2011-05,61.48,703
6781,Brescia v.Turati,Biossido di Azoto,2011-06,50.31,715
6781,Brescia v.Turati,Biossido di Azoto,2011-07,50.92,724
6781,Brescia v.Turati,Biossido di Azoto,2011-08,52.92,721
6781,Brescia v.Turati,Biossido di Azoto,2011-09,66.35,711
6781,Brescia v.Turati,Biossido di Azoto,2011-10,81.28,725
6781,Brescia v.Turati,Biossido di Azoto,2011-11,78.08,712
6781,Brescia v.Turati,Biossido di Azoto,2011-12,88.29,743
6781,Brescia v.Turati,Biossido di Azoto,2012-01,84.48,744
6781,Brescia v.Turati,Biossido di Azoto,2012-02,91.20,689
6781,Brescia v.Turati,Biossido di Azoto,2012-03,74.51,726
6781,Brescia v.Turati,Biossido di Azoto,2012-04,60.39,700
6781,Brescia v.Turati,Biossido di Azoto,2012-05,67.88,708
6781,Brescia v.Turati,Biossido di Azoto,2012-06,62.04,715
6781,Brescia v.Turati,Biossido di Azoto,2012-07,58.45,741
6781,Brescia v.Turati,Biossido di Azoto,2012-08,51.67,739
6781,Brescia v.Turati,Biossido di Azoto,2012-09,57.31,715
6781,Brescia v.Turati,Biossido di Azoto,2012-10,68.30,736
6781,Brescia v.Turati,Biossido di Azoto,2012-11,83.81,699
6781,Brescia v.Turati,Biossido di Azoto,2012-12,91.31,721
6781,Brescia v.Turati,Biossido di Azoto,2013-01,74.53,700
6781,Brescia v.Turati,Biossido di Azoto,2013-02,66.99,653
6781,Brescia v.Turati,Biossido di Azoto,2013-03,66.05,703
6781,Brescia v.Turati,Biossido di Azoto,2013-04,60.09,719
6781,Brescia v.Turati,Biossido di Azoto,2013-05,77.95,730
6781,Brescia v.Turati,Biossido di Azoto,2013-06,54.59,603
6781,Brescia v.Turati,Biossido di Azoto,2013-07,55.95,535
6781,Brescia v.Turati,Biossido di Azoto,2013-08,53.92,721
6781,Brescia v.Turati,Biossido di Azoto,2013-09,66.70,711
6781,Brescia v.Turati,Biossido di Azoto,2013-10,60.37,732
6781,Brescia v.Turati,Biossido di Azoto,2013-11,70.75,717
6781,Brescia v.Turati,Biossido di Azoto,2013-12,86.79,743
6781,Brescia v.Turati,Biossido di Azoto,2014-01,74.38,744
6781,Brescia v.Turati,Biossido di Azoto,2014-02,72.80,672
6781,Brescia v.Turati,Biossido di Azoto,2014-03,74.96,743
6781,Brescia v.Turati,Biossido di Azoto,2014-04,61.74,720
6781,Brescia v.Turati,Biossido di Azoto,2014-05,80.87,743
6781,Brescia v.Turati,Biossido di Azoto,2014-06,62.19,717
6781,Brescia v.Turati,Biossido di Azoto,2014-07,58.01,743
6781,Brescia v.Turati,Biossido di Azoto,2014-08,52.40,744
6781,Brescia v.Turati,Biossido di Azoto,2014-09,66.06,719
6781,Brescia v.Turati,Biossido di Azoto,2014-10,67.41,744
6781,Brescia v.Turati,Biossido di Azoto,2014-11,62.00,719
6781,Brescia v.Turati,Biossido di Azoto,2014-12,69.90,744
6781,Brescia v.Turati,Biossido di Azoto,2015-01,81.53,743
6781,Brescia v.Turati,Biossido di Azoto,2015-02,81.81,521
6781,Brescia v.Turati,Biossido di Azoto,2015-03,65.26,743
6781,Brescia v.Turati,Biossido di Azoto,2015-04,66.21,720
6781,Brescia v.Turati,Biossido di Azoto,2015-05,59.72,427
6781,Brescia v.Turati,Biossido di Azoto,2015-06,63.32,718
6781,Brescia v.Turati,Biossido di Azoto,2015-07,70.29,735
6781,Brescia v.Turati,Biossido di Azoto,2015-08,56.88,744
6781,Brescia v.Turati,Biossido di Azoto,2015-09,54.91,694
6781,Brescia v.Turati,Biossido di Azoto,2015-10,60.96,743
6781,Brescia v.Turati,Biossido di Azoto,2015-11,74.51,718
6781,Brescia v.Turati,Biossido di Azoto,2015-12,75.11,742
6781,Brescia v.Turati,Biossido di Azoto,2016-01,79.81,744
6781,Brescia v.Turati,Biossido di Azoto,2016-02,63.48,695
6781,Brescia v.Turati,Biossido di Azoto,2016-03,53.39,719
6781,Brescia v.Turati,Biossido di Azoto,2016-04,46.76,710
6781,Brescia v.Turati,Biossido di Azoto,2016-05,53.00,743
6781,Brescia v.Turati,Biossido di Azoto,2016-06,52.79,718
6781,Brescia v.Turati,Biossido di Azoto,2016-07,56.85,743
6781,Brescia v.Turati,Biossido di Azoto,2016-08,47.13,743
6781,Brescia v.Turati,Biossido di Azoto,2016-09,59.24,719
6781,Brescia v.Turati,Biossido di Azoto,2016-10,53.77,741
6781,Brescia v.Turati,Biossido di Azoto,2016-11,60.68,719
6781,Brescia v.Turati,Biossido di Azoto,2016-12,74.77,744
6781,Brescia v.Turati,Biossido di Azoto,2017-01,77.09,741
6781,Brescia v.Turati,Biossido di Azoto,2017-02,67.13,671
6781,Brescia v.Turati,Biossido di Azoto,2017-03,64.26,744
6781,Brescia v.Turati,Biossido di Azoto,2017-04,58.69,662
6781,Brescia v.Turati,Biossido di Azoto,2017-05,54.05,710
6781,Brescia v.Turati,Biossido di Azoto,2017-06,64.81,720
6781,Brescia v.Turati,Biossido di Azoto,2017-07,58.74,744
6781,Brescia v.Turati,Biossido di Azoto,2017-08,48.90,743
6781,Brescia v.Turati,Biossido di Azoto,2017-09,51.70,718
6781,Brescia v.Turati,Biossido di Azoto,2017-10,61.88,742
6781,Brescia v.Turati,Biossido di Azoto,2017-11,63.80,719
6781,Brescia v.Turati,Biossido di Azoto,2017-12,69.43,738
6781,Brescia v.Turati,Biossido di Azoto,2018-01,48.20,1
6781,Brescia v.Turati,Biossido di Azoto,2018-01,59.98,700
6781,Brescia v.Turati,Biossido di Azoto,2018-02,71.22,672
6781,Brescia v.Turati,Biossido di Azoto,2018-03,67.34,744
6781,Brescia v.Turati,Biossido di Azoto,2018-04,58.87,719
6781,Brescia v.Turati,Biossido di Azoto,2018-05,53.26,744
6781,Brescia v.Turati,Biossido di Azoto,2018-06,51.57,719
6781,Brescia v.Turati,Biossido di Azoto,2018-07,51.14,743
6781,Brescia v.Turati,Biossido di Azoto,2018-08,46.14,743
6781,Brescia v.Turati,Biossido di Azoto,2018-09,53.76,719
6781,Brescia v.Turati,Biossido di Azoto,2018-10,53.04,735
6781,Brescia v.Turati,Biossido di Azoto,2018-11,54.77,718
6781,Brescia v.Turati,Biossido di Azoto,2018-12,69.42,743
6781,Brescia v.Turati,Biossido di Azoto,2019-01,76.04,744
6781,Brescia v.Turati,Biossido di Azoto,2019-02,76.29,671
6781,Brescia v.Turati,Biossido di Azoto,2019-03,64.86,743
6781,Brescia v.Turati,Biossido di Azoto,2019-04,68.95,719
6781,Brescia v.Turati,Biossido di Azoto,2019-05,60.40,731
6781,Brescia v.Turati,Biossido di Azoto,2019-06,50.92,716
6781,Brescia v.Turati,Biossido di Azoto,2019-07,52.22,736
6781,Brescia v.Turati,Biossido di Azoto,2019-08,42.59,741
6781,Brescia v.Turati,Biossido di Azoto,2019-09,50.37,719
6781,Brescia v.Turati,Biossido di Azoto,2019-10,48.92,743
6781,Brescia v.Turati,Biossido di Azoto,2019-11,47.14,710
6781,Brescia v.Turati,Biossido di Azoto,2019-12,59.74,743
6781,Brescia v.Turati,Biossido di Azoto,2020-01,67.11,744
6781,Brescia v.Turati,Biossido di Azoto,2020-02,58.51,695
6781,Brescia v.Turati,Biossido di Azoto,2020-03,32.77,743
6781,Brescia v.Turati,Biossido di Azoto,2020-04,23.09,719
6781,Brescia v.Turati,Biossido di Azoto,2020-05,30.46,743
6781,Brescia v.Turati,Biossido di Azoto,2020-06,38.25,718
6781,Brescia v.Turati,Biossido di Azoto,2020-07,40.70,739
6781,Brescia v.Turati,Biossido di Azoto,2020-08,37.08,743
6781,Brescia v.Turati,Biossido di Azoto,2020-09,44.91,718
6781,Brescia v.Turati,Biossido di Azoto,2020-10,38.03,734
6781,Brescia v.Turati,Biossido di Azoto,2020-11,40.44,720
6781,Brescia v.Turati,Biossido di Azoto,2020-12,40.81,743
6781,Brescia v.Turati,Biossido di Azoto,2021-01,48.57,743
6781,Brescia v.Turati,Biossido di Azoto,2021-02,43.59,671
6781,Brescia v.Turati,Biossido di Azoto,2021-03,43.18,743
6781,Brescia v.Turati,Biossido di Azoto,2021-04,40.63,719
6781,Brescia v.Turati,Biossido di Azoto,2021-05,34.80,743
6781,Brescia v.Turati,Biossido di Azoto,2021-06,41.17,719
6781,Brescia v.Turati,Biossido di Azoto,2021-07,38.36,743
6781,Brescia v.Turati,Biossido di Azoto,2021-08,35.52,744
6781,Brescia v.Turati,Biossido di Azoto,2021-09,41.78,718
6781,Brescia v.Turati,Biossido di Azoto,2021-10,38.81,741
6781,Brescia v.Turati,Biossido di Azoto,2021-11,39.19,717
6781,Brescia v.Turati,Biossido di Azoto,2021-12,45.49,742
6781,Brescia v.Turati,Biossido di Azoto,2022-01,48.66,727
6781,Brescia v.Turati,Biossido di Azoto,2022-02,46.78,667
6781,Brescia v.Turati,Biossido di Azoto,2022-03,46.62,731
6781,Brescia v.Turati,Biossido di Azoto,2022-04,34.70,718
6781,Brescia v.Turati,Biossido di Azoto,2022-05,36.48,723
6781,Brescia v.Turati,Biossido di Azoto,2022-06,34.85,718
6781,Brescia v.Turati,Biossido di Azoto,2022-07,33.82,743
6781,Brescia v.Turati,Biossido di Azoto,2022-08,29.78,744
6781,Brescia v.Turati,Biossido di Azoto,2022-09,32.40,716
6781,Brescia v.Turati,Biossido di Azoto,2022-10,35.71,680
6781,Brescia v.Turati,Biossido di Azoto,2022-11,33.30,717
6781,Brescia v.Turati,Biossido di Azoto,2022-12,28.77,741
6781,Brescia v.Turati,Biossido di Azoto,2023-01,34.77,485
6781,Brescia v.Turati,Biossido di Azoto,2023-02,50.98,670
6781,Brescia v.Turati,Biossido di Azoto,2023-03,46.86,741
6781,Brescia v.Turati,Biossido di Azoto,2023-04,39.87,660
6781,Brescia v.Turati,Biossido di Azoto,2023-05,38.81,704
6781,Brescia v.Turati,Biossido di Azoto,2023-06,39.92,718
6781,Brescia v.Turati,Biossido di Azoto,2023-07,35.87,743
6781,Brescia v.Turati,Biossido di Azoto,2023-08,31.10,743
6781,Brescia v.Turati,Biossido di Azoto,2023-09,40.25,720
6781,Brescia v.Turati,Biossido di Azoto,2023-10,39.65,742
6781,Brescia v.Turati,Biossido di Azoto,2023-11,43.89,718
6781,Brescia v.Turati,Biossido di Azoto,2023-12,45.23,744
6781,Brescia v.Turati,Biossido di Azoto,2024-01,44.96,742
6781,Brescia v.Turati,Biossido di Azoto,2024-02,45.37,695
6781,Brescia v.Turati,Biossido di Azoto,2024-03,40.34,743
6781,Brescia v.Turati,Biossido di Azoto,2024-04,38.46,718
6781,Brescia v.Turati,Biossido di Azoto,2024-05,34.79,742
6781,Brescia v.Turati,Biossido di Azoto,2024-06,36.75,719
6781,Brescia v.Turati,Biossido di Azoto,2024-07,34.72,742
6781,Brescia v.Turati,Biossido di Azoto,2024-08,31.91,743
6781,Brescia v.Turati,Biossido di Azoto,2024-09,34.21,720
6781,Brescia v.Turati,Biossido di Azoto,2024-10,29.22,744
6781,Brescia v.Turati,Biossido di Azoto,2024-11,41.47,719
6781,Brescia v.Turati,Biossido di Azoto,2024-12,45.88,742
6781,Brescia v.Turati,Biossido di Azoto,2025-01,42.16,743
6781,Brescia v.Turati,Biossido di Azoto,2025-02,40.67,671
6781,Brescia v.Turati,Biossido di Azoto,2025-03,37.99,742
6781,Brescia v.Turati,Biossido di Azoto,2025-04,34.93,719
6781,Brescia v.Turati,Biossido di Azoto,2025-05,36.11,744
6781,Brescia v.Turati,Biossido di Azoto,2025-06,40.78,717
6781,Brescia v.Turati,Biossido di Azoto,2025-07,31.13,743
6781,Brescia v.Turati,Biossido di Azoto,2025-08,27.29,742
6781,Brescia v.Turati,Biossido di Azoto,2025-09,36.64,714
6781,Brescia v.Turati,Biossido di Azoto,2025-10,40.97,730
6781,Brescia v.Turati,Biossido di Azoto,2025-11,42.31,659
6781,Brescia v.Turati,Biossido di Azoto,2025-12,40.83,741
6781,Brescia v.Turati,Biossido di Azoto,2026-01,33.60,1
6782,Brescia v.Turati,Monossido di Carbonio,2000-01,4.44,711
6782,Brescia v.Turati,Monossido di Carbonio,2000-02,3.74,661
6782,Brescia v.Turati,Monossido di Carbonio,2000-03,3.31,346
6782,Brescia v.Turati,Monossido di Carbonio,2000-04,3.07,570
6782,Brescia v.Turati,Monossido di Carbonio,2000-05,3.21,386
6782,Brescia v.Turati,Monossido di Carbonio,2000-06,2.12,99
6782,Brescia v.Turati,Monossido di Carbonio,2000-07,2.27,240
6782,Brescia v.Turati,Monossido di Carbonio,2000-08,2.03,573
6782,Brescia v.Turati,Monossido di Carbonio,2000-09,2.03,335
6782,Brescia v.Turati,Monossido di Carbonio,2000-10,2.97,640
6782,Brescia v.Turati,Monossido di Carbonio,2000-11,2.91,231
6782,Brescia v.Turati,Monossido di Carbonio,2001-02,2.93,331
6782,Brescia v.Turati,Monossido di Carbonio,2001-03,3.34,597
6782,Brescia v.Turati,Monossido di Carbonio,2001-04,2.02,686
6782,Brescia v.Turati,Monossido di Carbonio,2001-05,2.26,603
6782,Brescia v.Turati,Monossido di Carbonio,2001-06,1.91,532
6782,Brescia v.Turati,Monossido di Carbonio,2001-07,1.66,704
6782,Brescia v.Turati,Monossido di Carbonio,2001-08,1.54,685
6782,Brescia v.Turati,Monossido di Carbonio,2001-09,1.73,275
6782,Brescia v.Turati,Monossido di Carbonio,2001-10,2.36,631
6782,Brescia v.Turati,Monossido di Carbonio,2001-11,2.62,626
6782,Brescia v.Turati,Monossido di Carbonio,2001-12,3.25,160
6782,Brescia v.Turati,Monossido di Carbonio,2002-01,2.60,1
6782,Brescia v.Turati,Monossido di Carbonio,2002-02,2.25,466
6782,Brescia v.Turati,Monossido di Carbonio,2002-03,2.28,577
6782,Brescia v.Turati,Monossido di Carbonio,2002-04,1.95,679
6782,Brescia v.Turati,Monossido di Carbonio,2002-05,2.22,701
6782,Brescia v.Turati,Monossido di Carbonio,2002-06,2.57,522
6782,Brescia v.Turati,Monossido di Carbonio,2002-07,2.80,334
6782,Brescia v.Turati,Monossido di Carbonio,2002-09,2.94,652
6782,Brescia v.Turati,Monossido di Carbonio,2002-10,3.93,607
6782,Brescia v.Turati,Monossido di Carbonio,2002-11,3.34,680
6782,Brescia v.Turati,Monossido di Carbonio,2002-12,3.73,649
6782,Brescia v.Turati,Monossido di Carbonio,2003-01,4.13,702
6782,Brescia v.Turati,Monossido di Carbonio,2003-02,2.82,560
6782,Brescia v.Turati,Monossido di Carbonio,2003-03,2.03,710
6782,Brescia v.Turati,Monossido di Carbonio,2003-04,1.84,685
6782,Brescia v.Turati,Monossido di Carbonio,2003-05,1.73,583
6782,Brescia v.Turati,Monossido di Carbonio,2003-06,1.42,466
6782,Brescia v.Turati,Monossido di Carbonio,2003-07,1.20,636
6782,Brescia v.Turati,Monossido di Carbonio,2003-08,1.52,244
6782,Brescia v.Turati,Monossido di Carbonio,2003-09,2.19,496
6782,Brescia v.Turati,Monossido di Carbonio,2003-10,1.53,519
6782,Brescia v.Turati,Monossido di Carbonio,2003-11,1.82,675
6782,Brescia v.Turati,Monossido di Carbonio,2003-12,2.05,740
6782,Brescia v.Turati,Monossido di Carbonio,2004-01,1.99,715
6782,Brescia v.Turati,Monossido di Carbonio,2004-02,2.14,688
6782,Brescia v.Turati,Monossido di Carbonio,2004-03,1.85,743
6782,Brescia v.Turati,Monossido di Carbonio,2004-04,1.69,719
6782,Brescia v.Turati,Monossido di Carbonio,2004-05,1.67,742
6782,Brescia v.Turati,Monossido di Carbonio,2004-06,2.11,711
6782,Brescia v.Turati,Monossido di Carbonio,2004-07,2.68,733
6782,Brescia v.Turati,Monossido di Carbonio,2004-08,1.18,495
6782,Brescia v.Turati,Monossido di Carbonio,2004-09,1.36,720
6782,Brescia v.Turati,Monossido di Carbonio,2004-10,1.29,743
6782,Brescia v.Turati,Monossido di Carbonio,2004-11,2.28,718
6782,Brescia v.Turati,Monossido di Carbonio,2004-12,2.33,665
6782,Brescia v.Turati,Monossido di Carbonio,2005-01,2.45,695
6782,Brescia v.Turati,Monossido di Carbonio,2005-02,2.03,595
6782,Brescia v.Turati,Monossido di Carbonio,2005-03,2.25,619
6782,Brescia v.Turati,Monossido di Carbonio,2005-04,1.81,350
6782,Brescia v.Turati,Monossido di Carbonio,2005-05,0.77,709
6782,Brescia v.Turati,Monossido di Carbonio,2005-06,1.43,693
6782,Brescia v.Turati,Monossido di Carbonio,2005-07,1.24,728
6782,Brescia v.Turati,Monossido di Carbonio,2005-08,1.15,575
6782,Brescia v.Turati,Monossido di Carbonio,2005-09,0.94,698
6782,Brescia v.Turati,Monossido di Carbonio,2005-10,1.10,743
6782,Brescia v.Turati,Monossido di Carbonio,2005-11,1.67,720
6782,Brescia v.Turati,Monossido di Carbonio,2005-12,1.83,738
6782,Brescia v.Turati,Monossido di Carbonio,2006-01,1.57,744
6782,Brescia v.Turati,Monossido di Carbonio,2006-02,1.24,672
6782,Brescia v.Turati,Monossido di Carbonio,2006-03,0.85,743
6782,Brescia v.Turati,Monossido di Carbonio,2006-04,0.96,720
6782,Brescia v.Turati,Monossido di Carbonio,2006-05,0.77,742
6782,Brescia v.Turati,Monossido di Carbonio,2006-06,0.86,720
6782,Brescia v.Turati,Monossido di Carbonio,2006-07,0.80,742
6782,Brescia v.Turati,Monossido di Carbonio,2006-08,0.44,744
6782,Brescia v.Turati,Monossido di Carbonio,2006-09,0.96,695
6782,Brescia v.Turati,Monossido di Carbonio,2006-10,1.05,743
6782,Brescia v.Turati,Monossido di Carbonio,2006-11,1.48,720
6782,Brescia v.Turati,Monossido di Carbonio,2006-12,1.49,744
6782,Brescia v.Turati,Monossido di Carbonio,2007-01,1.64,709
6782,Brescia v.Turati,Monossido di Carbonio,2007-02,1.26,199
6782,Brescia v.Turati,Monossido di Carbonio,2007-03,1.04,744
6782,Brescia v.Turati,Monossido di Carbonio,2007-04,0.81,720
6782,Brescia v.Turati,Monossido di Carbonio,2007-05,0.81,726
6782,Brescia v.Turati,Monossido di Carbonio,2007-06,0.81,715
6782,Brescia v.Turati,Monossido di Carbonio,2007-07,1.05,701
6782,Brescia v.Turati,Monossido di Carbonio,2007-08,1.05,248
6782,Brescia v.Turati,Monossido di Carbonio,2008-02,1.15,418
6782,Brescia v.Turati,Monossido di Carbonio,2008-03,0.86,741
6782,Brescia v.Turati,Monossido di Carbonio,2008-04,0.83,718
6782,Brescia v.Turati,Monossido di Carbonio,2008-05,0.69,744
6782,Brescia v.Turati,Monossido di Carbonio,2008-06,0.51,719
6782,Brescia v.Turati,Monossido di Carbonio,2008-07,0.56,741
6782,Brescia v.Turati,Monossido di Carbonio,2008-08,0.54,744
6782,Brescia v.Turati,Monossido di Carbonio,2008-09,0.63,720
6782,Brescia v.Turati,Monossido di Carbonio,2008-10,0.88,743
6782,Brescia v.Turati,Monossido di Carbonio,2008-11,1.00,720
6782,Brescia v.Turati,Monossido di Carbonio,2008-12,1.34,744
6782,Brescia v.Turati,Monossido di Carbonio,2009-01,1.67,743
6782,Brescia v.Turati,Monossido di Carbonio,2009-02,1.07,671
6782,Brescia v.Turati,Monossido di Carbonio,2009-03,0.74,742
6782,Brescia v.Turati,Monossido di Carbonio,2009-04,0.61,718
6782,Brescia v.Turati,Monossido di Carbonio,2009-05,0.66,743
6782,Brescia v.Turati,Monossido di Carbonio,2009-06,0.56,719
6782,Brescia v.Turati,Monossido di Carbonio,2009-07,0.47,743
6782,Brescia v.Turati,Monossido di Carbonio,2009-08,0.57,591
6782,Brescia v.Turati,Monossido di Carbonio,2009-09,0.68,719
6782,Brescia v.Turati,Monossido di Carbonio,2009-10,0.72,743
6782,Brescia v.Turati,Monossido di Carbonio,2009-11,0.92,718
6782,Brescia v.Turati,Monossido di Carbonio,2009-12,1.23,743
6782,Brescia v.Turati,Monossido di Carbonio,2010-01,1.40,1
6782,Brescia v.Turati,Monossido di Carbonio,2010-01,1.33,742
6782,Brescia v.Turati,Monossido di Carbonio,2010-02,1.08,670
6782,Brescia v.Turati,Monossido di Carbonio,2010-03,0.81,638
6782,Brescia v.Turati,Monossido di Carbonio,2010-04,0.74,707
6782,Brescia v.Turati,Monossido di Carbonio,2010-05,0.60,721
6782,Brescia v.Turati,Monossido di Carbonio,2010-06,0.53,719
6782,Brescia v.Turati,Monossido di Carbonio,2010-07,0.47,743
6782,Brescia v.Turati,Monossido di Carbonio,2010-08,0.38,743
6782,Brescia v.Turati,Monossido di Carbonio,2010-09,0.79,719
6782,Brescia v.Turati,Monossido di Carbonio,2010-10,0.76,720
6782,Brescia v.Turati,Monossido di Carbonio,2010-11,0.93,672
6782,Brescia v.Turati,Monossido di Carbonio,2010-12,1.72,743
6782,Brescia v.Turati,Monossido di Carbonio,2011-01,1.35,743
6782,Brescia v.Turati,Monossido di Carbonio,2011-02,1.57,671
6782,Brescia v.Turati,Monossido di Carbonio,2011-03,1.18,653
6782,Brescia v.Turati,Monossido di Carbonio,2011-04,1.01,718
6782,Brescia v.Turati,Monossido di Carbonio,2011-05,0.58,658
6782,Brescia v.Turati,Monossido di Carbonio,2011-06,0.60,715
6782,Brescia v.Turati,Monossido di Carbonio,2011-07,0.46,705
6782,Brescia v.Turati,Monossido di Carbonio,2011-08,0.62,624
6782,Brescia v.Turati,Monossido di Carbonio,2011-09,0.67,709
6782,Brescia v.Turati,Monossido di Carbonio,2011-10,0.76,726
6782,Brescia v.Turati,Monossido di Carbonio,2011-11,1.16,631
6782,Brescia v.Turati,Monossido di Carbonio,2011-12,1.65,743
6782,Brescia v.Turati,Monossido di Carbonio,2012-01,1.54,722
6782,Brescia v.Turati,Monossido di Carbonio,2012-02,1.11,686
6782,Brescia v.Turati,Monossido di Carbonio,2012-03,0.91,721
6782,Brescia v.Turati,Monossido di Carbonio,2012-04,0.50,685
6782,Brescia v.Turati,Monossido di Carbonio,2012-05,0.66,691
6782,Brescia v.Turati,Monossido di Carbonio,2012-06,0.61,609
6782,Brescia v.Turati,Monossido di Carbonio,2012-07,0.67,742
6782,Brescia v.Turati,Monossido di Carbonio,2012-08,0.74,737
6782,Brescia v.Turati,Monossido di Carbonio,2012-09,0.99,719
6782,Brescia v.Turati,Monossido di Carbonio,2012-10,0.90,743
6782,Brescia v.Turati,Monossido di Carbonio,2012-11,0.75,701
6782,Brescia v.Turati,Monossido di Carbonio,2012-12,1.09,720
6782,Brescia v.Turati,Monossido di Carbonio,2013-01,1.17,741
6782,Brescia v.Turati,Monossido di Carbonio,2013-02,0.53,647
6782,Brescia v.Turati,Monossido di Carbonio,2013-03,0.77,706
6782,Brescia v.Turati,Monossido di Carbonio,2013-04,0.66,719
6782,Brescia v.Turati,Monossido di Carbonio,2013-05,0.39,738
6782,Brescia v.Turati,Monossido di Carbonio,2013-06,0.47,618
6782,Brescia v.Turati,Monossido di Carbonio,2013-07,0.47,689
6782,Brescia v.Turati,Monossido di Carbonio,2013-08,0.45,744
6782,Brescia v.Turati,Monossido di Carbonio,2013-09,0.46,718
6782,Brescia v.Turati,Monossido di Carbonio,2013-10,0.58,743
6782,Brescia v.Turati,Monossido di Carbonio,2013-11,0.63,718
6782,Brescia v.Turati,Monossido di Carbonio,2013-12,1.48,743
6782,Brescia v.Turati,Monossido di Carbonio,2014-01,1.22,744
6782,Brescia v.Turati,Monossido di Carbonio,2014-02,0.67,672
6782,Brescia v.Turati,Monossido di Carbonio,2014-03,0.54,743
6782,Brescia v.Turati,Monossido di Carbonio,2014-04,0.46,720
6782,Brescia v.Turati,Monossido di Carbonio,2014-05,0.50,743
6782,Brescia v.Turati,Monossido di Carbonio,2014-06,0.70,719
6782,Brescia v.Turati,Monossido di Carbonio,2014-07,0.57,743
6782,Brescia v.Turati,Monossido di Carbonio,2014-08,0.33,744
6782,Brescia v.Turati,Monossido di Carbonio,2014-09,0.46,719
6782,Brescia v.Turati,Monossido di Carbonio,2014-10,0.94,743
6782,Brescia v.Turati,Monossido di Carbonio,2014-11,1.19,718
6782,Brescia v.Turati,Monossido di Carbonio,2014-12,1.43,743
6782,Brescia v.Turati,Monossido di Carbonio,2015-01,1.69,740
6782,Brescia v.Turati,Monossido di Carbonio,2015-02,0.84,502
6782,Brescia v.Turati,Monossido di Carbonio,2015-03,0.55,658
6782,Brescia v.Turati,Monossido di Carbonio,2015-04,0.62,719
6782,Brescia v.Turati,Monossido di Carbonio,2015-05,0.71,743
6782,Brescia v.Turati,Monossido di Carbonio,2015-06,0.70,719
6782,Brescia v.Turati,Monossido di Carbonio,2015-07,0.68,738
6782,Brescia v.Turati,Monossido di Carbonio,2015-08,0.62,717
6782,Brescia v.Turati,Monossido di Carbonio,2015-09,0.64,717
6782,Brescia v.Turati,Monossido di Carbonio,2015-10,0.79,743
6782,Brescia v.Turati,Monossido di Carbonio,2015-11,1.11,718
6782,Brescia v.Turati,Monossido di Carbonio,2015-12,1.54,676
6782,Brescia v.Turati,Monossido di Carbonio,2016-01,1.25,744
6782,Brescia v.Turati,Monossido di Carbonio,2016-02,1.05,695
6782,Brescia v.Turati,Monossido di Carbonio,2016-03,0.79,743
6782,Brescia v.Turati,Monossido di Carbonio,2016-04,0.99,719
6782,Brescia v.Turati,Monossido di Carbonio,2016-05,0.61,742
6782,Brescia v.Turati,Monossido di Carbonio,2016-06,0.54,718
6782,Brescia v.Turati,Monossido di Carbonio,2016-07,0.47,743
6782,Brescia v.Turati,Monossido di Carbonio,2016-08,0.65,743
6782,Brescia v.Turati,Monossido di Carbonio,2016-09,0.68,546
6782,Brescia v.Turati,Monossido di Carbonio,2016-10,0.63,742
6782,Brescia v.Turati,Monossido di Carbonio,2016-11,1.01,719
6782,Brescia v.Turati,Monossido di Carbonio,2016-12,1.52,725
6782,Brescia v.Turati,Monossido di Carbonio,2017-01,1.26,741
6782,Brescia v.Turati,Monossido di Carbonio,2017-02,0.91,671
6782,Brescia v.Turati,Monossido di Carbonio,2017-03,0.70,744
6782,Brescia v.Turati,Monossido di Carbonio,2017-04,0.51,587
6782,Brescia v.Turati,Monossido di Carbonio,2017-05,0.55,710
6782,Brescia v.Turati,Monossido di Carbonio,2017-06,0.46,720
6782,Brescia v.Turati,Monossido di Carbonio,2017-07,0.57,744
6782,Brescia v.Turati,Monossido di Carbonio,2017-08,0.63,743
6782,Brescia v.Turati,Monossido di Carbonio,2017-09,0.63,719
6782,Brescia v.Turati,Monossido di Carbonio,2017-10,0.69,743
6782,Brescia v.Turati,Monossido di Carbonio,2017-11,0.87,719
6782,Brescia v.Turati,Monossido di Carbonio,2017-12,1.22,743
6782,Brescia v.Turati,Monossido di Carbonio,2018-01,1.30,1
6782,Brescia v.Turati,Monossido di Carbonio,2018-01,1.09,742
6782,Brescia v.Turati,Monossido di Carbonio,2018-02,1.01,672
6782,Brescia v.Turati,Monossido di Carbonio,2018-03,0.96,743
6782,Brescia v.Turati,Monossido di Carbonio,2018-04,0.59,719
6782,Brescia v.Turati,Monossido di Carbonio,2018-05,0.56,743
6782,Brescia v.Turati,Monossido di Carbonio,2018-06,0.54,718
6782,Brescia v.Turati,Monossido di Carbonio,2018-07,0.56,743
6782,Brescia v.Turati,Monossido di Carbonio,2018-08,0.56,743
6782,Brescia v.Turati,Monossido di Carbonio,2018-09,0.71,719
6782,Brescia v.Turati,Monossido di Carbonio,2018-10,0.97,742
6782,Brescia v.Turati,Monossido di Carbonio,2018-11,0.92,718
6782,Brescia v.Turati,Monossido di Carbonio,2018-12,1.13,743
6782,Brescia v.Turati,Monossido di Carbonio,2019-01,0.99,743
6782,Brescia v.Turati,Monossido di Carbonio,2019-02,1.11,671
6782,Brescia v.Turati,Monossido di Carbonio,2019-03,0.83,743
6782,Brescia v.Turati,Monossido di Carbonio,2019-04,0.84,719
6782,Brescia v.Turati,Monossido di Carbonio,2019-05,0.72,726
6782,Brescia v.Turati,Monossido di Carbonio,2019-06,0.47,719
6782,Brescia v.Turati,Monossido di Carbonio,2019-07,0.62,743
6782,Brescia v.Turati,Monossido di Carbonio,2019-08,0.59,642
6782,Brescia v.Turati,Monossido di Carbonio,2019-09,0.48,720
6782,Brescia v.Turati,Monossido di Carbonio,2019-10,0.74,743
6782,Brescia v.Turati,Monossido di Carbonio,2019-11,0.85,719
6782,Brescia v.Turati,Monossido di Carbonio,2019-12,1.42,743
6782,Brescia v.Turati,Monossido di Carbonio,2020-01,1.33,743
6782,Brescia v.Turati,Monossido di Carbonio,2020-02,1.23,646
6782,Brescia v.Turati,Monossido di Carbonio,2020-03,0.60,743
6782,Brescia v.Turati,Monossido di Carbonio,2020-04,0.53,719
6782,Brescia v.Turati,Monossido di Carbonio,2020-05,0.46,743
6782,Brescia v.Turati,Monossido di Carbonio,2020-06,0.46,720
6782,Brescia v.Turati,Monossido di Carbonio,2020-07,0.42,740
6782,Brescia v.Turati,Monossido di Carbonio,2020-08,0.53,743
6782,Brescia v.Turati,Monossido di Carbonio,2020-09,0.60,719
6782,Brescia v.Turati,Monossido di Carbonio,2020-10,0.74,741
6782,Brescia v.Turati,Monossido di Carbonio,2020-11,0.82,720
6782,Brescia v.Turati,Monossido di Carbonio,2020-12,1.11,743
6782,Brescia v.Turati,Monossido di Carbonio,2021-01,0.90,743
6782,Brescia v.Turati,Monossido di Carbonio,2021-02,0.86,671
6782,Brescia v.Turati,Monossido di Carbonio,2021-03,0.67,743
6782,Brescia v.Turati,Monossido di Carbonio,2021-04,0.57,718
6782,Brescia v.Turati,Monossido di Carbonio,2021-05,0.55,743
6782,Brescia v.Turati,Monossido di Carbonio,2021-06,0.58,485
6782,Brescia v.Turati,Monossido di Carbonio,2021-07,0.46,743
6782,Brescia v.Turati,Monossido di Carbonio,2021-08,0.60,742
6782,Brescia v.Turati,Monossido di Carbonio,2021-09,1.07,719
6782,Brescia v.Turati,Monossido di Carbonio,2021-10,0.78,742
6782,Brescia v.Turati,Monossido di Carbonio,2021-11,1.14,719
6782,Brescia v.Turati,Monossido di Carbonio,2021-12,1.41,742
6782,Brescia v.Turati,Monossido di Carbonio,2022-01,1.39,729
6782,Brescia v.Turati,Monossido di Carbonio,2022-02,1.03,671
6782,Brescia v.Turati,Monossido di Carbonio,2022-03,0.87,742
6782,Brescia v.Turati,Monossido di Carbonio,2022-04,0.74,684
6782,Brescia v.Turati,Monossido di Carbonio,2022-05,0.48,701
6782,Brescia v.Turati,Monossido di Carbonio,2022-06,0.42,719
6782,Brescia v.Turati,Monossido di Carbonio,2022-07,0.42,743
6782,Brescia v.Turati,Monossido di Carbonio,2022-08,0.62,744
6782,Brescia v.Turati,Monossido di Carbonio,2022-09,0.57,718
6782,Brescia v.Turati,Monossido di Carbonio,2022-10,0.58,682
6782,Brescia v.Turati,Monossido di Carbonio,2022-11,0.71,720
6782,Brescia v.Turati,Monossido di Carbonio,2022-12,1.37,743
6782,Brescia v.Turati,Monossido di Carbonio,2023-01,1.45,740
6782,Brescia v.Turati,Monossido di Carbonio,2023-02,0.93,663
6782,Brescia v.Turati,Monossido di Carbonio,2023-03,0.52,741
6782,Brescia v.Turati,Monossido di Carbonio,2023-04,0.51,657
6782,Brescia v.Turati,Monossido di Carbonio,2023-05,0.51,704
6782,Brescia v.Turati,Monossido di Carbonio,2023-06,0.44,718
6782,Brescia v.Turati,Monossido di Carbonio,2023-07,0.28,743
6782,Brescia v.Turati,Monossido di Carbonio,2023-08,0.35,618
6782,Brescia v.Turati,Monossido di Carbonio,2023-09,0.45,718
6782,Brescia v.Turati,Monossido di Carbonio,2023-10,0.46,742
6782,Brescia v.Turati,Monossido di Carbonio,2023-11,0.61,718
6782,Brescia v.Turati,Monossido di Carbonio,2023-12,0.75,744
6782,Brescia v.Turati,Monossido di Carbonio,2024-01,0.77,743
6782,Brescia v.Turati,Monossido di Carbonio,2024-02,0.60,695
6782,Brescia v.Turati,Monossido di Carbonio,2024-03,0.43,743
6782,Brescia v.Turati,Monossido di Carbonio,2024-04,0.38,718
6782,Brescia v.Turati,Monossido di Carbonio,2024-05,0.33,742
6782,Brescia v.Turati,Monossido di Carbonio,2024-06,0.35,717
6782,Brescia v.Turati,Monossido di Carbonio,2024-07,0.32,740
6782,Brescia v.Turati,Monossido di Carbonio,2024-08,0.33,743
6782,Brescia v.Turati,Monossido di Carbonio,2024-09,0.38,720
6782,Brescia v.Turati,Monossido di Carbonio,2024-10,0.42,744
6782,Brescia v.Turati,Monossido di Carbonio,2024-11,0.70,596
6782,Brescia v.Turati,Monossido di Carbonio,2024-12,0.80,743
6782,Brescia v.Turati,Monossido di Carbonio,2025-01,0.66,742
6782,Brescia v.Turati,Monossido di Carbonio,2025-02,0.49,670
6782,Brescia v.Turati,Monossido di Carbonio,2025-03,0.32,743
6782,Brescia v.Turati,Monossido di Carbonio,2025-04,0.26,719
6782,Brescia v.Turati,Monossido di Carbonio,2025-05,0.24,744
6782,Brescia v.Turati,Monossido di Carbonio,2025-06,0.29,716
6782,Brescia v.Turati,Monossido di Carbonio,2025-07,0.22,743
6782,Brescia v.Turati,Monossido di Carbonio,2025-08,0.22,740
6782,Brescia v.Turati,Monossido di Carbonio,2025-09,0.29,717
6782,Brescia v.Turati,Monossido di Carbonio,2025-10,0.38,730
6782,Brescia v.Turati,Monossido di Carbonio,2025-11,0.54,659
6782,Brescia v.Turati,Monossido di Carbonio,2025-12,0.67,741
6782,Brescia v.Turati,Monossido di Carbonio,2026-01,0.60,1
6784,Brescia v.Turati,Ossidi di Azoto,2000-01,623.20,683
6784,Brescia v.Turati,Ossidi di Azoto,2000-02,472.05,638
6784,Brescia v.Turati,Ossidi di Azoto,2000-03,386.16,331
6784,Brescia v.Turati,Ossidi di Azoto,2000-04,270.66,566
6784,Brescia v.Turati,Ossidi di Azoto,2000-05,232.57,388
6784,Brescia v.Turati,Ossidi di Azoto,2000-06,247.39,9
6784,Brescia v.Turati,Ossidi di Azoto,2000-07,177.21,189
6784,Brescia v.Turati,Ossidi di Azoto,2000-08,192.27,193
6784,Brescia v.Turati,Ossidi di Azoto,2000-09,248.53,255
6784,Brescia v.Turati,Ossidi di Azoto,2000-10,360.29,583
6784,Brescia v.Turati,Ossidi di Azoto,2000-11,436.97,572
6784,Brescia v.Turati,Ossidi di Azoto,2000-12,466.94,604
6784,Brescia v.Turati,Ossidi di Azoto,2001-01,529.68,346
6784,Brescia v.Turati,Ossidi di Azoto,2001-02,359.39,596
6784,Brescia v.Turati,Ossidi di Azoto,2001-03,370.55,541
6784,Brescia v.Turati,Ossidi di Azoto,2001-04,259.80,332
6784,Brescia v.Turati,Ossidi di Azoto,2001-05,229.37,599
6784,Brescia v.Turati,Ossidi di Azoto,2001-06,171.89,426
6784,Brescia v.Turati,Ossidi di Azoto,2001-07,154.07,552
6784,Brescia v.Turati,Ossidi di Azoto,2001-08,130.85,356
6784,Brescia v.Turati,Ossidi di Azoto,2001-09,197.67,477
6784,Brescia v.Turati,Ossidi di Azoto,2001-10,126.53,384
6784,Brescia v.Turati,Ossidi di Azoto,2002-02,449.78,71
6784,Brescia v.Turati,Ossidi di Azoto,2002-03,222.85,680
6784,Brescia v.Turati,Ossidi di Azoto,2002-04,174.10,643
6784,Brescia v.Turati,Ossidi di Azoto,2002-05,223.93,623
6784,Brescia v.Turati,Ossidi di Azoto,2002-06,216.28,506
6784,Brescia v.Turati,Ossidi di Azoto,2002-07,206.76,230
6784,Brescia v.Turati,Ossidi di Azoto,2002-09,254.74,624
6784,Brescia v.Turati,Ossidi di Azoto,2002-10,330.35,568
6784,Brescia v.Turati,Ossidi di Azoto,2002-11,333.91,614
6784,Brescia v.Turati,Ossidi di Azoto,2002-12,406.43,604
6784,Brescia v.Turati,Ossidi di Azoto,2003-01,391.25,650
6784,Brescia v.Turati,Ossidi di Azoto,2003-02,336.57,518
6784,Brescia v.Turati,Ossidi di Azoto,2003-03,288.63,371
6784,Brescia v.Turati,Ossidi di Azoto,2003-06,200.42,319
6784,Brescia v.Turati,Ossidi di Azoto,2003-07,177.77,590
6784,Brescia v.Turati,Ossidi di Azoto,2003-08,171.75,245
6784,Brescia v.Turati,Ossidi di Azoto,2003-09,216.78,362
6784,Brescia v.Turati,Ossidi di Azoto,2003-10,250.49,585
6784,Brescia v.Turati,Ossidi di Azoto,2003-11,298.80,592
6784,Brescia v.Turati,Ossidi di Azoto,2003-12,390.25,695
6784,Brescia v.Turati,Ossidi di Azoto,2004-01,321.09,689
6784,Brescia v.Turati,Ossidi di Azoto,2004-02,337.12,666
6784,Brescia v.Turati,Ossidi di Azoto,2004-03,256.34,736
6784,Brescia v.Turati,Ossidi di Azoto,2004-04,189.60,718
6784,Brescia v.Turati,Ossidi di Azoto,2004-05,159.47,742
6784,Brescia v.Turati,Ossidi di Azoto,2004-06,136.20,710
6784,Brescia v.Turati,Ossidi di Azoto,2004-07,112.82,733
6784,Brescia v.Turati,Ossidi di Azoto,2004-08,82.17,495
6784,Brescia v.Turati,Ossidi di Azoto,2004-09,207.56,718
6784,Brescia v.Turati,Ossidi di Azoto,2004-10,281.95,744
6784,Brescia v.Turati,Ossidi di Azoto,2004-11,355.65,719
6784,Brescia v.Turati,Ossidi di Azoto,2004-12,376.76,685
6784,Brescia v.Turati,Ossidi di Azoto,2005-01,356.48,744
6784,Brescia v.Turati,Ossidi di Azoto,2005-02,250.59,642
6784,Brescia v.Turati,Ossidi di Azoto,2005-03,222.42,743
6784,Brescia v.Turati,Ossidi di Azoto,2005-04,211.67,615
6784,Brescia v.Turati,Ossidi di Azoto,2005-05,176.46,744
6784,Brescia v.Turati,Ossidi di Azoto,2005-06,159.32,693
6784,Brescia v.Turati,Ossidi di Azoto,2005-07,146.71,738
6784,Brescia v.Turati,Ossidi di Azoto,2005-08,131.34,743
6784,Brescia v.Turati,Ossidi di Azoto,2005-09,192.75,698
6784,Brescia v.Turati,Ossidi di Azoto,2005-10,212.14,742
6784,Brescia v.Turati,Ossidi di Azoto,2005-11,321.86,720
6784,Brescia v.Turati,Ossidi di Azoto,2005-12,391.51,738
6784,Brescia v.Turati,Ossidi di Azoto,2006-01,438.96,744
6784,Brescia v.Turati,Ossidi di Azoto,2006-02,320.79,672
6784,Brescia v.Turati,Ossidi di Azoto,2006-03,200.11,742
6784,Brescia v.Turati,Ossidi di Azoto,2006-04,184.67,720
6784,Brescia v.Turati,Ossidi di Azoto,2006-05,164.19,743
6784,Brescia v.Turati,Ossidi di Azoto,2006-06,149.87,720
6784,Brescia v.Turati,Ossidi di Azoto,2006-07,110.72,742
6784,Brescia v.Turati,Ossidi di Azoto,2006-08,84.91,744
6784,Brescia v.Turati,Ossidi di Azoto,2006-09,156.40,701
6784,Brescia v.Turati,Ossidi di Azoto,2006-10,232.63,707
6784,Brescia v.Turati,Ossidi di Azoto,2006-11,350.38,720
6784,Brescia v.Turati,Ossidi di Azoto,2006-12,347.17,744
6784,Brescia v.Turati,Ossidi di Azoto,2007-01,365.08,709
6784,Brescia v.Turati,Ossidi di Azoto,2007-02,339.53,199
6784,Brescia v.Turati,Ossidi di Azoto,2007-03,237.84,744
6784,Brescia v.Turati,Ossidi di Azoto,2007-04,162.19,718
6784,Brescia v.Turati,Ossidi di Azoto,2007-05,146.78,744
6784,Brescia v.Turati,Ossidi di Azoto,2007-06,94.63,720
6784,Brescia v.Turati,Ossidi di Azoto,2007-07,128.66,665
6784,Brescia v.Turati,Ossidi di Azoto,2007-08,115.46,248
6784,Brescia v.Turati,Ossidi di Azoto,2007-10,303.97,27
6784,Brescia v.Turati,Ossidi di Azoto,2008-02,256.08,420
6784,Brescia v.Turati,Ossidi di Azoto,2008-03,189.80,741
6784,Brescia v.Turati,Ossidi di Azoto,2008-04,173.44,719
6784,Brescia v.Turati,Ossidi di Azoto,2008-05,113.83,741
6784,Brescia v.Turati,Ossidi di Azoto,2008-06,107.39,710
6784,Brescia v.Turati,Ossidi di Azoto,2008-07,117.28,743
6784,Brescia v.Turati,Ossidi di Azoto,2008-08,95.96,744
6784,Brescia v.Turati,Ossidi di Azoto,2008-09,142.36,720
6784,Brescia v.Turati,Ossidi di Azoto,2008-10,183.09,743
6784,Brescia v.Turati,Ossidi di Azoto,2008-11,231.06,720
6784,Brescia v.Turati,Ossidi di Azoto,2008-12,296.99,744
6784,Brescia v.Turati,Ossidi di Azoto,2009-01,335.96,744
6784,Brescia v.Turati,Ossidi di Azoto,2009-02,232.26,672
6784,Brescia v.Turati,Ossidi di Azoto,2009-03,166.41,744
6784,Brescia v.Turati,Ossidi di Azoto,2009-04,131.84,719
6784,Brescia v.Turati,Ossidi di Azoto,2009-05,132.07,743
6784,Brescia v.Turati,Ossidi di Azoto,2009-06,112.01,718
6784,Brescia v.Turati,Ossidi di Azoto,2009-07,107.39,742
6784,Brescia v.Turati,Ossidi di Azoto,2009-08,93.38,591
6784,Brescia v.Turati,Ossidi di Azoto,2009-09,138.94,719
6784,Brescia v.Turati,Ossidi di Azoto,2009-10,178.68,743
6784,Brescia v.Turati,Ossidi di Azoto,2009-11,199.34,677
6784,Brescia v.Turati,Ossidi di Azoto,2009-12,272.10,743
6784,Brescia v.Turati,Ossidi di Azoto,2010-01,240.80,1
6784,Brescia v.Turati,Ossidi di Azoto,2010-01,282.13,742
6784,Brescia v.Turati,Ossidi di Azoto,2010-02,252.67,671
6784,Brescia v.Turati,Ossidi di Azoto,2010-03,184.08,639
6784,Brescia v.Turati,Ossidi di Azoto,2010-04,142.87,706
6784,Brescia v.Turati,Ossidi di Azoto,2010-05,133.40,721
6784,Brescia v.Turati,Ossidi di Azoto,2010-06,110.01,718
6784,Brescia v.Turati,Ossidi di Azoto,2010-07,103.43,743
6784,Brescia v.Turati,Ossidi di Azoto,2010-08,96.76,743
6784,Brescia v.Turati,Ossidi di Azoto,2010-09,133.71,693
6784,Brescia v.Turati,Ossidi di Azoto,2010-10,167.02,719
6784,Brescia v.Turati,Ossidi di Azoto,2010-11,204.85,719
6784,Brescia v.Turati,Ossidi di Azoto,2010-12,372.40,714
6784,Brescia v.Turati,Ossidi di Azoto,2011-01,310.97,743
6784,Brescia v.Turati,Ossidi di Azoto,2011-02,255.82,671
6784,Brescia v.Turati,Ossidi di Azoto,2011-03,174.50,652
6784,Brescia v.Turati,Ossidi di Azoto,2011-04,136.12,718
6784,Brescia v.Turati,Ossidi di Azoto,2011-05,114.24,707
6784,Brescia v.Turati,Ossidi di Azoto,2011-06,104.21,715
6784,Brescia v.Turati,Ossidi di Azoto,2011-07,94.89,724
6784,Brescia v.Turati,Ossidi di Azoto,2011-08,87.98,722
6784,Brescia v.Turati,Ossidi di Azoto,2011-09,132.56,712
6784,Brescia v.Turati,Ossidi di Azoto,2011-10,191.50,725
6784,Brescia v.Turati,Ossidi di Azoto,2011-11,268.86,712
6784,Brescia v.Turati,Ossidi di Azoto,2011-12,308.36,744
6784,Brescia v.Turati,Ossidi di Azoto,2012-01,293.22,744
6784,Brescia v.Turati,Ossidi di Azoto,2012-02,241.16,689
6784,Brescia v.Turati,Ossidi di Azoto,2012-03,165.28,726
6784,Brescia v.Turati,Ossidi di Azoto,2012-04,128.64,700
6784,Brescia v.Turati,Ossidi di Azoto,2012-05,127.57,709
6784,Brescia v.Turati,Ossidi di Azoto,2012-06,108.29,716
6784,Brescia v.Turati,Ossidi di Azoto,2012-07,96.79,742
6784,Brescia v.Turati,Ossidi di Azoto,2012-08,79.21,739
6784,Brescia v.Turati,Ossidi di Azoto,2012-09,123.05,717
6784,Brescia v.Turati,Ossidi di Azoto,2012-10,194.06,737
6784,Brescia v.Turati,Ossidi di Azoto,2012-11,253.92,694
6784,Brescia v.Turati,Ossidi di Azoto,2012-12,320.44,720
6784,Brescia v.Turati,Ossidi di Azoto,2013-01,242.37,696
6784,Brescia v.Turati,Ossidi di Azoto,2013-02,195.22,646
6784,Brescia v.Turati,Ossidi di Azoto,2013-03,157.77,705
6784,Brescia v.Turati,Ossidi di Azoto,2013-04,117.44,719
6784,Brescia v.Turati,Ossidi di Azoto,2013-05,145.18,731
6784,Brescia v.Turati,Ossidi di Azoto,2013-06,128.19,608
6784,Brescia v.Turati,Ossidi di Azoto,2013-07,109.74,565
6784,Brescia v.Turati,Ossidi di Azoto,2013-08,89.72,717
6784,Brescia v.Turati,Ossidi di Azoto,2013-09,139.29,713
6784,Brescia v.Turati,Ossidi di Azoto,2013-10,185.08,704
6784,Brescia v.Turati,Ossidi di Azoto,2013-11,230.00,717
6784,Brescia v.Turati,Ossidi di Azoto,2013-12,366.90,741
6784,Brescia v.Turati,Ossidi di Azoto,2014-01,273.37,740
6784,Brescia v.Turati,Ossidi di Azoto,2014-02,219.92,672
6784,Brescia v.Turati,Ossidi di Azoto,2014-03,170.26,743
6784,Brescia v.Turati,Ossidi di Azoto,2014-04,135.61,720
6784,Brescia v.Turati,Ossidi di Azoto,2014-05,145.23,743
6784,Brescia v.Turati,Ossidi di Azoto,2014-06,104.96,717
6784,Brescia v.Turati,Ossidi di Azoto,2014-07,108.84,743
6784,Brescia v.Turati,Ossidi di Azoto,2014-08,98.76,744
6784,Brescia v.Turati,Ossidi di Azoto,2014-09,140.45,718
6784,Brescia v.Turati,Ossidi di Azoto,2014-10,179.99,744
6784,Brescia v.Turati,Ossidi di Azoto,2014-11,203.62,719
6784,Brescia v.Turati,Ossidi di Azoto,2014-12,263.75,744
6784,Brescia v.Turati,Ossidi di Azoto,2015-01,280.01,743
6784,Brescia v.Turati,Ossidi di Azoto,2015-02,252.46,521
6784,Brescia v.Turati,Ossidi di Azoto,2015-03,156.85,743
6784,Brescia v.Turati,Ossidi di Azoto,2015-04,143.63,720
6784,Brescia v.Turati,Ossidi di Azoto,2015-05,122.72,427
6784,Brescia v.Turati,Ossidi di Azoto,2015-06,121.45,718
6784,Brescia v.Turati,Ossidi di Azoto,2015-07,114.22,735
6784,Brescia v.Turati,Ossidi di Azoto,2015-08,95.24,744
6784,Brescia v.Turati,Ossidi di Azoto,2015-09,111.19,694
6784,Brescia v.Turati,Ossidi di Azoto,2015-10,159.49,743
6784,Brescia v.Turati,Ossidi di Azoto,2015-11,226.74,718
6784,Brescia v.Turati,Ossidi di Azoto,2015-12,337.97,742
6784,Brescia v.Turati,Ossidi di Azoto,2016-01,299.54,744
6784,Brescia v.Turati,Ossidi di Azoto,2016-02,210.25,695
6784,Brescia v.Turati,Ossidi di Azoto,2016-03,139.01,719
6784,Brescia v.Turati,Ossidi di Azoto,2016-04,97.33,710
6784,Brescia v.Turati,Ossidi di Azoto,2016-05,100.32,743
6784,Brescia v.Turati,Ossidi di Azoto,2016-06,97.29,718
6784,Brescia v.Turati,Ossidi di Azoto,2016-07,98.64,743
6784,Brescia v.Turati,Ossidi di Azoto,2016-08,83.41,743
6784,Brescia v.Turati,Ossidi di Azoto,2016-09,117.03,719
6784,Brescia v.Turati,Ossidi di Azoto,2016-10,165.02,741
6784,Brescia v.Turati,Ossidi di Azoto,2016-11,236.35,719
6784,Brescia v.Turati,Ossidi di Azoto,2016-12,354.88,744
6784,Brescia v.Turati,Ossidi di Azoto,2017-01,279.18,741
6784,Brescia v.Turati,Ossidi di Azoto,2017-02,235.88,671
6784,Brescia v.Turati,Ossidi di Azoto,2017-03,151.21,743
6784,Brescia v.Turati,Ossidi di Azoto,2017-04,114.48,661
6784,Brescia v.Turati,Ossidi di Azoto,2017-05,109.45,710
6784,Brescia v.Turati,Ossidi di Azoto,2017-06,119.17,720
6784,Brescia v.Turati,Ossidi di Azoto,2017-07,114.74,744
6784,Brescia v.Turati,Ossidi di Azoto,2017-08,82.38,743
6784,Brescia v.Turati,Ossidi di Azoto,2017-09,116.07,718
6784,Brescia v.Turati,Ossidi di Azoto,2017-10,185.48,741
6784,Brescia v.Turati,Ossidi di Azoto,2017-11,238.41,718
6784,Brescia v.Turati,Ossidi di Azoto,2017-12,328.15,738
6784,Brescia v.Turati,Ossidi di Azoto,2018-01,283.20,1
6784,Brescia v.Turati,Ossidi di Azoto,2018-01,244.78,700
6784,Brescia v.Turati,Ossidi di Azoto,2018-02,201.03,672
6784,Brescia v.Turati,Ossidi di Azoto,2018-03,169.22,744
6784,Brescia v.Turati,Ossidi di Azoto,2018-04,116.00,719
6784,Brescia v.Turati,Ossidi di Azoto,2018-05,109.21,744
6784,Brescia v.Turati,Ossidi di Azoto,2018-06,91.48,719
6784,Brescia v.Turati,Ossidi di Azoto,2018-07,81.57,743
6784,Brescia v.Turati,Ossidi di Azoto,2018-08,73.41,743
6784,Brescia v.Turati,Ossidi di Azoto,2018-09,100.11,719
6784,Brescia v.Turati,Ossidi di Azoto,2018-10,123.27,735
6784,Brescia v.Turati,Ossidi di Azoto,2018-11,188.43,718
6784,Brescia v.Turati,Ossidi di Azoto,2018-12,277.14,743
6784,Brescia v.Turati,Ossidi di Azoto,2019-01,242.85,744
6784,Brescia v.Turati,Ossidi di Azoto,2019-02,219.92,671
6784,Brescia v.Turati,Ossidi di Azoto,2019-03,141.03,743
6784,Brescia v.Turati,Ossidi di Azoto,2019-04,138.58,719
6784,Brescia v.Turati,Ossidi di Azoto,2019-05,131.39,731
6784,Brescia v.Turati,Ossidi di Azoto,2019-06,91.44,716
6784,Brescia v.Turati,Ossidi di Azoto,2019-07,81.50,736
6784,Brescia v.Turati,Ossidi di Azoto,2019-08,67.62,741
6784,Brescia v.Turati,Ossidi di Azoto,2019-09,98.02,719
6784,Brescia v.Turati,Ossidi di Azoto,2019-10,117.91,743
6784,Brescia v.Turati,Ossidi di Azoto,2019-11,140.01,710
6784,Brescia v.Turati,Ossidi di Azoto,2019-12,208.17,743
6784,Brescia v.Turati,Ossidi di Azoto,2020-01,254.68,744
6784,Brescia v.Turati,Ossidi di Azoto,2020-02,161.79,695
6784,Brescia v.Turati,Ossidi di Azoto,2020-03,63.50,743
6784,Brescia v.Turati,Ossidi di Azoto,2020-04,34.74,719
6784,Brescia v.Turati,Ossidi di Azoto,2020-05,53.94,743
6784,Brescia v.Turati,Ossidi di Azoto,2020-06,74.16,718
6784,Brescia v.Turati,Ossidi di Azoto,2020-07,66.92,739
6784,Brescia v.Turati,Ossidi di Azoto,2020-08,64.76,743
6784,Brescia v.Turati,Ossidi di Azoto,2020-09,89.45,718
6784,Brescia v.Turati,Ossidi di Azoto,2020-10,112.53,734
6784,Brescia v.Turati,Ossidi di Azoto,2020-11,128.69,720
6784,Brescia v.Turati,Ossidi di Azoto,2020-12,155.89,743
6784,Brescia v.Turati,Ossidi di Azoto,2021-01,149.42,743
6784,Brescia v.Turati,Ossidi di Azoto,2021-02,122.87,671
6784,Brescia v.Turati,Ossidi di Azoto,2021-03,84.60,743
6784,Brescia v.Turati,Ossidi di Azoto,2021-04,74.36,719
6784,Brescia v.Turati,Ossidi di Azoto,2021-05,68.84,743
6784,Brescia v.Turati,Ossidi di Azoto,2021-06,67.82,719
6784,Brescia v.Turati,Ossidi di Azoto,2021-07,62.82,743
6784,Brescia v.Turati,Ossidi di Azoto,2021-08,58.64,744
6784,Brescia v.Turati,Ossidi di Azoto,2021-09,76.80,718
6784,Brescia v.Turati,Ossidi di Azoto,2021-10,102.07,741
6784,Brescia v.Turati,Ossidi di Azoto,2021-11,131.80,717
6784,Brescia v.Turati,Ossidi di Azoto,2021-12,199.19,742
6784,Brescia v.Turati,Ossidi di Azoto,2022-01,174.61,727
6784,Brescia v.Turati,Ossidi di Azoto,2022-02,131.72,667
6784,Brescia v.Turati,Ossidi di Azoto,2022-03,98.75,731
6784,Brescia v.Turati,Ossidi di Azoto,2022-04,68.30,718
6784,Brescia v.Turati,Ossidi di Azoto,2022-05,69.47,723
6784,Brescia v.Turati,Ossidi di Azoto,2022-06,61.24,718
6784,Brescia v.Turati,Ossidi di Azoto,2022-07,50.91,743
6784,Brescia v.Turati,Ossidi di Azoto,2022-08,48.86,744
6784,Brescia v.Turati,Ossidi di Azoto,2022-09,70.35,716
6784,Brescia v.Turati,Ossidi di Azoto,2022-10,90.02,680
6784,Brescia v.Turati,Ossidi di Azoto,2022-11,130.21,717
6784,Brescia v.Turati,Ossidi di Azoto,2022-12,158.49,741
6784,Brescia v.Turati,Ossidi di Azoto,2023-01,132.74,485
6784,Brescia v.Turati,Ossidi di Azoto,2023-02,137.22,670
6784,Brescia v.Turati,Ossidi di Azoto,2023-03,105.68,741
6784,Brescia v.Turati,Ossidi di Azoto,2023-04,89.50,660
6784,Brescia v.Turati,Ossidi di Azoto,2023-05,100.65,704
6784,Brescia v.Turati,Ossidi di Azoto,2023-06,86.60,718
6784,Brescia v.Turati,Ossidi di Azoto,2023-07,77.81,743
6784,Brescia v.Turati,Ossidi di Azoto,2023-08,66.51,743
6784,Brescia v.Turati,Ossidi di Azoto,2023-09,91.28,720
6784,Brescia v.Turati,Ossidi di Azoto,2023-10,109.09,742
6784,Brescia v.Turati,Ossidi di Azoto,2023-11,143.21,718
6784,Brescia v.Turati,Ossidi di Azoto,2023-12,165.04,744
6784,Brescia v.Turati,Ossidi di Azoto,2024-01,154.34,742
6784,Brescia v.Turati,Ossidi di Azoto,2024-02,123.99,695
6784,Brescia v.Turati,Ossidi di Azoto,2024-03,94.97,743
6784,Brescia v.Turati,Ossidi di Azoto,2024-04,82.14,718
6784,Brescia v.Turati,Ossidi di Azoto,2024-05,73.38,742
6784,Brescia v.Turati,Ossidi di Azoto,2024-06,70.50,719
6784,Brescia v.Turati,Ossidi di Azoto,2024-07,59.49,742
6784,Brescia v.Turati,Ossidi di Azoto,2024-08,51.85,743
6784,Brescia v.Turati,Ossidi di Azoto,2024-09,74.23,720
6784,Brescia v.Turati,Ossidi di Azoto,2024-10,85.77,744
6784,Brescia v.Turati,Ossidi di Azoto,2024-11,143.08,719
6784,Brescia v.Turati,Ossidi di Azoto,2024-12,158.56,742
6784,Brescia v.Turati,Ossidi di Azoto,2025-01,129.16,743
6784,Brescia v.Turati,Ossidi di Azoto,2025-02,107.30,671
6784,Brescia v.Turati,Ossidi di Azoto,2025-03,81.01,742
6784,Brescia v.Turati,Ossidi di Azoto,2025-04,68.16,719
6784,Brescia v.Turati,Ossidi di Azoto,2025-05,67.53,744
6784,Brescia v.Turati,Ossidi di Azoto,2025-06,63.78,717
6784,Brescia v.Turati,Ossidi di Azoto,2025-07,52.93,743
6784,Brescia v.Turati,Ossidi di Azoto,2025-08,46.34,742
6784,Brescia v.Turati,Ossidi di Azoto,2025-09,74.95,714
6784,Brescia v.Turati,Ossidi di Azoto,2025-10,95.49,730
6784,Brescia v.Turati,Ossidi di Azoto,2025-11,125.08,659
6784,Brescia v.Turati,Ossidi di Azoto,2025-12,160.17,741
6784,Brescia v.Turati,Ossidi di Azoto,2026-01,88.80,1
6786,Brescia v.Ziziola,Biossido di Azoto,2000-01,72.09,635
6786,Brescia v.Ziziola,Biossido di Azoto,2000-02,96.74,682
6786,Brescia v.Ziziola,Biossido di Azoto,2000-03,75.56,690
6786,Brescia v.Ziziola,Biossido di Azoto,2000-04,44.73,485
6786,Brescia v.Ziziola,Biossido di Azoto,2000-05,42.84,448
6786,Brescia v.Ziziola,Biossido di Azoto,2000-06,42.34,618
6786,Brescia v.Ziziola,Biossido di Azoto,2000-07,42.79,564
6786,Brescia v.Ziziola,Biossido di Azoto,2000-08,34.57,228
6786,Brescia v.Ziziola,Biossido di Azoto,2000-09,48.42,624
6786,Brescia v.Ziziola,Biossido di Azoto,2000-10,45.74,730
6786,Brescia v.Ziziola,Biossido di Azoto,2000-11,57.13,679
6786,Brescia v.Ziziola,Biossido di Azoto,2000-12,54.14,496
6786,Brescia v.Ziziola,Biossido di Azoto,2001-01,52.51,740
6786,Brescia v.Ziziola,Biossido di Azoto,2001-02,55.10,605
6786,Brescia v.Ziziola,Biossido di Azoto,2001-03,43.63,533
6786,Brescia v.Ziziola,Biossido di Azoto,2001-04,36.93,404
6786,Brescia v.Ziziola,Biossido di Azoto,2001-05,28.97,744
6786,Brescia v.Ziziola,Biossido di Azoto,2001-06,22.85,677
6786,Brescia v.Ziziola,Biossido di Azoto,2001-07,21.18,555
6786,Brescia v.Ziziola,Biossido di Azoto,2001-08,40.44,317
6786,Brescia v.Ziziola,Biossido di Azoto,2001-10,10.04,189
6786,Brescia v.Ziziola,Biossido di Azoto,2001-11,26.80,54
6786,Brescia v.Ziziola,Biossido di Azoto,2001-12,50.36,507
6786,Brescia v.Ziziola,Biossido di Azoto,2002-01,54.07,742
6786,Brescia v.Ziziola,Biossido di Azoto,2002-02,47.33,638
6786,Brescia v.Ziziola,Biossido di Azoto,2002-03,53.21,641
6786,Brescia v.Ziziola,Biossido di Azoto,2002-04,41.02,535
6786,Brescia v.Ziziola,Biossido di Azoto,2002-05,34.01,627
6786,Brescia v.Ziziola,Biossido di Azoto,2002-06,45.29,639
6786,Brescia v.Ziziola,Biossido di Azoto,2002-07,39.72,675
6786,Brescia v.Ziziola,Biossido di Azoto,2002-08,32.09,584
6786,Brescia v.Ziziola,Biossido di Azoto,2002-09,49.99,676
6786,Brescia v.Ziziola,Biossido di Azoto,2002-10,54.48,691
6786,Brescia v.Ziziola,Biossido di Azoto,2002-11,33.98,699
6786,Brescia v.Ziziola,Biossido di Azoto,2002-12,30.59,733
6786,Brescia v.Ziziola,Biossido di Azoto,2003-01,50.63,711
6786,Brescia v.Ziziola,Biossido di Azoto,2003-02,60.48,224
6786,Brescia v.Ziziola,Biossido di Azoto,2003-07,3.22,6
6786,Brescia v.Ziziola,Biossido di Azoto,2003-08,13.66,14
6786,Brescia v.Ziziola,Biossido di Azoto,2003-11,22.13,275
6786,Brescia v.Ziziola,Biossido di Azoto,2003-12,36.28,726
6786,Brescia v.Ziziola,Biossido di Azoto,2004-01,45.71,732
6786,Brescia v.Ziziola,Biossido di Azoto,2004-02,64.85,516
6786,Brescia v.Ziziola,Biossido di Azoto,2004-03,51.60,680
6786,Brescia v.Ziziola,Biossido di Azoto,2004-04,46.49,601
6786,Brescia v.Ziziola,Biossido di Azoto,2004-05,33.34,711
6786,Brescia v.Ziziola,Biossido di Azoto,2004-06,33.50,667
6786,Brescia v.Ziziola,Biossido di Azoto,2004-07,32.82,665
6786,Brescia v.Ziziola,Biossido di Azoto,2004-08,28.68,583
6786,Brescia v.Ziziola,Biossido di Azoto,2004-09,40.66,719
6786,Brescia v.Ziziola,Biossido di Azoto,2004-10,36.16,669
6786,Brescia v.Ziziola,Biossido di Azoto,2004-11,39.51,717
6786,Brescia v.Ziziola,Biossido di Azoto,2004-12,64.49,712
6786,Brescia v.Ziziola,Biossido di Azoto,2005-01,76.15,707
6786,Brescia v.Ziziola,Biossido di Azoto,2005-02,65.84,649
6786,Brescia v.Ziziola,Biossido di Azoto,2005-03,57.72,700
6786,Brescia v.Ziziola,Biossido di Azoto,2005-04,48.20,718
6786,Brescia v.Ziziola,Biossido di Azoto,2005-05,42.31,672
6786,Brescia v.Ziziola,Biossido di Azoto,2005-06,34.59,674
6786,Brescia v.Ziziola,Biossido di Azoto,2005-07,32.57,515
6786,Brescia v.Ziziola,Biossido di Azoto,2005-08,23.82,669
6786,Brescia v.Ziziola,Biossido di Azoto,2005-09,38.91,719
6786,Brescia v.Ziziola,Biossido di Azoto,2005-10,42.10,744
6786,Brescia v.Ziziola,Biossido di Azoto,2005-11,38.63,720
6786,Brescia v.Ziziola,Biossido di Azoto,2005-12,55.65,743
6786,Brescia v.Ziziola,Biossido di Azoto,2006-01,62.37,712
6786,Brescia v.Ziziola,Biossido di Azoto,2006-02,89.55,672
6786,Brescia v.Ziziola,Biossido di Azoto,2006-03,54.17,744
6786,Brescia v.Ziziola,Biossido di Azoto,2006-04,38.97,720
6786,Brescia v.Ziziola,Biossido di Azoto,2006-05,32.06,744
6786,Brescia v.Ziziola,Biossido di Azoto,2006-06,30.83,720
6786,Brescia v.Ziziola,Biossido di Azoto,2006-07,26.71,744
6786,Brescia v.Ziziola,Biossido di Azoto,2006-08,23.73,743
6786,Brescia v.Ziziola,Biossido di Azoto,2006-09,53.58,553
6786,Brescia v.Ziziola,Biossido di Azoto,2006-10,54.31,692
6786,Brescia v.Ziziola,Biossido di Azoto,2006-11,80.24,717
6786,Brescia v.Ziziola,Biossido di Azoto,2006-12,83.94,681
6786,Brescia v.Ziziola,Biossido di Azoto,2007-01,67.90,744
6786,Brescia v.Ziziola,Biossido di Azoto,2007-02,76.68,672
6786,Brescia v.Ziziola,Biossido di Azoto,2007-03,63.36,744
6786,Brescia v.Ziziola,Biossido di Azoto,2007-04,56.88,720
6786,Brescia v.Ziziola,Biossido di Azoto,2007-05,48.34,732
6786,Brescia v.Ziziola,Biossido di Azoto,2007-06,41.25,698
6786,Brescia v.Ziziola,Biossido di Azoto,2007-07,38.46,743
6786,Brescia v.Ziziola,Biossido di Azoto,2007-08,27.07,744
6786,Brescia v.Ziziola,Biossido di Azoto,2007-09,43.40,713
6786,Brescia v.Ziziola,Biossido di Azoto,2007-10,57.41,730
6786,Brescia v.Ziziola,Biossido di Azoto,2007-11,63.47,693
6786,Brescia v.Ziziola,Biossido di Azoto,2007-12,66.28,740
6786,Brescia v.Ziziola,Biossido di Azoto,2008-01,76.36,740
6786,Brescia v.Ziziola,Biossido di Azoto,2008-02,96.64,694
6786,Brescia v.Ziziola,Biossido di Azoto,2008-03,63.30,730
6786,Brescia v.Ziziola,Biossido di Azoto,2008-04,60.95,719
6786,Brescia v.Ziziola,Biossido di Azoto,2008-05,49.24,744
6786,Brescia v.Ziziola,Biossido di Azoto,2008-06,45.28,720
6786,Brescia v.Ziziola,Biossido di Azoto,2008-07,53.97,743
6786,Brescia v.Ziziola,Biossido di Azoto,2008-08,41.01,743
6786,Brescia v.Ziziola,Biossido di Azoto,2008-09,53.03,705
6786,Brescia v.Ziziola,Biossido di Azoto,2008-10,67.50,727
6786,Brescia v.Ziziola,Biossido di Azoto,2008-11,63.17,720
6786,Brescia v.Ziziola,Biossido di Azoto,2008-12,77.47,736
6786,Brescia v.Ziziola,Biossido di Azoto,2009-01,86.88,742
6786,Brescia v.Ziziola,Biossido di Azoto,2009-02,64.96,672
6786,Brescia v.Ziziola,Biossido di Azoto,2009-03,56.87,721
6786,Brescia v.Ziziola,Biossido di Azoto,2009-04,41.17,717
6786,Brescia v.Ziziola,Biossido di Azoto,2009-05,40.18,743
6786,Brescia v.Ziziola,Biossido di Azoto,2009-06,36.14,718
6786,Brescia v.Ziziola,Biossido di Azoto,2009-07,33.41,738
6786,Brescia v.Ziziola,Biossido di Azoto,2009-08,29.63,741
6786,Brescia v.Ziziola,Biossido di Azoto,2009-09,47.23,719
6786,Brescia v.Ziziola,Biossido di Azoto,2009-10,58.95,739
6786,Brescia v.Ziziola,Biossido di Azoto,2009-11,58.13,719
6786,Brescia v.Ziziola,Biossido di Azoto,2009-12,82.18,740
6786,Brescia v.Ziziola,Biossido di Azoto,2010-01,49.40,1
6786,Brescia v.Ziziola,Biossido di Azoto,2010-01,80.81,741
6786,Brescia v.Ziziola,Biossido di Azoto,2010-02,80.97,669
6786,Brescia v.Ziziola,Biossido di Azoto,2010-03,63.06,739
6786,Brescia v.Ziziola,Biossido di Azoto,2010-04,44.15,720
6786,Brescia v.Ziziola,Biossido di Azoto,2010-05,33.46,742
6786,Brescia v.Ziziola,Biossido di Azoto,2010-06,27.05,720
6786,Brescia v.Ziziola,Biossido di Azoto,2010-07,29.04,742
6786,Brescia v.Ziziola,Biossido di Azoto,2010-08,23.15,743
6786,Brescia v.Ziziola,Biossido di Azoto,2010-09,31.30,708
6786,Brescia v.Ziziola,Biossido di Azoto,2010-10,39.57,732
6786,Brescia v.Ziziola,Biossido di Azoto,2010-11,46.15,719
6786,Brescia v.Ziziola,Biossido di Azoto,2010-12,64.75,743
6786,Brescia v.Ziziola,Biossido di Azoto,2011-01,62.11,744
6786,Brescia v.Ziziola,Biossido di Azoto,2011-02,68.72,672
6786,Brescia v.Ziziola,Biossido di Azoto,2011-03,50.66,743
6786,Brescia v.Ziziola,Biossido di Azoto,2011-04,44.94,710
6786,Brescia v.Ziziola,Biossido di Azoto,2011-05,30.85,742
6786,Brescia v.Ziziola,Biossido di Azoto,2011-06,23.95,716
6786,Brescia v.Ziziola,Biossido di Azoto,2011-07,25.73,743
6786,Brescia v.Ziziola,Biossido di Azoto,2011-08,24.28,743
6786,Brescia v.Ziziola,Biossido di Azoto,2011-09,28.21,702
6786,Brescia v.Ziziola,Biossido di Azoto,2011-10,50.05,742
6786,Brescia v.Ziziola,Biossido di Azoto,2011-11,60.39,719
6786,Brescia v.Ziziola,Biossido di Azoto,2011-12,64.87,744
6786,Brescia v.Ziziola,Biossido di Azoto,2012-01,68.06,742
6786,Brescia v.Ziziola,Biossido di Azoto,2012-02,65.50,696
6786,Brescia v.Ziziola,Biossido di Azoto,2012-03,52.88,730
6786,Brescia v.Ziziola,Biossido di Azoto,2012-04,34.81,719
6786,Brescia v.Ziziola,Biossido di Azoto,2012-05,32.13,708
6786,Brescia v.Ziziola,Biossido di Azoto,2012-06,27.59,618
6786,Brescia v.Ziziola,Biossido di Azoto,2012-07,22.74,743
6786,Brescia v.Ziziola,Biossido di Azoto,2012-08,23.09,743
6786,Brescia v.Ziziola,Biossido di Azoto,2012-09,27.72,718
6786,Brescia v.Ziziola,Biossido di Azoto,2012-10,28.15,722
6786,Brescia v.Ziziola,Biossido di Azoto,2012-11,31.94,705
6786,Brescia v.Ziziola,Biossido di Azoto,2012-12,56.13,722
6786,Brescia v.Ziziola,Biossido di Azoto,2013-01,55.71,726
6786,Brescia v.Ziziola,Biossido di Azoto,2013-02,60.85,671
6786,Brescia v.Ziziola,Biossido di Azoto,2013-03,46.34,722
6786,Brescia v.Ziziola,Biossido di Azoto,2013-04,30.45,706
6786,Brescia v.Ziziola,Biossido di Azoto,2013-05,26.73,734
6786,Brescia v.Ziziola,Biossido di Azoto,2013-06,18.93,719
6786,Brescia v.Ziziola,Biossido di Azoto,2013-07,24.90,737
6786,Brescia v.Ziziola,Biossido di Azoto,2013-08,23.97,743
6786,Brescia v.Ziziola,Biossido di Azoto,2013-09,23.96,712
6786,Brescia v.Ziziola,Biossido di Azoto,2013-10,19.97,738
6786,Brescia v.Ziziola,Biossido di Azoto,2013-11,40.28,569
6786,Brescia v.Ziziola,Biossido di Azoto,2013-12,64.25,719
6786,Brescia v.Ziziola,Biossido di Azoto,2014-01,43.98,740
6786,Brescia v.Ziziola,Biossido di Azoto,2014-02,40.64,672
6786,Brescia v.Ziziola,Biossido di Azoto,2014-03,37.48,744
6786,Brescia v.Ziziola,Biossido di Azoto,2014-04,26.14,717
6786,Brescia v.Ziziola,Biossido di Azoto,2014-05,32.75,689
6786,Brescia v.Ziziola,Biossido di Azoto,2014-06,16.57,695
6786,Brescia v.Ziziola,Biossido di Azoto,2014-07,19.48,742
6786,Brescia v.Ziziola,Biossido di Azoto,2014-08,14.29,742
6786,Brescia v.Ziziola,Biossido di Azoto,2014-09,17.39,716
6786,Brescia v.Ziziola,Biossido di Azoto,2014-10,20.21,744
6786,Brescia v.Ziziola,Biossido di Azoto,2014-11,28.18,602
6786,Brescia v.Ziziola,Biossido di Azoto,2014-12,37.34,739
6786,Brescia v.Ziziola,Biossido di Azoto,2015-01,51.26,741
6786,Brescia v.Ziziola,Biossido di Azoto,2015-02,51.71,659
6786,Brescia v.Ziziola,Biossido di Azoto,2015-03,35.00,743
6786,Brescia v.Ziziola,Biossido di Azoto,2015-04,30.73,719
6786,Brescia v.Ziziola,Biossido di Azoto,2015-05,22.46,744
6786,Brescia v.Ziziola,Biossido di Azoto,2015-06,20.65,714
6786,Brescia v.Ziziola,Biossido di Azoto,2015-07,24.77,727
6786,Brescia v.Ziziola,Biossido di Azoto,2015-08,20.73,741
6786,Brescia v.Ziziola,Biossido di Azoto,2015-09,24.58,715
6786,Brescia v.Ziziola,Biossido di Azoto,2015-10,34.29,731
6786,Brescia v.Ziziola,Biossido di Azoto,2015-11,54.48,712
6786,Brescia v.Ziziola,Biossido di Azoto,2015-12,66.84,742
6786,Brescia v.Ziziola,Biossido di Azoto,2016-01,62.77,739
6786,Brescia v.Ziziola,Biossido di Azoto,2016-02,37.75,694
6786,Brescia v.Ziziola,Biossido di Azoto,2016-03,35.17,742
6786,Brescia v.Ziziola,Biossido di Azoto,2016-04,28.47,718
6786,Brescia v.Ziziola,Biossido di Azoto,2016-05,25.58,743
6786,Brescia v.Ziziola,Biossido di Azoto,2016-06,21.48,717
6786,Brescia v.Ziziola,Biossido di Azoto,2016-07,23.21,743
6786,Brescia v.Ziziola,Biossido di Azoto,2016-08,15.89,741
6786,Brescia v.Ziziola,Biossido di Azoto,2016-09,26.38,718
6786,Brescia v.Ziziola,Biossido di Azoto,2016-10,32.70,744
6786,Brescia v.Ziziola,Biossido di Azoto,2016-11,38.40,697
6786,Brescia v.Ziziola,Biossido di Azoto,2016-12,58.77,636
6786,Brescia v.Ziziola,Biossido di Azoto,2017-01,71.30,1
6787,Brescia v.Ziziola,Biossido di Zolfo,2000-01,11.60,625
6787,Brescia v.Ziziola,Biossido di Zolfo,2000-02,9.02,624
6787,Brescia v.Ziziola,Biossido di Zolfo,2000-03,7.57,585
6787,Brescia v.Ziziola,Biossido di Zolfo,2000-04,4.72,489
6787,Brescia v.Ziziola,Biossido di Zolfo,2000-05,4.84,451
6787,Brescia v.Ziziola,Biossido di Zolfo,2000-06,6.52,605
6787,Brescia v.Ziziola,Biossido di Zolfo,2000-07,4.58,563
6787,Brescia v.Ziziola,Biossido di Zolfo,2000-08,3.00,215
6787,Brescia v.Ziziola,Biossido di Zolfo,2000-09,6.83,627
6787,Brescia v.Ziziola,Biossido di Zolfo,2000-10,4.78,725
6787,Brescia v.Ziziola,Biossido di Zolfo,2000-11,4.95,2
6787,Brescia v.Ziziola,Biossido di Zolfo,2000-12,10.85,2
6787,Brescia v.Ziziola,Biossido di Zolfo,2001-01,14.06,40
6787,Brescia v.Ziziola,Biossido di Zolfo,2001-02,7.13,28
6787,Brescia v.Ziziola,Biossido di Zolfo,2001-06,5.21,692
6787,Brescia v.Ziziola,Biossido di Zolfo,2001-07,6.18,356
6787,Brescia v.Ziziola,Biossido di Zolfo,2001-08,5.00,537
6787,Brescia v.Ziziola,Biossido di Zolfo,2001-09,6.51,191
6787,Brescia v.Ziziola,Biossido di Zolfo,2001-10,7.62,720
6787,Brescia v.Ziziola,Biossido di Zolfo,2001-11,15.56,438
6787,Brescia v.Ziziola,Biossido di Zolfo,2001-12,26.96,681
6787,Brescia v.Ziziola,Biossido di Zolfo,2002-01,11.32,742
6787,Brescia v.Ziziola,Biossido di Zolfo,2002-02,11.13,662
6787,Brescia v.Ziziola,Biossido di Zolfo,2002-03,12.08,718
6787,Brescia v.Ziziola,Biossido di Zolfo,2002-04,12.18,719
6787,Brescia v.Ziziola,Biossido di Zolfo,2002-05,10.81,742
6787,Brescia v.Ziziola,Biossido di Zolfo,2002-06,10.92,702
6787,Brescia v.Ziziola,Biossido di Zolfo,2002-07,8.06,700
6787,Brescia v.Ziziola,Biossido di Zolfo,2002-08,7.16,610
6787,Brescia v.Ziziola,Biossido di Zolfo,2002-09,9.70,677
6787,Brescia v.Ziziola,Biossido di Zolfo,2002-10,12.32,738
6787,Brescia v.Ziziola,Biossido di Zolfo,2002-11,14.58,699
6787,Brescia v.Ziziola,Biossido di Zolfo,2002-12,18.09,575
6787,Brescia v.Ziziola,Biossido di Zolfo,2003-01,13.31,713
6787,Brescia v.Ziziola,Biossido di Zolfo,2003-02,12.93,224
6787,Brescia v.Ziziola,Biossido di Zolfo,2003-06,8.90,1
6787,Brescia v.Ziziola,Biossido di Zolfo,2003-08,11.16,14
6787,Brescia v.Ziziola,Biossido di Zolfo,2003-11,15.46,287
6787,Brescia v.Ziziola,Biossido di Zolfo,2003-12,17.39,740
6787,Brescia v.Ziziola,Biossido di Zolfo,2004-01,18.72,732
6787,Brescia v.Ziziola,Biossido di Zolfo,2004-02,19.25,514
6787,Brescia v.Ziziola,Biossido di Zolfo,2004-03,17.31,670
6787,Brescia v.Ziziola,Biossido di Zolfo,2004-04,17.38,619
6787,Brescia v.Ziziola,Biossido di Zolfo,2004-05,16.83,713
6787,Brescia v.Ziziola,Biossido di Zolfo,2004-06,16.75,668
6787,Brescia v.Ziziola,Biossido di Zolfo,2004-07,12.37,685
6787,Brescia v.Ziziola,Biossido di Zolfo,2004-08,18.67,693
6787,Brescia v.Ziziola,Biossido di Zolfo,2004-09,19.51,719
6787,Brescia v.Ziziola,Biossido di Zolfo,2004-10,12.62,669
6787,Brescia v.Ziziola,Biossido di Zolfo,2004-11,10.42,719
6787,Brescia v.Ziziola,Biossido di Zolfo,2004-12,11.90,713
6787,Brescia v.Ziziola,Biossido di Zolfo,2005-01,16.83,708
6787,Brescia v.Ziziola,Biossido di Zolfo,2005-02,13.76,649
6787,Brescia v.Ziziola,Biossido di Zolfo,2005-03,12.35,700
6787,Brescia v.Ziziola,Biossido di Zolfo,2005-04,11.49,719
6787,Brescia v.Ziziola,Biossido di Zolfo,2005-05,7.54,672
6787,Brescia v.Ziziola,Biossido di Zolfo,2005-06,6.29,675
6787,Brescia v.Ziziola,Biossido di Zolfo,2005-07,7.30,515
6787,Brescia v.Ziziola,Biossido di Zolfo,2005-08,9.82,670
6787,Brescia v.Ziziola,Biossido di Zolfo,2005-09,10.53,719
6787,Brescia v.Ziziola,Biossido di Zolfo,2005-10,10.73,744
6787,Brescia v.Ziziola,Biossido di Zolfo,2005-11,14.67,720
6787,Brescia v.Ziziola,Biossido di Zolfo,2005-12,20.07,743
6787,Brescia v.Ziziola,Biossido di Zolfo,2006-01,20.77,712
6787,Brescia v.Ziziola,Biossido di Zolfo,2006-02,16.58,672
6787,Brescia v.Ziziola,Biossido di Zolfo,2006-03,13.81,744
6787,Brescia v.Ziziola,Biossido di Zolfo,2006-04,14.47,720
6787,Brescia v.Ziziola,Biossido di Zolfo,2006-05,13.85,744
6787,Brescia v.Ziziola,Biossido di Zolfo,2006-06,13.99,720
6787,Brescia v.Ziziola,Biossido di Zolfo,2006-07,14.27,744
6787,Brescia v.Ziziola,Biossido di Zolfo,2006-08,15.04,744
6787,Brescia v.Ziziola,Biossido di Zolfo,2006-09,17.54,553
6787,Brescia v.Ziziola,Biossido di Zolfo,2006-10,17.17,695
6787,Brescia v.Ziziola,Biossido di Zolfo,2006-11,11.48,719
6787,Brescia v.Ziziola,Biossido di Zolfo,2006-12,9.60,685
6787,Brescia v.Ziziola,Biossido di Zolfo,2007-01,8.34,744
6787,Brescia v.Ziziola,Biossido di Zolfo,2007-02,9.25,672
6787,Brescia v.Ziziola,Biossido di Zolfo,2007-03,7.83,742
6787,Brescia v.Ziziola,Biossido di Zolfo,2007-04,7.84,720
6787,Brescia v.Ziziola,Biossido di Zolfo,2007-05,9.12,697
6787,Brescia v.Ziziola,Biossido di Zolfo,2007-06,9.21,658
6787,Brescia v.Ziziola,Biossido di Zolfo,2007-07,10.13,736
6787,Brescia v.Ziziola,Biossido di Zolfo,2007-08,9.87,742
6787,Brescia v.Ziziola,Biossido di Zolfo,2007-09,12.61,712
6787,Brescia v.Ziziola,Biossido di Zolfo,2007-10,16.40,729
6787,Brescia v.Ziziola,Biossido di Zolfo,2007-11,20.66,688
6787,Brescia v.Ziziola,Biossido di Zolfo,2007-12,28.35,656
6787,Brescia v.Ziziola,Biossido di Zolfo,2008-01,15.73,735
6787,Brescia v.Ziziola,Biossido di Zolfo,2008-02,9.33,696
6787,Brescia v.Ziziola,Biossido di Zolfo,2008-03,9.43,730
6787,Brescia v.Ziziola,Biossido di Zolfo,2008-04,9.50,719
6787,Brescia v.Ziziola,Biossido di Zolfo,2008-05,9.89,744
6787,Brescia v.Ziziola,Biossido di Zolfo,2008-06,9.52,720
6787,Brescia v.Ziziola,Biossido di Zolfo,2008-07,8.78,741
6787,Brescia v.Ziziola,Biossido di Zolfo,2008-08,6.65,743
6787,Brescia v.Ziziola,Biossido di Zolfo,2008-09,11.26,700
6787,Brescia v.Ziziola,Biossido di Zolfo,2008-10,10.44,684
6787,Brescia v.Ziziola,Biossido di Zolfo,2008-11,14.01,719
6787,Brescia v.Ziziola,Biossido di Zolfo,2008-12,12.68,638
6787,Brescia v.Ziziola,Biossido di Zolfo,2009-01,7.14,744
6787,Brescia v.Ziziola,Biossido di Zolfo,2009-02,5.11,672
6787,Brescia v.Ziziola,Biossido di Zolfo,2009-03,5.72,722
6787,Brescia v.Ziziola,Biossido di Zolfo,2009-04,6.01,719
6787,Brescia v.Ziziola,Biossido di Zolfo,2009-05,2.52,744
6787,Brescia v.Ziziola,Biossido di Zolfo,2009-06,2.42,720
6787,Brescia v.Ziziola,Biossido di Zolfo,2009-07,2.37,737
6787,Brescia v.Ziziola,Biossido di Zolfo,2009-08,2.20,741
6787,Brescia v.Ziziola,Biossido di Zolfo,2009-09,3.62,719
6787,Brescia v.Ziziola,Biossido di Zolfo,2009-10,6.99,744
6787,Brescia v.Ziziola,Biossido di Zolfo,2009-11,6.18,718
6787,Brescia v.Ziziola,Biossido di Zolfo,2009-12,6.53,741
6787,Brescia v.Ziziola,Biossido di Zolfo,2010-01,5.80,1
6787,Brescia v.Ziziola,Biossido di Zolfo,2010-01,7.10,741
6787,Brescia v.Ziziola,Biossido di Zolfo,2010-02,7.04,671
6787,Brescia v.Ziziola,Biossido di Zolfo,2010-03,6.85,738
6787,Brescia v.Ziziola,Biossido di Zolfo,2010-04,6.53,720
6787,Brescia v.Ziziola,Biossido di Zolfo,2010-05,10.62,739
6787,Brescia v.Ziziola,Biossido di Zolfo,2010-06,10.66,719
6787,Brescia v.Ziziola,Biossido di Zolfo,2010-07,9.50,599
6787,Brescia v.Ziziola,Biossido di Zolfo,2010-08,12.86,742
6787,Brescia v.Ziziola,Biossido di Zolfo,2010-09,8.57,628
6787,Brescia v.Ziziola,Biossido di Zolfo,2010-10,3.07,733
6787,Brescia v.Ziziola,Biossido di Zolfo,2010-11,4.78,720
6787,Brescia v.Ziziola,Biossido di Zolfo,2010-12,10.21,742
6787,Brescia v.Ziziola,Biossido di Zolfo,2011-01,11.34,744
6787,Brescia v.Ziziola,Biossido di Zolfo,2011-02,12.81,672
6787,Brescia v.Ziziola,Biossido di Zolfo,2011-03,9.07,742
6787,Brescia v.Ziziola,Biossido di Zolfo,2011-04,4.10,718
6787,Brescia v.Ziziola,Biossido di Zolfo,2011-05,7.47,744
6787,Brescia v.Ziziola,Biossido di Zolfo,2011-06,6.81,717
6787,Brescia v.Ziziola,Biossido di Zolfo,2011-07,3.99,742
6787,Brescia v.Ziziola,Biossido di Zolfo,2011-08,5.48,741
6787,Brescia v.Ziziola,Biossido di Zolfo,2011-09,6.99,702
6787,Brescia v.Ziziola,Biossido di Zolfo,2011-10,9.53,740
6787,Brescia v.Ziziola,Biossido di Zolfo,2011-11,9.71,673
6787,Brescia v.Ziziola,Biossido di Zolfo,2011-12,7.53,743
6787,Brescia v.Ziziola,Biossido di Zolfo,2012-01,5.35,2
6789,Brescia v.Ziziola,Monossido di Carbonio,2000-01,2.49,640
6789,Brescia v.Ziziola,Monossido di Carbonio,2000-02,1.49,686
6789,Brescia v.Ziziola,Monossido di Carbonio,2000-03,0.79,693
6789,Brescia v.Ziziola,Monossido di Carbonio,2000-04,0.53,483
6789,Brescia v.Ziziola,Monossido di Carbonio,2000-05,0.40,451
6789,Brescia v.Ziziola,Monossido di Carbonio,2000-06,0.35,607
6789,Brescia v.Ziziola,Monossido di Carbonio,2000-07,0.37,567
6789,Brescia v.Ziziola,Monossido di Carbonio,2000-08,0.27,229
6789,Brescia v.Ziziola,Monossido di Carbonio,2000-09,0.47,622
6789,Brescia v.Ziziola,Monossido di Carbonio,2000-10,0.78,724
6789,Brescia v.Ziziola,Monossido di Carbonio,2000-11,1.56,720
6789,Brescia v.Ziziola,Monossido di Carbonio,2000-12,2.06,605
6789,Brescia v.Ziziola,Monossido di Carbonio,2001-02,0.53,160
6789,Brescia v.Ziziola,Monossido di Carbonio,2001-03,0.52,533
6789,Brescia v.Ziziola,Monossido di Carbonio,2001-04,0.62,404
6789,Brescia v.Ziziola,Monossido di Carbonio,2001-05,1.09,744
6789,Brescia v.Ziziola,Monossido di Carbonio,2001-06,0.43,687
6789,Brescia v.Ziziola,Monossido di Carbonio,2001-07,0.36,555
6789,Brescia v.Ziziola,Monossido di Carbonio,2001-08,0.41,536
6789,Brescia v.Ziziola,Monossido di Carbonio,2001-09,0.67,192
6789,Brescia v.Ziziola,Monossido di Carbonio,2001-10,0.88,715
6789,Brescia v.Ziziola,Monossido di Carbonio,2001-11,1.59,573
6789,Brescia v.Ziziola,Monossido di Carbonio,2001-12,2.37,682
6789,Brescia v.Ziziola,Monossido di Carbonio,2002-01,1.97,356
6789,Brescia v.Ziziola,Monossido di Carbonio,2002-02,1.02,460
6789,Brescia v.Ziziola,Monossido di Carbonio,2002-03,0.86,161
6789,Brescia v.Ziziola,Monossido di Carbonio,2002-05,0.32,37
6789,Brescia v.Ziziola,Monossido di Carbonio,2002-06,0.74,703
6789,Brescia v.Ziziola,Monossido di Carbonio,2002-07,0.63,700
6789,Brescia v.Ziziola,Monossido di Carbonio,2002-08,0.40,610
6789,Brescia v.Ziziola,Monossido di Carbonio,2002-09,0.63,677
6789,Brescia v.Ziziola,Monossido di Carbonio,2002-10,0.98,738
6789,Brescia v.Ziziola,Monossido di Carbonio,2002-11,1.07,699
6789,Brescia v.Ziziola,Monossido di Carbonio,2002-12,1.67,733
6789,Brescia v.Ziziola,Monossido di Carbonio,2003-01,1.29,580
6789,Brescia v.Ziziola,Monossido di Carbonio,2003-02,0.71,224
6789,Brescia v.Ziziola,Monossido di Carbonio,2003-05,0.00,3
6789,Brescia v.Ziziola,Monossido di Carbonio,2003-06,0.02,104
6789,Brescia v.Ziziola,Monossido di Carbonio,2003-07,0.03,97
6789,Brescia v.Ziziola,Monossido di Carbonio,2003-08,0.30,7
6789,Brescia v.Ziziola,Monossido di Carbonio,2003-11,0.83,287
6789,Brescia v.Ziziola,Monossido di Carbonio,2003-12,1.21,740
6789,Brescia v.Ziziola,Monossido di Carbonio,2004-01,0.98,732
6789,Brescia v.Ziziola,Monossido di Carbonio,2004-02,0.91,462
6789,Brescia v.Ziziola,Monossido di Carbonio,2004-03,0.52,402
6789,Brescia v.Ziziola,Monossido di Carbonio,2004-04,0.30,582
6789,Brescia v.Ziziola,Monossido di Carbonio,2004-05,0.46,461
6789,Brescia v.Ziziola,Monossido di Carbonio,2004-06,0.97,659
6789,Brescia v.Ziziola,Monossido di Carbonio,2004-07,0.84,604
6789,Brescia v.Ziziola,Monossido di Carbonio,2004-08,0.32,570
6789,Brescia v.Ziziola,Monossido di Carbonio,2004-09,0.31,719
6789,Brescia v.Ziziola,Monossido di Carbonio,2004-10,0.23,669
6789,Brescia v.Ziziola,Monossido di Carbonio,2004-11,0.52,719
6789,Brescia v.Ziziola,Monossido di Carbonio,2004-12,0.70,713
6789,Brescia v.Ziziola,Monossido di Carbonio,2005-01,0.78,708
6789,Brescia v.Ziziola,Monossido di Carbonio,2005-02,0.27,649
6789,Brescia v.Ziziola,Monossido di Carbonio,2005-03,0.63,701
6789,Brescia v.Ziziola,Monossido di Carbonio,2005-04,0.38,719
6789,Brescia v.Ziziola,Monossido di Carbonio,2005-05,0.20,672
6789,Brescia v.Ziziola,Monossido di Carbonio,2005-06,0.19,675
6789,Brescia v.Ziziola,Monossido di Carbonio,2005-07,0.11,515
6789,Brescia v.Ziziola,Monossido di Carbonio,2005-08,0.19,670
6789,Brescia v.Ziziola,Monossido di Carbonio,2005-09,0.75,719
6789,Brescia v.Ziziola,Monossido di Carbonio,2005-10,0.62,744
6789,Brescia v.Ziziola,Monossido di Carbonio,2005-11,0.76,720
6789,Brescia v.Ziziola,Monossido di Carbonio,2005-12,0.98,743
6789,Brescia v.Ziziola,Monossido di Carbonio,2006-01,1.19,712
6789,Brescia v.Ziziola,Monossido di Carbonio,2006-02,1.20,672
6789,Brescia v.Ziziola,Monossido di Carbonio,2006-03,0.73,744
6789,Brescia v.Ziziola,Monossido di Carbonio,2006-04,0.45,720
6789,Brescia v.Ziziola,Monossido di Carbonio,2006-05,0.36,744
6789,Brescia v.Ziziola,Monossido di Carbonio,2006-06,0.35,720
6789,Brescia v.Ziziola,Monossido di Carbonio,2006-07,0.31,744
6789,Brescia v.Ziziola,Monossido di Carbonio,2006-08,0.16,722
6789,Brescia v.Ziziola,Monossido di Carbonio,2006-09,0.20,553
6789,Brescia v.Ziziola,Monossido di Carbonio,2006-10,0.35,695
6789,Brescia v.Ziziola,Monossido di Carbonio,2006-11,0.49,713
6789,Brescia v.Ziziola,Monossido di Carbonio,2006-12,1.24,685
6789,Brescia v.Ziziola,Monossido di Carbonio,2007-01,1.93,744
6789,Brescia v.Ziziola,Monossido di Carbonio,2007-02,1.31,672
6789,Brescia v.Ziziola,Monossido di Carbonio,2007-03,0.47,729
6789,Brescia v.Ziziola,Monossido di Carbonio,2007-04,0.60,695
6789,Brescia v.Ziziola,Monossido di Carbonio,2007-05,0.35,569
6789,Brescia v.Ziziola,Monossido di Carbonio,2007-06,0.85,530
6789,Brescia v.Ziziola,Monossido di Carbonio,2007-07,0.34,744
6789,Brescia v.Ziziola,Monossido di Carbonio,2007-08,0.15,743
6789,Brescia v.Ziziola,Monossido di Carbonio,2007-09,0.42,716
6789,Brescia v.Ziziola,Monossido di Carbonio,2007-10,0.74,730
6789,Brescia v.Ziziola,Monossido di Carbonio,2007-11,0.96,683
6789,Brescia v.Ziziola,Monossido di Carbonio,2007-12,1.38,742
6789,Brescia v.Ziziola,Monossido di Carbonio,2008-01,0.98,740
6789,Brescia v.Ziziola,Monossido di Carbonio,2008-02,1.09,696
6789,Brescia v.Ziziola,Monossido di Carbonio,2008-03,0.63,730
6789,Brescia v.Ziziola,Monossido di Carbonio,2008-04,0.61,719
6789,Brescia v.Ziziola,Monossido di Carbonio,2008-05,0.50,744
6789,Brescia v.Ziziola,Monossido di Carbonio,2008-06,0.37,685
6789,Brescia v.Ziziola,Monossido di Carbonio,2008-07,0.34,743
6789,Brescia v.Ziziola,Monossido di Carbonio,2008-08,0.67,647
6789,Brescia v.Ziziola,Monossido di Carbonio,2008-09,0.24,700
6789,Brescia v.Ziziola,Monossido di Carbonio,2008-10,0.34,724
6789,Brescia v.Ziziola,Monossido di Carbonio,2008-11,0.63,720
6789,Brescia v.Ziziola,Monossido di Carbonio,2008-12,1.12,744
6789,Brescia v.Ziziola,Monossido di Carbonio,2009-01,1.49,742
6789,Brescia v.Ziziola,Monossido di Carbonio,2009-02,1.24,670
6789,Brescia v.Ziziola,Monossido di Carbonio,2009-03,0.64,722
6789,Brescia v.Ziziola,Monossido di Carbonio,2009-04,0.47,720
6789,Brescia v.Ziziola,Monossido di Carbonio,2009-05,0.25,744
6789,Brescia v.Ziziola,Monossido di Carbonio,2009-06,0.31,719
6789,Brescia v.Ziziola,Monossido di Carbonio,2009-07,0.40,737
6789,Brescia v.Ziziola,Monossido di Carbonio,2009-08,0.49,740
6789,Brescia v.Ziziola,Monossido di Carbonio,2009-09,0.49,719
6789,Brescia v.Ziziola,Monossido di Carbonio,2009-10,0.62,742
6789,Brescia v.Ziziola,Monossido di Carbonio,2009-11,0.62,719
6789,Brescia v.Ziziola,Monossido di Carbonio,2009-12,1.39,684
6789,Brescia v.Ziziola,Monossido di Carbonio,2010-01,1.13,618
6789,Brescia v.Ziziola,Monossido di Carbonio,2010-02,0.78,546
6789,Brescia v.Ziziola,Monossido di Carbonio,2010-03,0.36,739
6789,Brescia v.Ziziola,Monossido di Carbonio,2010-04,0.26,720
6789,Brescia v.Ziziola,Monossido di Carbonio,2010-05,0.26,741
6789,Brescia v.Ziziola,Monossido di Carbonio,2010-06,0.27,719
6789,Brescia v.Ziziola,Monossido di Carbonio,2010-07,0.35,743
6789,Brescia v.Ziziola,Monossido di Carbonio,2010-08,0.38,744
6789,Brescia v.Ziziola,Monossido di Carbonio,2010-09,0.49,719
6789,Brescia v.Ziziola,Monossido di Carbonio,2010-10,0.60,733
6789,Brescia v.Ziziola,Monossido di Carbonio,2010-11,1.01,653
6789,Brescia v.Ziziola,Monossido di Carbonio,2010-12,2.12,712
6789,Brescia v.Ziziola,Monossido di Carbonio,2011-01,1.00,471
6789,Brescia v.Ziziola,Monossido di Carbonio,2011-02,0.91,670
6789,Brescia v.Ziziola,Monossido di Carbonio,2011-03,0.57,743
6789,Brescia v.Ziziola,Monossido di Carbonio,2011-04,0.33,718
6789,Brescia v.Ziziola,Monossido di Carbonio,2011-05,0.25,742
6789,Brescia v.Ziziola,Monossido di Carbonio,2011-06,0.24,717
6789,Brescia v.Ziziola,Monossido di Carbonio,2011-07,0.33,742
6789,Brescia v.Ziziola,Monossido di Carbonio,2011-08,0.38,743
6789,Brescia v.Ziziola,Monossido di Carbonio,2011-09,0.42,703
6789,Brescia v.Ziziola,Monossido di Carbonio,2011-10,0.58,743
6789,Brescia v.Ziziola,Monossido di Carbonio,2011-11,0.98,717
6789,Brescia v.Ziziola,Monossido di Carbonio,2011-12,1.05,743
6789,Brescia v.Ziziola,Monossido di Carbonio,2012-01,1.10,743
6789,Brescia v.Ziziola,Monossido di Carbonio,2012-02,0.83,695
6789,Brescia v.Ziziola,Monossido di Carbonio,2012-03,0.54,743
6789,Brescia v.Ziziola,Monossido di Carbonio,2012-04,0.38,719
6789,Brescia v.Ziziola,Monossido di Carbonio,2012-05,0.35,696
6789,Brescia v.Ziziola,Monossido di Carbonio,2012-06,0.37,617
6789,Brescia v.Ziziola,Monossido di Carbonio,2012-07,0.35,743
6789,Brescia v.Ziziola,Monossido di Carbonio,2012-08,0.37,743
6789,Brescia v.Ziziola,Monossido di Carbonio,2012-09,0.48,719
6789,Brescia v.Ziziola,Monossido di Carbonio,2012-10,0.60,720
6789,Brescia v.Ziziola,Monossido di Carbonio,2012-11,0.78,632
6789,Brescia v.Ziziola,Monossido di Carbonio,2012-12,1.13,712
6789,Brescia v.Ziziola,Monossido di Carbonio,2013-01,1.19,725
6789,Brescia v.Ziziola,Monossido di Carbonio,2013-02,0.81,671
6789,Brescia v.Ziziola,Monossido di Carbonio,2013-03,0.62,722
6789,Brescia v.Ziziola,Monossido di Carbonio,2013-04,0.35,708
6789,Brescia v.Ziziola,Monossido di Carbonio,2013-05,0.29,732
6789,Brescia v.Ziziola,Monossido di Carbonio,2013-06,0.32,719
6789,Brescia v.Ziziola,Monossido di Carbonio,2013-07,0.23,737
6789,Brescia v.Ziziola,Monossido di Carbonio,2013-08,0.20,743
6789,Brescia v.Ziziola,Monossido di Carbonio,2013-09,0.28,712
6789,Brescia v.Ziziola,Monossido di Carbonio,2013-10,0.43,741
6789,Brescia v.Ziziola,Monossido di Carbonio,2013-11,0.58,663
6789,Brescia v.Ziziola,Monossido di Carbonio,2013-12,1.23,662
6789,Brescia v.Ziziola,Monossido di Carbonio,2014-01,0.49,706
6789,Brescia v.Ziziola,Monossido di Carbonio,2014-02,0.64,635
6789,Brescia v.Ziziola,Monossido di Carbonio,2014-03,0.40,742
6789,Brescia v.Ziziola,Monossido di Carbonio,2014-04,0.27,719
6789,Brescia v.Ziziola,Monossido di Carbonio,2014-05,0.32,742
6789,Brescia v.Ziziola,Monossido di Carbonio,2014-06,0.34,720
6789,Brescia v.Ziziola,Monossido di Carbonio,2014-07,0.14,744
6789,Brescia v.Ziziola,Monossido di Carbonio,2014-08,0.14,743
6789,Brescia v.Ziziola,Monossido di Carbonio,2014-09,0.33,719
6789,Brescia v.Ziziola,Monossido di Carbonio,2014-10,0.59,743
6789,Brescia v.Ziziola,Monossido di Carbonio,2014-11,0.78,719
6789,Brescia v.Ziziola,Monossido di Carbonio,2014-12,1.00,743
6789,Brescia v.Ziziola,Monossido di Carbonio,2015-01,0.89,743
6789,Brescia v.Ziziola,Monossido di Carbonio,2015-02,0.68,670
6789,Brescia v.Ziziola,Monossido di Carbonio,2015-03,0.52,743
6789,Brescia v.Ziziola,Monossido di Carbonio,2015-04,0.38,719
6789,Brescia v.Ziziola,Monossido di Carbonio,2015-05,0.49,744
6789,Brescia v.Ziziola,Monossido di Carbonio,2015-06,0.45,715
6789,Brescia v.Ziziola,Monossido di Carbonio,2015-07,0.32,727
6789,Brescia v.Ziziola,Monossido di Carbonio,2015-08,0.24,743
6789,Brescia v.Ziziola,Monossido di Carbonio,2015-09,0.24,718
6789,Brescia v.Ziziola,Monossido di Carbonio,2015-10,0.43,741
6789,Brescia v.Ziziola,Monossido di Carbonio,2015-11,0.62,719
6789,Brescia v.Ziziola,Monossido di Carbonio,2015-12,1.12,743
6789,Brescia v.Ziziola,Monossido di Carbonio,2016-01,0.73,743
6789,Brescia v.Ziziola,Monossido di Carbonio,2016-02,0.32,695
6789,Brescia v.Ziziola,Monossido di Carbonio,2016-03,0.25,743
6789,Brescia v.Ziziola,Monossido di Carbonio,2016-04,0.11,718
6789,Brescia v.Ziziola,Monossido di Carbonio,2016-05,0.19,743
6789,Brescia v.Ziziola,Monossido di Carbonio,2016-06,0.25,719
6789,Brescia v.Ziziola,Monossido di Carbonio,2016-07,0.26,744
6789,Brescia v.Ziziola,Monossido di Carbonio,2016-08,0.25,743
6789,Brescia v.Ziziola,Monossido di Carbonio,2016-09,0.30,718
6789,Brescia v.Ziziola,Monossido di Carbonio,2016-10,0.48,744
6789,Brescia v.Ziziola,Monossido di Carbonio,2016-11,0.57,720
6789,Brescia v.Ziziola,Monossido di Carbonio,2016-12,1.13,743
6789,Brescia v.Ziziola,Monossido di Carbonio,2017-01,2.40,1
6790,Brescia v.Ziziola,Ossidi di Azoto,2000-01,409.60,635
6790,Brescia v.Ziziola,Ossidi di Azoto,2000-02,284.32,682
6790,Brescia v.Ziziola,Ossidi di Azoto,2000-03,162.89,690
6790,Brescia v.Ziziola,Ossidi di Azoto,2000-04,90.29,485
6790,Brescia v.Ziziola,Ossidi di Azoto,2000-05,69.64,448
6790,Brescia v.Ziziola,Ossidi di Azoto,2000-06,60.89,618
6790,Brescia v.Ziziola,Ossidi di Azoto,2000-07,68.38,564
6790,Brescia v.Ziziola,Ossidi di Azoto,2000-08,46.88,228
6790,Brescia v.Ziziola,Ossidi di Azoto,2000-09,80.87,624
6790,Brescia v.Ziziola,Ossidi di Azoto,2000-10,136.56,730
6790,Brescia v.Ziziola,Ossidi di Azoto,2000-11,189.02,679
6790,Brescia v.Ziziola,Ossidi di Azoto,2000-12,240.27,496
6790,Brescia v.Ziziola,Ossidi di Azoto,2001-01,239.66,741
6790,Brescia v.Ziziola,Ossidi di Azoto,2001-02,195.44,605
6790,Brescia v.Ziziola,Ossidi di Azoto,2001-03,101.01,533
6790,Brescia v.Ziziola,Ossidi di Azoto,2001-04,64.41,404
6790,Brescia v.Ziziola,Ossidi di Azoto,2001-05,45.52,744
6790,Brescia v.Ziziola,Ossidi di Azoto,2001-06,36.33,680
6790,Brescia v.Ziziola,Ossidi di Azoto,2001-07,33.55,555
6790,Brescia v.Ziziola,Ossidi di Azoto,2001-08,58.49,317
6790,Brescia v.Ziziola,Ossidi di Azoto,2001-10,111.17,189
6790,Brescia v.Ziziola,Ossidi di Azoto,2001-11,346.55,54
6790,Brescia v.Ziziola,Ossidi di Azoto,2001-12,282.75,507
6790,Brescia v.Ziziola,Ossidi di Azoto,2002-01,329.19,742
6790,Brescia v.Ziziola,Ossidi di Azoto,2002-02,156.47,637
6790,Brescia v.Ziziola,Ossidi di Azoto,2002-03,102.83,643
6790,Brescia v.Ziziola,Ossidi di Azoto,2002-04,65.76,539
6790,Brescia v.Ziziola,Ossidi di Azoto,2002-05,56.87,628
6790,Brescia v.Ziziola,Ossidi di Azoto,2002-06,62.90,640
6790,Brescia v.Ziziola,Ossidi di Azoto,2002-07,54.72,676
6790,Brescia v.Ziziola,Ossidi di Azoto,2002-08,43.94,584
6790,Brescia v.Ziziola,Ossidi di Azoto,2002-09,79.84,676
6790,Brescia v.Ziziola,Ossidi di Azoto,2002-10,142.59,692
6790,Brescia v.Ziziola,Ossidi di Azoto,2002-11,136.76,699
6790,Brescia v.Ziziola,Ossidi di Azoto,2002-12,155.74,733
6790,Brescia v.Ziziola,Ossidi di Azoto,2003-01,180.81,713
6790,Brescia v.Ziziola,Ossidi di Azoto,2003-02,156.85,224
6790,Brescia v.Ziziola,Ossidi di Azoto,2003-07,7.54,7
6790,Brescia v.Ziziola,Ossidi di Azoto,2003-08,8.11,7
6790,Brescia v.Ziziola,Ossidi di Azoto,2003-11,86.52,276
6790,Brescia v.Ziziola,Ossidi di Azoto,2003-12,163.66,726
6790,Brescia v.Ziziola,Ossidi di Azoto,2004-01,202.21,732
6790,Brescia v.Ziziola,Ossidi di Azoto,2004-02,232.76,516
6790,Brescia v.Ziziola,Ossidi di Azoto,2004-03,104.82,680
6790,Brescia v.Ziziola,Ossidi di Azoto,2004-04,85.21,608
6790,Brescia v.Ziziola,Ossidi di Azoto,2004-05,47.49,713
6790,Brescia v.Ziziola,Ossidi di Azoto,2004-06,46.65,668
6790,Brescia v.Ziziola,Ossidi di Azoto,2004-07,49.01,665
6790,Brescia v.Ziziola,Ossidi di Azoto,2004-08,40.48,584
6790,Brescia v.Ziziola,Ossidi di Azoto,2004-09,64.04,719
6790,Brescia v.Ziziola,Ossidi di Azoto,2004-10,94.31,669
6790,Brescia v.Ziziola,Ossidi di Azoto,2004-11,173.53,719
6790,Brescia v.Ziziola,Ossidi di Azoto,2004-12,293.04,713
6790,Brescia v.Ziziola,Ossidi di Azoto,2005-01,293.35,708
6790,Brescia v.Ziziola,Ossidi di Azoto,2005-02,176.92,649
6790,Brescia v.Ziziola,Ossidi di Azoto,2005-03,122.84,701
6790,Brescia v.Ziziola,Ossidi di Azoto,2005-04,90.13,719
6790,Brescia v.Ziziola,Ossidi di Azoto,2005-05,71.99,672
6790,Brescia v.Ziziola,Ossidi di Azoto,2005-06,55.64,675
6790,Brescia v.Ziziola,Ossidi di Azoto,2005-07,53.99,515
6790,Brescia v.Ziziola,Ossidi di Azoto,2005-08,46.04,669
6790,Brescia v.Ziziola,Ossidi di Azoto,2005-09,82.95,719
6790,Brescia v.Ziziola,Ossidi di Azoto,2005-10,121.00,744
6790,Brescia v.Ziziola,Ossidi di Azoto,2005-11,169.88,720
6790,Brescia v.Ziziola,Ossidi di Azoto,2005-12,286.49,743
6790,Brescia v.Ziziola,Ossidi di Azoto,2006-01,302.55,712
6790,Brescia v.Ziziola,Ossidi di Azoto,2006-02,286.05,672
6790,Brescia v.Ziziola,Ossidi di Azoto,2006-03,115.10,744
6790,Brescia v.Ziziola,Ossidi di Azoto,2006-04,80.63,720
6790,Brescia v.Ziziola,Ossidi di Azoto,2006-05,60.30,744
6790,Brescia v.Ziziola,Ossidi di Azoto,2006-06,56.77,720
6790,Brescia v.Ziziola,Ossidi di Azoto,2006-07,50.70,744
6790,Brescia v.Ziziola,Ossidi di Azoto,2006-08,45.68,743
6790,Brescia v.Ziziola,Ossidi di Azoto,2006-09,86.25,553
6790,Brescia v.Ziziola,Ossidi di Azoto,2006-10,134.87,692
6790,Brescia v.Ziziola,Ossidi di Azoto,2006-11,258.81,717
6790,Brescia v.Ziziola,Ossidi di Azoto,2006-12,329.82,681
6790,Brescia v.Ziziola,Ossidi di Azoto,2007-01,234.37,744
6790,Brescia v.Ziziola,Ossidi di Azoto,2007-02,261.50,672
6790,Brescia v.Ziziola,Ossidi di Azoto,2007-03,131.40,744
6790,Brescia v.Ziziola,Ossidi di Azoto,2007-04,92.70,720
6790,Brescia v.Ziziola,Ossidi di Azoto,2007-05,71.77,732
6790,Brescia v.Ziziola,Ossidi di Azoto,2007-06,62.19,698
6790,Brescia v.Ziziola,Ossidi di Azoto,2007-07,60.41,743
6790,Brescia v.Ziziola,Ossidi di Azoto,2007-08,45.24,744
6790,Brescia v.Ziziola,Ossidi di Azoto,2007-09,73.44,713
6790,Brescia v.Ziziola,Ossidi di Azoto,2007-10,139.11,730
6790,Brescia v.Ziziola,Ossidi di Azoto,2007-11,194.41,693
6790,Brescia v.Ziziola,Ossidi di Azoto,2007-12,251.87,740
6790,Brescia v.Ziziola,Ossidi di Azoto,2008-01,257.20,740
6790,Brescia v.Ziziola,Ossidi di Azoto,2008-02,242.86,695
6790,Brescia v.Ziziola,Ossidi di Azoto,2008-03,107.73,730
6790,Brescia v.Ziziola,Ossidi di Azoto,2008-04,99.37,719
6790,Brescia v.Ziziola,Ossidi di Azoto,2008-05,72.79,744
6790,Brescia v.Ziziola,Ossidi di Azoto,2008-06,70.18,720
6790,Brescia v.Ziziola,Ossidi di Azoto,2008-07,74.84,743
6790,Brescia v.Ziziola,Ossidi di Azoto,2008-08,57.63,743
6790,Brescia v.Ziziola,Ossidi di Azoto,2008-09,91.26,705
6790,Brescia v.Ziziola,Ossidi di Azoto,2008-10,125.77,727
6790,Brescia v.Ziziola,Ossidi di Azoto,2008-11,161.79,720
6790,Brescia v.Ziziola,Ossidi di Azoto,2008-12,246.70,735
6790,Brescia v.Ziziola,Ossidi di Azoto,2009-01,295.64,741
6790,Brescia v.Ziziola,Ossidi di Azoto,2009-02,158.87,672
6790,Brescia v.Ziziola,Ossidi di Azoto,2009-03,102.55,722
6790,Brescia v.Ziziola,Ossidi di Azoto,2009-04,67.39,717
6790,Brescia v.Ziziola,Ossidi di Azoto,2009-05,57.15,743
6790,Brescia v.Ziziola,Ossidi di Azoto,2009-06,47.14,718
6790,Brescia v.Ziziola,Ossidi di Azoto,2009-07,45.08,737
6790,Brescia v.Ziziola,Ossidi di Azoto,2009-08,41.71,740
6790,Brescia v.Ziziola,Ossidi di Azoto,2009-09,71.81,719
6790,Brescia v.Ziziola,Ossidi di Azoto,2009-10,119.33,741
6790,Brescia v.Ziziola,Ossidi di Azoto,2009-11,142.06,719
6790,Brescia v.Ziziola,Ossidi di Azoto,2009-12,237.70,740
6790,Brescia v.Ziziola,Ossidi di Azoto,2010-01,105.60,1
6790,Brescia v.Ziziola,Ossidi di Azoto,2010-01,212.25,741
6790,Brescia v.Ziziola,Ossidi di Azoto,2010-02,169.54,669
6790,Brescia v.Ziziola,Ossidi di Azoto,2010-03,101.48,738
6790,Brescia v.Ziziola,Ossidi di Azoto,2010-04,64.59,720
6790,Brescia v.Ziziola,Ossidi di Azoto,2010-05,49.67,742
6790,Brescia v.Ziziola,Ossidi di Azoto,2010-06,36.26,718
6790,Brescia v.Ziziola,Ossidi di Azoto,2010-07,35.77,742
6790,Brescia v.Ziziola,Ossidi di Azoto,2010-08,29.23,743
6790,Brescia v.Ziziola,Ossidi di Azoto,2010-09,64.01,708
6790,Brescia v.Ziziola,Ossidi di Azoto,2010-10,108.56,733
6790,Brescia v.Ziziola,Ossidi di Azoto,2010-11,150.96,719
6790,Brescia v.Ziziola,Ossidi di Azoto,2010-12,281.13,743
6790,Brescia v.Ziziola,Ossidi di Azoto,2011-01,255.79,744
6790,Brescia v.Ziziola,Ossidi di Azoto,2011-02,226.00,672
6790,Brescia v.Ziziola,Ossidi di Azoto,2011-03,93.51,743
6790,Brescia v.Ziziola,Ossidi di Azoto,2011-04,72.62,711
6790,Brescia v.Ziziola,Ossidi di Azoto,2011-05,42.66,742
6790,Brescia v.Ziziola,Ossidi di Azoto,2011-06,31.30,716
6790,Brescia v.Ziziola,Ossidi di Azoto,2011-07,33.73,743
6790,Brescia v.Ziziola,Ossidi di Azoto,2011-08,30.53,743
6790,Brescia v.Ziziola,Ossidi di Azoto,2011-09,36.92,703
6790,Brescia v.Ziziola,Ossidi di Azoto,2011-10,97.25,742
6790,Brescia v.Ziziola,Ossidi di Azoto,2011-11,200.29,719
6790,Brescia v.Ziziola,Ossidi di Azoto,2011-12,266.84,744
6790,Brescia v.Ziziola,Ossidi di Azoto,2012-01,235.98,741
6790,Brescia v.Ziziola,Ossidi di Azoto,2012-02,145.46,696
6790,Brescia v.Ziziola,Ossidi di Azoto,2012-03,90.00,742
6790,Brescia v.Ziziola,Ossidi di Azoto,2012-04,52.27,719
6790,Brescia v.Ziziola,Ossidi di Azoto,2012-05,45.32,707
6790,Brescia v.Ziziola,Ossidi di Azoto,2012-06,40.45,618
6790,Brescia v.Ziziola,Ossidi di Azoto,2012-07,29.21,742
6790,Brescia v.Ziziola,Ossidi di Azoto,2012-08,30.93,743
6790,Brescia v.Ziziola,Ossidi di Azoto,2012-09,40.88,717
6790,Brescia v.Ziziola,Ossidi di Azoto,2012-10,119.14,722
6790,Brescia v.Ziziola,Ossidi di Azoto,2012-11,181.59,703
6790,Brescia v.Ziziola,Ossidi di Azoto,2012-12,329.80,720
6790,Brescia v.Ziziola,Ossidi di Azoto,2013-01,261.57,717
6790,Brescia v.Ziziola,Ossidi di Azoto,2013-02,213.65,652
6790,Brescia v.Ziziola,Ossidi di Azoto,2013-03,128.14,722
6790,Brescia v.Ziziola,Ossidi di Azoto,2013-04,75.10,696
6790,Brescia v.Ziziola,Ossidi di Azoto,2013-05,64.53,734
6790,Brescia v.Ziziola,Ossidi di Azoto,2013-06,44.13,719
6790,Brescia v.Ziziola,Ossidi di Azoto,2013-07,53.36,735
6790,Brescia v.Ziziola,Ossidi di Azoto,2013-08,52.20,736
6790,Brescia v.Ziziola,Ossidi di Azoto,2013-09,55.77,712
6790,Brescia v.Ziziola,Ossidi di Azoto,2013-10,71.77,734
6790,Brescia v.Ziziola,Ossidi di Azoto,2013-11,165.64,563
6790,Brescia v.Ziziola,Ossidi di Azoto,2013-12,283.40,719
6790,Brescia v.Ziziola,Ossidi di Azoto,2014-01,154.69,740
6790,Brescia v.Ziziola,Ossidi di Azoto,2014-02,106.18,672
6790,Brescia v.Ziziola,Ossidi di Azoto,2014-03,68.83,744
6790,Brescia v.Ziziola,Ossidi di Azoto,2014-04,40.87,715
6790,Brescia v.Ziziola,Ossidi di Azoto,2014-05,42.57,691
6790,Brescia v.Ziziola,Ossidi di Azoto,2014-06,19.19,695
6790,Brescia v.Ziziola,Ossidi di Azoto,2014-07,23.46,742
6790,Brescia v.Ziziola,Ossidi di Azoto,2014-08,19.20,742
6790,Brescia v.Ziziola,Ossidi di Azoto,2014-09,30.74,716
6790,Brescia v.Ziziola,Ossidi di Azoto,2014-10,56.73,744
6790,Brescia v.Ziziola,Ossidi di Azoto,2014-11,112.90,602
6790,Brescia v.Ziziola,Ossidi di Azoto,2014-12,154.00,739
6790,Brescia v.Ziziola,Ossidi di Azoto,2015-01,182.72,741
6790,Brescia v.Ziziola,Ossidi di Azoto,2015-02,138.40,659
6790,Brescia v.Ziziola,Ossidi di Azoto,2015-03,70.36,743
6790,Brescia v.Ziziola,Ossidi di Azoto,2015-04,45.36,719
6790,Brescia v.Ziziola,Ossidi di Azoto,2015-05,32.41,744
6790,Brescia v.Ziziola,Ossidi di Azoto,2015-06,27.28,714
6790,Brescia v.Ziziola,Ossidi di Azoto,2015-07,29.90,727
6790,Brescia v.Ziziola,Ossidi di Azoto,2015-08,27.16,741
6790,Brescia v.Ziziola,Ossidi di Azoto,2015-09,37.36,715
6790,Brescia v.Ziziola,Ossidi di Azoto,2015-10,67.50,731
6790,Brescia v.Ziziola,Ossidi di Azoto,2015-11,149.18,712
6790,Brescia v.Ziziola,Ossidi di Azoto,2015-12,245.99,742
6790,Brescia v.Ziziola,Ossidi di Azoto,2016-01,175.65,739
6790,Brescia v.Ziziola,Ossidi di Azoto,2016-02,104.84,694
6790,Brescia v.Ziziola,Ossidi di Azoto,2016-03,61.61,742
6790,Brescia v.Ziziola,Ossidi di Azoto,2016-04,48.15,718
6790,Brescia v.Ziziola,Ossidi di Azoto,2016-05,39.43,743
6790,Brescia v.Ziziola,Ossidi di Azoto,2016-06,30.09,717
6790,Brescia v.Ziziola,Ossidi di Azoto,2016-07,30.01,743
6790,Brescia v.Ziziola,Ossidi di Azoto,2016-08,22.20,741
6790,Brescia v.Ziziola,Ossidi di Azoto,2016-09,39.67,718
6790,Brescia v.Ziziola,Ossidi di Azoto,2016-10,68.88,744
6790,Brescia v.Ziziola,Ossidi di Azoto,2016-11,106.07,697
6790,Brescia v.Ziziola,Ossidi di Azoto,2016-12,295.73,636
6790,Brescia v.Ziziola,Ossidi di Azoto,2017-01,490.10,1
6791,Brescia v.Ziziola,Ozono,2000-01,9.79,652
6791,Brescia v.Ziziola,Ozono,2000-02,12.37,696
6791,Brescia v.Ziziola,Ozono,2000-03,24.35,704
6791,Brescia v.Ziziola,Ozono,2000-04,42.10,495
6791,Brescia v.Ziziola,Ozono,2000-05,55.30,458
6791,Brescia v.Ziziola,Ozono,2000-06,75.78,455
6791,Brescia v.Ziziola,Ozono,2000-07,70.81,578
6791,Brescia v.Ziziola,Ozono,2000-08,75.55,232
6791,Brescia v.Ziziola,Ozono,2000-09,58.96,372
6791,Brescia v.Ziziola,Ozono,2000-10,29.27,433
6791,Brescia v.Ziziola,Ozono,2000-11,25.74,720
6791,Brescia v.Ziziola,Ozono,2000-12,9.58,715
6791,Brescia v.Ziziola,Ozono,2001-01,11.67,744
6791,Brescia v.Ziziola,Ozono,2001-02,24.73,482
6791,Brescia v.Ziziola,Ozono,2001-03,20.42,489
6791,Brescia v.Ziziola,Ozono,2001-04,63.37,404
6791,Brescia v.Ziziola,Ozono,2001-05,65.07,579
6791,Brescia v.Ziziola,Ozono,2001-06,76.77,688
6791,Brescia v.Ziziola,Ozono,2001-07,73.91,558
6791,Brescia v.Ziziola,Ozono,2001-08,99.03,698
6791,Brescia v.Ziziola,Ozono,2001-09,31.68,173
6791,Brescia v.Ziziola,Ozono,2001-10,18.50,346
6791,Brescia v.Ziziola,Ozono,2001-12,4.40,405
6791,Brescia v.Ziziola,Ozono,2002-01,8.00,88
6791,Brescia v.Ziziola,Ozono,2002-02,17.28,273
6791,Brescia v.Ziziola,Ozono,2002-03,35.12,744
6791,Brescia v.Ziziola,Ozono,2002-04,59.33,720
6791,Brescia v.Ziziola,Ozono,2002-05,64.38,740
6791,Brescia v.Ziziola,Ozono,2002-06,85.76,703
6791,Brescia v.Ziziola,Ozono,2002-07,71.75,700
6791,Brescia v.Ziziola,Ozono,2002-08,71.54,611
6791,Brescia v.Ziziola,Ozono,2002-09,49.07,678
6791,Brescia v.Ziziola,Ozono,2002-10,19.12,738
6791,Brescia v.Ziziola,Ozono,2002-11,16.50,699
6791,Brescia v.Ziziola,Ozono,2002-12,9.54,733
6791,Brescia v.Ziziola,Ozono,2003-01,12.78,713
6791,Brescia v.Ziziola,Ozono,2003-02,19.72,224
6791,Brescia v.Ziziola,Ozono,2003-08,118.37,7
6791,Brescia v.Ziziola,Ozono,2003-11,12.30,287
6791,Brescia v.Ziziola,Ozono,2003-12,15.78,742
6791,Brescia v.Ziziola,Ozono,2004-01,11.61,733
6791,Brescia v.Ziziola,Ozono,2004-02,16.23,517
6791,Brescia v.Ziziola,Ozono,2004-03,30.43,680
6791,Brescia v.Ziziola,Ozono,2004-04,46.91,620
6791,Brescia v.Ziziola,Ozono,2004-05,68.32,713
6791,Brescia v.Ziziola,Ozono,2004-06,74.98,650
6791,Brescia v.Ziziola,Ozono,2004-07,75.60,698
6791,Brescia v.Ziziola,Ozono,2004-08,59.03,693
6791,Brescia v.Ziziola,Ozono,2004-09,45.37,719
6791,Brescia v.Ziziola,Ozono,2004-10,15.30,670
6791,Brescia v.Ziziola,Ozono,2004-11,9.44,717
6791,Brescia v.Ziziola,Ozono,2004-12,4.08,669
6791,Brescia v.Ziziola,Ozono,2005-01,7.41,705
6791,Brescia v.Ziziola,Ozono,2005-02,18.89,649
6791,Brescia v.Ziziola,Ozono,2005-03,34.16,702
6791,Brescia v.Ziziola,Ozono,2005-04,50.52,720
6791,Brescia v.Ziziola,Ozono,2005-05,74.81,673
6791,Brescia v.Ziziola,Ozono,2005-06,88.88,675
6791,Brescia v.Ziziola,Ozono,2005-07,92.20,515
6791,Brescia v.Ziziola,Ozono,2005-08,63.27,670
6791,Brescia v.Ziziola,Ozono,2005-09,43.18,719
6791,Brescia v.Ziziola,Ozono,2005-10,16.05,744
6791,Brescia v.Ziziola,Ozono,2005-11,5.20,720
6791,Brescia v.Ziziola,Ozono,2005-12,13.47,743
6791,Brescia v.Ziziola,Ozono,2006-01,17.59,712
6791,Brescia v.Ziziola,Ozono,2006-02,18.59,672
6791,Brescia v.Ziziola,Ozono,2006-03,32.92,722
6791,Brescia v.Ziziola,Ozono,2006-04,47.71,720
6791,Brescia v.Ziziola,Ozono,2006-05,66.19,744
6791,Brescia v.Ziziola,Ozono,2006-06,93.60,720
6791,Brescia v.Ziziola,Ozono,2006-07,111.47,744
6791,Brescia v.Ziziola,Ozono,2006-08,75.59,744
6791,Brescia v.Ziziola,Ozono,2006-09,76.94,552
6791,Brescia v.Ziziola,Ozono,2006-10,25.82,695
6791,Brescia v.Ziziola,Ozono,2006-11,9.73,720
6791,Brescia v.Ziziola,Ozono,2006-12,11.28,685
6791,Brescia v.Ziziola,Ozono,2007-01,9.50,734
6791,Brescia v.Ziziola,Ozono,2007-02,12.64,672
6791,Brescia v.Ziziola,Ozono,2007-03,37.35,744
6791,Brescia v.Ziziola,Ozono,2007-04,76.90,718
6791,Brescia v.Ziziola,Ozono,2007-05,77.30,730
6791,Brescia v.Ziziola,Ozono,2007-06,65.41,697
6791,Brescia v.Ziziola,Ozono,2007-07,91.53,744
6791,Brescia v.Ziziola,Ozono,2007-08,77.68,744
6791,Brescia v.Ziziola,Ozono,2007-09,57.53,716
6791,Brescia v.Ziziola,Ozono,2007-10,21.34,730
6791,Brescia v.Ziziola,Ozono,2007-11,13.76,693
6791,Brescia v.Ziziola,Ozono,2007-12,9.40,742
6791,Brescia v.Ziziola,Ozono,2008-01,11.96,740
6791,Brescia v.Ziziola,Ozono,2008-02,17.77,696
6791,Brescia v.Ziziola,Ozono,2008-03,34.73,730
6791,Brescia v.Ziziola,Ozono,2008-04,54.39,719
6791,Brescia v.Ziziola,Ozono,2008-05,71.76,743
6791,Brescia v.Ziziola,Ozono,2008-06,77.14,716
6791,Brescia v.Ziziola,Ozono,2008-07,91.68,743
6791,Brescia v.Ziziola,Ozono,2008-08,89.39,744
6791,Brescia v.Ziziola,Ozono,2008-09,56.76,705
6791,Brescia v.Ziziola,Ozono,2008-10,29.73,735
6791,Brescia v.Ziziola,Ozono,2008-11,20.96,720
6791,Brescia v.Ziziola,Ozono,2008-12,16.05,744
6791,Brescia v.Ziziola,Ozono,2009-01,9.69,744
6791,Brescia v.Ziziola,Ozono,2009-02,24.60,672
6791,Brescia v.Ziziola,Ozono,2009-03,44.34,722
6791,Brescia v.Ziziola,Ozono,2009-04,61.77,715
6791,Brescia v.Ziziola,Ozono,2009-05,83.77,744
6791,Brescia v.Ziziola,Ozono,2009-06,88.35,720
6791,Brescia v.Ziziola,Ozono,2009-07,101.55,726
6791,Brescia v.Ziziola,Ozono,2009-08,101.08,705
6791,Brescia v.Ziziola,Ozono,2009-09,60.46,685
6791,Brescia v.Ziziola,Ozono,2009-10,26.12,744
6791,Brescia v.Ziziola,Ozono,2009-11,15.60,720
6791,Brescia v.Ziziola,Ozono,2009-12,13.63,743
6791,Brescia v.Ziziola,Ozono,2010-01,7.40,1
6791,Brescia v.Ziziola,Ozono,2010-01,9.78,743
6791,Brescia v.Ziziola,Ozono,2010-02,15.29,671
6791,Brescia v.Ziziola,Ozono,2010-03,30.96,740
6791,Brescia v.Ziziola,Ozono,2010-04,57.19,720
6791,Brescia v.Ziziola,Ozono,2010-05,60.03,598
6791,Brescia v.Ziziola,Ozono,2010-06,71.84,720
6791,Brescia v.Ziziola,Ozono,2010-07,82.21,684
6791,Brescia v.Ziziola,Ozono,2010-08,83.46,590
6791,Brescia v.Ziziola,Ozono,2010-09,45.82,541
6791,Brescia v.Ziziola,Ozono,2010-10,30.97,735
6791,Brescia v.Ziziola,Ozono,2010-11,16.02,680
6791,Brescia v.Ziziola,Ozono,2010-12,8.11,744
6791,Brescia v.Ziziola,Ozono,2011-01,8.03,744
6791,Brescia v.Ziziola,Ozono,2011-02,15.91,641
6791,Brescia v.Ziziola,Ozono,2011-03,43.93,744
6791,Brescia v.Ziziola,Ozono,2011-04,72.39,720
6791,Brescia v.Ziziola,Ozono,2011-05,95.88,742
6791,Brescia v.Ziziola,Ozono,2011-06,75.63,718
6791,Brescia v.Ziziola,Ozono,2011-07,82.57,741
6791,Brescia v.Ziziola,Ozono,2011-08,99.17,744
6791,Brescia v.Ziziola,Ozono,2011-09,71.88,702
6791,Brescia v.Ziziola,Ozono,2011-10,30.00,744
6791,Brescia v.Ziziola,Ozono,2011-11,16.34,719
6791,Brescia v.Ziziola,Ozono,2011-12,6.29,744
6791,Brescia v.Ziziola,Ozono,2012-01,10.39,734
6791,Brescia v.Ziziola,Ozono,2012-02,23.74,695
6791,Brescia v.Ziziola,Ozono,2012-03,44.44,744
6791,Brescia v.Ziziola,Ozono,2012-04,57.43,720
6791,Brescia v.Ziziola,Ozono,2012-05,73.49,685
6791,Brescia v.Ziziola,Ozono,2012-06,75.32,619
6791,Brescia v.Ziziola,Ozono,2012-07,87.89,744
6791,Brescia v.Ziziola,Ozono,2012-08,95.11,743
6791,Brescia v.Ziziola,Ozono,2012-09,52.67,720
6791,Brescia v.Ziziola,Ozono,2012-10,18.40,722
6791,Brescia v.Ziziola,Ozono,2012-11,10.02,706
6791,Brescia v.Ziziola,Ozono,2012-12,4.16,722
6791,Brescia v.Ziziola,Ozono,2013-01,3.81,726
6791,Brescia v.Ziziola,Ozono,2013-02,15.88,672
6791,Brescia v.Ziziola,Ozono,2013-03,28.95,723
6791,Brescia v.Ziziola,Ozono,2013-04,55.38,709
6791,Brescia v.Ziziola,Ozono,2013-05,56.86,732
6791,Brescia v.Ziziola,Ozono,2013-06,83.33,718
6791,Brescia v.Ziziola,Ozono,2013-07,109.05,740
6791,Brescia v.Ziziola,Ozono,2013-08,93.10,724
6791,Brescia v.Ziziola,Ozono,2013-09,60.66,714
6791,Brescia v.Ziziola,Ozono,2013-10,22.26,743
6791,Brescia v.Ziziola,Ozono,2013-11,12.83,715
6791,Brescia v.Ziziola,Ozono,2013-12,13.62,729
6791,Brescia v.Ziziola,Ozono,2014-01,13.87,744
6791,Brescia v.Ziziola,Ozono,2014-02,24.26,672
6791,Brescia v.Ziziola,Ozono,2014-03,47.96,743
6791,Brescia v.Ziziola,Ozono,2014-04,63.67,720
6791,Brescia v.Ziziola,Ozono,2014-05,77.95,744
6791,Brescia v.Ziziola,Ozono,2014-06,94.55,720
6791,Brescia v.Ziziola,Ozono,2014-07,70.67,744
6791,Brescia v.Ziziola,Ozono,2014-08,82.07,557
6791,Brescia v.Ziziola,Ozono,2014-09,50.03,720
6791,Brescia v.Ziziola,Ozono,2014-10,22.48,744
6791,Brescia v.Ziziola,Ozono,2014-11,17.94,720
6791,Brescia v.Ziziola,Ozono,2014-12,6.30,744
6791,Brescia v.Ziziola,Ozono,2015-01,13.19,744
6791,Brescia v.Ziziola,Ozono,2015-02,19.76,672
6791,Brescia v.Ziziola,Ozono,2015-03,41.80,743
6791,Brescia v.Ziziola,Ozono,2015-04,59.79,720
6791,Brescia v.Ziziola,Ozono,2015-05,68.80,744
6791,Brescia v.Ziziola,Ozono,2015-06,94.84,716
6791,Brescia v.Ziziola,Ozono,2015-07,106.91,726
6791,Brescia v.Ziziola,Ozono,2015-08,89.58,744
6791,Brescia v.Ziziola,Ozono,2015-09,59.15,720
6791,Brescia v.Ziziola,Ozono,2015-10,21.29,744
6791,Brescia v.Ziziola,Ozono,2015-11,8.55,720
6791,Brescia v.Ziziola,Ozono,2015-12,3.38,744
6791,Brescia v.Ziziola,Ozono,2016-01,7.03,744
6791,Brescia v.Ziziola,Ozono,2016-02,22.93,696
6791,Brescia v.Ziziola,Ozono,2016-03,36.08,744
6791,Brescia v.Ziziola,Ozono,2016-04,55.40,720
6791,Brescia v.Ziziola,Ozono,2016-05,67.96,741
6791,Brescia v.Ziziola,Ozono,2016-06,73.60,720
6791,Brescia v.Ziziola,Ozono,2016-07,91.32,744
6791,Brescia v.Ziziola,Ozono,2016-08,82.14,744
6791,Brescia v.Ziziola,Ozono,2016-09,70.33,719
6791,Brescia v.Ziziola,Ozono,2016-10,24.07,744
6791,Brescia v.Ziziola,Ozono,2016-11,11.45,720
6791,Brescia v.Ziziola,Ozono,2016-12,5.73,744
6791,Brescia v.Ziziola,Ozono,2017-01,6.40,1
6793,Brescia v.Ziziola,Particolato Totale Sospeso,2005-07,21.00,2
6793,Brescia v.Ziziola,Particolato Totale Sospeso,2013-11,5.50,2
6798,Sarezzo v.Minelli,Biossido di Azoto,2000-01,68.74,556
6798,Sarezzo v.Minelli,Biossido di Azoto,2000-02,82.82,501
6798,Sarezzo v.Minelli,Biossido di Azoto,2000-03,59.75,567
6798,Sarezzo v.Minelli,Biossido di Azoto,2000-04,40.24,581
6798,Sarezzo v.Minelli,Biossido di Azoto,2000-05,33.41,700
6798,Sarezzo v.Minelli,Biossido di Azoto,2000-06,34.93,712
6798,Sarezzo v.Minelli,Biossido di Azoto,2000-07,87.99,696
6798,Sarezzo v.Minelli,Biossido di Azoto,2000-08,63.60,637
6798,Sarezzo v.Minelli,Biossido di Azoto,2000-09,45.60,568
6798,Sarezzo v.Minelli,Biossido di Azoto,2000-10,37.50,742
6798,Sarezzo v.Minelli,Biossido di Azoto,2000-11,41.99,686
6798,Sarezzo v.Minelli,Biossido di Azoto,2000-12,62.67,744
6798,Sarezzo v.Minelli,Biossido di Azoto,2001-01,68.83,667
6798,Sarezzo v.Minelli,Biossido di Azoto,2001-02,64.90,671
6798,Sarezzo v.Minelli,Biossido di Azoto,2001-03,47.64,744
6798,Sarezzo v.Minelli,Biossido di Azoto,2001-04,30.20,576
6798,Sarezzo v.Minelli,Biossido di Azoto,2001-05,22.57,633
6798,Sarezzo v.Minelli,Biossido di Azoto,2001-06,18.00,702
6798,Sarezzo v.Minelli,Biossido di Azoto,2001-07,17.55,744
6798,Sarezzo v.Minelli,Biossido di Azoto,2001-08,15.58,727
6798,Sarezzo v.Minelli,Biossido di Azoto,2001-09,35.42,447
6798,Sarezzo v.Minelli,Biossido di Azoto,2001-10,56.30,645
6798,Sarezzo v.Minelli,Biossido di Azoto,2001-11,83.45,701
6798,Sarezzo v.Minelli,Biossido di Azoto,2001-12,88.96,743
6798,Sarezzo v.Minelli,Biossido di Azoto,2002-01,81.00,738
6798,Sarezzo v.Minelli,Biossido di Azoto,2002-02,64.13,671
6798,Sarezzo v.Minelli,Biossido di Azoto,2002-03,35.65,738
6798,Sarezzo v.Minelli,Biossido di Azoto,2002-04,25.61,720
6798,Sarezzo v.Minelli,Biossido di Azoto,2002-05,17.79,706
6798,Sarezzo v.Minelli,Biossido di Azoto,2002-06,15.91,713
6798,Sarezzo v.Minelli,Biossido di Azoto,2002-07,12.01,729
6798,Sarezzo v.Minelli,Biossido di Azoto,2002-08,8.14,729
6798,Sarezzo v.Minelli,Biossido di Azoto,2002-09,21.83,720
6798,Sarezzo v.Minelli,Biossido di Azoto,2002-10,38.90,744
6798,Sarezzo v.Minelli,Biossido di Azoto,2002-11,34.29,720
6798,Sarezzo v.Minelli,Biossido di Azoto,2002-12,39.41,678
6798,Sarezzo v.Minelli,Biossido di Azoto,2003-01,49.01,743
6798,Sarezzo v.Minelli,Biossido di Azoto,2003-02,57.50,633
6798,Sarezzo v.Minelli,Biossido di Azoto,2003-03,54.03,672
6798,Sarezzo v.Minelli,Biossido di Azoto,2003-04,36.41,648
6798,Sarezzo v.Minelli,Biossido di Azoto,2003-05,21.98,526
6798,Sarezzo v.Minelli,Biossido di Azoto,2003-06,16.74,343
6798,Sarezzo v.Minelli,Biossido di Azoto,2003-07,22.19,159
6798,Sarezzo v.Minelli,Biossido di Azoto,2003-08,12.03,255
6798,Sarezzo v.Minelli,Biossido di Azoto,2003-09,33.88,539
6798,Sarezzo v.Minelli,Biossido di Azoto,2003-10,38.11,505
6798,Sarezzo v.Minelli,Biossido di Azoto,2003-11,47.41,322
6798,Sarezzo v.Minelli,Biossido di Azoto,2003-12,48.98,744
6798,Sarezzo v.Minelli,Biossido di Azoto,2004-01,58.17,258
6798,Sarezzo v.Minelli,Biossido di Azoto,2004-02,42.73,413
6798,Sarezzo v.Minelli,Biossido di Azoto,2004-03,41.20,687
6798,Sarezzo v.Minelli,Biossido di Azoto,2004-04,34.98,472
6798,Sarezzo v.Minelli,Biossido di Azoto,2004-05,23.81,425
6798,Sarezzo v.Minelli,Biossido di Azoto,2004-06,24.80,494
6798,Sarezzo v.Minelli,Biossido di Azoto,2004-07,17.55,540
6798,Sarezzo v.Minelli,Biossido di Azoto,2004-08,12.03,659
6798,Sarezzo v.Minelli,Biossido di Azoto,2004-09,36.12,118
6798,Sarezzo v.Minelli,Biossido di Azoto,2004-11,40.11,539
6798,Sarezzo v.Minelli,Biossido di Azoto,2004-12,51.34,736
6798,Sarezzo v.Minelli,Biossido di Azoto,2005-01,60.51,741
6798,Sarezzo v.Minelli,Biossido di Azoto,2005-02,68.91,672
6798,Sarezzo v.Minelli,Biossido di Azoto,2005-03,49.43,743
6798,Sarezzo v.Minelli,Biossido di Azoto,2005-04,23.22,720
6798,Sarezzo v.Minelli,Biossido di Azoto,2005-05,21.49,743
6798,Sarezzo v.Minelli,Biossido di Azoto,2005-06,14.80,631
6798,Sarezzo v.Minelli,Biossido di Azoto,2005-07,11.99,703
6798,Sarezzo v.Minelli,Biossido di Azoto,2005-08,9.81,743
6798,Sarezzo v.Minelli,Biossido di Azoto,2005-09,15.17,648
6798,Sarezzo v.Minelli,Biossido di Azoto,2005-10,23.22,671
6798,Sarezzo v.Minelli,Biossido di Azoto,2005-11,39.05,672
6798,Sarezzo v.Minelli,Biossido di Azoto,2005-12,58.17,695
6798,Sarezzo v.Minelli,Biossido di Azoto,2006-01,64.97,741
6798,Sarezzo v.Minelli,Biossido di Azoto,2006-02,54.18,671
6798,Sarezzo v.Minelli,Biossido di Azoto,2006-03,37.90,741
6798,Sarezzo v.Minelli,Biossido di Azoto,2006-04,23.12,718
6798,Sarezzo v.Minelli,Biossido di Azoto,2006-05,24.62,724
6798,Sarezzo v.Minelli,Biossido di Azoto,2006-06,28.47,720
6798,Sarezzo v.Minelli,Biossido di Azoto,2006-07,21.70,743
6798,Sarezzo v.Minelli,Biossido di Azoto,2006-08,17.00,744
6798,Sarezzo v.Minelli,Biossido di Azoto,2006-09,40.29,695
6798,Sarezzo v.Minelli,Biossido di Azoto,2006-10,41.27,743
6798,Sarezzo v.Minelli,Biossido di Azoto,2006-11,54.95,720
6798,Sarezzo v.Minelli,Biossido di Azoto,2006-12,59.65,744
6798,Sarezzo v.Minelli,Biossido di Azoto,2007-01,67.08,710
6798,Sarezzo v.Minelli,Biossido di Azoto,2007-03,89.48,126
6798,Sarezzo v.Minelli,Biossido di Azoto,2007-04,96.66,720
6798,Sarezzo v.Minelli,Biossido di Azoto,2007-05,45.65,601
6798,Sarezzo v.Minelli,Biossido di Azoto,2007-06,23.79,640
6798,Sarezzo v.Minelli,Biossido di Azoto,2007-07,20.51,744
6798,Sarezzo v.Minelli,Biossido di Azoto,2007-08,13.83,743
6798,Sarezzo v.Minelli,Biossido di Azoto,2007-09,23.10,716
6798,Sarezzo v.Minelli,Biossido di Azoto,2007-10,34.29,730
6798,Sarezzo v.Minelli,Biossido di Azoto,2007-11,51.83,719
6798,Sarezzo v.Minelli,Biossido di Azoto,2007-12,64.95,742
6798,Sarezzo v.Minelli,Biossido di Azoto,2008-01,55.34,740
6798,Sarezzo v.Minelli,Biossido di Azoto,2008-02,59.38,696
6798,Sarezzo v.Minelli,Biossido di Azoto,2008-03,41.28,744
6798,Sarezzo v.Minelli,Biossido di Azoto,2008-04,34.02,718
6798,Sarezzo v.Minelli,Biossido di Azoto,2008-05,24.23,742
6798,Sarezzo v.Minelli,Biossido di Azoto,2008-06,19.32,719
6798,Sarezzo v.Minelli,Biossido di Azoto,2008-07,21.43,710
6798,Sarezzo v.Minelli,Biossido di Azoto,2008-08,17.24,353
6798,Sarezzo v.Minelli,Biossido di Azoto,2008-09,27.36,720
6798,Sarezzo v.Minelli,Biossido di Azoto,2008-10,42.58,744
6798,Sarezzo v.Minelli,Biossido di Azoto,2008-11,38.99,670
6798,Sarezzo v.Minelli,Biossido di Azoto,2008-12,47.28,711
6798,Sarezzo v.Minelli,Biossido di Azoto,2009-01,61.36,717
6798,Sarezzo v.Minelli,Biossido di Azoto,2009-02,54.44,611
6798,Sarezzo v.Minelli,Biossido di Azoto,2009-03,45.02,719
6798,Sarezzo v.Minelli,Biossido di Azoto,2009-04,31.01,588
6798,Sarezzo v.Minelli,Biossido di Azoto,2009-05,21.05,726
6798,Sarezzo v.Minelli,Biossido di Azoto,2009-06,18.50,625
6798,Sarezzo v.Minelli,Biossido di Azoto,2009-07,18.56,629
6798,Sarezzo v.Minelli,Biossido di Azoto,2009-08,8.32,741
6798,Sarezzo v.Minelli,Biossido di Azoto,2009-09,21.04,720
6798,Sarezzo v.Minelli,Biossido di Azoto,2009-10,36.36,744
6798,Sarezzo v.Minelli,Biossido di Azoto,2009-11,34.59,717
6798,Sarezzo v.Minelli,Biossido di Azoto,2009-12,48.20,742
6798,Sarezzo v.Minelli,Biossido di Azoto,2010-01,46.80,1
6798,Sarezzo v.Minelli,Biossido di Azoto,2010-01,54.42,742
6798,Sarezzo v.Minelli,Biossido di Azoto,2010-02,53.51,671
6798,Sarezzo v.Minelli,Biossido di Azoto,2010-03,39.53,744
6798,Sarezzo v.Minelli,Biossido di Azoto,2010-04,29.85,718
6798,Sarezzo v.Minelli,Biossido di Azoto,2010-05,34.41,744
6798,Sarezzo v.Minelli,Biossido di Azoto,2010-06,32.49,717
6798,Sarezzo v.Minelli,Biossido di Azoto,2010-07,26.73,741
6798,Sarezzo v.Minelli,Biossido di Azoto,2010-08,18.44,744
6798,Sarezzo v.Minelli,Biossido di Azoto,2010-09,23.12,718
6798,Sarezzo v.Minelli,Biossido di Azoto,2010-10,34.20,743
6798,Sarezzo v.Minelli,Biossido di Azoto,2010-11,37.89,717
6798,Sarezzo v.Minelli,Biossido di Azoto,2010-12,57.35,744
6798,Sarezzo v.Minelli,Biossido di Azoto,2011-01,50.57,743
6798,Sarezzo v.Minelli,Biossido di Azoto,2011-02,51.94,671
6798,Sarezzo v.Minelli,Biossido di Azoto,2011-03,48.40,738
6798,Sarezzo v.Minelli,Biossido di Azoto,2011-04,28.45,717
6798,Sarezzo v.Minelli,Biossido di Azoto,2011-05,19.80,720
6798,Sarezzo v.Minelli,Biossido di Azoto,2011-06,13.55,715
6798,Sarezzo v.Minelli,Biossido di Azoto,2011-07,16.74,669
6798,Sarezzo v.Minelli,Biossido di Azoto,2011-08,7.38,610
6798,Sarezzo v.Minelli,Biossido di Azoto,2011-09,18.25,701
6798,Sarezzo v.Minelli,Biossido di Azoto,2011-10,33.91,726
6798,Sarezzo v.Minelli,Biossido di Azoto,2011-11,45.88,715
6798,Sarezzo v.Minelli,Biossido di Azoto,2011-12,50.39,743
6798,Sarezzo v.Minelli,Biossido di Azoto,2012-01,54.86,743
6798,Sarezzo v.Minelli,Biossido di Azoto,2012-02,62.25,690
6798,Sarezzo v.Minelli,Biossido di Azoto,2012-03,68.28,743
6798,Sarezzo v.Minelli,Biossido di Azoto,2012-04,52.17,709
6798,Sarezzo v.Minelli,Biossido di Azoto,2012-05,30.55,726
6798,Sarezzo v.Minelli,Biossido di Azoto,2012-06,49.44,695
6798,Sarezzo v.Minelli,Biossido di Azoto,2012-07,40.26,743
6798,Sarezzo v.Minelli,Biossido di Azoto,2012-08,16.06,742
6798,Sarezzo v.Minelli,Biossido di Azoto,2012-09,21.08,716
6798,Sarezzo v.Minelli,Biossido di Azoto,2012-10,26.92,743
6798,Sarezzo v.Minelli,Biossido di Azoto,2012-11,31.74,715
6798,Sarezzo v.Minelli,Biossido di Azoto,2012-12,46.99,743
6798,Sarezzo v.Minelli,Biossido di Azoto,2013-01,46.99,743
6798,Sarezzo v.Minelli,Biossido di Azoto,2013-02,48.65,670
6798,Sarezzo v.Minelli,Biossido di Azoto,2013-03,39.79,742
6798,Sarezzo v.Minelli,Biossido di Azoto,2013-04,26.00,719
6798,Sarezzo v.Minelli,Biossido di Azoto,2013-05,15.14,742
6798,Sarezzo v.Minelli,Biossido di Azoto,2013-06,16.89,712
6798,Sarezzo v.Minelli,Biossido di Azoto,2013-07,17.12,517
6798,Sarezzo v.Minelli,Biossido di Azoto,2013-08,17.18,697
6798,Sarezzo v.Minelli,Biossido di Azoto,2013-09,22.96,705
6798,Sarezzo v.Minelli,Biossido di Azoto,2013-10,24.12,729
6798,Sarezzo v.Minelli,Biossido di Azoto,2013-11,28.80,714
6798,Sarezzo v.Minelli,Biossido di Azoto,2013-12,45.29,743
6798,Sarezzo v.Minelli,Biossido di Azoto,2014-01,35.90,744
6798,Sarezzo v.Minelli,Biossido di Azoto,2014-02,37.36,671
6798,Sarezzo v.Minelli,Biossido di Azoto,2014-03,38.20,731
6798,Sarezzo v.Minelli,Biossido di Azoto,2014-04,24.63,692
6798,Sarezzo v.Minelli,Biossido di Azoto,2014-05,18.16,702
6798,Sarezzo v.Minelli,Biossido di Azoto,2014-06,16.15,719
6798,Sarezzo v.Minelli,Biossido di Azoto,2014-07,15.25,742
6798,Sarezzo v.Minelli,Biossido di Azoto,2014-08,12.33,743
6798,Sarezzo v.Minelli,Biossido di Azoto,2014-09,20.65,718
6798,Sarezzo v.Minelli,Biossido di Azoto,2014-10,27.82,743
6798,Sarezzo v.Minelli,Biossido di Azoto,2014-11,30.36,666
6798,Sarezzo v.Minelli,Biossido di Azoto,2014-12,40.56,685
6798,Sarezzo v.Minelli,Biossido di Azoto,2015-01,47.01,743
6798,Sarezzo v.Minelli,Biossido di Azoto,2015-02,50.71,672
6798,Sarezzo v.Minelli,Biossido di Azoto,2015-03,37.10,744
6798,Sarezzo v.Minelli,Biossido di Azoto,2015-04,26.00,714
6798,Sarezzo v.Minelli,Biossido di Azoto,2015-05,16.36,742
6798,Sarezzo v.Minelli,Biossido di Azoto,2015-06,16.72,719
6798,Sarezzo v.Minelli,Biossido di Azoto,2015-07,19.21,722
6798,Sarezzo v.Minelli,Biossido di Azoto,2015-08,15.69,743
6798,Sarezzo v.Minelli,Biossido di Azoto,2015-09,21.23,623
6798,Sarezzo v.Minelli,Biossido di Azoto,2015-10,28.19,742
6798,Sarezzo v.Minelli,Biossido di Azoto,2015-11,38.86,718
6798,Sarezzo v.Minelli,Biossido di Azoto,2015-12,44.39,742
6798,Sarezzo v.Minelli,Biossido di Azoto,2016-01,42.93,741
6798,Sarezzo v.Minelli,Biossido di Azoto,2016-02,32.69,663
6798,Sarezzo v.Minelli,Biossido di Azoto,2016-03,28.96,743
6798,Sarezzo v.Minelli,Biossido di Azoto,2016-04,19.59,718
6798,Sarezzo v.Minelli,Biossido di Azoto,2016-05,16.35,741
6798,Sarezzo v.Minelli,Biossido di Azoto,2016-06,12.42,597
6798,Sarezzo v.Minelli,Biossido di Azoto,2016-07,14.48,743
6798,Sarezzo v.Minelli,Biossido di Azoto,2016-08,12.58,743
6798,Sarezzo v.Minelli,Biossido di Azoto,2016-09,20.16,718
6798,Sarezzo v.Minelli,Biossido di Azoto,2016-10,24.80,743
6798,Sarezzo v.Minelli,Biossido di Azoto,2016-11,33.49,718
6798,Sarezzo v.Minelli,Biossido di Azoto,2016-12,49.15,736
6798,Sarezzo v.Minelli,Biossido di Azoto,2017-01,55.83,695
6798,Sarezzo v.Minelli,Biossido di Azoto,2017-02,38.50,668
6798,Sarezzo v.Minelli,Biossido di Azoto,2017-03,32.98,741
6798,Sarezzo v.Minelli,Biossido di Azoto,2017-04,19.80,716
6798,Sarezzo v.Minelli,Biossido di Azoto,2017-05,15.01,633
6798,Sarezzo v.Minelli,Biossido di Azoto,2017-06,15.65,687
6798,Sarezzo v.Minelli,Biossido di Azoto,2017-07,14.73,741
6798,Sarezzo v.Minelli,Biossido di Azoto,2017-08,13.42,743
6798,Sarezzo v.Minelli,Biossido di Azoto,2017-09,18.72,694
6798,Sarezzo v.Minelli,Biossido di Azoto,2017-10,38.12,548
6798,Sarezzo v.Minelli,Biossido di Azoto,2017-11,39.14,652
6798,Sarezzo v.Minelli,Biossido di Azoto,2017-12,45.48,743
6798,Sarezzo v.Minelli,Biossido di Azoto,2018-01,36.60,1
6798,Sarezzo v.Minelli,Biossido di Azoto,2018-01,39.96,741
6798,Sarezzo v.Minelli,Biossido di Azoto,2018-02,33.96,663
6798,Sarezzo v.Minelli,Biossido di Azoto,2018-03,33.52,741
6798,Sarezzo v.Minelli,Biossido di Azoto,2018-04,21.82,709
6798,Sarezzo v.Minelli,Biossido di Azoto,2018-05,17.12,659
6798,Sarezzo v.Minelli,Biossido di Azoto,2018-06,17.15,621
6798,Sarezzo v.Minelli,Biossido di Azoto,2018-07,14.58,720
6798,Sarezzo v.Minelli,Biossido di Azoto,2018-08,13.20,738
6798,Sarezzo v.Minelli,Biossido di Azoto,2018-09,18.90,640
6798,Sarezzo v.Minelli,Biossido di Azoto,2018-10,28.63,674
6798,Sarezzo v.Minelli,Biossido di Azoto,2018-11,33.70,679
6798,Sarezzo v.Minelli,Biossido di Azoto,2018-12,45.45,526
6798,Sarezzo v.Minelli,Biossido di Azoto,2019-01,45.30,720
6798,Sarezzo v.Minelli,Biossido di Azoto,2019-02,47.98,671
6798,Sarezzo v.Minelli,Biossido di Azoto,2019-03,32.08,715
6798,Sarezzo v.Minelli,Biossido di Azoto,2019-04,21.34,711
6798,Sarezzo v.Minelli,Biossido di Azoto,2019-05,16.63,691
6798,Sarezzo v.Minelli,Biossido di Azoto,2019-06,15.85,703
6798,Sarezzo v.Minelli,Biossido di Azoto,2019-07,16.61,742
6798,Sarezzo v.Minelli,Biossido di Azoto,2019-08,11.06,742
6798,Sarezzo v.Minelli,Biossido di Azoto,2019-09,18.40,718
6798,Sarezzo v.Minelli,Biossido di Azoto,2019-10,21.96,741
6798,Sarezzo v.Minelli,Biossido di Azoto,2019-11,24.91,648
6798,Sarezzo v.Minelli,Biossido di Azoto,2019-12,38.13,691
6798,Sarezzo v.Minelli,Biossido di Azoto,2020-01,49.65,724
6798,Sarezzo v.Minelli,Biossido di Azoto,2020-02,41.49,404
6798,Sarezzo v.Minelli,Biossido di Azoto,2020-03,21.24,742
6798,Sarezzo v.Minelli,Biossido di Azoto,2020-04,15.28,668
6798,Sarezzo v.Minelli,Biossido di Azoto,2020-05,12.27,743
6798,Sarezzo v.Minelli,Biossido di Azoto,2020-06,9.50,715
6798,Sarezzo v.Minelli,Biossido di Azoto,2020-07,9.62,700
6798,Sarezzo v.Minelli,Biossido di Azoto,2020-08,10.00,743
6798,Sarezzo v.Minelli,Biossido di Azoto,2020-09,15.80,703
6798,Sarezzo v.Minelli,Biossido di Azoto,2020-10,22.19,743
6798,Sarezzo v.Minelli,Biossido di Azoto,2020-11,30.14,680
6798,Sarezzo v.Minelli,Biossido di Azoto,2020-12,29.62,672
6798,Sarezzo v.Minelli,Biossido di Azoto,2021-01,34.91,740
6798,Sarezzo v.Minelli,Biossido di Azoto,2021-02,31.10,671
6798,Sarezzo v.Minelli,Biossido di Azoto,2021-03,23.12,743
6798,Sarezzo v.Minelli,Biossido di Azoto,2021-04,16.64,719
6798,Sarezzo v.Minelli,Biossido di Azoto,2021-05,11.49,671
6798,Sarezzo v.Minelli,Biossido di Azoto,2021-06,13.25,703
6798,Sarezzo v.Minelli,Biossido di Azoto,2021-07,11.99,742
6798,Sarezzo v.Minelli,Biossido di Azoto,2021-08,9.07,522
6798,Sarezzo v.Minelli,Biossido di Azoto,2021-09,16.08,718
6798,Sarezzo v.Minelli,Biossido di Azoto,2021-10,22.01,744
6798,Sarezzo v.Minelli,Biossido di Azoto,2021-11,25.67,593
6798,Sarezzo v.Minelli,Biossido di Azoto,2021-12,34.50,709
6798,Sarezzo v.Minelli,Biossido di Azoto,2022-01,33.35,731
6798,Sarezzo v.Minelli,Biossido di Azoto,2022-02,27.30,612
6798,Sarezzo v.Minelli,Biossido di Azoto,2022-03,28.12,742
6798,Sarezzo v.Minelli,Biossido di Azoto,2022-04,17.83,720
6798,Sarezzo v.Minelli,Biossido di Azoto,2022-05,10.99,744
6798,Sarezzo v.Minelli,Biossido di Azoto,2022-06,8.42,719
6798,Sarezzo v.Minelli,Biossido di Azoto,2022-07,9.09,705
6798,Sarezzo v.Minelli,Biossido di Azoto,2022-08,6.39,744
6798,Sarezzo v.Minelli,Biossido di Azoto,2022-09,9.25,718
6798,Sarezzo v.Minelli,Biossido di Azoto,2022-10,14.07,710
6798,Sarezzo v.Minelli,Biossido di Azoto,2022-11,20.56,718
6798,Sarezzo v.Minelli,Biossido di Azoto,2022-12,21.94,744
6798,Sarezzo v.Minelli,Biossido di Azoto,2023-01,22.57,743
6798,Sarezzo v.Minelli,Biossido di Azoto,2023-02,20.11,500
6798,Sarezzo v.Minelli,Biossido di Azoto,2023-03,19.02,739
6798,Sarezzo v.Minelli,Biossido di Azoto,2023-04,14.15,719
6798,Sarezzo v.Minelli,Biossido di Azoto,2023-05,19.26,109
6798,Sarezzo v.Minelli,Biossido di Azoto,2023-06,12.26,391
6798,Sarezzo v.Minelli,Biossido di Azoto,2023-07,8.93,193
6798,Sarezzo v.Minelli,Biossido di Azoto,2023-08,9.06,521
6798,Sarezzo v.Minelli,Biossido di Azoto,2023-09,17.63,289
6798,Sarezzo v.Minelli,Biossido di Azoto,2023-10,19.30,683
6798,Sarezzo v.Minelli,Biossido di Azoto,2023-11,26.65,718
6798,Sarezzo v.Minelli,Biossido di Azoto,2023-12,29.89,741
6798,Sarezzo v.Minelli,Biossido di Azoto,2024-01,32.56,743
6798,Sarezzo v.Minelli,Biossido di Azoto,2024-02,30.32,677
6798,Sarezzo v.Minelli,Biossido di Azoto,2024-03,21.21,703
6798,Sarezzo v.Minelli,Biossido di Azoto,2024-04,16.02,580
6798,Sarezzo v.Minelli,Biossido di Azoto,2024-05,11.16,701
6798,Sarezzo v.Minelli,Biossido di Azoto,2024-06,11.48,718
6798,Sarezzo v.Minelli,Biossido di Azoto,2024-07,10.57,739
6798,Sarezzo v.Minelli,Biossido di Azoto,2024-08,8.99,730
6798,Sarezzo v.Minelli,Biossido di Azoto,2024-09,10.73,715
6798,Sarezzo v.Minelli,Biossido di Azoto,2024-10,11.46,744
6798,Sarezzo v.Minelli,Biossido di Azoto,2024-11,26.19,579
6798,Sarezzo v.Minelli,Biossido di Azoto,2024-12,32.02,634
6798,Sarezzo v.Minelli,Biossido di Azoto,2025-01,28.92,743
6798,Sarezzo v.Minelli,Biossido di Azoto,2025-02,27.69,672
6798,Sarezzo v.Minelli,Biossido di Azoto,2025-03,26.56,738
6798,Sarezzo v.Minelli,Biossido di Azoto,2025-04,18.37,719
6798,Sarezzo v.Minelli,Biossido di Azoto,2025-05,15.93,733
6798,Sarezzo v.Minelli,Biossido di Azoto,2025-06,14.24,719
6798,Sarezzo v.Minelli,Biossido di Azoto,2025-07,12.67,694
6798,Sarezzo v.Minelli,Biossido di Azoto,2025-08,10.10,695
6798,Sarezzo v.Minelli,Biossido di Azoto,2025-09,15.06,675
6798,Sarezzo v.Minelli,Biossido di Azoto,2025-10,22.47,741
6798,Sarezzo v.Minelli,Biossido di Azoto,2025-11,31.60,670
6798,Sarezzo v.Minelli,Biossido di Azoto,2025-12,31.89,744
6798,Sarezzo v.Minelli,Biossido di Azoto,2026-01,26.00,1
6799,Sarezzo v.Minelli,Biossido di Zolfo,2000-01,10.17,647
6799,Sarezzo v.Minelli,Biossido di Zolfo,2000-02,9.14,634
6799,Sarezzo v.Minelli,Biossido di Zolfo,2000-03,8.19,572
6799,Sarezzo v.Minelli,Biossido di Zolfo,2000-04,8.58,581
6799,Sarezzo v.Minelli,Biossido di Zolfo,2000-05,7.63,700
6799,Sarezzo v.Minelli,Biossido di Zolfo,2000-06,7.52,712
6799,Sarezzo v.Minelli,Biossido di Zolfo,2000-07,7.95,743
6799,Sarezzo v.Minelli,Biossido di Zolfo,2000-08,7.06,637
6799,Sarezzo v.Minelli,Biossido di Zolfo,2000-09,7.38,595
6799,Sarezzo v.Minelli,Biossido di Zolfo,2000-10,7.89,742
6799,Sarezzo v.Minelli,Biossido di Zolfo,2000-11,9.69,685
6799,Sarezzo v.Minelli,Biossido di Zolfo,2000-12,12.07,744
6799,Sarezzo v.Minelli,Biossido di Zolfo,2001-01,11.83,667
6799,Sarezzo v.Minelli,Biossido di Zolfo,2001-02,11.13,671
6799,Sarezzo v.Minelli,Biossido di Zolfo,2001-03,10.59,744
6799,Sarezzo v.Minelli,Biossido di Zolfo,2001-04,9.54,660
6799,Sarezzo v.Minelli,Biossido di Zolfo,2001-05,7.54,633
6799,Sarezzo v.Minelli,Biossido di Zolfo,2001-06,7.58,703
6799,Sarezzo v.Minelli,Biossido di Zolfo,2001-07,8.26,744
6799,Sarezzo v.Minelli,Biossido di Zolfo,2001-08,8.85,727
6799,Sarezzo v.Minelli,Biossido di Zolfo,2001-09,12.49,640
6799,Sarezzo v.Minelli,Biossido di Zolfo,2001-10,8.44,744
6799,Sarezzo v.Minelli,Biossido di Zolfo,2001-11,9.07,720
6799,Sarezzo v.Minelli,Biossido di Zolfo,2001-12,11.29,743
6799,Sarezzo v.Minelli,Biossido di Zolfo,2002-01,12.59,738
6799,Sarezzo v.Minelli,Biossido di Zolfo,2002-02,11.08,671
6799,Sarezzo v.Minelli,Biossido di Zolfo,2002-03,10.76,742
6799,Sarezzo v.Minelli,Biossido di Zolfo,2002-04,14.53,720
6799,Sarezzo v.Minelli,Biossido di Zolfo,2002-05,11.52,706
6799,Sarezzo v.Minelli,Biossido di Zolfo,2002-06,10.97,712
6799,Sarezzo v.Minelli,Biossido di Zolfo,2002-07,9.51,529
6799,Sarezzo v.Minelli,Biossido di Zolfo,2002-08,9.06,534
6799,Sarezzo v.Minelli,Biossido di Zolfo,2002-09,8.24,537
6799,Sarezzo v.Minelli,Biossido di Zolfo,2002-10,8.79,445
6799,Sarezzo v.Minelli,Biossido di Zolfo,2002-11,8.05,223
6799,Sarezzo v.Minelli,Biossido di Zolfo,2002-12,11.80,678
6799,Sarezzo v.Minelli,Biossido di Zolfo,2003-01,10.75,744
6799,Sarezzo v.Minelli,Biossido di Zolfo,2003-02,10.96,624
6799,Sarezzo v.Minelli,Biossido di Zolfo,2003-03,11.82,672
6799,Sarezzo v.Minelli,Biossido di Zolfo,2003-04,10.55,621
6799,Sarezzo v.Minelli,Biossido di Zolfo,2003-05,8.28,524
6799,Sarezzo v.Minelli,Biossido di Zolfo,2003-06,12.10,481
6799,Sarezzo v.Minelli,Biossido di Zolfo,2003-07,10.46,594
6799,Sarezzo v.Minelli,Biossido di Zolfo,2003-08,10.76,261
6799,Sarezzo v.Minelli,Biossido di Zolfo,2003-09,11.06,531
6799,Sarezzo v.Minelli,Biossido di Zolfo,2003-10,13.32,581
6799,Sarezzo v.Minelli,Biossido di Zolfo,2003-11,15.36,663
6799,Sarezzo v.Minelli,Biossido di Zolfo,2003-12,13.29,744
6799,Sarezzo v.Minelli,Biossido di Zolfo,2004-01,14.54,742
6799,Sarezzo v.Minelli,Biossido di Zolfo,2004-02,13.12,696
6799,Sarezzo v.Minelli,Biossido di Zolfo,2004-03,11.85,689
6799,Sarezzo v.Minelli,Biossido di Zolfo,2004-04,10.48,718
6799,Sarezzo v.Minelli,Biossido di Zolfo,2004-05,10.66,422
6799,Sarezzo v.Minelli,Biossido di Zolfo,2004-06,9.68,493
6799,Sarezzo v.Minelli,Biossido di Zolfo,2004-07,7.58,586
6799,Sarezzo v.Minelli,Biossido di Zolfo,2004-08,6.75,572
6799,Sarezzo v.Minelli,Biossido di Zolfo,2004-09,11.72,71
6799,Sarezzo v.Minelli,Biossido di Zolfo,2004-11,7.92,583
6799,Sarezzo v.Minelli,Biossido di Zolfo,2004-12,9.26,736
6799,Sarezzo v.Minelli,Biossido di Zolfo,2005-01,12.03,744
6799,Sarezzo v.Minelli,Biossido di Zolfo,2005-02,10.31,672
6799,Sarezzo v.Minelli,Biossido di Zolfo,2005-03,8.67,700
6799,Sarezzo v.Minelli,Biossido di Zolfo,2005-04,8.89,720
6799,Sarezzo v.Minelli,Biossido di Zolfo,2005-05,9.23,743
6799,Sarezzo v.Minelli,Biossido di Zolfo,2005-06,8.59,616
6799,Sarezzo v.Minelli,Biossido di Zolfo,2005-07,7.79,696
6799,Sarezzo v.Minelli,Biossido di Zolfo,2005-08,8.41,744
6799,Sarezzo v.Minelli,Biossido di Zolfo,2005-09,7.95,647
6799,Sarezzo v.Minelli,Biossido di Zolfo,2005-10,10.46,655
6799,Sarezzo v.Minelli,Biossido di Zolfo,2005-11,10.06,698
6799,Sarezzo v.Minelli,Biossido di Zolfo,2005-12,10.46,695
6799,Sarezzo v.Minelli,Biossido di Zolfo,2006-01,11.35,742
6799,Sarezzo v.Minelli,Biossido di Zolfo,2006-02,10.97,670
6799,Sarezzo v.Minelli,Biossido di Zolfo,2006-03,11.48,741
6799,Sarezzo v.Minelli,Biossido di Zolfo,2006-04,16.77,718
6799,Sarezzo v.Minelli,Biossido di Zolfo,2006-05,23.39,584
6799,Sarezzo v.Minelli,Biossido di Zolfo,2006-06,10.79,719
6799,Sarezzo v.Minelli,Biossido di Zolfo,2006-07,14.06,736
6799,Sarezzo v.Minelli,Biossido di Zolfo,2006-08,14.22,743
6799,Sarezzo v.Minelli,Biossido di Zolfo,2006-09,16.12,698
6799,Sarezzo v.Minelli,Biossido di Zolfo,2006-10,17.63,742
6799,Sarezzo v.Minelli,Biossido di Zolfo,2006-11,22.18,697
6799,Sarezzo v.Minelli,Biossido di Zolfo,2006-12,14.35,644
6799,Sarezzo v.Minelli,Biossido di Zolfo,2007-01,16.44,697
6801,Sarezzo v.Minelli,Monossido di Carbonio,2000-01,1.08,695
6801,Sarezzo v.Minelli,Monossido di Carbonio,2000-02,1.10,663
6801,Sarezzo v.Minelli,Monossido di Carbonio,2000-03,0.75,605
6801,Sarezzo v.Minelli,Monossido di Carbonio,2000-04,0.66,597
6801,Sarezzo v.Minelli,Monossido di Carbonio,2000-05,0.56,701
6801,Sarezzo v.Minelli,Monossido di Carbonio,2000-06,0.64,712
6801,Sarezzo v.Minelli,Monossido di Carbonio,2000-07,0.68,742
6801,Sarezzo v.Minelli,Monossido di Carbonio,2000-08,0.53,687
6801,Sarezzo v.Minelli,Monossido di Carbonio,2000-09,0.68,597
6801,Sarezzo v.Minelli,Monossido di Carbonio,2000-10,0.86,742
6801,Sarezzo v.Minelli,Monossido di Carbonio,2000-11,1.05,684
6801,Sarezzo v.Minelli,Monossido di Carbonio,2000-12,1.42,744
6801,Sarezzo v.Minelli,Monossido di Carbonio,2001-01,1.44,666
6801,Sarezzo v.Minelli,Monossido di Carbonio,2001-02,1.28,671
6801,Sarezzo v.Minelli,Monossido di Carbonio,2001-03,0.91,743
6801,Sarezzo v.Minelli,Monossido di Carbonio,2001-04,0.59,647
6801,Sarezzo v.Minelli,Monossido di Carbonio,2001-05,0.85,633
6801,Sarezzo v.Minelli,Monossido di Carbonio,2001-06,0.43,673
6801,Sarezzo v.Minelli,Monossido di Carbonio,2001-07,0.34,742
6801,Sarezzo v.Minelli,Monossido di Carbonio,2001-08,0.29,699
6801,Sarezzo v.Minelli,Monossido di Carbonio,2001-09,0.52,593
6801,Sarezzo v.Minelli,Monossido di Carbonio,2001-10,0.53,741
6801,Sarezzo v.Minelli,Monossido di Carbonio,2001-11,0.87,692
6801,Sarezzo v.Minelli,Monossido di Carbonio,2001-12,1.34,740
6801,Sarezzo v.Minelli,Monossido di Carbonio,2002-01,1.61,716
6801,Sarezzo v.Minelli,Monossido di Carbonio,2002-02,1.47,584
6801,Sarezzo v.Minelli,Monossido di Carbonio,2002-03,0.77,634
6801,Sarezzo v.Minelli,Monossido di Carbonio,2002-04,0.75,652
6801,Sarezzo v.Minelli,Monossido di Carbonio,2002-05,0.85,410
6801,Sarezzo v.Minelli,Monossido di Carbonio,2002-06,0.56,106
6801,Sarezzo v.Minelli,Monossido di Carbonio,2002-07,0.75,634
6801,Sarezzo v.Minelli,Monossido di Carbonio,2002-08,0.69,728
6801,Sarezzo v.Minelli,Monossido di Carbonio,2002-09,0.58,720
6801,Sarezzo v.Minelli,Monossido di Carbonio,2002-10,0.84,744
6801,Sarezzo v.Minelli,Monossido di Carbonio,2002-11,0.86,720
6801,Sarezzo v.Minelli,Monossido di Carbonio,2002-12,1.33,678
6801,Sarezzo v.Minelli,Monossido di Carbonio,2003-01,1.59,724
6801,Sarezzo v.Minelli,Monossido di Carbonio,2003-02,1.14,650
6801,Sarezzo v.Minelli,Monossido di Carbonio,2003-03,0.42,668
6801,Sarezzo v.Minelli,Monossido di Carbonio,2003-04,0.23,653
6801,Sarezzo v.Minelli,Monossido di Carbonio,2003-05,0.41,518
6801,Sarezzo v.Minelli,Monossido di Carbonio,2003-06,0.35,504
6801,Sarezzo v.Minelli,Monossido di Carbonio,2003-07,0.18,621
6801,Sarezzo v.Minelli,Monossido di Carbonio,2003-08,0.22,275
6801,Sarezzo v.Minelli,Monossido di Carbonio,2003-09,0.43,567
6801,Sarezzo v.Minelli,Monossido di Carbonio,2003-10,0.76,608
6801,Sarezzo v.Minelli,Monossido di Carbonio,2003-11,1.05,679
6801,Sarezzo v.Minelli,Monossido di Carbonio,2003-12,1.26,743
6801,Sarezzo v.Minelli,Monossido di Carbonio,2004-01,1.36,742
6801,Sarezzo v.Minelli,Monossido di Carbonio,2004-02,1.23,696
6801,Sarezzo v.Minelli,Monossido di Carbonio,2004-03,0.97,667
6801,Sarezzo v.Minelli,Monossido di Carbonio,2004-04,0.71,719
6801,Sarezzo v.Minelli,Monossido di Carbonio,2004-05,0.60,425
6801,Sarezzo v.Minelli,Monossido di Carbonio,2004-06,0.41,495
6801,Sarezzo v.Minelli,Monossido di Carbonio,2004-07,0.36,616
6801,Sarezzo v.Minelli,Monossido di Carbonio,2004-08,0.58,742
6801,Sarezzo v.Minelli,Monossido di Carbonio,2004-09,0.84,123
6801,Sarezzo v.Minelli,Monossido di Carbonio,2004-11,1.22,620
6801,Sarezzo v.Minelli,Monossido di Carbonio,2004-12,1.29,735
6801,Sarezzo v.Minelli,Monossido di Carbonio,2005-01,1.54,744
6801,Sarezzo v.Minelli,Monossido di Carbonio,2005-02,1.17,672
6801,Sarezzo v.Minelli,Monossido di Carbonio,2005-03,0.93,741
6801,Sarezzo v.Minelli,Monossido di Carbonio,2005-04,0.75,720
6801,Sarezzo v.Minelli,Monossido di Carbonio,2005-05,0.53,743
6801,Sarezzo v.Minelli,Monossido di Carbonio,2005-06,0.47,630
6801,Sarezzo v.Minelli,Monossido di Carbonio,2005-07,0.40,701
6801,Sarezzo v.Minelli,Monossido di Carbonio,2005-08,0.35,743
6801,Sarezzo v.Minelli,Monossido di Carbonio,2005-09,0.48,648
6801,Sarezzo v.Minelli,Monossido di Carbonio,2005-10,0.68,680
6801,Sarezzo v.Minelli,Monossido di Carbonio,2005-11,0.88,705
6801,Sarezzo v.Minelli,Monossido di Carbonio,2005-12,1.16,695
6801,Sarezzo v.Minelli,Monossido di Carbonio,2006-01,1.42,743
6801,Sarezzo v.Minelli,Monossido di Carbonio,2006-02,1.29,670
6801,Sarezzo v.Minelli,Monossido di Carbonio,2006-03,0.99,741
6801,Sarezzo v.Minelli,Monossido di Carbonio,2006-04,0.76,719
6801,Sarezzo v.Minelli,Monossido di Carbonio,2006-05,0.73,721
6801,Sarezzo v.Minelli,Monossido di Carbonio,2006-06,1.18,720
6801,Sarezzo v.Minelli,Monossido di Carbonio,2006-07,1.13,743
6801,Sarezzo v.Minelli,Monossido di Carbonio,2006-08,0.91,744
6801,Sarezzo v.Minelli,Monossido di Carbonio,2006-09,0.89,696
6801,Sarezzo v.Minelli,Monossido di Carbonio,2006-10,0.82,576
6801,Sarezzo v.Minelli,Monossido di Carbonio,2006-11,0.65,530
6801,Sarezzo v.Minelli,Monossido di Carbonio,2006-12,1.33,744
6801,Sarezzo v.Minelli,Monossido di Carbonio,2007-01,1.60,710
6801,Sarezzo v.Minelli,Monossido di Carbonio,2007-03,0.65,127
6801,Sarezzo v.Minelli,Monossido di Carbonio,2007-04,0.43,720
6801,Sarezzo v.Minelli,Monossido di Carbonio,2007-05,0.72,707
6801,Sarezzo v.Minelli,Monossido di Carbonio,2007-06,0.47,669
6801,Sarezzo v.Minelli,Monossido di Carbonio,2007-07,0.26,743
6801,Sarezzo v.Minelli,Monossido di Carbonio,2007-08,0.19,743
6801,Sarezzo v.Minelli,Monossido di Carbonio,2007-09,0.25,716
6801,Sarezzo v.Minelli,Monossido di Carbonio,2007-10,0.48,730
6801,Sarezzo v.Minelli,Monossido di Carbonio,2007-11,0.91,719
6801,Sarezzo v.Minelli,Monossido di Carbonio,2007-12,1.19,742
6801,Sarezzo v.Minelli,Monossido di Carbonio,2008-01,1.06,740
6801,Sarezzo v.Minelli,Monossido di Carbonio,2008-02,0.94,696
6801,Sarezzo v.Minelli,Monossido di Carbonio,2008-03,0.61,734
6801,Sarezzo v.Minelli,Monossido di Carbonio,2008-04,0.61,718
6801,Sarezzo v.Minelli,Monossido di Carbonio,2008-05,0.50,743
6801,Sarezzo v.Minelli,Monossido di Carbonio,2008-06,0.45,719
6801,Sarezzo v.Minelli,Monossido di Carbonio,2008-07,0.29,709
6801,Sarezzo v.Minelli,Monossido di Carbonio,2008-08,0.47,203
6801,Sarezzo v.Minelli,Monossido di Carbonio,2008-09,0.21,544
6801,Sarezzo v.Minelli,Monossido di Carbonio,2008-10,0.38,743
6801,Sarezzo v.Minelli,Monossido di Carbonio,2008-11,0.52,671
6801,Sarezzo v.Minelli,Monossido di Carbonio,2008-12,0.68,712
6801,Sarezzo v.Minelli,Monossido di Carbonio,2009-01,1.05,718
6801,Sarezzo v.Minelli,Monossido di Carbonio,2009-02,0.71,610
6801,Sarezzo v.Minelli,Monossido di Carbonio,2009-03,0.67,719
6801,Sarezzo v.Minelli,Monossido di Carbonio,2009-04,0.40,589
6801,Sarezzo v.Minelli,Monossido di Carbonio,2009-05,0.20,726
6801,Sarezzo v.Minelli,Monossido di Carbonio,2009-06,0.15,627
6801,Sarezzo v.Minelli,Monossido di Carbonio,2009-07,0.16,631
6801,Sarezzo v.Minelli,Monossido di Carbonio,2009-08,0.13,740
6801,Sarezzo v.Minelli,Monossido di Carbonio,2009-09,0.17,719
6801,Sarezzo v.Minelli,Monossido di Carbonio,2009-10,0.46,743
6801,Sarezzo v.Minelli,Monossido di Carbonio,2009-11,0.92,549
6801,Sarezzo v.Minelli,Monossido di Carbonio,2009-12,1.16,742
6801,Sarezzo v.Minelli,Monossido di Carbonio,2010-01,1.60,1
6801,Sarezzo v.Minelli,Monossido di Carbonio,2010-01,1.18,742
6801,Sarezzo v.Minelli,Monossido di Carbonio,2010-02,0.87,670
6801,Sarezzo v.Minelli,Monossido di Carbonio,2010-03,0.57,720
6801,Sarezzo v.Minelli,Monossido di Carbonio,2010-04,0.46,702
6801,Sarezzo v.Minelli,Monossido di Carbonio,2010-05,0.27,744
6801,Sarezzo v.Minelli,Monossido di Carbonio,2010-06,0.29,719
6801,Sarezzo v.Minelli,Monossido di Carbonio,2010-07,0.26,689
6801,Sarezzo v.Minelli,Monossido di Carbonio,2010-08,0.24,744
6801,Sarezzo v.Minelli,Monossido di Carbonio,2010-09,0.30,719
6801,Sarezzo v.Minelli,Monossido di Carbonio,2010-10,0.53,743
6801,Sarezzo v.Minelli,Monossido di Carbonio,2010-11,0.71,717
6801,Sarezzo v.Minelli,Monossido di Carbonio,2010-12,1.08,744
6801,Sarezzo v.Minelli,Monossido di Carbonio,2011-01,1.08,743
6801,Sarezzo v.Minelli,Monossido di Carbonio,2011-02,0.86,671
6801,Sarezzo v.Minelli,Monossido di Carbonio,2011-03,0.53,740
6801,Sarezzo v.Minelli,Monossido di Carbonio,2011-04,0.28,719
6801,Sarezzo v.Minelli,Monossido di Carbonio,2011-05,0.29,724
6801,Sarezzo v.Minelli,Monossido di Carbonio,2011-06,0.23,718
6801,Sarezzo v.Minelli,Monossido di Carbonio,2011-07,0.21,743
6801,Sarezzo v.Minelli,Monossido di Carbonio,2011-08,0.21,707
6801,Sarezzo v.Minelli,Monossido di Carbonio,2011-09,0.25,701
6801,Sarezzo v.Minelli,Monossido di Carbonio,2011-10,0.55,726
6801,Sarezzo v.Minelli,Monossido di Carbonio,2011-11,0.98,718
6801,Sarezzo v.Minelli,Monossido di Carbonio,2011-12,0.94,743
6801,Sarezzo v.Minelli,Monossido di Carbonio,2012-01,0.84,743
6801,Sarezzo v.Minelli,Monossido di Carbonio,2012-02,0.81,690
6801,Sarezzo v.Minelli,Monossido di Carbonio,2012-03,0.58,742
6801,Sarezzo v.Minelli,Monossido di Carbonio,2012-04,0.31,719
6801,Sarezzo v.Minelli,Monossido di Carbonio,2012-05,0.37,711
6801,Sarezzo v.Minelli,Monossido di Carbonio,2012-06,0.47,694
6801,Sarezzo v.Minelli,Monossido di Carbonio,2012-07,0.30,742
6801,Sarezzo v.Minelli,Monossido di Carbonio,2012-08,0.38,743
6801,Sarezzo v.Minelli,Monossido di Carbonio,2012-09,0.27,719
6801,Sarezzo v.Minelli,Monossido di Carbonio,2012-10,0.40,715
6801,Sarezzo v.Minelli,Monossido di Carbonio,2012-11,0.61,715
6801,Sarezzo v.Minelli,Monossido di Carbonio,2012-12,0.89,743
6801,Sarezzo v.Minelli,Monossido di Carbonio,2013-01,0.88,743
6801,Sarezzo v.Minelli,Monossido di Carbonio,2013-02,0.72,671
6801,Sarezzo v.Minelli,Monossido di Carbonio,2013-03,0.57,742
6801,Sarezzo v.Minelli,Monossido di Carbonio,2013-04,0.41,719
6801,Sarezzo v.Minelli,Monossido di Carbonio,2013-05,0.26,742
6801,Sarezzo v.Minelli,Monossido di Carbonio,2013-06,0.26,713
6801,Sarezzo v.Minelli,Monossido di Carbonio,2013-07,0.26,742
6801,Sarezzo v.Minelli,Monossido di Carbonio,2013-08,0.25,701
6801,Sarezzo v.Minelli,Monossido di Carbonio,2013-09,0.28,718
6801,Sarezzo v.Minelli,Monossido di Carbonio,2013-10,0.43,743
6801,Sarezzo v.Minelli,Monossido di Carbonio,2013-11,0.59,714
6801,Sarezzo v.Minelli,Monossido di Carbonio,2013-12,0.86,742
6801,Sarezzo v.Minelli,Monossido di Carbonio,2014-01,0.63,740
6801,Sarezzo v.Minelli,Monossido di Carbonio,2014-02,0.49,626
6801,Sarezzo v.Minelli,Monossido di Carbonio,2014-03,0.48,732
6801,Sarezzo v.Minelli,Monossido di Carbonio,2014-04,0.32,692
6801,Sarezzo v.Minelli,Monossido di Carbonio,2014-05,0.25,704
6801,Sarezzo v.Minelli,Monossido di Carbonio,2014-06,0.22,720
6801,Sarezzo v.Minelli,Monossido di Carbonio,2014-07,0.15,719
6801,Sarezzo v.Minelli,Monossido di Carbonio,2014-08,0.05,742
6801,Sarezzo v.Minelli,Monossido di Carbonio,2014-09,0.15,680
6801,Sarezzo v.Minelli,Monossido di Carbonio,2014-10,0.32,743
6801,Sarezzo v.Minelli,Monossido di Carbonio,2014-11,0.49,665
6801,Sarezzo v.Minelli,Monossido di Carbonio,2014-12,0.73,684
6801,Sarezzo v.Minelli,Monossido di Carbonio,2015-01,0.64,742
6801,Sarezzo v.Minelli,Monossido di Carbonio,2015-02,0.61,670
6801,Sarezzo v.Minelli,Monossido di Carbonio,2015-03,0.45,742
6801,Sarezzo v.Minelli,Monossido di Carbonio,2015-04,0.32,718
6801,Sarezzo v.Minelli,Monossido di Carbonio,2015-05,0.26,743
6801,Sarezzo v.Minelli,Monossido di Carbonio,2015-06,0.23,718
6801,Sarezzo v.Minelli,Monossido di Carbonio,2015-07,0.25,744
6801,Sarezzo v.Minelli,Monossido di Carbonio,2015-08,0.23,744
6801,Sarezzo v.Minelli,Monossido di Carbonio,2015-09,0.24,631
6801,Sarezzo v.Minelli,Monossido di Carbonio,2015-10,0.38,744
6801,Sarezzo v.Minelli,Monossido di Carbonio,2015-11,0.61,720
6801,Sarezzo v.Minelli,Monossido di Carbonio,2015-12,0.83,741
6801,Sarezzo v.Minelli,Monossido di Carbonio,2016-01,0.76,741
6801,Sarezzo v.Minelli,Monossido di Carbonio,2016-02,0.49,695
6801,Sarezzo v.Minelli,Monossido di Carbonio,2016-03,0.36,744
6801,Sarezzo v.Minelli,Monossido di Carbonio,2016-04,0.17,671
6801,Sarezzo v.Minelli,Monossido di Carbonio,2016-05,0.22,736
6801,Sarezzo v.Minelli,Monossido di Carbonio,2016-06,0.25,718
6801,Sarezzo v.Minelli,Monossido di Carbonio,2016-07,0.25,744
6801,Sarezzo v.Minelli,Monossido di Carbonio,2016-08,0.23,744
6801,Sarezzo v.Minelli,Monossido di Carbonio,2016-09,0.29,718
6801,Sarezzo v.Minelli,Monossido di Carbonio,2016-10,0.41,743
6801,Sarezzo v.Minelli,Monossido di Carbonio,2016-11,0.60,718
6801,Sarezzo v.Minelli,Monossido di Carbonio,2016-12,0.70,736
6801,Sarezzo v.Minelli,Monossido di Carbonio,2017-01,0.51,720
6801,Sarezzo v.Minelli,Monossido di Carbonio,2017-02,0.65,669
6801,Sarezzo v.Minelli,Monossido di Carbonio,2017-03,0.35,742
6801,Sarezzo v.Minelli,Monossido di Carbonio,2017-04,0.26,716
6801,Sarezzo v.Minelli,Monossido di Carbonio,2017-05,0.24,744
6801,Sarezzo v.Minelli,Monossido di Carbonio,2017-06,0.22,720
6801,Sarezzo v.Minelli,Monossido di Carbonio,2017-07,0.21,742
6801,Sarezzo v.Minelli,Monossido di Carbonio,2017-08,0.22,744
6801,Sarezzo v.Minelli,Monossido di Carbonio,2017-09,0.26,695
6801,Sarezzo v.Minelli,Monossido di Carbonio,2017-10,0.39,553
6801,Sarezzo v.Minelli,Monossido di Carbonio,2017-11,0.56,652
6801,Sarezzo v.Minelli,Monossido di Carbonio,2017-12,0.63,744
6801,Sarezzo v.Minelli,Monossido di Carbonio,2018-01,1.00,1
6801,Sarezzo v.Minelli,Monossido di Carbonio,2018-01,0.56,740
6801,Sarezzo v.Minelli,Monossido di Carbonio,2018-02,0.46,664
6801,Sarezzo v.Minelli,Monossido di Carbonio,2018-03,0.44,737
6801,Sarezzo v.Minelli,Monossido di Carbonio,2018-04,0.24,710
6801,Sarezzo v.Minelli,Monossido di Carbonio,2018-05,0.19,658
6801,Sarezzo v.Minelli,Monossido di Carbonio,2018-06,0.16,622
6801,Sarezzo v.Minelli,Monossido di Carbonio,2018-07,0.17,721
6801,Sarezzo v.Minelli,Monossido di Carbonio,2018-08,0.17,729
6801,Sarezzo v.Minelli,Monossido di Carbonio,2018-09,0.21,640
6801,Sarezzo v.Minelli,Monossido di Carbonio,2018-10,0.27,675
6801,Sarezzo v.Minelli,Monossido di Carbonio,2018-11,0.37,685
6801,Sarezzo v.Minelli,Monossido di Carbonio,2018-12,0.42,696
6801,Sarezzo v.Minelli,Monossido di Carbonio,2019-01,0.39,719
6801,Sarezzo v.Minelli,Monossido di Carbonio,2019-02,0.47,672
6801,Sarezzo v.Minelli,Monossido di Carbonio,2019-03,0.27,716
6801,Sarezzo v.Minelli,Monossido di Carbonio,2019-04,0.22,714
6801,Sarezzo v.Minelli,Monossido di Carbonio,2019-05,0.17,691
6801,Sarezzo v.Minelli,Monossido di Carbonio,2019-06,0.12,703
6801,Sarezzo v.Minelli,Monossido di Carbonio,2019-07,0.11,744
6801,Sarezzo v.Minelli,Monossido di Carbonio,2019-08,0.11,743
6801,Sarezzo v.Minelli,Monossido di Carbonio,2019-09,0.15,719
6801,Sarezzo v.Minelli,Monossido di Carbonio,2019-10,0.20,744
6801,Sarezzo v.Minelli,Monossido di Carbonio,2019-11,0.30,650
6801,Sarezzo v.Minelli,Monossido di Carbonio,2019-12,0.37,690
6801,Sarezzo v.Minelli,Monossido di Carbonio,2020-01,0.43,733
6801,Sarezzo v.Minelli,Monossido di Carbonio,2020-02,0.25,609
6801,Sarezzo v.Minelli,Monossido di Carbonio,2020-03,0.14,744
6801,Sarezzo v.Minelli,Monossido di Carbonio,2020-04,0.07,704
6801,Sarezzo v.Minelli,Monossido di Carbonio,2020-05,0.04,742
6801,Sarezzo v.Minelli,Monossido di Carbonio,2020-06,0.11,683
6801,Sarezzo v.Minelli,Monossido di Carbonio,2020-07,0.26,702
6801,Sarezzo v.Minelli,Monossido di Carbonio,2020-08,0.11,744
6801,Sarezzo v.Minelli,Monossido di Carbonio,2020-09,0.15,702
6801,Sarezzo v.Minelli,Monossido di Carbonio,2020-10,0.25,740
6801,Sarezzo v.Minelli,Monossido di Carbonio,2020-11,0.50,631
6801,Sarezzo v.Minelli,Monossido di Carbonio,2020-12,0.57,673
6801,Sarezzo v.Minelli,Monossido di Carbonio,2021-01,0.58,740
6801,Sarezzo v.Minelli,Monossido di Carbonio,2021-02,0.50,672
6801,Sarezzo v.Minelli,Monossido di Carbonio,2021-03,0.37,744
6801,Sarezzo v.Minelli,Monossido di Carbonio,2021-04,0.19,719
6801,Sarezzo v.Minelli,Monossido di Carbonio,2021-05,0.02,672
6801,Sarezzo v.Minelli,Monossido di Carbonio,2021-06,0.05,704
6801,Sarezzo v.Minelli,Monossido di Carbonio,2021-07,0.10,742
6801,Sarezzo v.Minelli,Monossido di Carbonio,2021-08,0.10,646
6801,Sarezzo v.Minelli,Monossido di Carbonio,2021-09,0.13,665
6801,Sarezzo v.Minelli,Monossido di Carbonio,2021-10,0.21,744
6801,Sarezzo v.Minelli,Monossido di Carbonio,2021-11,0.40,704
6801,Sarezzo v.Minelli,Monossido di Carbonio,2021-12,0.58,710
6801,Sarezzo v.Minelli,Monossido di Carbonio,2022-01,0.50,737
6801,Sarezzo v.Minelli,Monossido di Carbonio,2022-02,0.55,672
6801,Sarezzo v.Minelli,Monossido di Carbonio,2022-03,0.50,741
6801,Sarezzo v.Minelli,Monossido di Carbonio,2022-04,0.39,720
6801,Sarezzo v.Minelli,Monossido di Carbonio,2022-05,0.33,744
6801,Sarezzo v.Minelli,Monossido di Carbonio,2022-06,0.30,719
6801,Sarezzo v.Minelli,Monossido di Carbonio,2022-07,0.32,707
6801,Sarezzo v.Minelli,Monossido di Carbonio,2022-08,0.16,563
6801,Sarezzo v.Minelli,Monossido di Carbonio,2022-09,0.19,718
6801,Sarezzo v.Minelli,Monossido di Carbonio,2022-10,0.26,710
6801,Sarezzo v.Minelli,Monossido di Carbonio,2022-11,0.44,719
6801,Sarezzo v.Minelli,Monossido di Carbonio,2022-12,0.61,744
6801,Sarezzo v.Minelli,Monossido di Carbonio,2023-01,0.68,49
6803,Sarezzo v.Minelli,Ossidi di Azoto,2000-01,85.58,286
6803,Sarezzo v.Minelli,Ossidi di Azoto,2000-02,111.43,472
6803,Sarezzo v.Minelli,Ossidi di Azoto,2000-03,75.45,539
6803,Sarezzo v.Minelli,Ossidi di Azoto,2000-04,53.89,581
6803,Sarezzo v.Minelli,Ossidi di Azoto,2000-05,42.50,699
6803,Sarezzo v.Minelli,Ossidi di Azoto,2000-06,44.46,709
6803,Sarezzo v.Minelli,Ossidi di Azoto,2000-07,123.74,696
6803,Sarezzo v.Minelli,Ossidi di Azoto,2000-08,76.62,636
6803,Sarezzo v.Minelli,Ossidi di Azoto,2000-09,59.81,568
6803,Sarezzo v.Minelli,Ossidi di Azoto,2000-10,63.35,742
6803,Sarezzo v.Minelli,Ossidi di Azoto,2000-11,95.81,686
6803,Sarezzo v.Minelli,Ossidi di Azoto,2000-12,192.00,744
6803,Sarezzo v.Minelli,Ossidi di Azoto,2001-01,181.82,667
6803,Sarezzo v.Minelli,Ossidi di Azoto,2001-02,129.66,671
6803,Sarezzo v.Minelli,Ossidi di Azoto,2001-03,86.86,743
6803,Sarezzo v.Minelli,Ossidi di Azoto,2001-04,49.05,574
6803,Sarezzo v.Minelli,Ossidi di Azoto,2001-05,34.13,633
6803,Sarezzo v.Minelli,Ossidi di Azoto,2001-06,25.86,702
6803,Sarezzo v.Minelli,Ossidi di Azoto,2001-07,23.71,744
6803,Sarezzo v.Minelli,Ossidi di Azoto,2001-08,19.42,726
6803,Sarezzo v.Minelli,Ossidi di Azoto,2001-09,47.35,446
6803,Sarezzo v.Minelli,Ossidi di Azoto,2001-10,78.69,645
6803,Sarezzo v.Minelli,Ossidi di Azoto,2001-11,145.74,701
6803,Sarezzo v.Minelli,Ossidi di Azoto,2001-12,241.39,743
6803,Sarezzo v.Minelli,Ossidi di Azoto,2002-01,243.91,737
6803,Sarezzo v.Minelli,Ossidi di Azoto,2002-02,163.94,671
6803,Sarezzo v.Minelli,Ossidi di Azoto,2002-03,56.28,738
6803,Sarezzo v.Minelli,Ossidi di Azoto,2002-04,41.07,720
6803,Sarezzo v.Minelli,Ossidi di Azoto,2002-05,23.90,706
6803,Sarezzo v.Minelli,Ossidi di Azoto,2002-06,21.51,713
6803,Sarezzo v.Minelli,Ossidi di Azoto,2002-07,19.82,729
6803,Sarezzo v.Minelli,Ossidi di Azoto,2002-08,13.58,729
6803,Sarezzo v.Minelli,Ossidi di Azoto,2002-09,32.20,720
6803,Sarezzo v.Minelli,Ossidi di Azoto,2002-10,64.57,744
6803,Sarezzo v.Minelli,Ossidi di Azoto,2002-11,75.81,720
6803,Sarezzo v.Minelli,Ossidi di Azoto,2002-12,136.97,678
6803,Sarezzo v.Minelli,Ossidi di Azoto,2003-01,138.43,743
6803,Sarezzo v.Minelli,Ossidi di Azoto,2003-02,101.12,633
6803,Sarezzo v.Minelli,Ossidi di Azoto,2003-03,70.95,672
6803,Sarezzo v.Minelli,Ossidi di Azoto,2003-04,46.58,640
6803,Sarezzo v.Minelli,Ossidi di Azoto,2003-05,30.65,524
6803,Sarezzo v.Minelli,Ossidi di Azoto,2003-06,22.45,343
6803,Sarezzo v.Minelli,Ossidi di Azoto,2003-07,29.59,156
6803,Sarezzo v.Minelli,Ossidi di Azoto,2003-08,25.55,261
6803,Sarezzo v.Minelli,Ossidi di Azoto,2003-09,42.26,537
6803,Sarezzo v.Minelli,Ossidi di Azoto,2003-10,66.51,505
6803,Sarezzo v.Minelli,Ossidi di Azoto,2003-11,125.64,322
6803,Sarezzo v.Minelli,Ossidi di Azoto,2003-12,132.46,744
6803,Sarezzo v.Minelli,Ossidi di Azoto,2004-01,155.01,258
6803,Sarezzo v.Minelli,Ossidi di Azoto,2004-02,97.60,413
6803,Sarezzo v.Minelli,Ossidi di Azoto,2004-03,107.14,687
6803,Sarezzo v.Minelli,Ossidi di Azoto,2004-04,94.87,472
6803,Sarezzo v.Minelli,Ossidi di Azoto,2004-05,94.62,425
6803,Sarezzo v.Minelli,Ossidi di Azoto,2004-06,40.58,494
6803,Sarezzo v.Minelli,Ossidi di Azoto,2004-07,29.47,540
6803,Sarezzo v.Minelli,Ossidi di Azoto,2004-08,17.25,659
6803,Sarezzo v.Minelli,Ossidi di Azoto,2004-09,53.69,118
6803,Sarezzo v.Minelli,Ossidi di Azoto,2004-11,107.33,539
6803,Sarezzo v.Minelli,Ossidi di Azoto,2004-12,147.47,736
6803,Sarezzo v.Minelli,Ossidi di Azoto,2005-01,177.79,741
6803,Sarezzo v.Minelli,Ossidi di Azoto,2005-02,151.07,672
6803,Sarezzo v.Minelli,Ossidi di Azoto,2005-03,87.54,743
6803,Sarezzo v.Minelli,Ossidi di Azoto,2005-04,38.49,720
6803,Sarezzo v.Minelli,Ossidi di Azoto,2005-05,30.76,743
6803,Sarezzo v.Minelli,Ossidi di Azoto,2005-06,22.91,631
6803,Sarezzo v.Minelli,Ossidi di Azoto,2005-07,19.84,703
6803,Sarezzo v.Minelli,Ossidi di Azoto,2005-08,17.49,743
6803,Sarezzo v.Minelli,Ossidi di Azoto,2005-09,24.80,648
6803,Sarezzo v.Minelli,Ossidi di Azoto,2005-10,44.36,671
6803,Sarezzo v.Minelli,Ossidi di Azoto,2005-11,102.05,672
6803,Sarezzo v.Minelli,Ossidi di Azoto,2005-12,158.69,695
6803,Sarezzo v.Minelli,Ossidi di Azoto,2006-01,158.69,741
6803,Sarezzo v.Minelli,Ossidi di Azoto,2006-02,107.63,671
6803,Sarezzo v.Minelli,Ossidi di Azoto,2006-03,44.92,741
6803,Sarezzo v.Minelli,Ossidi di Azoto,2006-04,26.54,718
6803,Sarezzo v.Minelli,Ossidi di Azoto,2006-05,25.97,721
6803,Sarezzo v.Minelli,Ossidi di Azoto,2006-06,29.25,720
6803,Sarezzo v.Minelli,Ossidi di Azoto,2006-07,23.76,743
6803,Sarezzo v.Minelli,Ossidi di Azoto,2006-08,85.08,744
6803,Sarezzo v.Minelli,Ossidi di Azoto,2006-09,147.54,695
6803,Sarezzo v.Minelli,Ossidi di Azoto,2006-10,189.84,743
6803,Sarezzo v.Minelli,Ossidi di Azoto,2006-11,255.36,720
6803,Sarezzo v.Minelli,Ossidi di Azoto,2006-12,330.56,744
6803,Sarezzo v.Minelli,Ossidi di Azoto,2007-01,393.06,710
6803,Sarezzo v.Minelli,Ossidi di Azoto,2007-03,429.47,127
6803,Sarezzo v.Minelli,Ossidi di Azoto,2007-04,397.61,720
6803,Sarezzo v.Minelli,Ossidi di Azoto,2007-05,214.01,601
6803,Sarezzo v.Minelli,Ossidi di Azoto,2007-06,31.58,640
6803,Sarezzo v.Minelli,Ossidi di Azoto,2007-07,25.70,744
6803,Sarezzo v.Minelli,Ossidi di Azoto,2007-08,18.00,743
6803,Sarezzo v.Minelli,Ossidi di Azoto,2007-09,36.49,716
6803,Sarezzo v.Minelli,Ossidi di Azoto,2007-10,68.71,730
6803,Sarezzo v.Minelli,Ossidi di Azoto,2007-11,117.15,719
6803,Sarezzo v.Minelli,Ossidi di Azoto,2007-12,160.20,742
6803,Sarezzo v.Minelli,Ossidi di Azoto,2008-01,131.68,740
6803,Sarezzo v.Minelli,Ossidi di Azoto,2008-02,114.47,696
6803,Sarezzo v.Minelli,Ossidi di Azoto,2008-03,58.69,744
6803,Sarezzo v.Minelli,Ossidi di Azoto,2008-04,44.58,718
6803,Sarezzo v.Minelli,Ossidi di Azoto,2008-05,33.00,742
6803,Sarezzo v.Minelli,Ossidi di Azoto,2008-06,26.61,719
6803,Sarezzo v.Minelli,Ossidi di Azoto,2008-07,27.48,710
6803,Sarezzo v.Minelli,Ossidi di Azoto,2008-08,25.32,354
6803,Sarezzo v.Minelli,Ossidi di Azoto,2008-09,40.35,720
6803,Sarezzo v.Minelli,Ossidi di Azoto,2008-10,64.77,744
6803,Sarezzo v.Minelli,Ossidi di Azoto,2008-11,82.38,671
6803,Sarezzo v.Minelli,Ossidi di Azoto,2008-12,119.43,712
6803,Sarezzo v.Minelli,Ossidi di Azoto,2009-01,153.78,718
6803,Sarezzo v.Minelli,Ossidi di Azoto,2009-02,96.06,611
6803,Sarezzo v.Minelli,Ossidi di Azoto,2009-03,68.17,718
6803,Sarezzo v.Minelli,Ossidi di Azoto,2009-04,45.24,589
6803,Sarezzo v.Minelli,Ossidi di Azoto,2009-05,28.12,726
6803,Sarezzo v.Minelli,Ossidi di Azoto,2009-06,27.51,626
6803,Sarezzo v.Minelli,Ossidi di Azoto,2009-07,24.83,630
6803,Sarezzo v.Minelli,Ossidi di Azoto,2009-08,8.55,740
6803,Sarezzo v.Minelli,Ossidi di Azoto,2009-09,25.08,719
6803,Sarezzo v.Minelli,Ossidi di Azoto,2009-10,58.10,739
6803,Sarezzo v.Minelli,Ossidi di Azoto,2009-11,87.32,717
6803,Sarezzo v.Minelli,Ossidi di Azoto,2009-12,124.09,742
6803,Sarezzo v.Minelli,Ossidi di Azoto,2010-01,142.10,1
6803,Sarezzo v.Minelli,Ossidi di Azoto,2010-01,127.95,742
6803,Sarezzo v.Minelli,Ossidi di Azoto,2010-02,96.79,669
6803,Sarezzo v.Minelli,Ossidi di Azoto,2010-03,56.85,743
6803,Sarezzo v.Minelli,Ossidi di Azoto,2010-04,35.33,718
6803,Sarezzo v.Minelli,Ossidi di Azoto,2010-05,39.28,742
6803,Sarezzo v.Minelli,Ossidi di Azoto,2010-06,38.12,718
6803,Sarezzo v.Minelli,Ossidi di Azoto,2010-07,33.07,742
6803,Sarezzo v.Minelli,Ossidi di Azoto,2010-08,19.78,744
6803,Sarezzo v.Minelli,Ossidi di Azoto,2010-09,34.35,718
6803,Sarezzo v.Minelli,Ossidi di Azoto,2010-10,57.34,743
6803,Sarezzo v.Minelli,Ossidi di Azoto,2010-11,72.02,717
6803,Sarezzo v.Minelli,Ossidi di Azoto,2010-12,137.53,744
6803,Sarezzo v.Minelli,Ossidi di Azoto,2011-01,142.06,743
6803,Sarezzo v.Minelli,Ossidi di Azoto,2011-02,93.96,671
6803,Sarezzo v.Minelli,Ossidi di Azoto,2011-03,65.31,740
6803,Sarezzo v.Minelli,Ossidi di Azoto,2011-04,31.70,717
6803,Sarezzo v.Minelli,Ossidi di Azoto,2011-05,22.99,722
6803,Sarezzo v.Minelli,Ossidi di Azoto,2011-06,16.42,715
6803,Sarezzo v.Minelli,Ossidi di Azoto,2011-07,20.00,669
6803,Sarezzo v.Minelli,Ossidi di Azoto,2011-08,12.42,624
6803,Sarezzo v.Minelli,Ossidi di Azoto,2011-09,31.22,701
6803,Sarezzo v.Minelli,Ossidi di Azoto,2011-10,69.16,727
6803,Sarezzo v.Minelli,Ossidi di Azoto,2011-11,112.53,717
6803,Sarezzo v.Minelli,Ossidi di Azoto,2011-12,148.14,743
6803,Sarezzo v.Minelli,Ossidi di Azoto,2012-01,148.25,743
6803,Sarezzo v.Minelli,Ossidi di Azoto,2012-02,144.97,690
6803,Sarezzo v.Minelli,Ossidi di Azoto,2012-03,150.52,743
6803,Sarezzo v.Minelli,Ossidi di Azoto,2012-04,102.24,711
6803,Sarezzo v.Minelli,Ossidi di Azoto,2012-05,62.96,727
6803,Sarezzo v.Minelli,Ossidi di Azoto,2012-06,138.07,696
6803,Sarezzo v.Minelli,Ossidi di Azoto,2012-07,115.77,743
6803,Sarezzo v.Minelli,Ossidi di Azoto,2012-08,21.50,742
6803,Sarezzo v.Minelli,Ossidi di Azoto,2012-09,28.79,719
6803,Sarezzo v.Minelli,Ossidi di Azoto,2012-10,42.35,743
6803,Sarezzo v.Minelli,Ossidi di Azoto,2012-11,65.68,715
6803,Sarezzo v.Minelli,Ossidi di Azoto,2012-12,127.74,743
6803,Sarezzo v.Minelli,Ossidi di Azoto,2013-01,115.88,733
6803,Sarezzo v.Minelli,Ossidi di Azoto,2013-02,90.36,652
6803,Sarezzo v.Minelli,Ossidi di Azoto,2013-03,63.99,742
6803,Sarezzo v.Minelli,Ossidi di Azoto,2013-04,35.42,709
6803,Sarezzo v.Minelli,Ossidi di Azoto,2013-05,21.92,742
6803,Sarezzo v.Minelli,Ossidi di Azoto,2013-06,21.76,712
6803,Sarezzo v.Minelli,Ossidi di Azoto,2013-07,17.99,531
6803,Sarezzo v.Minelli,Ossidi di Azoto,2013-08,18.20,689
6803,Sarezzo v.Minelli,Ossidi di Azoto,2013-09,25.81,705
6803,Sarezzo v.Minelli,Ossidi di Azoto,2013-10,44.16,707
6803,Sarezzo v.Minelli,Ossidi di Azoto,2013-11,64.32,714
6803,Sarezzo v.Minelli,Ossidi di Azoto,2013-12,148.98,743
6803,Sarezzo v.Minelli,Ossidi di Azoto,2014-01,94.69,744
6803,Sarezzo v.Minelli,Ossidi di Azoto,2014-02,71.01,671
6803,Sarezzo v.Minelli,Ossidi di Azoto,2014-03,51.83,729
6803,Sarezzo v.Minelli,Ossidi di Azoto,2014-04,34.59,691
6803,Sarezzo v.Minelli,Ossidi di Azoto,2014-05,22.52,701
6803,Sarezzo v.Minelli,Ossidi di Azoto,2014-06,21.79,719
6803,Sarezzo v.Minelli,Ossidi di Azoto,2014-07,20.94,742
6803,Sarezzo v.Minelli,Ossidi di Azoto,2014-08,14.67,743
6803,Sarezzo v.Minelli,Ossidi di Azoto,2014-09,23.99,718
6803,Sarezzo v.Minelli,Ossidi di Azoto,2014-10,38.92,743
6803,Sarezzo v.Minelli,Ossidi di Azoto,2014-11,62.15,666
6803,Sarezzo v.Minelli,Ossidi di Azoto,2014-12,126.22,685
6803,Sarezzo v.Minelli,Ossidi di Azoto,2015-01,104.86,743
6803,Sarezzo v.Minelli,Ossidi di Azoto,2015-02,94.59,672
6803,Sarezzo v.Minelli,Ossidi di Azoto,2015-03,53.79,744
6803,Sarezzo v.Minelli,Ossidi di Azoto,2015-04,33.38,714
6803,Sarezzo v.Minelli,Ossidi di Azoto,2015-05,20.01,741
6803,Sarezzo v.Minelli,Ossidi di Azoto,2015-06,19.17,719
6803,Sarezzo v.Minelli,Ossidi di Azoto,2015-07,21.36,722
6803,Sarezzo v.Minelli,Ossidi di Azoto,2015-08,19.03,743
6803,Sarezzo v.Minelli,Ossidi di Azoto,2015-09,32.00,623
6803,Sarezzo v.Minelli,Ossidi di Azoto,2015-10,54.21,742
6803,Sarezzo v.Minelli,Ossidi di Azoto,2015-11,90.70,718
6803,Sarezzo v.Minelli,Ossidi di Azoto,2015-12,148.36,742
6803,Sarezzo v.Minelli,Ossidi di Azoto,2016-01,116.46,741
6803,Sarezzo v.Minelli,Ossidi di Azoto,2016-02,73.50,663
6803,Sarezzo v.Minelli,Ossidi di Azoto,2016-03,45.68,743
6803,Sarezzo v.Minelli,Ossidi di Azoto,2016-04,30.21,717
6803,Sarezzo v.Minelli,Ossidi di Azoto,2016-05,24.25,740
6803,Sarezzo v.Minelli,Ossidi di Azoto,2016-06,20.90,597
6803,Sarezzo v.Minelli,Ossidi di Azoto,2016-07,16.00,743
6803,Sarezzo v.Minelli,Ossidi di Azoto,2016-08,15.61,743
6803,Sarezzo v.Minelli,Ossidi di Azoto,2016-09,25.95,718
6803,Sarezzo v.Minelli,Ossidi di Azoto,2016-10,44.73,743
6803,Sarezzo v.Minelli,Ossidi di Azoto,2016-11,71.26,718
6803,Sarezzo v.Minelli,Ossidi di Azoto,2016-12,144.04,736
6803,Sarezzo v.Minelli,Ossidi di Azoto,2017-01,123.32,695
6803,Sarezzo v.Minelli,Ossidi di Azoto,2017-02,98.10,667
6803,Sarezzo v.Minelli,Ossidi di Azoto,2017-03,45.64,741
6803,Sarezzo v.Minelli,Ossidi di Azoto,2017-04,30.10,716
6803,Sarezzo v.Minelli,Ossidi di Azoto,2017-05,27.74,633
6803,Sarezzo v.Minelli,Ossidi di Azoto,2017-06,19.90,687
6803,Sarezzo v.Minelli,Ossidi di Azoto,2017-07,17.08,740
6803,Sarezzo v.Minelli,Ossidi di Azoto,2017-08,15.46,743
6803,Sarezzo v.Minelli,Ossidi di Azoto,2017-09,24.51,694
6803,Sarezzo v.Minelli,Ossidi di Azoto,2017-10,55.26,548
6803,Sarezzo v.Minelli,Ossidi di Azoto,2017-11,85.75,652
6803,Sarezzo v.Minelli,Ossidi di Azoto,2017-12,108.76,743
6803,Sarezzo v.Minelli,Ossidi di Azoto,2018-01,86.00,1
6803,Sarezzo v.Minelli,Ossidi di Azoto,2018-01,95.69,741
6803,Sarezzo v.Minelli,Ossidi di Azoto,2018-02,61.83,663
6803,Sarezzo v.Minelli,Ossidi di Azoto,2018-03,55.19,741
6803,Sarezzo v.Minelli,Ossidi di Azoto,2018-04,28.98,709
6803,Sarezzo v.Minelli,Ossidi di Azoto,2018-05,22.80,659
6803,Sarezzo v.Minelli,Ossidi di Azoto,2018-06,20.54,621
6803,Sarezzo v.Minelli,Ossidi di Azoto,2018-07,16.11,720
6803,Sarezzo v.Minelli,Ossidi di Azoto,2018-08,16.04,738
6803,Sarezzo v.Minelli,Ossidi di Azoto,2018-09,23.35,640
6803,Sarezzo v.Minelli,Ossidi di Azoto,2018-10,39.86,674
6803,Sarezzo v.Minelli,Ossidi di Azoto,2018-11,70.79,679
6803,Sarezzo v.Minelli,Ossidi di Azoto,2018-12,114.69,526
6803,Sarezzo v.Minelli,Ossidi di Azoto,2019-01,86.87,720
6803,Sarezzo v.Minelli,Ossidi di Azoto,2019-02,86.93,671
6803,Sarezzo v.Minelli,Ossidi di Azoto,2019-03,46.82,715
6803,Sarezzo v.Minelli,Ossidi di Azoto,2019-04,28.60,711
6803,Sarezzo v.Minelli,Ossidi di Azoto,2019-05,25.03,691
6803,Sarezzo v.Minelli,Ossidi di Azoto,2019-06,20.67,703
6803,Sarezzo v.Minelli,Ossidi di Azoto,2019-07,17.70,742
6803,Sarezzo v.Minelli,Ossidi di Azoto,2019-08,12.49,742
6803,Sarezzo v.Minelli,Ossidi di Azoto,2019-09,22.51,718
6803,Sarezzo v.Minelli,Ossidi di Azoto,2019-10,31.56,741
6803,Sarezzo v.Minelli,Ossidi di Azoto,2019-11,47.49,648
6803,Sarezzo v.Minelli,Ossidi di Azoto,2019-12,102.24,691
6803,Sarezzo v.Minelli,Ossidi di Azoto,2020-01,115.70,724
6803,Sarezzo v.Minelli,Ossidi di Azoto,2020-02,61.31,404
6803,Sarezzo v.Minelli,Ossidi di Azoto,2020-03,32.39,742
6803,Sarezzo v.Minelli,Ossidi di Azoto,2020-04,17.20,668
6803,Sarezzo v.Minelli,Ossidi di Azoto,2020-05,14.13,743
6803,Sarezzo v.Minelli,Ossidi di Azoto,2020-06,11.44,715
6803,Sarezzo v.Minelli,Ossidi di Azoto,2020-07,12.00,700
6803,Sarezzo v.Minelli,Ossidi di Azoto,2020-08,11.59,743
6803,Sarezzo v.Minelli,Ossidi di Azoto,2020-09,19.00,703
6803,Sarezzo v.Minelli,Ossidi di Azoto,2020-10,36.70,743
6803,Sarezzo v.Minelli,Ossidi di Azoto,2020-11,60.43,680
6803,Sarezzo v.Minelli,Ossidi di Azoto,2020-12,81.03,672
6803,Sarezzo v.Minelli,Ossidi di Azoto,2021-01,80.93,740
6803,Sarezzo v.Minelli,Ossidi di Azoto,2021-02,62.29,671
6803,Sarezzo v.Minelli,Ossidi di Azoto,2021-03,38.41,743
6803,Sarezzo v.Minelli,Ossidi di Azoto,2021-04,24.17,719
6803,Sarezzo v.Minelli,Ossidi di Azoto,2021-05,18.11,671
6803,Sarezzo v.Minelli,Ossidi di Azoto,2021-06,14.94,703
6803,Sarezzo v.Minelli,Ossidi di Azoto,2021-07,14.24,742
6803,Sarezzo v.Minelli,Ossidi di Azoto,2021-08,11.55,522
6803,Sarezzo v.Minelli,Ossidi di Azoto,2021-09,18.73,718
6803,Sarezzo v.Minelli,Ossidi di Azoto,2021-10,29.07,744
6803,Sarezzo v.Minelli,Ossidi di Azoto,2021-11,48.57,593
6803,Sarezzo v.Minelli,Ossidi di Azoto,2021-12,86.70,709
6803,Sarezzo v.Minelli,Ossidi di Azoto,2022-01,91.43,731
6803,Sarezzo v.Minelli,Ossidi di Azoto,2022-02,57.99,612
6803,Sarezzo v.Minelli,Ossidi di Azoto,2022-03,42.46,742
6803,Sarezzo v.Minelli,Ossidi di Azoto,2022-04,22.71,720
6803,Sarezzo v.Minelli,Ossidi di Azoto,2022-05,13.77,744
6803,Sarezzo v.Minelli,Ossidi di Azoto,2022-06,10.78,719
6803,Sarezzo v.Minelli,Ossidi di Azoto,2022-07,11.48,705
6803,Sarezzo v.Minelli,Ossidi di Azoto,2022-08,8.95,744
6803,Sarezzo v.Minelli,Ossidi di Azoto,2022-09,13.72,718
6803,Sarezzo v.Minelli,Ossidi di Azoto,2022-10,22.14,710
6803,Sarezzo v.Minelli,Ossidi di Azoto,2022-11,47.11,718
6803,Sarezzo v.Minelli,Ossidi di Azoto,2022-12,77.15,744
6803,Sarezzo v.Minelli,Ossidi di Azoto,2023-01,59.33,743
6803,Sarezzo v.Minelli,Ossidi di Azoto,2023-02,47.59,500
6803,Sarezzo v.Minelli,Ossidi di Azoto,2023-03,26.99,739
6803,Sarezzo v.Minelli,Ossidi di Azoto,2023-04,18.10,719
6803,Sarezzo v.Minelli,Ossidi di Azoto,2023-05,21.64,109
6803,Sarezzo v.Minelli,Ossidi di Azoto,2023-06,14.77,391
6803,Sarezzo v.Minelli,Ossidi di Azoto,2023-07,15.71,193
6803,Sarezzo v.Minelli,Ossidi di Azoto,2023-08,14.89,521
6803,Sarezzo v.Minelli,Ossidi di Azoto,2023-09,23.32,289
6803,Sarezzo v.Minelli,Ossidi di Azoto,2023-10,31.79,683
6803,Sarezzo v.Minelli,Ossidi di Azoto,2023-11,53.71,718
6803,Sarezzo v.Minelli,Ossidi di Azoto,2023-12,77.13,741
6803,Sarezzo v.Minelli,Ossidi di Azoto,2024-01,75.61,743
6803,Sarezzo v.Minelli,Ossidi di Azoto,2024-02,52.07,677
6803,Sarezzo v.Minelli,Ossidi di Azoto,2024-03,29.85,703
6803,Sarezzo v.Minelli,Ossidi di Azoto,2024-04,21.33,580
6803,Sarezzo v.Minelli,Ossidi di Azoto,2024-05,15.54,701
6803,Sarezzo v.Minelli,Ossidi di Azoto,2024-06,16.07,718
6803,Sarezzo v.Minelli,Ossidi di Azoto,2024-07,13.49,739
6803,Sarezzo v.Minelli,Ossidi di Azoto,2024-08,11.47,730
6803,Sarezzo v.Minelli,Ossidi di Azoto,2024-09,14.67,715
6803,Sarezzo v.Minelli,Ossidi di Azoto,2024-10,19.78,744
6803,Sarezzo v.Minelli,Ossidi di Azoto,2024-11,52.30,579
6803,Sarezzo v.Minelli,Ossidi di Azoto,2024-12,77.26,634
6803,Sarezzo v.Minelli,Ossidi di Azoto,2025-01,61.76,743
6803,Sarezzo v.Minelli,Ossidi di Azoto,2025-02,48.70,672
6803,Sarezzo v.Minelli,Ossidi di Azoto,2025-03,36.23,738
6803,Sarezzo v.Minelli,Ossidi di Azoto,2025-04,23.27,719
6803,Sarezzo v.Minelli,Ossidi di Azoto,2025-05,20.37,733
6803,Sarezzo v.Minelli,Ossidi di Azoto,2025-06,17.64,719
6803,Sarezzo v.Minelli,Ossidi di Azoto,2025-07,16.23,694
6803,Sarezzo v.Minelli,Ossidi di Azoto,2025-08,13.08,695
6803,Sarezzo v.Minelli,Ossidi di Azoto,2025-09,20.04,675
6803,Sarezzo v.Minelli,Ossidi di Azoto,2025-10,32.40,741
6803,Sarezzo v.Minelli,Ossidi di Azoto,2025-11,55.00,670
6803,Sarezzo v.Minelli,Ossidi di Azoto,2025-12,68.51,744
6803,Sarezzo v.Minelli,Ossidi di Azoto,2026-01,33.80,1
6804,Sarezzo v.Minelli,Ozono,2004-03,42.35,425
6804,Sarezzo v.Minelli,Ozono,2004-04,57.19,717
6804,Sarezzo v.Minelli,Ozono,2004-05,60.40,424
6804,Sarezzo v.Minelli,Ozono,2004-06,76.94,495
6804,Sarezzo v.Minelli,Ozono,2004-07,72.13,615
6804,Sarezzo v.Minelli,Ozono,2004-08,45.38,742
6804,Sarezzo v.Minelli,Ozono,2004-09,68.15,123
6804,Sarezzo v.Minelli,Ozono,2004-11,25.91,620
6804,Sarezzo v.Minelli,Ozono,2004-12,23.52,736
6804,Sarezzo v.Minelli,Ozono,2005-01,20.22,744
6804,Sarezzo v.Minelli,Ozono,2005-02,29.28,624
6804,Sarezzo v.Minelli,Ozono,2005-03,38.55,743
6804,Sarezzo v.Minelli,Ozono,2005-04,57.45,720
6804,Sarezzo v.Minelli,Ozono,2005-05,70.79,738
6804,Sarezzo v.Minelli,Ozono,2005-06,98.72,658
6804,Sarezzo v.Minelli,Ozono,2005-07,112.27,649
6804,Sarezzo v.Minelli,Ozono,2005-08,88.29,744
6804,Sarezzo v.Minelli,Ozono,2005-09,76.71,648
6804,Sarezzo v.Minelli,Ozono,2005-10,35.06,688
6804,Sarezzo v.Minelli,Ozono,2005-11,16.64,705
6804,Sarezzo v.Minelli,Ozono,2005-12,17.72,695
6804,Sarezzo v.Minelli,Ozono,2006-01,19.73,743
6804,Sarezzo v.Minelli,Ozono,2006-02,25.23,671
6804,Sarezzo v.Minelli,Ozono,2006-03,42.95,743
6804,Sarezzo v.Minelli,Ozono,2006-04,56.04,719
6804,Sarezzo v.Minelli,Ozono,2006-05,67.74,724
6804,Sarezzo v.Minelli,Ozono,2006-06,94.25,720
6804,Sarezzo v.Minelli,Ozono,2006-07,112.88,743
6804,Sarezzo v.Minelli,Ozono,2006-08,76.45,744
6804,Sarezzo v.Minelli,Ozono,2006-09,76.28,698
6804,Sarezzo v.Minelli,Ozono,2006-10,25.71,726
6804,Sarezzo v.Minelli,Ozono,2006-11,10.48,679
6804,Sarezzo v.Minelli,Ozono,2006-12,8.69,683
6804,Sarezzo v.Minelli,Ozono,2007-01,26.65,682
6804,Sarezzo v.Minelli,Ozono,2007-03,33.54,126
6804,Sarezzo v.Minelli,Ozono,2007-04,61.52,720
6804,Sarezzo v.Minelli,Ozono,2007-05,88.52,684
6804,Sarezzo v.Minelli,Ozono,2007-06,77.02,632
6804,Sarezzo v.Minelli,Ozono,2007-07,108.80,744
6804,Sarezzo v.Minelli,Ozono,2007-08,94.42,742
6804,Sarezzo v.Minelli,Ozono,2007-09,49.56,626
6804,Sarezzo v.Minelli,Ozono,2007-10,22.14,729
6804,Sarezzo v.Minelli,Ozono,2007-11,15.85,688
6804,Sarezzo v.Minelli,Ozono,2007-12,5.91,654
6804,Sarezzo v.Minelli,Ozono,2008-01,9.84,736
6804,Sarezzo v.Minelli,Ozono,2008-02,11.51,696
6804,Sarezzo v.Minelli,Ozono,2008-03,39.79,742
6804,Sarezzo v.Minelli,Ozono,2008-04,65.33,683
6804,Sarezzo v.Minelli,Ozono,2008-05,64.25,736
6804,Sarezzo v.Minelli,Ozono,2008-06,71.50,715
6804,Sarezzo v.Minelli,Ozono,2008-07,95.74,710
6804,Sarezzo v.Minelli,Ozono,2008-08,88.43,344
6804,Sarezzo v.Minelli,Ozono,2008-09,41.79,659
6804,Sarezzo v.Minelli,Ozono,2008-10,24.28,744
6804,Sarezzo v.Minelli,Ozono,2008-11,16.57,671
6804,Sarezzo v.Minelli,Ozono,2008-12,9.84,712
6804,Sarezzo v.Minelli,Ozono,2009-01,16.41,718
6804,Sarezzo v.Minelli,Ozono,2009-02,19.19,611
6804,Sarezzo v.Minelli,Ozono,2009-03,36.61,719
6804,Sarezzo v.Minelli,Ozono,2009-04,45.18,547
6804,Sarezzo v.Minelli,Ozono,2009-05,70.17,727
6804,Sarezzo v.Minelli,Ozono,2009-06,67.61,625
6804,Sarezzo v.Minelli,Ozono,2009-07,83.10,632
6804,Sarezzo v.Minelli,Ozono,2009-08,81.47,741
6804,Sarezzo v.Minelli,Ozono,2009-09,55.83,720
6804,Sarezzo v.Minelli,Ozono,2009-10,26.27,744
6804,Sarezzo v.Minelli,Ozono,2009-11,12.80,720
6804,Sarezzo v.Minelli,Ozono,2009-12,13.81,743
6804,Sarezzo v.Minelli,Ozono,2010-01,11.40,1
6804,Sarezzo v.Minelli,Ozono,2010-01,15.36,743
6804,Sarezzo v.Minelli,Ozono,2010-02,22.24,671
6804,Sarezzo v.Minelli,Ozono,2010-03,36.73,744
6804,Sarezzo v.Minelli,Ozono,2010-04,61.15,717
6804,Sarezzo v.Minelli,Ozono,2010-05,63.10,744
6804,Sarezzo v.Minelli,Ozono,2010-06,78.78,720
6804,Sarezzo v.Minelli,Ozono,2010-07,99.37,742
6804,Sarezzo v.Minelli,Ozono,2010-08,69.41,744
6804,Sarezzo v.Minelli,Ozono,2010-09,47.99,720
6804,Sarezzo v.Minelli,Ozono,2010-10,25.17,744
6804,Sarezzo v.Minelli,Ozono,2010-11,25.27,718
6804,Sarezzo v.Minelli,Ozono,2010-12,29.62,639
6804,Sarezzo v.Minelli,Ozono,2011-01,13.23,578
6804,Sarezzo v.Minelli,Ozono,2011-02,10.25,672
6804,Sarezzo v.Minelli,Ozono,2011-03,34.89,740
6804,Sarezzo v.Minelli,Ozono,2011-04,70.58,718
6804,Sarezzo v.Minelli,Ozono,2011-05,86.88,722
6804,Sarezzo v.Minelli,Ozono,2011-06,67.85,718
6804,Sarezzo v.Minelli,Ozono,2011-07,77.34,744
6804,Sarezzo v.Minelli,Ozono,2011-08,84.60,744
6804,Sarezzo v.Minelli,Ozono,2011-09,63.86,703
6804,Sarezzo v.Minelli,Ozono,2011-10,30.80,726
6804,Sarezzo v.Minelli,Ozono,2011-11,15.84,717
6804,Sarezzo v.Minelli,Ozono,2011-12,8.71,744
6804,Sarezzo v.Minelli,Ozono,2012-01,13.22,744
6804,Sarezzo v.Minelli,Ozono,2012-02,20.12,691
6804,Sarezzo v.Minelli,Ozono,2012-03,40.52,719
6804,Sarezzo v.Minelli,Ozono,2012-04,52.00,719
6804,Sarezzo v.Minelli,Ozono,2012-05,65.79,707
6804,Sarezzo v.Minelli,Ozono,2012-06,83.63,695
6804,Sarezzo v.Minelli,Ozono,2012-07,89.43,744
6804,Sarezzo v.Minelli,Ozono,2012-08,100.44,744
6804,Sarezzo v.Minelli,Ozono,2012-09,51.70,718
6804,Sarezzo v.Minelli,Ozono,2012-10,20.26,744
6804,Sarezzo v.Minelli,Ozono,2012-11,10.50,716
6804,Sarezzo v.Minelli,Ozono,2012-12,8.93,715
6804,Sarezzo v.Minelli,Ozono,2013-01,7.39,744
6804,Sarezzo v.Minelli,Ozono,2013-02,18.71,672
6804,Sarezzo v.Minelli,Ozono,2013-03,31.43,744
6804,Sarezzo v.Minelli,Ozono,2013-04,54.03,720
6804,Sarezzo v.Minelli,Ozono,2013-05,53.04,742
6804,Sarezzo v.Minelli,Ozono,2013-06,75.87,714
6804,Sarezzo v.Minelli,Ozono,2013-07,91.97,573
6804,Sarezzo v.Minelli,Ozono,2013-08,82.12,704
6804,Sarezzo v.Minelli,Ozono,2013-09,47.88,720
6804,Sarezzo v.Minelli,Ozono,2013-10,13.88,744
6804,Sarezzo v.Minelli,Ozono,2013-11,11.45,719
6804,Sarezzo v.Minelli,Ozono,2013-12,16.55,744
6804,Sarezzo v.Minelli,Ozono,2014-01,17.86,744
6804,Sarezzo v.Minelli,Ozono,2014-02,13.42,672
6804,Sarezzo v.Minelli,Ozono,2014-03,38.78,732
6804,Sarezzo v.Minelli,Ozono,2014-04,60.38,694
6804,Sarezzo v.Minelli,Ozono,2014-05,72.73,698
6804,Sarezzo v.Minelli,Ozono,2014-06,84.41,720
6804,Sarezzo v.Minelli,Ozono,2014-07,65.10,744
6804,Sarezzo v.Minelli,Ozono,2014-08,51.48,744
6804,Sarezzo v.Minelli,Ozono,2014-09,42.95,672
6804,Sarezzo v.Minelli,Ozono,2014-10,22.02,743
6804,Sarezzo v.Minelli,Ozono,2014-11,19.46,666
6804,Sarezzo v.Minelli,Ozono,2014-12,6.89,683
6804,Sarezzo v.Minelli,Ozono,2015-01,14.36,744
6804,Sarezzo v.Minelli,Ozono,2015-02,21.16,672
6804,Sarezzo v.Minelli,Ozono,2015-03,41.39,661
6804,Sarezzo v.Minelli,Ozono,2015-04,67.57,641
6804,Sarezzo v.Minelli,Ozono,2015-05,69.30,741
6804,Sarezzo v.Minelli,Ozono,2015-06,86.04,720
6804,Sarezzo v.Minelli,Ozono,2015-07,108.15,744
6804,Sarezzo v.Minelli,Ozono,2015-08,80.89,742
6804,Sarezzo v.Minelli,Ozono,2015-09,53.34,631
6804,Sarezzo v.Minelli,Ozono,2015-10,19.21,741
6804,Sarezzo v.Minelli,Ozono,2015-11,8.93,720
6804,Sarezzo v.Minelli,Ozono,2015-12,3.82,570
6804,Sarezzo v.Minelli,Ozono,2016-01,8.75,743
6804,Sarezzo v.Minelli,Ozono,2016-02,23.61,696
6804,Sarezzo v.Minelli,Ozono,2016-03,39.52,744
6804,Sarezzo v.Minelli,Ozono,2016-04,55.76,450
6804,Sarezzo v.Minelli,Ozono,2016-05,64.34,706
6804,Sarezzo v.Minelli,Ozono,2016-06,66.40,718
6804,Sarezzo v.Minelli,Ozono,2016-07,86.58,744
6804,Sarezzo v.Minelli,Ozono,2016-08,61.65,743
6804,Sarezzo v.Minelli,Ozono,2016-09,55.76,720
6804,Sarezzo v.Minelli,Ozono,2016-10,13.16,635
6804,Sarezzo v.Minelli,Ozono,2016-11,13.04,718
6804,Sarezzo v.Minelli,Ozono,2016-12,10.23,736
6804,Sarezzo v.Minelli,Ozono,2017-01,14.19,744
6804,Sarezzo v.Minelli,Ozono,2017-02,15.31,670
6804,Sarezzo v.Minelli,Ozono,2017-03,42.48,744
6804,Sarezzo v.Minelli,Ozono,2017-04,64.73,718
6804,Sarezzo v.Minelli,Ozono,2017-05,74.33,740
6804,Sarezzo v.Minelli,Ozono,2017-06,97.54,720
6804,Sarezzo v.Minelli,Ozono,2017-07,92.73,742
6804,Sarezzo v.Minelli,Ozono,2017-08,87.80,744
6804,Sarezzo v.Minelli,Ozono,2017-09,43.99,696
6804,Sarezzo v.Minelli,Ozono,2017-10,27.60,407
6804,Sarezzo v.Minelli,Ozono,2017-11,10.79,619
6804,Sarezzo v.Minelli,Ozono,2017-12,12.20,744
6804,Sarezzo v.Minelli,Ozono,2018-01,2.50,1
6804,Sarezzo v.Minelli,Ozono,2018-01,13.68,742
6804,Sarezzo v.Minelli,Ozono,2018-02,23.93,664
6804,Sarezzo v.Minelli,Ozono,2018-03,35.49,741
6804,Sarezzo v.Minelli,Ozono,2018-04,69.46,645
6804,Sarezzo v.Minelli,Ozono,2018-05,65.25,640
6804,Sarezzo v.Minelli,Ozono,2018-06,80.99,622
6804,Sarezzo v.Minelli,Ozono,2018-07,93.18,721
6804,Sarezzo v.Minelli,Ozono,2018-08,78.34,741
6804,Sarezzo v.Minelli,Ozono,2018-09,60.60,641
6804,Sarezzo v.Minelli,Ozono,2018-10,31.38,672
6804,Sarezzo v.Minelli,Ozono,2018-11,12.18,686
6804,Sarezzo v.Minelli,Ozono,2018-12,7.57,696
6804,Sarezzo v.Minelli,Ozono,2019-01,17.31,722
6804,Sarezzo v.Minelli,Ozono,2019-02,20.80,672
6804,Sarezzo v.Minelli,Ozono,2019-03,49.51,718
6804,Sarezzo v.Minelli,Ozono,2019-04,58.06,710
6804,Sarezzo v.Minelli,Ozono,2019-05,53.99,695
6804,Sarezzo v.Minelli,Ozono,2019-06,97.58,705
6804,Sarezzo v.Minelli,Ozono,2019-07,96.36,744
6804,Sarezzo v.Minelli,Ozono,2019-08,69.17,744
6804,Sarezzo v.Minelli,Ozono,2019-09,50.64,717
6804,Sarezzo v.Minelli,Ozono,2019-10,23.14,647
6804,Sarezzo v.Minelli,Ozono,2019-11,14.23,636
6804,Sarezzo v.Minelli,Ozono,2019-12,8.37,647
6804,Sarezzo v.Minelli,Ozono,2020-01,8.31,733
6804,Sarezzo v.Minelli,Ozono,2020-02,25.35,610
6804,Sarezzo v.Minelli,Ozono,2020-03,48.97,718
6804,Sarezzo v.Minelli,Ozono,2020-04,81.57,705
6804,Sarezzo v.Minelli,Ozono,2020-05,74.28,741
6804,Sarezzo v.Minelli,Ozono,2020-06,71.30,720
6804,Sarezzo v.Minelli,Ozono,2020-07,87.70,725
6804,Sarezzo v.Minelli,Ozono,2020-08,76.83,744
6804,Sarezzo v.Minelli,Ozono,2020-09,58.59,705
6804,Sarezzo v.Minelli,Ozono,2020-10,24.64,744
6804,Sarezzo v.Minelli,Ozono,2020-11,9.93,655
6804,Sarezzo v.Minelli,Ozono,2020-12,8.99,673
6804,Sarezzo v.Minelli,Ozono,2021-01,19.14,703
6804,Sarezzo v.Minelli,Ozono,2021-02,22.52,651
6804,Sarezzo v.Minelli,Ozono,2021-03,51.46,744
6804,Sarezzo v.Minelli,Ozono,2021-04,64.95,716
6804,Sarezzo v.Minelli,Ozono,2021-05,67.38,672
6804,Sarezzo v.Minelli,Ozono,2021-06,90.22,704
6804,Sarezzo v.Minelli,Ozono,2021-07,81.12,744
6804,Sarezzo v.Minelli,Ozono,2021-08,76.81,648
6804,Sarezzo v.Minelli,Ozono,2021-09,72.05,720
6804,Sarezzo v.Minelli,Ozono,2021-10,34.33,744
6804,Sarezzo v.Minelli,Ozono,2021-11,17.27,699
6804,Sarezzo v.Minelli,Ozono,2021-12,8.98,664
6804,Sarezzo v.Minelli,Ozono,2022-01,16.77,577
6804,Sarezzo v.Minelli,Ozono,2022-02,31.52,671
6804,Sarezzo v.Minelli,Ozono,2022-03,56.51,744
6804,Sarezzo v.Minelli,Ozono,2022-04,68.95,720
6804,Sarezzo v.Minelli,Ozono,2022-05,74.88,744
6804,Sarezzo v.Minelli,Ozono,2022-06,88.55,720
6804,Sarezzo v.Minelli,Ozono,2022-07,108.98,680
6804,Sarezzo v.Minelli,Ozono,2022-08,88.16,744
6804,Sarezzo v.Minelli,Ozono,2022-09,60.04,718
6804,Sarezzo v.Minelli,Ozono,2022-10,34.65,710
6804,Sarezzo v.Minelli,Ozono,2022-11,19.91,422
6804,Sarezzo v.Minelli,Ozono,2022-12,11.08,646
6804,Sarezzo v.Minelli,Ozono,2023-01,14.34,742
6804,Sarezzo v.Minelli,Ozono,2023-02,24.70,568
6804,Sarezzo v.Minelli,Ozono,2023-03,46.69,742
6804,Sarezzo v.Minelli,Ozono,2023-04,59.76,720
6804,Sarezzo v.Minelli,Ozono,2023-05,56.06,742
6804,Sarezzo v.Minelli,Ozono,2023-06,82.22,719
6804,Sarezzo v.Minelli,Ozono,2023-07,83.12,742
6804,Sarezzo v.Minelli,Ozono,2023-08,82.13,740
6804,Sarezzo v.Minelli,Ozono,2023-09,68.28,720
6804,Sarezzo v.Minelli,Ozono,2023-10,39.23,744
6804,Sarezzo v.Minelli,Ozono,2023-11,17.35,720
6804,Sarezzo v.Minelli,Ozono,2023-12,7.01,743
6804,Sarezzo v.Minelli,Ozono,2024-01,9.82,709
6804,Sarezzo v.Minelli,Ozono,2024-02,28.44,677
6804,Sarezzo v.Minelli,Ozono,2024-03,48.53,726
6804,Sarezzo v.Minelli,Ozono,2024-04,68.24,685
6804,Sarezzo v.Minelli,Ozono,2024-05,69.58,744
6804,Sarezzo v.Minelli,Ozono,2024-06,80.41,720
6804,Sarezzo v.Minelli,Ozono,2024-07,95.80,740
6804,Sarezzo v.Minelli,Ozono,2024-08,99.54,730
6804,Sarezzo v.Minelli,Ozono,2024-09,60.11,715
6804,Sarezzo v.Minelli,Ozono,2024-10,23.58,744
6804,Sarezzo v.Minelli,Ozono,2024-11,13.05,720
6804,Sarezzo v.Minelli,Ozono,2024-12,11.67,744
6804,Sarezzo v.Minelli,Ozono,2025-01,14.08,743
6804,Sarezzo v.Minelli,Ozono,2025-02,21.74,607
6804,Sarezzo v.Minelli,Ozono,2025-03,51.00,741
6804,Sarezzo v.Minelli,Ozono,2025-04,67.26,720
6804,Sarezzo v.Minelli,Ozono,2025-05,74.76,735
6804,Sarezzo v.Minelli,Ozono,2025-06,106.71,719
6804,Sarezzo v.Minelli,Ozono,2025-07,85.87,696
6804,Sarezzo v.Minelli,Ozono,2025-08,83.29,695
6804,Sarezzo v.Minelli,Ozono,2025-09,56.97,567
6804,Sarezzo v.Minelli,Ozono,2025-10,31.40,599
6804,Sarezzo v.Minelli,Ozono,2025-11,17.54,672
6804,Sarezzo v.Minelli,Ozono,2025-12,10.15,744
6804,Sarezzo v.Minelli,Ozono,2026-01,12.60,1
6807,Darfo Boario Terme v. De Amicis,Biossido di Zolfo,2000-04,7.10,398
6807,Darfo Boario Terme v. De Amicis,Biossido di Zolfo,2000-05,10.04,313
6807,Darfo Boario Terme v. De Amicis,Biossido di Zolfo,2000-06,7.94,453
6807,Darfo Boario Terme v. De Amicis,Biossido di Zolfo,2000-07,8.73,742
6807,Darfo Boario Terme v. De Amicis,Biossido di Zolfo,2000-08,10.61,619
6807,Darfo Boario Terme v. De Amicis,Biossido di Zolfo,2000-09,12.37,684
6807,Darfo Boario Terme v. De Amicis,Biossido di Zolfo,2000-10,12.29,735
6807,Darfo Boario Terme v. De Amicis,Biossido di Zolfo,2000-11,11.33,613
6807,Darfo Boario Terme v. De Amicis,Biossido di Zolfo,2000-12,12.75,735
6807,Darfo Boario Terme v. De Amicis,Biossido di Zolfo,2001-01,12.14,629
6807,Darfo Boario Terme v. De Amicis,Biossido di Zolfo,2001-02,11.24,670
6807,Darfo Boario Terme v. De Amicis,Biossido di Zolfo,2001-03,8.28,635
6807,Darfo Boario Terme v. De Amicis,Biossido di Zolfo,2001-04,8.47,714
6807,Darfo Boario Terme v. De Amicis,Biossido di Zolfo,2001-05,7.47,650
6807,Darfo Boario Terme v. De Amicis,Biossido di Zolfo,2001-06,8.82,636
6807,Darfo Boario Terme v. De Amicis,Biossido di Zolfo,2001-07,7.22,713
6807,Darfo Boario Terme v. De Amicis,Biossido di Zolfo,2001-08,7.30,416
6807,Darfo Boario Terme v. De Amicis,Biossido di Zolfo,2001-09,9.74,250
6807,Darfo Boario Terme v. De Amicis,Biossido di Zolfo,2001-10,8.18,643
6807,Darfo Boario Terme v. De Amicis,Biossido di Zolfo,2001-11,7.79,420
6807,Darfo Boario Terme v. De Amicis,Biossido di Zolfo,2001-12,7.68,225
6807,Darfo Boario Terme v. De Amicis,Biossido di Zolfo,2002-01,9.21,597
6807,Darfo Boario Terme v. De Amicis,Biossido di Zolfo,2002-02,10.49,375
6807,Darfo Boario Terme v. De Amicis,Biossido di Zolfo,2002-03,8.58,505
6807,Darfo Boario Terme v. De Amicis,Biossido di Zolfo,2002-04,6.70,304
6807,Darfo Boario Terme v. De Amicis,Biossido di Zolfo,2002-05,5.38,635
6807,Darfo Boario Terme v. De Amicis,Biossido di Zolfo,2002-06,5.06,597
6807,Darfo Boario Terme v. De Amicis,Biossido di Zolfo,2002-07,6.55,725
6807,Darfo Boario Terme v. De Amicis,Biossido di Zolfo,2002-08,7.09,633
6807,Darfo Boario Terme v. De Amicis,Biossido di Zolfo,2002-09,7.10,719
6807,Darfo Boario Terme v. De Amicis,Biossido di Zolfo,2002-10,6.71,741
6807,Darfo Boario Terme v. De Amicis,Biossido di Zolfo,2002-11,8.47,449
6807,Darfo Boario Terme v. De Amicis,Biossido di Zolfo,2002-12,12.80,744
6807,Darfo Boario Terme v. De Amicis,Biossido di Zolfo,2003-01,17.85,702
6807,Darfo Boario Terme v. De Amicis,Biossido di Zolfo,2003-02,13.17,224
6807,Darfo Boario Terme v. De Amicis,Biossido di Zolfo,2003-11,13.26,161
6807,Darfo Boario Terme v. De Amicis,Biossido di Zolfo,2003-12,15.37,732
6807,Darfo Boario Terme v. De Amicis,Biossido di Zolfo,2004-01,13.49,714
6807,Darfo Boario Terme v. De Amicis,Biossido di Zolfo,2004-02,8.66,696
6807,Darfo Boario Terme v. De Amicis,Biossido di Zolfo,2004-03,6.43,514
6807,Darfo Boario Terme v. De Amicis,Biossido di Zolfo,2004-04,7.96,516
6807,Darfo Boario Terme v. De Amicis,Biossido di Zolfo,2004-05,8.98,647
6807,Darfo Boario Terme v. De Amicis,Biossido di Zolfo,2004-06,12.64,261
6807,Darfo Boario Terme v. De Amicis,Biossido di Zolfo,2004-07,11.44,288
6807,Darfo Boario Terme v. De Amicis,Biossido di Zolfo,2004-08,7.56,315
6807,Darfo Boario Terme v. De Amicis,Biossido di Zolfo,2004-09,11.32,677
6807,Darfo Boario Terme v. De Amicis,Biossido di Zolfo,2004-10,10.07,708
6807,Darfo Boario Terme v. De Amicis,Biossido di Zolfo,2004-11,10.53,697
6807,Darfo Boario Terme v. De Amicis,Biossido di Zolfo,2004-12,11.60,741
6807,Darfo Boario Terme v. De Amicis,Biossido di Zolfo,2005-01,8.29,548
6807,Darfo Boario Terme v. De Amicis,Biossido di Zolfo,2005-02,12.11,456
6807,Darfo Boario Terme v. De Amicis,Biossido di Zolfo,2005-03,2.41,313
6807,Darfo Boario Terme v. De Amicis,Biossido di Zolfo,2005-04,12.22,720
6807,Darfo Boario Terme v. De Amicis,Biossido di Zolfo,2005-05,10.60,523
6807,Darfo Boario Terme v. De Amicis,Biossido di Zolfo,2005-06,10.10,682
6807,Darfo Boario Terme v. De Amicis,Biossido di Zolfo,2005-07,10.46,740
6807,Darfo Boario Terme v. De Amicis,Biossido di Zolfo,2005-08,11.30,733
6807,Darfo Boario Terme v. De Amicis,Biossido di Zolfo,2005-09,10.56,717
6807,Darfo Boario Terme v. De Amicis,Biossido di Zolfo,2005-10,9.31,628
6807,Darfo Boario Terme v. De Amicis,Biossido di Zolfo,2005-11,16.30,700
6807,Darfo Boario Terme v. De Amicis,Biossido di Zolfo,2005-12,13.19,710
6807,Darfo Boario Terme v. De Amicis,Biossido di Zolfo,2006-01,15.53,730
6807,Darfo Boario Terme v. De Amicis,Biossido di Zolfo,2006-02,13.79,618
6807,Darfo Boario Terme v. De Amicis,Biossido di Zolfo,2006-03,7.77,705
6807,Darfo Boario Terme v. De Amicis,Biossido di Zolfo,2006-04,10.16,587
6807,Darfo Boario Terme v. De Amicis,Biossido di Zolfo,2006-05,6.54,723
6807,Darfo Boario Terme v. De Amicis,Biossido di Zolfo,2006-06,9.28,184
6807,Darfo Boario Terme v. De Amicis,Biossido di Zolfo,2006-07,9.03,742
6807,Darfo Boario Terme v. De Amicis,Biossido di Zolfo,2006-08,9.86,744
6807,Darfo Boario Terme v. De Amicis,Biossido di Zolfo,2006-09,10.22,677
6807,Darfo Boario Terme v. De Amicis,Biossido di Zolfo,2006-10,9.31,743
6807,Darfo Boario Terme v. De Amicis,Biossido di Zolfo,2006-11,11.46,720
6807,Darfo Boario Terme v. De Amicis,Biossido di Zolfo,2006-12,14.18,744
6807,Darfo Boario Terme v. De Amicis,Biossido di Zolfo,2007-01,17.89,677
6807,Darfo Boario Terme v. De Amicis,Biossido di Zolfo,2007-04,5.48,244
6807,Darfo Boario Terme v. De Amicis,Biossido di Zolfo,2007-05,7.27,590
6807,Darfo Boario Terme v. De Amicis,Biossido di Zolfo,2007-06,7.66,636
6807,Darfo Boario Terme v. De Amicis,Biossido di Zolfo,2007-07,7.04,645
6807,Darfo Boario Terme v. De Amicis,Biossido di Zolfo,2007-08,11.39,647
6807,Darfo Boario Terme v. De Amicis,Biossido di Zolfo,2007-09,11.65,707
6807,Darfo Boario Terme v. De Amicis,Biossido di Zolfo,2007-10,9.08,705
6807,Darfo Boario Terme v. De Amicis,Biossido di Zolfo,2007-11,9.05,679
6807,Darfo Boario Terme v. De Amicis,Biossido di Zolfo,2007-12,7.09,737
6807,Darfo Boario Terme v. De Amicis,Biossido di Zolfo,2008-01,9.91,740
6807,Darfo Boario Terme v. De Amicis,Biossido di Zolfo,2008-02,10.85,696
6807,Darfo Boario Terme v. De Amicis,Biossido di Zolfo,2008-03,7.93,727
6807,Darfo Boario Terme v. De Amicis,Biossido di Zolfo,2008-04,9.90,704
6807,Darfo Boario Terme v. De Amicis,Biossido di Zolfo,2008-05,9.50,744
6807,Darfo Boario Terme v. De Amicis,Biossido di Zolfo,2008-06,5.54,715
6807,Darfo Boario Terme v. De Amicis,Biossido di Zolfo,2008-07,2.19,743
6807,Darfo Boario Terme v. De Amicis,Biossido di Zolfo,2008-08,4.17,744
6807,Darfo Boario Terme v. De Amicis,Biossido di Zolfo,2008-09,3.15,648
6807,Darfo Boario Terme v. De Amicis,Biossido di Zolfo,2008-10,5.96,744
6807,Darfo Boario Terme v. De Amicis,Biossido di Zolfo,2008-11,8.37,720
6807,Darfo Boario Terme v. De Amicis,Biossido di Zolfo,2008-12,9.10,723
6807,Darfo Boario Terme v. De Amicis,Biossido di Zolfo,2009-01,9.72,673
6807,Darfo Boario Terme v. De Amicis,Biossido di Zolfo,2009-02,15.73,303
6807,Darfo Boario Terme v. De Amicis,Biossido di Zolfo,2009-03,4.79,738
6807,Darfo Boario Terme v. De Amicis,Biossido di Zolfo,2009-04,2.51,714
6807,Darfo Boario Terme v. De Amicis,Biossido di Zolfo,2009-05,2.19,739
6807,Darfo Boario Terme v. De Amicis,Biossido di Zolfo,2009-06,1.72,703
6807,Darfo Boario Terme v. De Amicis,Biossido di Zolfo,2009-07,2.13,628
6807,Darfo Boario Terme v. De Amicis,Biossido di Zolfo,2009-08,2.69,287
6807,Darfo Boario Terme v. De Amicis,Biossido di Zolfo,2009-09,4.68,712
6807,Darfo Boario Terme v. De Amicis,Biossido di Zolfo,2009-10,6.30,700
6807,Darfo Boario Terme v. De Amicis,Biossido di Zolfo,2009-11,4.01,258
6810,Darfo Boario Terme v. De Amicis,Particolato Totale Sospeso,2000-04,34.75,16
6810,Darfo Boario Terme v. De Amicis,Particolato Totale Sospeso,2000-05,32.00,30
6810,Darfo Boario Terme v. De Amicis,Particolato Totale Sospeso,2000-06,40.44,18
6810,Darfo Boario Terme v. De Amicis,Particolato Totale Sospeso,2000-07,32.90,30
6810,Darfo Boario Terme v. De Amicis,Particolato Totale Sospeso,2000-08,37.50,2
6810,Darfo Boario Terme v. De Amicis,Particolato Totale Sospeso,2000-09,44.50,2
6810,Darfo Boario Terme v. De Amicis,Particolato Totale Sospeso,2000-10,38.55,31
6810,Darfo Boario Terme v. De Amicis,Particolato Totale Sospeso,2000-11,38.64,25
6810,Darfo Boario Terme v. De Amicis,Particolato Totale Sospeso,2000-12,60.39,31
6810,Darfo Boario Terme v. De Amicis,Particolato Totale Sospeso,2001-01,56.13,23
6810,Darfo Boario Terme v. De Amicis,Particolato Totale Sospeso,2001-02,66.60,5
6810,Darfo Boario Terme v. De Amicis,Particolato Totale Sospeso,2001-03,41.50,18
6810,Darfo Boario Terme v. De Amicis,Particolato Totale Sospeso,2001-04,34.28,29
6810,Darfo Boario Terme v. De Amicis,Particolato Totale Sospeso,2001-05,28.73,22
6810,Darfo Boario Terme v. De Amicis,Particolato Totale Sospeso,2001-06,29.12,16
6810,Darfo Boario Terme v. De Amicis,Particolato Totale Sospeso,2001-07,20.00,13
6810,Darfo Boario Terme v. De Amicis,Particolato Totale Sospeso,2001-08,25.67,9
6810,Darfo Boario Terme v. De Amicis,Particolato Totale Sospeso,2001-10,38.00,1
6810,Darfo Boario Terme v. De Amicis,Particolato Totale Sospeso,2001-11,39.00,1
6810,Darfo Boario Terme v. De Amicis,Particolato Totale Sospeso,2002-01,60.83,12
6810,Darfo Boario Terme v. De Amicis,Particolato Totale Sospeso,2002-02,78.00,5
6810,Darfo Boario Terme v. De Amicis,Particolato Totale Sospeso,2002-03,45.58,19
6810,Darfo Boario Terme v. De Amicis,Particolato Totale Sospeso,2002-04,35.50,6
6810,Darfo Boario Terme v. De Amicis,Particolato Totale Sospeso,2002-05,24.08,26
6810,Darfo Boario Terme v. De Amicis,Particolato Totale Sospeso,2002-06,29.16,25
6810,Darfo Boario Terme v. De Amicis,Particolato Totale Sospeso,2002-07,25.42,26
6810,Darfo Boario Terme v. De Amicis,Particolato Totale Sospeso,2002-08,20.74,31
6810,Darfo Boario Terme v. De Amicis,Particolato Totale Sospeso,2002-09,24.00,22
6810,Darfo Boario Terme v. De Amicis,Particolato Totale Sospeso,2002-10,35.33,30
6810,Darfo Boario Terme v. De Amicis,Particolato Totale Sospeso,2002-11,38.84,19
6810,Darfo Boario Terme v. De Amicis,Particolato Totale Sospeso,2002-12,46.94,31
6810,Darfo Boario Terme v. De Amicis,Particolato Totale Sospeso,2003-01,45.59,29
6810,Darfo Boario Terme v. De Amicis,Particolato Totale Sospeso,2003-02,33.44,9
6810,Darfo Boario Terme v. De Amicis,Particolato Totale Sospeso,2003-11,40.57,7
6810,Darfo Boario Terme v. De Amicis,Particolato Totale Sospeso,2003-12,42.57,30
6810,Darfo Boario Terme v. De Amicis,Particolato Totale Sospeso,2004-01,48.41,29
6810,Darfo Boario Terme v. De Amicis,Particolato Totale Sospeso,2004-02,55.07,29
6810,Darfo Boario Terme v. De Amicis,Particolato Totale Sospeso,2004-03,45.25,20
6810,Darfo Boario Terme v. De Amicis,Particolato Totale Sospeso,2004-04,22.82,22
6810,Darfo Boario Terme v. De Amicis,Particolato Totale Sospeso,2004-05,14.33,18
6810,Darfo Boario Terme v. De Amicis,Particolato Totale Sospeso,2004-06,16.00,1
6810,Darfo Boario Terme v. De Amicis,Particolato Totale Sospeso,2004-07,19.56,9
6813,Gambara v.Parma,Biossido di Azoto,2000-05,12.85,119
6813,Gambara v.Parma,Biossido di Azoto,2000-06,15.85,228
6813,Gambara v.Parma,Biossido di Azoto,2000-07,11.42,301
6813,Gambara v.Parma,Biossido di Azoto,2000-08,11.34,732
6813,Gambara v.Parma,Biossido di Azoto,2000-09,18.19,720
6813,Gambara v.Parma,Biossido di Azoto,2000-10,24.49,742
6813,Gambara v.Parma,Biossido di Azoto,2000-11,29.40,720
6813,Gambara v.Parma,Biossido di Azoto,2000-12,48.19,717
6813,Gambara v.Parma,Biossido di Azoto,2001-01,49.24,685
6813,Gambara v.Parma,Biossido di Azoto,2001-02,42.31,672
6813,Gambara v.Parma,Biossido di Azoto,2001-03,34.05,742
6813,Gambara v.Parma,Biossido di Azoto,2001-04,19.57,682
6813,Gambara v.Parma,Biossido di Azoto,2001-05,25.15,744
6813,Gambara v.Parma,Biossido di Azoto,2001-06,26.65,720
6813,Gambara v.Parma,Biossido di Azoto,2001-07,19.68,744
6813,Gambara v.Parma,Biossido di Azoto,2001-08,16.53,723
6813,Gambara v.Parma,Biossido di Azoto,2001-09,27.05,524
6813,Gambara v.Parma,Biossido di Azoto,2001-10,37.69,744
6813,Gambara v.Parma,Biossido di Azoto,2001-11,61.98,720
6813,Gambara v.Parma,Biossido di Azoto,2001-12,66.22,729
6813,Gambara v.Parma,Biossido di Azoto,2002-01,74.08,738
6813,Gambara v.Parma,Biossido di Azoto,2002-02,54.82,670
6813,Gambara v.Parma,Biossido di Azoto,2002-03,38.00,740
6813,Gambara v.Parma,Biossido di Azoto,2002-04,25.13,718
6813,Gambara v.Parma,Biossido di Azoto,2002-05,18.14,744
6813,Gambara v.Parma,Biossido di Azoto,2002-06,13.26,644
6813,Gambara v.Parma,Biossido di Azoto,2002-07,15.36,609
6813,Gambara v.Parma,Biossido di Azoto,2002-08,11.59,743
6813,Gambara v.Parma,Biossido di Azoto,2002-09,19.87,627
6813,Gambara v.Parma,Biossido di Azoto,2002-10,35.66,744
6813,Gambara v.Parma,Biossido di Azoto,2002-11,43.21,564
6813,Gambara v.Parma,Biossido di Azoto,2002-12,22.89,727
6813,Gambara v.Parma,Biossido di Azoto,2003-01,45.04,735
6813,Gambara v.Parma,Biossido di Azoto,2003-02,43.45,625
6813,Gambara v.Parma,Biossido di Azoto,2003-03,36.34,672
6813,Gambara v.Parma,Biossido di Azoto,2003-04,12.66,418
6813,Gambara v.Parma,Biossido di Azoto,2003-05,17.34,560
6813,Gambara v.Parma,Biossido di Azoto,2003-06,17.40,493
6813,Gambara v.Parma,Biossido di Azoto,2003-07,10.04,599
6813,Gambara v.Parma,Biossido di Azoto,2003-08,11.16,263
6813,Gambara v.Parma,Biossido di Azoto,2003-09,20.38,536
6813,Gambara v.Parma,Biossido di Azoto,2003-10,27.76,604
6813,Gambara v.Parma,Biossido di Azoto,2003-11,35.45,663
6813,Gambara v.Parma,Biossido di Azoto,2003-12,44.15,744
6813,Gambara v.Parma,Biossido di Azoto,2004-01,44.17,744
6813,Gambara v.Parma,Biossido di Azoto,2004-02,47.13,695
6813,Gambara v.Parma,Biossido di Azoto,2004-03,34.77,744
6813,Gambara v.Parma,Biossido di Azoto,2004-04,23.24,718
6813,Gambara v.Parma,Biossido di Azoto,2004-05,17.06,744
6813,Gambara v.Parma,Biossido di Azoto,2004-06,19.65,720
6813,Gambara v.Parma,Biossido di Azoto,2004-07,10.86,502
6813,Gambara v.Parma,Biossido di Azoto,2004-08,6.26,653
6813,Gambara v.Parma,Biossido di Azoto,2004-09,17.02,665
6813,Gambara v.Parma,Biossido di Azoto,2004-10,22.32,743
6813,Gambara v.Parma,Biossido di Azoto,2004-11,33.92,716
6813,Gambara v.Parma,Biossido di Azoto,2004-12,45.87,743
6813,Gambara v.Parma,Biossido di Azoto,2005-01,43.22,670
6813,Gambara v.Parma,Biossido di Azoto,2005-02,43.95,672
6813,Gambara v.Parma,Biossido di Azoto,2005-03,41.82,738
6813,Gambara v.Parma,Biossido di Azoto,2005-04,18.67,719
6813,Gambara v.Parma,Biossido di Azoto,2005-05,20.69,742
6813,Gambara v.Parma,Biossido di Azoto,2005-06,15.03,718
6813,Gambara v.Parma,Biossido di Azoto,2005-07,12.49,739
6813,Gambara v.Parma,Biossido di Azoto,2005-08,8.45,743
6813,Gambara v.Parma,Biossido di Azoto,2005-09,16.28,717
6813,Gambara v.Parma,Biossido di Azoto,2005-10,26.06,744
6813,Gambara v.Parma,Biossido di Azoto,2005-11,27.54,719
6813,Gambara v.Parma,Biossido di Azoto,2005-12,38.18,744
6813,Gambara v.Parma,Biossido di Azoto,2006-01,46.85,743
6813,Gambara v.Parma,Biossido di Azoto,2006-02,37.41,671
6813,Gambara v.Parma,Biossido di Azoto,2006-03,27.35,741
6813,Gambara v.Parma,Biossido di Azoto,2006-04,22.93,719
6813,Gambara v.Parma,Biossido di Azoto,2006-05,13.94,740
6813,Gambara v.Parma,Biossido di Azoto,2006-06,14.69,714
6813,Gambara v.Parma,Biossido di Azoto,2006-07,5.47,743
6813,Gambara v.Parma,Biossido di Azoto,2006-08,4.20,683
6813,Gambara v.Parma,Biossido di Azoto,2006-09,14.87,710
6813,Gambara v.Parma,Biossido di Azoto,2006-10,38.65,740
6813,Gambara v.Parma,Biossido di Azoto,2006-11,40.82,720
6813,Gambara v.Parma,Biossido di Azoto,2006-12,43.89,737
6813,Gambara v.Parma,Biossido di Azoto,2007-01,42.72,732
6813,Gambara v.Parma,Biossido di Azoto,2007-02,47.73,647
6813,Gambara v.Parma,Biossido di Azoto,2007-03,28.85,716
6813,Gambara v.Parma,Biossido di Azoto,2007-04,15.46,720
6813,Gambara v.Parma,Biossido di Azoto,2007-05,15.86,664
6813,Gambara v.Parma,Biossido di Azoto,2007-06,14.64,716
6813,Gambara v.Parma,Biossido di Azoto,2007-07,16.42,744
6813,Gambara v.Parma,Biossido di Azoto,2007-08,15.23,743
6813,Gambara v.Parma,Biossido di Azoto,2007-09,16.32,716
6813,Gambara v.Parma,Biossido di Azoto,2007-10,27.77,728
6813,Gambara v.Parma,Biossido di Azoto,2007-11,48.49,720
6813,Gambara v.Parma,Biossido di Azoto,2007-12,62.94,741
6813,Gambara v.Parma,Biossido di Azoto,2008-01,45.75,740
6813,Gambara v.Parma,Biossido di Azoto,2008-02,47.38,696
6813,Gambara v.Parma,Biossido di Azoto,2008-03,19.44,730
6813,Gambara v.Parma,Biossido di Azoto,2008-04,13.21,719
6813,Gambara v.Parma,Biossido di Azoto,2008-05,8.34,655
6813,Gambara v.Parma,Biossido di Azoto,2008-06,8.91,499
6813,Gambara v.Parma,Biossido di Azoto,2008-07,6.16,687
6813,Gambara v.Parma,Biossido di Azoto,2008-08,5.84,736
6813,Gambara v.Parma,Biossido di Azoto,2008-09,9.46,719
6813,Gambara v.Parma,Biossido di Azoto,2008-10,20.26,742
6813,Gambara v.Parma,Biossido di Azoto,2008-11,21.90,718
6813,Gambara v.Parma,Biossido di Azoto,2008-12,28.39,742
6813,Gambara v.Parma,Biossido di Azoto,2009-01,54.47,684
6813,Gambara v.Parma,Biossido di Azoto,2009-02,38.88,632
6813,Gambara v.Parma,Biossido di Azoto,2009-03,27.78,720
6813,Gambara v.Parma,Biossido di Azoto,2009-04,18.16,702
6813,Gambara v.Parma,Biossido di Azoto,2009-05,19.04,744
6813,Gambara v.Parma,Biossido di Azoto,2009-06,16.84,692
6813,Gambara v.Parma,Biossido di Azoto,2009-07,12.89,631
6813,Gambara v.Parma,Biossido di Azoto,2009-08,22.10,703
6813,Gambara v.Parma,Biossido di Azoto,2009-09,32.35,720
6813,Gambara v.Parma,Biossido di Azoto,2009-10,28.04,743
6813,Gambara v.Parma,Biossido di Azoto,2009-11,46.37,719
6813,Gambara v.Parma,Biossido di Azoto,2009-12,51.61,742
6813,Gambara v.Parma,Biossido di Azoto,2010-01,47.50,1
6813,Gambara v.Parma,Biossido di Azoto,2010-01,49.67,597
6813,Gambara v.Parma,Biossido di Azoto,2010-02,40.64,670
6813,Gambara v.Parma,Biossido di Azoto,2010-03,44.42,726
6813,Gambara v.Parma,Biossido di Azoto,2010-04,20.91,720
6813,Gambara v.Parma,Biossido di Azoto,2010-05,13.80,722
6813,Gambara v.Parma,Biossido di Azoto,2010-06,11.98,717
6813,Gambara v.Parma,Biossido di Azoto,2010-07,13.47,720
6813,Gambara v.Parma,Biossido di Azoto,2010-08,11.72,686
6813,Gambara v.Parma,Biossido di Azoto,2010-09,14.85,718
6813,Gambara v.Parma,Biossido di Azoto,2010-10,27.33,743
6813,Gambara v.Parma,Biossido di Azoto,2010-11,25.87,717
6813,Gambara v.Parma,Biossido di Azoto,2010-12,29.85,713
6813,Gambara v.Parma,Biossido di Azoto,2011-01,24.23,740
6813,Gambara v.Parma,Biossido di Azoto,2011-02,21.59,658
6813,Gambara v.Parma,Biossido di Azoto,2011-03,20.50,741
6813,Gambara v.Parma,Biossido di Azoto,2011-04,21.83,718
6813,Gambara v.Parma,Biossido di Azoto,2011-05,24.17,696
6813,Gambara v.Parma,Biossido di Azoto,2011-06,14.49,680
6813,Gambara v.Parma,Biossido di Azoto,2011-07,11.39,644
6813,Gambara v.Parma,Biossido di Azoto,2011-08,11.90,731
6813,Gambara v.Parma,Biossido di Azoto,2011-09,23.27,672
6813,Gambara v.Parma,Biossido di Azoto,2011-10,26.21,743
6813,Gambara v.Parma,Biossido di Azoto,2011-11,30.29,674
6813,Gambara v.Parma,Biossido di Azoto,2011-12,46.47,724
6813,Gambara v.Parma,Biossido di Azoto,2012-01,39.08,718
6813,Gambara v.Parma,Biossido di Azoto,2012-02,46.06,696
6813,Gambara v.Parma,Biossido di Azoto,2012-03,34.99,672
6813,Gambara v.Parma,Biossido di Azoto,2012-04,18.56,659
6813,Gambara v.Parma,Biossido di Azoto,2012-05,18.52,735
6813,Gambara v.Parma,Biossido di Azoto,2012-06,11.90,707
6813,Gambara v.Parma,Biossido di Azoto,2012-07,8.54,741
6813,Gambara v.Parma,Biossido di Azoto,2012-08,13.46,742
6813,Gambara v.Parma,Biossido di Azoto,2012-09,19.10,719
6813,Gambara v.Parma,Biossido di Azoto,2012-10,20.17,742
6813,Gambara v.Parma,Biossido di Azoto,2012-11,27.47,686
6813,Gambara v.Parma,Biossido di Azoto,2012-12,46.61,742
6813,Gambara v.Parma,Biossido di Azoto,2013-01,37.93,744
6813,Gambara v.Parma,Biossido di Azoto,2013-02,36.68,672
6813,Gambara v.Parma,Biossido di Azoto,2013-03,19.41,725
6813,Gambara v.Parma,Biossido di Azoto,2013-04,21.89,719
6813,Gambara v.Parma,Biossido di Azoto,2013-05,7.23,733
6813,Gambara v.Parma,Biossido di Azoto,2013-06,22.01,653
6813,Gambara v.Parma,Biossido di Azoto,2013-07,33.63,727
6813,Gambara v.Parma,Biossido di Azoto,2013-08,27.62,741
6813,Gambara v.Parma,Biossido di Azoto,2013-09,30.78,719
6813,Gambara v.Parma,Biossido di Azoto,2013-10,24.97,697
6813,Gambara v.Parma,Biossido di Azoto,2013-11,27.76,704
6813,Gambara v.Parma,Biossido di Azoto,2013-12,55.96,737
6813,Gambara v.Parma,Biossido di Azoto,2014-01,33.60,694
6813,Gambara v.Parma,Biossido di Azoto,2014-02,28.11,670
6813,Gambara v.Parma,Biossido di Azoto,2014-03,27.11,743
6813,Gambara v.Parma,Biossido di Azoto,2014-04,19.58,720
6813,Gambara v.Parma,Biossido di Azoto,2014-05,16.56,741
6813,Gambara v.Parma,Biossido di Azoto,2014-06,21.57,672
6813,Gambara v.Parma,Biossido di Azoto,2014-07,9.77,654
6813,Gambara v.Parma,Biossido di Azoto,2014-08,9.19,744
6813,Gambara v.Parma,Biossido di Azoto,2014-09,17.86,687
6813,Gambara v.Parma,Biossido di Azoto,2014-10,23.70,743
6813,Gambara v.Parma,Biossido di Azoto,2014-11,22.05,720
6813,Gambara v.Parma,Biossido di Azoto,2014-12,27.61,725
6813,Gambara v.Parma,Biossido di Azoto,2015-01,36.55,743
6813,Gambara v.Parma,Biossido di Azoto,2015-02,43.70,597
6813,Gambara v.Parma,Biossido di Azoto,2015-03,25.61,708
6813,Gambara v.Parma,Biossido di Azoto,2015-04,21.12,719
6813,Gambara v.Parma,Biossido di Azoto,2015-05,19.62,743
6813,Gambara v.Parma,Biossido di Azoto,2015-06,23.56,682
6813,Gambara v.Parma,Biossido di Azoto,2015-07,16.60,730
6813,Gambara v.Parma,Biossido di Azoto,2015-08,11.70,743
6813,Gambara v.Parma,Biossido di Azoto,2015-09,17.51,690
6813,Gambara v.Parma,Biossido di Azoto,2015-10,25.77,620
6813,Gambara v.Parma,Biossido di Azoto,2015-11,37.10,719
6813,Gambara v.Parma,Biossido di Azoto,2015-12,35.37,744
6813,Gambara v.Parma,Biossido di Azoto,2016-01,41.78,743
6813,Gambara v.Parma,Biossido di Azoto,2016-02,22.53,650
6813,Gambara v.Parma,Biossido di Azoto,2016-03,24.20,744
6813,Gambara v.Parma,Biossido di Azoto,2016-04,16.20,719
6813,Gambara v.Parma,Biossido di Azoto,2016-05,14.82,741
6813,Gambara v.Parma,Biossido di Azoto,2016-06,17.44,718
6813,Gambara v.Parma,Biossido di Azoto,2016-07,18.09,742
6813,Gambara v.Parma,Biossido di Azoto,2016-08,14.51,743
6813,Gambara v.Parma,Biossido di Azoto,2016-09,20.31,663
6813,Gambara v.Parma,Biossido di Azoto,2016-10,23.96,704
6813,Gambara v.Parma,Biossido di Azoto,2016-11,28.23,719
6813,Gambara v.Parma,Biossido di Azoto,2016-12,44.10,744
6813,Gambara v.Parma,Biossido di Azoto,2017-01,48.11,744
6813,Gambara v.Parma,Biossido di Azoto,2017-02,32.11,672
6813,Gambara v.Parma,Biossido di Azoto,2017-03,30.44,688
6813,Gambara v.Parma,Biossido di Azoto,2017-04,19.22,660
6813,Gambara v.Parma,Biossido di Azoto,2017-05,21.50,738
6813,Gambara v.Parma,Biossido di Azoto,2017-06,28.20,719
6813,Gambara v.Parma,Biossido di Azoto,2017-07,19.24,740
6813,Gambara v.Parma,Biossido di Azoto,2017-08,17.06,741
6813,Gambara v.Parma,Biossido di Azoto,2017-09,22.79,718
6813,Gambara v.Parma,Biossido di Azoto,2017-10,25.42,743
6813,Gambara v.Parma,Biossido di Azoto,2017-11,34.05,720
6813,Gambara v.Parma,Biossido di Azoto,2017-12,47.46,721
6813,Gambara v.Parma,Biossido di Azoto,2018-01,44.10,1
6813,Gambara v.Parma,Biossido di Azoto,2018-01,37.44,742
6813,Gambara v.Parma,Biossido di Azoto,2018-02,27.63,671
6813,Gambara v.Parma,Biossido di Azoto,2018-03,23.93,700
6813,Gambara v.Parma,Biossido di Azoto,2018-04,19.60,720
6813,Gambara v.Parma,Biossido di Azoto,2018-05,16.09,743
6813,Gambara v.Parma,Biossido di Azoto,2018-06,18.42,718
6813,Gambara v.Parma,Biossido di Azoto,2018-07,14.94,648
6813,Gambara v.Parma,Biossido di Azoto,2018-08,13.03,743
6813,Gambara v.Parma,Biossido di Azoto,2018-09,17.16,713
6813,Gambara v.Parma,Biossido di Azoto,2018-10,23.95,743
6813,Gambara v.Parma,Biossido di Azoto,2018-11,24.34,718
6813,Gambara v.Parma,Biossido di Azoto,2018-12,39.20,743
6813,Gambara v.Parma,Biossido di Azoto,2019-01,44.72,742
6813,Gambara v.Parma,Biossido di Azoto,2019-02,48.72,564
6813,Gambara v.Parma,Biossido di Azoto,2019-03,30.66,743
6813,Gambara v.Parma,Biossido di Azoto,2019-04,11.99,650
6813,Gambara v.Parma,Biossido di Azoto,2019-05,9.52,676
6813,Gambara v.Parma,Biossido di Azoto,2019-06,23.16,679
6813,Gambara v.Parma,Biossido di Azoto,2019-07,19.88,676
6813,Gambara v.Parma,Biossido di Azoto,2019-08,14.19,720
6813,Gambara v.Parma,Biossido di Azoto,2019-09,19.43,684
6813,Gambara v.Parma,Biossido di Azoto,2019-10,23.23,743
6813,Gambara v.Parma,Biossido di Azoto,2019-11,19.58,697
6813,Gambara v.Parma,Biossido di Azoto,2019-12,32.54,743
6813,Gambara v.Parma,Biossido di Azoto,2020-01,38.26,744
6813,Gambara v.Parma,Biossido di Azoto,2020-02,28.01,565
6813,Gambara v.Parma,Biossido di Azoto,2020-03,19.02,743
6813,Gambara v.Parma,Biossido di Azoto,2020-04,20.80,718
6813,Gambara v.Parma,Biossido di Azoto,2020-05,11.18,742
6813,Gambara v.Parma,Biossido di Azoto,2020-06,9.86,627
6813,Gambara v.Parma,Biossido di Azoto,2020-07,11.79,741
6813,Gambara v.Parma,Biossido di Azoto,2020-08,8.48,710
6813,Gambara v.Parma,Biossido di Azoto,2020-09,10.30,717
6813,Gambara v.Parma,Biossido di Azoto,2020-10,22.54,743
6813,Gambara v.Parma,Biossido di Azoto,2020-11,26.01,715
6813,Gambara v.Parma,Biossido di Azoto,2020-12,28.40,743
6813,Gambara v.Parma,Biossido di Azoto,2021-01,32.45,741
6813,Gambara v.Parma,Biossido di Azoto,2021-02,25.36,671
6813,Gambara v.Parma,Biossido di Azoto,2021-03,24.07,743
6813,Gambara v.Parma,Biossido di Azoto,2021-04,11.65,709
6813,Gambara v.Parma,Biossido di Azoto,2021-05,8.82,743
6813,Gambara v.Parma,Biossido di Azoto,2021-06,17.84,719
6813,Gambara v.Parma,Biossido di Azoto,2021-07,10.12,710
6813,Gambara v.Parma,Biossido di Azoto,2021-08,11.06,743
6813,Gambara v.Parma,Biossido di Azoto,2021-09,12.38,714
6813,Gambara v.Parma,Biossido di Azoto,2021-10,16.91,720
6813,Gambara v.Parma,Biossido di Azoto,2021-11,17.65,647
6813,Gambara v.Parma,Biossido di Azoto,2021-12,33.96,614
6813,Gambara v.Parma,Biossido di Azoto,2022-01,38.32,717
6813,Gambara v.Parma,Biossido di Azoto,2022-02,32.44,554
6813,Gambara v.Parma,Biossido di Azoto,2022-03,33.50,707
6813,Gambara v.Parma,Biossido di Azoto,2022-04,13.87,637
6813,Gambara v.Parma,Biossido di Azoto,2022-05,13.66,738
6813,Gambara v.Parma,Biossido di Azoto,2022-06,18.74,675
6813,Gambara v.Parma,Biossido di Azoto,2022-07,18.04,704
6813,Gambara v.Parma,Biossido di Azoto,2022-08,10.90,742
6813,Gambara v.Parma,Biossido di Azoto,2022-09,16.85,697
6813,Gambara v.Parma,Biossido di Azoto,2022-10,18.45,744
6813,Gambara v.Parma,Biossido di Azoto,2022-11,15.31,720
6813,Gambara v.Parma,Biossido di Azoto,2022-12,19.41,740
6813,Gambara v.Parma,Biossido di Azoto,2023-01,35.49,742
6813,Gambara v.Parma,Biossido di Azoto,2023-02,33.41,671
6813,Gambara v.Parma,Biossido di Azoto,2023-03,25.57,741
6813,Gambara v.Parma,Biossido di Azoto,2023-04,16.06,720
6813,Gambara v.Parma,Biossido di Azoto,2023-05,9.89,741
6813,Gambara v.Parma,Biossido di Azoto,2023-06,13.91,718
6813,Gambara v.Parma,Biossido di Azoto,2023-07,11.32,729
6813,Gambara v.Parma,Biossido di Azoto,2023-08,9.30,739
6813,Gambara v.Parma,Biossido di Azoto,2023-09,16.52,716
6813,Gambara v.Parma,Biossido di Azoto,2023-10,19.43,716
6813,Gambara v.Parma,Biossido di Azoto,2023-11,26.61,699
6813,Gambara v.Parma,Biossido di Azoto,2023-12,28.27,729
6813,Gambara v.Parma,Biossido di Azoto,2024-01,28.84,744
6813,Gambara v.Parma,Biossido di Azoto,2024-02,21.37,695
6813,Gambara v.Parma,Biossido di Azoto,2024-03,15.74,673
6813,Gambara v.Parma,Biossido di Azoto,2024-04,17.59,718
6813,Gambara v.Parma,Biossido di Azoto,2024-05,10.96,723
6813,Gambara v.Parma,Biossido di Azoto,2024-06,12.13,716
6813,Gambara v.Parma,Biossido di Azoto,2024-07,15.80,742
6813,Gambara v.Parma,Biossido di Azoto,2024-08,17.51,740
6813,Gambara v.Parma,Biossido di Azoto,2024-09,12.34,720
6813,Gambara v.Parma,Biossido di Azoto,2024-10,13.51,741
6813,Gambara v.Parma,Biossido di Azoto,2024-11,30.19,717
6813,Gambara v.Parma,Biossido di Azoto,2024-12,41.55,739
6813,Gambara v.Parma,Biossido di Azoto,2025-01,29.64,741
6813,Gambara v.Parma,Biossido di Azoto,2025-02,24.51,546
6813,Gambara v.Parma,Biossido di Azoto,2025-03,20.03,730
6813,Gambara v.Parma,Biossido di Azoto,2025-04,13.13,719
6813,Gambara v.Parma,Biossido di Azoto,2025-05,14.32,743
6813,Gambara v.Parma,Biossido di Azoto,2025-06,21.13,717
6813,Gambara v.Parma,Biossido di Azoto,2025-07,15.07,730
6813,Gambara v.Parma,Biossido di Azoto,2025-08,13.05,418
6813,Gambara v.Parma,Biossido di Azoto,2025-09,13.24,669
6813,Gambara v.Parma,Biossido di Azoto,2025-10,17.79,740
6813,Gambara v.Parma,Biossido di Azoto,2025-11,23.09,716
6813,Gambara v.Parma,Biossido di Azoto,2025-12,22.58,626
6813,Gambara v.Parma,Biossido di Azoto,2026-01,26.50,1
6814,Gambara v.Parma,Biossido di Zolfo,2000-01,10.01,629
6814,Gambara v.Parma,Biossido di Zolfo,2000-02,10.72,630
6814,Gambara v.Parma,Biossido di Zolfo,2000-03,8.95,602
6814,Gambara v.Parma,Biossido di Zolfo,2000-04,7.89,554
6814,Gambara v.Parma,Biossido di Zolfo,2000-05,7.12,692
6814,Gambara v.Parma,Biossido di Zolfo,2000-06,7.38,673
6814,Gambara v.Parma,Biossido di Zolfo,2000-07,7.73,722
6814,Gambara v.Parma,Biossido di Zolfo,2000-08,7.21,744
6814,Gambara v.Parma,Biossido di Zolfo,2000-09,8.36,720
6814,Gambara v.Parma,Biossido di Zolfo,2000-10,8.10,742
6814,Gambara v.Parma,Biossido di Zolfo,2000-11,8.52,720
6814,Gambara v.Parma,Biossido di Zolfo,2000-12,10.40,743
6814,Gambara v.Parma,Biossido di Zolfo,2001-01,12.48,743
6814,Gambara v.Parma,Biossido di Zolfo,2001-02,8.26,672
6814,Gambara v.Parma,Biossido di Zolfo,2001-03,7.17,742
6814,Gambara v.Parma,Biossido di Zolfo,2001-04,7.73,719
6814,Gambara v.Parma,Biossido di Zolfo,2001-05,6.75,744
6814,Gambara v.Parma,Biossido di Zolfo,2001-06,6.09,720
6814,Gambara v.Parma,Biossido di Zolfo,2001-07,5.98,744
6814,Gambara v.Parma,Biossido di Zolfo,2001-08,6.61,744
6814,Gambara v.Parma,Biossido di Zolfo,2001-09,7.86,525
6814,Gambara v.Parma,Biossido di Zolfo,2001-10,7.75,744
6814,Gambara v.Parma,Biossido di Zolfo,2001-11,9.89,720
6814,Gambara v.Parma,Biossido di Zolfo,2001-12,14.30,743
6814,Gambara v.Parma,Biossido di Zolfo,2002-01,16.82,738
6814,Gambara v.Parma,Biossido di Zolfo,2002-02,9.60,655
6814,Gambara v.Parma,Biossido di Zolfo,2002-03,8.40,742
6814,Gambara v.Parma,Biossido di Zolfo,2002-04,7.82,717
6814,Gambara v.Parma,Biossido di Zolfo,2002-05,7.17,744
6814,Gambara v.Parma,Biossido di Zolfo,2002-06,7.07,720
6814,Gambara v.Parma,Biossido di Zolfo,2002-07,9.65,712
6814,Gambara v.Parma,Biossido di Zolfo,2002-08,7.13,744
6814,Gambara v.Parma,Biossido di Zolfo,2002-09,6.99,720
6814,Gambara v.Parma,Biossido di Zolfo,2002-10,7.51,725
6814,Gambara v.Parma,Biossido di Zolfo,2002-11,8.00,702
6814,Gambara v.Parma,Biossido di Zolfo,2002-12,7.62,744
6814,Gambara v.Parma,Biossido di Zolfo,2003-01,9.32,743
6814,Gambara v.Parma,Biossido di Zolfo,2003-02,10.17,621
6814,Gambara v.Parma,Biossido di Zolfo,2003-03,9.24,667
6814,Gambara v.Parma,Biossido di Zolfo,2003-04,7.25,639
6814,Gambara v.Parma,Biossido di Zolfo,2003-05,8.01,564
6814,Gambara v.Parma,Biossido di Zolfo,2003-06,10.84,499
6814,Gambara v.Parma,Biossido di Zolfo,2003-07,7.46,591
6814,Gambara v.Parma,Biossido di Zolfo,2003-08,8.61,261
6814,Gambara v.Parma,Biossido di Zolfo,2003-09,13.62,420
6814,Gambara v.Parma,Biossido di Zolfo,2003-10,12.93,614
6814,Gambara v.Parma,Biossido di Zolfo,2003-11,8.62,523
6814,Gambara v.Parma,Biossido di Zolfo,2003-12,12.68,512
6814,Gambara v.Parma,Biossido di Zolfo,2004-01,11.99,727
6814,Gambara v.Parma,Biossido di Zolfo,2004-02,12.25,608
6814,Gambara v.Parma,Biossido di Zolfo,2004-03,11.48,623
6814,Gambara v.Parma,Biossido di Zolfo,2004-04,11.25,718
6814,Gambara v.Parma,Biossido di Zolfo,2004-05,13.76,677
6814,Gambara v.Parma,Biossido di Zolfo,2004-06,12.01,622
6814,Gambara v.Parma,Biossido di Zolfo,2004-07,10.25,466
6814,Gambara v.Parma,Biossido di Zolfo,2004-08,8.27,652
6814,Gambara v.Parma,Biossido di Zolfo,2004-09,10.29,664
6814,Gambara v.Parma,Biossido di Zolfo,2004-10,9.96,743
6814,Gambara v.Parma,Biossido di Zolfo,2004-11,10.36,718
6814,Gambara v.Parma,Biossido di Zolfo,2004-12,12.57,742
6814,Gambara v.Parma,Biossido di Zolfo,2005-01,11.25,669
6814,Gambara v.Parma,Biossido di Zolfo,2005-02,5.98,668
6814,Gambara v.Parma,Biossido di Zolfo,2005-03,7.07,737
6814,Gambara v.Parma,Biossido di Zolfo,2005-04,7.43,582
6814,Gambara v.Parma,Biossido di Zolfo,2005-05,8.78,743
6814,Gambara v.Parma,Biossido di Zolfo,2005-06,7.96,718
6814,Gambara v.Parma,Biossido di Zolfo,2005-07,7.37,739
6814,Gambara v.Parma,Biossido di Zolfo,2005-08,10.06,743
6814,Gambara v.Parma,Biossido di Zolfo,2005-09,8.94,647
6814,Gambara v.Parma,Biossido di Zolfo,2005-10,7.45,744
6814,Gambara v.Parma,Biossido di Zolfo,2005-11,7.35,719
6814,Gambara v.Parma,Biossido di Zolfo,2005-12,9.18,741
6814,Gambara v.Parma,Biossido di Zolfo,2006-01,9.08,742
6814,Gambara v.Parma,Biossido di Zolfo,2006-02,8.35,671
6814,Gambara v.Parma,Biossido di Zolfo,2006-03,7.12,741
6814,Gambara v.Parma,Biossido di Zolfo,2006-04,6.07,719
6814,Gambara v.Parma,Biossido di Zolfo,2006-05,5.11,742
6814,Gambara v.Parma,Biossido di Zolfo,2006-06,5.02,714
6814,Gambara v.Parma,Biossido di Zolfo,2006-07,4.60,743
6814,Gambara v.Parma,Biossido di Zolfo,2006-08,5.00,685
6814,Gambara v.Parma,Biossido di Zolfo,2006-09,5.66,713
6814,Gambara v.Parma,Biossido di Zolfo,2006-10,6.79,742
6814,Gambara v.Parma,Biossido di Zolfo,2006-11,7.51,720
6814,Gambara v.Parma,Biossido di Zolfo,2006-12,8.54,737
6814,Gambara v.Parma,Biossido di Zolfo,2007-01,7.68,736
6814,Gambara v.Parma,Biossido di Zolfo,2007-02,7.04,646
6814,Gambara v.Parma,Biossido di Zolfo,2007-03,5.67,717
6814,Gambara v.Parma,Biossido di Zolfo,2007-04,4.18,719
6814,Gambara v.Parma,Biossido di Zolfo,2007-05,4.48,567
6814,Gambara v.Parma,Biossido di Zolfo,2007-06,4.58,716
6814,Gambara v.Parma,Biossido di Zolfo,2007-07,5.29,744
6814,Gambara v.Parma,Biossido di Zolfo,2007-08,5.42,742
6814,Gambara v.Parma,Biossido di Zolfo,2007-09,10.22,714
6814,Gambara v.Parma,Biossido di Zolfo,2007-10,11.45,729
6814,Gambara v.Parma,Biossido di Zolfo,2007-11,11.00,706
6814,Gambara v.Parma,Biossido di Zolfo,2007-12,5.96,741
6814,Gambara v.Parma,Biossido di Zolfo,2008-01,6.06,740
6814,Gambara v.Parma,Biossido di Zolfo,2008-02,5.08,696
6814,Gambara v.Parma,Biossido di Zolfo,2008-03,6.18,739
6814,Gambara v.Parma,Biossido di Zolfo,2008-04,5.31,719
6814,Gambara v.Parma,Biossido di Zolfo,2008-05,6.87,671
6814,Gambara v.Parma,Biossido di Zolfo,2008-06,7.46,709
6814,Gambara v.Parma,Biossido di Zolfo,2008-07,4.32,686
6814,Gambara v.Parma,Biossido di Zolfo,2008-08,5.26,744
6814,Gambara v.Parma,Biossido di Zolfo,2008-09,5.71,720
6814,Gambara v.Parma,Biossido di Zolfo,2008-10,5.23,744
6814,Gambara v.Parma,Biossido di Zolfo,2008-11,5.37,718
6814,Gambara v.Parma,Biossido di Zolfo,2008-12,5.37,744
6814,Gambara v.Parma,Biossido di Zolfo,2009-01,5.39,684
6814,Gambara v.Parma,Biossido di Zolfo,2009-02,4.01,630
6814,Gambara v.Parma,Biossido di Zolfo,2009-03,4.22,721
6814,Gambara v.Parma,Biossido di Zolfo,2009-04,3.16,703
6814,Gambara v.Parma,Biossido di Zolfo,2009-05,2.09,744
6814,Gambara v.Parma,Biossido di Zolfo,2009-06,1.55,693
6814,Gambara v.Parma,Biossido di Zolfo,2009-07,1.30,632
6814,Gambara v.Parma,Biossido di Zolfo,2009-08,1.17,730
6814,Gambara v.Parma,Biossido di Zolfo,2009-09,2.48,720
6814,Gambara v.Parma,Biossido di Zolfo,2009-10,3.58,744
6814,Gambara v.Parma,Biossido di Zolfo,2009-11,3.60,720
6814,Gambara v.Parma,Biossido di Zolfo,2009-12,3.89,740
6814,Gambara v.Parma,Biossido di Zolfo,2010-01,2.60,1
6814,Gambara v.Parma,Biossido di Zolfo,2010-01,4.36,743
6814,Gambara v.Parma,Biossido di Zolfo,2010-02,4.78,670
6814,Gambara v.Parma,Biossido di Zolfo,2010-03,3.56,726
6814,Gambara v.Parma,Biossido di Zolfo,2010-04,3.04,719
6814,Gambara v.Parma,Biossido di Zolfo,2010-05,3.27,722
6814,Gambara v.Parma,Biossido di Zolfo,2010-06,3.22,719
6814,Gambara v.Parma,Biossido di Zolfo,2010-07,2.25,723
6814,Gambara v.Parma,Biossido di Zolfo,2010-08,2.92,708
6814,Gambara v.Parma,Biossido di Zolfo,2010-09,5.14,715
6814,Gambara v.Parma,Biossido di Zolfo,2010-10,6.69,742
6814,Gambara v.Parma,Biossido di Zolfo,2010-11,6.04,717
6814,Gambara v.Parma,Biossido di Zolfo,2010-12,7.19,684
6814,Gambara v.Parma,Biossido di Zolfo,2011-01,6.56,729
6814,Gambara v.Parma,Biossido di Zolfo,2011-02,5.17,652
6814,Gambara v.Parma,Biossido di Zolfo,2011-03,7.78,742
6814,Gambara v.Parma,Biossido di Zolfo,2011-04,8.32,719
6814,Gambara v.Parma,Biossido di Zolfo,2011-05,9.08,743
6814,Gambara v.Parma,Biossido di Zolfo,2011-06,5.03,717
6814,Gambara v.Parma,Biossido di Zolfo,2011-07,3.54,697
6814,Gambara v.Parma,Biossido di Zolfo,2011-08,5.05,737
6814,Gambara v.Parma,Biossido di Zolfo,2011-09,4.30,672
6814,Gambara v.Parma,Biossido di Zolfo,2011-10,6.18,742
6814,Gambara v.Parma,Biossido di Zolfo,2011-11,6.91,674
6814,Gambara v.Parma,Biossido di Zolfo,2011-12,7.93,719
6814,Gambara v.Parma,Biossido di Zolfo,2012-01,1.65,2
6817,Gambara v.Parma,Ossidi di Azoto,2000-05,20.16,135
6817,Gambara v.Parma,Ossidi di Azoto,2000-06,21.97,228
6817,Gambara v.Parma,Ossidi di Azoto,2000-07,16.18,321
6817,Gambara v.Parma,Ossidi di Azoto,2000-08,16.29,732
6817,Gambara v.Parma,Ossidi di Azoto,2000-09,24.26,720
6817,Gambara v.Parma,Ossidi di Azoto,2000-10,44.24,741
6817,Gambara v.Parma,Ossidi di Azoto,2000-11,70.16,720
6817,Gambara v.Parma,Ossidi di Azoto,2000-12,118.50,716
6817,Gambara v.Parma,Ossidi di Azoto,2001-01,110.14,684
6817,Gambara v.Parma,Ossidi di Azoto,2001-02,81.56,672
6817,Gambara v.Parma,Ossidi di Azoto,2001-03,50.34,742
6817,Gambara v.Parma,Ossidi di Azoto,2001-04,30.05,682
6817,Gambara v.Parma,Ossidi di Azoto,2001-05,33.01,744
6817,Gambara v.Parma,Ossidi di Azoto,2001-06,33.61,719
6817,Gambara v.Parma,Ossidi di Azoto,2001-07,26.38,744
6817,Gambara v.Parma,Ossidi di Azoto,2001-08,19.69,722
6817,Gambara v.Parma,Ossidi di Azoto,2001-09,39.36,523
6817,Gambara v.Parma,Ossidi di Azoto,2001-10,65.77,744
6817,Gambara v.Parma,Ossidi di Azoto,2001-11,117.97,720
6817,Gambara v.Parma,Ossidi di Azoto,2001-12,176.23,729
6817,Gambara v.Parma,Ossidi di Azoto,2002-01,201.05,738
6817,Gambara v.Parma,Ossidi di Azoto,2002-02,92.88,670
6817,Gambara v.Parma,Ossidi di Azoto,2002-03,51.74,740
6817,Gambara v.Parma,Ossidi di Azoto,2002-04,31.47,718
6817,Gambara v.Parma,Ossidi di Azoto,2002-05,23.00,742
6817,Gambara v.Parma,Ossidi di Azoto,2002-06,18.86,643
6817,Gambara v.Parma,Ossidi di Azoto,2002-07,48.01,609
6817,Gambara v.Parma,Ossidi di Azoto,2002-08,15.91,743
6817,Gambara v.Parma,Ossidi di Azoto,2002-09,25.76,627
6817,Gambara v.Parma,Ossidi di Azoto,2002-10,53.07,744
6817,Gambara v.Parma,Ossidi di Azoto,2002-11,86.18,563
6817,Gambara v.Parma,Ossidi di Azoto,2002-12,70.66,727
6817,Gambara v.Parma,Ossidi di Azoto,2003-01,107.96,735
6817,Gambara v.Parma,Ossidi di Azoto,2003-02,75.49,625
6817,Gambara v.Parma,Ossidi di Azoto,2003-03,58.81,666
6817,Gambara v.Parma,Ossidi di Azoto,2003-04,18.41,416
6817,Gambara v.Parma,Ossidi di Azoto,2003-05,20.62,566
6817,Gambara v.Parma,Ossidi di Azoto,2003-06,26.38,485
6817,Gambara v.Parma,Ossidi di Azoto,2003-07,14.34,596
6817,Gambara v.Parma,Ossidi di Azoto,2003-08,15.50,255
6817,Gambara v.Parma,Ossidi di Azoto,2003-09,25.57,530
6817,Gambara v.Parma,Ossidi di Azoto,2003-10,40.36,604
6817,Gambara v.Parma,Ossidi di Azoto,2003-11,71.39,663
6817,Gambara v.Parma,Ossidi di Azoto,2003-12,104.37,744
6817,Gambara v.Parma,Ossidi di Azoto,2004-01,93.95,744
6817,Gambara v.Parma,Ossidi di Azoto,2004-02,88.34,695
6817,Gambara v.Parma,Ossidi di Azoto,2004-03,46.59,744
6817,Gambara v.Parma,Ossidi di Azoto,2004-04,28.88,718
6817,Gambara v.Parma,Ossidi di Azoto,2004-05,20.45,744
6817,Gambara v.Parma,Ossidi di Azoto,2004-06,24.42,720
6817,Gambara v.Parma,Ossidi di Azoto,2004-07,17.08,502
6817,Gambara v.Parma,Ossidi di Azoto,2004-08,14.99,653
6817,Gambara v.Parma,Ossidi di Azoto,2004-09,27.46,665
6817,Gambara v.Parma,Ossidi di Azoto,2004-10,37.79,743
6817,Gambara v.Parma,Ossidi di Azoto,2004-11,90.67,716
6817,Gambara v.Parma,Ossidi di Azoto,2004-12,140.33,743
6817,Gambara v.Parma,Ossidi di Azoto,2005-01,110.56,670
6817,Gambara v.Parma,Ossidi di Azoto,2005-02,80.15,672
6817,Gambara v.Parma,Ossidi di Azoto,2005-03,59.64,738
6817,Gambara v.Parma,Ossidi di Azoto,2005-04,23.63,719
6817,Gambara v.Parma,Ossidi di Azoto,2005-05,27.69,742
6817,Gambara v.Parma,Ossidi di Azoto,2005-06,15.74,718
6817,Gambara v.Parma,Ossidi di Azoto,2005-07,13.07,739
6817,Gambara v.Parma,Ossidi di Azoto,2005-08,9.50,743
6817,Gambara v.Parma,Ossidi di Azoto,2005-09,20.85,717
6817,Gambara v.Parma,Ossidi di Azoto,2005-10,38.32,744
6817,Gambara v.Parma,Ossidi di Azoto,2005-11,64.79,719
6817,Gambara v.Parma,Ossidi di Azoto,2005-12,115.84,744
6817,Gambara v.Parma,Ossidi di Azoto,2006-01,119.91,743
6817,Gambara v.Parma,Ossidi di Azoto,2006-02,74.56,671
6817,Gambara v.Parma,Ossidi di Azoto,2006-03,33.65,741
6817,Gambara v.Parma,Ossidi di Azoto,2006-04,27.52,719
6817,Gambara v.Parma,Ossidi di Azoto,2006-05,14.84,739
6817,Gambara v.Parma,Ossidi di Azoto,2006-06,15.04,714
6817,Gambara v.Parma,Ossidi di Azoto,2006-07,10.19,743
6817,Gambara v.Parma,Ossidi di Azoto,2006-08,12.14,683
6817,Gambara v.Parma,Ossidi di Azoto,2006-09,28.45,710
6817,Gambara v.Parma,Ossidi di Azoto,2006-10,58.67,740
6817,Gambara v.Parma,Ossidi di Azoto,2006-11,84.16,720
6817,Gambara v.Parma,Ossidi di Azoto,2006-12,110.18,737
6817,Gambara v.Parma,Ossidi di Azoto,2007-01,88.83,733
6817,Gambara v.Parma,Ossidi di Azoto,2007-02,81.18,648
6817,Gambara v.Parma,Ossidi di Azoto,2007-03,44.70,717
6817,Gambara v.Parma,Ossidi di Azoto,2007-04,28.71,720
6817,Gambara v.Parma,Ossidi di Azoto,2007-05,23.67,664
6817,Gambara v.Parma,Ossidi di Azoto,2007-06,16.98,716
6817,Gambara v.Parma,Ossidi di Azoto,2007-07,18.48,744
6817,Gambara v.Parma,Ossidi di Azoto,2007-08,16.42,743
6817,Gambara v.Parma,Ossidi di Azoto,2007-09,17.35,716
6817,Gambara v.Parma,Ossidi di Azoto,2007-10,36.96,729
6817,Gambara v.Parma,Ossidi di Azoto,2007-11,77.72,720
6817,Gambara v.Parma,Ossidi di Azoto,2007-12,130.38,741
6817,Gambara v.Parma,Ossidi di Azoto,2008-01,80.36,740
6817,Gambara v.Parma,Ossidi di Azoto,2008-02,66.71,696
6817,Gambara v.Parma,Ossidi di Azoto,2008-03,22.04,730
6817,Gambara v.Parma,Ossidi di Azoto,2008-04,16.20,719
6817,Gambara v.Parma,Ossidi di Azoto,2008-05,11.41,656
6817,Gambara v.Parma,Ossidi di Azoto,2008-06,20.15,504
6817,Gambara v.Parma,Ossidi di Azoto,2008-07,7.86,688
6817,Gambara v.Parma,Ossidi di Azoto,2008-08,7.10,738
6817,Gambara v.Parma,Ossidi di Azoto,2008-09,13.04,720
6817,Gambara v.Parma,Ossidi di Azoto,2008-10,33.12,743
6817,Gambara v.Parma,Ossidi di Azoto,2008-11,46.63,718
6817,Gambara v.Parma,Ossidi di Azoto,2008-12,74.13,744
6817,Gambara v.Parma,Ossidi di Azoto,2009-01,114.99,684
6817,Gambara v.Parma,Ossidi di Azoto,2009-02,63.85,632
6817,Gambara v.Parma,Ossidi di Azoto,2009-03,32.78,721
6817,Gambara v.Parma,Ossidi di Azoto,2009-04,21.20,702
6817,Gambara v.Parma,Ossidi di Azoto,2009-05,24.48,744
6817,Gambara v.Parma,Ossidi di Azoto,2009-06,19.08,692
6817,Gambara v.Parma,Ossidi di Azoto,2009-07,14.80,632
6817,Gambara v.Parma,Ossidi di Azoto,2009-08,28.08,705
6817,Gambara v.Parma,Ossidi di Azoto,2009-09,46.04,720
6817,Gambara v.Parma,Ossidi di Azoto,2009-10,47.27,743
6817,Gambara v.Parma,Ossidi di Azoto,2009-11,87.26,719
6817,Gambara v.Parma,Ossidi di Azoto,2009-12,108.81,742
6817,Gambara v.Parma,Ossidi di Azoto,2010-01,101.10,1
6817,Gambara v.Parma,Ossidi di Azoto,2010-01,96.87,596
6817,Gambara v.Parma,Ossidi di Azoto,2010-02,62.42,670
6817,Gambara v.Parma,Ossidi di Azoto,2010-03,54.31,726
6817,Gambara v.Parma,Ossidi di Azoto,2010-04,25.15,720
6817,Gambara v.Parma,Ossidi di Azoto,2010-05,16.18,722
6817,Gambara v.Parma,Ossidi di Azoto,2010-06,13.51,718
6817,Gambara v.Parma,Ossidi di Azoto,2010-07,19.25,720
6817,Gambara v.Parma,Ossidi di Azoto,2010-08,17.41,692
6817,Gambara v.Parma,Ossidi di Azoto,2010-09,17.86,718
6817,Gambara v.Parma,Ossidi di Azoto,2010-10,48.99,743
6817,Gambara v.Parma,Ossidi di Azoto,2010-11,45.93,718
6817,Gambara v.Parma,Ossidi di Azoto,2010-12,69.14,715
6817,Gambara v.Parma,Ossidi di Azoto,2011-01,58.05,744
6817,Gambara v.Parma,Ossidi di Azoto,2011-02,43.23,659
6817,Gambara v.Parma,Ossidi di Azoto,2011-03,26.09,743
6817,Gambara v.Parma,Ossidi di Azoto,2011-04,25.44,719
6817,Gambara v.Parma,Ossidi di Azoto,2011-05,29.52,701
6817,Gambara v.Parma,Ossidi di Azoto,2011-06,16.37,683
6817,Gambara v.Parma,Ossidi di Azoto,2011-07,18.80,680
6817,Gambara v.Parma,Ossidi di Azoto,2011-08,15.50,733
6817,Gambara v.Parma,Ossidi di Azoto,2011-09,29.44,673
6817,Gambara v.Parma,Ossidi di Azoto,2011-10,40.90,743
6817,Gambara v.Parma,Ossidi di Azoto,2011-11,74.09,675
6817,Gambara v.Parma,Ossidi di Azoto,2011-12,136.42,724
6817,Gambara v.Parma,Ossidi di Azoto,2012-01,97.72,718
6817,Gambara v.Parma,Ossidi di Azoto,2012-02,67.52,696
6817,Gambara v.Parma,Ossidi di Azoto,2012-03,48.46,675
6817,Gambara v.Parma,Ossidi di Azoto,2012-04,21.55,659
6817,Gambara v.Parma,Ossidi di Azoto,2012-05,21.13,737
6817,Gambara v.Parma,Ossidi di Azoto,2012-06,21.21,708
6817,Gambara v.Parma,Ossidi di Azoto,2012-07,10.40,742
6817,Gambara v.Parma,Ossidi di Azoto,2012-08,16.04,743
6817,Gambara v.Parma,Ossidi di Azoto,2012-09,26.91,719
6817,Gambara v.Parma,Ossidi di Azoto,2012-10,31.56,743
6817,Gambara v.Parma,Ossidi di Azoto,2012-11,64.62,684
6817,Gambara v.Parma,Ossidi di Azoto,2012-12,125.41,741
6817,Gambara v.Parma,Ossidi di Azoto,2013-01,73.26,734
6817,Gambara v.Parma,Ossidi di Azoto,2013-02,56.12,654
6817,Gambara v.Parma,Ossidi di Azoto,2013-03,26.06,723
6817,Gambara v.Parma,Ossidi di Azoto,2013-04,28.39,708
6817,Gambara v.Parma,Ossidi di Azoto,2013-05,11.63,731
6817,Gambara v.Parma,Ossidi di Azoto,2013-06,27.06,643
6817,Gambara v.Parma,Ossidi di Azoto,2013-07,42.99,717
6817,Gambara v.Parma,Ossidi di Azoto,2013-08,40.84,726
6817,Gambara v.Parma,Ossidi di Azoto,2013-09,54.25,708
6817,Gambara v.Parma,Ossidi di Azoto,2013-10,48.64,655
6817,Gambara v.Parma,Ossidi di Azoto,2013-11,58.09,699
6817,Gambara v.Parma,Ossidi di Azoto,2013-12,171.09,737
6817,Gambara v.Parma,Ossidi di Azoto,2014-01,73.69,694
6817,Gambara v.Parma,Ossidi di Azoto,2014-02,39.10,670
6817,Gambara v.Parma,Ossidi di Azoto,2014-03,35.99,743
6817,Gambara v.Parma,Ossidi di Azoto,2014-04,24.88,720
6817,Gambara v.Parma,Ossidi di Azoto,2014-05,18.34,740
6817,Gambara v.Parma,Ossidi di Azoto,2014-06,26.70,672
6817,Gambara v.Parma,Ossidi di Azoto,2014-07,13.14,654
6817,Gambara v.Parma,Ossidi di Azoto,2014-08,10.68,744
6817,Gambara v.Parma,Ossidi di Azoto,2014-09,24.08,687
6817,Gambara v.Parma,Ossidi di Azoto,2014-10,40.94,743
6817,Gambara v.Parma,Ossidi di Azoto,2014-11,49.15,720
6817,Gambara v.Parma,Ossidi di Azoto,2014-12,67.84,725
6817,Gambara v.Parma,Ossidi di Azoto,2015-01,79.20,743
6817,Gambara v.Parma,Ossidi di Azoto,2015-02,76.91,597
6817,Gambara v.Parma,Ossidi di Azoto,2015-03,28.31,708
6817,Gambara v.Parma,Ossidi di Azoto,2015-04,23.75,719
6817,Gambara v.Parma,Ossidi di Azoto,2015-05,23.22,743
6817,Gambara v.Parma,Ossidi di Azoto,2015-06,30.40,682
6817,Gambara v.Parma,Ossidi di Azoto,2015-07,19.84,730
6817,Gambara v.Parma,Ossidi di Azoto,2015-08,15.57,743
6817,Gambara v.Parma,Ossidi di Azoto,2015-09,21.32,690
6817,Gambara v.Parma,Ossidi di Azoto,2015-10,41.78,620
6817,Gambara v.Parma,Ossidi di Azoto,2015-11,84.82,719
6817,Gambara v.Parma,Ossidi di Azoto,2015-12,103.16,744
6817,Gambara v.Parma,Ossidi di Azoto,2016-01,92.69,743
6817,Gambara v.Parma,Ossidi di Azoto,2016-02,35.62,650
6817,Gambara v.Parma,Ossidi di Azoto,2016-03,30.68,744
6817,Gambara v.Parma,Ossidi di Azoto,2016-04,18.74,719
6817,Gambara v.Parma,Ossidi di Azoto,2016-05,17.50,741
6817,Gambara v.Parma,Ossidi di Azoto,2016-06,22.39,718
6817,Gambara v.Parma,Ossidi di Azoto,2016-07,21.39,742
6817,Gambara v.Parma,Ossidi di Azoto,2016-08,17.66,743
6817,Gambara v.Parma,Ossidi di Azoto,2016-09,27.95,663
6817,Gambara v.Parma,Ossidi di Azoto,2016-10,39.41,704
6817,Gambara v.Parma,Ossidi di Azoto,2016-11,50.49,719
6817,Gambara v.Parma,Ossidi di Azoto,2016-12,105.62,744
6817,Gambara v.Parma,Ossidi di Azoto,2017-01,95.09,744
6817,Gambara v.Parma,Ossidi di Azoto,2017-02,57.75,672
6817,Gambara v.Parma,Ossidi di Azoto,2017-03,39.33,688
6817,Gambara v.Parma,Ossidi di Azoto,2017-04,19.75,660
6817,Gambara v.Parma,Ossidi di Azoto,2017-05,23.55,738
6817,Gambara v.Parma,Ossidi di Azoto,2017-06,32.35,719
6817,Gambara v.Parma,Ossidi di Azoto,2017-07,23.65,740
6817,Gambara v.Parma,Ossidi di Azoto,2017-08,19.77,741
6817,Gambara v.Parma,Ossidi di Azoto,2017-09,26.84,718
6817,Gambara v.Parma,Ossidi di Azoto,2017-10,36.94,743
6817,Gambara v.Parma,Ossidi di Azoto,2017-11,67.18,720
6817,Gambara v.Parma,Ossidi di Azoto,2017-12,111.97,721
6817,Gambara v.Parma,Ossidi di Azoto,2018-01,60.00,1
6817,Gambara v.Parma,Ossidi di Azoto,2018-01,69.17,742
6817,Gambara v.Parma,Ossidi di Azoto,2018-02,38.60,671
6817,Gambara v.Parma,Ossidi di Azoto,2018-03,32.45,700
6817,Gambara v.Parma,Ossidi di Azoto,2018-04,25.20,720
6817,Gambara v.Parma,Ossidi di Azoto,2018-05,18.35,743
6817,Gambara v.Parma,Ossidi di Azoto,2018-06,20.71,718
6817,Gambara v.Parma,Ossidi di Azoto,2018-07,16.98,648
6817,Gambara v.Parma,Ossidi di Azoto,2018-08,15.29,743
6817,Gambara v.Parma,Ossidi di Azoto,2018-09,20.13,713
6817,Gambara v.Parma,Ossidi di Azoto,2018-10,30.48,743
6817,Gambara v.Parma,Ossidi di Azoto,2018-11,39.93,718
6817,Gambara v.Parma,Ossidi di Azoto,2018-12,93.86,743
6817,Gambara v.Parma,Ossidi di Azoto,2019-01,90.16,742
6817,Gambara v.Parma,Ossidi di Azoto,2019-02,75.22,564
6817,Gambara v.Parma,Ossidi di Azoto,2019-03,40.38,743
6817,Gambara v.Parma,Ossidi di Azoto,2019-04,13.70,650
6817,Gambara v.Parma,Ossidi di Azoto,2019-05,10.51,676
6817,Gambara v.Parma,Ossidi di Azoto,2019-06,25.37,679
6817,Gambara v.Parma,Ossidi di Azoto,2019-07,22.26,676
6817,Gambara v.Parma,Ossidi di Azoto,2019-08,15.37,720
6817,Gambara v.Parma,Ossidi di Azoto,2019-09,23.42,684
6817,Gambara v.Parma,Ossidi di Azoto,2019-10,32.00,743
6817,Gambara v.Parma,Ossidi di Azoto,2019-11,30.22,697
6817,Gambara v.Parma,Ossidi di Azoto,2019-12,67.18,743
6817,Gambara v.Parma,Ossidi di Azoto,2020-01,84.05,744
6817,Gambara v.Parma,Ossidi di Azoto,2020-02,42.81,565
6817,Gambara v.Parma,Ossidi di Azoto,2020-03,23.77,743
6817,Gambara v.Parma,Ossidi di Azoto,2020-04,24.80,718
6817,Gambara v.Parma,Ossidi di Azoto,2020-05,13.98,742
6817,Gambara v.Parma,Ossidi di Azoto,2020-06,12.23,627
6817,Gambara v.Parma,Ossidi di Azoto,2020-07,14.00,741
6817,Gambara v.Parma,Ossidi di Azoto,2020-08,9.37,710
6817,Gambara v.Parma,Ossidi di Azoto,2020-09,11.96,717
6817,Gambara v.Parma,Ossidi di Azoto,2020-10,32.32,743
6817,Gambara v.Parma,Ossidi di Azoto,2020-11,47.97,715
6817,Gambara v.Parma,Ossidi di Azoto,2020-12,56.55,743
6817,Gambara v.Parma,Ossidi di Azoto,2021-01,50.43,741
6817,Gambara v.Parma,Ossidi di Azoto,2021-02,37.19,671
6817,Gambara v.Parma,Ossidi di Azoto,2021-03,30.76,743
6817,Gambara v.Parma,Ossidi di Azoto,2021-04,14.13,709
6817,Gambara v.Parma,Ossidi di Azoto,2021-05,10.91,743
6817,Gambara v.Parma,Ossidi di Azoto,2021-06,20.91,719
6817,Gambara v.Parma,Ossidi di Azoto,2021-07,11.74,710
6817,Gambara v.Parma,Ossidi di Azoto,2021-08,12.49,743
6817,Gambara v.Parma,Ossidi di Azoto,2021-09,14.74,714
6817,Gambara v.Parma,Ossidi di Azoto,2021-10,25.98,720
6817,Gambara v.Parma,Ossidi di Azoto,2021-11,27.52,647
6817,Gambara v.Parma,Ossidi di Azoto,2021-12,75.18,614
6817,Gambara v.Parma,Ossidi di Azoto,2022-01,68.71,717
6817,Gambara v.Parma,Ossidi di Azoto,2022-02,43.24,554
6817,Gambara v.Parma,Ossidi di Azoto,2022-03,39.50,707
6817,Gambara v.Parma,Ossidi di Azoto,2022-04,15.43,637
6817,Gambara v.Parma,Ossidi di Azoto,2022-05,15.64,738
6817,Gambara v.Parma,Ossidi di Azoto,2022-06,22.85,675
6817,Gambara v.Parma,Ossidi di Azoto,2022-07,20.11,704
6817,Gambara v.Parma,Ossidi di Azoto,2022-08,11.85,742
6817,Gambara v.Parma,Ossidi di Azoto,2022-09,19.04,697
6817,Gambara v.Parma,Ossidi di Azoto,2022-10,24.97,744
6817,Gambara v.Parma,Ossidi di Azoto,2022-11,29.16,720
6817,Gambara v.Parma,Ossidi di Azoto,2022-12,37.18,740
6817,Gambara v.Parma,Ossidi di Azoto,2023-01,60.27,742
6817,Gambara v.Parma,Ossidi di Azoto,2023-02,44.95,671
6817,Gambara v.Parma,Ossidi di Azoto,2023-03,33.83,741
6817,Gambara v.Parma,Ossidi di Azoto,2023-04,19.14,720
6817,Gambara v.Parma,Ossidi di Azoto,2023-05,12.00,741
6817,Gambara v.Parma,Ossidi di Azoto,2023-06,15.52,718
6817,Gambara v.Parma,Ossidi di Azoto,2023-07,14.21,729
6817,Gambara v.Parma,Ossidi di Azoto,2023-08,13.88,739
6817,Gambara v.Parma,Ossidi di Azoto,2023-09,22.71,716
6817,Gambara v.Parma,Ossidi di Azoto,2023-10,26.43,716
6817,Gambara v.Parma,Ossidi di Azoto,2023-11,42.23,699
6817,Gambara v.Parma,Ossidi di Azoto,2023-12,56.31,729
6817,Gambara v.Parma,Ossidi di Azoto,2024-01,44.07,744
6817,Gambara v.Parma,Ossidi di Azoto,2024-02,32.93,695
6817,Gambara v.Parma,Ossidi di Azoto,2024-03,18.39,673
6817,Gambara v.Parma,Ossidi di Azoto,2024-04,19.94,718
6817,Gambara v.Parma,Ossidi di Azoto,2024-05,11.90,723
6817,Gambara v.Parma,Ossidi di Azoto,2024-06,13.54,716
6817,Gambara v.Parma,Ossidi di Azoto,2024-07,17.55,742
6817,Gambara v.Parma,Ossidi di Azoto,2024-08,20.28,740
6817,Gambara v.Parma,Ossidi di Azoto,2024-09,13.70,720
6817,Gambara v.Parma,Ossidi di Azoto,2024-10,16.04,741
6817,Gambara v.Parma,Ossidi di Azoto,2024-11,41.49,717
6817,Gambara v.Parma,Ossidi di Azoto,2024-12,59.25,739
6817,Gambara v.Parma,Ossidi di Azoto,2025-01,36.23,741
6817,Gambara v.Parma,Ossidi di Azoto,2025-02,29.61,546
6817,Gambara v.Parma,Ossidi di Azoto,2025-03,26.01,730
6817,Gambara v.Parma,Ossidi di Azoto,2025-04,16.10,719
6817,Gambara v.Parma,Ossidi di Azoto,2025-05,16.93,743
6817,Gambara v.Parma,Ossidi di Azoto,2025-06,24.82,717
6817,Gambara v.Parma,Ossidi di Azoto,2025-07,17.64,730
6817,Gambara v.Parma,Ossidi di Azoto,2025-08,15.80,418
6817,Gambara v.Parma,Ossidi di Azoto,2025-09,17.08,669
6817,Gambara v.Parma,Ossidi di Azoto,2025-10,24.80,740
6817,Gambara v.Parma,Ossidi di Azoto,2025-11,42.59,716
6817,Gambara v.Parma,Ossidi di Azoto,2025-12,54.56,626
6817,Gambara v.Parma,Ossidi di Azoto,2026-01,37.60,1
6818,Gambara v.Parma,Ozono,2000-01,6.94,388
6818,Gambara v.Parma,Ozono,2000-02,16.04,624
6818,Gambara v.Parma,Ozono,2000-03,37.43,627
6818,Gambara v.Parma,Ozono,2000-04,55.12,570
6818,Gambara v.Parma,Ozono,2000-05,76.89,702
6818,Gambara v.Parma,Ozono,2000-06,84.51,670
6818,Gambara v.Parma,Ozono,2000-07,55.17,724
6818,Gambara v.Parma,Ozono,2000-08,51.70,744
6818,Gambara v.Parma,Ozono,2000-09,38.63,719
6818,Gambara v.Parma,Ozono,2000-10,16.07,742
6818,Gambara v.Parma,Ozono,2000-11,7.76,719
6818,Gambara v.Parma,Ozono,2000-12,6.18,742
6818,Gambara v.Parma,Ozono,2001-01,9.03,743
6818,Gambara v.Parma,Ozono,2001-02,8.58,671
6818,Gambara v.Parma,Ozono,2001-03,8.58,740
6818,Gambara v.Parma,Ozono,2001-04,26.18,719
6818,Gambara v.Parma,Ozono,2001-05,49.05,744
6818,Gambara v.Parma,Ozono,2001-06,54.10,720
6818,Gambara v.Parma,Ozono,2001-07,46.80,744
6818,Gambara v.Parma,Ozono,2001-08,84.39,743
6818,Gambara v.Parma,Ozono,2001-09,54.57,499
6818,Gambara v.Parma,Ozono,2001-10,26.12,744
6818,Gambara v.Parma,Ozono,2001-11,14.12,715
6818,Gambara v.Parma,Ozono,2001-12,12.31,743
6818,Gambara v.Parma,Ozono,2002-01,9.24,731
6818,Gambara v.Parma,Ozono,2002-02,13.44,542
6818,Gambara v.Parma,Ozono,2002-03,32.72,738
6818,Gambara v.Parma,Ozono,2002-04,53.65,545
6818,Gambara v.Parma,Ozono,2002-05,61.43,520
6818,Gambara v.Parma,Ozono,2002-06,0.42,9
6818,Gambara v.Parma,Ozono,2002-07,78.97,599
6818,Gambara v.Parma,Ozono,2002-08,32.15,361
6818,Gambara v.Parma,Ozono,2002-09,26.55,195
6818,Gambara v.Parma,Ozono,2002-10,14.95,659
6818,Gambara v.Parma,Ozono,2002-11,11.47,641
6818,Gambara v.Parma,Ozono,2002-12,5.55,744
6818,Gambara v.Parma,Ozono,2003-01,8.64,739
6818,Gambara v.Parma,Ozono,2003-02,26.35,648
6818,Gambara v.Parma,Ozono,2003-03,32.82,671
6818,Gambara v.Parma,Ozono,2003-04,37.76,678
6818,Gambara v.Parma,Ozono,2003-05,50.15,581
6818,Gambara v.Parma,Ozono,2003-06,74.30,432
6818,Gambara v.Parma,Ozono,2003-07,98.74,579
6818,Gambara v.Parma,Ozono,2003-08,96.68,267
6818,Gambara v.Parma,Ozono,2003-09,78.76,528
6818,Gambara v.Parma,Ozono,2003-10,22.89,578
6818,Gambara v.Parma,Ozono,2003-11,19.46,523
6818,Gambara v.Parma,Ozono,2003-12,15.33,706
6818,Gambara v.Parma,Ozono,2004-01,8.07,743
6818,Gambara v.Parma,Ozono,2004-02,15.38,695
6818,Gambara v.Parma,Ozono,2004-03,33.79,744
6818,Gambara v.Parma,Ozono,2004-04,45.56,718
6818,Gambara v.Parma,Ozono,2004-05,55.03,741
6818,Gambara v.Parma,Ozono,2004-06,53.01,720
6818,Gambara v.Parma,Ozono,2004-07,46.09,728
6818,Gambara v.Parma,Ozono,2004-08,34.48,657
6818,Gambara v.Parma,Ozono,2004-09,29.26,665
6818,Gambara v.Parma,Ozono,2004-10,16.89,717
6818,Gambara v.Parma,Ozono,2004-11,11.26,634
6818,Gambara v.Parma,Ozono,2004-12,9.29,593
6818,Gambara v.Parma,Ozono,2005-01,9.32,670
6818,Gambara v.Parma,Ozono,2005-02,36.91,636
6818,Gambara v.Parma,Ozono,2005-03,51.46,737
6818,Gambara v.Parma,Ozono,2005-04,76.22,720
6818,Gambara v.Parma,Ozono,2005-05,88.85,742
6818,Gambara v.Parma,Ozono,2005-06,104.01,718
6818,Gambara v.Parma,Ozono,2005-07,107.78,739
6818,Gambara v.Parma,Ozono,2005-08,91.21,743
6818,Gambara v.Parma,Ozono,2005-09,71.57,717
6818,Gambara v.Parma,Ozono,2005-10,28.36,744
6818,Gambara v.Parma,Ozono,2005-11,22.24,719
6818,Gambara v.Parma,Ozono,2005-12,12.58,741
6818,Gambara v.Parma,Ozono,2006-01,12.14,743
6818,Gambara v.Parma,Ozono,2006-02,18.87,671
6818,Gambara v.Parma,Ozono,2006-03,35.02,733
6818,Gambara v.Parma,Ozono,2006-04,63.02,590
6818,Gambara v.Parma,Ozono,2006-05,91.76,687
6818,Gambara v.Parma,Ozono,2006-06,108.67,711
6818,Gambara v.Parma,Ozono,2006-07,140.04,657
6818,Gambara v.Parma,Ozono,2006-08,87.52,584
6818,Gambara v.Parma,Ozono,2006-09,69.07,655
6818,Gambara v.Parma,Ozono,2006-10,25.83,742
6818,Gambara v.Parma,Ozono,2006-11,10.88,718
6818,Gambara v.Parma,Ozono,2006-12,13.07,646
6818,Gambara v.Parma,Ozono,2007-01,9.69,733
6818,Gambara v.Parma,Ozono,2007-02,11.34,645
6818,Gambara v.Parma,Ozono,2007-03,40.97,717
6818,Gambara v.Parma,Ozono,2007-04,72.06,719
6818,Gambara v.Parma,Ozono,2007-05,80.36,660
6818,Gambara v.Parma,Ozono,2007-06,67.36,716
6818,Gambara v.Parma,Ozono,2007-07,87.22,744
6818,Gambara v.Parma,Ozono,2007-08,74.75,742
6818,Gambara v.Parma,Ozono,2007-09,61.48,716
6818,Gambara v.Parma,Ozono,2007-10,25.94,729
6818,Gambara v.Parma,Ozono,2007-11,15.56,636
6818,Gambara v.Parma,Ozono,2007-12,4.44,741
6818,Gambara v.Parma,Ozono,2008-01,6.81,667
6818,Gambara v.Parma,Ozono,2008-02,15.59,695
6818,Gambara v.Parma,Ozono,2008-03,42.91,700
6818,Gambara v.Parma,Ozono,2008-04,62.19,719
6818,Gambara v.Parma,Ozono,2008-05,75.87,679
6818,Gambara v.Parma,Ozono,2008-06,74.52,664
6818,Gambara v.Parma,Ozono,2008-07,70.52,687
6818,Gambara v.Parma,Ozono,2008-08,71.67,738
6818,Gambara v.Parma,Ozono,2008-09,50.13,720
6818,Gambara v.Parma,Ozono,2008-10,25.28,744
6818,Gambara v.Parma,Ozono,2008-11,16.41,719
6818,Gambara v.Parma,Ozono,2008-12,8.71,744
6818,Gambara v.Parma,Ozono,2009-01,6.45,684
6818,Gambara v.Parma,Ozono,2009-02,18.85,632
6818,Gambara v.Parma,Ozono,2009-03,38.81,721
6818,Gambara v.Parma,Ozono,2009-04,52.14,703
6818,Gambara v.Parma,Ozono,2009-05,79.07,743
6818,Gambara v.Parma,Ozono,2009-06,86.33,693
6818,Gambara v.Parma,Ozono,2009-07,89.28,615
6818,Gambara v.Parma,Ozono,2009-08,84.00,730
6818,Gambara v.Parma,Ozono,2009-09,58.21,720
6818,Gambara v.Parma,Ozono,2009-10,31.89,744
6818,Gambara v.Parma,Ozono,2009-11,12.36,720
6818,Gambara v.Parma,Ozono,2009-12,8.10,740
6818,Gambara v.Parma,Ozono,2010-01,12.30,643
6818,Gambara v.Parma,Ozono,2010-02,24.35,660
6818,Gambara v.Parma,Ozono,2010-03,44.32,667
6818,Gambara v.Parma,Ozono,2010-04,60.19,706
6818,Gambara v.Parma,Ozono,2010-05,68.40,719
6818,Gambara v.Parma,Ozono,2010-06,77.17,655
6818,Gambara v.Parma,Ozono,2010-07,81.31,575
6818,Gambara v.Parma,Ozono,2010-08,73.43,742
6818,Gambara v.Parma,Ozono,2010-09,49.88,670
6818,Gambara v.Parma,Ozono,2010-10,29.96,731
6818,Gambara v.Parma,Ozono,2010-11,19.84,718
6818,Gambara v.Parma,Ozono,2010-12,5.70,714
6818,Gambara v.Parma,Ozono,2011-01,7.84,744
6818,Gambara v.Parma,Ozono,2011-02,21.87,629
6818,Gambara v.Parma,Ozono,2011-03,48.11,734
6818,Gambara v.Parma,Ozono,2011-04,69.93,709
6818,Gambara v.Parma,Ozono,2011-05,80.73,734
6818,Gambara v.Parma,Ozono,2011-06,70.04,718
6818,Gambara v.Parma,Ozono,2011-07,74.65,698
6818,Gambara v.Parma,Ozono,2011-08,77.05,739
6818,Gambara v.Parma,Ozono,2011-09,53.86,674
6818,Gambara v.Parma,Ozono,2011-10,26.88,744
6818,Gambara v.Parma,Ozono,2011-11,13.49,677
6818,Gambara v.Parma,Ozono,2011-12,8.20,723
6818,Gambara v.Parma,Ozono,2012-01,15.53,744
6818,Gambara v.Parma,Ozono,2012-02,26.54,696
6818,Gambara v.Parma,Ozono,2012-03,40.43,675
6818,Gambara v.Parma,Ozono,2012-04,60.39,720
6818,Gambara v.Parma,Ozono,2012-05,77.22,714
6818,Gambara v.Parma,Ozono,2012-06,70.81,709
6818,Gambara v.Parma,Ozono,2012-07,76.52,744
6818,Gambara v.Parma,Ozono,2012-08,78.88,721
6818,Gambara v.Parma,Ozono,2012-09,44.87,720
6818,Gambara v.Parma,Ozono,2012-10,19.87,744
6818,Gambara v.Parma,Ozono,2012-11,9.52,685
6818,Gambara v.Parma,Ozono,2012-12,8.07,659
6818,Gambara v.Parma,Ozono,2013-01,9.35,744
6818,Gambara v.Parma,Ozono,2013-02,21.20,609
6818,Gambara v.Parma,Ozono,2013-03,38.28,726
6818,Gambara v.Parma,Ozono,2013-04,57.65,720
6818,Gambara v.Parma,Ozono,2013-05,65.89,730
6818,Gambara v.Parma,Ozono,2013-06,83.47,658
6818,Gambara v.Parma,Ozono,2013-07,87.02,726
6818,Gambara v.Parma,Ozono,2013-08,73.84,742
6818,Gambara v.Parma,Ozono,2013-09,52.52,718
6818,Gambara v.Parma,Ozono,2013-10,17.92,700
6818,Gambara v.Parma,Ozono,2013-11,12.53,718
6818,Gambara v.Parma,Ozono,2013-12,6.80,744
6818,Gambara v.Parma,Ozono,2014-01,9.58,695
6818,Gambara v.Parma,Ozono,2014-02,22.99,672
6818,Gambara v.Parma,Ozono,2014-03,40.24,743
6818,Gambara v.Parma,Ozono,2014-04,53.79,720
6818,Gambara v.Parma,Ozono,2014-05,77.47,742
6818,Gambara v.Parma,Ozono,2014-06,85.77,692
6818,Gambara v.Parma,Ozono,2014-07,65.17,658
6818,Gambara v.Parma,Ozono,2014-08,60.80,744
6818,Gambara v.Parma,Ozono,2014-09,42.78,689
6818,Gambara v.Parma,Ozono,2014-10,25.20,744
6818,Gambara v.Parma,Ozono,2014-11,21.44,649
6818,Gambara v.Parma,Ozono,2014-12,6.81,727
6818,Gambara v.Parma,Ozono,2015-01,12.16,743
6818,Gambara v.Parma,Ozono,2015-02,22.28,598
6818,Gambara v.Parma,Ozono,2015-03,46.02,738
6818,Gambara v.Parma,Ozono,2015-04,63.28,720
6818,Gambara v.Parma,Ozono,2015-05,71.94,744
6818,Gambara v.Parma,Ozono,2015-06,80.08,683
6818,Gambara v.Parma,Ozono,2015-07,88.85,729
6818,Gambara v.Parma,Ozono,2015-08,74.45,742
6818,Gambara v.Parma,Ozono,2015-09,56.62,703
6818,Gambara v.Parma,Ozono,2015-10,27.24,724
6818,Gambara v.Parma,Ozono,2015-11,11.59,720
6818,Gambara v.Parma,Ozono,2015-12,4.43,744
6818,Gambara v.Parma,Ozono,2016-01,8.65,744
6818,Gambara v.Parma,Ozono,2016-02,24.22,693
6818,Gambara v.Parma,Ozono,2016-03,41.50,744
6818,Gambara v.Parma,Ozono,2016-04,56.55,705
6818,Gambara v.Parma,Ozono,2016-05,67.89,725
6818,Gambara v.Parma,Ozono,2016-06,68.03,719
6818,Gambara v.Parma,Ozono,2016-07,80.01,744
6818,Gambara v.Parma,Ozono,2016-08,69.79,744
6818,Gambara v.Parma,Ozono,2016-09,56.62,720
6818,Gambara v.Parma,Ozono,2016-10,17.17,609
6818,Gambara v.Parma,Ozono,2016-11,12.58,720
6818,Gambara v.Parma,Ozono,2016-12,4.91,744
6818,Gambara v.Parma,Ozono,2017-01,13.93,744
6818,Gambara v.Parma,Ozono,2017-02,16.70,672
6818,Gambara v.Parma,Ozono,2017-03,40.26,742
6818,Gambara v.Parma,Ozono,2017-04,66.95,720
6818,Gambara v.Parma,Ozono,2017-05,73.04,644
6818,Gambara v.Parma,Ozono,2017-06,93.33,671
6818,Gambara v.Parma,Ozono,2017-07,86.80,744
6818,Gambara v.Parma,Ozono,2017-08,87.36,741
6818,Gambara v.Parma,Ozono,2017-09,55.03,719
6818,Gambara v.Parma,Ozono,2017-10,30.19,744
6818,Gambara v.Parma,Ozono,2017-11,11.79,673
6818,Gambara v.Parma,Ozono,2017-12,6.12,549
6818,Gambara v.Parma,Ozono,2018-01,2.20,1
6818,Gambara v.Parma,Ozono,2018-01,10.69,632
6818,Gambara v.Parma,Ozono,2018-02,28.11,667
6818,Gambara v.Parma,Ozono,2018-03,38.95,741
6818,Gambara v.Parma,Ozono,2018-04,49.17,720
6818,Gambara v.Parma,Ozono,2018-05,63.06,739
6818,Gambara v.Parma,Ozono,2018-06,75.62,719
6818,Gambara v.Parma,Ozono,2018-07,87.69,649
6818,Gambara v.Parma,Ozono,2018-08,76.76,744
6818,Gambara v.Parma,Ozono,2018-09,57.94,714
6818,Gambara v.Parma,Ozono,2018-10,30.72,744
6818,Gambara v.Parma,Ozono,2018-11,12.56,718
6818,Gambara v.Parma,Ozono,2018-12,5.09,637
6818,Gambara v.Parma,Ozono,2019-01,7.82,592
6818,Gambara v.Parma,Ozono,2019-02,16.50,578
6818,Gambara v.Parma,Ozono,2019-03,39.07,744
6818,Gambara v.Parma,Ozono,2019-04,60.57,645
6818,Gambara v.Parma,Ozono,2019-05,60.93,680
6818,Gambara v.Parma,Ozono,2019-06,82.33,680
6818,Gambara v.Parma,Ozono,2019-07,79.52,744
6818,Gambara v.Parma,Ozono,2019-08,63.95,721
6818,Gambara v.Parma,Ozono,2019-09,47.73,685
6818,Gambara v.Parma,Ozono,2019-10,27.69,744
6818,Gambara v.Parma,Ozono,2019-11,22.76,678
6818,Gambara v.Parma,Ozono,2019-12,12.27,589
6818,Gambara v.Parma,Ozono,2020-01,8.88,744
6818,Gambara v.Parma,Ozono,2020-02,24.61,696
6818,Gambara v.Parma,Ozono,2020-03,44.34,744
6818,Gambara v.Parma,Ozono,2020-04,63.85,718
6818,Gambara v.Parma,Ozono,2020-05,69.33,743
6818,Gambara v.Parma,Ozono,2020-06,73.37,720
6818,Gambara v.Parma,Ozono,2020-07,83.85,744
6818,Gambara v.Parma,Ozono,2020-08,74.76,711
6818,Gambara v.Parma,Ozono,2020-09,68.19,720
6818,Gambara v.Parma,Ozono,2020-10,26.70,744
6818,Gambara v.Parma,Ozono,2020-11,12.95,717
6818,Gambara v.Parma,Ozono,2020-12,13.30,744
6818,Gambara v.Parma,Ozono,2021-01,16.48,744
6818,Gambara v.Parma,Ozono,2021-02,21.63,672
6818,Gambara v.Parma,Ozono,2021-03,48.31,744
6818,Gambara v.Parma,Ozono,2021-04,66.97,706
6818,Gambara v.Parma,Ozono,2021-05,67.74,744
6818,Gambara v.Parma,Ozono,2021-06,75.10,720
6818,Gambara v.Parma,Ozono,2021-07,69.54,697
6818,Gambara v.Parma,Ozono,2021-08,63.88,744
6818,Gambara v.Parma,Ozono,2021-09,61.27,720
6818,Gambara v.Parma,Ozono,2021-10,30.21,744
6818,Gambara v.Parma,Ozono,2021-11,18.65,706
6818,Gambara v.Parma,Ozono,2021-12,5.96,722
6818,Gambara v.Parma,Ozono,2022-01,9.89,719
6818,Gambara v.Parma,Ozono,2022-02,24.66,554
6818,Gambara v.Parma,Ozono,2022-03,51.29,732
6818,Gambara v.Parma,Ozono,2022-04,66.80,720
6818,Gambara v.Parma,Ozono,2022-05,71.82,738
6818,Gambara v.Parma,Ozono,2022-06,71.95,716
6818,Gambara v.Parma,Ozono,2022-07,89.18,712
6818,Gambara v.Parma,Ozono,2022-08,86.77,679
6818,Gambara v.Parma,Ozono,2022-09,56.66,697
6818,Gambara v.Parma,Ozono,2022-10,33.19,744
6818,Gambara v.Parma,Ozono,2022-11,13.43,720
6818,Gambara v.Parma,Ozono,2022-12,8.50,742
6818,Gambara v.Parma,Ozono,2023-01,14.38,743
6818,Gambara v.Parma,Ozono,2023-02,29.42,671
6818,Gambara v.Parma,Ozono,2023-03,40.35,743
6818,Gambara v.Parma,Ozono,2023-04,57.51,720
6818,Gambara v.Parma,Ozono,2023-05,62.09,743
6818,Gambara v.Parma,Ozono,2023-06,77.17,719
6818,Gambara v.Parma,Ozono,2023-07,82.92,730
6818,Gambara v.Parma,Ozono,2023-08,76.72,739
6818,Gambara v.Parma,Ozono,2023-09,55.14,717
6818,Gambara v.Parma,Ozono,2023-10,34.05,714
6818,Gambara v.Parma,Ozono,2023-11,17.08,700
6818,Gambara v.Parma,Ozono,2023-12,8.94,729
6818,Gambara v.Parma,Ozono,2024-01,11.48,744
6818,Gambara v.Parma,Ozono,2024-02,24.51,696
6818,Gambara v.Parma,Ozono,2024-03,43.09,675
6818,Gambara v.Parma,Ozono,2024-04,55.45,720
6818,Gambara v.Parma,Ozono,2024-05,64.47,725
6818,Gambara v.Parma,Ozono,2024-06,67.11,718
6818,Gambara v.Parma,Ozono,2024-07,82.70,743
6818,Gambara v.Parma,Ozono,2024-08,75.29,742
6818,Gambara v.Parma,Ozono,2024-09,51.74,720
6818,Gambara v.Parma,Ozono,2024-10,28.88,743
6818,Gambara v.Parma,Ozono,2024-11,21.51,717
6818,Gambara v.Parma,Ozono,2024-12,27.21,739
6818,Gambara v.Parma,Ozono,2025-01,39.96,481
6818,Gambara v.Parma,Ozono,2025-02,27.47,295
6818,Gambara v.Parma,Ozono,2025-03,45.68,744
6818,Gambara v.Parma,Ozono,2025-04,60.02,720
6818,Gambara v.Parma,Ozono,2025-05,75.31,744
6818,Gambara v.Parma,Ozono,2025-06,95.25,717
6818,Gambara v.Parma,Ozono,2025-07,85.25,734
6818,Gambara v.Parma,Ozono,2025-08,83.89,596
6818,Gambara v.Parma,Ozono,2025-09,54.20,709
6818,Gambara v.Parma,Ozono,2025-10,29.54,742
6818,Gambara v.Parma,Ozono,2025-11,14.12,718
6818,Gambara v.Parma,Ozono,2025-12,5.69,628
6818,Gambara v.Parma,Ozono,2026-01,2.50,1
6820,Gambara v.Parma,Particolato Totale Sospeso,2000-01,69.82,28
6820,Gambara v.Parma,Particolato Totale Sospeso,2000-02,97.76,29
6820,Gambara v.Parma,Particolato Totale Sospeso,2000-03,59.59,27
6820,Gambara v.Parma,Particolato Totale Sospeso,2000-04,35.08,24
6820,Gambara v.Parma,Particolato Totale Sospeso,2000-05,40.83,29
6820,Gambara v.Parma,Particolato Totale Sospeso,2000-06,47.93,27
6820,Gambara v.Parma,Particolato Totale Sospeso,2000-07,38.41,29
6820,Gambara v.Parma,Particolato Totale Sospeso,2000-08,36.90,31
6820,Gambara v.Parma,Particolato Totale Sospeso,2000-09,48.00,30
6820,Gambara v.Parma,Particolato Totale Sospeso,2000-10,47.84,31
6820,Gambara v.Parma,Particolato Totale Sospeso,2000-11,39.87,30
6820,Gambara v.Parma,Particolato Totale Sospeso,2000-12,61.74,31
6820,Gambara v.Parma,Particolato Totale Sospeso,2001-01,57.26,31
6820,Gambara v.Parma,Particolato Totale Sospeso,2001-02,79.96,28
6820,Gambara v.Parma,Particolato Totale Sospeso,2001-03,48.10,31
6820,Gambara v.Parma,Particolato Totale Sospeso,2001-04,33.67,30
6820,Gambara v.Parma,Particolato Totale Sospeso,2001-05,31.58,31
6820,Gambara v.Parma,Particolato Totale Sospeso,2001-06,26.03,30
6820,Gambara v.Parma,Particolato Totale Sospeso,2001-07,27.81,31
6820,Gambara v.Parma,Particolato Totale Sospeso,2001-08,28.55,31
6820,Gambara v.Parma,Particolato Totale Sospeso,2001-09,27.71,21
6820,Gambara v.Parma,Particolato Totale Sospeso,2001-10,47.33,30
6820,Gambara v.Parma,Particolato Totale Sospeso,2001-11,40.72,25
6820,Gambara v.Parma,Particolato Totale Sospeso,2001-12,56.10,31
6820,Gambara v.Parma,Particolato Totale Sospeso,2002-01,71.65,31
6820,Gambara v.Parma,Particolato Totale Sospeso,2002-02,50.54,28
6820,Gambara v.Parma,Particolato Totale Sospeso,2002-03,57.03,31
6820,Gambara v.Parma,Particolato Totale Sospeso,2002-04,23.56,27
6820,Gambara v.Parma,Particolato Totale Sospeso,2002-05,30.48,31
6820,Gambara v.Parma,Particolato Totale Sospeso,2002-06,37.50,30
6820,Gambara v.Parma,Particolato Totale Sospeso,2002-07,31.32,31
6820,Gambara v.Parma,Particolato Totale Sospeso,2002-08,25.84,31
6820,Gambara v.Parma,Particolato Totale Sospeso,2002-09,35.93,28
6820,Gambara v.Parma,Particolato Totale Sospeso,2002-10,46.48,31
6820,Gambara v.Parma,Particolato Totale Sospeso,2002-11,43.93,30
6820,Gambara v.Parma,Particolato Totale Sospeso,2002-12,39.23,31
6820,Gambara v.Parma,Particolato Totale Sospeso,2003-01,53.00,31
6820,Gambara v.Parma,Particolato Totale Sospeso,2003-02,56.54,28
6820,Gambara v.Parma,Particolato Totale Sospeso,2003-03,63.45,31
6820,Gambara v.Parma,Particolato Totale Sospeso,2003-04,33.93,28
6820,Gambara v.Parma,Particolato Totale Sospeso,2003-05,38.00,21
6820,Gambara v.Parma,Particolato Totale Sospeso,2003-06,41.44,18
6820,Gambara v.Parma,Particolato Totale Sospeso,2003-07,31.18,17
6820,Gambara v.Parma,Particolato Totale Sospeso,2003-08,40.78,9
6820,Gambara v.Parma,Particolato Totale Sospeso,2003-09,40.95,19
6820,Gambara v.Parma,Particolato Totale Sospeso,2003-10,37.52,23
6820,Gambara v.Parma,Particolato Totale Sospeso,2003-11,38.71,28
6820,Gambara v.Parma,Particolato Totale Sospeso,2003-12,40.90,21
6820,Gambara v.Parma,Particolato Totale Sospeso,2004-01,48.71,31
6820,Gambara v.Parma,Particolato Totale Sospeso,2004-02,45.28,29
6820,Gambara v.Parma,Particolato Totale Sospeso,2004-03,37.48,31
6820,Gambara v.Parma,Particolato Totale Sospeso,2004-04,25.20,30
6820,Gambara v.Parma,Particolato Totale Sospeso,2004-05,22.35,31
6820,Gambara v.Parma,Particolato Totale Sospeso,2004-06,27.68,19
6820,Gambara v.Parma,Particolato Totale Sospeso,2004-07,49.29,31
6820,Gambara v.Parma,Particolato Totale Sospeso,2004-08,29.00,10
6826,Lonato del Garda v.del Marchesino,Biossido di Azoto,2000-01,74.84,641
6826,Lonato del Garda v.del Marchesino,Biossido di Azoto,2000-02,69.51,638
6826,Lonato del Garda v.del Marchesino,Biossido di Azoto,2000-03,50.39,583
6826,Lonato del Garda v.del Marchesino,Biossido di Azoto,2000-04,35.80,604
6826,Lonato del Garda v.del Marchesino,Biossido di Azoto,2000-05,27.38,679
6826,Lonato del Garda v.del Marchesino,Biossido di Azoto,2000-06,30.07,618
6826,Lonato del Garda v.del Marchesino,Biossido di Azoto,2000-07,14.21,744
6826,Lonato del Garda v.del Marchesino,Biossido di Azoto,2000-08,22.43,526
6826,Lonato del Garda v.del Marchesino,Biossido di Azoto,2000-09,25.35,711
6826,Lonato del Garda v.del Marchesino,Biossido di Azoto,2000-10,29.92,629
6826,Lonato del Garda v.del Marchesino,Biossido di Azoto,2000-11,44.97,157
6826,Lonato del Garda v.del Marchesino,Biossido di Azoto,2000-12,53.78,744
6826,Lonato del Garda v.del Marchesino,Biossido di Azoto,2001-01,54.49,744
6826,Lonato del Garda v.del Marchesino,Biossido di Azoto,2001-02,48.28,653
6826,Lonato del Garda v.del Marchesino,Biossido di Azoto,2001-03,49.52,742
6826,Lonato del Garda v.del Marchesino,Biossido di Azoto,2001-04,28.55,714
6826,Lonato del Garda v.del Marchesino,Biossido di Azoto,2001-05,23.27,743
6826,Lonato del Garda v.del Marchesino,Biossido di Azoto,2001-06,18.72,719
6826,Lonato del Garda v.del Marchesino,Biossido di Azoto,2001-07,17.18,723
6826,Lonato del Garda v.del Marchesino,Biossido di Azoto,2001-08,9.24,724
6826,Lonato del Garda v.del Marchesino,Biossido di Azoto,2001-09,25.07,657
6826,Lonato del Garda v.del Marchesino,Biossido di Azoto,2001-10,41.24,706
6826,Lonato del Garda v.del Marchesino,Biossido di Azoto,2001-11,76.94,317
6826,Lonato del Garda v.del Marchesino,Biossido di Azoto,2001-12,74.63,732
6826,Lonato del Garda v.del Marchesino,Biossido di Azoto,2002-01,68.60,741
6826,Lonato del Garda v.del Marchesino,Biossido di Azoto,2002-02,49.83,669
6826,Lonato del Garda v.del Marchesino,Biossido di Azoto,2002-03,36.94,743
6826,Lonato del Garda v.del Marchesino,Biossido di Azoto,2002-04,30.42,720
6826,Lonato del Garda v.del Marchesino,Biossido di Azoto,2002-05,19.25,744
6826,Lonato del Garda v.del Marchesino,Biossido di Azoto,2002-06,14.79,720
6826,Lonato del Garda v.del Marchesino,Biossido di Azoto,2002-07,15.80,741
6826,Lonato del Garda v.del Marchesino,Biossido di Azoto,2002-08,11.46,670
6826,Lonato del Garda v.del Marchesino,Biossido di Azoto,2002-09,37.26,577
6826,Lonato del Garda v.del Marchesino,Biossido di Azoto,2002-10,56.93,688
6826,Lonato del Garda v.del Marchesino,Biossido di Azoto,2002-11,66.00,654
6826,Lonato del Garda v.del Marchesino,Biossido di Azoto,2002-12,45.90,739
6826,Lonato del Garda v.del Marchesino,Biossido di Azoto,2003-01,49.81,734
6826,Lonato del Garda v.del Marchesino,Biossido di Azoto,2003-02,66.41,619
6826,Lonato del Garda v.del Marchesino,Biossido di Azoto,2003-03,54.40,531
6826,Lonato del Garda v.del Marchesino,Biossido di Azoto,2003-04,42.79,603
6826,Lonato del Garda v.del Marchesino,Biossido di Azoto,2003-05,21.95,534
6826,Lonato del Garda v.del Marchesino,Biossido di Azoto,2003-06,23.84,341
6826,Lonato del Garda v.del Marchesino,Biossido di Azoto,2003-07,15.39,584
6826,Lonato del Garda v.del Marchesino,Biossido di Azoto,2003-08,11.07,261
6826,Lonato del Garda v.del Marchesino,Biossido di Azoto,2003-09,24.01,504
6826,Lonato del Garda v.del Marchesino,Biossido di Azoto,2003-10,32.58,604
6826,Lonato del Garda v.del Marchesino,Biossido di Azoto,2003-11,29.92,662
6826,Lonato del Garda v.del Marchesino,Biossido di Azoto,2003-12,40.70,744
6826,Lonato del Garda v.del Marchesino,Biossido di Azoto,2004-01,50.31,611
6826,Lonato del Garda v.del Marchesino,Biossido di Azoto,2004-02,61.45,696
6826,Lonato del Garda v.del Marchesino,Biossido di Azoto,2004-03,41.20,743
6826,Lonato del Garda v.del Marchesino,Biossido di Azoto,2004-04,20.93,717
6826,Lonato del Garda v.del Marchesino,Biossido di Azoto,2004-05,15.48,744
6826,Lonato del Garda v.del Marchesino,Biossido di Azoto,2004-06,16.01,719
6826,Lonato del Garda v.del Marchesino,Biossido di Azoto,2004-07,12.31,742
6826,Lonato del Garda v.del Marchesino,Biossido di Azoto,2004-08,10.99,683
6826,Lonato del Garda v.del Marchesino,Biossido di Azoto,2004-09,28.65,578
6826,Lonato del Garda v.del Marchesino,Biossido di Azoto,2004-10,26.05,742
6826,Lonato del Garda v.del Marchesino,Biossido di Azoto,2004-11,33.89,720
6826,Lonato del Garda v.del Marchesino,Biossido di Azoto,2004-12,42.79,699
6826,Lonato del Garda v.del Marchesino,Biossido di Azoto,2005-01,58.71,743
6826,Lonato del Garda v.del Marchesino,Biossido di Azoto,2005-02,43.98,672
6826,Lonato del Garda v.del Marchesino,Biossido di Azoto,2005-03,32.48,742
6826,Lonato del Garda v.del Marchesino,Biossido di Azoto,2005-04,18.29,720
6826,Lonato del Garda v.del Marchesino,Biossido di Azoto,2005-05,10.29,741
6826,Lonato del Garda v.del Marchesino,Biossido di Azoto,2005-06,11.46,718
6826,Lonato del Garda v.del Marchesino,Biossido di Azoto,2005-07,8.97,654
6826,Lonato del Garda v.del Marchesino,Biossido di Azoto,2005-08,9.23,718
6826,Lonato del Garda v.del Marchesino,Biossido di Azoto,2005-09,11.86,718
6826,Lonato del Garda v.del Marchesino,Biossido di Azoto,2005-10,11.24,744
6826,Lonato del Garda v.del Marchesino,Biossido di Azoto,2005-11,27.91,705
6826,Lonato del Garda v.del Marchesino,Biossido di Azoto,2005-12,52.81,737
6826,Lonato del Garda v.del Marchesino,Biossido di Azoto,2006-01,42.12,709
6826,Lonato del Garda v.del Marchesino,Biossido di Azoto,2006-02,33.74,660
6826,Lonato del Garda v.del Marchesino,Biossido di Azoto,2006-03,19.14,718
6826,Lonato del Garda v.del Marchesino,Biossido di Azoto,2006-04,11.34,719
6826,Lonato del Garda v.del Marchesino,Biossido di Azoto,2006-05,7.01,738
6826,Lonato del Garda v.del Marchesino,Biossido di Azoto,2006-06,7.80,720
6826,Lonato del Garda v.del Marchesino,Biossido di Azoto,2006-07,8.07,512
6826,Lonato del Garda v.del Marchesino,Biossido di Azoto,2006-08,13.07,649
6826,Lonato del Garda v.del Marchesino,Biossido di Azoto,2006-09,29.32,717
6826,Lonato del Garda v.del Marchesino,Biossido di Azoto,2006-10,25.49,741
6826,Lonato del Garda v.del Marchesino,Biossido di Azoto,2006-11,35.24,720
6826,Lonato del Garda v.del Marchesino,Biossido di Azoto,2006-12,31.90,741
6826,Lonato del Garda v.del Marchesino,Biossido di Azoto,2007-01,38.52,733
6826,Lonato del Garda v.del Marchesino,Biossido di Azoto,2007-02,57.30,671
6826,Lonato del Garda v.del Marchesino,Biossido di Azoto,2007-03,42.32,743
6826,Lonato del Garda v.del Marchesino,Biossido di Azoto,2007-04,33.85,648
6826,Lonato del Garda v.del Marchesino,Biossido di Azoto,2007-05,34.07,724
6826,Lonato del Garda v.del Marchesino,Biossido di Azoto,2007-06,23.16,659
6826,Lonato del Garda v.del Marchesino,Biossido di Azoto,2007-07,20.11,616
6826,Lonato del Garda v.del Marchesino,Biossido di Azoto,2007-08,12.40,661
6826,Lonato del Garda v.del Marchesino,Biossido di Azoto,2007-09,17.50,715
6826,Lonato del Garda v.del Marchesino,Biossido di Azoto,2007-10,15.32,706
6826,Lonato del Garda v.del Marchesino,Biossido di Azoto,2007-11,28.12,509
6826,Lonato del Garda v.del Marchesino,Biossido di Azoto,2007-12,33.84,691
6826,Lonato del Garda v.del Marchesino,Biossido di Azoto,2008-01,28.58,739
6826,Lonato del Garda v.del Marchesino,Biossido di Azoto,2008-02,43.72,696
6826,Lonato del Garda v.del Marchesino,Biossido di Azoto,2008-03,27.50,743
6826,Lonato del Garda v.del Marchesino,Biossido di Azoto,2008-04,20.29,719
6826,Lonato del Garda v.del Marchesino,Biossido di Azoto,2008-05,13.30,738
6826,Lonato del Garda v.del Marchesino,Biossido di Azoto,2008-06,7.19,682
6826,Lonato del Garda v.del Marchesino,Biossido di Azoto,2008-07,7.24,743
6826,Lonato del Garda v.del Marchesino,Biossido di Azoto,2008-08,3.58,741
6826,Lonato del Garda v.del Marchesino,Biossido di Azoto,2008-09,10.94,709
6826,Lonato del Garda v.del Marchesino,Biossido di Azoto,2008-10,23.15,743
6826,Lonato del Garda v.del Marchesino,Biossido di Azoto,2008-11,20.49,716
6826,Lonato del Garda v.del Marchesino,Biossido di Azoto,2008-12,29.15,743
6826,Lonato del Garda v.del Marchesino,Biossido di Azoto,2009-01,42.70,743
6826,Lonato del Garda v.del Marchesino,Biossido di Azoto,2009-02,36.08,672
6826,Lonato del Garda v.del Marchesino,Biossido di Azoto,2009-03,27.39,744
6826,Lonato del Garda v.del Marchesino,Biossido di Azoto,2009-04,15.10,717
6826,Lonato del Garda v.del Marchesino,Biossido di Azoto,2009-05,17.69,742
6826,Lonato del Garda v.del Marchesino,Biossido di Azoto,2009-06,15.93,712
6826,Lonato del Garda v.del Marchesino,Biossido di Azoto,2009-07,9.64,741
6826,Lonato del Garda v.del Marchesino,Biossido di Azoto,2009-08,7.53,729
6826,Lonato del Garda v.del Marchesino,Biossido di Azoto,2009-09,10.46,689
6826,Lonato del Garda v.del Marchesino,Biossido di Azoto,2009-10,18.09,742
6826,Lonato del Garda v.del Marchesino,Biossido di Azoto,2009-11,22.49,719
6826,Lonato del Garda v.del Marchesino,Biossido di Azoto,2009-12,30.35,740
6826,Lonato del Garda v.del Marchesino,Biossido di Azoto,2010-01,27.80,1
6826,Lonato del Garda v.del Marchesino,Biossido di Azoto,2010-01,29.82,742
6826,Lonato del Garda v.del Marchesino,Biossido di Azoto,2010-02,36.53,670
6826,Lonato del Garda v.del Marchesino,Biossido di Azoto,2010-03,30.89,725
6826,Lonato del Garda v.del Marchesino,Biossido di Azoto,2010-04,21.04,717
6826,Lonato del Garda v.del Marchesino,Biossido di Azoto,2010-05,14.82,739
6826,Lonato del Garda v.del Marchesino,Biossido di Azoto,2010-06,9.13,679
6826,Lonato del Garda v.del Marchesino,Biossido di Azoto,2010-07,7.77,606
6826,Lonato del Garda v.del Marchesino,Biossido di Azoto,2010-08,11.51,700
6826,Lonato del Garda v.del Marchesino,Biossido di Azoto,2010-09,18.92,718
6826,Lonato del Garda v.del Marchesino,Biossido di Azoto,2010-10,22.77,735
6826,Lonato del Garda v.del Marchesino,Biossido di Azoto,2010-11,32.44,713
6826,Lonato del Garda v.del Marchesino,Biossido di Azoto,2010-12,30.55,740
6826,Lonato del Garda v.del Marchesino,Biossido di Azoto,2011-01,33.92,742
6826,Lonato del Garda v.del Marchesino,Biossido di Azoto,2011-02,36.22,668
6826,Lonato del Garda v.del Marchesino,Biossido di Azoto,2011-03,26.00,742
6826,Lonato del Garda v.del Marchesino,Biossido di Azoto,2011-04,14.60,662
6826,Lonato del Garda v.del Marchesino,Biossido di Azoto,2011-05,15.35,723
6826,Lonato del Garda v.del Marchesino,Biossido di Azoto,2011-06,9.17,657
6826,Lonato del Garda v.del Marchesino,Biossido di Azoto,2011-07,10.79,740
6826,Lonato del Garda v.del Marchesino,Biossido di Azoto,2011-08,10.56,738
6826,Lonato del Garda v.del Marchesino,Biossido di Azoto,2011-09,16.15,716
6826,Lonato del Garda v.del Marchesino,Biossido di Azoto,2011-10,14.04,742
6826,Lonato del Garda v.del Marchesino,Biossido di Azoto,2011-11,30.04,718
6826,Lonato del Garda v.del Marchesino,Biossido di Azoto,2011-12,33.01,743
6826,Lonato del Garda v.del Marchesino,Biossido di Azoto,2012-01,31.11,717
6826,Lonato del Garda v.del Marchesino,Biossido di Azoto,2012-02,44.47,696
6826,Lonato del Garda v.del Marchesino,Biossido di Azoto,2012-03,27.13,743
6826,Lonato del Garda v.del Marchesino,Biossido di Azoto,2012-04,13.51,718
6826,Lonato del Garda v.del Marchesino,Biossido di Azoto,2012-05,13.82,615
6826,Lonato del Garda v.del Marchesino,Biossido di Azoto,2012-06,8.14,719
6826,Lonato del Garda v.del Marchesino,Biossido di Azoto,2012-07,13.17,664
6826,Lonato del Garda v.del Marchesino,Biossido di Azoto,2012-08,13.11,735
6826,Lonato del Garda v.del Marchesino,Biossido di Azoto,2012-09,13.75,714
6826,Lonato del Garda v.del Marchesino,Biossido di Azoto,2012-10,20.33,742
6826,Lonato del Garda v.del Marchesino,Biossido di Azoto,2012-11,25.25,718
6826,Lonato del Garda v.del Marchesino,Biossido di Azoto,2012-12,32.63,734
6826,Lonato del Garda v.del Marchesino,Biossido di Azoto,2013-01,39.52,536
6826,Lonato del Garda v.del Marchesino,Biossido di Azoto,2013-02,42.55,671
6826,Lonato del Garda v.del Marchesino,Biossido di Azoto,2013-03,32.39,743
6826,Lonato del Garda v.del Marchesino,Biossido di Azoto,2013-04,20.17,718
6826,Lonato del Garda v.del Marchesino,Biossido di Azoto,2013-05,13.12,699
6826,Lonato del Garda v.del Marchesino,Biossido di Azoto,2013-06,13.12,708
6826,Lonato del Garda v.del Marchesino,Biossido di Azoto,2013-07,12.33,738
6826,Lonato del Garda v.del Marchesino,Biossido di Azoto,2013-08,11.16,739
6826,Lonato del Garda v.del Marchesino,Biossido di Azoto,2013-09,15.76,707
6826,Lonato del Garda v.del Marchesino,Biossido di Azoto,2013-10,21.68,743
6826,Lonato del Garda v.del Marchesino,Biossido di Azoto,2013-11,23.37,719
6826,Lonato del Garda v.del Marchesino,Biossido di Azoto,2013-12,36.74,741
6826,Lonato del Garda v.del Marchesino,Biossido di Azoto,2014-01,29.04,737
6826,Lonato del Garda v.del Marchesino,Biossido di Azoto,2014-02,27.44,672
6826,Lonato del Garda v.del Marchesino,Biossido di Azoto,2014-03,23.27,742
6826,Lonato del Garda v.del Marchesino,Biossido di Azoto,2014-04,18.91,720
6826,Lonato del Garda v.del Marchesino,Biossido di Azoto,2014-05,15.67,661
6826,Lonato del Garda v.del Marchesino,Biossido di Azoto,2014-06,12.49,720
6826,Lonato del Garda v.del Marchesino,Biossido di Azoto,2014-07,12.92,742
6826,Lonato del Garda v.del Marchesino,Biossido di Azoto,2014-08,9.66,744
6826,Lonato del Garda v.del Marchesino,Biossido di Azoto,2014-09,13.30,719
6826,Lonato del Garda v.del Marchesino,Biossido di Azoto,2014-10,24.79,742
6826,Lonato del Garda v.del Marchesino,Biossido di Azoto,2014-11,26.95,687
6826,Lonato del Garda v.del Marchesino,Biossido di Azoto,2014-12,29.85,744
6826,Lonato del Garda v.del Marchesino,Biossido di Azoto,2015-01,35.58,675
6826,Lonato del Garda v.del Marchesino,Biossido di Azoto,2015-02,41.40,387
6826,Lonato del Garda v.del Marchesino,Biossido di Azoto,2015-03,22.71,743
6826,Lonato del Garda v.del Marchesino,Biossido di Azoto,2015-04,13.11,693
6826,Lonato del Garda v.del Marchesino,Biossido di Azoto,2015-05,13.04,610
6826,Lonato del Garda v.del Marchesino,Biossido di Azoto,2015-06,12.24,719
6826,Lonato del Garda v.del Marchesino,Biossido di Azoto,2015-07,12.55,742
6826,Lonato del Garda v.del Marchesino,Biossido di Azoto,2015-08,11.00,742
6826,Lonato del Garda v.del Marchesino,Biossido di Azoto,2015-09,10.17,659
6826,Lonato del Garda v.del Marchesino,Biossido di Azoto,2015-10,22.43,743
6826,Lonato del Garda v.del Marchesino,Biossido di Azoto,2015-11,34.42,719
6826,Lonato del Garda v.del Marchesino,Biossido di Azoto,2015-12,36.05,744
6826,Lonato del Garda v.del Marchesino,Biossido di Azoto,2016-01,39.88,719
6826,Lonato del Garda v.del Marchesino,Biossido di Azoto,2016-02,27.95,654
6826,Lonato del Garda v.del Marchesino,Biossido di Azoto,2016-03,24.53,743
6826,Lonato del Garda v.del Marchesino,Biossido di Azoto,2016-04,16.76,718
6826,Lonato del Garda v.del Marchesino,Biossido di Azoto,2016-05,13.99,742
6826,Lonato del Garda v.del Marchesino,Biossido di Azoto,2016-06,11.99,428
6826,Lonato del Garda v.del Marchesino,Biossido di Azoto,2016-07,9.86,535
6826,Lonato del Garda v.del Marchesino,Biossido di Azoto,2016-08,7.47,743
6826,Lonato del Garda v.del Marchesino,Biossido di Azoto,2016-09,15.06,714
6826,Lonato del Garda v.del Marchesino,Biossido di Azoto,2016-10,21.33,742
6826,Lonato del Garda v.del Marchesino,Biossido di Azoto,2016-11,28.71,720
6826,Lonato del Garda v.del Marchesino,Biossido di Azoto,2016-12,34.28,743
6826,Lonato del Garda v.del Marchesino,Biossido di Azoto,2017-01,39.84,657
6826,Lonato del Garda v.del Marchesino,Biossido di Azoto,2017-02,35.98,671
6826,Lonato del Garda v.del Marchesino,Biossido di Azoto,2017-03,27.07,743
6826,Lonato del Garda v.del Marchesino,Biossido di Azoto,2017-04,17.59,718
6826,Lonato del Garda v.del Marchesino,Biossido di Azoto,2017-05,13.96,742
6826,Lonato del Garda v.del Marchesino,Biossido di Azoto,2017-06,13.02,700
6826,Lonato del Garda v.del Marchesino,Biossido di Azoto,2017-07,12.71,743
6826,Lonato del Garda v.del Marchesino,Biossido di Azoto,2017-08,10.51,739
6826,Lonato del Garda v.del Marchesino,Biossido di Azoto,2017-09,14.76,719
6826,Lonato del Garda v.del Marchesino,Biossido di Azoto,2017-10,23.64,740
6826,Lonato del Garda v.del Marchesino,Biossido di Azoto,2017-11,31.14,693
6826,Lonato del Garda v.del Marchesino,Biossido di Azoto,2017-12,39.47,743
6826,Lonato del Garda v.del Marchesino,Biossido di Azoto,2018-01,25.80,1
6826,Lonato del Garda v.del Marchesino,Biossido di Azoto,2018-01,30.13,739
6826,Lonato del Garda v.del Marchesino,Biossido di Azoto,2018-02,27.62,671
6826,Lonato del Garda v.del Marchesino,Biossido di Azoto,2018-03,28.54,742
6826,Lonato del Garda v.del Marchesino,Biossido di Azoto,2018-04,13.61,718
6826,Lonato del Garda v.del Marchesino,Biossido di Azoto,2018-05,11.99,743
6826,Lonato del Garda v.del Marchesino,Biossido di Azoto,2018-06,13.06,717
6826,Lonato del Garda v.del Marchesino,Biossido di Azoto,2018-07,10.05,743
6826,Lonato del Garda v.del Marchesino,Biossido di Azoto,2018-08,9.68,742
6826,Lonato del Garda v.del Marchesino,Biossido di Azoto,2018-09,12.48,697
6826,Lonato del Garda v.del Marchesino,Biossido di Azoto,2018-10,16.79,708
6826,Lonato del Garda v.del Marchesino,Biossido di Azoto,2018-11,22.41,719
6826,Lonato del Garda v.del Marchesino,Biossido di Azoto,2018-12,32.63,716
6826,Lonato del Garda v.del Marchesino,Biossido di Azoto,2019-01,35.19,743
6826,Lonato del Garda v.del Marchesino,Biossido di Azoto,2019-02,32.26,670
6826,Lonato del Garda v.del Marchesino,Biossido di Azoto,2019-03,21.25,743
6826,Lonato del Garda v.del Marchesino,Biossido di Azoto,2019-04,15.49,607
6826,Lonato del Garda v.del Marchesino,Biossido di Azoto,2019-05,11.94,720
6826,Lonato del Garda v.del Marchesino,Biossido di Azoto,2019-06,11.32,713
6826,Lonato del Garda v.del Marchesino,Biossido di Azoto,2019-07,10.76,742
6826,Lonato del Garda v.del Marchesino,Biossido di Azoto,2019-08,8.07,744
6826,Lonato del Garda v.del Marchesino,Biossido di Azoto,2019-09,9.72,643
6826,Lonato del Garda v.del Marchesino,Biossido di Azoto,2019-10,16.57,676
6826,Lonato del Garda v.del Marchesino,Biossido di Azoto,2019-11,16.33,616
6826,Lonato del Garda v.del Marchesino,Biossido di Azoto,2019-12,26.68,737
6826,Lonato del Garda v.del Marchesino,Biossido di Azoto,2020-01,35.87,719
6826,Lonato del Garda v.del Marchesino,Biossido di Azoto,2020-02,26.71,574
6826,Lonato del Garda v.del Marchesino,Biossido di Azoto,2020-03,14.85,682
6826,Lonato del Garda v.del Marchesino,Biossido di Azoto,2020-04,9.87,715
6826,Lonato del Garda v.del Marchesino,Biossido di Azoto,2020-05,9.09,744
6826,Lonato del Garda v.del Marchesino,Biossido di Azoto,2020-06,9.03,720
6826,Lonato del Garda v.del Marchesino,Biossido di Azoto,2020-07,7.75,744
6826,Lonato del Garda v.del Marchesino,Biossido di Azoto,2020-08,6.92,743
6826,Lonato del Garda v.del Marchesino,Biossido di Azoto,2020-09,12.60,716
6826,Lonato del Garda v.del Marchesino,Biossido di Azoto,2020-10,19.00,742
6826,Lonato del Garda v.del Marchesino,Biossido di Azoto,2020-11,23.59,719
6826,Lonato del Garda v.del Marchesino,Biossido di Azoto,2020-12,25.05,743
6826,Lonato del Garda v.del Marchesino,Biossido di Azoto,2021-01,27.39,743
6826,Lonato del Garda v.del Marchesino,Biossido di Azoto,2021-02,24.47,672
6826,Lonato del Garda v.del Marchesino,Biossido di Azoto,2021-03,17.56,739
6826,Lonato del Garda v.del Marchesino,Biossido di Azoto,2021-04,12.68,717
6826,Lonato del Garda v.del Marchesino,Biossido di Azoto,2021-05,9.26,740
6826,Lonato del Garda v.del Marchesino,Biossido di Azoto,2021-06,11.66,710
6826,Lonato del Garda v.del Marchesino,Biossido di Azoto,2021-07,14.89,743
6826,Lonato del Garda v.del Marchesino,Biossido di Azoto,2021-08,12.72,738
6826,Lonato del Garda v.del Marchesino,Biossido di Azoto,2021-09,16.19,695
6826,Lonato del Garda v.del Marchesino,Biossido di Azoto,2021-10,13.63,701
6826,Lonato del Garda v.del Marchesino,Biossido di Azoto,2021-11,23.76,718
6826,Lonato del Garda v.del Marchesino,Biossido di Azoto,2021-12,35.52,741
6826,Lonato del Garda v.del Marchesino,Biossido di Azoto,2022-01,35.12,742
6826,Lonato del Garda v.del Marchesino,Biossido di Azoto,2022-02,32.56,669
6826,Lonato del Garda v.del Marchesino,Biossido di Azoto,2022-03,29.39,741
6826,Lonato del Garda v.del Marchesino,Biossido di Azoto,2022-04,17.54,716
6826,Lonato del Garda v.del Marchesino,Biossido di Azoto,2022-05,14.49,667
6826,Lonato del Garda v.del Marchesino,Biossido di Azoto,2022-06,18.28,719
6826,Lonato del Garda v.del Marchesino,Biossido di Azoto,2022-07,20.34,740
6826,Lonato del Garda v.del Marchesino,Biossido di Azoto,2022-08,7.51,661
6826,Lonato del Garda v.del Marchesino,Biossido di Azoto,2022-09,10.13,570
6826,Lonato del Garda v.del Marchesino,Biossido di Azoto,2022-10,28.11,590
6826,Lonato del Garda v.del Marchesino,Biossido di Azoto,2022-11,37.25,395
6826,Lonato del Garda v.del Marchesino,Biossido di Azoto,2022-12,35.00,680
6826,Lonato del Garda v.del Marchesino,Biossido di Azoto,2023-01,24.05,742
6826,Lonato del Garda v.del Marchesino,Biossido di Azoto,2023-02,47.62,670
6826,Lonato del Garda v.del Marchesino,Biossido di Azoto,2023-03,36.16,677
6826,Lonato del Garda v.del Marchesino,Biossido di Azoto,2023-04,12.31,681
6826,Lonato del Garda v.del Marchesino,Biossido di Azoto,2023-05,23.81,740
6826,Lonato del Garda v.del Marchesino,Biossido di Azoto,2023-06,10.87,715
6826,Lonato del Garda v.del Marchesino,Biossido di Azoto,2023-07,9.25,716
6826,Lonato del Garda v.del Marchesino,Biossido di Azoto,2023-08,9.86,744
6826,Lonato del Garda v.del Marchesino,Biossido di Azoto,2023-09,12.06,720
6826,Lonato del Garda v.del Marchesino,Biossido di Azoto,2023-10,18.15,680
6826,Lonato del Garda v.del Marchesino,Biossido di Azoto,2023-11,24.60,718
6826,Lonato del Garda v.del Marchesino,Biossido di Azoto,2023-12,30.34,744
6826,Lonato del Garda v.del Marchesino,Biossido di Azoto,2024-01,32.92,743
6826,Lonato del Garda v.del Marchesino,Biossido di Azoto,2024-02,25.66,665
6826,Lonato del Garda v.del Marchesino,Biossido di Azoto,2024-03,18.94,739
6826,Lonato del Garda v.del Marchesino,Biossido di Azoto,2024-04,13.86,580
6826,Lonato del Garda v.del Marchesino,Biossido di Azoto,2024-05,10.24,664
6826,Lonato del Garda v.del Marchesino,Biossido di Azoto,2024-06,11.12,714
6826,Lonato del Garda v.del Marchesino,Biossido di Azoto,2024-07,9.00,741
6826,Lonato del Garda v.del Marchesino,Biossido di Azoto,2024-08,10.54,743
6826,Lonato del Garda v.del Marchesino,Biossido di Azoto,2024-09,10.36,717
6826,Lonato del Garda v.del Marchesino,Biossido di Azoto,2024-10,13.10,742
6826,Lonato del Garda v.del Marchesino,Biossido di Azoto,2024-11,25.90,552
6826,Lonato del Garda v.del Marchesino,Biossido di Azoto,2024-12,30.49,727
6826,Lonato del Garda v.del Marchesino,Biossido di Azoto,2025-01,30.82,666
6826,Lonato del Garda v.del Marchesino,Biossido di Azoto,2025-02,24.44,670
6826,Lonato del Garda v.del Marchesino,Biossido di Azoto,2025-03,16.80,743
6826,Lonato del Garda v.del Marchesino,Biossido di Azoto,2025-04,12.50,719
6826,Lonato del Garda v.del Marchesino,Biossido di Azoto,2025-05,10.84,743
6826,Lonato del Garda v.del Marchesino,Biossido di Azoto,2025-06,12.26,718
6826,Lonato del Garda v.del Marchesino,Biossido di Azoto,2025-07,9.27,742
6826,Lonato del Garda v.del Marchesino,Biossido di Azoto,2025-08,8.38,662
6826,Lonato del Garda v.del Marchesino,Biossido di Azoto,2025-09,9.08,632
6826,Lonato del Garda v.del Marchesino,Biossido di Azoto,2025-10,12.09,462
6826,Lonato del Garda v.del Marchesino,Biossido di Azoto,2025-11,19.02,717
6826,Lonato del Garda v.del Marchesino,Biossido di Azoto,2025-12,26.31,743
6826,Lonato del Garda v.del Marchesino,Biossido di Azoto,2026-01,28.40,1
6827,Lonato del Garda v.del Marchesino,Biossido di Zolfo,2000-01,12.00,638
6827,Lonato del Garda v.del Marchesino,Biossido di Zolfo,2000-02,12.45,634
6827,Lonato del Garda v.del Marchesino,Biossido di Zolfo,2000-03,8.42,575
6827,Lonato del Garda v.del Marchesino,Biossido di Zolfo,2000-04,7.69,603
6827,Lonato del Garda v.del Marchesino,Biossido di Zolfo,2000-05,7.15,679
6827,Lonato del Garda v.del Marchesino,Biossido di Zolfo,2000-06,6.36,618
6827,Lonato del Garda v.del Marchesino,Biossido di Zolfo,2000-07,7.74,743
6827,Lonato del Garda v.del Marchesino,Biossido di Zolfo,2000-08,7.25,554
6827,Lonato del Garda v.del Marchesino,Biossido di Zolfo,2000-09,7.47,706
6827,Lonato del Garda v.del Marchesino,Biossido di Zolfo,2000-10,7.92,740
6827,Lonato del Garda v.del Marchesino,Biossido di Zolfo,2000-11,8.15,720
6827,Lonato del Garda v.del Marchesino,Biossido di Zolfo,2000-12,9.45,744
6827,Lonato del Garda v.del Marchesino,Biossido di Zolfo,2001-01,9.95,744
6827,Lonato del Garda v.del Marchesino,Biossido di Zolfo,2001-02,9.17,671
6827,Lonato del Garda v.del Marchesino,Biossido di Zolfo,2001-03,7.93,742
6827,Lonato del Garda v.del Marchesino,Biossido di Zolfo,2001-04,6.47,719
6827,Lonato del Garda v.del Marchesino,Biossido di Zolfo,2001-05,5.05,729
6827,Lonato del Garda v.del Marchesino,Biossido di Zolfo,2001-06,5.34,713
6827,Lonato del Garda v.del Marchesino,Biossido di Zolfo,2001-07,5.56,742
6827,Lonato del Garda v.del Marchesino,Biossido di Zolfo,2001-08,5.99,716
6827,Lonato del Garda v.del Marchesino,Biossido di Zolfo,2001-09,6.48,657
6827,Lonato del Garda v.del Marchesino,Biossido di Zolfo,2001-10,6.44,690
6827,Lonato del Garda v.del Marchesino,Biossido di Zolfo,2001-11,8.14,720
6827,Lonato del Garda v.del Marchesino,Biossido di Zolfo,2001-12,8.89,742
6827,Lonato del Garda v.del Marchesino,Biossido di Zolfo,2002-01,9.21,741
6827,Lonato del Garda v.del Marchesino,Biossido di Zolfo,2002-02,8.53,647
6827,Lonato del Garda v.del Marchesino,Biossido di Zolfo,2002-03,6.83,743
6827,Lonato del Garda v.del Marchesino,Biossido di Zolfo,2002-04,6.42,717
6827,Lonato del Garda v.del Marchesino,Biossido di Zolfo,2002-05,6.15,743
6827,Lonato del Garda v.del Marchesino,Biossido di Zolfo,2002-06,6.74,719
6827,Lonato del Garda v.del Marchesino,Biossido di Zolfo,2002-07,6.71,743
6827,Lonato del Garda v.del Marchesino,Biossido di Zolfo,2002-08,7.31,739
6827,Lonato del Garda v.del Marchesino,Biossido di Zolfo,2002-09,7.37,719
6827,Lonato del Garda v.del Marchesino,Biossido di Zolfo,2002-10,7.16,682
6827,Lonato del Garda v.del Marchesino,Biossido di Zolfo,2002-11,7.39,714
6827,Lonato del Garda v.del Marchesino,Biossido di Zolfo,2002-12,7.92,741
6827,Lonato del Garda v.del Marchesino,Biossido di Zolfo,2003-01,7.43,736
6827,Lonato del Garda v.del Marchesino,Biossido di Zolfo,2003-02,7.49,623
6827,Lonato del Garda v.del Marchesino,Biossido di Zolfo,2003-03,6.93,663
6827,Lonato del Garda v.del Marchesino,Biossido di Zolfo,2003-04,6.60,631
6827,Lonato del Garda v.del Marchesino,Biossido di Zolfo,2003-05,9.36,530
6827,Lonato del Garda v.del Marchesino,Biossido di Zolfo,2003-06,8.42,479
6827,Lonato del Garda v.del Marchesino,Biossido di Zolfo,2003-07,7.45,481
6827,Lonato del Garda v.del Marchesino,Biossido di Zolfo,2003-08,7.77,253
6827,Lonato del Garda v.del Marchesino,Biossido di Zolfo,2003-09,8.33,362
6827,Lonato del Garda v.del Marchesino,Biossido di Zolfo,2004-05,2.90,45
6827,Lonato del Garda v.del Marchesino,Biossido di Zolfo,2004-06,5.30,477
6827,Lonato del Garda v.del Marchesino,Biossido di Zolfo,2004-08,3.47,24
6831,Lonato del Garda v.del Marchesino,Ossidi di Azoto,2000-01,110.54,244
6831,Lonato del Garda v.del Marchesino,Ossidi di Azoto,2000-02,110.39,598
6831,Lonato del Garda v.del Marchesino,Ossidi di Azoto,2000-03,65.85,557
6831,Lonato del Garda v.del Marchesino,Ossidi di Azoto,2000-04,49.05,602
6831,Lonato del Garda v.del Marchesino,Ossidi di Azoto,2000-05,36.65,679
6831,Lonato del Garda v.del Marchesino,Ossidi di Azoto,2000-06,41.08,618
6831,Lonato del Garda v.del Marchesino,Ossidi di Azoto,2000-07,33.05,744
6831,Lonato del Garda v.del Marchesino,Ossidi di Azoto,2000-08,38.24,523
6831,Lonato del Garda v.del Marchesino,Ossidi di Azoto,2000-09,40.12,710
6831,Lonato del Garda v.del Marchesino,Ossidi di Azoto,2000-10,57.80,630
6831,Lonato del Garda v.del Marchesino,Ossidi di Azoto,2000-11,122.37,157
6831,Lonato del Garda v.del Marchesino,Ossidi di Azoto,2000-12,166.25,744
6831,Lonato del Garda v.del Marchesino,Ossidi di Azoto,2001-01,140.43,744
6831,Lonato del Garda v.del Marchesino,Ossidi di Azoto,2001-02,68.95,653
6831,Lonato del Garda v.del Marchesino,Ossidi di Azoto,2001-03,62.96,742
6831,Lonato del Garda v.del Marchesino,Ossidi di Azoto,2001-04,32.45,714
6831,Lonato del Garda v.del Marchesino,Ossidi di Azoto,2001-05,25.94,729
6831,Lonato del Garda v.del Marchesino,Ossidi di Azoto,2001-06,20.87,719
6831,Lonato del Garda v.del Marchesino,Ossidi di Azoto,2001-07,19.49,722
6831,Lonato del Garda v.del Marchesino,Ossidi di Azoto,2001-08,13.72,724
6831,Lonato del Garda v.del Marchesino,Ossidi di Azoto,2001-09,28.06,657
6831,Lonato del Garda v.del Marchesino,Ossidi di Azoto,2001-10,46.12,706
6831,Lonato del Garda v.del Marchesino,Ossidi di Azoto,2001-11,223.30,317
6831,Lonato del Garda v.del Marchesino,Ossidi di Azoto,2001-12,184.39,732
6831,Lonato del Garda v.del Marchesino,Ossidi di Azoto,2002-01,133.85,741
6831,Lonato del Garda v.del Marchesino,Ossidi di Azoto,2002-02,98.55,669
6831,Lonato del Garda v.del Marchesino,Ossidi di Azoto,2002-03,44.38,743
6831,Lonato del Garda v.del Marchesino,Ossidi di Azoto,2002-04,32.97,720
6831,Lonato del Garda v.del Marchesino,Ossidi di Azoto,2002-05,20.43,744
6831,Lonato del Garda v.del Marchesino,Ossidi di Azoto,2002-06,16.74,720
6831,Lonato del Garda v.del Marchesino,Ossidi di Azoto,2002-07,17.87,741
6831,Lonato del Garda v.del Marchesino,Ossidi di Azoto,2002-08,13.49,670
6831,Lonato del Garda v.del Marchesino,Ossidi di Azoto,2002-09,48.48,577
6831,Lonato del Garda v.del Marchesino,Ossidi di Azoto,2002-10,78.31,686
6831,Lonato del Garda v.del Marchesino,Ossidi di Azoto,2002-11,87.54,654
6831,Lonato del Garda v.del Marchesino,Ossidi di Azoto,2002-12,114.27,739
6831,Lonato del Garda v.del Marchesino,Ossidi di Azoto,2003-01,104.63,734
6831,Lonato del Garda v.del Marchesino,Ossidi di Azoto,2003-02,88.68,618
6831,Lonato del Garda v.del Marchesino,Ossidi di Azoto,2003-03,68.77,531
6831,Lonato del Garda v.del Marchesino,Ossidi di Azoto,2003-04,47.94,595
6831,Lonato del Garda v.del Marchesino,Ossidi di Azoto,2003-05,28.90,532
6831,Lonato del Garda v.del Marchesino,Ossidi di Azoto,2003-06,32.96,340
6831,Lonato del Garda v.del Marchesino,Ossidi di Azoto,2003-07,22.25,584
6831,Lonato del Garda v.del Marchesino,Ossidi di Azoto,2003-08,17.59,257
6831,Lonato del Garda v.del Marchesino,Ossidi di Azoto,2003-09,29.47,501
6831,Lonato del Garda v.del Marchesino,Ossidi di Azoto,2003-10,51.66,604
6831,Lonato del Garda v.del Marchesino,Ossidi di Azoto,2003-11,89.89,662
6831,Lonato del Garda v.del Marchesino,Ossidi di Azoto,2003-12,141.74,744
6831,Lonato del Garda v.del Marchesino,Ossidi di Azoto,2004-01,138.99,611
6831,Lonato del Garda v.del Marchesino,Ossidi di Azoto,2004-02,120.96,696
6831,Lonato del Garda v.del Marchesino,Ossidi di Azoto,2004-03,52.02,743
6831,Lonato del Garda v.del Marchesino,Ossidi di Azoto,2004-04,28.06,717
6831,Lonato del Garda v.del Marchesino,Ossidi di Azoto,2004-05,21.72,744
6831,Lonato del Garda v.del Marchesino,Ossidi di Azoto,2004-06,21.12,718
6831,Lonato del Garda v.del Marchesino,Ossidi di Azoto,2004-07,17.39,742
6831,Lonato del Garda v.del Marchesino,Ossidi di Azoto,2004-08,16.73,683
6831,Lonato del Garda v.del Marchesino,Ossidi di Azoto,2004-09,77.11,578
6831,Lonato del Garda v.del Marchesino,Ossidi di Azoto,2004-10,53.44,742
6831,Lonato del Garda v.del Marchesino,Ossidi di Azoto,2004-11,91.80,720
6831,Lonato del Garda v.del Marchesino,Ossidi di Azoto,2004-12,100.30,699
6831,Lonato del Garda v.del Marchesino,Ossidi di Azoto,2005-01,129.40,743
6831,Lonato del Garda v.del Marchesino,Ossidi di Azoto,2005-02,73.39,672
6831,Lonato del Garda v.del Marchesino,Ossidi di Azoto,2005-03,51.96,742
6831,Lonato del Garda v.del Marchesino,Ossidi di Azoto,2005-04,33.00,720
6831,Lonato del Garda v.del Marchesino,Ossidi di Azoto,2005-05,17.85,741
6831,Lonato del Garda v.del Marchesino,Ossidi di Azoto,2005-06,19.50,718
6831,Lonato del Garda v.del Marchesino,Ossidi di Azoto,2005-07,16.48,654
6831,Lonato del Garda v.del Marchesino,Ossidi di Azoto,2005-08,12.64,718
6831,Lonato del Garda v.del Marchesino,Ossidi di Azoto,2005-09,15.04,718
6831,Lonato del Garda v.del Marchesino,Ossidi di Azoto,2005-10,14.58,744
6831,Lonato del Garda v.del Marchesino,Ossidi di Azoto,2005-11,44.97,705
6831,Lonato del Garda v.del Marchesino,Ossidi di Azoto,2005-12,117.87,737
6831,Lonato del Garda v.del Marchesino,Ossidi di Azoto,2006-01,100.29,709
6831,Lonato del Garda v.del Marchesino,Ossidi di Azoto,2006-02,64.15,660
6831,Lonato del Garda v.del Marchesino,Ossidi di Azoto,2006-03,32.29,718
6831,Lonato del Garda v.del Marchesino,Ossidi di Azoto,2006-04,19.84,719
6831,Lonato del Garda v.del Marchesino,Ossidi di Azoto,2006-05,15.70,738
6831,Lonato del Garda v.del Marchesino,Ossidi di Azoto,2006-06,17.79,720
6831,Lonato del Garda v.del Marchesino,Ossidi di Azoto,2006-07,16.07,512
6831,Lonato del Garda v.del Marchesino,Ossidi di Azoto,2006-08,28.61,649
6831,Lonato del Garda v.del Marchesino,Ossidi di Azoto,2006-09,97.25,717
6831,Lonato del Garda v.del Marchesino,Ossidi di Azoto,2006-10,48.97,741
6831,Lonato del Garda v.del Marchesino,Ossidi di Azoto,2006-11,95.06,720
6831,Lonato del Garda v.del Marchesino,Ossidi di Azoto,2006-12,104.75,741
6831,Lonato del Garda v.del Marchesino,Ossidi di Azoto,2007-01,121.06,736
6831,Lonato del Garda v.del Marchesino,Ossidi di Azoto,2007-02,114.34,672
6831,Lonato del Garda v.del Marchesino,Ossidi di Azoto,2007-03,47.23,744
6831,Lonato del Garda v.del Marchesino,Ossidi di Azoto,2007-04,34.49,648
6831,Lonato del Garda v.del Marchesino,Ossidi di Azoto,2007-05,39.99,724
6831,Lonato del Garda v.del Marchesino,Ossidi di Azoto,2007-06,29.76,659
6831,Lonato del Garda v.del Marchesino,Ossidi di Azoto,2007-07,24.17,616
6831,Lonato del Garda v.del Marchesino,Ossidi di Azoto,2007-08,13.73,661
6831,Lonato del Garda v.del Marchesino,Ossidi di Azoto,2007-09,18.38,715
6831,Lonato del Garda v.del Marchesino,Ossidi di Azoto,2007-10,23.96,705
6831,Lonato del Garda v.del Marchesino,Ossidi di Azoto,2007-11,64.71,509
6831,Lonato del Garda v.del Marchesino,Ossidi di Azoto,2007-12,118.84,691
6831,Lonato del Garda v.del Marchesino,Ossidi di Azoto,2008-01,87.94,739
6831,Lonato del Garda v.del Marchesino,Ossidi di Azoto,2008-02,69.15,696
6831,Lonato del Garda v.del Marchesino,Ossidi di Azoto,2008-03,35.03,743
6831,Lonato del Garda v.del Marchesino,Ossidi di Azoto,2008-04,22.18,719
6831,Lonato del Garda v.del Marchesino,Ossidi di Azoto,2008-05,13.70,738
6831,Lonato del Garda v.del Marchesino,Ossidi di Azoto,2008-06,8.21,682
6831,Lonato del Garda v.del Marchesino,Ossidi di Azoto,2008-07,8.09,743
6831,Lonato del Garda v.del Marchesino,Ossidi di Azoto,2008-08,3.86,741
6831,Lonato del Garda v.del Marchesino,Ossidi di Azoto,2008-09,12.34,709
6831,Lonato del Garda v.del Marchesino,Ossidi di Azoto,2008-10,29.51,743
6831,Lonato del Garda v.del Marchesino,Ossidi di Azoto,2008-11,49.02,718
6831,Lonato del Garda v.del Marchesino,Ossidi di Azoto,2008-12,85.73,742
6831,Lonato del Garda v.del Marchesino,Ossidi di Azoto,2009-01,140.89,743
6831,Lonato del Garda v.del Marchesino,Ossidi di Azoto,2009-02,75.13,671
6831,Lonato del Garda v.del Marchesino,Ossidi di Azoto,2009-03,38.22,742
6831,Lonato del Garda v.del Marchesino,Ossidi di Azoto,2009-04,15.54,718
6831,Lonato del Garda v.del Marchesino,Ossidi di Azoto,2009-05,34.65,741
6831,Lonato del Garda v.del Marchesino,Ossidi di Azoto,2009-06,39.89,712
6831,Lonato del Garda v.del Marchesino,Ossidi di Azoto,2009-07,11.02,741
6831,Lonato del Garda v.del Marchesino,Ossidi di Azoto,2009-08,10.60,730
6831,Lonato del Garda v.del Marchesino,Ossidi di Azoto,2009-09,12.25,687
6831,Lonato del Garda v.del Marchesino,Ossidi di Azoto,2009-10,34.47,742
6831,Lonato del Garda v.del Marchesino,Ossidi di Azoto,2009-11,62.05,720
6831,Lonato del Garda v.del Marchesino,Ossidi di Azoto,2009-12,79.50,740
6831,Lonato del Garda v.del Marchesino,Ossidi di Azoto,2010-01,127.00,1
6831,Lonato del Garda v.del Marchesino,Ossidi di Azoto,2010-01,91.62,742
6831,Lonato del Garda v.del Marchesino,Ossidi di Azoto,2010-02,63.43,670
6831,Lonato del Garda v.del Marchesino,Ossidi di Azoto,2010-03,44.42,725
6831,Lonato del Garda v.del Marchesino,Ossidi di Azoto,2010-04,24.18,717
6831,Lonato del Garda v.del Marchesino,Ossidi di Azoto,2010-05,15.59,739
6831,Lonato del Garda v.del Marchesino,Ossidi di Azoto,2010-06,9.74,679
6831,Lonato del Garda v.del Marchesino,Ossidi di Azoto,2010-07,10.59,460
6831,Lonato del Garda v.del Marchesino,Ossidi di Azoto,2010-08,25.50,700
6831,Lonato del Garda v.del Marchesino,Ossidi di Azoto,2010-09,25.07,718
6831,Lonato del Garda v.del Marchesino,Ossidi di Azoto,2010-10,33.84,736
6831,Lonato del Garda v.del Marchesino,Ossidi di Azoto,2010-11,65.75,713
6831,Lonato del Garda v.del Marchesino,Ossidi di Azoto,2010-12,120.02,740
6831,Lonato del Garda v.del Marchesino,Ossidi di Azoto,2011-01,111.00,742
6831,Lonato del Garda v.del Marchesino,Ossidi di Azoto,2011-02,68.94,668
6831,Lonato del Garda v.del Marchesino,Ossidi di Azoto,2011-03,30.63,742
6831,Lonato del Garda v.del Marchesino,Ossidi di Azoto,2011-04,15.74,662
6831,Lonato del Garda v.del Marchesino,Ossidi di Azoto,2011-05,16.01,722
6831,Lonato del Garda v.del Marchesino,Ossidi di Azoto,2011-06,24.00,657
6831,Lonato del Garda v.del Marchesino,Ossidi di Azoto,2011-07,12.10,740
6831,Lonato del Garda v.del Marchesino,Ossidi di Azoto,2011-08,11.70,738
6831,Lonato del Garda v.del Marchesino,Ossidi di Azoto,2011-09,24.28,716
6831,Lonato del Garda v.del Marchesino,Ossidi di Azoto,2011-10,20.85,742
6831,Lonato del Garda v.del Marchesino,Ossidi di Azoto,2011-11,99.64,718
6831,Lonato del Garda v.del Marchesino,Ossidi di Azoto,2011-12,98.77,743
6831,Lonato del Garda v.del Marchesino,Ossidi di Azoto,2012-01,88.43,716
6831,Lonato del Garda v.del Marchesino,Ossidi di Azoto,2012-02,68.52,696
6831,Lonato del Garda v.del Marchesino,Ossidi di Azoto,2012-03,34.20,743
6831,Lonato del Garda v.del Marchesino,Ossidi di Azoto,2012-04,16.79,718
6831,Lonato del Garda v.del Marchesino,Ossidi di Azoto,2012-05,16.34,617
6831,Lonato del Garda v.del Marchesino,Ossidi di Azoto,2012-06,8.19,719
6831,Lonato del Garda v.del Marchesino,Ossidi di Azoto,2012-07,26.96,663
6831,Lonato del Garda v.del Marchesino,Ossidi di Azoto,2012-08,17.97,735
6831,Lonato del Garda v.del Marchesino,Ossidi di Azoto,2012-09,16.26,714
6831,Lonato del Garda v.del Marchesino,Ossidi di Azoto,2012-10,31.40,742
6831,Lonato del Garda v.del Marchesino,Ossidi di Azoto,2012-11,47.23,716
6831,Lonato del Garda v.del Marchesino,Ossidi di Azoto,2012-12,95.32,732
6831,Lonato del Garda v.del Marchesino,Ossidi di Azoto,2013-01,83.55,528
6831,Lonato del Garda v.del Marchesino,Ossidi di Azoto,2013-02,63.57,653
6831,Lonato del Garda v.del Marchesino,Ossidi di Azoto,2013-03,40.30,743
6831,Lonato del Garda v.del Marchesino,Ossidi di Azoto,2013-04,21.79,708
6831,Lonato del Garda v.del Marchesino,Ossidi di Azoto,2013-05,14.03,699
6831,Lonato del Garda v.del Marchesino,Ossidi di Azoto,2013-06,13.91,708
6831,Lonato del Garda v.del Marchesino,Ossidi di Azoto,2013-07,13.26,736
6831,Lonato del Garda v.del Marchesino,Ossidi di Azoto,2013-08,12.15,728
6831,Lonato del Garda v.del Marchesino,Ossidi di Azoto,2013-09,18.30,705
6831,Lonato del Garda v.del Marchesino,Ossidi di Azoto,2013-10,43.75,715
6831,Lonato del Garda v.del Marchesino,Ossidi di Azoto,2013-11,43.38,719
6831,Lonato del Garda v.del Marchesino,Ossidi di Azoto,2013-12,138.75,741
6831,Lonato del Garda v.del Marchesino,Ossidi di Azoto,2014-01,72.59,735
6831,Lonato del Garda v.del Marchesino,Ossidi di Azoto,2014-02,40.64,672
6831,Lonato del Garda v.del Marchesino,Ossidi di Azoto,2014-03,26.35,742
6831,Lonato del Garda v.del Marchesino,Ossidi di Azoto,2014-04,17.57,720
6831,Lonato del Garda v.del Marchesino,Ossidi di Azoto,2014-05,13.85,660
6831,Lonato del Garda v.del Marchesino,Ossidi di Azoto,2014-06,10.74,712
6831,Lonato del Garda v.del Marchesino,Ossidi di Azoto,2014-07,15.46,742
6831,Lonato del Garda v.del Marchesino,Ossidi di Azoto,2014-08,6.60,744
6831,Lonato del Garda v.del Marchesino,Ossidi di Azoto,2014-09,10.15,719
6831,Lonato del Garda v.del Marchesino,Ossidi di Azoto,2014-10,32.00,742
6831,Lonato del Garda v.del Marchesino,Ossidi di Azoto,2014-11,51.43,687
6831,Lonato del Garda v.del Marchesino,Ossidi di Azoto,2014-12,83.04,743
6831,Lonato del Garda v.del Marchesino,Ossidi di Azoto,2015-01,78.04,675
6831,Lonato del Garda v.del Marchesino,Ossidi di Azoto,2015-02,67.58,387
6831,Lonato del Garda v.del Marchesino,Ossidi di Azoto,2015-03,31.38,743
6831,Lonato del Garda v.del Marchesino,Ossidi di Azoto,2015-04,16.99,693
6831,Lonato del Garda v.del Marchesino,Ossidi di Azoto,2015-05,13.61,610
6831,Lonato del Garda v.del Marchesino,Ossidi di Azoto,2015-06,13.11,718
6831,Lonato del Garda v.del Marchesino,Ossidi di Azoto,2015-07,12.67,742
6831,Lonato del Garda v.del Marchesino,Ossidi di Azoto,2015-08,11.37,742
6831,Lonato del Garda v.del Marchesino,Ossidi di Azoto,2015-09,12.16,659
6831,Lonato del Garda v.del Marchesino,Ossidi di Azoto,2015-10,29.81,743
6831,Lonato del Garda v.del Marchesino,Ossidi di Azoto,2015-11,66.19,718
6831,Lonato del Garda v.del Marchesino,Ossidi di Azoto,2015-12,132.28,744
6831,Lonato del Garda v.del Marchesino,Ossidi di Azoto,2016-01,79.33,719
6831,Lonato del Garda v.del Marchesino,Ossidi di Azoto,2016-02,41.48,654
6831,Lonato del Garda v.del Marchesino,Ossidi di Azoto,2016-03,29.53,743
6831,Lonato del Garda v.del Marchesino,Ossidi di Azoto,2016-04,18.35,718
6831,Lonato del Garda v.del Marchesino,Ossidi di Azoto,2016-05,15.73,742
6831,Lonato del Garda v.del Marchesino,Ossidi di Azoto,2016-06,13.19,428
6831,Lonato del Garda v.del Marchesino,Ossidi di Azoto,2016-07,12.57,535
6831,Lonato del Garda v.del Marchesino,Ossidi di Azoto,2016-08,10.27,743
6831,Lonato del Garda v.del Marchesino,Ossidi di Azoto,2016-09,15.71,714
6831,Lonato del Garda v.del Marchesino,Ossidi di Azoto,2016-10,31.52,742
6831,Lonato del Garda v.del Marchesino,Ossidi di Azoto,2016-11,50.78,720
6831,Lonato del Garda v.del Marchesino,Ossidi di Azoto,2016-12,128.95,743
6831,Lonato del Garda v.del Marchesino,Ossidi di Azoto,2017-01,71.86,657
6831,Lonato del Garda v.del Marchesino,Ossidi di Azoto,2017-02,62.89,671
6831,Lonato del Garda v.del Marchesino,Ossidi di Azoto,2017-03,30.62,743
6831,Lonato del Garda v.del Marchesino,Ossidi di Azoto,2017-04,19.00,718
6831,Lonato del Garda v.del Marchesino,Ossidi di Azoto,2017-05,15.23,742
6831,Lonato del Garda v.del Marchesino,Ossidi di Azoto,2017-06,13.33,700
6831,Lonato del Garda v.del Marchesino,Ossidi di Azoto,2017-07,13.42,743
6831,Lonato del Garda v.del Marchesino,Ossidi di Azoto,2017-08,12.68,739
6831,Lonato del Garda v.del Marchesino,Ossidi di Azoto,2017-09,17.95,719
6831,Lonato del Garda v.del Marchesino,Ossidi di Azoto,2017-10,31.35,740
6831,Lonato del Garda v.del Marchesino,Ossidi di Azoto,2017-11,57.95,693
6831,Lonato del Garda v.del Marchesino,Ossidi di Azoto,2017-12,106.05,743
6831,Lonato del Garda v.del Marchesino,Ossidi di Azoto,2018-01,31.30,1
6831,Lonato del Garda v.del Marchesino,Ossidi di Azoto,2018-01,54.64,739
6831,Lonato del Garda v.del Marchesino,Ossidi di Azoto,2018-02,40.11,671
6831,Lonato del Garda v.del Marchesino,Ossidi di Azoto,2018-03,41.40,742
6831,Lonato del Garda v.del Marchesino,Ossidi di Azoto,2018-04,15.05,718
6831,Lonato del Garda v.del Marchesino,Ossidi di Azoto,2018-05,12.85,743
6831,Lonato del Garda v.del Marchesino,Ossidi di Azoto,2018-06,13.78,717
6831,Lonato del Garda v.del Marchesino,Ossidi di Azoto,2018-07,10.39,743
6831,Lonato del Garda v.del Marchesino,Ossidi di Azoto,2018-08,10.23,742
6831,Lonato del Garda v.del Marchesino,Ossidi di Azoto,2018-09,13.25,697
6831,Lonato del Garda v.del Marchesino,Ossidi di Azoto,2018-10,19.69,708
6831,Lonato del Garda v.del Marchesino,Ossidi di Azoto,2018-11,38.68,719
6831,Lonato del Garda v.del Marchesino,Ossidi di Azoto,2018-12,83.17,716
6831,Lonato del Garda v.del Marchesino,Ossidi di Azoto,2019-01,57.96,743
6831,Lonato del Garda v.del Marchesino,Ossidi di Azoto,2019-02,45.43,670
6831,Lonato del Garda v.del Marchesino,Ossidi di Azoto,2019-03,26.38,743
6831,Lonato del Garda v.del Marchesino,Ossidi di Azoto,2019-04,19.31,607
6831,Lonato del Garda v.del Marchesino,Ossidi di Azoto,2019-05,13.78,720
6831,Lonato del Garda v.del Marchesino,Ossidi di Azoto,2019-06,12.93,713
6831,Lonato del Garda v.del Marchesino,Ossidi di Azoto,2019-07,11.25,742
6831,Lonato del Garda v.del Marchesino,Ossidi di Azoto,2019-08,8.72,744
6831,Lonato del Garda v.del Marchesino,Ossidi di Azoto,2019-09,11.67,643
6831,Lonato del Garda v.del Marchesino,Ossidi di Azoto,2019-10,21.61,676
6831,Lonato del Garda v.del Marchesino,Ossidi di Azoto,2019-11,27.21,616
6831,Lonato del Garda v.del Marchesino,Ossidi di Azoto,2019-12,54.33,737
6831,Lonato del Garda v.del Marchesino,Ossidi di Azoto,2020-01,90.90,719
6831,Lonato del Garda v.del Marchesino,Ossidi di Azoto,2020-02,37.13,574
6831,Lonato del Garda v.del Marchesino,Ossidi di Azoto,2020-03,19.16,682
6831,Lonato del Garda v.del Marchesino,Ossidi di Azoto,2020-04,10.78,715
6831,Lonato del Garda v.del Marchesino,Ossidi di Azoto,2020-05,10.62,744
6831,Lonato del Garda v.del Marchesino,Ossidi di Azoto,2020-06,10.39,720
6831,Lonato del Garda v.del Marchesino,Ossidi di Azoto,2020-07,8.76,744
6831,Lonato del Garda v.del Marchesino,Ossidi di Azoto,2020-08,7.93,743
6831,Lonato del Garda v.del Marchesino,Ossidi di Azoto,2020-09,13.74,716
6831,Lonato del Garda v.del Marchesino,Ossidi di Azoto,2020-10,24.27,742
6831,Lonato del Garda v.del Marchesino,Ossidi di Azoto,2020-11,40.46,719
6831,Lonato del Garda v.del Marchesino,Ossidi di Azoto,2020-12,57.12,743
6831,Lonato del Garda v.del Marchesino,Ossidi di Azoto,2021-01,44.61,743
6831,Lonato del Garda v.del Marchesino,Ossidi di Azoto,2021-02,34.44,672
6831,Lonato del Garda v.del Marchesino,Ossidi di Azoto,2021-03,19.94,739
6831,Lonato del Garda v.del Marchesino,Ossidi di Azoto,2021-04,13.72,717
6831,Lonato del Garda v.del Marchesino,Ossidi di Azoto,2021-05,10.11,740
6831,Lonato del Garda v.del Marchesino,Ossidi di Azoto,2021-06,12.21,710
6831,Lonato del Garda v.del Marchesino,Ossidi di Azoto,2021-07,15.53,743
6831,Lonato del Garda v.del Marchesino,Ossidi di Azoto,2021-08,13.66,738
6831,Lonato del Garda v.del Marchesino,Ossidi di Azoto,2021-09,17.16,695
6831,Lonato del Garda v.del Marchesino,Ossidi di Azoto,2021-10,18.18,701
6831,Lonato del Garda v.del Marchesino,Ossidi di Azoto,2021-11,40.19,718
6831,Lonato del Garda v.del Marchesino,Ossidi di Azoto,2021-12,86.03,741
6831,Lonato del Garda v.del Marchesino,Ossidi di Azoto,2022-01,57.95,742
6831,Lonato del Garda v.del Marchesino,Ossidi di Azoto,2022-02,43.53,669
6831,Lonato del Garda v.del Marchesino,Ossidi di Azoto,2022-03,35.97,741
6831,Lonato del Garda v.del Marchesino,Ossidi di Azoto,2022-04,20.10,716
6831,Lonato del Garda v.del Marchesino,Ossidi di Azoto,2022-05,16.15,667
6831,Lonato del Garda v.del Marchesino,Ossidi di Azoto,2022-06,19.97,719
6831,Lonato del Garda v.del Marchesino,Ossidi di Azoto,2022-07,22.16,740
6831,Lonato del Garda v.del Marchesino,Ossidi di Azoto,2022-08,10.13,661
6831,Lonato del Garda v.del Marchesino,Ossidi di Azoto,2022-09,12.39,570
6831,Lonato del Garda v.del Marchesino,Ossidi di Azoto,2022-10,31.85,590
6831,Lonato del Garda v.del Marchesino,Ossidi di Azoto,2022-11,53.93,395
6831,Lonato del Garda v.del Marchesino,Ossidi di Azoto,2022-12,64.78,680
6831,Lonato del Garda v.del Marchesino,Ossidi di Azoto,2023-01,37.77,742
6831,Lonato del Garda v.del Marchesino,Ossidi di Azoto,2023-02,53.89,670
6831,Lonato del Garda v.del Marchesino,Ossidi di Azoto,2023-03,38.55,677
6831,Lonato del Garda v.del Marchesino,Ossidi di Azoto,2023-04,13.40,681
6831,Lonato del Garda v.del Marchesino,Ossidi di Azoto,2023-05,25.24,740
6831,Lonato del Garda v.del Marchesino,Ossidi di Azoto,2023-06,11.73,715
6831,Lonato del Garda v.del Marchesino,Ossidi di Azoto,2023-07,9.99,716
6831,Lonato del Garda v.del Marchesino,Ossidi di Azoto,2023-08,11.40,744
6831,Lonato del Garda v.del Marchesino,Ossidi di Azoto,2023-09,13.54,720
6831,Lonato del Garda v.del Marchesino,Ossidi di Azoto,2023-10,21.69,680
6831,Lonato del Garda v.del Marchesino,Ossidi di Azoto,2023-11,33.49,718
6831,Lonato del Garda v.del Marchesino,Ossidi di Azoto,2023-12,53.72,744
6831,Lonato del Garda v.del Marchesino,Ossidi di Azoto,2024-01,57.03,743
6831,Lonato del Garda v.del Marchesino,Ossidi di Azoto,2024-02,33.58,665
6831,Lonato del Garda v.del Marchesino,Ossidi di Azoto,2024-03,21.37,739
6831,Lonato del Garda v.del Marchesino,Ossidi di Azoto,2024-04,15.30,580
6831,Lonato del Garda v.del Marchesino,Ossidi di Azoto,2024-05,11.46,664
6831,Lonato del Garda v.del Marchesino,Ossidi di Azoto,2024-06,12.08,714
6831,Lonato del Garda v.del Marchesino,Ossidi di Azoto,2024-07,9.77,741
6831,Lonato del Garda v.del Marchesino,Ossidi di Azoto,2024-08,11.59,743
6831,Lonato del Garda v.del Marchesino,Ossidi di Azoto,2024-09,11.66,717
6831,Lonato del Garda v.del Marchesino,Ossidi di Azoto,2024-10,15.52,742
6831,Lonato del Garda v.del Marchesino,Ossidi di Azoto,2024-11,50.46,552
6831,Lonato del Garda v.del Marchesino,Ossidi di Azoto,2024-12,52.89,727
6831,Lonato del Garda v.del Marchesino,Ossidi di Azoto,2025-01,45.59,666
6831,Lonato del Garda v.del Marchesino,Ossidi di Azoto,2025-02,31.51,670
6831,Lonato del Garda v.del Marchesino,Ossidi di Azoto,2025-03,19.06,743
6831,Lonato del Garda v.del Marchesino,Ossidi di Azoto,2025-04,14.02,719
6831,Lonato del Garda v.del Marchesino,Ossidi di Azoto,2025-05,12.25,743
6831,Lonato del Garda v.del Marchesino,Ossidi di Azoto,2025-06,13.78,718
6831,Lonato del Garda v.del Marchesino,Ossidi di Azoto,2025-07,10.82,742
6831,Lonato del Garda v.del Marchesino,Ossidi di Azoto,2025-08,9.78,662
6831,Lonato del Garda v.del Marchesino,Ossidi di Azoto,2025-09,9.99,632
6831,Lonato del Garda v.del Marchesino,Ossidi di Azoto,2025-10,14.01,462
6831,Lonato del Garda v.del Marchesino,Ossidi di Azoto,2025-11,26.63,717
6831,Lonato del Garda v.del Marchesino,Ossidi di Azoto,2025-12,47.89,743
6831,Lonato del Garda v.del Marchesino,Ossidi di Azoto,2026-01,37.30,1
6832,Lonato del Garda v.del Marchesino,Ozono,2004-03,44.73,432
6832,Lonato del Garda v.del Marchesino,Ozono,2004-04,68.27,677
6832,Lonato del Garda v.del Marchesino,Ozono,2004-05,59.98,724
6832,Lonato del Garda v.del Marchesino,Ozono,2004-06,71.69,717
6832,Lonato del Garda v.del Marchesino,Ozono,2004-07,75.97,744
6832,Lonato del Garda v.del Marchesino,Ozono,2004-08,66.14,683
6832,Lonato del Garda v.del Marchesino,Ozono,2004-09,42.42,720
6832,Lonato del Garda v.del Marchesino,Ozono,2004-10,23.83,665
6832,Lonato del Garda v.del Marchesino,Ozono,2004-11,19.70,719
6832,Lonato del Garda v.del Marchesino,Ozono,2004-12,18.13,743
6832,Lonato del Garda v.del Marchesino,Ozono,2005-01,28.42,733
6832,Lonato del Garda v.del Marchesino,Ozono,2005-02,29.31,672
6832,Lonato del Garda v.del Marchesino,Ozono,2005-03,40.25,743
6832,Lonato del Garda v.del Marchesino,Ozono,2005-04,71.61,717
6832,Lonato del Garda v.del Marchesino,Ozono,2005-05,108.80,743
6832,Lonato del Garda v.del Marchesino,Ozono,2005-06,110.23,719
6832,Lonato del Garda v.del Marchesino,Ozono,2005-07,101.83,713
6832,Lonato del Garda v.del Marchesino,Ozono,2005-08,98.31,537
6832,Lonato del Garda v.del Marchesino,Ozono,2005-09,45.87,713
6832,Lonato del Garda v.del Marchesino,Ozono,2005-10,26.10,742
6832,Lonato del Garda v.del Marchesino,Ozono,2005-11,11.06,711
6832,Lonato del Garda v.del Marchesino,Ozono,2005-12,15.16,738
6832,Lonato del Garda v.del Marchesino,Ozono,2006-01,18.63,742
6832,Lonato del Garda v.del Marchesino,Ozono,2006-02,23.54,668
6832,Lonato del Garda v.del Marchesino,Ozono,2006-03,44.48,741
6832,Lonato del Garda v.del Marchesino,Ozono,2006-04,66.74,718
6832,Lonato del Garda v.del Marchesino,Ozono,2006-05,78.23,742
6832,Lonato del Garda v.del Marchesino,Ozono,2006-06,98.85,717
6832,Lonato del Garda v.del Marchesino,Ozono,2006-07,108.91,742
6832,Lonato del Garda v.del Marchesino,Ozono,2006-08,78.29,647
6832,Lonato del Garda v.del Marchesino,Ozono,2006-09,83.12,715
6832,Lonato del Garda v.del Marchesino,Ozono,2006-10,33.24,616
6832,Lonato del Garda v.del Marchesino,Ozono,2006-11,12.62,717
6832,Lonato del Garda v.del Marchesino,Ozono,2006-12,12.35,740
6832,Lonato del Garda v.del Marchesino,Ozono,2007-01,9.36,726
6832,Lonato del Garda v.del Marchesino,Ozono,2007-02,14.73,671
6832,Lonato del Garda v.del Marchesino,Ozono,2007-03,52.19,743
6832,Lonato del Garda v.del Marchesino,Ozono,2007-04,101.06,647
6832,Lonato del Garda v.del Marchesino,Ozono,2007-05,112.32,578
6832,Lonato del Garda v.del Marchesino,Ozono,2007-06,83.30,552
6832,Lonato del Garda v.del Marchesino,Ozono,2007-07,103.01,600
6832,Lonato del Garda v.del Marchesino,Ozono,2007-08,88.14,661
6832,Lonato del Garda v.del Marchesino,Ozono,2007-09,70.08,715
6832,Lonato del Garda v.del Marchesino,Ozono,2007-10,32.65,730
6832,Lonato del Garda v.del Marchesino,Ozono,2007-11,16.91,671
6832,Lonato del Garda v.del Marchesino,Ozono,2007-12,10.42,691
6832,Lonato del Garda v.del Marchesino,Ozono,2008-01,17.48,740
6832,Lonato del Garda v.del Marchesino,Ozono,2008-02,19.58,696
6832,Lonato del Garda v.del Marchesino,Ozono,2008-03,46.95,744
6832,Lonato del Garda v.del Marchesino,Ozono,2008-04,66.59,719
6832,Lonato del Garda v.del Marchesino,Ozono,2008-05,84.62,736
6832,Lonato del Garda v.del Marchesino,Ozono,2008-06,83.33,720
6832,Lonato del Garda v.del Marchesino,Ozono,2008-07,93.42,743
6832,Lonato del Garda v.del Marchesino,Ozono,2008-08,81.83,744
6832,Lonato del Garda v.del Marchesino,Ozono,2008-09,63.76,720
6832,Lonato del Garda v.del Marchesino,Ozono,2008-10,39.86,744
6832,Lonato del Garda v.del Marchesino,Ozono,2008-11,24.90,720
6832,Lonato del Garda v.del Marchesino,Ozono,2008-12,14.37,743
6832,Lonato del Garda v.del Marchesino,Ozono,2009-01,14.59,743
6832,Lonato del Garda v.del Marchesino,Ozono,2009-02,31.84,672
6832,Lonato del Garda v.del Marchesino,Ozono,2009-03,53.95,744
6832,Lonato del Garda v.del Marchesino,Ozono,2009-04,67.43,720
6832,Lonato del Garda v.del Marchesino,Ozono,2009-05,82.15,740
6832,Lonato del Garda v.del Marchesino,Ozono,2009-06,85.63,720
6832,Lonato del Garda v.del Marchesino,Ozono,2009-07,95.23,717
6832,Lonato del Garda v.del Marchesino,Ozono,2009-08,97.38,730
6832,Lonato del Garda v.del Marchesino,Ozono,2009-09,65.70,720
6832,Lonato del Garda v.del Marchesino,Ozono,2009-10,30.76,744
6832,Lonato del Garda v.del Marchesino,Ozono,2009-11,9.32,720
6832,Lonato del Garda v.del Marchesino,Ozono,2009-12,13.52,719
6832,Lonato del Garda v.del Marchesino,Ozono,2010-01,6.78,689
6832,Lonato del Garda v.del Marchesino,Ozono,2010-02,21.62,663
6832,Lonato del Garda v.del Marchesino,Ozono,2010-03,39.21,726
6832,Lonato del Garda v.del Marchesino,Ozono,2010-04,74.69,717
6832,Lonato del Garda v.del Marchesino,Ozono,2010-05,65.30,743
6832,Lonato del Garda v.del Marchesino,Ozono,2010-06,85.66,675
6832,Lonato del Garda v.del Marchesino,Ozono,2010-07,99.91,429
6832,Lonato del Garda v.del Marchesino,Ozono,2010-08,84.86,678
6832,Lonato del Garda v.del Marchesino,Ozono,2010-09,68.92,712
6832,Lonato del Garda v.del Marchesino,Ozono,2010-10,31.74,744
6832,Lonato del Garda v.del Marchesino,Ozono,2010-11,26.09,717
6832,Lonato del Garda v.del Marchesino,Ozono,2010-12,13.96,738
6832,Lonato del Garda v.del Marchesino,Ozono,2011-01,10.06,740
6832,Lonato del Garda v.del Marchesino,Ozono,2011-02,25.22,670
6832,Lonato del Garda v.del Marchesino,Ozono,2011-03,56.03,744
6832,Lonato del Garda v.del Marchesino,Ozono,2011-04,100.59,657
6832,Lonato del Garda v.del Marchesino,Ozono,2011-05,96.27,723
6832,Lonato del Garda v.del Marchesino,Ozono,2011-06,84.47,623
6832,Lonato del Garda v.del Marchesino,Ozono,2011-07,90.03,742
6832,Lonato del Garda v.del Marchesino,Ozono,2011-08,109.09,743
6832,Lonato del Garda v.del Marchesino,Ozono,2011-09,88.04,711
6832,Lonato del Garda v.del Marchesino,Ozono,2011-10,41.95,744
6832,Lonato del Garda v.del Marchesino,Ozono,2011-11,16.16,720
6832,Lonato del Garda v.del Marchesino,Ozono,2011-12,15.25,744
6832,Lonato del Garda v.del Marchesino,Ozono,2012-01,21.49,719
6832,Lonato del Garda v.del Marchesino,Ozono,2012-02,27.60,696
6832,Lonato del Garda v.del Marchesino,Ozono,2012-03,63.80,744
6832,Lonato del Garda v.del Marchesino,Ozono,2012-04,68.31,720
6832,Lonato del Garda v.del Marchesino,Ozono,2012-05,90.28,692
6832,Lonato del Garda v.del Marchesino,Ozono,2012-06,91.85,719
6832,Lonato del Garda v.del Marchesino,Ozono,2012-07,102.59,666
6832,Lonato del Garda v.del Marchesino,Ozono,2012-08,105.75,740
6832,Lonato del Garda v.del Marchesino,Ozono,2012-09,61.45,720
6832,Lonato del Garda v.del Marchesino,Ozono,2012-10,23.48,744
6832,Lonato del Garda v.del Marchesino,Ozono,2012-11,14.23,720
6832,Lonato del Garda v.del Marchesino,Ozono,2012-12,10.44,744
6832,Lonato del Garda v.del Marchesino,Ozono,2013-01,10.81,727
6832,Lonato del Garda v.del Marchesino,Ozono,2013-02,31.61,672
6832,Lonato del Garda v.del Marchesino,Ozono,2013-03,48.77,744
6832,Lonato del Garda v.del Marchesino,Ozono,2013-04,75.22,720
6832,Lonato del Garda v.del Marchesino,Ozono,2013-05,72.09,699
6832,Lonato del Garda v.del Marchesino,Ozono,2013-06,96.78,709
6832,Lonato del Garda v.del Marchesino,Ozono,2013-07,121.10,740
6832,Lonato del Garda v.del Marchesino,Ozono,2013-08,105.43,742
6832,Lonato del Garda v.del Marchesino,Ozono,2013-09,69.58,710
6832,Lonato del Garda v.del Marchesino,Ozono,2013-10,24.92,743
6832,Lonato del Garda v.del Marchesino,Ozono,2013-11,22.52,613
6832,Lonato del Garda v.del Marchesino,Ozono,2013-12,13.31,743
6832,Lonato del Garda v.del Marchesino,Ozono,2014-01,17.42,737
6832,Lonato del Garda v.del Marchesino,Ozono,2014-02,27.02,672
6832,Lonato del Garda v.del Marchesino,Ozono,2014-03,61.85,742
6832,Lonato del Garda v.del Marchesino,Ozono,2014-04,71.49,719
6832,Lonato del Garda v.del Marchesino,Ozono,2014-05,80.51,615
6832,Lonato del Garda v.del Marchesino,Ozono,2014-06,108.87,693
6832,Lonato del Garda v.del Marchesino,Ozono,2014-07,87.03,743
6832,Lonato del Garda v.del Marchesino,Ozono,2014-08,77.20,744
6832,Lonato del Garda v.del Marchesino,Ozono,2014-09,65.03,720
6832,Lonato del Garda v.del Marchesino,Ozono,2014-10,34.08,744
6832,Lonato del Garda v.del Marchesino,Ozono,2014-11,20.16,720
6832,Lonato del Garda v.del Marchesino,Ozono,2014-12,8.88,744
6832,Lonato del Garda v.del Marchesino,Ozono,2015-01,18.84,744
6832,Lonato del Garda v.del Marchesino,Ozono,2015-02,34.23,567
6832,Lonato del Garda v.del Marchesino,Ozono,2015-03,59.01,734
6832,Lonato del Garda v.del Marchesino,Ozono,2015-04,76.93,699
6832,Lonato del Garda v.del Marchesino,Ozono,2015-05,80.68,742
6832,Lonato del Garda v.del Marchesino,Ozono,2015-06,106.14,720
6832,Lonato del Garda v.del Marchesino,Ozono,2015-07,121.16,744
6832,Lonato del Garda v.del Marchesino,Ozono,2015-08,101.69,744
6832,Lonato del Garda v.del Marchesino,Ozono,2015-09,68.72,705
6832,Lonato del Garda v.del Marchesino,Ozono,2015-10,33.49,744
6832,Lonato del Garda v.del Marchesino,Ozono,2015-11,12.32,720
6832,Lonato del Garda v.del Marchesino,Ozono,2015-12,4.59,574
6832,Lonato del Garda v.del Marchesino,Ozono,2016-01,13.02,629
6832,Lonato del Garda v.del Marchesino,Ozono,2016-02,29.43,696
6832,Lonato del Garda v.del Marchesino,Ozono,2016-03,46.96,744
6832,Lonato del Garda v.del Marchesino,Ozono,2016-04,61.73,716
6832,Lonato del Garda v.del Marchesino,Ozono,2016-05,67.44,743
6832,Lonato del Garda v.del Marchesino,Ozono,2016-06,73.35,720
6832,Lonato del Garda v.del Marchesino,Ozono,2016-07,92.38,720
6832,Lonato del Garda v.del Marchesino,Ozono,2016-08,77.17,744
6832,Lonato del Garda v.del Marchesino,Ozono,2016-09,70.05,623
6832,Lonato del Garda v.del Marchesino,Ozono,2016-10,19.49,744
6832,Lonato del Garda v.del Marchesino,Ozono,2016-11,12.66,720
6832,Lonato del Garda v.del Marchesino,Ozono,2016-12,7.15,742
6832,Lonato del Garda v.del Marchesino,Ozono,2017-01,20.26,744
6832,Lonato del Garda v.del Marchesino,Ozono,2017-02,15.12,672
6832,Lonato del Garda v.del Marchesino,Ozono,2017-03,40.87,708
6832,Lonato del Garda v.del Marchesino,Ozono,2017-04,55.97,719
6832,Lonato del Garda v.del Marchesino,Ozono,2017-05,60.36,739
6832,Lonato del Garda v.del Marchesino,Ozono,2017-06,91.89,701
6832,Lonato del Garda v.del Marchesino,Ozono,2017-07,92.48,744
6832,Lonato del Garda v.del Marchesino,Ozono,2017-08,96.24,741
6832,Lonato del Garda v.del Marchesino,Ozono,2017-09,44.01,673
6832,Lonato del Garda v.del Marchesino,Ozono,2017-10,36.09,455
6832,Lonato del Garda v.del Marchesino,Ozono,2017-11,27.50,681
6832,Lonato del Garda v.del Marchesino,Ozono,2017-12,12.44,711
6832,Lonato del Garda v.del Marchesino,Ozono,2018-01,13.40,1
6832,Lonato del Garda v.del Marchesino,Ozono,2018-01,16.17,740
6832,Lonato del Garda v.del Marchesino,Ozono,2018-02,27.81,672
6832,Lonato del Garda v.del Marchesino,Ozono,2018-03,36.02,744
6832,Lonato del Garda v.del Marchesino,Ozono,2018-04,68.59,720
6832,Lonato del Garda v.del Marchesino,Ozono,2018-05,74.22,740
6832,Lonato del Garda v.del Marchesino,Ozono,2018-06,92.01,719
6832,Lonato del Garda v.del Marchesino,Ozono,2018-07,113.36,744
6832,Lonato del Garda v.del Marchesino,Ozono,2018-08,102.24,744
6832,Lonato del Garda v.del Marchesino,Ozono,2018-09,81.93,698
6832,Lonato del Garda v.del Marchesino,Ozono,2018-10,50.70,735
6832,Lonato del Garda v.del Marchesino,Ozono,2018-11,21.57,720
6832,Lonato del Garda v.del Marchesino,Ozono,2018-12,10.96,744
6832,Lonato del Garda v.del Marchesino,Ozono,2019-01,21.78,744
6832,Lonato del Garda v.del Marchesino,Ozono,2019-02,32.86,671
6832,Lonato del Garda v.del Marchesino,Ozono,2019-03,58.19,744
6832,Lonato del Garda v.del Marchesino,Ozono,2019-04,61.74,620
6832,Lonato del Garda v.del Marchesino,Ozono,2019-05,66.20,724
6832,Lonato del Garda v.del Marchesino,Ozono,2019-06,114.53,720
6832,Lonato del Garda v.del Marchesino,Ozono,2019-07,112.72,744
6832,Lonato del Garda v.del Marchesino,Ozono,2019-08,89.23,744
6832,Lonato del Garda v.del Marchesino,Ozono,2019-09,67.26,720
6832,Lonato del Garda v.del Marchesino,Ozono,2019-10,34.29,701
6832,Lonato del Garda v.del Marchesino,Ozono,2019-11,26.86,720
6832,Lonato del Garda v.del Marchesino,Ozono,2019-12,17.50,744
6832,Lonato del Garda v.del Marchesino,Ozono,2020-01,13.80,744
6832,Lonato del Garda v.del Marchesino,Ozono,2020-02,30.04,696
6832,Lonato del Garda v.del Marchesino,Ozono,2020-03,46.67,739
6832,Lonato del Garda v.del Marchesino,Ozono,2020-04,82.04,679
6832,Lonato del Garda v.del Marchesino,Ozono,2020-05,85.61,741
6832,Lonato del Garda v.del Marchesino,Ozono,2020-06,86.16,720
6832,Lonato del Garda v.del Marchesino,Ozono,2020-07,103.95,744
6832,Lonato del Garda v.del Marchesino,Ozono,2020-08,95.45,744
6832,Lonato del Garda v.del Marchesino,Ozono,2020-09,80.48,720
6832,Lonato del Garda v.del Marchesino,Ozono,2020-10,35.02,743
6832,Lonato del Garda v.del Marchesino,Ozono,2020-11,16.33,720
6832,Lonato del Garda v.del Marchesino,Ozono,2020-12,15.73,744
6832,Lonato del Garda v.del Marchesino,Ozono,2021-01,29.45,744
6832,Lonato del Garda v.del Marchesino,Ozono,2021-02,30.22,672
6832,Lonato del Garda v.del Marchesino,Ozono,2021-03,67.36,744
6832,Lonato del Garda v.del Marchesino,Ozono,2021-04,81.48,714
6832,Lonato del Garda v.del Marchesino,Ozono,2021-05,78.00,743
6832,Lonato del Garda v.del Marchesino,Ozono,2021-06,102.97,714
6832,Lonato del Garda v.del Marchesino,Ozono,2021-07,96.00,744
6832,Lonato del Garda v.del Marchesino,Ozono,2021-08,96.34,744
6832,Lonato del Garda v.del Marchesino,Ozono,2021-09,88.62,719
6832,Lonato del Garda v.del Marchesino,Ozono,2021-10,47.70,741
6832,Lonato del Garda v.del Marchesino,Ozono,2021-11,21.38,720
6832,Lonato del Garda v.del Marchesino,Ozono,2021-12,10.92,744
6832,Lonato del Garda v.del Marchesino,Ozono,2022-01,16.79,742
6832,Lonato del Garda v.del Marchesino,Ozono,2022-02,39.77,672
6832,Lonato del Garda v.del Marchesino,Ozono,2022-03,75.43,744
6832,Lonato del Garda v.del Marchesino,Ozono,2022-04,81.74,711
6832,Lonato del Garda v.del Marchesino,Ozono,2022-05,86.52,665
6832,Lonato del Garda v.del Marchesino,Ozono,2022-06,98.30,719
6832,Lonato del Garda v.del Marchesino,Ozono,2022-07,111.29,741
6832,Lonato del Garda v.del Marchesino,Ozono,2022-08,98.55,743
6832,Lonato del Garda v.del Marchesino,Ozono,2022-09,70.37,717
6832,Lonato del Garda v.del Marchesino,Ozono,2022-10,48.06,737
6832,Lonato del Garda v.del Marchesino,Ozono,2022-11,18.96,690
6832,Lonato del Garda v.del Marchesino,Ozono,2022-12,9.79,744
6832,Lonato del Garda v.del Marchesino,Ozono,2023-01,18.41,743
6832,Lonato del Garda v.del Marchesino,Ozono,2023-02,35.02,672
6832,Lonato del Garda v.del Marchesino,Ozono,2023-03,55.72,744
6832,Lonato del Garda v.del Marchesino,Ozono,2023-04,75.12,718
6832,Lonato del Garda v.del Marchesino,Ozono,2023-05,65.99,743
6832,Lonato del Garda v.del Marchesino,Ozono,2023-06,96.63,717
6832,Lonato del Garda v.del Marchesino,Ozono,2023-07,86.66,588
6832,Lonato del Garda v.del Marchesino,Ozono,2023-08,99.72,744
6832,Lonato del Garda v.del Marchesino,Ozono,2023-09,89.68,720
6832,Lonato del Garda v.del Marchesino,Ozono,2023-10,58.00,681
6832,Lonato del Garda v.del Marchesino,Ozono,2023-11,31.27,719
6832,Lonato del Garda v.del Marchesino,Ozono,2023-12,18.22,744
6832,Lonato del Garda v.del Marchesino,Ozono,2024-01,17.96,738
6832,Lonato del Garda v.del Marchesino,Ozono,2024-02,52.86,226
6832,Lonato del Garda v.del Marchesino,Ozono,2024-03,55.24,741
6832,Lonato del Garda v.del Marchesino,Ozono,2024-04,80.23,581
6832,Lonato del Garda v.del Marchesino,Ozono,2024-05,79.80,664
6832,Lonato del Garda v.del Marchesino,Ozono,2024-06,83.33,716
6832,Lonato del Garda v.del Marchesino,Ozono,2024-07,108.33,718
6832,Lonato del Garda v.del Marchesino,Ozono,2024-08,111.27,744
6832,Lonato del Garda v.del Marchesino,Ozono,2024-09,76.65,719
6832,Lonato del Garda v.del Marchesino,Ozono,2024-10,35.05,744
6832,Lonato del Garda v.del Marchesino,Ozono,2024-11,18.03,552
6832,Lonato del Garda v.del Marchesino,Ozono,2024-12,19.15,729
6832,Lonato del Garda v.del Marchesino,Ozono,2025-01,20.37,657
6832,Lonato del Garda v.del Marchesino,Ozono,2025-02,32.75,517
6832,Lonato del Garda v.del Marchesino,Ozono,2025-03,73.44,658
6832,Lonato del Garda v.del Marchesino,Ozono,2025-04,79.32,720
6832,Lonato del Garda v.del Marchesino,Ozono,2025-05,89.29,744
6832,Lonato del Garda v.del Marchesino,Ozono,2025-06,109.57,718
6832,Lonato del Garda v.del Marchesino,Ozono,2025-07,91.23,720
6832,Lonato del Garda v.del Marchesino,Ozono,2025-08,92.28,663
6832,Lonato del Garda v.del Marchesino,Ozono,2025-09,67.35,632
6832,Lonato del Garda v.del Marchesino,Ozono,2025-10,44.27,742
6832,Lonato del Garda v.del Marchesino,Ozono,2025-11,27.64,719
6832,Lonato del Garda v.del Marchesino,Ozono,2025-12,16.44,691
6832,Lonato del Garda v.del Marchesino,Ozono,2026-01,18.30,1
6837,Manerbio v.Solferino,Biossido di Azoto,2000-01,87.06,607
6837,Manerbio v.Solferino,Biossido di Azoto,2000-02,80.44,625
6837,Manerbio v.Solferino,Biossido di Azoto,2000-03,69.06,662
6837,Manerbio v.Solferino,Biossido di Azoto,2000-04,45.49,612
6837,Manerbio v.Solferino,Biossido di Azoto,2000-05,36.88,534
6837,Manerbio v.Solferino,Biossido di Azoto,2000-06,35.99,672
6837,Manerbio v.Solferino,Biossido di Azoto,2000-07,27.70,728
6837,Manerbio v.Solferino,Biossido di Azoto,2000-08,25.66,522
6837,Manerbio v.Solferino,Biossido di Azoto,2000-09,46.29,717
6837,Manerbio v.Solferino,Biossido di Azoto,2000-10,41.24,743
6837,Manerbio v.Solferino,Biossido di Azoto,2000-11,47.21,720
6837,Manerbio v.Solferino,Biossido di Azoto,2000-12,55.22,742
6837,Manerbio v.Solferino,Biossido di Azoto,2001-01,59.86,744
6837,Manerbio v.Solferino,Biossido di Azoto,2001-02,68.52,672
6837,Manerbio v.Solferino,Biossido di Azoto,2001-03,52.71,741
6837,Manerbio v.Solferino,Biossido di Azoto,2001-04,39.14,717
6837,Manerbio v.Solferino,Biossido di Azoto,2001-05,35.06,534
6837,Manerbio v.Solferino,Biossido di Azoto,2001-06,30.12,240
6837,Manerbio v.Solferino,Biossido di Azoto,2001-07,20.51,477
6837,Manerbio v.Solferino,Biossido di Azoto,2001-08,29.45,661
6837,Manerbio v.Solferino,Biossido di Azoto,2001-09,44.00,620
6837,Manerbio v.Solferino,Biossido di Azoto,2001-10,49.17,699
6837,Manerbio v.Solferino,Biossido di Azoto,2001-11,61.69,720
6837,Manerbio v.Solferino,Biossido di Azoto,2001-12,84.70,736
6837,Manerbio v.Solferino,Biossido di Azoto,2002-01,77.61,736
6837,Manerbio v.Solferino,Biossido di Azoto,2002-02,62.91,656
6837,Manerbio v.Solferino,Biossido di Azoto,2002-03,53.44,738
6837,Manerbio v.Solferino,Biossido di Azoto,2002-04,39.07,720
6837,Manerbio v.Solferino,Biossido di Azoto,2002-05,27.80,644
6837,Manerbio v.Solferino,Biossido di Azoto,2002-06,31.93,720
6837,Manerbio v.Solferino,Biossido di Azoto,2002-07,23.96,697
6837,Manerbio v.Solferino,Biossido di Azoto,2002-08,22.06,558
6837,Manerbio v.Solferino,Biossido di Azoto,2002-09,35.18,718
6837,Manerbio v.Solferino,Biossido di Azoto,2002-10,52.60,744
6837,Manerbio v.Solferino,Biossido di Azoto,2002-11,55.90,702
6837,Manerbio v.Solferino,Biossido di Azoto,2002-12,49.24,734
6837,Manerbio v.Solferino,Biossido di Azoto,2003-01,68.72,743
6837,Manerbio v.Solferino,Biossido di Azoto,2003-02,73.09,633
6837,Manerbio v.Solferino,Biossido di Azoto,2003-03,36.71,673
6837,Manerbio v.Solferino,Biossido di Azoto,2003-04,43.04,427
6837,Manerbio v.Solferino,Biossido di Azoto,2003-05,29.12,535
6837,Manerbio v.Solferino,Biossido di Azoto,2003-06,31.36,482
6837,Manerbio v.Solferino,Biossido di Azoto,2003-07,23.55,501
6837,Manerbio v.Solferino,Biossido di Azoto,2003-08,26.03,261
6837,Manerbio v.Solferino,Biossido di Azoto,2003-09,40.88,534
6837,Manerbio v.Solferino,Biossido di Azoto,2003-10,30.78,44
6837,Manerbio v.Solferino,Biossido di Azoto,2003-11,43.92,254
6837,Manerbio v.Solferino,Biossido di Azoto,2003-12,53.81,511
6837,Manerbio v.Solferino,Biossido di Azoto,2004-01,46.45,743
6837,Manerbio v.Solferino,Biossido di Azoto,2004-02,53.76,630
6837,Manerbio v.Solferino,Biossido di Azoto,2004-03,34.71,598
6837,Manerbio v.Solferino,Biossido di Azoto,2004-04,18.70,247
6837,Manerbio v.Solferino,Biossido di Azoto,2004-05,19.78,628
6837,Manerbio v.Solferino,Biossido di Azoto,2004-06,24.84,388
6837,Manerbio v.Solferino,Biossido di Azoto,2004-07,39.98,263
6837,Manerbio v.Solferino,Biossido di Azoto,2004-08,32.06,515
6837,Manerbio v.Solferino,Biossido di Azoto,2004-09,37.15,250
6837,Manerbio v.Solferino,Biossido di Azoto,2004-10,35.59,744
6837,Manerbio v.Solferino,Biossido di Azoto,2004-11,46.60,655
6837,Manerbio v.Solferino,Biossido di Azoto,2004-12,79.82,714
6837,Manerbio v.Solferino,Biossido di Azoto,2005-01,61.53,741
6837,Manerbio v.Solferino,Biossido di Azoto,2005-02,78.29,632
6837,Manerbio v.Solferino,Biossido di Azoto,2005-03,67.13,739
6837,Manerbio v.Solferino,Biossido di Azoto,2005-04,50.81,710
6837,Manerbio v.Solferino,Biossido di Azoto,2005-05,40.52,718
6837,Manerbio v.Solferino,Biossido di Azoto,2005-06,21.76,654
6837,Manerbio v.Solferino,Biossido di Azoto,2005-07,23.04,683
6837,Manerbio v.Solferino,Biossido di Azoto,2005-08,15.65,713
6837,Manerbio v.Solferino,Biossido di Azoto,2005-09,27.88,718
6837,Manerbio v.Solferino,Biossido di Azoto,2005-10,46.90,722
6837,Manerbio v.Solferino,Biossido di Azoto,2005-11,55.04,716
6837,Manerbio v.Solferino,Biossido di Azoto,2005-12,59.62,729
6837,Manerbio v.Solferino,Biossido di Azoto,2006-01,77.58,596
6837,Manerbio v.Solferino,Biossido di Azoto,2006-02,88.18,671
6837,Manerbio v.Solferino,Biossido di Azoto,2006-03,44.03,606
6837,Manerbio v.Solferino,Biossido di Azoto,2006-04,32.11,709
6837,Manerbio v.Solferino,Biossido di Azoto,2006-05,20.02,688
6837,Manerbio v.Solferino,Biossido di Azoto,2006-06,29.34,507
6837,Manerbio v.Solferino,Biossido di Azoto,2006-07,23.92,740
6837,Manerbio v.Solferino,Biossido di Azoto,2006-08,13.26,743
6837,Manerbio v.Solferino,Biossido di Azoto,2006-09,35.89,715
6837,Manerbio v.Solferino,Biossido di Azoto,2006-10,40.43,715
6837,Manerbio v.Solferino,Biossido di Azoto,2006-11,44.81,720
6837,Manerbio v.Solferino,Biossido di Azoto,2006-12,44.43,732
6837,Manerbio v.Solferino,Biossido di Azoto,2007-01,45.45,709
6837,Manerbio v.Solferino,Biossido di Azoto,2007-03,40.56,729
6837,Manerbio v.Solferino,Biossido di Azoto,2007-04,42.15,720
6837,Manerbio v.Solferino,Biossido di Azoto,2007-05,31.89,679
6837,Manerbio v.Solferino,Biossido di Azoto,2007-06,27.26,706
6837,Manerbio v.Solferino,Biossido di Azoto,2007-07,31.30,737
6837,Manerbio v.Solferino,Biossido di Azoto,2007-08,23.64,744
6837,Manerbio v.Solferino,Biossido di Azoto,2007-09,29.14,706
6837,Manerbio v.Solferino,Biossido di Azoto,2007-10,63.03,686
6837,Manerbio v.Solferino,Biossido di Azoto,2007-11,43.33,708
6837,Manerbio v.Solferino,Biossido di Azoto,2007-12,13.90,464
6837,Manerbio v.Solferino,Biossido di Azoto,2008-01,47.58,584
6837,Manerbio v.Solferino,Biossido di Azoto,2008-02,45.52,692
6837,Manerbio v.Solferino,Biossido di Azoto,2008-03,30.79,744
6837,Manerbio v.Solferino,Biossido di Azoto,2008-04,24.90,719
6837,Manerbio v.Solferino,Biossido di Azoto,2008-05,16.68,739
6837,Manerbio v.Solferino,Biossido di Azoto,2008-06,11.88,720
6837,Manerbio v.Solferino,Biossido di Azoto,2008-07,15.17,741
6837,Manerbio v.Solferino,Biossido di Azoto,2008-08,20.02,744
6837,Manerbio v.Solferino,Biossido di Azoto,2008-09,26.71,720
6837,Manerbio v.Solferino,Biossido di Azoto,2008-10,33.17,744
6837,Manerbio v.Solferino,Biossido di Azoto,2008-11,32.14,720
6837,Manerbio v.Solferino,Biossido di Azoto,2008-12,42.82,744
6837,Manerbio v.Solferino,Biossido di Azoto,2009-01,60.97,744
6837,Manerbio v.Solferino,Biossido di Azoto,2009-02,38.27,672
6837,Manerbio v.Solferino,Biossido di Azoto,2009-03,29.36,743
6837,Manerbio v.Solferino,Biossido di Azoto,2009-04,14.20,654
6837,Manerbio v.Solferino,Biossido di Azoto,2009-05,20.45,507
6837,Manerbio v.Solferino,Biossido di Azoto,2009-06,19.09,719
6837,Manerbio v.Solferino,Biossido di Azoto,2009-07,16.05,743
6837,Manerbio v.Solferino,Biossido di Azoto,2009-08,14.28,743
6837,Manerbio v.Solferino,Biossido di Azoto,2009-09,26.02,719
6837,Manerbio v.Solferino,Biossido di Azoto,2009-10,37.87,691
6837,Manerbio v.Solferino,Biossido di Azoto,2009-11,34.76,720
6837,Manerbio v.Solferino,Biossido di Azoto,2009-12,45.86,743
6837,Manerbio v.Solferino,Biossido di Azoto,2010-01,40.90,1
6837,Manerbio v.Solferino,Biossido di Azoto,2010-01,51.06,631
6837,Manerbio v.Solferino,Biossido di Azoto,2010-02,53.62,648
6837,Manerbio v.Solferino,Biossido di Azoto,2010-03,40.00,744
6837,Manerbio v.Solferino,Biossido di Azoto,2010-04,33.76,719
6837,Manerbio v.Solferino,Biossido di Azoto,2010-05,25.44,743
6837,Manerbio v.Solferino,Biossido di Azoto,2010-06,19.66,716
6837,Manerbio v.Solferino,Biossido di Azoto,2010-07,12.13,744
6837,Manerbio v.Solferino,Biossido di Azoto,2010-08,16.88,743
6837,Manerbio v.Solferino,Biossido di Azoto,2010-09,25.79,719
6837,Manerbio v.Solferino,Biossido di Azoto,2010-10,27.99,743
6837,Manerbio v.Solferino,Biossido di Azoto,2010-11,27.27,699
6837,Manerbio v.Solferino,Biossido di Azoto,2010-12,39.75,744
6837,Manerbio v.Solferino,Biossido di Azoto,2011-01,37.68,694
6837,Manerbio v.Solferino,Biossido di Azoto,2011-02,45.31,672
6837,Manerbio v.Solferino,Biossido di Azoto,2011-03,32.26,744
6837,Manerbio v.Solferino,Biossido di Azoto,2011-04,31.63,718
6837,Manerbio v.Solferino,Biossido di Azoto,2011-05,18.69,743
6837,Manerbio v.Solferino,Biossido di Azoto,2011-06,13.05,716
6837,Manerbio v.Solferino,Biossido di Azoto,2011-07,16.42,743
6837,Manerbio v.Solferino,Biossido di Azoto,2011-08,21.07,738
6837,Manerbio v.Solferino,Biossido di Azoto,2011-09,26.42,719
6837,Manerbio v.Solferino,Biossido di Azoto,2011-10,30.71,740
6837,Manerbio v.Solferino,Biossido di Azoto,2011-11,36.30,717
6837,Manerbio v.Solferino,Biossido di Azoto,2011-12,51.13,743
6837,Manerbio v.Solferino,Biossido di Azoto,2012-01,47.83,743
6837,Manerbio v.Solferino,Biossido di Azoto,2012-02,31.00,695
6837,Manerbio v.Solferino,Biossido di Azoto,2012-03,43.03,580
6837,Manerbio v.Solferino,Biossido di Azoto,2012-04,22.88,684
6837,Manerbio v.Solferino,Biossido di Azoto,2012-05,19.45,674
6837,Manerbio v.Solferino,Biossido di Azoto,2012-06,17.17,719
6837,Manerbio v.Solferino,Biossido di Azoto,2012-07,17.60,743
6837,Manerbio v.Solferino,Biossido di Azoto,2012-08,17.96,743
6837,Manerbio v.Solferino,Biossido di Azoto,2012-09,22.67,717
6837,Manerbio v.Solferino,Biossido di Azoto,2012-10,20.88,738
6837,Manerbio v.Solferino,Biossido di Azoto,2012-11,32.76,719
6837,Manerbio v.Solferino,Biossido di Azoto,2012-12,41.95,707
6837,Manerbio v.Solferino,Biossido di Azoto,2013-01,41.24,736
6837,Manerbio v.Solferino,Biossido di Azoto,2013-02,50.92,672
6837,Manerbio v.Solferino,Biossido di Azoto,2013-03,34.00,723
6837,Manerbio v.Solferino,Biossido di Azoto,2013-04,16.65,720
6837,Manerbio v.Solferino,Biossido di Azoto,2013-05,7.87,711
6837,Manerbio v.Solferino,Biossido di Azoto,2013-06,13.42,568
6837,Manerbio v.Solferino,Biossido di Azoto,2013-07,19.59,680
6837,Manerbio v.Solferino,Biossido di Azoto,2013-08,12.75,668
6837,Manerbio v.Solferino,Biossido di Azoto,2013-09,12.03,703
6837,Manerbio v.Solferino,Biossido di Azoto,2013-10,20.22,732
6837,Manerbio v.Solferino,Biossido di Azoto,2013-11,31.66,713
6837,Manerbio v.Solferino,Biossido di Azoto,2013-12,42.96,462
6837,Manerbio v.Solferino,Biossido di Azoto,2014-01,26.93,744
6837,Manerbio v.Solferino,Biossido di Azoto,2014-02,23.60,595
6837,Manerbio v.Solferino,Biossido di Azoto,2014-03,26.51,606
6837,Manerbio v.Solferino,Biossido di Azoto,2014-04,16.86,698
6837,Manerbio v.Solferino,Biossido di Azoto,2014-05,14.35,726
6837,Manerbio v.Solferino,Biossido di Azoto,2014-06,20.40,392
6837,Manerbio v.Solferino,Biossido di Azoto,2014-07,13.94,534
6837,Manerbio v.Solferino,Biossido di Azoto,2014-08,10.26,740
6837,Manerbio v.Solferino,Biossido di Azoto,2014-09,16.57,670
6837,Manerbio v.Solferino,Biossido di Azoto,2014-10,23.88,662
6837,Manerbio v.Solferino,Biossido di Azoto,2014-11,25.97,618
6837,Manerbio v.Solferino,Biossido di Azoto,2014-12,31.28,708
6837,Manerbio v.Solferino,Biossido di Azoto,2015-01,41.12,742
6837,Manerbio v.Solferino,Biossido di Azoto,2015-02,47.65,613
6837,Manerbio v.Solferino,Biossido di Azoto,2015-03,34.44,49
6838,Manerbio v.Solferino,Biossido di Zolfo,2000-01,7.57,610
6838,Manerbio v.Solferino,Biossido di Zolfo,2000-02,7.65,627
6838,Manerbio v.Solferino,Biossido di Zolfo,2000-03,6.48,654
6838,Manerbio v.Solferino,Biossido di Zolfo,2000-04,4.70,612
6838,Manerbio v.Solferino,Biossido di Zolfo,2000-05,5.85,520
6838,Manerbio v.Solferino,Biossido di Zolfo,2000-06,6.83,630
6838,Manerbio v.Solferino,Biossido di Zolfo,2000-07,6.07,742
6838,Manerbio v.Solferino,Biossido di Zolfo,2000-08,4.57,719
6838,Manerbio v.Solferino,Biossido di Zolfo,2000-09,7.11,717
6838,Manerbio v.Solferino,Biossido di Zolfo,2000-10,7.74,744
6838,Manerbio v.Solferino,Biossido di Zolfo,2000-11,10.02,720
6838,Manerbio v.Solferino,Biossido di Zolfo,2000-12,10.43,728
6838,Manerbio v.Solferino,Biossido di Zolfo,2001-01,8.92,744
6838,Manerbio v.Solferino,Biossido di Zolfo,2001-02,9.39,671
6838,Manerbio v.Solferino,Biossido di Zolfo,2001-03,6.66,742
6838,Manerbio v.Solferino,Biossido di Zolfo,2001-04,9.07,717
6838,Manerbio v.Solferino,Biossido di Zolfo,2001-05,4.66,549
6838,Manerbio v.Solferino,Biossido di Zolfo,2001-06,5.30,556
6838,Manerbio v.Solferino,Biossido di Zolfo,2001-07,4.36,531
6838,Manerbio v.Solferino,Biossido di Zolfo,2001-08,4.27,735
6838,Manerbio v.Solferino,Biossido di Zolfo,2001-09,6.27,597
6838,Manerbio v.Solferino,Biossido di Zolfo,2001-10,6.40,744
6838,Manerbio v.Solferino,Biossido di Zolfo,2001-11,11.72,716
6838,Manerbio v.Solferino,Biossido di Zolfo,2001-12,14.88,709
6838,Manerbio v.Solferino,Biossido di Zolfo,2002-01,17.65,718
6838,Manerbio v.Solferino,Biossido di Zolfo,2002-02,11.08,641
6838,Manerbio v.Solferino,Biossido di Zolfo,2002-03,10.46,732
6838,Manerbio v.Solferino,Biossido di Zolfo,2002-04,8.35,720
6838,Manerbio v.Solferino,Biossido di Zolfo,2002-05,5.72,728
6838,Manerbio v.Solferino,Biossido di Zolfo,2002-06,6.62,720
6838,Manerbio v.Solferino,Biossido di Zolfo,2002-07,7.41,687
6838,Manerbio v.Solferino,Biossido di Zolfo,2002-08,6.81,670
6838,Manerbio v.Solferino,Biossido di Zolfo,2002-09,7.81,720
6838,Manerbio v.Solferino,Biossido di Zolfo,2002-10,7.65,743
6838,Manerbio v.Solferino,Biossido di Zolfo,2002-11,7.79,702
6838,Manerbio v.Solferino,Biossido di Zolfo,2002-12,9.02,744
6838,Manerbio v.Solferino,Biossido di Zolfo,2003-01,10.52,735
6838,Manerbio v.Solferino,Biossido di Zolfo,2003-02,11.81,593
6838,Manerbio v.Solferino,Biossido di Zolfo,2003-03,8.92,664
6838,Manerbio v.Solferino,Biossido di Zolfo,2003-04,7.17,506
6838,Manerbio v.Solferino,Biossido di Zolfo,2003-05,3.40,530
6838,Manerbio v.Solferino,Biossido di Zolfo,2003-06,2.68,470
6838,Manerbio v.Solferino,Biossido di Zolfo,2003-07,2.93,512
6838,Manerbio v.Solferino,Biossido di Zolfo,2003-08,3.92,248
6838,Manerbio v.Solferino,Biossido di Zolfo,2003-09,7.36,305
6840,Manerbio v.Solferino,Ossidi di Azoto,2000-01,221.01,199
6840,Manerbio v.Solferino,Ossidi di Azoto,2000-02,192.35,584
6840,Manerbio v.Solferino,Ossidi di Azoto,2000-03,118.05,626
6840,Manerbio v.Solferino,Ossidi di Azoto,2000-04,58.59,612
6840,Manerbio v.Solferino,Ossidi di Azoto,2000-05,47.29,534
6840,Manerbio v.Solferino,Ossidi di Azoto,2000-06,44.42,672
6840,Manerbio v.Solferino,Ossidi di Azoto,2000-07,34.45,727
6840,Manerbio v.Solferino,Ossidi di Azoto,2000-08,33.80,506
6840,Manerbio v.Solferino,Ossidi di Azoto,2000-09,75.99,717
6840,Manerbio v.Solferino,Ossidi di Azoto,2000-10,96.86,743
6840,Manerbio v.Solferino,Ossidi di Azoto,2000-11,160.53,720
6840,Manerbio v.Solferino,Ossidi di Azoto,2000-12,199.82,742
6840,Manerbio v.Solferino,Ossidi di Azoto,2001-01,158.54,744
6840,Manerbio v.Solferino,Ossidi di Azoto,2001-02,183.35,672
6840,Manerbio v.Solferino,Ossidi di Azoto,2001-03,92.08,741
6840,Manerbio v.Solferino,Ossidi di Azoto,2001-04,54.62,715
6840,Manerbio v.Solferino,Ossidi di Azoto,2001-05,43.11,481
6840,Manerbio v.Solferino,Ossidi di Azoto,2001-06,37.59,209
6840,Manerbio v.Solferino,Ossidi di Azoto,2001-07,26.61,444
6840,Manerbio v.Solferino,Ossidi di Azoto,2001-08,37.86,661
6840,Manerbio v.Solferino,Ossidi di Azoto,2001-09,70.04,620
6840,Manerbio v.Solferino,Ossidi di Azoto,2001-10,103.10,699
6840,Manerbio v.Solferino,Ossidi di Azoto,2001-11,146.58,720
6840,Manerbio v.Solferino,Ossidi di Azoto,2001-12,221.02,736
6840,Manerbio v.Solferino,Ossidi di Azoto,2002-01,227.61,736
6840,Manerbio v.Solferino,Ossidi di Azoto,2002-02,133.59,656
6840,Manerbio v.Solferino,Ossidi di Azoto,2002-03,100.22,738
6840,Manerbio v.Solferino,Ossidi di Azoto,2002-04,53.31,720
6840,Manerbio v.Solferino,Ossidi di Azoto,2002-05,34.88,644
6840,Manerbio v.Solferino,Ossidi di Azoto,2002-06,38.14,720
6840,Manerbio v.Solferino,Ossidi di Azoto,2002-07,31.22,696
6840,Manerbio v.Solferino,Ossidi di Azoto,2002-08,28.81,558
6840,Manerbio v.Solferino,Ossidi di Azoto,2002-09,48.58,718
6840,Manerbio v.Solferino,Ossidi di Azoto,2002-10,82.02,744
6840,Manerbio v.Solferino,Ossidi di Azoto,2002-11,124.04,702
6840,Manerbio v.Solferino,Ossidi di Azoto,2002-12,161.53,734
6840,Manerbio v.Solferino,Ossidi di Azoto,2003-01,171.01,743
6840,Manerbio v.Solferino,Ossidi di Azoto,2003-02,149.92,631
6840,Manerbio v.Solferino,Ossidi di Azoto,2003-03,54.98,665
6840,Manerbio v.Solferino,Ossidi di Azoto,2003-04,57.14,427
6840,Manerbio v.Solferino,Ossidi di Azoto,2003-05,38.13,532
6840,Manerbio v.Solferino,Ossidi di Azoto,2003-06,39.48,482
6840,Manerbio v.Solferino,Ossidi di Azoto,2003-07,30.43,496
6840,Manerbio v.Solferino,Ossidi di Azoto,2003-08,33.69,253
6840,Manerbio v.Solferino,Ossidi di Azoto,2003-09,56.55,532
6840,Manerbio v.Solferino,Ossidi di Azoto,2003-10,53.85,44
6840,Manerbio v.Solferino,Ossidi di Azoto,2003-11,92.75,254
6840,Manerbio v.Solferino,Ossidi di Azoto,2003-12,144.80,511
6840,Manerbio v.Solferino,Ossidi di Azoto,2004-01,109.48,743
6840,Manerbio v.Solferino,Ossidi di Azoto,2004-02,114.37,630
6840,Manerbio v.Solferino,Ossidi di Azoto,2004-03,59.20,597
6840,Manerbio v.Solferino,Ossidi di Azoto,2004-04,36.95,247
6840,Manerbio v.Solferino,Ossidi di Azoto,2004-05,27.47,628
6840,Manerbio v.Solferino,Ossidi di Azoto,2004-06,33.92,388
6840,Manerbio v.Solferino,Ossidi di Azoto,2004-07,52.72,263
6840,Manerbio v.Solferino,Ossidi di Azoto,2004-08,42.83,515
6840,Manerbio v.Solferino,Ossidi di Azoto,2004-09,53.68,250
6840,Manerbio v.Solferino,Ossidi di Azoto,2004-10,66.10,744
6840,Manerbio v.Solferino,Ossidi di Azoto,2004-11,114.78,655
6840,Manerbio v.Solferino,Ossidi di Azoto,2004-12,166.68,714
6840,Manerbio v.Solferino,Ossidi di Azoto,2005-01,100.94,741
6840,Manerbio v.Solferino,Ossidi di Azoto,2005-02,114.38,632
6840,Manerbio v.Solferino,Ossidi di Azoto,2005-03,82.92,739
6840,Manerbio v.Solferino,Ossidi di Azoto,2005-04,57.33,710
6840,Manerbio v.Solferino,Ossidi di Azoto,2005-05,44.36,718
6840,Manerbio v.Solferino,Ossidi di Azoto,2005-06,24.12,654
6840,Manerbio v.Solferino,Ossidi di Azoto,2005-07,25.64,683
6840,Manerbio v.Solferino,Ossidi di Azoto,2005-08,17.90,713
6840,Manerbio v.Solferino,Ossidi di Azoto,2005-09,30.93,718
6840,Manerbio v.Solferino,Ossidi di Azoto,2005-10,55.08,722
6840,Manerbio v.Solferino,Ossidi di Azoto,2005-11,77.40,716
6840,Manerbio v.Solferino,Ossidi di Azoto,2005-12,150.39,729
6840,Manerbio v.Solferino,Ossidi di Azoto,2006-01,179.81,595
6840,Manerbio v.Solferino,Ossidi di Azoto,2006-02,195.65,671
6840,Manerbio v.Solferino,Ossidi di Azoto,2006-03,74.15,606
6840,Manerbio v.Solferino,Ossidi di Azoto,2006-04,70.75,709
6840,Manerbio v.Solferino,Ossidi di Azoto,2006-05,31.55,687
6840,Manerbio v.Solferino,Ossidi di Azoto,2006-06,38.38,507
6840,Manerbio v.Solferino,Ossidi di Azoto,2006-07,36.75,740
6840,Manerbio v.Solferino,Ossidi di Azoto,2006-08,18.70,743
6840,Manerbio v.Solferino,Ossidi di Azoto,2006-09,53.84,715
6840,Manerbio v.Solferino,Ossidi di Azoto,2006-10,95.39,715
6840,Manerbio v.Solferino,Ossidi di Azoto,2006-11,159.09,720
6840,Manerbio v.Solferino,Ossidi di Azoto,2006-12,179.09,732
6840,Manerbio v.Solferino,Ossidi di Azoto,2007-01,150.47,709
6840,Manerbio v.Solferino,Ossidi di Azoto,2007-03,94.65,729
6840,Manerbio v.Solferino,Ossidi di Azoto,2007-04,80.68,720
6840,Manerbio v.Solferino,Ossidi di Azoto,2007-05,41.80,679
6840,Manerbio v.Solferino,Ossidi di Azoto,2007-06,34.96,706
6840,Manerbio v.Solferino,Ossidi di Azoto,2007-07,38.48,744
6840,Manerbio v.Solferino,Ossidi di Azoto,2007-08,30.06,743
6840,Manerbio v.Solferino,Ossidi di Azoto,2007-09,37.81,711
6840,Manerbio v.Solferino,Ossidi di Azoto,2007-10,87.58,700
6840,Manerbio v.Solferino,Ossidi di Azoto,2007-11,100.34,708
6840,Manerbio v.Solferino,Ossidi di Azoto,2007-12,87.60,464
6840,Manerbio v.Solferino,Ossidi di Azoto,2008-01,139.81,584
6840,Manerbio v.Solferino,Ossidi di Azoto,2008-02,126.92,696
6840,Manerbio v.Solferino,Ossidi di Azoto,2008-03,57.28,744
6840,Manerbio v.Solferino,Ossidi di Azoto,2008-04,44.25,719
6840,Manerbio v.Solferino,Ossidi di Azoto,2008-05,64.38,739
6840,Manerbio v.Solferino,Ossidi di Azoto,2008-06,70.56,720
6840,Manerbio v.Solferino,Ossidi di Azoto,2008-07,23.25,741
6840,Manerbio v.Solferino,Ossidi di Azoto,2008-08,24.56,744
6840,Manerbio v.Solferino,Ossidi di Azoto,2008-09,43.21,720
6840,Manerbio v.Solferino,Ossidi di Azoto,2008-10,80.59,744
6840,Manerbio v.Solferino,Ossidi di Azoto,2008-11,112.35,720
6840,Manerbio v.Solferino,Ossidi di Azoto,2008-12,132.81,744
6840,Manerbio v.Solferino,Ossidi di Azoto,2009-01,152.10,744
6840,Manerbio v.Solferino,Ossidi di Azoto,2009-02,84.90,671
6840,Manerbio v.Solferino,Ossidi di Azoto,2009-03,41.84,742
6840,Manerbio v.Solferino,Ossidi di Azoto,2009-04,20.91,654
6840,Manerbio v.Solferino,Ossidi di Azoto,2009-05,49.56,484
6840,Manerbio v.Solferino,Ossidi di Azoto,2009-06,20.75,719
6840,Manerbio v.Solferino,Ossidi di Azoto,2009-07,17.15,743
6840,Manerbio v.Solferino,Ossidi di Azoto,2009-08,17.53,743
6840,Manerbio v.Solferino,Ossidi di Azoto,2009-09,38.68,719
6840,Manerbio v.Solferino,Ossidi di Azoto,2009-10,89.49,692
6840,Manerbio v.Solferino,Ossidi di Azoto,2009-11,92.88,720
6840,Manerbio v.Solferino,Ossidi di Azoto,2009-12,144.07,742
6840,Manerbio v.Solferino,Ossidi di Azoto,2010-01,103.20,1
6840,Manerbio v.Solferino,Ossidi di Azoto,2010-01,128.44,631
6840,Manerbio v.Solferino,Ossidi di Azoto,2010-02,100.18,648
6840,Manerbio v.Solferino,Ossidi di Azoto,2010-03,62.34,744
6840,Manerbio v.Solferino,Ossidi di Azoto,2010-04,49.93,719
6840,Manerbio v.Solferino,Ossidi di Azoto,2010-05,30.60,743
6840,Manerbio v.Solferino,Ossidi di Azoto,2010-06,23.38,717
6840,Manerbio v.Solferino,Ossidi di Azoto,2010-07,15.96,744
6840,Manerbio v.Solferino,Ossidi di Azoto,2010-08,21.28,743
6840,Manerbio v.Solferino,Ossidi di Azoto,2010-09,38.02,719
6840,Manerbio v.Solferino,Ossidi di Azoto,2010-10,69.40,744
6840,Manerbio v.Solferino,Ossidi di Azoto,2010-11,73.78,701
6840,Manerbio v.Solferino,Ossidi di Azoto,2010-12,127.94,744
6840,Manerbio v.Solferino,Ossidi di Azoto,2011-01,103.85,694
6840,Manerbio v.Solferino,Ossidi di Azoto,2011-02,119.36,672
6840,Manerbio v.Solferino,Ossidi di Azoto,2011-03,53.63,743
6840,Manerbio v.Solferino,Ossidi di Azoto,2011-04,42.57,718
6840,Manerbio v.Solferino,Ossidi di Azoto,2011-05,21.50,744
6840,Manerbio v.Solferino,Ossidi di Azoto,2011-06,16.17,717
6840,Manerbio v.Solferino,Ossidi di Azoto,2011-07,19.22,743
6840,Manerbio v.Solferino,Ossidi di Azoto,2011-08,24.21,739
6840,Manerbio v.Solferino,Ossidi di Azoto,2011-09,37.00,719
6840,Manerbio v.Solferino,Ossidi di Azoto,2011-10,61.52,741
6840,Manerbio v.Solferino,Ossidi di Azoto,2011-11,118.31,718
6840,Manerbio v.Solferino,Ossidi di Azoto,2011-12,197.66,743
6840,Manerbio v.Solferino,Ossidi di Azoto,2012-01,163.88,742
6840,Manerbio v.Solferino,Ossidi di Azoto,2012-02,55.23,696
6840,Manerbio v.Solferino,Ossidi di Azoto,2012-03,77.00,601
6840,Manerbio v.Solferino,Ossidi di Azoto,2012-04,30.50,685
6840,Manerbio v.Solferino,Ossidi di Azoto,2012-05,25.25,684
6840,Manerbio v.Solferino,Ossidi di Azoto,2012-06,21.83,719
6840,Manerbio v.Solferino,Ossidi di Azoto,2012-07,20.31,743
6840,Manerbio v.Solferino,Ossidi di Azoto,2012-08,20.33,743
6840,Manerbio v.Solferino,Ossidi di Azoto,2012-09,30.58,712
6840,Manerbio v.Solferino,Ossidi di Azoto,2012-10,47.57,737
6840,Manerbio v.Solferino,Ossidi di Azoto,2012-11,101.62,718
6840,Manerbio v.Solferino,Ossidi di Azoto,2012-12,107.07,713
6840,Manerbio v.Solferino,Ossidi di Azoto,2013-01,90.18,728
6840,Manerbio v.Solferino,Ossidi di Azoto,2013-02,88.76,654
6840,Manerbio v.Solferino,Ossidi di Azoto,2013-03,49.93,723
6840,Manerbio v.Solferino,Ossidi di Azoto,2013-04,22.76,711
6840,Manerbio v.Solferino,Ossidi di Azoto,2013-05,9.49,712
6840,Manerbio v.Solferino,Ossidi di Azoto,2013-06,21.73,571
6840,Manerbio v.Solferino,Ossidi di Azoto,2013-07,21.50,679
6840,Manerbio v.Solferino,Ossidi di Azoto,2013-08,14.10,635
6840,Manerbio v.Solferino,Ossidi di Azoto,2013-09,16.59,703
6840,Manerbio v.Solferino,Ossidi di Azoto,2013-10,36.30,701
6840,Manerbio v.Solferino,Ossidi di Azoto,2013-11,89.28,713
6840,Manerbio v.Solferino,Ossidi di Azoto,2013-12,192.70,462
6840,Manerbio v.Solferino,Ossidi di Azoto,2014-01,76.81,744
6840,Manerbio v.Solferino,Ossidi di Azoto,2014-02,53.51,594
6840,Manerbio v.Solferino,Ossidi di Azoto,2014-03,56.62,604
6840,Manerbio v.Solferino,Ossidi di Azoto,2014-04,33.37,698
6840,Manerbio v.Solferino,Ossidi di Azoto,2014-05,16.37,726
6840,Manerbio v.Solferino,Ossidi di Azoto,2014-06,18.62,392
6840,Manerbio v.Solferino,Ossidi di Azoto,2014-07,16.65,534
6840,Manerbio v.Solferino,Ossidi di Azoto,2014-08,12.43,740
6840,Manerbio v.Solferino,Ossidi di Azoto,2014-09,24.24,670
6840,Manerbio v.Solferino,Ossidi di Azoto,2014-10,51.83,662
6840,Manerbio v.Solferino,Ossidi di Azoto,2014-11,83.23,618
6840,Manerbio v.Solferino,Ossidi di Azoto,2014-12,91.14,708
6840,Manerbio v.Solferino,Ossidi di Azoto,2015-01,117.08,741
6840,Manerbio v.Solferino,Ossidi di Azoto,2015-02,109.26,613
6840,Manerbio v.Solferino,Ossidi di Azoto,2015-03,59.79,49
6841,Odolo v.Praes,Biossido di Azoto,2013-12,26.49,456
6841,Odolo v.Praes,Biossido di Azoto,2014-01,23.95,744
6841,Odolo v.Praes,Biossido di Azoto,2014-02,28.54,671
6841,Odolo v.Praes,Biossido di Azoto,2014-03,28.40,744
6841,Odolo v.Praes,Biossido di Azoto,2014-04,18.20,696
6841,Odolo v.Praes,Biossido di Azoto,2014-05,15.30,725
6841,Odolo v.Praes,Biossido di Azoto,2014-06,12.78,720
6841,Odolo v.Praes,Biossido di Azoto,2014-07,11.69,742
6841,Odolo v.Praes,Biossido di Azoto,2014-08,7.93,743
6841,Odolo v.Praes,Biossido di Azoto,2014-09,13.63,719
6841,Odolo v.Praes,Biossido di Azoto,2014-10,20.20,744
6841,Odolo v.Praes,Biossido di Azoto,2014-11,21.24,719
6841,Odolo v.Praes,Biossido di Azoto,2014-12,27.04,740
6841,Odolo v.Praes,Biossido di Azoto,2015-01,34.55,743
6841,Odolo v.Praes,Biossido di Azoto,2015-02,35.92,672
6841,Odolo v.Praes,Biossido di Azoto,2015-03,26.86,743
6841,Odolo v.Praes,Biossido di Azoto,2015-04,19.64,624
6841,Odolo v.Praes,Biossido di Azoto,2015-05,11.36,743
6841,Odolo v.Praes,Biossido di Azoto,2015-06,10.91,695
6841,Odolo v.Praes,Biossido di Azoto,2015-07,13.45,700
6841,Odolo v.Praes,Biossido di Azoto,2015-08,10.58,744
6841,Odolo v.Praes,Biossido di Azoto,2015-09,13.47,700
6841,Odolo v.Praes,Biossido di Azoto,2015-10,18.37,732
6841,Odolo v.Praes,Biossido di Azoto,2015-11,29.32,720
6841,Odolo v.Praes,Biossido di Azoto,2015-12,30.41,744
6841,Odolo v.Praes,Biossido di Azoto,2016-01,36.31,744
6841,Odolo v.Praes,Biossido di Azoto,2016-02,28.11,696
6841,Odolo v.Praes,Biossido di Azoto,2016-03,21.12,725
6841,Odolo v.Praes,Biossido di Azoto,2016-04,13.80,719
6841,Odolo v.Praes,Biossido di Azoto,2016-05,10.50,744
6841,Odolo v.Praes,Biossido di Azoto,2016-06,9.47,710
6841,Odolo v.Praes,Biossido di Azoto,2016-07,7.80,648
6841,Odolo v.Praes,Biossido di Azoto,2016-08,10.77,683
6841,Odolo v.Praes,Biossido di Azoto,2016-09,19.26,719
6841,Odolo v.Praes,Biossido di Azoto,2016-10,19.20,744
6841,Odolo v.Praes,Biossido di Azoto,2016-11,27.66,719
6841,Odolo v.Praes,Biossido di Azoto,2016-12,29.58,659
6841,Odolo v.Praes,Biossido di Azoto,2017-01,40.95,744
6841,Odolo v.Praes,Biossido di Azoto,2017-02,32.63,672
6841,Odolo v.Praes,Biossido di Azoto,2017-03,26.56,732
6841,Odolo v.Praes,Biossido di Azoto,2017-04,17.65,719
6841,Odolo v.Praes,Biossido di Azoto,2017-05,13.23,743
6841,Odolo v.Praes,Biossido di Azoto,2017-06,12.62,720
6841,Odolo v.Praes,Biossido di Azoto,2017-07,13.20,659
6841,Odolo v.Praes,Biossido di Azoto,2017-08,8.39,743
6841,Odolo v.Praes,Biossido di Azoto,2017-09,14.69,673
6841,Odolo v.Praes,Biossido di Azoto,2017-10,17.99,742
6841,Odolo v.Praes,Biossido di Azoto,2017-11,47.70,720
6841,Odolo v.Praes,Biossido di Azoto,2017-12,48.56,744
6841,Odolo v.Praes,Biossido di Azoto,2018-01,31.00,1
6841,Odolo v.Praes,Biossido di Azoto,2018-01,31.78,743
6841,Odolo v.Praes,Biossido di Azoto,2018-02,29.36,672
6841,Odolo v.Praes,Biossido di Azoto,2018-03,28.04,744
6841,Odolo v.Praes,Biossido di Azoto,2018-04,15.76,720
6841,Odolo v.Praes,Biossido di Azoto,2018-05,13.72,722
6841,Odolo v.Praes,Biossido di Azoto,2018-06,13.03,716
6841,Odolo v.Praes,Biossido di Azoto,2018-07,11.28,503
6841,Odolo v.Praes,Biossido di Azoto,2018-08,8.43,715
6841,Odolo v.Praes,Biossido di Azoto,2018-09,14.25,719
6841,Odolo v.Praes,Biossido di Azoto,2018-10,19.60,743
6841,Odolo v.Praes,Biossido di Azoto,2018-11,23.49,418
6841,Odolo v.Praes,Biossido di Azoto,2018-12,38.68,744
6841,Odolo v.Praes,Biossido di Azoto,2019-01,38.40,741
6841,Odolo v.Praes,Biossido di Azoto,2019-02,39.91,672
6841,Odolo v.Praes,Biossido di Azoto,2019-03,30.08,742
6841,Odolo v.Praes,Biossido di Azoto,2019-04,18.03,719
6841,Odolo v.Praes,Biossido di Azoto,2019-05,13.20,743
6841,Odolo v.Praes,Biossido di Azoto,2019-06,14.29,718
6841,Odolo v.Praes,Biossido di Azoto,2019-07,14.08,743
6841,Odolo v.Praes,Biossido di Azoto,2019-08,9.44,743
6841,Odolo v.Praes,Biossido di Azoto,2019-09,18.13,677
6841,Odolo v.Praes,Biossido di Azoto,2019-10,18.42,743
6841,Odolo v.Praes,Biossido di Azoto,2019-11,22.08,719
6841,Odolo v.Praes,Biossido di Azoto,2019-12,26.06,675
6841,Odolo v.Praes,Biossido di Azoto,2020-01,32.60,731
6841,Odolo v.Praes,Biossido di Azoto,2020-02,27.72,694
6841,Odolo v.Praes,Biossido di Azoto,2020-03,14.89,742
6841,Odolo v.Praes,Biossido di Azoto,2020-04,9.40,631
6841,Odolo v.Praes,Biossido di Azoto,2020-05,10.63,728
6841,Odolo v.Praes,Biossido di Azoto,2020-06,10.49,719
6841,Odolo v.Praes,Biossido di Azoto,2020-07,7.90,733
6841,Odolo v.Praes,Biossido di Azoto,2020-08,8.51,456
6841,Odolo v.Praes,Biossido di Azoto,2020-09,19.76,718
6841,Odolo v.Praes,Biossido di Azoto,2020-10,22.23,710
6841,Odolo v.Praes,Biossido di Azoto,2020-11,26.55,719
6841,Odolo v.Praes,Biossido di Azoto,2020-12,29.16,744
6841,Odolo v.Praes,Biossido di Azoto,2021-01,41.99,744
6841,Odolo v.Praes,Biossido di Azoto,2021-02,33.76,671
6841,Odolo v.Praes,Biossido di Azoto,2021-03,28.27,741
6841,Odolo v.Praes,Biossido di Azoto,2021-04,20.77,719
6841,Odolo v.Praes,Biossido di Azoto,2021-05,16.71,743
6841,Odolo v.Praes,Biossido di Azoto,2021-06,15.57,652
6841,Odolo v.Praes,Biossido di Azoto,2021-07,15.17,742
6841,Odolo v.Praes,Biossido di Azoto,2021-08,14.13,742
6841,Odolo v.Praes,Biossido di Azoto,2021-09,23.24,719
6841,Odolo v.Praes,Biossido di Azoto,2021-10,27.39,743
6841,Odolo v.Praes,Biossido di Azoto,2021-11,32.30,720
6841,Odolo v.Praes,Biossido di Azoto,2021-12,38.87,744
6841,Odolo v.Praes,Biossido di Azoto,2022-01,42.46,740
6841,Odolo v.Praes,Biossido di Azoto,2022-02,37.00,665
6841,Odolo v.Praes,Biossido di Azoto,2022-03,32.88,742
6841,Odolo v.Praes,Biossido di Azoto,2022-04,20.70,719
6841,Odolo v.Praes,Biossido di Azoto,2022-05,10.48,742
6841,Odolo v.Praes,Biossido di Azoto,2022-06,13.31,706
6841,Odolo v.Praes,Biossido di Azoto,2022-07,13.51,744
6841,Odolo v.Praes,Biossido di Azoto,2022-08,13.59,563
6841,Odolo v.Praes,Biossido di Azoto,2022-09,19.45,720
6841,Odolo v.Praes,Biossido di Azoto,2022-10,22.11,742
6841,Odolo v.Praes,Biossido di Azoto,2022-11,26.71,719
6841,Odolo v.Praes,Biossido di Azoto,2022-12,29.84,744
6841,Odolo v.Praes,Biossido di Azoto,2023-01,32.38,741
6841,Odolo v.Praes,Biossido di Azoto,2023-02,35.22,656
6841,Odolo v.Praes,Biossido di Azoto,2023-03,29.38,743
6841,Odolo v.Praes,Biossido di Azoto,2023-04,21.21,718
6841,Odolo v.Praes,Biossido di Azoto,2023-05,17.24,636
6841,Odolo v.Praes,Biossido di Azoto,2023-06,13.45,718
6841,Odolo v.Praes,Biossido di Azoto,2023-07,8.09,570
6841,Odolo v.Praes,Biossido di Azoto,2023-08,8.16,411
6841,Odolo v.Praes,Biossido di Azoto,2023-09,13.76,719
6841,Odolo v.Praes,Biossido di Azoto,2023-10,17.19,742
6841,Odolo v.Praes,Biossido di Azoto,2023-11,20.56,707
6841,Odolo v.Praes,Biossido di Azoto,2023-12,20.74,704
6841,Odolo v.Praes,Biossido di Azoto,2024-01,27.15,741
6841,Odolo v.Praes,Biossido di Azoto,2024-02,26.48,694
6841,Odolo v.Praes,Biossido di Azoto,2024-03,21.67,743
6841,Odolo v.Praes,Biossido di Azoto,2024-04,16.16,718
6841,Odolo v.Praes,Biossido di Azoto,2024-05,14.71,743
6841,Odolo v.Praes,Biossido di Azoto,2024-06,13.76,718
6841,Odolo v.Praes,Biossido di Azoto,2024-07,11.50,725
6841,Odolo v.Praes,Biossido di Azoto,2024-08,9.28,737
6841,Odolo v.Praes,Biossido di Azoto,2024-09,13.04,718
6841,Odolo v.Praes,Biossido di Azoto,2024-10,12.79,725
6841,Odolo v.Praes,Biossido di Azoto,2024-11,22.73,632
6841,Odolo v.Praes,Biossido di Azoto,2024-12,25.85,680
6841,Odolo v.Praes,Biossido di Azoto,2025-01,26.96,742
6841,Odolo v.Praes,Biossido di Azoto,2025-02,25.66,671
6841,Odolo v.Praes,Biossido di Azoto,2025-03,22.15,743
6841,Odolo v.Praes,Biossido di Azoto,2025-04,17.25,719
6841,Odolo v.Praes,Biossido di Azoto,2025-05,14.65,743
6841,Odolo v.Praes,Biossido di Azoto,2025-06,15.16,715
6841,Odolo v.Praes,Biossido di Azoto,2025-07,12.45,733
6841,Odolo v.Praes,Biossido di Azoto,2025-08,10.21,741
6841,Odolo v.Praes,Biossido di Azoto,2025-09,14.05,720
6841,Odolo v.Praes,Biossido di Azoto,2025-10,18.67,739
6841,Odolo v.Praes,Biossido di Azoto,2025-11,20.28,716
6841,Odolo v.Praes,Biossido di Azoto,2025-12,18.11,741
6841,Odolo v.Praes,Biossido di Azoto,2026-01,16.60,1
6842,Odolo v.Praes,Biossido di Zolfo,2000-01,7.68,679
6842,Odolo v.Praes,Biossido di Zolfo,2000-02,8.07,630
6842,Odolo v.Praes,Biossido di Zolfo,2000-03,8.06,674
6842,Odolo v.Praes,Biossido di Zolfo,2000-04,6.89,662
6842,Odolo v.Praes,Biossido di Zolfo,2000-05,6.36,744
6842,Odolo v.Praes,Biossido di Zolfo,2000-06,9.92,568
6842,Odolo v.Praes,Biossido di Zolfo,2000-07,6.87,744
6842,Odolo v.Praes,Biossido di Zolfo,2000-08,7.29,714
6842,Odolo v.Praes,Biossido di Zolfo,2000-09,7.96,671
6842,Odolo v.Praes,Biossido di Zolfo,2000-10,7.96,715
6842,Odolo v.Praes,Biossido di Zolfo,2000-11,8.16,719
6842,Odolo v.Praes,Biossido di Zolfo,2000-12,7.97,744
6842,Odolo v.Praes,Biossido di Zolfo,2001-01,6.61,725
6842,Odolo v.Praes,Biossido di Zolfo,2001-02,7.64,659
6842,Odolo v.Praes,Biossido di Zolfo,2001-03,6.83,744
6842,Odolo v.Praes,Biossido di Zolfo,2001-04,7.12,697
6842,Odolo v.Praes,Biossido di Zolfo,2001-05,5.39,726
6842,Odolo v.Praes,Biossido di Zolfo,2001-06,5.68,720
6842,Odolo v.Praes,Biossido di Zolfo,2001-07,5.04,508
6842,Odolo v.Praes,Biossido di Zolfo,2001-08,3.30,684
6842,Odolo v.Praes,Biossido di Zolfo,2001-09,4.26,423
6842,Odolo v.Praes,Biossido di Zolfo,2001-10,4.82,583
6842,Odolo v.Praes,Biossido di Zolfo,2001-11,3.38,307
6842,Odolo v.Praes,Biossido di Zolfo,2002-01,13.26,198
6842,Odolo v.Praes,Biossido di Zolfo,2002-02,15.41,430
6842,Odolo v.Praes,Biossido di Zolfo,2002-03,7.92,329
6842,Odolo v.Praes,Biossido di Zolfo,2002-04,10.48,381
6842,Odolo v.Praes,Biossido di Zolfo,2002-05,8.41,399
6842,Odolo v.Praes,Biossido di Zolfo,2002-06,4.05,450
6842,Odolo v.Praes,Biossido di Zolfo,2002-07,4.93,242
6842,Odolo v.Praes,Biossido di Zolfo,2002-09,5.82,608
6842,Odolo v.Praes,Biossido di Zolfo,2002-10,4.93,568
6842,Odolo v.Praes,Biossido di Zolfo,2002-11,4.93,644
6842,Odolo v.Praes,Biossido di Zolfo,2002-12,4.74,664
6842,Odolo v.Praes,Biossido di Zolfo,2003-01,5.17,488
6842,Odolo v.Praes,Biossido di Zolfo,2003-02,5.82,546
6842,Odolo v.Praes,Biossido di Zolfo,2003-03,6.64,640
6842,Odolo v.Praes,Biossido di Zolfo,2003-04,5.41,577
6842,Odolo v.Praes,Biossido di Zolfo,2003-05,5.62,319
6842,Odolo v.Praes,Biossido di Zolfo,2003-07,2.02,6
6842,Odolo v.Praes,Biossido di Zolfo,2003-08,7.39,245
6842,Odolo v.Praes,Biossido di Zolfo,2003-09,11.52,53
6842,Odolo v.Praes,Biossido di Zolfo,2004-06,18.23,8
6845,Odolo v.Praes,Ossidi di Azoto,2000-01,76.06,266
6845,Odolo v.Praes,Ossidi di Azoto,2000-02,93.73,595
6845,Odolo v.Praes,Ossidi di Azoto,2000-03,58.01,641
6845,Odolo v.Praes,Ossidi di Azoto,2000-04,40.86,672
6845,Odolo v.Praes,Ossidi di Azoto,2000-05,23.03,744
6845,Odolo v.Praes,Ossidi di Azoto,2000-06,29.91,346
6845,Odolo v.Praes,Ossidi di Azoto,2000-07,26.94,744
6845,Odolo v.Praes,Ossidi di Azoto,2000-08,22.93,744
6845,Odolo v.Praes,Ossidi di Azoto,2000-09,38.41,719
6845,Odolo v.Praes,Ossidi di Azoto,2000-10,61.06,738
6845,Odolo v.Praes,Ossidi di Azoto,2000-11,55.33,647
6845,Odolo v.Praes,Ossidi di Azoto,2000-12,93.20,731
6845,Odolo v.Praes,Ossidi di Azoto,2001-01,84.83,725
6845,Odolo v.Praes,Ossidi di Azoto,2001-02,78.27,659
6845,Odolo v.Praes,Ossidi di Azoto,2001-03,54.10,744
6845,Odolo v.Praes,Ossidi di Azoto,2001-04,34.46,552
6845,Odolo v.Praes,Ossidi di Azoto,2001-05,23.83,730
6845,Odolo v.Praes,Ossidi di Azoto,2001-06,17.77,717
6845,Odolo v.Praes,Ossidi di Azoto,2001-07,15.42,498
6845,Odolo v.Praes,Ossidi di Azoto,2001-08,20.42,598
6845,Odolo v.Praes,Ossidi di Azoto,2001-09,32.62,409
6845,Odolo v.Praes,Ossidi di Azoto,2001-10,56.49,405
6845,Odolo v.Praes,Ossidi di Azoto,2001-11,77.68,589
6845,Odolo v.Praes,Ossidi di Azoto,2002-01,103.70,200
6845,Odolo v.Praes,Ossidi di Azoto,2002-02,76.45,434
6845,Odolo v.Praes,Ossidi di Azoto,2002-03,47.50,461
6845,Odolo v.Praes,Ossidi di Azoto,2002-04,34.49,366
6845,Odolo v.Praes,Ossidi di Azoto,2002-05,30.32,223
6845,Odolo v.Praes,Ossidi di Azoto,2002-06,21.25,508
6845,Odolo v.Praes,Ossidi di Azoto,2002-07,20.18,244
6845,Odolo v.Praes,Ossidi di Azoto,2002-10,53.58,370
6845,Odolo v.Praes,Ossidi di Azoto,2002-11,57.27,608
6845,Odolo v.Praes,Ossidi di Azoto,2002-12,78.04,558
6845,Odolo v.Praes,Ossidi di Azoto,2003-01,82.24,630
6845,Odolo v.Praes,Ossidi di Azoto,2003-02,67.24,603
6845,Odolo v.Praes,Ossidi di Azoto,2003-03,37.11,489
6845,Odolo v.Praes,Ossidi di Azoto,2003-04,26.37,492
6845,Odolo v.Praes,Ossidi di Azoto,2003-05,25.38,358
6845,Odolo v.Praes,Ossidi di Azoto,2003-07,23.90,1
6845,Odolo v.Praes,Ossidi di Azoto,2003-08,21.72,115
6845,Odolo v.Praes,Ossidi di Azoto,2003-09,25.46,391
6845,Odolo v.Praes,Ossidi di Azoto,2003-10,32.82,611
6845,Odolo v.Praes,Ossidi di Azoto,2003-11,55.99,267
6845,Odolo v.Praes,Ossidi di Azoto,2004-04,4.60,1
6845,Odolo v.Praes,Ossidi di Azoto,2013-01,54.19,200
6845,Odolo v.Praes,Ossidi di Azoto,2013-02,41.04,654
6845,Odolo v.Praes,Ossidi di Azoto,2013-03,24.53,744
6845,Odolo v.Praes,Ossidi di Azoto,2013-04,15.62,620
6845,Odolo v.Praes,Ossidi di Azoto,2013-05,13.21,743
6845,Odolo v.Praes,Ossidi di Azoto,2013-06,14.18,715
6845,Odolo v.Praes,Ossidi di Azoto,2013-07,14.47,741
6845,Odolo v.Praes,Ossidi di Azoto,2013-08,8.44,732
6845,Odolo v.Praes,Ossidi di Azoto,2013-09,15.04,715
6845,Odolo v.Praes,Ossidi di Azoto,2013-10,21.29,712
6845,Odolo v.Praes,Ossidi di Azoto,2013-11,31.83,689
6845,Odolo v.Praes,Ossidi di Azoto,2013-12,62.69,740
6845,Odolo v.Praes,Ossidi di Azoto,2014-01,49.01,744
6845,Odolo v.Praes,Ossidi di Azoto,2014-02,41.27,671
6845,Odolo v.Praes,Ossidi di Azoto,2014-03,35.07,744
6845,Odolo v.Praes,Ossidi di Azoto,2014-04,22.23,696
6845,Odolo v.Praes,Ossidi di Azoto,2014-05,17.89,725
6845,Odolo v.Praes,Ossidi di Azoto,2014-06,14.71,720
6845,Odolo v.Praes,Ossidi di Azoto,2014-07,14.92,742
6845,Odolo v.Praes,Ossidi di Azoto,2014-08,10.40,743
6845,Odolo v.Praes,Ossidi di Azoto,2014-09,18.60,719
6845,Odolo v.Praes,Ossidi di Azoto,2014-10,30.77,744
6845,Odolo v.Praes,Ossidi di Azoto,2014-11,43.66,719
6845,Odolo v.Praes,Ossidi di Azoto,2014-12,57.77,740
6845,Odolo v.Praes,Ossidi di Azoto,2015-01,65.85,743
6845,Odolo v.Praes,Ossidi di Azoto,2015-02,52.80,672
6845,Odolo v.Praes,Ossidi di Azoto,2015-03,33.60,743
6845,Odolo v.Praes,Ossidi di Azoto,2015-04,24.23,624
6845,Odolo v.Praes,Ossidi di Azoto,2015-05,14.61,743
6845,Odolo v.Praes,Ossidi di Azoto,2015-06,13.33,695
6845,Odolo v.Praes,Ossidi di Azoto,2015-07,15.21,700
6845,Odolo v.Praes,Ossidi di Azoto,2015-08,12.86,744
6845,Odolo v.Praes,Ossidi di Azoto,2015-09,17.46,700
6845,Odolo v.Praes,Ossidi di Azoto,2015-10,28.89,732
6845,Odolo v.Praes,Ossidi di Azoto,2015-11,59.86,720
6845,Odolo v.Praes,Ossidi di Azoto,2015-12,77.55,744
6845,Odolo v.Praes,Ossidi di Azoto,2016-01,76.47,744
6845,Odolo v.Praes,Ossidi di Azoto,2016-02,41.66,696
6845,Odolo v.Praes,Ossidi di Azoto,2016-03,28.07,725
6845,Odolo v.Praes,Ossidi di Azoto,2016-04,18.03,719
6845,Odolo v.Praes,Ossidi di Azoto,2016-05,13.68,744
6845,Odolo v.Praes,Ossidi di Azoto,2016-06,12.30,708
6845,Odolo v.Praes,Ossidi di Azoto,2016-07,9.29,648
6845,Odolo v.Praes,Ossidi di Azoto,2016-08,11.98,683
6845,Odolo v.Praes,Ossidi di Azoto,2016-09,24.18,719
6845,Odolo v.Praes,Ossidi di Azoto,2016-10,32.44,744
6845,Odolo v.Praes,Ossidi di Azoto,2016-11,55.49,719
6845,Odolo v.Praes,Ossidi di Azoto,2016-12,74.81,659
6845,Odolo v.Praes,Ossidi di Azoto,2017-01,74.13,744
6845,Odolo v.Praes,Ossidi di Azoto,2017-02,64.86,672
6845,Odolo v.Praes,Ossidi di Azoto,2017-03,36.08,732
6845,Odolo v.Praes,Ossidi di Azoto,2017-04,22.85,719
6845,Odolo v.Praes,Ossidi di Azoto,2017-05,17.33,743
6845,Odolo v.Praes,Ossidi di Azoto,2017-06,15.75,720
6845,Odolo v.Praes,Ossidi di Azoto,2017-07,16.70,659
6845,Odolo v.Praes,Ossidi di Azoto,2017-08,11.54,742
6845,Odolo v.Praes,Ossidi di Azoto,2017-09,21.08,673
6845,Odolo v.Praes,Ossidi di Azoto,2017-10,27.38,742
6845,Odolo v.Praes,Ossidi di Azoto,2017-11,91.04,720
6845,Odolo v.Praes,Ossidi di Azoto,2017-12,103.49,744
6845,Odolo v.Praes,Ossidi di Azoto,2018-01,60.20,1
6845,Odolo v.Praes,Ossidi di Azoto,2018-01,61.40,743
6845,Odolo v.Praes,Ossidi di Azoto,2018-02,41.14,672
6845,Odolo v.Praes,Ossidi di Azoto,2018-03,37.25,744
6845,Odolo v.Praes,Ossidi di Azoto,2018-04,18.50,720
6845,Odolo v.Praes,Ossidi di Azoto,2018-05,17.59,722
6845,Odolo v.Praes,Ossidi di Azoto,2018-06,15.99,716
6845,Odolo v.Praes,Ossidi di Azoto,2018-07,13.54,503
6845,Odolo v.Praes,Ossidi di Azoto,2018-08,10.69,715
6845,Odolo v.Praes,Ossidi di Azoto,2018-09,18.70,719
6845,Odolo v.Praes,Ossidi di Azoto,2018-10,27.97,743
6845,Odolo v.Praes,Ossidi di Azoto,2018-11,47.45,418
6845,Odolo v.Praes,Ossidi di Azoto,2018-12,83.80,744
6845,Odolo v.Praes,Ossidi di Azoto,2019-01,69.68,741
6845,Odolo v.Praes,Ossidi di Azoto,2019-02,62.42,672
6845,Odolo v.Praes,Ossidi di Azoto,2019-03,39.75,742
6845,Odolo v.Praes,Ossidi di Azoto,2019-04,22.59,719
6845,Odolo v.Praes,Ossidi di Azoto,2019-05,16.66,743
6845,Odolo v.Praes,Ossidi di Azoto,2019-06,16.28,718
6845,Odolo v.Praes,Ossidi di Azoto,2019-07,16.33,743
6845,Odolo v.Praes,Ossidi di Azoto,2019-08,13.42,743
6845,Odolo v.Praes,Ossidi di Azoto,2019-09,21.91,677
6845,Odolo v.Praes,Ossidi di Azoto,2019-10,28.31,743
6845,Odolo v.Praes,Ossidi di Azoto,2019-11,39.44,719
6845,Odolo v.Praes,Ossidi di Azoto,2019-12,65.20,675
6845,Odolo v.Praes,Ossidi di Azoto,2020-01,67.09,731
6845,Odolo v.Praes,Ossidi di Azoto,2020-02,41.48,694
6845,Odolo v.Praes,Ossidi di Azoto,2020-03,20.00,742
6845,Odolo v.Praes,Ossidi di Azoto,2020-04,11.58,631
6845,Odolo v.Praes,Ossidi di Azoto,2020-05,12.40,728
6845,Odolo v.Praes,Ossidi di Azoto,2020-06,15.66,719
6845,Odolo v.Praes,Ossidi di Azoto,2020-07,9.40,733
6845,Odolo v.Praes,Ossidi di Azoto,2020-08,10.95,456
6845,Odolo v.Praes,Ossidi di Azoto,2020-09,25.31,718
6845,Odolo v.Praes,Ossidi di Azoto,2020-10,35.01,710
6845,Odolo v.Praes,Ossidi di Azoto,2020-11,47.16,719
6845,Odolo v.Praes,Ossidi di Azoto,2020-12,52.35,744
6845,Odolo v.Praes,Ossidi di Azoto,2021-01,64.63,744
6845,Odolo v.Praes,Ossidi di Azoto,2021-02,45.04,671
6845,Odolo v.Praes,Ossidi di Azoto,2021-03,31.92,741
6845,Odolo v.Praes,Ossidi di Azoto,2021-04,23.24,719
6845,Odolo v.Praes,Ossidi di Azoto,2021-05,19.42,743
6845,Odolo v.Praes,Ossidi di Azoto,2021-06,18.04,652
6845,Odolo v.Praes,Ossidi di Azoto,2021-07,17.99,742
6845,Odolo v.Praes,Ossidi di Azoto,2021-08,16.90,742
6845,Odolo v.Praes,Ossidi di Azoto,2021-09,28.11,719
6845,Odolo v.Praes,Ossidi di Azoto,2021-10,36.83,743
6845,Odolo v.Praes,Ossidi di Azoto,2021-11,52.94,720
6845,Odolo v.Praes,Ossidi di Azoto,2021-12,70.97,744
6845,Odolo v.Praes,Ossidi di Azoto,2022-01,66.75,740
6845,Odolo v.Praes,Ossidi di Azoto,2022-02,48.93,665
6845,Odolo v.Praes,Ossidi di Azoto,2022-03,37.06,742
6845,Odolo v.Praes,Ossidi di Azoto,2022-04,23.26,719
6845,Odolo v.Praes,Ossidi di Azoto,2022-05,12.29,742
6845,Odolo v.Praes,Ossidi di Azoto,2022-06,14.75,706
6845,Odolo v.Praes,Ossidi di Azoto,2022-07,14.57,744
6845,Odolo v.Praes,Ossidi di Azoto,2022-08,14.46,563
6845,Odolo v.Praes,Ossidi di Azoto,2022-09,22.89,720
6845,Odolo v.Praes,Ossidi di Azoto,2022-10,31.03,742
6845,Odolo v.Praes,Ossidi di Azoto,2022-11,46.45,719
6845,Odolo v.Praes,Ossidi di Azoto,2022-12,55.31,744
6845,Odolo v.Praes,Ossidi di Azoto,2023-01,50.25,741
6845,Odolo v.Praes,Ossidi di Azoto,2023-02,45.64,656
6845,Odolo v.Praes,Ossidi di Azoto,2023-03,35.08,743
6845,Odolo v.Praes,Ossidi di Azoto,2023-04,24.16,718
6845,Odolo v.Praes,Ossidi di Azoto,2023-05,18.70,636
6845,Odolo v.Praes,Ossidi di Azoto,2023-06,14.54,718
6845,Odolo v.Praes,Ossidi di Azoto,2023-07,9.31,570
6845,Odolo v.Praes,Ossidi di Azoto,2023-08,10.48,411
6845,Odolo v.Praes,Ossidi di Azoto,2023-09,17.28,719
6845,Odolo v.Praes,Ossidi di Azoto,2023-10,26.25,742
6845,Odolo v.Praes,Ossidi di Azoto,2023-11,35.37,707
6845,Odolo v.Praes,Ossidi di Azoto,2023-12,48.24,704
6845,Odolo v.Praes,Ossidi di Azoto,2024-01,51.08,741
6845,Odolo v.Praes,Ossidi di Azoto,2024-02,42.54,694
6845,Odolo v.Praes,Ossidi di Azoto,2024-03,29.46,743
6845,Odolo v.Praes,Ossidi di Azoto,2024-04,22.04,718
6845,Odolo v.Praes,Ossidi di Azoto,2024-05,20.16,743
6845,Odolo v.Praes,Ossidi di Azoto,2024-06,19.34,718
6845,Odolo v.Praes,Ossidi di Azoto,2024-07,17.58,725
6845,Odolo v.Praes,Ossidi di Azoto,2024-08,13.24,737
6845,Odolo v.Praes,Ossidi di Azoto,2024-09,18.43,718
6845,Odolo v.Praes,Ossidi di Azoto,2024-10,27.12,725
6845,Odolo v.Praes,Ossidi di Azoto,2024-11,52.29,632
6845,Odolo v.Praes,Ossidi di Azoto,2024-12,58.28,680
6845,Odolo v.Praes,Ossidi di Azoto,2025-01,55.28,742
6845,Odolo v.Praes,Ossidi di Azoto,2025-02,41.11,671
6845,Odolo v.Praes,Ossidi di Azoto,2025-03,28.63,743
6845,Odolo v.Praes,Ossidi di Azoto,2025-04,22.47,719
6845,Odolo v.Praes,Ossidi di Azoto,2025-05,19.24,743
6845,Odolo v.Praes,Ossidi di Azoto,2025-06,19.48,715
6845,Odolo v.Praes,Ossidi di Azoto,2025-07,15.14,733
6845,Odolo v.Praes,Ossidi di Azoto,2025-08,13.42,741
6845,Odolo v.Praes,Ossidi di Azoto,2025-09,21.81,720
6845,Odolo v.Praes,Ossidi di Azoto,2025-10,33.27,739
6845,Odolo v.Praes,Ossidi di Azoto,2025-11,38.90,716
6845,Odolo v.Praes,Ossidi di Azoto,2025-12,47.68,741
6845,Odolo v.Praes,Ossidi di Azoto,2026-01,26.20,1
6852,Ospitaletto v. XXV aprile,Biossido di Azoto,2000-01,84.41,643
6852,Ospitaletto v. XXV aprile,Biossido di Azoto,2000-02,83.16,530
6852,Ospitaletto v. XXV aprile,Biossido di Azoto,2000-03,66.55,565
6852,Ospitaletto v. XXV aprile,Biossido di Azoto,2000-04,48.24,413
6852,Ospitaletto v. XXV aprile,Biossido di Azoto,2000-05,43.09,538
6852,Ospitaletto v. XXV aprile,Biossido di Azoto,2000-06,46.89,443
6852,Ospitaletto v. XXV aprile,Biossido di Azoto,2000-07,37.25,743
6852,Ospitaletto v. XXV aprile,Biossido di Azoto,2000-08,41.44,688
6852,Ospitaletto v. XXV aprile,Biossido di Azoto,2000-09,54.32,557
6852,Ospitaletto v. XXV aprile,Biossido di Azoto,2000-10,35.33,699
6852,Ospitaletto v. XXV aprile,Biossido di Azoto,2000-11,42.57,681
6852,Ospitaletto v. XXV aprile,Biossido di Azoto,2000-12,63.36,701
6852,Ospitaletto v. XXV aprile,Biossido di Azoto,2001-01,70.12,627
6852,Ospitaletto v. XXV aprile,Biossido di Azoto,2001-02,84.92,635
6852,Ospitaletto v. XXV aprile,Biossido di Azoto,2001-03,69.47,609
6852,Ospitaletto v. XXV aprile,Biossido di Azoto,2001-04,40.52,586
6852,Ospitaletto v. XXV aprile,Biossido di Azoto,2001-05,40.08,703
6852,Ospitaletto v. XXV aprile,Biossido di Azoto,2001-06,38.20,719
6852,Ospitaletto v. XXV aprile,Biossido di Azoto,2001-07,31.43,488
6852,Ospitaletto v. XXV aprile,Biossido di Azoto,2001-08,36.27,612
6852,Ospitaletto v. XXV aprile,Biossido di Azoto,2001-09,64.02,561
6852,Ospitaletto v. XXV aprile,Biossido di Azoto,2001-10,83.98,460
6852,Ospitaletto v. XXV aprile,Biossido di Azoto,2001-11,99.74,541
6852,Ospitaletto v. XXV aprile,Biossido di Azoto,2001-12,67.53,38
6852,Ospitaletto v. XXV aprile,Biossido di Azoto,2002-01,92.93,204
6852,Ospitaletto v. XXV aprile,Biossido di Azoto,2002-02,44.57,225
6852,Ospitaletto v. XXV aprile,Biossido di Azoto,2002-03,53.23,509
6852,Ospitaletto v. XXV aprile,Biossido di Azoto,2002-04,57.75,639
6852,Ospitaletto v. XXV aprile,Biossido di Azoto,2002-05,39.13,673
6852,Ospitaletto v. XXV aprile,Biossido di Azoto,2002-06,36.08,496
6852,Ospitaletto v. XXV aprile,Biossido di Azoto,2002-07,28.10,314
6852,Ospitaletto v. XXV aprile,Biossido di Azoto,2002-09,26.26,600
6852,Ospitaletto v. XXV aprile,Biossido di Azoto,2002-10,38.89,638
6852,Ospitaletto v. XXV aprile,Biossido di Azoto,2002-11,76.57,462
6852,Ospitaletto v. XXV aprile,Biossido di Azoto,2002-12,56.17,620
6852,Ospitaletto v. XXV aprile,Biossido di Azoto,2003-01,68.93,668
6852,Ospitaletto v. XXV aprile,Biossido di Azoto,2003-02,84.96,538
6852,Ospitaletto v. XXV aprile,Biossido di Azoto,2003-03,72.48,555
6852,Ospitaletto v. XXV aprile,Biossido di Azoto,2003-04,54.21,623
6852,Ospitaletto v. XXV aprile,Biossido di Azoto,2003-05,47.78,406
6852,Ospitaletto v. XXV aprile,Biossido di Azoto,2003-06,41.77,446
6852,Ospitaletto v. XXV aprile,Biossido di Azoto,2003-07,41.84,585
6852,Ospitaletto v. XXV aprile,Biossido di Azoto,2003-08,32.40,263
6852,Ospitaletto v. XXV aprile,Biossido di Azoto,2003-09,60.21,528
6852,Ospitaletto v. XXV aprile,Biossido di Azoto,2003-10,54.80,192
6852,Ospitaletto v. XXV aprile,Biossido di Azoto,2003-12,90.56,475
6852,Ospitaletto v. XXV aprile,Biossido di Azoto,2004-01,54.66,743
6852,Ospitaletto v. XXV aprile,Biossido di Azoto,2004-02,59.29,696
6852,Ospitaletto v. XXV aprile,Biossido di Azoto,2004-03,47.28,743
6852,Ospitaletto v. XXV aprile,Biossido di Azoto,2004-04,46.56,713
6852,Ospitaletto v. XXV aprile,Biossido di Azoto,2004-05,42.46,659
6852,Ospitaletto v. XXV aprile,Biossido di Azoto,2004-06,34.62,682
6852,Ospitaletto v. XXV aprile,Biossido di Azoto,2004-07,29.82,656
6852,Ospitaletto v. XXV aprile,Biossido di Azoto,2004-08,19.81,742
6852,Ospitaletto v. XXV aprile,Biossido di Azoto,2004-09,32.79,691
6852,Ospitaletto v. XXV aprile,Biossido di Azoto,2004-10,44.32,742
6852,Ospitaletto v. XXV aprile,Biossido di Azoto,2004-11,64.59,719
6852,Ospitaletto v. XXV aprile,Biossido di Azoto,2004-12,75.57,744
6852,Ospitaletto v. XXV aprile,Biossido di Azoto,2005-01,82.93,743
6852,Ospitaletto v. XXV aprile,Biossido di Azoto,2005-02,97.64,672
6852,Ospitaletto v. XXV aprile,Biossido di Azoto,2005-03,134.46,572
6852,Ospitaletto v. XXV aprile,Biossido di Azoto,2005-04,47.95,671
6852,Ospitaletto v. XXV aprile,Biossido di Azoto,2005-05,35.32,743
6852,Ospitaletto v. XXV aprile,Biossido di Azoto,2005-06,31.82,678
6852,Ospitaletto v. XXV aprile,Biossido di Azoto,2005-07,33.07,739
6852,Ospitaletto v. XXV aprile,Biossido di Azoto,2005-08,32.64,741
6852,Ospitaletto v. XXV aprile,Biossido di Azoto,2005-09,20.66,719
6852,Ospitaletto v. XXV aprile,Biossido di Azoto,2005-10,62.82,740
6852,Ospitaletto v. XXV aprile,Biossido di Azoto,2005-11,73.27,588
6852,Ospitaletto v. XXV aprile,Biossido di Azoto,2005-12,70.11,588
6852,Ospitaletto v. XXV aprile,Biossido di Azoto,2006-01,66.76,742
6852,Ospitaletto v. XXV aprile,Biossido di Azoto,2006-02,52.21,672
6852,Ospitaletto v. XXV aprile,Biossido di Azoto,2006-03,36.97,738
6852,Ospitaletto v. XXV aprile,Biossido di Azoto,2006-04,29.38,565
6852,Ospitaletto v. XXV aprile,Biossido di Azoto,2006-05,29.32,702
6852,Ospitaletto v. XXV aprile,Biossido di Azoto,2006-06,29.74,720
6852,Ospitaletto v. XXV aprile,Biossido di Azoto,2006-07,18.13,741
6852,Ospitaletto v. XXV aprile,Biossido di Azoto,2006-08,12.95,455
6852,Ospitaletto v. XXV aprile,Biossido di Azoto,2006-09,43.93,485
6852,Ospitaletto v. XXV aprile,Biossido di Azoto,2006-10,56.89,743
6852,Ospitaletto v. XXV aprile,Biossido di Azoto,2006-11,79.88,720
6852,Ospitaletto v. XXV aprile,Biossido di Azoto,2006-12,69.87,744
6852,Ospitaletto v. XXV aprile,Biossido di Azoto,2007-01,72.93,710
6852,Ospitaletto v. XXV aprile,Biossido di Azoto,2007-02,86.55,175
6852,Ospitaletto v. XXV aprile,Biossido di Azoto,2007-03,74.00,744
6852,Ospitaletto v. XXV aprile,Biossido di Azoto,2007-04,61.17,720
6852,Ospitaletto v. XXV aprile,Biossido di Azoto,2007-05,53.10,719
6852,Ospitaletto v. XXV aprile,Biossido di Azoto,2007-06,29.84,714
6852,Ospitaletto v. XXV aprile,Biossido di Azoto,2007-07,34.27,744
6852,Ospitaletto v. XXV aprile,Biossido di Azoto,2007-08,19.55,742
6852,Ospitaletto v. XXV aprile,Biossido di Azoto,2007-09,39.26,716
6852,Ospitaletto v. XXV aprile,Biossido di Azoto,2007-10,42.68,731
6852,Ospitaletto v. XXV aprile,Biossido di Azoto,2007-11,48.81,719
6852,Ospitaletto v. XXV aprile,Biossido di Azoto,2007-12,35.24,742
6852,Ospitaletto v. XXV aprile,Biossido di Azoto,2008-01,32.36,729
6852,Ospitaletto v. XXV aprile,Biossido di Azoto,2008-02,26.27,625
6852,Ospitaletto v. XXV aprile,Biossido di Azoto,2008-03,33.01,740
6852,Ospitaletto v. XXV aprile,Biossido di Azoto,2008-04,30.51,719
6852,Ospitaletto v. XXV aprile,Biossido di Azoto,2008-05,25.79,727
6852,Ospitaletto v. XXV aprile,Biossido di Azoto,2008-06,11.46,719
6852,Ospitaletto v. XXV aprile,Biossido di Azoto,2008-07,14.18,744
6852,Ospitaletto v. XXV aprile,Biossido di Azoto,2008-08,13.61,744
6852,Ospitaletto v. XXV aprile,Biossido di Azoto,2008-09,24.86,668
6852,Ospitaletto v. XXV aprile,Biossido di Azoto,2008-10,35.27,593
6852,Ospitaletto v. XXV aprile,Biossido di Azoto,2008-11,24.55,718
6852,Ospitaletto v. XXV aprile,Biossido di Azoto,2008-12,37.22,744
6852,Ospitaletto v. XXV aprile,Biossido di Azoto,2009-01,34.90,689
6852,Ospitaletto v. XXV aprile,Biossido di Azoto,2009-02,47.67,672
6852,Ospitaletto v. XXV aprile,Biossido di Azoto,2009-03,42.40,744
6852,Ospitaletto v. XXV aprile,Biossido di Azoto,2009-04,32.83,719
6852,Ospitaletto v. XXV aprile,Biossido di Azoto,2009-05,24.90,701
6852,Ospitaletto v. XXV aprile,Biossido di Azoto,2009-06,23.10,719
6852,Ospitaletto v. XXV aprile,Biossido di Azoto,2009-07,27.05,677
6852,Ospitaletto v. XXV aprile,Biossido di Azoto,2009-08,15.64,744
6852,Ospitaletto v. XXV aprile,Biossido di Azoto,2009-09,35.21,720
6852,Ospitaletto v. XXV aprile,Biossido di Azoto,2009-10,40.59,726
6852,Ospitaletto v. XXV aprile,Biossido di Azoto,2009-11,42.45,700
6852,Ospitaletto v. XXV aprile,Biossido di Azoto,2009-12,68.75,714
6852,Ospitaletto v. XXV aprile,Biossido di Azoto,2010-01,55.70,1
6852,Ospitaletto v. XXV aprile,Biossido di Azoto,2010-01,68.57,735
6852,Ospitaletto v. XXV aprile,Biossido di Azoto,2010-02,71.78,670
6852,Ospitaletto v. XXV aprile,Biossido di Azoto,2010-03,52.45,744
6852,Ospitaletto v. XXV aprile,Biossido di Azoto,2010-04,41.37,720
6852,Ospitaletto v. XXV aprile,Biossido di Azoto,2010-05,31.32,743
6852,Ospitaletto v. XXV aprile,Biossido di Azoto,2010-06,19.44,529
6852,Ospitaletto v. XXV aprile,Biossido di Azoto,2010-07,18.52,712
6852,Ospitaletto v. XXV aprile,Biossido di Azoto,2010-08,20.63,722
6852,Ospitaletto v. XXV aprile,Biossido di Azoto,2010-09,33.25,656
6852,Ospitaletto v. XXV aprile,Biossido di Azoto,2010-10,40.62,743
6852,Ospitaletto v. XXV aprile,Biossido di Azoto,2010-11,44.36,718
6852,Ospitaletto v. XXV aprile,Biossido di Azoto,2010-12,64.85,744
6852,Ospitaletto v. XXV aprile,Biossido di Azoto,2011-01,57.54,744
6852,Ospitaletto v. XXV aprile,Biossido di Azoto,2011-02,63.75,671
6852,Ospitaletto v. XXV aprile,Biossido di Azoto,2011-03,40.97,724
6852,Ospitaletto v. XXV aprile,Biossido di Azoto,2011-04,38.86,718
6852,Ospitaletto v. XXV aprile,Biossido di Azoto,2011-05,33.89,743
6852,Ospitaletto v. XXV aprile,Biossido di Azoto,2011-06,22.62,717
6852,Ospitaletto v. XXV aprile,Biossido di Azoto,2011-07,24.40,711
6852,Ospitaletto v. XXV aprile,Biossido di Azoto,2011-08,27.58,683
6852,Ospitaletto v. XXV aprile,Biossido di Azoto,2011-09,34.66,718
6852,Ospitaletto v. XXV aprile,Biossido di Azoto,2011-10,32.56,742
6852,Ospitaletto v. XXV aprile,Biossido di Azoto,2011-11,28.57,696
6852,Ospitaletto v. XXV aprile,Biossido di Azoto,2011-12,61.26,738
6852,Ospitaletto v. XXV aprile,Biossido di Azoto,2012-01,66.23,536
6852,Ospitaletto v. XXV aprile,Biossido di Azoto,2012-02,71.70,684
6852,Ospitaletto v. XXV aprile,Biossido di Azoto,2012-03,55.78,724
6852,Ospitaletto v. XXV aprile,Biossido di Azoto,2012-04,36.16,699
6852,Ospitaletto v. XXV aprile,Biossido di Azoto,2012-05,32.43,744
6852,Ospitaletto v. XXV aprile,Biossido di Azoto,2012-06,19.12,718
6852,Ospitaletto v. XXV aprile,Biossido di Azoto,2012-07,26.41,704
6852,Ospitaletto v. XXV aprile,Biossido di Azoto,2012-08,23.90,743
6852,Ospitaletto v. XXV aprile,Biossido di Azoto,2012-09,30.41,718
6852,Ospitaletto v. XXV aprile,Biossido di Azoto,2012-10,34.83,743
6852,Ospitaletto v. XXV aprile,Biossido di Azoto,2012-11,36.18,720
6852,Ospitaletto v. XXV aprile,Biossido di Azoto,2012-12,61.23,744
6852,Ospitaletto v. XXV aprile,Biossido di Azoto,2013-01,55.10,743
6852,Ospitaletto v. XXV aprile,Biossido di Azoto,2013-02,59.67,669
6852,Ospitaletto v. XXV aprile,Biossido di Azoto,2013-03,48.61,736
6852,Ospitaletto v. XXV aprile,Biossido di Azoto,2013-04,39.24,707
6852,Ospitaletto v. XXV aprile,Biossido di Azoto,2013-05,28.49,693
6852,Ospitaletto v. XXV aprile,Biossido di Azoto,2013-06,22.37,710
6852,Ospitaletto v. XXV aprile,Biossido di Azoto,2013-07,21.23,706
6852,Ospitaletto v. XXV aprile,Biossido di Azoto,2013-08,24.14,693
6852,Ospitaletto v. XXV aprile,Biossido di Azoto,2013-09,33.40,688
6852,Ospitaletto v. XXV aprile,Biossido di Azoto,2013-10,32.19,706
6852,Ospitaletto v. XXV aprile,Biossido di Azoto,2013-11,36.15,703
6852,Ospitaletto v. XXV aprile,Biossido di Azoto,2013-12,49.13,740
6852,Ospitaletto v. XXV aprile,Biossido di Azoto,2014-01,40.70,744
6852,Ospitaletto v. XXV aprile,Biossido di Azoto,2014-02,43.41,671
6852,Ospitaletto v. XXV aprile,Biossido di Azoto,2014-03,44.77,722
6852,Ospitaletto v. XXV aprile,Biossido di Azoto,2014-04,32.22,720
6852,Ospitaletto v. XXV aprile,Biossido di Azoto,2014-05,30.15,743
6852,Ospitaletto v. XXV aprile,Biossido di Azoto,2014-06,27.57,686
6852,Ospitaletto v. XXV aprile,Biossido di Azoto,2014-07,21.45,742
6852,Ospitaletto v. XXV aprile,Biossido di Azoto,2014-08,14.49,662
6852,Ospitaletto v. XXV aprile,Biossido di Azoto,2014-09,26.82,717
6852,Ospitaletto v. XXV aprile,Biossido di Azoto,2014-10,33.63,743
6852,Ospitaletto v. XXV aprile,Biossido di Azoto,2014-11,35.29,720
6852,Ospitaletto v. XXV aprile,Biossido di Azoto,2014-12,47.60,743
6852,Ospitaletto v. XXV aprile,Biossido di Azoto,2015-01,57.02,744
6852,Ospitaletto v. XXV aprile,Biossido di Azoto,2015-02,53.16,644
6852,Ospitaletto v. XXV aprile,Biossido di Azoto,2015-03,46.87,744
6852,Ospitaletto v. XXV aprile,Biossido di Azoto,2015-04,35.04,720
6852,Ospitaletto v. XXV aprile,Biossido di Azoto,2015-05,28.11,743
6852,Ospitaletto v. XXV aprile,Biossido di Azoto,2015-06,25.49,656
6852,Ospitaletto v. XXV aprile,Biossido di Azoto,2015-07,19.97,743
6852,Ospitaletto v. XXV aprile,Biossido di Azoto,2015-08,23.73,690
6852,Ospitaletto v. XXV aprile,Biossido di Azoto,2015-09,37.61,177
6852,Ospitaletto v. XXV aprile,Biossido di Azoto,2015-10,37.35,603
6852,Ospitaletto v. XXV aprile,Biossido di Azoto,2015-11,52.70,697
6852,Ospitaletto v. XXV aprile,Biossido di Azoto,2015-12,60.78,733
6852,Ospitaletto v. XXV aprile,Biossido di Azoto,2016-01,62.99,702
6852,Ospitaletto v. XXV aprile,Biossido di Azoto,2016-02,42.75,632
6852,Ospitaletto v. XXV aprile,Biossido di Azoto,2016-03,36.07,733
6852,Ospitaletto v. XXV aprile,Biossido di Azoto,2016-04,24.86,718
6852,Ospitaletto v. XXV aprile,Biossido di Azoto,2016-05,29.58,710
6852,Ospitaletto v. XXV aprile,Biossido di Azoto,2016-06,20.40,608
6852,Ospitaletto v. XXV aprile,Biossido di Azoto,2016-07,25.48,741
6852,Ospitaletto v. XXV aprile,Biossido di Azoto,2016-08,22.43,743
6852,Ospitaletto v. XXV aprile,Biossido di Azoto,2016-09,35.89,718
6852,Ospitaletto v. XXV aprile,Biossido di Azoto,2016-10,36.81,713
6852,Ospitaletto v. XXV aprile,Biossido di Azoto,2016-11,43.53,719
6852,Ospitaletto v. XXV aprile,Biossido di Azoto,2016-12,54.81,743
6852,Ospitaletto v. XXV aprile,Biossido di Azoto,2017-01,47.80,1
6853,Ospitaletto v. XXV aprile,Biossido di Zolfo,2000-01,13.34,648
6853,Ospitaletto v. XXV aprile,Biossido di Zolfo,2000-02,12.18,619
6853,Ospitaletto v. XXV aprile,Biossido di Zolfo,2000-03,12.30,636
6853,Ospitaletto v. XXV aprile,Biossido di Zolfo,2000-04,11.01,411
6853,Ospitaletto v. XXV aprile,Biossido di Zolfo,2000-05,7.56,527
6853,Ospitaletto v. XXV aprile,Biossido di Zolfo,2000-06,8.84,425
6853,Ospitaletto v. XXV aprile,Biossido di Zolfo,2000-07,8.68,730
6853,Ospitaletto v. XXV aprile,Biossido di Zolfo,2000-08,8.74,688
6853,Ospitaletto v. XXV aprile,Biossido di Zolfo,2000-09,11.55,554
6853,Ospitaletto v. XXV aprile,Biossido di Zolfo,2000-10,10.49,697
6853,Ospitaletto v. XXV aprile,Biossido di Zolfo,2000-11,11.53,680
6853,Ospitaletto v. XXV aprile,Biossido di Zolfo,2000-12,12.84,740
6853,Ospitaletto v. XXV aprile,Biossido di Zolfo,2001-01,13.69,624
6853,Ospitaletto v. XXV aprile,Biossido di Zolfo,2001-02,12.21,635
6853,Ospitaletto v. XXV aprile,Biossido di Zolfo,2001-03,10.54,728
6853,Ospitaletto v. XXV aprile,Biossido di Zolfo,2001-04,7.46,582
6853,Ospitaletto v. XXV aprile,Biossido di Zolfo,2001-05,6.36,702
6853,Ospitaletto v. XXV aprile,Biossido di Zolfo,2001-06,5.27,695
6853,Ospitaletto v. XXV aprile,Biossido di Zolfo,2001-07,5.47,735
6853,Ospitaletto v. XXV aprile,Biossido di Zolfo,2001-08,7.85,720
6853,Ospitaletto v. XXV aprile,Biossido di Zolfo,2001-09,21.06,601
6853,Ospitaletto v. XXV aprile,Biossido di Zolfo,2001-10,8.93,689
6853,Ospitaletto v. XXV aprile,Biossido di Zolfo,2001-11,8.88,626
6853,Ospitaletto v. XXV aprile,Biossido di Zolfo,2001-12,13.42,690
6853,Ospitaletto v. XXV aprile,Biossido di Zolfo,2002-01,12.07,739
6853,Ospitaletto v. XXV aprile,Biossido di Zolfo,2002-02,10.47,499
6853,Ospitaletto v. XXV aprile,Biossido di Zolfo,2002-03,15.79,742
6853,Ospitaletto v. XXV aprile,Biossido di Zolfo,2002-04,7.93,542
6853,Ospitaletto v. XXV aprile,Biossido di Zolfo,2002-05,13.43,393
6853,Ospitaletto v. XXV aprile,Biossido di Zolfo,2002-06,6.36,278
6853,Ospitaletto v. XXV aprile,Biossido di Zolfo,2002-07,5.63,597
6853,Ospitaletto v. XXV aprile,Biossido di Zolfo,2002-08,6.65,603
6853,Ospitaletto v. XXV aprile,Biossido di Zolfo,2002-09,7.80,699
6853,Ospitaletto v. XXV aprile,Biossido di Zolfo,2002-10,7.46,732
6853,Ospitaletto v. XXV aprile,Biossido di Zolfo,2002-11,9.96,718
6853,Ospitaletto v. XXV aprile,Biossido di Zolfo,2002-12,10.62,686
6853,Ospitaletto v. XXV aprile,Biossido di Zolfo,2003-01,11.94,744
6853,Ospitaletto v. XXV aprile,Biossido di Zolfo,2003-02,12.39,563
6853,Ospitaletto v. XXV aprile,Biossido di Zolfo,2003-03,10.17,636
6853,Ospitaletto v. XXV aprile,Biossido di Zolfo,2003-04,7.43,580
6853,Ospitaletto v. XXV aprile,Biossido di Zolfo,2003-05,7.06,550
6853,Ospitaletto v. XXV aprile,Biossido di Zolfo,2003-06,5.88,441
6853,Ospitaletto v. XXV aprile,Biossido di Zolfo,2003-07,6.13,591
6853,Ospitaletto v. XXV aprile,Biossido di Zolfo,2003-08,5.68,263
6853,Ospitaletto v. XXV aprile,Biossido di Zolfo,2003-09,6.48,329
6856,Ospitaletto v. XXV aprile,Ossidi di Azoto,2000-01,288.46,243
6856,Ospitaletto v. XXV aprile,Ossidi di Azoto,2000-02,250.73,506
6856,Ospitaletto v. XXV aprile,Ossidi di Azoto,2000-03,152.17,539
6856,Ospitaletto v. XXV aprile,Ossidi di Azoto,2000-04,78.17,413
6856,Ospitaletto v. XXV aprile,Ossidi di Azoto,2000-05,69.43,538
6856,Ospitaletto v. XXV aprile,Ossidi di Azoto,2000-06,80.41,442
6856,Ospitaletto v. XXV aprile,Ossidi di Azoto,2000-07,73.09,743
6856,Ospitaletto v. XXV aprile,Ossidi di Azoto,2000-08,60.14,687
6856,Ospitaletto v. XXV aprile,Ossidi di Azoto,2000-09,109.11,557
6856,Ospitaletto v. XXV aprile,Ossidi di Azoto,2000-10,119.65,699
6856,Ospitaletto v. XXV aprile,Ossidi di Azoto,2000-11,197.08,681
6856,Ospitaletto v. XXV aprile,Ossidi di Azoto,2000-12,226.41,701
6856,Ospitaletto v. XXV aprile,Ossidi di Azoto,2001-01,258.29,625
6856,Ospitaletto v. XXV aprile,Ossidi di Azoto,2001-02,209.69,634
6856,Ospitaletto v. XXV aprile,Ossidi di Azoto,2001-03,126.15,608
6856,Ospitaletto v. XXV aprile,Ossidi di Azoto,2001-04,69.48,584
6856,Ospitaletto v. XXV aprile,Ossidi di Azoto,2001-05,61.50,702
6856,Ospitaletto v. XXV aprile,Ossidi di Azoto,2001-06,55.86,719
6856,Ospitaletto v. XXV aprile,Ossidi di Azoto,2001-07,45.56,488
6856,Ospitaletto v. XXV aprile,Ossidi di Azoto,2001-08,45.11,611
6856,Ospitaletto v. XXV aprile,Ossidi di Azoto,2001-09,107.48,560
6856,Ospitaletto v. XXV aprile,Ossidi di Azoto,2001-10,136.95,460
6856,Ospitaletto v. XXV aprile,Ossidi di Azoto,2001-11,189.11,540
6856,Ospitaletto v. XXV aprile,Ossidi di Azoto,2001-12,352.86,38
6856,Ospitaletto v. XXV aprile,Ossidi di Azoto,2002-01,454.58,189
6856,Ospitaletto v. XXV aprile,Ossidi di Azoto,2002-02,148.45,225
6856,Ospitaletto v. XXV aprile,Ossidi di Azoto,2002-03,113.32,509
6856,Ospitaletto v. XXV aprile,Ossidi di Azoto,2002-04,85.84,639
6856,Ospitaletto v. XXV aprile,Ossidi di Azoto,2002-05,61.99,664
6856,Ospitaletto v. XXV aprile,Ossidi di Azoto,2002-06,59.02,496
6856,Ospitaletto v. XXV aprile,Ossidi di Azoto,2002-07,60.66,284
6856,Ospitaletto v. XXV aprile,Ossidi di Azoto,2002-09,117.09,594
6856,Ospitaletto v. XXV aprile,Ossidi di Azoto,2002-10,145.40,636
6856,Ospitaletto v. XXV aprile,Ossidi di Azoto,2002-11,304.16,452
6856,Ospitaletto v. XXV aprile,Ossidi di Azoto,2002-12,225.68,611
6856,Ospitaletto v. XXV aprile,Ossidi di Azoto,2003-01,242.39,666
6856,Ospitaletto v. XXV aprile,Ossidi di Azoto,2003-02,215.76,536
6856,Ospitaletto v. XXV aprile,Ossidi di Azoto,2003-03,141.11,552
6856,Ospitaletto v. XXV aprile,Ossidi di Azoto,2003-04,91.25,623
6856,Ospitaletto v. XXV aprile,Ossidi di Azoto,2003-05,74.15,403
6856,Ospitaletto v. XXV aprile,Ossidi di Azoto,2003-06,57.51,446
6856,Ospitaletto v. XXV aprile,Ossidi di Azoto,2003-07,57.87,585
6856,Ospitaletto v. XXV aprile,Ossidi di Azoto,2003-08,43.94,259
6856,Ospitaletto v. XXV aprile,Ossidi di Azoto,2003-09,87.18,528
6856,Ospitaletto v. XXV aprile,Ossidi di Azoto,2003-10,103.14,191
6856,Ospitaletto v. XXV aprile,Ossidi di Azoto,2003-12,267.13,475
6856,Ospitaletto v. XXV aprile,Ossidi di Azoto,2004-01,193.36,743
6856,Ospitaletto v. XXV aprile,Ossidi di Azoto,2004-02,196.12,696
6856,Ospitaletto v. XXV aprile,Ossidi di Azoto,2004-03,108.38,743
6856,Ospitaletto v. XXV aprile,Ossidi di Azoto,2004-04,79.02,707
6856,Ospitaletto v. XXV aprile,Ossidi di Azoto,2004-05,58.72,659
6856,Ospitaletto v. XXV aprile,Ossidi di Azoto,2004-06,45.14,682
6856,Ospitaletto v. XXV aprile,Ossidi di Azoto,2004-07,40.15,656
6856,Ospitaletto v. XXV aprile,Ossidi di Azoto,2004-08,28.48,742
6856,Ospitaletto v. XXV aprile,Ossidi di Azoto,2004-09,57.37,691
6856,Ospitaletto v. XXV aprile,Ossidi di Azoto,2004-10,117.69,742
6856,Ospitaletto v. XXV aprile,Ossidi di Azoto,2004-11,239.53,719
6856,Ospitaletto v. XXV aprile,Ossidi di Azoto,2004-12,300.45,744
6856,Ospitaletto v. XXV aprile,Ossidi di Azoto,2005-01,301.14,743
6856,Ospitaletto v. XXV aprile,Ossidi di Azoto,2005-02,240.97,672
6856,Ospitaletto v. XXV aprile,Ossidi di Azoto,2005-03,208.88,572
6856,Ospitaletto v. XXV aprile,Ossidi di Azoto,2005-04,78.42,665
6856,Ospitaletto v. XXV aprile,Ossidi di Azoto,2005-05,55.30,743
6856,Ospitaletto v. XXV aprile,Ossidi di Azoto,2005-06,40.84,678
6856,Ospitaletto v. XXV aprile,Ossidi di Azoto,2005-07,37.02,739
6856,Ospitaletto v. XXV aprile,Ossidi di Azoto,2005-08,36.54,741
6856,Ospitaletto v. XXV aprile,Ossidi di Azoto,2005-09,29.50,719
6856,Ospitaletto v. XXV aprile,Ossidi di Azoto,2005-10,77.65,740
6856,Ospitaletto v. XXV aprile,Ossidi di Azoto,2005-11,103.52,588
6856,Ospitaletto v. XXV aprile,Ossidi di Azoto,2005-12,266.89,588
6856,Ospitaletto v. XXV aprile,Ossidi di Azoto,2006-01,271.59,742
6856,Ospitaletto v. XXV aprile,Ossidi di Azoto,2006-02,172.63,672
6856,Ospitaletto v. XXV aprile,Ossidi di Azoto,2006-03,57.15,738
6856,Ospitaletto v. XXV aprile,Ossidi di Azoto,2006-04,42.18,565
6856,Ospitaletto v. XXV aprile,Ossidi di Azoto,2006-05,39.15,701
6856,Ospitaletto v. XXV aprile,Ossidi di Azoto,2006-06,39.05,720
6856,Ospitaletto v. XXV aprile,Ossidi di Azoto,2006-07,26.21,741
6856,Ospitaletto v. XXV aprile,Ossidi di Azoto,2006-08,60.24,455
6856,Ospitaletto v. XXV aprile,Ossidi di Azoto,2006-09,91.03,485
6856,Ospitaletto v. XXV aprile,Ossidi di Azoto,2006-10,170.91,743
6856,Ospitaletto v. XXV aprile,Ossidi di Azoto,2006-11,262.01,720
6856,Ospitaletto v. XXV aprile,Ossidi di Azoto,2006-12,276.80,744
6856,Ospitaletto v. XXV aprile,Ossidi di Azoto,2007-01,257.31,710
6856,Ospitaletto v. XXV aprile,Ossidi di Azoto,2007-02,243.87,177
6856,Ospitaletto v. XXV aprile,Ossidi di Azoto,2007-03,149.84,744
6856,Ospitaletto v. XXV aprile,Ossidi di Azoto,2007-04,93.14,720
6856,Ospitaletto v. XXV aprile,Ossidi di Azoto,2007-05,73.66,719
6856,Ospitaletto v. XXV aprile,Ossidi di Azoto,2007-06,41.36,714
6856,Ospitaletto v. XXV aprile,Ossidi di Azoto,2007-07,45.91,744
6856,Ospitaletto v. XXV aprile,Ossidi di Azoto,2007-08,25.31,744
6856,Ospitaletto v. XXV aprile,Ossidi di Azoto,2007-09,63.20,716
6856,Ospitaletto v. XXV aprile,Ossidi di Azoto,2007-10,128.94,731
6856,Ospitaletto v. XXV aprile,Ossidi di Azoto,2007-11,186.72,719
6856,Ospitaletto v. XXV aprile,Ossidi di Azoto,2007-12,258.39,741
6856,Ospitaletto v. XXV aprile,Ossidi di Azoto,2008-01,188.26,729
6856,Ospitaletto v. XXV aprile,Ossidi di Azoto,2008-02,133.91,687
6856,Ospitaletto v. XXV aprile,Ossidi di Azoto,2008-03,64.68,741
6856,Ospitaletto v. XXV aprile,Ossidi di Azoto,2008-04,47.94,719
6856,Ospitaletto v. XXV aprile,Ossidi di Azoto,2008-05,34.95,727
6856,Ospitaletto v. XXV aprile,Ossidi di Azoto,2008-06,19.97,719
6856,Ospitaletto v. XXV aprile,Ossidi di Azoto,2008-07,19.55,744
6856,Ospitaletto v. XXV aprile,Ossidi di Azoto,2008-08,16.20,744
6856,Ospitaletto v. XXV aprile,Ossidi di Azoto,2008-09,43.99,668
6856,Ospitaletto v. XXV aprile,Ossidi di Azoto,2008-10,79.09,593
6856,Ospitaletto v. XXV aprile,Ossidi di Azoto,2008-11,93.23,718
6856,Ospitaletto v. XXV aprile,Ossidi di Azoto,2008-12,164.59,743
6856,Ospitaletto v. XXV aprile,Ossidi di Azoto,2009-01,181.25,693
6856,Ospitaletto v. XXV aprile,Ossidi di Azoto,2009-02,122.87,672
6856,Ospitaletto v. XXV aprile,Ossidi di Azoto,2009-03,64.46,743
6856,Ospitaletto v. XXV aprile,Ossidi di Azoto,2009-04,45.02,719
6856,Ospitaletto v. XXV aprile,Ossidi di Azoto,2009-05,30.66,698
6856,Ospitaletto v. XXV aprile,Ossidi di Azoto,2009-06,30.20,719
6856,Ospitaletto v. XXV aprile,Ossidi di Azoto,2009-07,56.37,679
6856,Ospitaletto v. XXV aprile,Ossidi di Azoto,2009-08,33.36,743
6856,Ospitaletto v. XXV aprile,Ossidi di Azoto,2009-09,57.63,720
6856,Ospitaletto v. XXV aprile,Ossidi di Azoto,2009-10,93.77,725
6856,Ospitaletto v. XXV aprile,Ossidi di Azoto,2009-11,117.93,700
6856,Ospitaletto v. XXV aprile,Ossidi di Azoto,2009-12,211.23,715
6856,Ospitaletto v. XXV aprile,Ossidi di Azoto,2010-01,114.00,1
6856,Ospitaletto v. XXV aprile,Ossidi di Azoto,2010-01,187.02,735
6856,Ospitaletto v. XXV aprile,Ossidi di Azoto,2010-02,159.17,670
6856,Ospitaletto v. XXV aprile,Ossidi di Azoto,2010-03,89.63,744
6856,Ospitaletto v. XXV aprile,Ossidi di Azoto,2010-04,63.71,719
6856,Ospitaletto v. XXV aprile,Ossidi di Azoto,2010-05,38.82,743
6856,Ospitaletto v. XXV aprile,Ossidi di Azoto,2010-06,24.71,530
6856,Ospitaletto v. XXV aprile,Ossidi di Azoto,2010-07,23.37,711
6856,Ospitaletto v. XXV aprile,Ossidi di Azoto,2010-08,25.63,723
6856,Ospitaletto v. XXV aprile,Ossidi di Azoto,2010-09,59.00,656
6856,Ospitaletto v. XXV aprile,Ossidi di Azoto,2010-10,118.02,743
6856,Ospitaletto v. XXV aprile,Ossidi di Azoto,2010-11,122.70,718
6856,Ospitaletto v. XXV aprile,Ossidi di Azoto,2010-12,229.09,744
6856,Ospitaletto v. XXV aprile,Ossidi di Azoto,2011-01,226.63,744
6856,Ospitaletto v. XXV aprile,Ossidi di Azoto,2011-02,189.66,671
6856,Ospitaletto v. XXV aprile,Ossidi di Azoto,2011-03,76.31,724
6856,Ospitaletto v. XXV aprile,Ossidi di Azoto,2011-04,62.04,719
6856,Ospitaletto v. XXV aprile,Ossidi di Azoto,2011-05,45.25,743
6856,Ospitaletto v. XXV aprile,Ossidi di Azoto,2011-06,32.34,717
6856,Ospitaletto v. XXV aprile,Ossidi di Azoto,2011-07,34.35,712
6856,Ospitaletto v. XXV aprile,Ossidi di Azoto,2011-08,34.76,683
6856,Ospitaletto v. XXV aprile,Ossidi di Azoto,2011-09,51.13,718
6856,Ospitaletto v. XXV aprile,Ossidi di Azoto,2011-10,71.28,742
6856,Ospitaletto v. XXV aprile,Ossidi di Azoto,2011-11,151.83,696
6856,Ospitaletto v. XXV aprile,Ossidi di Azoto,2011-12,234.59,738
6856,Ospitaletto v. XXV aprile,Ossidi di Azoto,2012-01,217.55,536
6856,Ospitaletto v. XXV aprile,Ossidi di Azoto,2012-02,164.52,684
6856,Ospitaletto v. XXV aprile,Ossidi di Azoto,2012-03,99.16,724
6856,Ospitaletto v. XXV aprile,Ossidi di Azoto,2012-04,48.41,699
6856,Ospitaletto v. XXV aprile,Ossidi di Azoto,2012-05,39.47,744
6856,Ospitaletto v. XXV aprile,Ossidi di Azoto,2012-06,23.43,720
6856,Ospitaletto v. XXV aprile,Ossidi di Azoto,2012-07,35.42,705
6856,Ospitaletto v. XXV aprile,Ossidi di Azoto,2012-08,33.18,743
6856,Ospitaletto v. XXV aprile,Ossidi di Azoto,2012-09,47.23,715
6856,Ospitaletto v. XXV aprile,Ossidi di Azoto,2012-10,80.47,742
6856,Ospitaletto v. XXV aprile,Ossidi di Azoto,2012-11,131.23,719
6856,Ospitaletto v. XXV aprile,Ossidi di Azoto,2012-12,227.50,738
6856,Ospitaletto v. XXV aprile,Ossidi di Azoto,2013-01,164.29,736
6856,Ospitaletto v. XXV aprile,Ossidi di Azoto,2013-02,141.06,651
6856,Ospitaletto v. XXV aprile,Ossidi di Azoto,2013-03,90.23,736
6856,Ospitaletto v. XXV aprile,Ossidi di Azoto,2013-04,58.41,698
6856,Ospitaletto v. XXV aprile,Ossidi di Azoto,2013-05,41.51,693
6856,Ospitaletto v. XXV aprile,Ossidi di Azoto,2013-06,27.63,711
6856,Ospitaletto v. XXV aprile,Ossidi di Azoto,2013-07,30.32,707
6856,Ospitaletto v. XXV aprile,Ossidi di Azoto,2013-08,29.90,692
6856,Ospitaletto v. XXV aprile,Ossidi di Azoto,2013-09,46.57,687
6856,Ospitaletto v. XXV aprile,Ossidi di Azoto,2013-10,75.29,682
6856,Ospitaletto v. XXV aprile,Ossidi di Azoto,2013-11,123.28,677
6856,Ospitaletto v. XXV aprile,Ossidi di Azoto,2013-12,255.97,739
6856,Ospitaletto v. XXV aprile,Ossidi di Azoto,2014-01,150.78,744
6856,Ospitaletto v. XXV aprile,Ossidi di Azoto,2014-02,101.11,671
6856,Ospitaletto v. XXV aprile,Ossidi di Azoto,2014-03,74.49,722
6856,Ospitaletto v. XXV aprile,Ossidi di Azoto,2014-04,44.47,720
6856,Ospitaletto v. XXV aprile,Ossidi di Azoto,2014-05,35.24,742
6856,Ospitaletto v. XXV aprile,Ossidi di Azoto,2014-06,29.59,686
6856,Ospitaletto v. XXV aprile,Ossidi di Azoto,2014-07,26.26,741
6856,Ospitaletto v. XXV aprile,Ossidi di Azoto,2014-08,16.58,662
6856,Ospitaletto v. XXV aprile,Ossidi di Azoto,2014-09,45.29,716
6856,Ospitaletto v. XXV aprile,Ossidi di Azoto,2014-10,75.62,743
6856,Ospitaletto v. XXV aprile,Ossidi di Azoto,2014-11,107.68,720
6856,Ospitaletto v. XXV aprile,Ossidi di Azoto,2014-12,155.81,743
6856,Ospitaletto v. XXV aprile,Ossidi di Azoto,2015-01,175.14,744
6856,Ospitaletto v. XXV aprile,Ossidi di Azoto,2015-02,139.75,644
6856,Ospitaletto v. XXV aprile,Ossidi di Azoto,2015-03,81.39,744
6856,Ospitaletto v. XXV aprile,Ossidi di Azoto,2015-04,51.36,720
6856,Ospitaletto v. XXV aprile,Ossidi di Azoto,2015-05,34.83,743
6856,Ospitaletto v. XXV aprile,Ossidi di Azoto,2015-06,31.45,655
6856,Ospitaletto v. XXV aprile,Ossidi di Azoto,2015-07,22.58,743
6856,Ospitaletto v. XXV aprile,Ossidi di Azoto,2015-08,25.84,690
6856,Ospitaletto v. XXV aprile,Ossidi di Azoto,2015-09,42.92,177
6856,Ospitaletto v. XXV aprile,Ossidi di Azoto,2015-10,83.47,602
6856,Ospitaletto v. XXV aprile,Ossidi di Azoto,2015-11,160.70,697
6856,Ospitaletto v. XXV aprile,Ossidi di Azoto,2015-12,236.31,733
6856,Ospitaletto v. XXV aprile,Ossidi di Azoto,2016-01,177.77,702
6856,Ospitaletto v. XXV aprile,Ossidi di Azoto,2016-02,94.64,632
6856,Ospitaletto v. XXV aprile,Ossidi di Azoto,2016-03,65.45,733
6856,Ospitaletto v. XXV aprile,Ossidi di Azoto,2016-04,39.12,718
6856,Ospitaletto v. XXV aprile,Ossidi di Azoto,2016-05,39.06,710
6856,Ospitaletto v. XXV aprile,Ossidi di Azoto,2016-06,33.74,608
6856,Ospitaletto v. XXV aprile,Ossidi di Azoto,2016-07,32.11,741
6856,Ospitaletto v. XXV aprile,Ossidi di Azoto,2016-08,29.95,743
6856,Ospitaletto v. XXV aprile,Ossidi di Azoto,2016-09,50.79,718
6856,Ospitaletto v. XXV aprile,Ossidi di Azoto,2016-10,82.07,713
6856,Ospitaletto v. XXV aprile,Ossidi di Azoto,2016-11,121.25,719
6856,Ospitaletto v. XXV aprile,Ossidi di Azoto,2016-12,226.32,743
6856,Ospitaletto v. XXV aprile,Ossidi di Azoto,2017-01,154.30,1
6857,Ospitaletto v. XXV aprile,Ozono,2000-06,18.98,35
6857,Ospitaletto v. XXV aprile,Ozono,2000-07,47.18,277
6857,Ospitaletto v. XXV aprile,Ozono,2000-08,55.63,688
6857,Ospitaletto v. XXV aprile,Ozono,2000-09,34.38,557
6857,Ospitaletto v. XXV aprile,Ozono,2000-10,11.35,698
6857,Ospitaletto v. XXV aprile,Ozono,2000-11,8.52,681
6857,Ospitaletto v. XXV aprile,Ozono,2000-12,7.08,740
6857,Ospitaletto v. XXV aprile,Ozono,2001-01,7.07,628
6857,Ospitaletto v. XXV aprile,Ozono,2001-02,10.34,637
6857,Ospitaletto v. XXV aprile,Ozono,2001-03,11.83,727
6857,Ospitaletto v. XXV aprile,Ozono,2001-04,26.60,583
6857,Ospitaletto v. XXV aprile,Ozono,2001-05,45.91,694
6857,Ospitaletto v. XXV aprile,Ozono,2001-06,54.49,713
6857,Ospitaletto v. XXV aprile,Ozono,2001-07,74.88,737
6857,Ospitaletto v. XXV aprile,Ozono,2001-08,78.79,721
6857,Ospitaletto v. XXV aprile,Ozono,2001-09,30.52,562
6857,Ospitaletto v. XXV aprile,Ozono,2001-10,22.25,711
6857,Ospitaletto v. XXV aprile,Ozono,2001-11,14.38,630
6857,Ospitaletto v. XXV aprile,Ozono,2001-12,10.89,693
6857,Ospitaletto v. XXV aprile,Ozono,2002-01,7.46,739
6857,Ospitaletto v. XXV aprile,Ozono,2002-02,11.66,667
6857,Ospitaletto v. XXV aprile,Ozono,2002-03,29.46,597
6857,Ospitaletto v. XXV aprile,Ozono,2002-04,51.89,412
6857,Ospitaletto v. XXV aprile,Ozono,2002-05,55.16,725
6857,Ospitaletto v. XXV aprile,Ozono,2002-06,83.07,706
6857,Ospitaletto v. XXV aprile,Ozono,2002-07,70.17,313
6857,Ospitaletto v. XXV aprile,Ozono,2002-08,58.28,705
6857,Ospitaletto v. XXV aprile,Ozono,2002-09,43.43,713
6857,Ospitaletto v. XXV aprile,Ozono,2002-10,16.47,736
6857,Ospitaletto v. XXV aprile,Ozono,2002-11,10.76,582
6857,Ospitaletto v. XXV aprile,Ozono,2002-12,9.16,686
6857,Ospitaletto v. XXV aprile,Ozono,2003-01,10.98,744
6857,Ospitaletto v. XXV aprile,Ozono,2003-02,23.84,570
6857,Ospitaletto v. XXV aprile,Ozono,2003-03,39.67,712
6857,Ospitaletto v. XXV aprile,Ozono,2003-04,52.46,657
6857,Ospitaletto v. XXV aprile,Ozono,2003-05,53.52,587
6857,Ospitaletto v. XXV aprile,Ozono,2003-06,104.47,459
6857,Ospitaletto v. XXV aprile,Ozono,2003-07,93.32,634
6857,Ospitaletto v. XXV aprile,Ozono,2003-08,102.93,263
6857,Ospitaletto v. XXV aprile,Ozono,2003-09,56.59,557
6857,Ospitaletto v. XXV aprile,Ozono,2003-10,25.62,634
6857,Ospitaletto v. XXV aprile,Ozono,2003-11,15.01,658
6857,Ospitaletto v. XXV aprile,Ozono,2003-12,17.49,726
6857,Ospitaletto v. XXV aprile,Ozono,2004-01,10.08,743
6857,Ospitaletto v. XXV aprile,Ozono,2004-02,15.98,577
6859,Rezzato v.De Gasperi,Biossido di Azoto,2000-01,67.75,583
6859,Rezzato v.De Gasperi,Biossido di Azoto,2000-02,65.44,622
6859,Rezzato v.De Gasperi,Biossido di Azoto,2000-03,50.43,620
6859,Rezzato v.De Gasperi,Biossido di Azoto,2000-04,36.80,655
6859,Rezzato v.De Gasperi,Biossido di Azoto,2000-05,35.82,683
6859,Rezzato v.De Gasperi,Biossido di Azoto,2000-06,36.33,589
6859,Rezzato v.De Gasperi,Biossido di Azoto,2000-07,32.91,404
6859,Rezzato v.De Gasperi,Biossido di Azoto,2000-08,29.45,523
6859,Rezzato v.De Gasperi,Biossido di Azoto,2000-09,43.36,585
6859,Rezzato v.De Gasperi,Biossido di Azoto,2000-10,60.20,304
6859,Rezzato v.De Gasperi,Biossido di Azoto,2000-11,69.22,359
6859,Rezzato v.De Gasperi,Biossido di Azoto,2000-12,64.03,742
6859,Rezzato v.De Gasperi,Biossido di Azoto,2001-01,62.50,743
6859,Rezzato v.De Gasperi,Biossido di Azoto,2001-02,61.88,671
6859,Rezzato v.De Gasperi,Biossido di Azoto,2001-03,51.80,743
6859,Rezzato v.De Gasperi,Biossido di Azoto,2001-04,39.30,716
6859,Rezzato v.De Gasperi,Biossido di Azoto,2001-05,38.49,719
6859,Rezzato v.De Gasperi,Biossido di Azoto,2001-06,31.45,652
6859,Rezzato v.De Gasperi,Biossido di Azoto,2001-07,28.51,708
6859,Rezzato v.De Gasperi,Biossido di Azoto,2001-08,30.45,650
6859,Rezzato v.De Gasperi,Biossido di Azoto,2001-09,37.82,720
6859,Rezzato v.De Gasperi,Biossido di Azoto,2001-10,49.26,743
6859,Rezzato v.De Gasperi,Biossido di Azoto,2001-11,62.98,556
6859,Rezzato v.De Gasperi,Biossido di Azoto,2001-12,66.85,541
6859,Rezzato v.De Gasperi,Biossido di Azoto,2002-01,81.53,552
6859,Rezzato v.De Gasperi,Biossido di Azoto,2002-02,57.32,635
6859,Rezzato v.De Gasperi,Biossido di Azoto,2002-03,36.82,498
6859,Rezzato v.De Gasperi,Biossido di Azoto,2002-04,14.71,631
6859,Rezzato v.De Gasperi,Biossido di Azoto,2002-05,27.01,486
6859,Rezzato v.De Gasperi,Biossido di Azoto,2002-06,39.95,321
6859,Rezzato v.De Gasperi,Biossido di Azoto,2002-07,35.56,629
6859,Rezzato v.De Gasperi,Biossido di Azoto,2002-08,30.99,287
6859,Rezzato v.De Gasperi,Biossido di Azoto,2002-09,34.43,687
6859,Rezzato v.De Gasperi,Biossido di Azoto,2002-10,41.84,692
6859,Rezzato v.De Gasperi,Biossido di Azoto,2002-11,34.96,708
6859,Rezzato v.De Gasperi,Biossido di Azoto,2002-12,39.03,744
6859,Rezzato v.De Gasperi,Biossido di Azoto,2003-01,52.63,721
6859,Rezzato v.De Gasperi,Biossido di Azoto,2003-02,55.73,633
6859,Rezzato v.De Gasperi,Biossido di Azoto,2003-03,56.62,637
6859,Rezzato v.De Gasperi,Biossido di Azoto,2003-04,36.64,640
6859,Rezzato v.De Gasperi,Biossido di Azoto,2003-05,31.32,558
6859,Rezzato v.De Gasperi,Biossido di Azoto,2003-06,33.14,499
6859,Rezzato v.De Gasperi,Biossido di Azoto,2003-07,31.23,576
6859,Rezzato v.De Gasperi,Biossido di Azoto,2003-08,26.90,260
6859,Rezzato v.De Gasperi,Biossido di Azoto,2003-09,45.58,508
6859,Rezzato v.De Gasperi,Biossido di Azoto,2003-10,46.18,603
6859,Rezzato v.De Gasperi,Biossido di Azoto,2003-11,46.84,663
6859,Rezzato v.De Gasperi,Biossido di Azoto,2003-12,47.93,735
6859,Rezzato v.De Gasperi,Biossido di Azoto,2004-01,51.06,733
6859,Rezzato v.De Gasperi,Biossido di Azoto,2004-02,56.35,696
6859,Rezzato v.De Gasperi,Biossido di Azoto,2004-03,37.01,738
6859,Rezzato v.De Gasperi,Biossido di Azoto,2004-04,34.16,694
6859,Rezzato v.De Gasperi,Biossido di Azoto,2004-05,26.33,744
6859,Rezzato v.De Gasperi,Biossido di Azoto,2004-06,30.42,682
6859,Rezzato v.De Gasperi,Biossido di Azoto,2004-07,29.77,676
6859,Rezzato v.De Gasperi,Biossido di Azoto,2004-08,23.88,722
6859,Rezzato v.De Gasperi,Biossido di Azoto,2004-09,38.75,692
6859,Rezzato v.De Gasperi,Biossido di Azoto,2004-10,38.44,744
6859,Rezzato v.De Gasperi,Biossido di Azoto,2004-11,46.15,693
6859,Rezzato v.De Gasperi,Biossido di Azoto,2004-12,54.71,744
6859,Rezzato v.De Gasperi,Biossido di Azoto,2005-01,37.49,735
6859,Rezzato v.De Gasperi,Biossido di Azoto,2005-02,59.17,672
6859,Rezzato v.De Gasperi,Biossido di Azoto,2005-03,50.73,736
6859,Rezzato v.De Gasperi,Biossido di Azoto,2005-04,30.87,707
6859,Rezzato v.De Gasperi,Biossido di Azoto,2005-05,27.57,744
6859,Rezzato v.De Gasperi,Biossido di Azoto,2005-06,25.36,702
6859,Rezzato v.De Gasperi,Biossido di Azoto,2005-07,25.94,739
6859,Rezzato v.De Gasperi,Biossido di Azoto,2005-08,20.27,736
6859,Rezzato v.De Gasperi,Biossido di Azoto,2005-09,27.12,720
6859,Rezzato v.De Gasperi,Biossido di Azoto,2005-10,40.11,686
6859,Rezzato v.De Gasperi,Biossido di Azoto,2005-11,52.30,712
6859,Rezzato v.De Gasperi,Biossido di Azoto,2005-12,69.23,743
6859,Rezzato v.De Gasperi,Biossido di Azoto,2006-01,77.39,729
6859,Rezzato v.De Gasperi,Biossido di Azoto,2006-02,65.59,672
6859,Rezzato v.De Gasperi,Biossido di Azoto,2006-03,41.82,739
6859,Rezzato v.De Gasperi,Biossido di Azoto,2006-04,37.22,720
6859,Rezzato v.De Gasperi,Biossido di Azoto,2006-05,28.10,734
6859,Rezzato v.De Gasperi,Biossido di Azoto,2006-06,29.88,720
6859,Rezzato v.De Gasperi,Biossido di Azoto,2006-07,22.57,739
6859,Rezzato v.De Gasperi,Biossido di Azoto,2006-08,14.27,744
6859,Rezzato v.De Gasperi,Biossido di Azoto,2006-09,31.72,714
6859,Rezzato v.De Gasperi,Biossido di Azoto,2006-10,40.69,743
6859,Rezzato v.De Gasperi,Biossido di Azoto,2006-11,58.20,720
6859,Rezzato v.De Gasperi,Biossido di Azoto,2006-12,59.37,744
6859,Rezzato v.De Gasperi,Biossido di Azoto,2007-01,56.69,719
6859,Rezzato v.De Gasperi,Biossido di Azoto,2007-02,64.67,634
6859,Rezzato v.De Gasperi,Biossido di Azoto,2007-03,48.09,717
6859,Rezzato v.De Gasperi,Biossido di Azoto,2007-04,38.55,713
6859,Rezzato v.De Gasperi,Biossido di Azoto,2007-05,35.20,714
6859,Rezzato v.De Gasperi,Biossido di Azoto,2007-06,25.29,674
6859,Rezzato v.De Gasperi,Biossido di Azoto,2007-07,33.32,664
6859,Rezzato v.De Gasperi,Biossido di Azoto,2007-08,25.55,677
6859,Rezzato v.De Gasperi,Biossido di Azoto,2007-09,36.04,717
6859,Rezzato v.De Gasperi,Biossido di Azoto,2007-10,43.27,727
6859,Rezzato v.De Gasperi,Biossido di Azoto,2007-11,47.07,711
6859,Rezzato v.De Gasperi,Biossido di Azoto,2007-12,59.38,741
6859,Rezzato v.De Gasperi,Biossido di Azoto,2008-01,57.15,739
6859,Rezzato v.De Gasperi,Biossido di Azoto,2008-02,59.64,694
6859,Rezzato v.De Gasperi,Biossido di Azoto,2008-03,38.01,742
6859,Rezzato v.De Gasperi,Biossido di Azoto,2008-04,35.03,718
6859,Rezzato v.De Gasperi,Biossido di Azoto,2008-05,24.71,737
6859,Rezzato v.De Gasperi,Biossido di Azoto,2008-06,22.35,710
6859,Rezzato v.De Gasperi,Biossido di Azoto,2008-07,25.39,737
6859,Rezzato v.De Gasperi,Biossido di Azoto,2008-08,20.82,741
6859,Rezzato v.De Gasperi,Biossido di Azoto,2008-09,28.80,713
6859,Rezzato v.De Gasperi,Biossido di Azoto,2008-10,41.14,698
6859,Rezzato v.De Gasperi,Biossido di Azoto,2008-11,36.70,664
6859,Rezzato v.De Gasperi,Biossido di Azoto,2008-12,50.06,618
6859,Rezzato v.De Gasperi,Biossido di Azoto,2009-01,64.04,741
6859,Rezzato v.De Gasperi,Biossido di Azoto,2009-02,47.91,669
6859,Rezzato v.De Gasperi,Biossido di Azoto,2009-03,36.74,744
6859,Rezzato v.De Gasperi,Biossido di Azoto,2009-04,26.79,718
6859,Rezzato v.De Gasperi,Biossido di Azoto,2009-05,24.55,653
6859,Rezzato v.De Gasperi,Biossido di Azoto,2009-06,21.36,718
6859,Rezzato v.De Gasperi,Biossido di Azoto,2009-07,22.06,742
6859,Rezzato v.De Gasperi,Biossido di Azoto,2009-08,19.76,742
6859,Rezzato v.De Gasperi,Biossido di Azoto,2009-09,28.19,717
6859,Rezzato v.De Gasperi,Biossido di Azoto,2009-10,32.71,743
6859,Rezzato v.De Gasperi,Biossido di Azoto,2009-11,31.69,719
6859,Rezzato v.De Gasperi,Biossido di Azoto,2009-12,46.15,742
6859,Rezzato v.De Gasperi,Biossido di Azoto,2010-01,40.50,1
6859,Rezzato v.De Gasperi,Biossido di Azoto,2010-01,48.43,741
6859,Rezzato v.De Gasperi,Biossido di Azoto,2010-02,48.51,669
6859,Rezzato v.De Gasperi,Biossido di Azoto,2010-03,37.20,717
6859,Rezzato v.De Gasperi,Biossido di Azoto,2010-04,27.26,718
6859,Rezzato v.De Gasperi,Biossido di Azoto,2010-05,21.00,741
6859,Rezzato v.De Gasperi,Biossido di Azoto,2010-06,18.04,717
6859,Rezzato v.De Gasperi,Biossido di Azoto,2010-07,19.88,742
6859,Rezzato v.De Gasperi,Biossido di Azoto,2010-08,14.72,724
6859,Rezzato v.De Gasperi,Biossido di Azoto,2010-09,25.96,571
6859,Rezzato v.De Gasperi,Biossido di Azoto,2010-10,33.21,741
6859,Rezzato v.De Gasperi,Biossido di Azoto,2010-11,36.08,670
6859,Rezzato v.De Gasperi,Biossido di Azoto,2010-12,48.24,740
6859,Rezzato v.De Gasperi,Biossido di Azoto,2011-01,46.51,737
6859,Rezzato v.De Gasperi,Biossido di Azoto,2011-02,40.49,666
6859,Rezzato v.De Gasperi,Biossido di Azoto,2011-03,29.85,737
6859,Rezzato v.De Gasperi,Biossido di Azoto,2011-04,21.76,698
6859,Rezzato v.De Gasperi,Biossido di Azoto,2011-05,23.30,725
6859,Rezzato v.De Gasperi,Biossido di Azoto,2011-06,18.40,713
6859,Rezzato v.De Gasperi,Biossido di Azoto,2011-07,18.34,737
6859,Rezzato v.De Gasperi,Biossido di Azoto,2011-08,18.66,727
6859,Rezzato v.De Gasperi,Biossido di Azoto,2011-09,22.62,712
6859,Rezzato v.De Gasperi,Biossido di Azoto,2011-10,28.56,721
6859,Rezzato v.De Gasperi,Biossido di Azoto,2011-11,37.00,712
6859,Rezzato v.De Gasperi,Biossido di Azoto,2011-12,38.65,740
6859,Rezzato v.De Gasperi,Biossido di Azoto,2012-01,44.62,737
6859,Rezzato v.De Gasperi,Biossido di Azoto,2012-02,55.03,690
6859,Rezzato v.De Gasperi,Biossido di Azoto,2012-03,38.70,738
6859,Rezzato v.De Gasperi,Biossido di Azoto,2012-04,22.15,715
6859,Rezzato v.De Gasperi,Biossido di Azoto,2012-05,21.11,736
6859,Rezzato v.De Gasperi,Biossido di Azoto,2012-06,18.26,712
6859,Rezzato v.De Gasperi,Biossido di Azoto,2012-07,19.20,737
6859,Rezzato v.De Gasperi,Biossido di Azoto,2012-08,17.92,738
6859,Rezzato v.De Gasperi,Biossido di Azoto,2012-09,28.75,702
6859,Rezzato v.De Gasperi,Biossido di Azoto,2012-10,29.30,738
6859,Rezzato v.De Gasperi,Biossido di Azoto,2012-11,29.15,713
6859,Rezzato v.De Gasperi,Biossido di Azoto,2012-12,43.20,739
6859,Rezzato v.De Gasperi,Biossido di Azoto,2013-01,41.77,738
6859,Rezzato v.De Gasperi,Biossido di Azoto,2013-02,42.40,638
6859,Rezzato v.De Gasperi,Biossido di Azoto,2013-03,28.93,738
6859,Rezzato v.De Gasperi,Biossido di Azoto,2013-04,21.10,713
6859,Rezzato v.De Gasperi,Biossido di Azoto,2013-05,16.50,736
6859,Rezzato v.De Gasperi,Biossido di Azoto,2013-06,23.44,682
6859,Rezzato v.De Gasperi,Biossido di Azoto,2013-07,26.78,65
6859,Rezzato v.De Gasperi,Biossido di Azoto,2013-08,23.77,264
6859,Rezzato v.De Gasperi,Biossido di Azoto,2013-09,27.69,697
6859,Rezzato v.De Gasperi,Biossido di Azoto,2013-10,33.78,733
6859,Rezzato v.De Gasperi,Biossido di Azoto,2013-11,40.71,708
6859,Rezzato v.De Gasperi,Biossido di Azoto,2013-12,45.83,742
6859,Rezzato v.De Gasperi,Biossido di Azoto,2014-01,34.75,741
6859,Rezzato v.De Gasperi,Biossido di Azoto,2014-02,31.36,671
6859,Rezzato v.De Gasperi,Biossido di Azoto,2014-03,31.44,744
6859,Rezzato v.De Gasperi,Biossido di Azoto,2014-04,23.56,626
6859,Rezzato v.De Gasperi,Biossido di Azoto,2014-05,18.04,713
6859,Rezzato v.De Gasperi,Biossido di Azoto,2014-06,15.53,710
6859,Rezzato v.De Gasperi,Biossido di Azoto,2014-07,16.59,740
6859,Rezzato v.De Gasperi,Biossido di Azoto,2014-08,12.15,744
6859,Rezzato v.De Gasperi,Biossido di Azoto,2014-09,18.15,648
6859,Rezzato v.De Gasperi,Biossido di Azoto,2014-10,21.39,685
6859,Rezzato v.De Gasperi,Biossido di Azoto,2014-11,18.10,610
6859,Rezzato v.De Gasperi,Biossido di Azoto,2014-12,29.82,707
6859,Rezzato v.De Gasperi,Biossido di Azoto,2015-01,43.88,742
6859,Rezzato v.De Gasperi,Biossido di Azoto,2015-02,43.61,618
6859,Rezzato v.De Gasperi,Biossido di Azoto,2015-03,33.47,733
6859,Rezzato v.De Gasperi,Biossido di Azoto,2015-04,28.34,684
6859,Rezzato v.De Gasperi,Biossido di Azoto,2015-05,21.02,734
6859,Rezzato v.De Gasperi,Biossido di Azoto,2015-06,21.37,718
6859,Rezzato v.De Gasperi,Biossido di Azoto,2015-07,20.77,673
6859,Rezzato v.De Gasperi,Biossido di Azoto,2015-08,9.43,718
6859,Rezzato v.De Gasperi,Biossido di Azoto,2015-09,23.35,713
6859,Rezzato v.De Gasperi,Biossido di Azoto,2015-10,35.94,741
6859,Rezzato v.De Gasperi,Biossido di Azoto,2015-11,34.74,720
6859,Rezzato v.De Gasperi,Biossido di Azoto,2015-12,41.35,736
6859,Rezzato v.De Gasperi,Biossido di Azoto,2016-01,41.96,740
6859,Rezzato v.De Gasperi,Biossido di Azoto,2016-02,32.61,694
6859,Rezzato v.De Gasperi,Biossido di Azoto,2016-03,29.90,743
6859,Rezzato v.De Gasperi,Biossido di Azoto,2016-04,21.35,718
6859,Rezzato v.De Gasperi,Biossido di Azoto,2016-05,19.49,710
6859,Rezzato v.De Gasperi,Biossido di Azoto,2016-06,16.88,534
6859,Rezzato v.De Gasperi,Biossido di Azoto,2016-07,18.63,657
6859,Rezzato v.De Gasperi,Biossido di Azoto,2016-08,14.86,742
6859,Rezzato v.De Gasperi,Biossido di Azoto,2016-09,21.31,720
6859,Rezzato v.De Gasperi,Biossido di Azoto,2016-10,23.87,743
6859,Rezzato v.De Gasperi,Biossido di Azoto,2016-11,29.25,714
6859,Rezzato v.De Gasperi,Biossido di Azoto,2016-12,39.77,702
6859,Rezzato v.De Gasperi,Biossido di Azoto,2017-01,45.33,713
6859,Rezzato v.De Gasperi,Biossido di Azoto,2017-02,33.07,670
6859,Rezzato v.De Gasperi,Biossido di Azoto,2017-03,28.04,743
6859,Rezzato v.De Gasperi,Biossido di Azoto,2017-04,16.98,711
6859,Rezzato v.De Gasperi,Biossido di Azoto,2017-05,14.64,740
6859,Rezzato v.De Gasperi,Biossido di Azoto,2017-06,16.84,719
6859,Rezzato v.De Gasperi,Biossido di Azoto,2017-07,17.06,743
6859,Rezzato v.De Gasperi,Biossido di Azoto,2017-08,16.03,742
6859,Rezzato v.De Gasperi,Biossido di Azoto,2017-09,21.79,715
6859,Rezzato v.De Gasperi,Biossido di Azoto,2017-10,27.59,732
6859,Rezzato v.De Gasperi,Biossido di Azoto,2017-11,33.07,716
6859,Rezzato v.De Gasperi,Biossido di Azoto,2017-12,45.23,744
6859,Rezzato v.De Gasperi,Biossido di Azoto,2018-01,30.30,1
6859,Rezzato v.De Gasperi,Biossido di Azoto,2018-01,38.39,743
6859,Rezzato v.De Gasperi,Biossido di Azoto,2018-02,34.89,589
6859,Rezzato v.De Gasperi,Biossido di Azoto,2018-03,33.56,743
6859,Rezzato v.De Gasperi,Biossido di Azoto,2018-04,22.48,720
6859,Rezzato v.De Gasperi,Biossido di Azoto,2018-05,21.00,743
6859,Rezzato v.De Gasperi,Biossido di Azoto,2018-06,18.47,713
6859,Rezzato v.De Gasperi,Biossido di Azoto,2018-07,19.33,733
6859,Rezzato v.De Gasperi,Biossido di Azoto,2018-08,17.46,740
6859,Rezzato v.De Gasperi,Biossido di Azoto,2018-09,19.12,629
6859,Rezzato v.De Gasperi,Biossido di Azoto,2018-10,25.58,725
6859,Rezzato v.De Gasperi,Biossido di Azoto,2018-11,27.45,718
6859,Rezzato v.De Gasperi,Biossido di Azoto,2018-12,38.32,743
6859,Rezzato v.De Gasperi,Biossido di Azoto,2019-01,42.05,742
6859,Rezzato v.De Gasperi,Biossido di Azoto,2019-02,39.71,671
6859,Rezzato v.De Gasperi,Biossido di Azoto,2019-03,28.86,743
6859,Rezzato v.De Gasperi,Biossido di Azoto,2019-04,18.63,532
6859,Rezzato v.De Gasperi,Biossido di Azoto,2019-05,17.83,650
6859,Rezzato v.De Gasperi,Biossido di Azoto,2019-06,13.55,662
6859,Rezzato v.De Gasperi,Biossido di Azoto,2019-07,20.35,738
6859,Rezzato v.De Gasperi,Biossido di Azoto,2019-08,21.11,743
6859,Rezzato v.De Gasperi,Biossido di Azoto,2019-09,24.43,719
6859,Rezzato v.De Gasperi,Biossido di Azoto,2019-10,27.74,744
6859,Rezzato v.De Gasperi,Biossido di Azoto,2019-11,26.24,718
6859,Rezzato v.De Gasperi,Biossido di Azoto,2019-12,40.96,744
6859,Rezzato v.De Gasperi,Biossido di Azoto,2020-01,60.77,742
6859,Rezzato v.De Gasperi,Biossido di Azoto,2020-02,46.36,696
6859,Rezzato v.De Gasperi,Biossido di Azoto,2020-03,27.72,741
6859,Rezzato v.De Gasperi,Biossido di Azoto,2020-04,19.26,719
6859,Rezzato v.De Gasperi,Biossido di Azoto,2020-05,21.14,744
6859,Rezzato v.De Gasperi,Biossido di Azoto,2020-06,14.45,718
6859,Rezzato v.De Gasperi,Biossido di Azoto,2020-07,14.17,664
6859,Rezzato v.De Gasperi,Biossido di Azoto,2020-08,10.21,739
6859,Rezzato v.De Gasperi,Biossido di Azoto,2020-09,15.46,702
6859,Rezzato v.De Gasperi,Biossido di Azoto,2020-10,20.32,735
6859,Rezzato v.De Gasperi,Biossido di Azoto,2020-11,33.37,719
6859,Rezzato v.De Gasperi,Biossido di Azoto,2020-12,37.63,744
6859,Rezzato v.De Gasperi,Biossido di Azoto,2021-01,34.06,742
6859,Rezzato v.De Gasperi,Biossido di Azoto,2021-02,36.49,672
6859,Rezzato v.De Gasperi,Biossido di Azoto,2021-03,24.70,706
6859,Rezzato v.De Gasperi,Biossido di Azoto,2021-04,17.62,655
6859,Rezzato v.De Gasperi,Biossido di Azoto,2021-05,13.50,720
6859,Rezzato v.De Gasperi,Biossido di Azoto,2021-06,14.30,719
6859,Rezzato v.De Gasperi,Biossido di Azoto,2021-07,12.92,737
6859,Rezzato v.De Gasperi,Biossido di Azoto,2021-08,12.19,737
6859,Rezzato v.De Gasperi,Biossido di Azoto,2021-09,19.40,718
6859,Rezzato v.De Gasperi,Biossido di Azoto,2021-10,25.99,708
6859,Rezzato v.De Gasperi,Biossido di Azoto,2021-11,19.84,715
6859,Rezzato v.De Gasperi,Biossido di Azoto,2021-12,31.80,741
6859,Rezzato v.De Gasperi,Biossido di Azoto,2022-01,42.24,733
6859,Rezzato v.De Gasperi,Biossido di Azoto,2022-02,40.25,671
6859,Rezzato v.De Gasperi,Biossido di Azoto,2022-03,32.33,744
6859,Rezzato v.De Gasperi,Biossido di Azoto,2022-04,19.14,675
6859,Rezzato v.De Gasperi,Biossido di Azoto,2022-05,15.65,725
6859,Rezzato v.De Gasperi,Biossido di Azoto,2022-06,17.51,704
6859,Rezzato v.De Gasperi,Biossido di Azoto,2022-07,18.62,743
6859,Rezzato v.De Gasperi,Biossido di Azoto,2022-08,13.64,742
6859,Rezzato v.De Gasperi,Biossido di Azoto,2022-09,13.09,716
6859,Rezzato v.De Gasperi,Biossido di Azoto,2022-10,22.35,736
6859,Rezzato v.De Gasperi,Biossido di Azoto,2022-11,25.15,717
6859,Rezzato v.De Gasperi,Biossido di Azoto,2022-12,32.88,744
6859,Rezzato v.De Gasperi,Biossido di Azoto,2023-01,31.88,741
6859,Rezzato v.De Gasperi,Biossido di Azoto,2023-02,41.93,668
6859,Rezzato v.De Gasperi,Biossido di Azoto,2023-03,29.05,740
6859,Rezzato v.De Gasperi,Biossido di Azoto,2023-04,15.31,716
6859,Rezzato v.De Gasperi,Biossido di Azoto,2023-05,12.31,719
6859,Rezzato v.De Gasperi,Biossido di Azoto,2023-06,11.94,718
6859,Rezzato v.De Gasperi,Biossido di Azoto,2023-07,10.38,741
6859,Rezzato v.De Gasperi,Biossido di Azoto,2023-08,11.76,740
6859,Rezzato v.De Gasperi,Biossido di Azoto,2023-09,18.35,713
6859,Rezzato v.De Gasperi,Biossido di Azoto,2023-10,22.37,743
6859,Rezzato v.De Gasperi,Biossido di Azoto,2023-11,28.87,718
6859,Rezzato v.De Gasperi,Biossido di Azoto,2023-12,32.87,742
6859,Rezzato v.De Gasperi,Biossido di Azoto,2024-01,34.62,742
6859,Rezzato v.De Gasperi,Biossido di Azoto,2024-02,27.61,695
6859,Rezzato v.De Gasperi,Biossido di Azoto,2024-03,19.91,742
6859,Rezzato v.De Gasperi,Biossido di Azoto,2024-04,17.54,718
6859,Rezzato v.De Gasperi,Biossido di Azoto,2024-05,15.64,737
6859,Rezzato v.De Gasperi,Biossido di Azoto,2024-06,17.90,708
6859,Rezzato v.De Gasperi,Biossido di Azoto,2024-07,13.11,721
6859,Rezzato v.De Gasperi,Biossido di Azoto,2024-08,12.78,729
6859,Rezzato v.De Gasperi,Biossido di Azoto,2024-09,20.16,719
6859,Rezzato v.De Gasperi,Biossido di Azoto,2024-10,21.62,740
6859,Rezzato v.De Gasperi,Biossido di Azoto,2024-11,31.77,720
6859,Rezzato v.De Gasperi,Biossido di Azoto,2024-12,33.09,713
6859,Rezzato v.De Gasperi,Biossido di Azoto,2025-01,32.92,723
6859,Rezzato v.De Gasperi,Biossido di Azoto,2025-02,30.53,667
6859,Rezzato v.De Gasperi,Biossido di Azoto,2025-03,21.91,742
6859,Rezzato v.De Gasperi,Biossido di Azoto,2025-04,14.67,718
6859,Rezzato v.De Gasperi,Biossido di Azoto,2025-05,11.21,743
6859,Rezzato v.De Gasperi,Biossido di Azoto,2025-06,14.24,718
6859,Rezzato v.De Gasperi,Biossido di Azoto,2025-07,15.19,742
6859,Rezzato v.De Gasperi,Biossido di Azoto,2025-08,12.37,740
6859,Rezzato v.De Gasperi,Biossido di Azoto,2025-09,18.90,716
6859,Rezzato v.De Gasperi,Biossido di Azoto,2025-10,32.99,743
6859,Rezzato v.De Gasperi,Biossido di Azoto,2025-11,45.25,718
6859,Rezzato v.De Gasperi,Biossido di Azoto,2025-12,35.71,705
6859,Rezzato v.De Gasperi,Biossido di Azoto,2026-01,23.00,1
6860,Rezzato v.De Gasperi,Biossido di Zolfo,2000-01,10.19,652
6860,Rezzato v.De Gasperi,Biossido di Zolfo,2000-02,10.54,620
6860,Rezzato v.De Gasperi,Biossido di Zolfo,2000-03,9.77,622
6860,Rezzato v.De Gasperi,Biossido di Zolfo,2000-04,7.56,641
6860,Rezzato v.De Gasperi,Biossido di Zolfo,2000-05,7.33,739
6860,Rezzato v.De Gasperi,Biossido di Zolfo,2000-06,7.62,597
6860,Rezzato v.De Gasperi,Biossido di Zolfo,2000-07,8.32,744
6860,Rezzato v.De Gasperi,Biossido di Zolfo,2000-08,6.70,574
6860,Rezzato v.De Gasperi,Biossido di Zolfo,2000-09,8.15,710
6860,Rezzato v.De Gasperi,Biossido di Zolfo,2000-10,8.16,725
6860,Rezzato v.De Gasperi,Biossido di Zolfo,2000-11,10.18,718
6860,Rezzato v.De Gasperi,Biossido di Zolfo,2000-12,10.15,717
6860,Rezzato v.De Gasperi,Biossido di Zolfo,2001-01,11.54,736
6860,Rezzato v.De Gasperi,Biossido di Zolfo,2001-02,11.55,667
6860,Rezzato v.De Gasperi,Biossido di Zolfo,2001-03,8.83,743
6860,Rezzato v.De Gasperi,Biossido di Zolfo,2001-04,8.36,719
6860,Rezzato v.De Gasperi,Biossido di Zolfo,2001-05,7.55,685
6860,Rezzato v.De Gasperi,Biossido di Zolfo,2001-06,7.84,667
6860,Rezzato v.De Gasperi,Biossido di Zolfo,2001-07,6.36,708
6860,Rezzato v.De Gasperi,Biossido di Zolfo,2001-08,5.95,707
6860,Rezzato v.De Gasperi,Biossido di Zolfo,2001-09,7.48,720
6860,Rezzato v.De Gasperi,Biossido di Zolfo,2001-10,7.15,744
6860,Rezzato v.De Gasperi,Biossido di Zolfo,2001-11,9.93,667
6860,Rezzato v.De Gasperi,Biossido di Zolfo,2001-12,11.76,720
6860,Rezzato v.De Gasperi,Biossido di Zolfo,2002-01,12.87,737
6860,Rezzato v.De Gasperi,Biossido di Zolfo,2002-02,10.80,669
6860,Rezzato v.De Gasperi,Biossido di Zolfo,2002-03,8.08,742
6860,Rezzato v.De Gasperi,Biossido di Zolfo,2002-04,8.35,631
6860,Rezzato v.De Gasperi,Biossido di Zolfo,2002-05,7.19,610
6860,Rezzato v.De Gasperi,Biossido di Zolfo,2002-06,6.55,710
6860,Rezzato v.De Gasperi,Biossido di Zolfo,2002-07,8.99,744
6860,Rezzato v.De Gasperi,Biossido di Zolfo,2002-08,8.71,712
6860,Rezzato v.De Gasperi,Biossido di Zolfo,2002-09,8.08,708
6860,Rezzato v.De Gasperi,Biossido di Zolfo,2002-10,7.70,673
6860,Rezzato v.De Gasperi,Biossido di Zolfo,2002-11,7.75,706
6860,Rezzato v.De Gasperi,Biossido di Zolfo,2002-12,9.79,744
6860,Rezzato v.De Gasperi,Biossido di Zolfo,2003-01,12.39,721
6860,Rezzato v.De Gasperi,Biossido di Zolfo,2003-02,12.05,636
6860,Rezzato v.De Gasperi,Biossido di Zolfo,2003-03,6.50,604
6860,Rezzato v.De Gasperi,Biossido di Zolfo,2003-04,4.65,610
6860,Rezzato v.De Gasperi,Biossido di Zolfo,2003-05,2.67,418
6860,Rezzato v.De Gasperi,Biossido di Zolfo,2003-06,6.42,404
6860,Rezzato v.De Gasperi,Biossido di Zolfo,2003-07,7.60,560
6860,Rezzato v.De Gasperi,Biossido di Zolfo,2003-08,7.26,258
6860,Rezzato v.De Gasperi,Biossido di Zolfo,2003-09,9.97,343
6862,Rezzato v.De Gasperi,Monossido di Carbonio,2000-01,1.49,126
6862,Rezzato v.De Gasperi,Monossido di Carbonio,2000-02,1.58,409
6862,Rezzato v.De Gasperi,Monossido di Carbonio,2000-03,0.36,484
6862,Rezzato v.De Gasperi,Monossido di Carbonio,2000-04,0.50,660
6862,Rezzato v.De Gasperi,Monossido di Carbonio,2000-05,0.61,706
6862,Rezzato v.De Gasperi,Monossido di Carbonio,2000-06,0.70,609
6862,Rezzato v.De Gasperi,Monossido di Carbonio,2000-07,0.78,431
6862,Rezzato v.De Gasperi,Monossido di Carbonio,2000-08,0.65,411
6862,Rezzato v.De Gasperi,Monossido di Carbonio,2000-09,0.63,331
6862,Rezzato v.De Gasperi,Monossido di Carbonio,2000-10,1.01,680
6862,Rezzato v.De Gasperi,Monossido di Carbonio,2000-11,1.33,672
6862,Rezzato v.De Gasperi,Monossido di Carbonio,2000-12,1.41,712
6862,Rezzato v.De Gasperi,Monossido di Carbonio,2001-01,1.36,710
6862,Rezzato v.De Gasperi,Monossido di Carbonio,2001-02,0.88,609
6862,Rezzato v.De Gasperi,Monossido di Carbonio,2001-03,0.62,687
6862,Rezzato v.De Gasperi,Monossido di Carbonio,2001-04,0.42,682
6862,Rezzato v.De Gasperi,Monossido di Carbonio,2001-05,0.17,564
6862,Rezzato v.De Gasperi,Monossido di Carbonio,2001-06,0.16,550
6862,Rezzato v.De Gasperi,Monossido di Carbonio,2001-07,0.13,668
6862,Rezzato v.De Gasperi,Monossido di Carbonio,2001-08,0.16,655
6862,Rezzato v.De Gasperi,Monossido di Carbonio,2001-09,0.28,610
6862,Rezzato v.De Gasperi,Monossido di Carbonio,2001-10,0.49,658
6862,Rezzato v.De Gasperi,Monossido di Carbonio,2001-11,1.91,593
6862,Rezzato v.De Gasperi,Monossido di Carbonio,2001-12,1.25,160
6862,Rezzato v.De Gasperi,Monossido di Carbonio,2002-01,2.15,207
6862,Rezzato v.De Gasperi,Monossido di Carbonio,2002-02,1.40,471
6862,Rezzato v.De Gasperi,Monossido di Carbonio,2002-03,1.16,712
6862,Rezzato v.De Gasperi,Monossido di Carbonio,2002-04,0.96,599
6862,Rezzato v.De Gasperi,Monossido di Carbonio,2002-05,0.12,421
6862,Rezzato v.De Gasperi,Monossido di Carbonio,2002-06,0.06,284
6862,Rezzato v.De Gasperi,Monossido di Carbonio,2002-07,0.16,240
6862,Rezzato v.De Gasperi,Monossido di Carbonio,2002-09,0.18,613
6862,Rezzato v.De Gasperi,Monossido di Carbonio,2002-10,0.32,559
6862,Rezzato v.De Gasperi,Monossido di Carbonio,2002-11,0.41,608
6862,Rezzato v.De Gasperi,Monossido di Carbonio,2002-12,0.60,690
6862,Rezzato v.De Gasperi,Monossido di Carbonio,2003-01,0.74,679
6862,Rezzato v.De Gasperi,Monossido di Carbonio,2003-02,0.54,639
6862,Rezzato v.De Gasperi,Monossido di Carbonio,2003-03,0.42,689
6862,Rezzato v.De Gasperi,Monossido di Carbonio,2003-04,0.15,647
6862,Rezzato v.De Gasperi,Monossido di Carbonio,2003-05,0.06,458
6862,Rezzato v.De Gasperi,Monossido di Carbonio,2003-06,0.32,413
6862,Rezzato v.De Gasperi,Monossido di Carbonio,2003-07,0.42,614
6862,Rezzato v.De Gasperi,Monossido di Carbonio,2003-08,0.38,265
6862,Rezzato v.De Gasperi,Monossido di Carbonio,2003-09,0.29,528
6862,Rezzato v.De Gasperi,Monossido di Carbonio,2003-10,0.88,636
6862,Rezzato v.De Gasperi,Monossido di Carbonio,2003-11,0.91,679
6862,Rezzato v.De Gasperi,Monossido di Carbonio,2003-12,1.44,735
6862,Rezzato v.De Gasperi,Monossido di Carbonio,2004-01,1.23,733
6862,Rezzato v.De Gasperi,Monossido di Carbonio,2004-02,1.26,695
6862,Rezzato v.De Gasperi,Monossido di Carbonio,2004-03,0.96,738
6862,Rezzato v.De Gasperi,Monossido di Carbonio,2004-04,0.69,694
6862,Rezzato v.De Gasperi,Monossido di Carbonio,2004-05,0.53,744
6862,Rezzato v.De Gasperi,Monossido di Carbonio,2004-06,0.53,682
6862,Rezzato v.De Gasperi,Monossido di Carbonio,2004-07,0.53,675
6862,Rezzato v.De Gasperi,Monossido di Carbonio,2004-08,0.41,714
6862,Rezzato v.De Gasperi,Monossido di Carbonio,2004-09,0.60,691
6862,Rezzato v.De Gasperi,Monossido di Carbonio,2004-10,0.63,744
6862,Rezzato v.De Gasperi,Monossido di Carbonio,2004-11,0.90,693
6862,Rezzato v.De Gasperi,Monossido di Carbonio,2004-12,1.03,744
6862,Rezzato v.De Gasperi,Monossido di Carbonio,2005-01,1.14,737
6862,Rezzato v.De Gasperi,Monossido di Carbonio,2005-02,1.18,672
6862,Rezzato v.De Gasperi,Monossido di Carbonio,2005-03,0.75,734
6862,Rezzato v.De Gasperi,Monossido di Carbonio,2005-04,0.35,707
6862,Rezzato v.De Gasperi,Monossido di Carbonio,2005-05,0.21,743
6862,Rezzato v.De Gasperi,Monossido di Carbonio,2005-06,0.23,706
6862,Rezzato v.De Gasperi,Monossido di Carbonio,2005-07,0.26,739
6862,Rezzato v.De Gasperi,Monossido di Carbonio,2005-08,0.25,736
6862,Rezzato v.De Gasperi,Monossido di Carbonio,2005-09,0.32,720
6862,Rezzato v.De Gasperi,Monossido di Carbonio,2005-10,0.54,687
6862,Rezzato v.De Gasperi,Monossido di Carbonio,2005-11,0.75,712
6862,Rezzato v.De Gasperi,Monossido di Carbonio,2005-12,1.28,744
6862,Rezzato v.De Gasperi,Monossido di Carbonio,2006-01,1.10,733
6862,Rezzato v.De Gasperi,Monossido di Carbonio,2006-02,0.75,663
6862,Rezzato v.De Gasperi,Monossido di Carbonio,2006-03,0.47,735
6862,Rezzato v.De Gasperi,Monossido di Carbonio,2006-04,0.34,720
6862,Rezzato v.De Gasperi,Monossido di Carbonio,2006-05,0.28,736
6862,Rezzato v.De Gasperi,Monossido di Carbonio,2006-06,0.29,720
6862,Rezzato v.De Gasperi,Monossido di Carbonio,2006-07,0.25,658
6862,Rezzato v.De Gasperi,Monossido di Carbonio,2006-08,0.36,744
6862,Rezzato v.De Gasperi,Monossido di Carbonio,2006-09,0.36,715
6862,Rezzato v.De Gasperi,Monossido di Carbonio,2006-10,0.62,743
6862,Rezzato v.De Gasperi,Monossido di Carbonio,2006-11,0.87,719
6862,Rezzato v.De Gasperi,Monossido di Carbonio,2006-12,1.01,744
6862,Rezzato v.De Gasperi,Monossido di Carbonio,2007-01,1.05,736
6862,Rezzato v.De Gasperi,Monossido di Carbonio,2007-02,0.80,672
6862,Rezzato v.De Gasperi,Monossido di Carbonio,2007-03,0.47,740
6862,Rezzato v.De Gasperi,Monossido di Carbonio,2007-04,0.43,717
6862,Rezzato v.De Gasperi,Monossido di Carbonio,2007-05,0.17,717
6862,Rezzato v.De Gasperi,Monossido di Carbonio,2007-06,0.20,677
6862,Rezzato v.De Gasperi,Monossido di Carbonio,2007-07,0.12,664
6862,Rezzato v.De Gasperi,Monossido di Carbonio,2007-08,0.10,662
6862,Rezzato v.De Gasperi,Monossido di Carbonio,2007-09,0.29,717
6862,Rezzato v.De Gasperi,Monossido di Carbonio,2007-10,0.36,717
6862,Rezzato v.De Gasperi,Monossido di Carbonio,2007-11,0.57,713
6862,Rezzato v.De Gasperi,Monossido di Carbonio,2007-12,0.98,742
6862,Rezzato v.De Gasperi,Monossido di Carbonio,2008-01,0.89,740
6862,Rezzato v.De Gasperi,Monossido di Carbonio,2008-02,0.96,695
6862,Rezzato v.De Gasperi,Monossido di Carbonio,2008-03,0.69,743
6862,Rezzato v.De Gasperi,Monossido di Carbonio,2008-04,0.59,719
6862,Rezzato v.De Gasperi,Monossido di Carbonio,2008-05,0.54,744
6862,Rezzato v.De Gasperi,Monossido di Carbonio,2008-06,0.23,717
6862,Rezzato v.De Gasperi,Monossido di Carbonio,2008-07,0.20,741
6862,Rezzato v.De Gasperi,Monossido di Carbonio,2008-08,0.28,744
6862,Rezzato v.De Gasperi,Monossido di Carbonio,2008-09,0.30,713
6862,Rezzato v.De Gasperi,Monossido di Carbonio,2008-10,0.73,700
6862,Rezzato v.De Gasperi,Monossido di Carbonio,2008-11,0.68,653
6862,Rezzato v.De Gasperi,Monossido di Carbonio,2008-12,0.65,728
6862,Rezzato v.De Gasperi,Monossido di Carbonio,2009-01,1.05,744
6862,Rezzato v.De Gasperi,Monossido di Carbonio,2009-02,0.68,672
6862,Rezzato v.De Gasperi,Monossido di Carbonio,2009-03,0.39,743
6862,Rezzato v.De Gasperi,Monossido di Carbonio,2009-04,0.48,720
6862,Rezzato v.De Gasperi,Monossido di Carbonio,2009-05,0.27,743
6862,Rezzato v.De Gasperi,Monossido di Carbonio,2009-06,0.08,710
6862,Rezzato v.De Gasperi,Monossido di Carbonio,2009-07,0.09,740
6862,Rezzato v.De Gasperi,Monossido di Carbonio,2009-08,0.17,743
6862,Rezzato v.De Gasperi,Monossido di Carbonio,2009-09,0.37,719
6862,Rezzato v.De Gasperi,Monossido di Carbonio,2009-10,0.55,744
6862,Rezzato v.De Gasperi,Monossido di Carbonio,2009-11,0.64,718
6862,Rezzato v.De Gasperi,Monossido di Carbonio,2009-12,0.84,741
6862,Rezzato v.De Gasperi,Monossido di Carbonio,2010-01,1.30,1
6862,Rezzato v.De Gasperi,Monossido di Carbonio,2010-01,0.91,742
6862,Rezzato v.De Gasperi,Monossido di Carbonio,2010-02,0.74,670
6862,Rezzato v.De Gasperi,Monossido di Carbonio,2010-03,0.54,720
6862,Rezzato v.De Gasperi,Monossido di Carbonio,2010-04,0.34,688
6862,Rezzato v.De Gasperi,Monossido di Carbonio,2010-05,0.23,689
6862,Rezzato v.De Gasperi,Monossido di Carbonio,2010-06,0.28,718
6862,Rezzato v.De Gasperi,Monossido di Carbonio,2010-07,0.24,742
6862,Rezzato v.De Gasperi,Monossido di Carbonio,2010-08,0.14,743
6862,Rezzato v.De Gasperi,Monossido di Carbonio,2010-09,0.35,718
6862,Rezzato v.De Gasperi,Monossido di Carbonio,2010-10,0.51,727
6862,Rezzato v.De Gasperi,Monossido di Carbonio,2010-11,0.53,664
6862,Rezzato v.De Gasperi,Monossido di Carbonio,2010-12,1.17,744
6862,Rezzato v.De Gasperi,Monossido di Carbonio,2011-01,0.99,722
6862,Rezzato v.De Gasperi,Monossido di Carbonio,2011-02,1.15,670
6862,Rezzato v.De Gasperi,Monossido di Carbonio,2011-03,0.69,743
6862,Rezzato v.De Gasperi,Monossido di Carbonio,2011-04,0.43,719
6862,Rezzato v.De Gasperi,Monossido di Carbonio,2011-05,0.38,741
6862,Rezzato v.De Gasperi,Monossido di Carbonio,2011-06,0.38,717
6862,Rezzato v.De Gasperi,Monossido di Carbonio,2011-07,0.36,742
6862,Rezzato v.De Gasperi,Monossido di Carbonio,2011-08,0.36,732
6862,Rezzato v.De Gasperi,Monossido di Carbonio,2011-09,0.43,718
6862,Rezzato v.De Gasperi,Monossido di Carbonio,2011-10,0.36,713
6862,Rezzato v.De Gasperi,Monossido di Carbonio,2011-11,0.90,717
6862,Rezzato v.De Gasperi,Monossido di Carbonio,2011-12,1.05,744
6862,Rezzato v.De Gasperi,Monossido di Carbonio,2012-01,1.06,743
6862,Rezzato v.De Gasperi,Monossido di Carbonio,2012-02,0.83,696
6862,Rezzato v.De Gasperi,Monossido di Carbonio,2012-03,0.53,742
6862,Rezzato v.De Gasperi,Monossido di Carbonio,2012-04,0.42,720
6862,Rezzato v.De Gasperi,Monossido di Carbonio,2012-05,0.33,743
6862,Rezzato v.De Gasperi,Monossido di Carbonio,2012-06,0.41,712
6862,Rezzato v.De Gasperi,Monossido di Carbonio,2012-07,0.17,743
6862,Rezzato v.De Gasperi,Monossido di Carbonio,2012-08,0.31,743
6862,Rezzato v.De Gasperi,Monossido di Carbonio,2012-09,0.31,694
6862,Rezzato v.De Gasperi,Monossido di Carbonio,2012-10,0.65,743
6862,Rezzato v.De Gasperi,Monossido di Carbonio,2012-11,0.78,717
6862,Rezzato v.De Gasperi,Monossido di Carbonio,2012-12,1.09,744
6862,Rezzato v.De Gasperi,Monossido di Carbonio,2013-01,0.94,743
6862,Rezzato v.De Gasperi,Monossido di Carbonio,2013-02,0.59,641
6862,Rezzato v.De Gasperi,Monossido di Carbonio,2013-03,0.56,744
6862,Rezzato v.De Gasperi,Monossido di Carbonio,2013-04,0.39,719
6862,Rezzato v.De Gasperi,Monossido di Carbonio,2013-05,0.36,743
6862,Rezzato v.De Gasperi,Monossido di Carbonio,2013-06,0.34,694
6862,Rezzato v.De Gasperi,Monossido di Carbonio,2013-07,0.35,744
6862,Rezzato v.De Gasperi,Monossido di Carbonio,2013-08,0.41,732
6862,Rezzato v.De Gasperi,Monossido di Carbonio,2013-09,0.43,710
6862,Rezzato v.De Gasperi,Monossido di Carbonio,2013-10,0.44,743
6862,Rezzato v.De Gasperi,Monossido di Carbonio,2013-11,0.53,717
6862,Rezzato v.De Gasperi,Monossido di Carbonio,2013-12,1.19,741
6862,Rezzato v.De Gasperi,Monossido di Carbonio,2014-01,0.82,743
6862,Rezzato v.De Gasperi,Monossido di Carbonio,2014-02,0.62,671
6862,Rezzato v.De Gasperi,Monossido di Carbonio,2014-03,0.41,744
6862,Rezzato v.De Gasperi,Monossido di Carbonio,2014-04,0.29,636
6862,Rezzato v.De Gasperi,Monossido di Carbonio,2014-05,0.36,722
6862,Rezzato v.De Gasperi,Monossido di Carbonio,2014-06,0.23,710
6862,Rezzato v.De Gasperi,Monossido di Carbonio,2014-07,0.36,739
6862,Rezzato v.De Gasperi,Monossido di Carbonio,2014-08,0.29,740
6862,Rezzato v.De Gasperi,Monossido di Carbonio,2014-09,0.47,638
6862,Rezzato v.De Gasperi,Monossido di Carbonio,2014-10,0.46,716
6862,Rezzato v.De Gasperi,Monossido di Carbonio,2014-11,0.50,718
6862,Rezzato v.De Gasperi,Monossido di Carbonio,2014-12,0.86,744
6862,Rezzato v.De Gasperi,Monossido di Carbonio,2015-01,0.92,742
6862,Rezzato v.De Gasperi,Monossido di Carbonio,2015-02,0.60,618
6862,Rezzato v.De Gasperi,Monossido di Carbonio,2015-03,0.44,733
6862,Rezzato v.De Gasperi,Monossido di Carbonio,2015-04,0.23,575
6862,Rezzato v.De Gasperi,Monossido di Carbonio,2015-05,0.34,734
6862,Rezzato v.De Gasperi,Monossido di Carbonio,2015-06,0.27,717
6862,Rezzato v.De Gasperi,Monossido di Carbonio,2015-07,0.43,673
6862,Rezzato v.De Gasperi,Monossido di Carbonio,2015-08,0.32,719
6862,Rezzato v.De Gasperi,Monossido di Carbonio,2015-09,0.31,712
6862,Rezzato v.De Gasperi,Monossido di Carbonio,2015-10,0.55,741
6862,Rezzato v.De Gasperi,Monossido di Carbonio,2015-11,0.81,720
6862,Rezzato v.De Gasperi,Monossido di Carbonio,2015-12,0.94,737
6862,Rezzato v.De Gasperi,Monossido di Carbonio,2016-01,0.82,740
6862,Rezzato v.De Gasperi,Monossido di Carbonio,2016-02,0.52,646
6862,Rezzato v.De Gasperi,Monossido di Carbonio,2016-03,0.24,743
6862,Rezzato v.De Gasperi,Monossido di Carbonio,2016-04,0.23,719
6862,Rezzato v.De Gasperi,Monossido di Carbonio,2016-05,0.28,710
6862,Rezzato v.De Gasperi,Monossido di Carbonio,2016-06,0.22,719
6862,Rezzato v.De Gasperi,Monossido di Carbonio,2016-07,0.23,665
6862,Rezzato v.De Gasperi,Monossido di Carbonio,2016-08,0.36,741
6862,Rezzato v.De Gasperi,Monossido di Carbonio,2016-09,0.44,720
6862,Rezzato v.De Gasperi,Monossido di Carbonio,2016-10,0.62,743
6862,Rezzato v.De Gasperi,Monossido di Carbonio,2016-11,0.52,713
6862,Rezzato v.De Gasperi,Monossido di Carbonio,2016-12,1.17,701
6862,Rezzato v.De Gasperi,Monossido di Carbonio,2017-01,0.85,694
6862,Rezzato v.De Gasperi,Monossido di Carbonio,2017-02,0.74,670
6862,Rezzato v.De Gasperi,Monossido di Carbonio,2017-03,0.33,743
6862,Rezzato v.De Gasperi,Monossido di Carbonio,2017-04,0.38,720
6862,Rezzato v.De Gasperi,Monossido di Carbonio,2017-05,0.39,742
6862,Rezzato v.De Gasperi,Monossido di Carbonio,2017-06,0.30,719
6862,Rezzato v.De Gasperi,Monossido di Carbonio,2017-07,0.33,743
6862,Rezzato v.De Gasperi,Monossido di Carbonio,2017-08,0.32,743
6862,Rezzato v.De Gasperi,Monossido di Carbonio,2017-09,0.39,719
6862,Rezzato v.De Gasperi,Monossido di Carbonio,2017-10,0.68,730
6862,Rezzato v.De Gasperi,Monossido di Carbonio,2017-11,0.56,719
6862,Rezzato v.De Gasperi,Monossido di Carbonio,2017-12,0.26,744
6862,Rezzato v.De Gasperi,Monossido di Carbonio,2018-01,0.10,1
6862,Rezzato v.De Gasperi,Monossido di Carbonio,2018-01,0.17,742
6862,Rezzato v.De Gasperi,Monossido di Carbonio,2018-02,0.51,550
6862,Rezzato v.De Gasperi,Monossido di Carbonio,2018-03,0.38,740
6862,Rezzato v.De Gasperi,Monossido di Carbonio,2018-04,0.33,720
6862,Rezzato v.De Gasperi,Monossido di Carbonio,2018-05,0.20,743
6862,Rezzato v.De Gasperi,Monossido di Carbonio,2018-06,0.27,717
6862,Rezzato v.De Gasperi,Monossido di Carbonio,2018-07,0.44,744
6862,Rezzato v.De Gasperi,Monossido di Carbonio,2018-08,0.40,743
6862,Rezzato v.De Gasperi,Monossido di Carbonio,2018-09,0.34,702
6862,Rezzato v.De Gasperi,Monossido di Carbonio,2018-10,0.52,715
6862,Rezzato v.De Gasperi,Monossido di Carbonio,2018-11,0.44,719
6862,Rezzato v.De Gasperi,Monossido di Carbonio,2018-12,1.13,742
6862,Rezzato v.De Gasperi,Monossido di Carbonio,2019-01,0.77,740
6862,Rezzato v.De Gasperi,Monossido di Carbonio,2019-02,0.63,671
6862,Rezzato v.De Gasperi,Monossido di Carbonio,2019-03,0.61,743
6862,Rezzato v.De Gasperi,Monossido di Carbonio,2019-04,0.34,704
6862,Rezzato v.De Gasperi,Monossido di Carbonio,2019-05,0.30,707
6862,Rezzato v.De Gasperi,Monossido di Carbonio,2019-06,0.24,720
6862,Rezzato v.De Gasperi,Monossido di Carbonio,2019-07,0.25,741
6862,Rezzato v.De Gasperi,Monossido di Carbonio,2019-08,0.19,743
6862,Rezzato v.De Gasperi,Monossido di Carbonio,2019-09,0.35,719
6862,Rezzato v.De Gasperi,Monossido di Carbonio,2019-10,0.36,743
6862,Rezzato v.De Gasperi,Monossido di Carbonio,2019-11,0.45,718
6862,Rezzato v.De Gasperi,Monossido di Carbonio,2019-12,0.92,744
6862,Rezzato v.De Gasperi,Monossido di Carbonio,2020-01,0.99,742
6862,Rezzato v.De Gasperi,Monossido di Carbonio,2020-02,0.75,696
6862,Rezzato v.De Gasperi,Monossido di Carbonio,2020-03,0.60,742
6862,Rezzato v.De Gasperi,Monossido di Carbonio,2020-04,0.50,719
6862,Rezzato v.De Gasperi,Monossido di Carbonio,2020-05,0.36,743
6862,Rezzato v.De Gasperi,Monossido di Carbonio,2020-06,0.16,719
6862,Rezzato v.De Gasperi,Monossido di Carbonio,2020-07,0.25,742
6862,Rezzato v.De Gasperi,Monossido di Carbonio,2020-08,0.29,744
6862,Rezzato v.De Gasperi,Monossido di Carbonio,2020-09,0.29,702
6862,Rezzato v.De Gasperi,Monossido di Carbonio,2020-10,0.51,743
6862,Rezzato v.De Gasperi,Monossido di Carbonio,2020-11,0.89,719
6862,Rezzato v.De Gasperi,Monossido di Carbonio,2020-12,1.06,744
6862,Rezzato v.De Gasperi,Monossido di Carbonio,2021-01,1.06,744
6862,Rezzato v.De Gasperi,Monossido di Carbonio,2021-02,0.95,672
6862,Rezzato v.De Gasperi,Monossido di Carbonio,2021-03,0.25,643
6862,Rezzato v.De Gasperi,Monossido di Carbonio,2021-04,0.13,673
6862,Rezzato v.De Gasperi,Monossido di Carbonio,2021-05,0.13,742
6862,Rezzato v.De Gasperi,Monossido di Carbonio,2021-06,0.11,685
6862,Rezzato v.De Gasperi,Monossido di Carbonio,2021-07,0.13,683
6862,Rezzato v.De Gasperi,Monossido di Carbonio,2021-08,0.18,739
6862,Rezzato v.De Gasperi,Monossido di Carbonio,2021-09,0.05,718
6862,Rezzato v.De Gasperi,Monossido di Carbonio,2021-10,0.27,711
6862,Rezzato v.De Gasperi,Monossido di Carbonio,2021-11,0.59,717
6862,Rezzato v.De Gasperi,Monossido di Carbonio,2021-12,0.97,743
6862,Rezzato v.De Gasperi,Monossido di Carbonio,2022-01,0.83,734
6862,Rezzato v.De Gasperi,Monossido di Carbonio,2022-02,0.87,670
6862,Rezzato v.De Gasperi,Monossido di Carbonio,2022-03,1.17,710
6862,Rezzato v.De Gasperi,Monossido di Carbonio,2022-04,0.61,719
6862,Rezzato v.De Gasperi,Monossido di Carbonio,2022-05,0.66,743
6862,Rezzato v.De Gasperi,Monossido di Carbonio,2022-06,0.29,719
6862,Rezzato v.De Gasperi,Monossido di Carbonio,2022-07,0.11,743
6862,Rezzato v.De Gasperi,Monossido di Carbonio,2022-08,0.08,741
6862,Rezzato v.De Gasperi,Monossido di Carbonio,2022-09,0.06,719
6862,Rezzato v.De Gasperi,Monossido di Carbonio,2022-10,0.19,742
6862,Rezzato v.De Gasperi,Monossido di Carbonio,2022-11,0.36,719
6862,Rezzato v.De Gasperi,Monossido di Carbonio,2022-12,0.47,737
6862,Rezzato v.De Gasperi,Monossido di Carbonio,2023-01,0.34,742
6862,Rezzato v.De Gasperi,Monossido di Carbonio,2023-02,0.87,457
6864,Rezzato v.De Gasperi,Ossidi di Azoto,2000-01,197.22,213
6864,Rezzato v.De Gasperi,Ossidi di Azoto,2000-02,173.28,558
6864,Rezzato v.De Gasperi,Ossidi di Azoto,2000-03,97.63,582
6864,Rezzato v.De Gasperi,Ossidi di Azoto,2000-04,58.83,653
6864,Rezzato v.De Gasperi,Ossidi di Azoto,2000-05,55.68,739
6864,Rezzato v.De Gasperi,Ossidi di Azoto,2000-06,46.26,594
6864,Rezzato v.De Gasperi,Ossidi di Azoto,2000-07,44.85,403
6864,Rezzato v.De Gasperi,Ossidi di Azoto,2000-08,38.70,508
6864,Rezzato v.De Gasperi,Ossidi di Azoto,2000-09,92.48,583
6864,Rezzato v.De Gasperi,Ossidi di Azoto,2000-10,141.38,304
6864,Rezzato v.De Gasperi,Ossidi di Azoto,2000-11,148.65,358
6864,Rezzato v.De Gasperi,Ossidi di Azoto,2000-12,203.52,739
6864,Rezzato v.De Gasperi,Ossidi di Azoto,2001-01,211.56,742
6864,Rezzato v.De Gasperi,Ossidi di Azoto,2001-02,135.78,671
6864,Rezzato v.De Gasperi,Ossidi di Azoto,2001-03,89.88,743
6864,Rezzato v.De Gasperi,Ossidi di Azoto,2001-04,55.13,715
6864,Rezzato v.De Gasperi,Ossidi di Azoto,2001-05,49.57,718
6864,Rezzato v.De Gasperi,Ossidi di Azoto,2001-06,39.62,652
6864,Rezzato v.De Gasperi,Ossidi di Azoto,2001-07,36.84,708
6864,Rezzato v.De Gasperi,Ossidi di Azoto,2001-08,37.95,649
6864,Rezzato v.De Gasperi,Ossidi di Azoto,2001-09,57.99,720
6864,Rezzato v.De Gasperi,Ossidi di Azoto,2001-10,94.10,743
6864,Rezzato v.De Gasperi,Ossidi di Azoto,2001-11,147.12,556
6864,Rezzato v.De Gasperi,Ossidi di Azoto,2001-12,208.51,541
6864,Rezzato v.De Gasperi,Ossidi di Azoto,2002-01,267.97,552
6864,Rezzato v.De Gasperi,Ossidi di Azoto,2002-02,153.76,635
6864,Rezzato v.De Gasperi,Ossidi di Azoto,2002-03,65.44,498
6864,Rezzato v.De Gasperi,Ossidi di Azoto,2002-04,21.19,631
6864,Rezzato v.De Gasperi,Ossidi di Azoto,2002-05,35.22,486
6864,Rezzato v.De Gasperi,Ossidi di Azoto,2002-06,45.57,321
6864,Rezzato v.De Gasperi,Ossidi di Azoto,2002-07,65.90,623
6864,Rezzato v.De Gasperi,Ossidi di Azoto,2002-08,38.50,287
6864,Rezzato v.De Gasperi,Ossidi di Azoto,2002-09,53.85,686
6864,Rezzato v.De Gasperi,Ossidi di Azoto,2002-10,92.36,691
6864,Rezzato v.De Gasperi,Ossidi di Azoto,2002-11,97.06,708
6864,Rezzato v.De Gasperi,Ossidi di Azoto,2002-12,141.69,744
6864,Rezzato v.De Gasperi,Ossidi di Azoto,2003-01,168.38,721
6864,Rezzato v.De Gasperi,Ossidi di Azoto,2003-02,122.14,623
6864,Rezzato v.De Gasperi,Ossidi di Azoto,2003-03,95.73,636
6864,Rezzato v.De Gasperi,Ossidi di Azoto,2003-04,54.05,627
6864,Rezzato v.De Gasperi,Ossidi di Azoto,2003-05,40.33,556
6864,Rezzato v.De Gasperi,Ossidi di Azoto,2003-06,39.96,497
6864,Rezzato v.De Gasperi,Ossidi di Azoto,2003-07,38.22,576
6864,Rezzato v.De Gasperi,Ossidi di Azoto,2003-08,35.04,256
6864,Rezzato v.De Gasperi,Ossidi di Azoto,2003-09,60.59,505
6864,Rezzato v.De Gasperi,Ossidi di Azoto,2003-10,82.37,601
6864,Rezzato v.De Gasperi,Ossidi di Azoto,2003-11,124.63,663
6864,Rezzato v.De Gasperi,Ossidi di Azoto,2003-12,170.38,735
6864,Rezzato v.De Gasperi,Ossidi di Azoto,2004-01,133.98,733
6864,Rezzato v.De Gasperi,Ossidi di Azoto,2004-02,139.52,696
6864,Rezzato v.De Gasperi,Ossidi di Azoto,2004-03,66.98,738
6864,Rezzato v.De Gasperi,Ossidi di Azoto,2004-04,49.83,694
6864,Rezzato v.De Gasperi,Ossidi di Azoto,2004-05,34.41,744
6864,Rezzato v.De Gasperi,Ossidi di Azoto,2004-06,37.97,682
6864,Rezzato v.De Gasperi,Ossidi di Azoto,2004-07,36.93,676
6864,Rezzato v.De Gasperi,Ossidi di Azoto,2004-08,29.68,722
6864,Rezzato v.De Gasperi,Ossidi di Azoto,2004-09,61.30,692
6864,Rezzato v.De Gasperi,Ossidi di Azoto,2004-10,74.76,744
6864,Rezzato v.De Gasperi,Ossidi di Azoto,2004-11,144.97,693
6864,Rezzato v.De Gasperi,Ossidi di Azoto,2004-12,170.27,744
6864,Rezzato v.De Gasperi,Ossidi di Azoto,2005-01,148.73,735
6864,Rezzato v.De Gasperi,Ossidi di Azoto,2005-02,110.02,672
6864,Rezzato v.De Gasperi,Ossidi di Azoto,2005-03,80.25,736
6864,Rezzato v.De Gasperi,Ossidi di Azoto,2005-04,46.74,707
6864,Rezzato v.De Gasperi,Ossidi di Azoto,2005-05,36.55,744
6864,Rezzato v.De Gasperi,Ossidi di Azoto,2005-06,31.24,702
6864,Rezzato v.De Gasperi,Ossidi di Azoto,2005-07,31.21,739
6864,Rezzato v.De Gasperi,Ossidi di Azoto,2005-08,27.21,736
6864,Rezzato v.De Gasperi,Ossidi di Azoto,2005-09,39.81,720
6864,Rezzato v.De Gasperi,Ossidi di Azoto,2005-10,73.07,686
6864,Rezzato v.De Gasperi,Ossidi di Azoto,2005-11,138.20,712
6864,Rezzato v.De Gasperi,Ossidi di Azoto,2005-12,199.03,743
6864,Rezzato v.De Gasperi,Ossidi di Azoto,2006-01,212.42,729
6864,Rezzato v.De Gasperi,Ossidi di Azoto,2006-02,131.31,672
6864,Rezzato v.De Gasperi,Ossidi di Azoto,2006-03,61.47,738
6864,Rezzato v.De Gasperi,Ossidi di Azoto,2006-04,52.53,720
6864,Rezzato v.De Gasperi,Ossidi di Azoto,2006-05,35.73,735
6864,Rezzato v.De Gasperi,Ossidi di Azoto,2006-06,37.62,720
6864,Rezzato v.De Gasperi,Ossidi di Azoto,2006-07,28.10,739
6864,Rezzato v.De Gasperi,Ossidi di Azoto,2006-08,19.98,744
6864,Rezzato v.De Gasperi,Ossidi di Azoto,2006-09,48.88,714
6864,Rezzato v.De Gasperi,Ossidi di Azoto,2006-10,89.58,743
6864,Rezzato v.De Gasperi,Ossidi di Azoto,2006-11,162.51,720
6864,Rezzato v.De Gasperi,Ossidi di Azoto,2006-12,189.32,744
6864,Rezzato v.De Gasperi,Ossidi di Azoto,2007-01,175.74,722
6864,Rezzato v.De Gasperi,Ossidi di Azoto,2007-02,168.53,644
6864,Rezzato v.De Gasperi,Ossidi di Azoto,2007-03,78.05,739
6864,Rezzato v.De Gasperi,Ossidi di Azoto,2007-04,52.37,715
6864,Rezzato v.De Gasperi,Ossidi di Azoto,2007-05,44.45,718
6864,Rezzato v.De Gasperi,Ossidi di Azoto,2007-06,34.51,690
6864,Rezzato v.De Gasperi,Ossidi di Azoto,2007-07,42.26,664
6864,Rezzato v.De Gasperi,Ossidi di Azoto,2007-08,32.86,677
6864,Rezzato v.De Gasperi,Ossidi di Azoto,2007-09,50.35,717
6864,Rezzato v.De Gasperi,Ossidi di Azoto,2007-10,90.99,727
6864,Rezzato v.De Gasperi,Ossidi di Azoto,2007-11,120.97,713
6864,Rezzato v.De Gasperi,Ossidi di Azoto,2007-12,209.91,742
6864,Rezzato v.De Gasperi,Ossidi di Azoto,2008-01,176.45,740
6864,Rezzato v.De Gasperi,Ossidi di Azoto,2008-02,137.70,695
6864,Rezzato v.De Gasperi,Ossidi di Azoto,2008-03,64.31,735
6864,Rezzato v.De Gasperi,Ossidi di Azoto,2008-04,53.11,719
6864,Rezzato v.De Gasperi,Ossidi di Azoto,2008-05,36.42,737
6864,Rezzato v.De Gasperi,Ossidi di Azoto,2008-06,27.84,717
6864,Rezzato v.De Gasperi,Ossidi di Azoto,2008-07,31.33,741
6864,Rezzato v.De Gasperi,Ossidi di Azoto,2008-08,25.40,744
6864,Rezzato v.De Gasperi,Ossidi di Azoto,2008-09,42.73,713
6864,Rezzato v.De Gasperi,Ossidi di Azoto,2008-10,74.74,699
6864,Rezzato v.De Gasperi,Ossidi di Azoto,2008-11,89.74,670
6864,Rezzato v.De Gasperi,Ossidi di Azoto,2008-12,150.35,623
6864,Rezzato v.De Gasperi,Ossidi di Azoto,2009-01,197.45,744
6864,Rezzato v.De Gasperi,Ossidi di Azoto,2009-02,116.04,672
6864,Rezzato v.De Gasperi,Ossidi di Azoto,2009-03,63.00,743
6864,Rezzato v.De Gasperi,Ossidi di Azoto,2009-04,45.38,720
6864,Rezzato v.De Gasperi,Ossidi di Azoto,2009-05,32.00,743
6864,Rezzato v.De Gasperi,Ossidi di Azoto,2009-06,26.31,719
6864,Rezzato v.De Gasperi,Ossidi di Azoto,2009-07,28.09,742
6864,Rezzato v.De Gasperi,Ossidi di Azoto,2009-08,22.94,743
6864,Rezzato v.De Gasperi,Ossidi di Azoto,2009-09,38.73,719
6864,Rezzato v.De Gasperi,Ossidi di Azoto,2009-10,63.43,743
6864,Rezzato v.De Gasperi,Ossidi di Azoto,2009-11,83.94,719
6864,Rezzato v.De Gasperi,Ossidi di Azoto,2009-12,140.97,742
6864,Rezzato v.De Gasperi,Ossidi di Azoto,2010-01,129.80,1
6864,Rezzato v.De Gasperi,Ossidi di Azoto,2010-01,142.76,743
6864,Rezzato v.De Gasperi,Ossidi di Azoto,2010-02,108.78,670
6864,Rezzato v.De Gasperi,Ossidi di Azoto,2010-03,60.83,719
6864,Rezzato v.De Gasperi,Ossidi di Azoto,2010-04,38.15,718
6864,Rezzato v.De Gasperi,Ossidi di Azoto,2010-05,25.39,742
6864,Rezzato v.De Gasperi,Ossidi di Azoto,2010-06,21.51,718
6864,Rezzato v.De Gasperi,Ossidi di Azoto,2010-07,26.25,743
6864,Rezzato v.De Gasperi,Ossidi di Azoto,2010-08,39.21,739
6864,Rezzato v.De Gasperi,Ossidi di Azoto,2010-09,51.64,571
6864,Rezzato v.De Gasperi,Ossidi di Azoto,2010-10,59.33,744
6864,Rezzato v.De Gasperi,Ossidi di Azoto,2010-11,76.85,692
6864,Rezzato v.De Gasperi,Ossidi di Azoto,2010-12,166.90,744
6864,Rezzato v.De Gasperi,Ossidi di Azoto,2011-01,155.03,743
6864,Rezzato v.De Gasperi,Ossidi di Azoto,2011-02,113.37,670
6864,Rezzato v.De Gasperi,Ossidi di Azoto,2011-03,51.65,742
6864,Rezzato v.De Gasperi,Ossidi di Azoto,2011-04,32.93,718
6864,Rezzato v.De Gasperi,Ossidi di Azoto,2011-05,25.58,741
6864,Rezzato v.De Gasperi,Ossidi di Azoto,2011-06,21.04,717
6864,Rezzato v.De Gasperi,Ossidi di Azoto,2011-07,21.39,742
6864,Rezzato v.De Gasperi,Ossidi di Azoto,2011-08,20.74,732
6864,Rezzato v.De Gasperi,Ossidi di Azoto,2011-09,32.14,716
6864,Rezzato v.De Gasperi,Ossidi di Azoto,2011-10,53.17,725
6864,Rezzato v.De Gasperi,Ossidi di Azoto,2011-11,140.96,715
6864,Rezzato v.De Gasperi,Ossidi di Azoto,2011-12,143.36,743
6864,Rezzato v.De Gasperi,Ossidi di Azoto,2012-01,142.93,742
6864,Rezzato v.De Gasperi,Ossidi di Azoto,2012-02,102.44,694
6864,Rezzato v.De Gasperi,Ossidi di Azoto,2012-03,60.66,742
6864,Rezzato v.De Gasperi,Ossidi di Azoto,2012-04,39.85,720
6864,Rezzato v.De Gasperi,Ossidi di Azoto,2012-05,26.30,741
6864,Rezzato v.De Gasperi,Ossidi di Azoto,2012-06,20.99,716
6864,Rezzato v.De Gasperi,Ossidi di Azoto,2012-07,23.69,741
6864,Rezzato v.De Gasperi,Ossidi di Azoto,2012-08,21.15,742
6864,Rezzato v.De Gasperi,Ossidi di Azoto,2012-09,40.21,706
6864,Rezzato v.De Gasperi,Ossidi di Azoto,2012-10,50.43,743
6864,Rezzato v.De Gasperi,Ossidi di Azoto,2012-11,72.93,716
6864,Rezzato v.De Gasperi,Ossidi di Azoto,2012-12,146.50,742
6864,Rezzato v.De Gasperi,Ossidi di Azoto,2013-01,114.80,736
6864,Rezzato v.De Gasperi,Ossidi di Azoto,2013-02,80.16,623
6864,Rezzato v.De Gasperi,Ossidi di Azoto,2013-03,46.32,743
6864,Rezzato v.De Gasperi,Ossidi di Azoto,2013-04,27.03,706
6864,Rezzato v.De Gasperi,Ossidi di Azoto,2013-05,19.66,737
6864,Rezzato v.De Gasperi,Ossidi di Azoto,2013-06,26.13,684
6864,Rezzato v.De Gasperi,Ossidi di Azoto,2013-07,30.92,65
6864,Rezzato v.De Gasperi,Ossidi di Azoto,2013-08,25.29,264
6864,Rezzato v.De Gasperi,Ossidi di Azoto,2013-09,35.33,701
6864,Rezzato v.De Gasperi,Ossidi di Azoto,2013-10,51.99,686
6864,Rezzato v.De Gasperi,Ossidi di Azoto,2013-11,69.85,708
6864,Rezzato v.De Gasperi,Ossidi di Azoto,2013-12,201.76,742
6864,Rezzato v.De Gasperi,Ossidi di Azoto,2014-01,111.33,741
6864,Rezzato v.De Gasperi,Ossidi di Azoto,2014-02,64.60,671
6864,Rezzato v.De Gasperi,Ossidi di Azoto,2014-03,47.93,744
6864,Rezzato v.De Gasperi,Ossidi di Azoto,2014-04,34.96,626
6864,Rezzato v.De Gasperi,Ossidi di Azoto,2014-05,28.10,710
6864,Rezzato v.De Gasperi,Ossidi di Azoto,2014-06,16.33,708
6864,Rezzato v.De Gasperi,Ossidi di Azoto,2014-07,20.98,740
6864,Rezzato v.De Gasperi,Ossidi di Azoto,2014-08,16.05,744
6864,Rezzato v.De Gasperi,Ossidi di Azoto,2014-09,23.47,648
6864,Rezzato v.De Gasperi,Ossidi di Azoto,2014-10,41.96,685
6864,Rezzato v.De Gasperi,Ossidi di Azoto,2014-11,60.10,610
6864,Rezzato v.De Gasperi,Ossidi di Azoto,2014-12,94.04,707
6864,Rezzato v.De Gasperi,Ossidi di Azoto,2015-01,108.21,742
6864,Rezzato v.De Gasperi,Ossidi di Azoto,2015-02,86.09,618
6864,Rezzato v.De Gasperi,Ossidi di Azoto,2015-03,45.87,733
6864,Rezzato v.De Gasperi,Ossidi di Azoto,2015-04,35.15,684
6864,Rezzato v.De Gasperi,Ossidi di Azoto,2015-05,24.03,733
6864,Rezzato v.De Gasperi,Ossidi di Azoto,2015-06,25.72,718
6864,Rezzato v.De Gasperi,Ossidi di Azoto,2015-07,25.85,673
6864,Rezzato v.De Gasperi,Ossidi di Azoto,2015-08,11.62,718
6864,Rezzato v.De Gasperi,Ossidi di Azoto,2015-09,29.40,713
6864,Rezzato v.De Gasperi,Ossidi di Azoto,2015-10,56.28,741
6864,Rezzato v.De Gasperi,Ossidi di Azoto,2015-11,94.53,720
6864,Rezzato v.De Gasperi,Ossidi di Azoto,2015-12,184.98,735
6864,Rezzato v.De Gasperi,Ossidi di Azoto,2016-01,115.68,740
6864,Rezzato v.De Gasperi,Ossidi di Azoto,2016-02,58.99,694
6864,Rezzato v.De Gasperi,Ossidi di Azoto,2016-03,39.86,743
6864,Rezzato v.De Gasperi,Ossidi di Azoto,2016-04,24.96,718
6864,Rezzato v.De Gasperi,Ossidi di Azoto,2016-05,21.89,710
6864,Rezzato v.De Gasperi,Ossidi di Azoto,2016-06,17.76,534
6864,Rezzato v.De Gasperi,Ossidi di Azoto,2016-07,20.45,657
6864,Rezzato v.De Gasperi,Ossidi di Azoto,2016-08,15.76,742
6864,Rezzato v.De Gasperi,Ossidi di Azoto,2016-09,26.54,720
6864,Rezzato v.De Gasperi,Ossidi di Azoto,2016-10,47.13,743
6864,Rezzato v.De Gasperi,Ossidi di Azoto,2016-11,68.40,714
6864,Rezzato v.De Gasperi,Ossidi di Azoto,2016-12,187.11,702
6864,Rezzato v.De Gasperi,Ossidi di Azoto,2017-01,111.68,712
6864,Rezzato v.De Gasperi,Ossidi di Azoto,2017-02,79.59,670
6864,Rezzato v.De Gasperi,Ossidi di Azoto,2017-03,41.48,743
6864,Rezzato v.De Gasperi,Ossidi di Azoto,2017-04,22.15,711
6864,Rezzato v.De Gasperi,Ossidi di Azoto,2017-05,21.47,740
6864,Rezzato v.De Gasperi,Ossidi di Azoto,2017-06,20.25,719
6864,Rezzato v.De Gasperi,Ossidi di Azoto,2017-07,21.31,743
6864,Rezzato v.De Gasperi,Ossidi di Azoto,2017-08,19.91,742
6864,Rezzato v.De Gasperi,Ossidi di Azoto,2017-09,28.57,714
6864,Rezzato v.De Gasperi,Ossidi di Azoto,2017-10,50.01,732
6864,Rezzato v.De Gasperi,Ossidi di Azoto,2017-11,74.48,716
6864,Rezzato v.De Gasperi,Ossidi di Azoto,2017-12,132.44,744
6864,Rezzato v.De Gasperi,Ossidi di Azoto,2018-01,31.00,1
6864,Rezzato v.De Gasperi,Ossidi di Azoto,2018-01,87.15,743
6864,Rezzato v.De Gasperi,Ossidi di Azoto,2018-02,53.17,589
6864,Rezzato v.De Gasperi,Ossidi di Azoto,2018-03,56.69,743
6864,Rezzato v.De Gasperi,Ossidi di Azoto,2018-04,26.72,720
6864,Rezzato v.De Gasperi,Ossidi di Azoto,2018-05,23.57,743
6864,Rezzato v.De Gasperi,Ossidi di Azoto,2018-06,21.11,713
6864,Rezzato v.De Gasperi,Ossidi di Azoto,2018-07,22.70,733
6864,Rezzato v.De Gasperi,Ossidi di Azoto,2018-08,20.48,740
6864,Rezzato v.De Gasperi,Ossidi di Azoto,2018-09,26.96,629
6864,Rezzato v.De Gasperi,Ossidi di Azoto,2018-10,33.65,725
6864,Rezzato v.De Gasperi,Ossidi di Azoto,2018-11,51.63,718
6864,Rezzato v.De Gasperi,Ossidi di Azoto,2018-12,114.42,743
6864,Rezzato v.De Gasperi,Ossidi di Azoto,2019-01,92.29,742
6864,Rezzato v.De Gasperi,Ossidi di Azoto,2019-02,81.03,671
6864,Rezzato v.De Gasperi,Ossidi di Azoto,2019-03,43.31,743
6864,Rezzato v.De Gasperi,Ossidi di Azoto,2019-04,24.42,532
6864,Rezzato v.De Gasperi,Ossidi di Azoto,2019-05,20.85,650
6864,Rezzato v.De Gasperi,Ossidi di Azoto,2019-06,16.03,662
6864,Rezzato v.De Gasperi,Ossidi di Azoto,2019-07,22.50,738
6864,Rezzato v.De Gasperi,Ossidi di Azoto,2019-08,25.25,743
6864,Rezzato v.De Gasperi,Ossidi di Azoto,2019-09,28.43,719
6864,Rezzato v.De Gasperi,Ossidi di Azoto,2019-10,40.92,744
6864,Rezzato v.De Gasperi,Ossidi di Azoto,2019-11,46.31,718
6864,Rezzato v.De Gasperi,Ossidi di Azoto,2019-12,92.37,744
6864,Rezzato v.De Gasperi,Ossidi di Azoto,2020-01,154.23,742
6864,Rezzato v.De Gasperi,Ossidi di Azoto,2020-02,72.44,696
6864,Rezzato v.De Gasperi,Ossidi di Azoto,2020-03,34.35,741
6864,Rezzato v.De Gasperi,Ossidi di Azoto,2020-04,20.29,719
6864,Rezzato v.De Gasperi,Ossidi di Azoto,2020-05,22.95,744
6864,Rezzato v.De Gasperi,Ossidi di Azoto,2020-06,17.56,718
6864,Rezzato v.De Gasperi,Ossidi di Azoto,2020-07,15.65,664
6864,Rezzato v.De Gasperi,Ossidi di Azoto,2020-08,12.78,739
6864,Rezzato v.De Gasperi,Ossidi di Azoto,2020-09,20.02,702
6864,Rezzato v.De Gasperi,Ossidi di Azoto,2020-10,37.02,735
6864,Rezzato v.De Gasperi,Ossidi di Azoto,2020-11,74.85,719
6864,Rezzato v.De Gasperi,Ossidi di Azoto,2020-12,93.91,744
6864,Rezzato v.De Gasperi,Ossidi di Azoto,2021-01,74.72,742
6864,Rezzato v.De Gasperi,Ossidi di Azoto,2021-02,64.94,672
6864,Rezzato v.De Gasperi,Ossidi di Azoto,2021-03,36.23,706
6864,Rezzato v.De Gasperi,Ossidi di Azoto,2021-04,21.93,655
6864,Rezzato v.De Gasperi,Ossidi di Azoto,2021-05,16.41,720
6864,Rezzato v.De Gasperi,Ossidi di Azoto,2021-06,18.32,719
6864,Rezzato v.De Gasperi,Ossidi di Azoto,2021-07,14.74,737
6864,Rezzato v.De Gasperi,Ossidi di Azoto,2021-08,14.76,737
6864,Rezzato v.De Gasperi,Ossidi di Azoto,2021-09,21.92,718
6864,Rezzato v.De Gasperi,Ossidi di Azoto,2021-10,37.74,708
6864,Rezzato v.De Gasperi,Ossidi di Azoto,2021-11,37.61,715
6864,Rezzato v.De Gasperi,Ossidi di Azoto,2021-12,108.73,741
6864,Rezzato v.De Gasperi,Ossidi di Azoto,2022-01,90.10,733
6864,Rezzato v.De Gasperi,Ossidi di Azoto,2022-02,63.82,671
6864,Rezzato v.De Gasperi,Ossidi di Azoto,2022-03,45.22,744
6864,Rezzato v.De Gasperi,Ossidi di Azoto,2022-04,25.52,675
6864,Rezzato v.De Gasperi,Ossidi di Azoto,2022-05,19.09,725
6864,Rezzato v.De Gasperi,Ossidi di Azoto,2022-06,20.40,704
6864,Rezzato v.De Gasperi,Ossidi di Azoto,2022-07,22.39,743
6864,Rezzato v.De Gasperi,Ossidi di Azoto,2022-08,16.69,742
6864,Rezzato v.De Gasperi,Ossidi di Azoto,2022-09,16.08,716
6864,Rezzato v.De Gasperi,Ossidi di Azoto,2022-10,30.80,736
6864,Rezzato v.De Gasperi,Ossidi di Azoto,2022-11,51.87,717
6864,Rezzato v.De Gasperi,Ossidi di Azoto,2022-12,83.82,744
6864,Rezzato v.De Gasperi,Ossidi di Azoto,2023-01,59.33,741
6864,Rezzato v.De Gasperi,Ossidi di Azoto,2023-02,66.82,668
6864,Rezzato v.De Gasperi,Ossidi di Azoto,2023-03,41.95,740
6864,Rezzato v.De Gasperi,Ossidi di Azoto,2023-04,19.57,716
6864,Rezzato v.De Gasperi,Ossidi di Azoto,2023-05,15.87,719
6864,Rezzato v.De Gasperi,Ossidi di Azoto,2023-06,15.23,718
6864,Rezzato v.De Gasperi,Ossidi di Azoto,2023-07,14.18,741
6864,Rezzato v.De Gasperi,Ossidi di Azoto,2023-08,16.50,740
6864,Rezzato v.De Gasperi,Ossidi di Azoto,2023-09,25.24,713
6864,Rezzato v.De Gasperi,Ossidi di Azoto,2023-10,33.50,743
6864,Rezzato v.De Gasperi,Ossidi di Azoto,2023-11,52.85,718
6864,Rezzato v.De Gasperi,Ossidi di Azoto,2023-12,85.85,742
6864,Rezzato v.De Gasperi,Ossidi di Azoto,2024-01,83.42,742
6864,Rezzato v.De Gasperi,Ossidi di Azoto,2024-02,53.38,695
6864,Rezzato v.De Gasperi,Ossidi di Azoto,2024-03,28.25,742
6864,Rezzato v.De Gasperi,Ossidi di Azoto,2024-04,23.63,718
6864,Rezzato v.De Gasperi,Ossidi di Azoto,2024-05,19.66,737
6864,Rezzato v.De Gasperi,Ossidi di Azoto,2024-06,22.02,711
6864,Rezzato v.De Gasperi,Ossidi di Azoto,2024-07,16.44,721
6864,Rezzato v.De Gasperi,Ossidi di Azoto,2024-08,16.07,730
6864,Rezzato v.De Gasperi,Ossidi di Azoto,2024-09,24.75,719
6864,Rezzato v.De Gasperi,Ossidi di Azoto,2024-10,31.31,740
6864,Rezzato v.De Gasperi,Ossidi di Azoto,2024-11,75.03,720
6864,Rezzato v.De Gasperi,Ossidi di Azoto,2024-12,77.83,713
6864,Rezzato v.De Gasperi,Ossidi di Azoto,2025-01,64.33,723
6864,Rezzato v.De Gasperi,Ossidi di Azoto,2025-02,48.85,667
6864,Rezzato v.De Gasperi,Ossidi di Azoto,2025-03,27.20,742
6864,Rezzato v.De Gasperi,Ossidi di Azoto,2025-04,18.41,718
6864,Rezzato v.De Gasperi,Ossidi di Azoto,2025-05,13.42,743
6864,Rezzato v.De Gasperi,Ossidi di Azoto,2025-06,16.83,718
6864,Rezzato v.De Gasperi,Ossidi di Azoto,2025-07,17.64,742
6864,Rezzato v.De Gasperi,Ossidi di Azoto,2025-08,14.48,740
6864,Rezzato v.De Gasperi,Ossidi di Azoto,2025-09,21.88,716
6864,Rezzato v.De Gasperi,Ossidi di Azoto,2025-10,38.40,743
6864,Rezzato v.De Gasperi,Ossidi di Azoto,2025-11,56.35,718
6864,Rezzato v.De Gasperi,Ossidi di Azoto,2025-12,69.19,705
6864,Rezzato v.De Gasperi,Ossidi di Azoto,2026-01,42.20,1
6867,Vobarno v.Sottostrada,Biossido di Zolfo,2000-01,8.59,617
6867,Vobarno v.Sottostrada,Biossido di Zolfo,2000-02,7.47,460
6867,Vobarno v.Sottostrada,Biossido di Zolfo,2000-03,8.95,672
6867,Vobarno v.Sottostrada,Biossido di Zolfo,2000-04,9.26,676
6867,Vobarno v.Sottostrada,Biossido di Zolfo,2000-05,10.04,442
6867,Vobarno v.Sottostrada,Biossido di Zolfo,2000-06,10.77,540
6867,Vobarno v.Sottostrada,Biossido di Zolfo,2000-07,9.67,646
6867,Vobarno v.Sottostrada,Biossido di Zolfo,2000-08,10.97,740
6867,Vobarno v.Sottostrada,Biossido di Zolfo,2000-09,8.85,305
6867,Vobarno v.Sottostrada,Biossido di Zolfo,2000-10,9.75,590
6867,Vobarno v.Sottostrada,Biossido di Zolfo,2000-11,12.39,577
6867,Vobarno v.Sottostrada,Biossido di Zolfo,2000-12,14.37,744
6867,Vobarno v.Sottostrada,Biossido di Zolfo,2001-01,15.54,695
6867,Vobarno v.Sottostrada,Biossido di Zolfo,2001-02,13.00,672
6867,Vobarno v.Sottostrada,Biossido di Zolfo,2001-03,10.31,546
6867,Vobarno v.Sottostrada,Biossido di Zolfo,2001-04,8.47,575
6867,Vobarno v.Sottostrada,Biossido di Zolfo,2001-05,7.10,438
6867,Vobarno v.Sottostrada,Biossido di Zolfo,2001-06,9.02,325
6867,Vobarno v.Sottostrada,Biossido di Zolfo,2001-07,5.81,174
6867,Vobarno v.Sottostrada,Biossido di Zolfo,2001-08,5.37,229
6867,Vobarno v.Sottostrada,Biossido di Zolfo,2001-09,7.31,580
6867,Vobarno v.Sottostrada,Biossido di Zolfo,2001-10,6.55,611
6867,Vobarno v.Sottostrada,Biossido di Zolfo,2001-11,7.20,638
6867,Vobarno v.Sottostrada,Biossido di Zolfo,2001-12,7.97,494
6867,Vobarno v.Sottostrada,Biossido di Zolfo,2002-01,8.82,623
6867,Vobarno v.Sottostrada,Biossido di Zolfo,2002-02,9.10,650
6867,Vobarno v.Sottostrada,Biossido di Zolfo,2002-03,7.47,717
6867,Vobarno v.Sottostrada,Biossido di Zolfo,2002-04,6.83,719
6867,Vobarno v.Sottostrada,Biossido di Zolfo,2002-05,7.19,705
6867,Vobarno v.Sottostrada,Biossido di Zolfo,2002-06,6.17,710
6867,Vobarno v.Sottostrada,Biossido di Zolfo,2002-07,5.61,539
6867,Vobarno v.Sottostrada,Biossido di Zolfo,2002-08,5.60,665
6867,Vobarno v.Sottostrada,Biossido di Zolfo,2002-09,6.83,648
6867,Vobarno v.Sottostrada,Biossido di Zolfo,2002-10,7.04,395
6867,Vobarno v.Sottostrada,Biossido di Zolfo,2002-11,7.40,506
6867,Vobarno v.Sottostrada,Biossido di Zolfo,2002-12,8.01,670
6867,Vobarno v.Sottostrada,Biossido di Zolfo,2003-01,8.00,744
6867,Vobarno v.Sottostrada,Biossido di Zolfo,2003-02,8.91,627
6867,Vobarno v.Sottostrada,Biossido di Zolfo,2003-03,8.61,560
6867,Vobarno v.Sottostrada,Biossido di Zolfo,2003-04,8.63,543
6867,Vobarno v.Sottostrada,Biossido di Zolfo,2003-05,9.39,561
6867,Vobarno v.Sottostrada,Biossido di Zolfo,2003-06,5.22,382
6867,Vobarno v.Sottostrada,Biossido di Zolfo,2003-07,5.50,535
6867,Vobarno v.Sottostrada,Biossido di Zolfo,2003-08,5.52,261
6867,Vobarno v.Sottostrada,Biossido di Zolfo,2003-09,9.10,474
6867,Vobarno v.Sottostrada,Biossido di Zolfo,2003-10,8.38,534
6867,Vobarno v.Sottostrada,Biossido di Zolfo,2003-11,8.36,576
6867,Vobarno v.Sottostrada,Biossido di Zolfo,2003-12,8.66,729
6867,Vobarno v.Sottostrada,Biossido di Zolfo,2004-01,9.38,713
6867,Vobarno v.Sottostrada,Biossido di Zolfo,2004-02,14.02,695
6867,Vobarno v.Sottostrada,Biossido di Zolfo,2004-03,11.78,572
6867,Vobarno v.Sottostrada,Biossido di Zolfo,2004-04,10.02,557
6867,Vobarno v.Sottostrada,Biossido di Zolfo,2004-05,8.85,647
6867,Vobarno v.Sottostrada,Biossido di Zolfo,2004-06,7.07,614
6867,Vobarno v.Sottostrada,Biossido di Zolfo,2004-07,6.64,743
6867,Vobarno v.Sottostrada,Biossido di Zolfo,2004-08,7.45,580
6867,Vobarno v.Sottostrada,Biossido di Zolfo,2004-09,9.34,711
6867,Vobarno v.Sottostrada,Biossido di Zolfo,2004-10,9.90,725
6867,Vobarno v.Sottostrada,Biossido di Zolfo,2004-11,9.14,612
6867,Vobarno v.Sottostrada,Biossido di Zolfo,2004-12,9.42,630
6867,Vobarno v.Sottostrada,Biossido di Zolfo,2005-01,9.41,688
6867,Vobarno v.Sottostrada,Biossido di Zolfo,2005-02,8.74,672
6867,Vobarno v.Sottostrada,Biossido di Zolfo,2005-03,7.25,644
6867,Vobarno v.Sottostrada,Biossido di Zolfo,2005-04,7.65,720
6867,Vobarno v.Sottostrada,Biossido di Zolfo,2005-05,10.44,659
6867,Vobarno v.Sottostrada,Biossido di Zolfo,2005-06,6.32,687
6867,Vobarno v.Sottostrada,Biossido di Zolfo,2005-07,6.60,402
6867,Vobarno v.Sottostrada,Biossido di Zolfo,2005-08,7.53,744
6867,Vobarno v.Sottostrada,Biossido di Zolfo,2005-09,9.10,669
6867,Vobarno v.Sottostrada,Biossido di Zolfo,2005-10,9.12,480
6867,Vobarno v.Sottostrada,Biossido di Zolfo,2005-11,8.75,720
6867,Vobarno v.Sottostrada,Biossido di Zolfo,2005-12,5.96,684
6867,Vobarno v.Sottostrada,Biossido di Zolfo,2006-01,5.30,678
6867,Vobarno v.Sottostrada,Biossido di Zolfo,2006-02,5.05,619
6867,Vobarno v.Sottostrada,Biossido di Zolfo,2006-03,4.97,720
6867,Vobarno v.Sottostrada,Biossido di Zolfo,2006-04,5.21,671
6867,Vobarno v.Sottostrada,Biossido di Zolfo,2006-05,5.22,651
6867,Vobarno v.Sottostrada,Biossido di Zolfo,2006-06,8.47,712
6867,Vobarno v.Sottostrada,Biossido di Zolfo,2006-07,11.84,742
6867,Vobarno v.Sottostrada,Biossido di Zolfo,2006-08,13.70,689
6867,Vobarno v.Sottostrada,Biossido di Zolfo,2006-09,14.66,698
6867,Vobarno v.Sottostrada,Biossido di Zolfo,2006-10,14.79,723
6867,Vobarno v.Sottostrada,Biossido di Zolfo,2006-11,14.18,638
6867,Vobarno v.Sottostrada,Biossido di Zolfo,2006-12,15.65,667
6867,Vobarno v.Sottostrada,Biossido di Zolfo,2007-01,16.97,686
6867,Vobarno v.Sottostrada,Biossido di Zolfo,2007-04,6.84,399
6867,Vobarno v.Sottostrada,Biossido di Zolfo,2007-05,5.20,721
6867,Vobarno v.Sottostrada,Biossido di Zolfo,2007-06,4.69,705
6867,Vobarno v.Sottostrada,Biossido di Zolfo,2007-07,4.08,730
6867,Vobarno v.Sottostrada,Biossido di Zolfo,2007-08,5.20,717
6867,Vobarno v.Sottostrada,Biossido di Zolfo,2007-09,6.20,620
6867,Vobarno v.Sottostrada,Biossido di Zolfo,2007-10,6.67,486
6867,Vobarno v.Sottostrada,Biossido di Zolfo,2007-11,7.66,636
6867,Vobarno v.Sottostrada,Biossido di Zolfo,2007-12,10.68,721
6867,Vobarno v.Sottostrada,Biossido di Zolfo,2008-01,9.17,649
6867,Vobarno v.Sottostrada,Biossido di Zolfo,2008-02,4.38,681
6867,Vobarno v.Sottostrada,Biossido di Zolfo,2008-03,6.94,744
6867,Vobarno v.Sottostrada,Biossido di Zolfo,2008-04,11.08,642
6867,Vobarno v.Sottostrada,Biossido di Zolfo,2008-05,8.96,676
6867,Vobarno v.Sottostrada,Biossido di Zolfo,2008-06,10.87,440
6867,Vobarno v.Sottostrada,Biossido di Zolfo,2008-07,3.68,306
6867,Vobarno v.Sottostrada,Biossido di Zolfo,2008-08,5.30,659
6867,Vobarno v.Sottostrada,Biossido di Zolfo,2008-09,4.06,494
6867,Vobarno v.Sottostrada,Biossido di Zolfo,2008-10,2.66,645
6867,Vobarno v.Sottostrada,Biossido di Zolfo,2008-11,1.55,548
6867,Vobarno v.Sottostrada,Biossido di Zolfo,2008-12,2.32,723
6867,Vobarno v.Sottostrada,Biossido di Zolfo,2009-01,2.20,396
6867,Vobarno v.Sottostrada,Biossido di Zolfo,2009-10,4.26,76
6867,Vobarno v.Sottostrada,Biossido di Zolfo,2009-11,4.95,714
6867,Vobarno v.Sottostrada,Biossido di Zolfo,2009-12,4.88,685
6867,Vobarno v.Sottostrada,Biossido di Zolfo,2010-01,6.59,585
6867,Vobarno v.Sottostrada,Biossido di Zolfo,2010-02,7.53,648
6867,Vobarno v.Sottostrada,Biossido di Zolfo,2010-03,7.21,743
6867,Vobarno v.Sottostrada,Biossido di Zolfo,2010-04,4.56,715
6867,Vobarno v.Sottostrada,Biossido di Zolfo,2010-05,4.63,699
6867,Vobarno v.Sottostrada,Biossido di Zolfo,2010-06,4.36,381
6867,Vobarno v.Sottostrada,Biossido di Zolfo,2010-07,4.56,395
6867,Vobarno v.Sottostrada,Biossido di Zolfo,2010-08,3.36,499
6867,Vobarno v.Sottostrada,Biossido di Zolfo,2010-09,4.45,693
6867,Vobarno v.Sottostrada,Biossido di Zolfo,2010-10,7.22,743
6867,Vobarno v.Sottostrada,Biossido di Zolfo,2010-11,3.64,712
6867,Vobarno v.Sottostrada,Biossido di Zolfo,2010-12,4.29,633
6867,Vobarno v.Sottostrada,Biossido di Zolfo,2011-01,4.09,727
6867,Vobarno v.Sottostrada,Biossido di Zolfo,2011-02,4.43,631
6867,Vobarno v.Sottostrada,Biossido di Zolfo,2011-03,6.46,722
6867,Vobarno v.Sottostrada,Biossido di Zolfo,2011-04,5.51,709
6867,Vobarno v.Sottostrada,Biossido di Zolfo,2011-05,5.17,733
6867,Vobarno v.Sottostrada,Biossido di Zolfo,2011-06,4.60,645
6867,Vobarno v.Sottostrada,Biossido di Zolfo,2011-07,5.99,732
6867,Vobarno v.Sottostrada,Biossido di Zolfo,2011-08,4.21,667
6867,Vobarno v.Sottostrada,Biossido di Zolfo,2011-09,2.27,678
6867,Vobarno v.Sottostrada,Biossido di Zolfo,2011-10,3.81,734
6867,Vobarno v.Sottostrada,Biossido di Zolfo,2011-11,4.56,714
6867,Vobarno v.Sottostrada,Biossido di Zolfo,2011-12,5.75,743
6867,Vobarno v.Sottostrada,Biossido di Zolfo,2012-01,8.50,2
6951,Brescia v.Broletto,PM10 (SM2005),2000-09,48.50,8
6951,Brescia v.Broletto,PM10 (SM2005),2000-10,45.33,24
6951,Brescia v.Broletto,PM10 (SM2005),2000-11,43.96,25
6951,Brescia v.Broletto,PM10 (SM2005),2000-12,79.70,27
6951,Brescia v.Broletto,PM10 (SM2005),2001-01,68.59,27
6951,Brescia v.Broletto,PM10 (SM2005),2001-02,65.67,27
6951,Brescia v.Broletto,PM10 (SM2005),2001-03,47.52,29
6951,Brescia v.Broletto,PM10 (SM2005),2001-04,30.87,30
6951,Brescia v.Broletto,PM10 (SM2005),2001-05,40.88,24
6951,Brescia v.Broletto,PM10 (SM2005),2001-06,34.00,18
6951,Brescia v.Broletto,PM10 (SM2005),2001-07,34.08,24
6951,Brescia v.Broletto,PM10 (SM2005),2001-08,34.83,24
6951,Brescia v.Broletto,PM10 (SM2005),2001-09,27.19,26
6951,Brescia v.Broletto,PM10 (SM2005),2001-10,57.88,25
6951,Brescia v.Broletto,PM10 (SM2005),2001-11,58.68,25
6951,Brescia v.Broletto,PM10 (SM2005),2002-01,164.00,3
6951,Brescia v.Broletto,PM10 (SM2005),2002-02,71.55,20
6951,Brescia v.Broletto,PM10 (SM2005),2002-03,58.03,31
6951,Brescia v.Broletto,PM10 (SM2005),2002-04,37.82,28
6951,Brescia v.Broletto,PM10 (SM2005),2002-05,34.53,30
6951,Brescia v.Broletto,PM10 (SM2005),2002-06,39.52,21
6951,Brescia v.Broletto,PM10 (SM2005),2002-07,39.09,11
6951,Brescia v.Broletto,PM10 (SM2005),2002-09,32.39,28
6951,Brescia v.Broletto,PM10 (SM2005),2002-10,56.00,27
6951,Brescia v.Broletto,PM10 (SM2005),2002-11,54.54,28
6951,Brescia v.Broletto,PM10 (SM2005),2002-12,65.63,30
6951,Brescia v.Broletto,PM10 (SM2005),2003-01,79.38,29
6951,Brescia v.Broletto,PM10 (SM2005),2003-02,64.78,27
6951,Brescia v.Broletto,PM10 (SM2005),2003-03,67.74,31
6951,Brescia v.Broletto,PM10 (SM2005),2003-04,37.97,29
6951,Brescia v.Broletto,PM10 (SM2005),2003-05,42.64,25
6951,Brescia v.Broletto,PM10 (SM2005),2003-06,39.11,19
6951,Brescia v.Broletto,PM10 (SM2005),2003-07,34.92,26
6951,Brescia v.Broletto,PM10 (SM2005),2003-08,41.58,12
6951,Brescia v.Broletto,PM10 (SM2005),2003-09,36.13,23
6951,Brescia v.Broletto,PM10 (SM2005),2003-10,37.56,25
6951,Brescia v.Broletto,PM10 (SM2005),2003-11,47.04,26
6951,Brescia v.Broletto,PM10 (SM2005),2003-12,60.90,31
6951,Brescia v.Broletto,PM10 (SM2005),2004-01,72.27,30
6951,Brescia v.Broletto,PM10 (SM2005),2004-02,71.41,29
6951,Brescia v.Broletto,PM10 (SM2005),2004-03,51.06,31
6951,Brescia v.Broletto,PM10 (SM2005),2004-04,35.57,28
6951,Brescia v.Broletto,PM10 (SM2005),2004-05,27.59,27
6951,Brescia v.Broletto,PM10 (SM2005),2004-06,38.80,30
6951,Brescia v.Broletto,PM10 (SM2005),2004-07,39.50,28
6951,Brescia v.Broletto,PM10 (SM2005),2004-08,36.82,17
6951,Brescia v.Broletto,PM10 (SM2005),2004-09,44.97,30
6951,Brescia v.Broletto,PM10 (SM2005),2004-10,52.61,31
6951,Brescia v.Broletto,PM10 (SM2005),2004-11,61.93,30
6951,Brescia v.Broletto,PM10 (SM2005),2004-12,57.90,30
6951,Brescia v.Broletto,PM10 (SM2005),2005-01,84.68,31
6951,Brescia v.Broletto,PM10 (SM2005),2005-02,60.07,28
6951,Brescia v.Broletto,PM10 (SM2005),2005-03,64.28,29
6951,Brescia v.Broletto,PM10 (SM2005),2005-04,34.03,30
6951,Brescia v.Broletto,PM10 (SM2005),2005-05,32.90,31
6951,Brescia v.Broletto,PM10 (SM2005),2005-06,33.53,30
6951,Brescia v.Broletto,PM10 (SM2005),2005-07,32.55,31
6951,Brescia v.Broletto,PM10 (SM2005),2005-08,20.52,31
6951,Brescia v.Broletto,PM10 (SM2005),2005-09,32.27,30
6951,Brescia v.Broletto,PM10 (SM2005),2005-10,45.23,31
6951,Brescia v.Broletto,PM10 (SM2005),2005-11,62.83,29
6951,Brescia v.Broletto,PM10 (SM2005),2005-12,87.74,31
6951,Brescia v.Broletto,PM10 (SM2005),2006-01,107.34,29
6951,Brescia v.Broletto,PM10 (SM2005),2006-02,84.54,28
6951,Brescia v.Broletto,PM10 (SM2005),2006-03,55.10,31
6951,Brescia v.Broletto,PM10 (SM2005),2006-04,34.03,30
6951,Brescia v.Broletto,PM10 (SM2005),2006-05,36.97,30
6951,Brescia v.Broletto,PM10 (SM2005),2006-06,36.47,30
6951,Brescia v.Broletto,PM10 (SM2005),2006-07,24.32,31
6951,Brescia v.Broletto,PM10 (SM2005),2006-08,11.97,31
6951,Brescia v.Broletto,PM10 (SM2005),2006-09,35.07,28
6951,Brescia v.Broletto,PM10 (SM2005),2006-10,42.07,29
6951,Brescia v.Broletto,PM10 (SM2005),2006-11,67.75,24
6951,Brescia v.Broletto,PM10 (SM2005),2006-12,65.65,31
6951,Brescia v.Broletto,PM10 (SM2005),2007-01,86.90,29
6951,Brescia v.Broletto,PM10 (SM2005),2007-02,81.30,23
6951,Brescia v.Broletto,PM10 (SM2005),2007-03,47.69,29
6951,Brescia v.Broletto,PM10 (SM2005),2007-04,45.19,26
6951,Brescia v.Broletto,PM10 (SM2005),2007-05,23.64,28
6951,Brescia v.Broletto,PM10 (SM2005),2007-06,21.21,29
6951,Brescia v.Broletto,PM10 (SM2005),2007-07,19.32,28
6951,Brescia v.Broletto,PM10 (SM2005),2007-08,14.27,26
6951,Brescia v.Broletto,PM10 (SM2005),2007-09,19.04,27
6951,Brescia v.Broletto,PM10 (SM2005),2007-10,35.39,28
6951,Brescia v.Broletto,PM10 (SM2005),2007-11,40.93,28
6951,Brescia v.Broletto,PM10 (SM2005),2007-12,66.58,31
6951,Brescia v.Broletto,PM10 (SM2005),2008-01,55.48,29
6951,Brescia v.Broletto,PM10 (SM2005),2008-02,77.76,29
6951,Brescia v.Broletto,PM10 (SM2005),2008-03,31.30,30
6951,Brescia v.Broletto,PM10 (SM2005),2008-04,25.30,20
6951,Brescia v.Broletto,PM10 (SM2005),2008-05,29.45,31
6951,Brescia v.Broletto,PM10 (SM2005),2008-06,29.27,30
6951,Brescia v.Broletto,PM10 (SM2005),2008-07,28.52,29
6951,Brescia v.Broletto,PM10 (SM2005),2008-08,23.84,31
6951,Brescia v.Broletto,PM10 (SM2005),2008-09,30.43,30
6951,Brescia v.Broletto,PM10 (SM2005),2008-10,47.90,31
6951,Brescia v.Broletto,PM10 (SM2005),2008-11,32.60,30
6951,Brescia v.Broletto,PM10 (SM2005),2008-12,46.68,31
6951,Brescia v.Broletto,PM10 (SM2005),2009-01,71.48,31
6951,Brescia v.Broletto,PM10 (SM2005),2009-02,51.79,28
6951,Brescia v.Broletto,PM10 (SM2005),2009-03,39.48,31
6951,Brescia v.Broletto,PM10 (SM2005),2009-04,28.50,16
6951,Brescia v.Broletto,PM10 (SM2005),2009-05,34.69,26
6951,Brescia v.Broletto,PM10 (SM2005),2009-06,24.20,30
6951,Brescia v.Broletto,PM10 (SM2005),2009-07,27.13,31
6951,Brescia v.Broletto,PM10 (SM2005),2009-08,23.36,28
6951,Brescia v.Broletto,PM10 (SM2005),2009-09,31.23,30
6951,Brescia v.Broletto,PM10 (SM2005),2009-10,38.13,31
6951,Brescia v.Broletto,PM10 (SM2005),2009-11,55.77,30
6951,Brescia v.Broletto,PM10 (SM2005),2009-12,50.75,28
6951,Brescia v.Broletto,PM10 (SM2005),2010-01,87.48,31
6951,Brescia v.Broletto,PM10 (SM2005),2010-02,58.86,28
6951,Brescia v.Broletto,PM10 (SM2005),2010-03,50.52,31
6951,Brescia v.Broletto,PM10 (SM2005),2010-04,31.27,30
6951,Brescia v.Broletto,PM10 (SM2005),2010-05,26.00,29
6951,Brescia v.Broletto,PM10 (SM2005),2010-06,21.43,28
6951,Brescia v.Broletto,PM10 (SM2005),2010-07,33.56,27
6951,Brescia v.Broletto,PM10 (SM2005),2010-08,19.19,31
6951,Brescia v.Broletto,PM10 (SM2005),2010-09,20.00,30
6951,Brescia v.Broletto,PM10 (SM2005),2010-10,33.29,31
6951,Brescia v.Broletto,PM10 (SM2005),2010-11,32.30,30
6951,Brescia v.Broletto,PM10 (SM2005),2010-12,51.30,30
6951,Brescia v.Broletto,PM10 (SM2005),2011-01,69.10,31
6951,Brescia v.Broletto,PM10 (SM2005),2011-02,71.50,28
6951,Brescia v.Broletto,PM10 (SM2005),2011-03,39.84,31
6951,Brescia v.Broletto,PM10 (SM2005),2011-04,38.07,30
6951,Brescia v.Broletto,PM10 (SM2005),2011-05,30.10,31
6951,Brescia v.Broletto,PM10 (SM2005),2011-06,20.80,30
6951,Brescia v.Broletto,PM10 (SM2005),2011-07,20.26,31
6951,Brescia v.Broletto,PM10 (SM2005),2011-08,25.52,31
6951,Brescia v.Broletto,PM10 (SM2005),2011-09,36.33,30
6951,Brescia v.Broletto,PM10 (SM2005),2011-10,39.00,31
6951,Brescia v.Broletto,PM10 (SM2005),2011-11,55.70,30
6951,Brescia v.Broletto,PM10 (SM2005),2011-12,58.48,31
6951,Brescia v.Broletto,PM10 (SM2005),2012-01,68.37,30
6951,Brescia v.Broletto,PM10 (SM2005),2012-02,86.45,29
6951,Brescia v.Broletto,PM10 (SM2005),2012-03,58.68,31
6951,Brescia v.Broletto,PM10 (SM2005),2012-04,22.00,30
6951,Brescia v.Broletto,PM10 (SM2005),2012-05,26.90,31
6951,Brescia v.Broletto,PM10 (SM2005),2012-06,28.67,30
6951,Brescia v.Broletto,PM10 (SM2005),2012-07,26.61,31
6951,Brescia v.Broletto,PM10 (SM2005),2012-08,27.32,31
6951,Brescia v.Broletto,PM10 (SM2005),2012-09,27.23,30
6951,Brescia v.Broletto,PM10 (SM2005),2012-10,38.20,30
6951,Brescia v.Broletto,PM10 (SM2005),2012-11,39.93,30
6951,Brescia v.Broletto,PM10 (SM2005),2012-12,47.90,31
6951,Brescia v.Broletto,PM10 (SM2005),2013-01,63.39,31
6951,Brescia v.Broletto,PM10 (SM2005),2013-02,46.89,28
6951,Brescia v.Broletto,PM10 (SM2005),2013-03,37.90,31
6951,Brescia v.Broletto,PM10 (SM2005),2013-04,32.57,30
6951,Brescia v.Broletto,PM10 (SM2005),2013-05,18.59,29
6951,Brescia v.Broletto,PM10 (SM2005),2013-06,24.73,30
6951,Brescia v.Broletto,PM10 (SM2005),2013-07,27.03,31
6951,Brescia v.Broletto,PM10 (SM2005),2013-08,18.71,31
6951,Brescia v.Broletto,PM10 (SM2005),2013-09,24.13,30
6951,Brescia v.Broletto,PM10 (SM2005),2013-10,37.75,28
6951,Brescia v.Broletto,PM10 (SM2005),2013-11,27.90,30
6951,Brescia v.Broletto,PM10 (SM2005),2013-12,57.16,31
6951,Brescia v.Broletto,PM10 (SM2005),2014-01,39.39,31
6951,Brescia v.Broletto,PM10 (SM2005),2014-02,30.62,26
6951,Brescia v.Broletto,PM10 (SM2005),2014-03,52.15,26
6951,Brescia v.Broletto,PM10 (SM2005),2014-04,27.54,28
6951,Brescia v.Broletto,PM10 (SM2005),2014-05,19.65,31
6951,Brescia v.Broletto,PM10 (SM2005),2014-06,21.07,30
6951,Brescia v.Broletto,PM10 (SM2005),2014-07,17.72,29
6951,Brescia v.Broletto,PM10 (SM2005),2014-08,16.55,31
6951,Brescia v.Broletto,PM10 (SM2005),2014-09,25.47,30
6951,Brescia v.Broletto,PM10 (SM2005),2014-10,36.73,26
6951,Brescia v.Broletto,PM10 (SM2005),2014-11,32.74,27
6951,Brescia v.Broletto,PM10 (SM2005),2014-12,40.30,30
6951,Brescia v.Broletto,PM10 (SM2005),2015-01,48.39,28
6951,Brescia v.Broletto,PM10 (SM2005),2015-02,49.00,27
6951,Brescia v.Broletto,PM10 (SM2005),2015-03,37.52,27
6951,Brescia v.Broletto,PM10 (SM2005),2015-04,29.57,30
6951,Brescia v.Broletto,PM10 (SM2005),2015-05,24.88,24
6951,Brescia v.Broletto,PM10 (SM2005),2015-06,23.20,30
6951,Brescia v.Broletto,PM10 (SM2005),2015-07,31.20,30
6951,Brescia v.Broletto,PM10 (SM2005),2015-08,24.41,27
6951,Brescia v.Broletto,PM10 (SM2005),2015-09,19.37,30
6951,Brescia v.Broletto,PM10 (SM2005),2015-10,24.94,31
6951,Brescia v.Broletto,PM10 (SM2005),2015-11,44.79,28
6951,Brescia v.Broletto,PM10 (SM2005),2015-12,69.13,31
6951,Brescia v.Broletto,PM10 (SM2005),2016-01,60.27,30
6951,Brescia v.Broletto,PM10 (SM2005),2016-02,35.14,29
6951,Brescia v.Broletto,PM10 (SM2005),2016-03,31.82,28
6951,Brescia v.Broletto,PM10 (SM2005),2016-04,34.86,22
6951,Brescia v.Broletto,PM10 (SM2005),2016-05,18.21,29
6951,Brescia v.Broletto,PM10 (SM2005),2016-06,20.37,27
6951,Brescia v.Broletto,PM10 (SM2005),2016-07,24.58,26
6951,Brescia v.Broletto,PM10 (SM2005),2016-08,17.16,31
6951,Brescia v.Broletto,PM10 (SM2005),2016-09,29.55,29
6951,Brescia v.Broletto,PM10 (SM2005),2016-10,25.45,31
6951,Brescia v.Broletto,PM10 (SM2005),2016-11,42.68,28
6951,Brescia v.Broletto,PM10 (SM2005),2016-12,60.62,29
6951,Brescia v.Broletto,PM10 (SM2005),2017-01,50.73,30
6951,Brescia v.Broletto,PM10 (SM2005),2017-02,59.61,23
6951,Brescia v.Broletto,PM10 (SM2005),2017-03,44.26,31
6951,Brescia v.Broletto,PM10 (SM2005),2017-04,24.93,27
6951,Brescia v.Broletto,PM10 (SM2005),2017-05,21.10,31
6951,Brescia v.Broletto,PM10 (SM2005),2017-06,26.07,30
6951,Brescia v.Broletto,PM10 (SM2005),2017-07,22.03,31
6951,Brescia v.Broletto,PM10 (SM2005),2017-08,24.13,31
6951,Brescia v.Broletto,PM10 (SM2005),2017-09,22.96,28
6951,Brescia v.Broletto,PM10 (SM2005),2017-10,56.81,31
6951,Brescia v.Broletto,PM10 (SM2005),2017-11,41.83,30
6951,Brescia v.Broletto,PM10 (SM2005),2017-12,47.39,31
6951,Brescia v.Broletto,PM10 (SM2005),2018-01,45.19,31
6951,Brescia v.Broletto,PM10 (SM2005),2018-02,39.56,27
6951,Brescia v.Broletto,PM10 (SM2005),2018-03,41.45,29
6951,Brescia v.Broletto,PM10 (SM2005),2018-04,31.17,30
6951,Brescia v.Broletto,PM10 (SM2005),2018-05,22.39,31
6951,Brescia v.Broletto,PM10 (SM2005),2018-06,22.77,30
6951,Brescia v.Broletto,PM10 (SM2005),2018-07,21.29,31
6951,Brescia v.Broletto,PM10 (SM2005),2018-08,20.74,31
6951,Brescia v.Broletto,PM10 (SM2005),2018-09,28.08,25
6951,Brescia v.Broletto,PM10 (SM2005),2018-10,32.00,29
6951,Brescia v.Broletto,PM10 (SM2005),2018-11,29.31,29
6951,Brescia v.Broletto,PM10 (SM2005),2018-12,48.27,30
6951,Brescia v.Broletto,PM10 (SM2005),2019-01,42.00,29
6951,Brescia v.Broletto,PM10 (SM2005),2019-02,53.46,28
6951,Brescia v.Broletto,PM10 (SM2005),2019-03,37.52,31
6951,Brescia v.Broletto,PM10 (SM2005),2019-04,20.40,30
6951,Brescia v.Broletto,PM10 (SM2005),2019-05,16.10,31
6951,Brescia v.Broletto,PM10 (SM2005),2019-06,31.68,28
6951,Brescia v.Broletto,PM10 (SM2005),2019-07,24.75,28
6951,Brescia v.Broletto,PM10 (SM2005),2019-08,20.62,29
6951,Brescia v.Broletto,PM10 (SM2005),2019-09,23.14,28
6951,Brescia v.Broletto,PM10 (SM2005),2019-10,25.38,29
6951,Brescia v.Broletto,PM10 (SM2005),2019-11,18.17,18
6951,Brescia v.Broletto,PM10 (SM2005),2019-12,33.26,31
6951,Brescia v.Broletto,PM10 (SM2005),2020-01,48.03,31
6951,Brescia v.Broletto,PM10 (SM2005),2020-02,41.55,29
6951,Brescia v.Broletto,PM10 (SM2005),2020-03,29.03,31
6951,Brescia v.Broletto,PM10 (SM2005),2020-04,21.93,30
6951,Brescia v.Broletto,PM10 (SM2005),2020-05,15.94,31
6951,Brescia v.Broletto,PM10 (SM2005),2020-06,12.27,30
6951,Brescia v.Broletto,PM10 (SM2005),2020-07,26.75,8
6951,Brescia v.Broletto,PM10 (SM2005),2020-08,20.06,31
6951,Brescia v.Broletto,PM10 (SM2005),2020-09,23.10,30
6951,Brescia v.Broletto,PM10 (SM2005),2020-10,25.63,30
6951,Brescia v.Broletto,PM10 (SM2005),2020-11,47.00,30
6951,Brescia v.Broletto,PM10 (SM2005),2020-12,33.59,27
6951,Brescia v.Broletto,PM10 (SM2005),2021-01,37.26,31
6951,Brescia v.Broletto,PM10 (SM2005),2021-02,49.79,24
6951,Brescia v.Broletto,PM10 (SM2005),2021-03,40.21,29
6951,Brescia v.Broletto,PM10 (SM2005),2021-04,24.62,26
6951,Brescia v.Broletto,PM10 (SM2005),2021-05,15.07,28
6951,Brescia v.Broletto,PM10 (SM2005),2021-06,26.55,29
6951,Brescia v.Broletto,PM10 (SM2005),2021-07,21.19,31
6951,Brescia v.Broletto,PM10 (SM2005),2021-08,18.10,30
6951,Brescia v.Broletto,PM10 (SM2005),2021-09,26.67,27
6951,Brescia v.Broletto,PM10 (SM2005),2021-10,30.34,29
6951,Brescia v.Broletto,PM10 (SM2005),2021-11,25.40,30
6951,Brescia v.Broletto,PM10 (SM2005),2021-12,42.19,31
6951,Brescia v.Broletto,PM10 (SM2005),2022-01,50.90,29
6951,Brescia v.Broletto,PM10 (SM2005),2022-02,42.68,28
6951,Brescia v.Broletto,PM10 (SM2005),2022-03,44.19,31
6951,Brescia v.Broletto,PM10 (SM2005),2022-04,22.13,30
6951,Brescia v.Broletto,PM10 (SM2005),2022-05,27.59,27
6951,Brescia v.Broletto,PM10 (SM2005),2022-06,26.43,30
6951,Brescia v.Broletto,PM10 (SM2005),2022-07,22.29,31
6951,Brescia v.Broletto,PM10 (SM2005),2022-08,16.68,31
6951,Brescia v.Broletto,PM10 (SM2005),2022-09,18.10,30
6951,Brescia v.Broletto,PM10 (SM2005),2022-10,36.58,31
6951,Brescia v.Broletto,PM10 (SM2005),2022-11,26.57,30
6951,Brescia v.Broletto,PM10 (SM2005),2022-12,42.35,31
6951,Brescia v.Broletto,PM10 (SM2005),2023-01,32.55,29
6951,Brescia v.Broletto,PM10 (SM2005),2023-02,61.18,22
6951,Brescia v.Broletto,PM10 (SM2005),2023-03,33.94,31
6951,Brescia v.Broletto,PM10 (SM2005),2023-04,18.23,30
6951,Brescia v.Broletto,PM10 (SM2005),2023-05,17.62,29
6951,Brescia v.Broletto,PM10 (SM2005),2023-06,22.96,28
6951,Brescia v.Broletto,PM10 (SM2005),2023-07,23.04,25
6951,Brescia v.Broletto,PM10 (SM2005),2023-08,21.48,29
6951,Brescia v.Broletto,PM10 (SM2005),2023-09,24.23,30
6951,Brescia v.Broletto,PM10 (SM2005),2023-10,29.97,31
6951,Brescia v.Broletto,PM10 (SM2005),2023-11,22.32,28
6951,Brescia v.Broletto,PM10 (SM2005),2023-12,35.71,31
6951,Brescia v.Broletto,PM10 (SM2005),2024-01,42.55,31
6951,Brescia v.Broletto,PM10 (SM2005),2024-02,51.97,29
6951,Brescia v.Broletto,PM10 (SM2005),2024-03,26.74,31
6951,Brescia v.Broletto,PM10 (SM2005),2024-04,19.60,30
6951,Brescia v.Broletto,PM10 (SM2005),2024-05,13.29,31
6951,Brescia v.Broletto,PM10 (SM2005),2024-06,20.47,30
6951,Brescia v.Broletto,PM10 (SM2005),2024-07,22.16,31
6951,Brescia v.Broletto,PM10 (SM2005),2024-08,22.39,31
6951,Brescia v.Broletto,PM10 (SM2005),2024-09,15.27,30
6951,Brescia v.Broletto,PM10 (SM2005),2024-10,18.48,31
6951,Brescia v.Broletto,PM10 (SM2005),2024-11,39.97,30
6951,Brescia v.Broletto,PM10 (SM2005),2024-12,34.42,31
6951,Brescia v.Broletto,PM10 (SM2005),2025-01,33.64,28
6951,Brescia v.Broletto,PM10 (SM2005),2025-02,46.54,24
6951,Brescia v.Broletto,PM10 (SM2005),2025-03,22.84,31
6951,Brescia v.Broletto,PM10 (SM2005),2025-04,21.03,29
6951,Brescia v.Broletto,PM10 (SM2005),2025-05,16.16,31
6951,Brescia v.Broletto,PM10 (SM2005),2025-06,27.10,30
6951,Brescia v.Broletto,PM10 (SM2005),2025-07,14.83,29
6951,Brescia v.Broletto,PM10 (SM2005),2025-08,17.19,31
6951,Brescia v.Broletto,PM10 (SM2005),2025-09,16.90,30
6951,Brescia v.Broletto,PM10 (SM2005),2025-10,24.77,31
6951,Brescia v.Broletto,PM10 (SM2005),2025-11,25.67,30
6951,Brescia v.Broletto,PM10 (SM2005),2025-12,29.58,31
6951,Brescia v.Broletto,PM10 (SM2005),2026-01,50.00,1
6952,Sarezzo v.Minelli,PM10 (SM2005),2000-06,24.12,8
6952,Sarezzo v.Minelli,PM10 (SM2005),2000-07,26.71,28
6952,Sarezzo v.Minelli,PM10 (SM2005),2000-08,28.48,27
6952,Sarezzo v.Minelli,PM10 (SM2005),2000-09,36.56,18
6952,Sarezzo v.Minelli,PM10 (SM2005),2000-10,41.10,29
6952,Sarezzo v.Minelli,PM10 (SM2005),2000-11,39.21,24
6952,Sarezzo v.Minelli,PM10 (SM2005),2000-12,68.37,27
6952,Sarezzo v.Minelli,PM10 (SM2005),2001-01,64.43,23
6952,Sarezzo v.Minelli,PM10 (SM2005),2001-02,68.31,26
6952,Sarezzo v.Minelli,PM10 (SM2005),2001-03,45.48,25
6952,Sarezzo v.Minelli,PM10 (SM2005),2001-04,24.70,23
6952,Sarezzo v.Minelli,PM10 (SM2005),2001-05,28.58,24
6952,Sarezzo v.Minelli,PM10 (SM2005),2001-06,29.36,25
6952,Sarezzo v.Minelli,PM10 (SM2005),2001-07,27.65,23
6952,Sarezzo v.Minelli,PM10 (SM2005),2001-08,29.93,28
6952,Sarezzo v.Minelli,PM10 (SM2005),2001-09,25.13,23
6952,Sarezzo v.Minelli,PM10 (SM2005),2001-10,55.10,29
6952,Sarezzo v.Minelli,PM10 (SM2005),2001-11,52.00,25
6952,Sarezzo v.Minelli,PM10 (SM2005),2001-12,73.07,27
6952,Sarezzo v.Minelli,PM10 (SM2005),2002-01,110.86,14
6952,Sarezzo v.Minelli,PM10 (SM2005),2002-02,72.00,19
6952,Sarezzo v.Minelli,PM10 (SM2005),2002-03,49.55,29
6952,Sarezzo v.Minelli,PM10 (SM2005),2002-04,33.55,29
6952,Sarezzo v.Minelli,PM10 (SM2005),2002-05,29.32,28
6952,Sarezzo v.Minelli,PM10 (SM2005),2002-06,31.60,20
6952,Sarezzo v.Minelli,PM10 (SM2005),2002-07,32.12,8
6952,Sarezzo v.Minelli,PM10 (SM2005),2002-09,29.10,29
6952,Sarezzo v.Minelli,PM10 (SM2005),2002-10,46.28,25
6952,Sarezzo v.Minelli,PM10 (SM2005),2002-11,45.63,30
6952,Sarezzo v.Minelli,PM10 (SM2005),2002-12,63.19,27
6952,Sarezzo v.Minelli,PM10 (SM2005),2003-01,69.71,31
6952,Sarezzo v.Minelli,PM10 (SM2005),2003-02,68.54,28
6952,Sarezzo v.Minelli,PM10 (SM2005),2003-03,64.77,31
6952,Sarezzo v.Minelli,PM10 (SM2005),2003-04,37.43,30
6952,Sarezzo v.Minelli,PM10 (SM2005),2003-05,32.23,22
6952,Sarezzo v.Minelli,PM10 (SM2005),2003-06,32.95,20
6952,Sarezzo v.Minelli,PM10 (SM2005),2003-07,28.68,28
6952,Sarezzo v.Minelli,PM10 (SM2005),2003-08,33.45,11
6952,Sarezzo v.Minelli,PM10 (SM2005),2003-09,34.70,23
6952,Sarezzo v.Minelli,PM10 (SM2005),2003-10,38.04,24
6952,Sarezzo v.Minelli,PM10 (SM2005),2003-11,52.50,28
6952,Sarezzo v.Minelli,PM10 (SM2005),2003-12,65.97,31
6952,Sarezzo v.Minelli,PM10 (SM2005),2004-01,77.19,31
6952,Sarezzo v.Minelli,PM10 (SM2005),2004-02,71.21,29
6952,Sarezzo v.Minelli,PM10 (SM2005),2004-03,45.75,20
6952,Sarezzo v.Minelli,PM10 (SM2005),2004-04,32.00,30
6952,Sarezzo v.Minelli,PM10 (SM2005),2004-05,19.00,17
6952,Sarezzo v.Minelli,PM10 (SM2005),2004-08,18.31,26
6952,Sarezzo v.Minelli,PM10 (SM2005),2004-09,35.00,4
6952,Sarezzo v.Minelli,PM10 (SM2005),2004-11,62.14,21
6952,Sarezzo v.Minelli,PM10 (SM2005),2004-12,58.23,30
6952,Sarezzo v.Minelli,PM10 (SM2005),2005-01,80.93,30
6952,Sarezzo v.Minelli,PM10 (SM2005),2005-02,71.52,27
6952,Sarezzo v.Minelli,PM10 (SM2005),2005-03,83.50,26
6952,Sarezzo v.Minelli,PM10 (SM2005),2005-04,40.00,30
6952,Sarezzo v.Minelli,PM10 (SM2005),2005-05,37.71,31
6952,Sarezzo v.Minelli,PM10 (SM2005),2005-06,34.70,27
6952,Sarezzo v.Minelli,PM10 (SM2005),2005-07,28.33,27
6952,Sarezzo v.Minelli,PM10 (SM2005),2005-08,18.65,31
6952,Sarezzo v.Minelli,PM10 (SM2005),2005-09,35.85,26
6952,Sarezzo v.Minelli,PM10 (SM2005),2005-10,53.88,25
6952,Sarezzo v.Minelli,PM10 (SM2005),2005-11,54.86,28
6952,Sarezzo v.Minelli,PM10 (SM2005),2005-12,55.68,25
6952,Sarezzo v.Minelli,PM10 (SM2005),2006-01,77.52,31
6952,Sarezzo v.Minelli,PM10 (SM2005),2006-02,64.39,28
6952,Sarezzo v.Minelli,PM10 (SM2005),2006-03,48.63,30
6952,Sarezzo v.Minelli,PM10 (SM2005),2006-04,22.86,29
6952,Sarezzo v.Minelli,PM10 (SM2005),2006-05,27.76,25
6952,Sarezzo v.Minelli,PM10 (SM2005),2006-06,34.17,30
6952,Sarezzo v.Minelli,PM10 (SM2005),2006-07,24.94,31
6952,Sarezzo v.Minelli,PM10 (SM2005),2006-08,13.32,31
6952,Sarezzo v.Minelli,PM10 (SM2005),2006-09,35.25,28
6952,Sarezzo v.Minelli,PM10 (SM2005),2006-10,40.90,31
6952,Sarezzo v.Minelli,PM10 (SM2005),2006-11,58.10,30
6952,Sarezzo v.Minelli,PM10 (SM2005),2006-12,58.16,31
6952,Sarezzo v.Minelli,PM10 (SM2005),2007-01,65.03,29
6952,Sarezzo v.Minelli,PM10 (SM2005),2007-03,48.60,5
6952,Sarezzo v.Minelli,PM10 (SM2005),2007-04,44.80,30
6952,Sarezzo v.Minelli,PM10 (SM2005),2007-05,24.68,28
6952,Sarezzo v.Minelli,PM10 (SM2005),2007-06,27.89,27
6952,Sarezzo v.Minelli,PM10 (SM2005),2007-07,23.10,31
6952,Sarezzo v.Minelli,PM10 (SM2005),2007-08,15.65,31
6952,Sarezzo v.Minelli,PM10 (SM2005),2007-09,24.53,30
6952,Sarezzo v.Minelli,PM10 (SM2005),2007-10,44.48,31
6952,Sarezzo v.Minelli,PM10 (SM2005),2007-11,40.17,29
6952,Sarezzo v.Minelli,PM10 (SM2005),2007-12,53.58,31
6952,Sarezzo v.Minelli,PM10 (SM2005),2008-01,53.26,31
6952,Sarezzo v.Minelli,PM10 (SM2005),2008-02,89.00,29
6952,Sarezzo v.Minelli,PM10 (SM2005),2008-03,38.90,31
6952,Sarezzo v.Minelli,PM10 (SM2005),2008-04,22.53,30
6952,Sarezzo v.Minelli,PM10 (SM2005),2008-05,27.13,31
6952,Sarezzo v.Minelli,PM10 (SM2005),2008-06,25.47,30
6952,Sarezzo v.Minelli,PM10 (SM2005),2008-07,24.62,29
6952,Sarezzo v.Minelli,PM10 (SM2005),2008-08,25.36,14
6952,Sarezzo v.Minelli,PM10 (SM2005),2008-09,26.13,30
6952,Sarezzo v.Minelli,PM10 (SM2005),2008-10,42.48,25
6952,Sarezzo v.Minelli,PM10 (SM2005),2008-11,33.42,26
6952,Sarezzo v.Minelli,PM10 (SM2005),2008-12,40.37,27
6952,Sarezzo v.Minelli,PM10 (SM2005),2009-01,59.38,29
6952,Sarezzo v.Minelli,PM10 (SM2005),2009-02,64.46,24
6952,Sarezzo v.Minelli,PM10 (SM2005),2009-03,37.04,28
6952,Sarezzo v.Minelli,PM10 (SM2005),2009-04,25.87,23
6952,Sarezzo v.Minelli,PM10 (SM2005),2009-05,30.86,28
6952,Sarezzo v.Minelli,PM10 (SM2005),2009-06,25.62,24
6952,Sarezzo v.Minelli,PM10 (SM2005),2009-07,25.87,23
6952,Sarezzo v.Minelli,PM10 (SM2005),2009-08,18.79,29
6952,Sarezzo v.Minelli,PM10 (SM2005),2009-09,27.00,29
6952,Sarezzo v.Minelli,PM10 (SM2005),2009-10,37.04,25
6952,Sarezzo v.Minelli,PM10 (SM2005),2009-11,51.40,30
6952,Sarezzo v.Minelli,PM10 (SM2005),2009-12,46.94,31
6952,Sarezzo v.Minelli,PM10 (SM2005),2010-01,74.55,29
6952,Sarezzo v.Minelli,PM10 (SM2005),2010-02,50.96,28
6952,Sarezzo v.Minelli,PM10 (SM2005),2010-03,47.45,31
6952,Sarezzo v.Minelli,PM10 (SM2005),2010-04,30.17,30
6952,Sarezzo v.Minelli,PM10 (SM2005),2010-05,21.42,31
6952,Sarezzo v.Minelli,PM10 (SM2005),2010-06,26.80,30
6952,Sarezzo v.Minelli,PM10 (SM2005),2010-07,26.39,31
6952,Sarezzo v.Minelli,PM10 (SM2005),2010-08,14.43,30
6952,Sarezzo v.Minelli,PM10 (SM2005),2010-09,13.17,30
6952,Sarezzo v.Minelli,PM10 (SM2005),2010-10,29.43,28
6952,Sarezzo v.Minelli,PM10 (SM2005),2010-11,35.33,30
6952,Sarezzo v.Minelli,PM10 (SM2005),2010-12,44.55,31
6952,Sarezzo v.Minelli,PM10 (SM2005),2011-01,65.42,31
6952,Sarezzo v.Minelli,PM10 (SM2005),2011-02,71.71,28
6952,Sarezzo v.Minelli,PM10 (SM2005),2011-03,47.94,31
6952,Sarezzo v.Minelli,PM10 (SM2005),2011-04,34.40,30
6952,Sarezzo v.Minelli,PM10 (SM2005),2011-05,26.93,29
6952,Sarezzo v.Minelli,PM10 (SM2005),2011-06,19.80,30
6952,Sarezzo v.Minelli,PM10 (SM2005),2011-07,16.74,31
6952,Sarezzo v.Minelli,PM10 (SM2005),2011-08,19.77,31
6952,Sarezzo v.Minelli,PM10 (SM2005),2011-09,32.29,28
6952,Sarezzo v.Minelli,PM10 (SM2005),2011-10,38.41,29
6952,Sarezzo v.Minelli,PM10 (SM2005),2011-11,50.70,30
6952,Sarezzo v.Minelli,PM10 (SM2005),2011-12,48.16,31
6952,Sarezzo v.Minelli,PM10 (SM2005),2012-01,56.87,31
6952,Sarezzo v.Minelli,PM10 (SM2005),2012-02,75.76,29
6952,Sarezzo v.Minelli,PM10 (SM2005),2012-03,53.06,31
6952,Sarezzo v.Minelli,PM10 (SM2005),2012-04,17.50,30
6952,Sarezzo v.Minelli,PM10 (SM2005),2012-05,18.79,29
6952,Sarezzo v.Minelli,PM10 (SM2005),2012-06,21.71,28
6952,Sarezzo v.Minelli,PM10 (SM2005),2012-07,19.68,31
6952,Sarezzo v.Minelli,PM10 (SM2005),2012-08,19.10,31
6952,Sarezzo v.Minelli,PM10 (SM2005),2012-09,22.63,30
6952,Sarezzo v.Minelli,PM10 (SM2005),2012-10,31.06,31
6952,Sarezzo v.Minelli,PM10 (SM2005),2012-11,32.27,30
6952,Sarezzo v.Minelli,PM10 (SM2005),2012-12,37.76,29
6952,Sarezzo v.Minelli,PM10 (SM2005),2013-01,51.19,31
6952,Sarezzo v.Minelli,PM10 (SM2005),2013-02,44.32,28
6952,Sarezzo v.Minelli,PM10 (SM2005),2013-03,31.13,31
6952,Sarezzo v.Minelli,PM10 (SM2005),2013-04,27.43,30
6952,Sarezzo v.Minelli,PM10 (SM2005),2013-05,15.42,31
6952,Sarezzo v.Minelli,PM10 (SM2005),2013-06,20.13,30
6952,Sarezzo v.Minelli,PM10 (SM2005),2013-07,22.23,31
6952,Sarezzo v.Minelli,PM10 (SM2005),2013-08,18.17,29
6952,Sarezzo v.Minelli,PM10 (SM2005),2013-09,24.37,30
6952,Sarezzo v.Minelli,PM10 (SM2005),2013-10,39.03,31
6952,Sarezzo v.Minelli,PM10 (SM2005),2013-11,32.60,30
6952,Sarezzo v.Minelli,PM10 (SM2005),2013-12,48.55,31
6952,Sarezzo v.Minelli,PM10 (SM2005),2014-01,37.76,29
6952,Sarezzo v.Minelli,PM10 (SM2005),2014-02,31.11,28
6952,Sarezzo v.Minelli,PM10 (SM2005),2014-03,46.26,31
6952,Sarezzo v.Minelli,PM10 (SM2005),2014-04,25.76,29
6952,Sarezzo v.Minelli,PM10 (SM2005),2014-05,20.39,28
6952,Sarezzo v.Minelli,PM10 (SM2005),2014-06,22.80,30
6952,Sarezzo v.Minelli,PM10 (SM2005),2014-07,18.32,31
6952,Sarezzo v.Minelli,PM10 (SM2005),2014-08,19.52,31
6952,Sarezzo v.Minelli,PM10 (SM2005),2014-09,27.63,30
6952,Sarezzo v.Minelli,PM10 (SM2005),2014-10,38.16,31
6952,Sarezzo v.Minelli,PM10 (SM2005),2014-11,34.70,23
6952,Sarezzo v.Minelli,PM10 (SM2005),2014-12,41.70,27
6952,Sarezzo v.Minelli,PM10 (SM2005),2015-01,42.79,29
6952,Sarezzo v.Minelli,PM10 (SM2005),2015-02,47.32,28
6952,Sarezzo v.Minelli,PM10 (SM2005),2015-03,42.33,30
6952,Sarezzo v.Minelli,PM10 (SM2005),2015-04,28.73,26
6952,Sarezzo v.Minelli,PM10 (SM2005),2015-05,25.32,31
6952,Sarezzo v.Minelli,PM10 (SM2005),2015-06,21.70,30
6952,Sarezzo v.Minelli,PM10 (SM2005),2015-07,26.52,25
6952,Sarezzo v.Minelli,PM10 (SM2005),2015-08,22.52,31
6952,Sarezzo v.Minelli,PM10 (SM2005),2015-09,19.65,26
6952,Sarezzo v.Minelli,PM10 (SM2005),2015-10,18.67,27
6952,Sarezzo v.Minelli,PM10 (SM2005),2015-11,36.24,25
6952,Sarezzo v.Minelli,PM10 (SM2005),2015-12,58.62,21
6952,Sarezzo v.Minelli,PM10 (SM2005),2016-01,45.81,31
6952,Sarezzo v.Minelli,PM10 (SM2005),2016-02,34.39,28
6952,Sarezzo v.Minelli,PM10 (SM2005),2016-03,32.43,28
6952,Sarezzo v.Minelli,PM10 (SM2005),2016-04,28.31,29
6952,Sarezzo v.Minelli,PM10 (SM2005),2016-05,18.03,31
6952,Sarezzo v.Minelli,PM10 (SM2005),2016-06,16.43,30
6952,Sarezzo v.Minelli,PM10 (SM2005),2016-07,13.64,28
6952,Sarezzo v.Minelli,PM10 (SM2005),2016-08,12.32,31
6952,Sarezzo v.Minelli,PM10 (SM2005),2016-09,26.77,30
6952,Sarezzo v.Minelli,PM10 (SM2005),2016-10,24.35,31
6952,Sarezzo v.Minelli,PM10 (SM2005),2016-11,36.82,22
6952,Sarezzo v.Minelli,PM10 (SM2005),2016-12,46.27,30
6952,Sarezzo v.Minelli,PM10 (SM2005),2017-01,56.35,31
6952,Sarezzo v.Minelli,PM10 (SM2005),2017-02,56.64,28
6952,Sarezzo v.Minelli,PM10 (SM2005),2017-03,31.32,31
6952,Sarezzo v.Minelli,PM10 (SM2005),2017-04,19.27,30
6952,Sarezzo v.Minelli,PM10 (SM2005),2017-05,13.33,30
6952,Sarezzo v.Minelli,PM10 (SM2005),2017-06,19.60,30
6952,Sarezzo v.Minelli,PM10 (SM2005),2017-07,17.57,21
6952,Sarezzo v.Minelli,PM10 (SM2005),2017-08,19.52,31
6952,Sarezzo v.Minelli,PM10 (SM2005),2017-09,17.69,29
6952,Sarezzo v.Minelli,PM10 (SM2005),2017-10,51.42,24
6952,Sarezzo v.Minelli,PM10 (SM2005),2017-11,43.42,26
6952,Sarezzo v.Minelli,PM10 (SM2005),2017-12,42.74,31
6952,Sarezzo v.Minelli,PM10 (SM2005),2018-01,47.63,27
6952,Sarezzo v.Minelli,PM10 (SM2005),2018-02,44.57,28
6952,Sarezzo v.Minelli,PM10 (SM2005),2018-03,39.23,31
6952,Sarezzo v.Minelli,PM10 (SM2005),2018-04,28.20,30
6952,Sarezzo v.Minelli,PM10 (SM2005),2018-05,21.83,24
6952,Sarezzo v.Minelli,PM10 (SM2005),2018-06,19.88,24
6952,Sarezzo v.Minelli,PM10 (SM2005),2018-07,17.50,30
6952,Sarezzo v.Minelli,PM10 (SM2005),2018-08,16.58,31
6952,Sarezzo v.Minelli,PM10 (SM2005),2018-09,18.73,26
6952,Sarezzo v.Minelli,PM10 (SM2005),2018-10,23.44,27
6952,Sarezzo v.Minelli,PM10 (SM2005),2018-11,25.96,27
6952,Sarezzo v.Minelli,PM10 (SM2005),2018-12,44.68,28
6952,Sarezzo v.Minelli,PM10 (SM2005),2019-01,40.86,29
6952,Sarezzo v.Minelli,PM10 (SM2005),2019-02,45.07,28
6952,Sarezzo v.Minelli,PM10 (SM2005),2019-03,27.07,29
6952,Sarezzo v.Minelli,PM10 (SM2005),2019-04,16.40,30
6952,Sarezzo v.Minelli,PM10 (SM2005),2019-05,12.61,28
6952,Sarezzo v.Minelli,PM10 (SM2005),2019-06,23.69,29
6952,Sarezzo v.Minelli,PM10 (SM2005),2019-07,18.86,28
6952,Sarezzo v.Minelli,PM10 (SM2005),2019-08,17.19,31
6952,Sarezzo v.Minelli,PM10 (SM2005),2019-09,18.67,30
6952,Sarezzo v.Minelli,PM10 (SM2005),2019-10,21.39,31
6952,Sarezzo v.Minelli,PM10 (SM2005),2019-11,16.62,26
6952,Sarezzo v.Minelli,PM10 (SM2005),2019-12,30.11,27
6952,Sarezzo v.Minelli,PM10 (SM2005),2020-01,41.27,30
6952,Sarezzo v.Minelli,PM10 (SM2005),2020-02,37.21,24
6952,Sarezzo v.Minelli,PM10 (SM2005),2020-03,27.45,31
6952,Sarezzo v.Minelli,PM10 (SM2005),2020-04,20.24,29
6952,Sarezzo v.Minelli,PM10 (SM2005),2020-05,14.29,31
6952,Sarezzo v.Minelli,PM10 (SM2005),2020-06,12.30,30
6952,Sarezzo v.Minelli,PM10 (SM2005),2020-07,16.70,30
6952,Sarezzo v.Minelli,PM10 (SM2005),2020-08,14.94,31
6952,Sarezzo v.Minelli,PM10 (SM2005),2020-09,18.04,28
6952,Sarezzo v.Minelli,PM10 (SM2005),2020-10,19.74,31
6952,Sarezzo v.Minelli,PM10 (SM2005),2020-11,41.41,27
6952,Sarezzo v.Minelli,PM10 (SM2005),2020-12,31.96,28
6952,Sarezzo v.Minelli,PM10 (SM2005),2021-01,34.94,31
6952,Sarezzo v.Minelli,PM10 (SM2005),2021-02,45.79,24
6952,Sarezzo v.Minelli,PM10 (SM2005),2021-03,32.16,31
6952,Sarezzo v.Minelli,PM10 (SM2005),2021-04,18.47,30
6952,Sarezzo v.Minelli,PM10 (SM2005),2021-05,10.89,27
6952,Sarezzo v.Minelli,PM10 (SM2005),2021-06,19.83,29
6952,Sarezzo v.Minelli,PM10 (SM2005),2021-07,16.71,31
6952,Sarezzo v.Minelli,PM10 (SM2005),2021-08,14.25,24
6952,Sarezzo v.Minelli,PM10 (SM2005),2021-09,19.28,29
6952,Sarezzo v.Minelli,PM10 (SM2005),2021-10,22.13,31
6952,Sarezzo v.Minelli,PM10 (SM2005),2021-11,24.41,29
6952,Sarezzo v.Minelli,PM10 (SM2005),2021-12,37.41,27
6952,Sarezzo v.Minelli,PM10 (SM2005),2022-01,44.86,29
6952,Sarezzo v.Minelli,PM10 (SM2005),2022-02,38.46,28
6952,Sarezzo v.Minelli,PM10 (SM2005),2022-03,43.10,31
6952,Sarezzo v.Minelli,PM10 (SM2005),2022-04,21.63,30
6952,Sarezzo v.Minelli,PM10 (SM2005),2022-05,20.23,31
6952,Sarezzo v.Minelli,PM10 (SM2005),2022-06,20.10,30
6952,Sarezzo v.Minelli,PM10 (SM2005),2022-07,17.52,27
6952,Sarezzo v.Minelli,PM10 (SM2005),2022-08,14.00,30
6952,Sarezzo v.Minelli,PM10 (SM2005),2022-09,15.13,30
6952,Sarezzo v.Minelli,PM10 (SM2005),2022-10,30.18,28
6952,Sarezzo v.Minelli,PM10 (SM2005),2022-11,23.73,30
6952,Sarezzo v.Minelli,PM10 (SM2005),2022-12,33.00,31
6952,Sarezzo v.Minelli,PM10 (SM2005),2023-01,29.58,31
6952,Sarezzo v.Minelli,PM10 (SM2005),2023-02,36.78,23
6952,Sarezzo v.Minelli,PM10 (SM2005),2023-03,21.16,31
6952,Sarezzo v.Minelli,PM10 (SM2005),2023-04,12.13,30
6952,Sarezzo v.Minelli,PM10 (SM2005),2023-05,13.03,29
6952,Sarezzo v.Minelli,PM10 (SM2005),2023-06,17.40,30
6952,Sarezzo v.Minelli,PM10 (SM2005),2023-07,17.84,31
6952,Sarezzo v.Minelli,PM10 (SM2005),2023-08,17.39,31
6952,Sarezzo v.Minelli,PM10 (SM2005),2023-09,20.93,30
6952,Sarezzo v.Minelli,PM10 (SM2005),2023-10,24.89,28
6952,Sarezzo v.Minelli,PM10 (SM2005),2023-11,23.90,30
6952,Sarezzo v.Minelli,PM10 (SM2005),2023-12,31.35,31
6952,Sarezzo v.Minelli,PM10 (SM2005),2024-01,35.32,31
6952,Sarezzo v.Minelli,PM10 (SM2005),2024-02,41.43,28
6952,Sarezzo v.Minelli,PM10 (SM2005),2024-03,26.33,30
6952,Sarezzo v.Minelli,PM10 (SM2005),2024-04,16.71,28
6952,Sarezzo v.Minelli,PM10 (SM2005),2024-05,12.35,31
6952,Sarezzo v.Minelli,PM10 (SM2005),2024-06,20.27,30
6952,Sarezzo v.Minelli,PM10 (SM2005),2024-07,19.65,31
6952,Sarezzo v.Minelli,PM10 (SM2005),2024-08,20.13,30
6952,Sarezzo v.Minelli,PM10 (SM2005),2024-09,14.13,30
6952,Sarezzo v.Minelli,PM10 (SM2005),2024-10,21.13,31
6952,Sarezzo v.Minelli,PM10 (SM2005),2024-11,46.09,22
6952,Sarezzo v.Minelli,PM10 (SM2005),2024-12,34.87,31
6952,Sarezzo v.Minelli,PM10 (SM2005),2025-01,34.90,31
6952,Sarezzo v.Minelli,PM10 (SM2005),2025-02,45.86,28
6952,Sarezzo v.Minelli,PM10 (SM2005),2025-03,22.71,31
6952,Sarezzo v.Minelli,PM10 (SM2005),2025-04,19.40,30
6952,Sarezzo v.Minelli,PM10 (SM2005),2025-05,14.35,31
6952,Sarezzo v.Minelli,PM10 (SM2005),2025-06,24.43,30
6952,Sarezzo v.Minelli,PM10 (SM2005),2025-07,15.08,25
6952,Sarezzo v.Minelli,PM10 (SM2005),2025-08,17.55,29
6952,Sarezzo v.Minelli,PM10 (SM2005),2025-09,15.86,28
6952,Sarezzo v.Minelli,PM10 (SM2005),2025-10,24.10,31
6952,Sarezzo v.Minelli,PM10 (SM2005),2025-11,32.07,28
6952,Sarezzo v.Minelli,PM10 (SM2005),2025-12,30.65,31
6952,Sarezzo v.Minelli,PM10 (SM2005),2026-01,47.00,1
6953,Odolo v.Praes,PM10 (SM2005),2000-06,23.62,8
6953,Odolo v.Praes,PM10 (SM2005),2000-07,24.81,27
6953,Odolo v.Praes,PM10 (SM2005),2000-08,26.75,28
6953,Odolo v.Praes,PM10 (SM2005),2000-09,33.08,25
6953,Odolo v.Praes,PM10 (SM2005),2000-10,33.71,24
6953,Odolo v.Praes,PM10 (SM2005),2000-11,33.48,27
6953,Odolo v.Praes,PM10 (SM2005),2000-12,51.20,30
6953,Odolo v.Praes,PM10 (SM2005),2001-01,51.91,23
6953,Odolo v.Praes,PM10 (SM2005),2001-02,82.36,22
6953,Odolo v.Praes,PM10 (SM2005),2001-03,37.68,28
6953,Odolo v.Praes,PM10 (SM2005),2001-04,28.21,28
6953,Odolo v.Praes,PM10 (SM2005),2001-05,27.26,27
6953,Odolo v.Praes,PM10 (SM2005),2001-06,29.08,26
6953,Odolo v.Praes,PM10 (SM2005),2001-07,27.18,17
6953,Odolo v.Praes,PM10 (SM2005),2001-08,26.19,21
6953,Odolo v.Praes,PM10 (SM2005),2001-09,23.22,18
6953,Odolo v.Praes,PM10 (SM2005),2001-10,52.05,22
6953,Odolo v.Praes,PM10 (SM2005),2001-11,47.27,22
6953,Odolo v.Praes,PM10 (SM2005),2002-01,94.62,8
6953,Odolo v.Praes,PM10 (SM2005),2002-02,73.68,19
6953,Odolo v.Praes,PM10 (SM2005),2002-03,57.44,18
6953,Odolo v.Praes,PM10 (SM2005),2002-05,24.89,9
6953,Odolo v.Praes,PM10 (SM2005),2002-06,29.76,21
6953,Odolo v.Praes,PM10 (SM2005),2002-07,30.67,9
6953,Odolo v.Praes,PM10 (SM2005),2002-09,26.29,28
6953,Odolo v.Praes,PM10 (SM2005),2002-10,43.73,26
6953,Odolo v.Praes,PM10 (SM2005),2002-11,41.10,30
6953,Odolo v.Praes,PM10 (SM2005),2002-12,49.97,29
6953,Odolo v.Praes,PM10 (SM2005),2003-01,65.69,26
6953,Odolo v.Praes,PM10 (SM2005),2003-02,74.79,28
6953,Odolo v.Praes,PM10 (SM2005),2003-03,52.10,21
6953,Odolo v.Praes,PM10 (SM2005),2003-08,39.09,11
6953,Odolo v.Praes,PM10 (SM2005),2003-09,34.64,14
6953,Odolo v.Praes,PM10 (SM2005),2003-10,37.85,26
6953,Odolo v.Praes,PM10 (SM2005),2003-11,39.30,27
6953,Odolo v.Praes,PM10 (SM2005),2003-12,47.36,14
6953,Odolo v.Praes,PM10 (SM2005),2004-01,67.47,15
6953,Odolo v.Praes,PM10 (SM2005),2004-02,56.52,29
6953,Odolo v.Praes,PM10 (SM2005),2004-03,44.55,31
6953,Odolo v.Praes,PM10 (SM2005),2004-04,30.59,22
6953,Odolo v.Praes,PM10 (SM2005),2004-05,18.23,26
6953,Odolo v.Praes,PM10 (SM2005),2004-06,20.55,29
6953,Odolo v.Praes,PM10 (SM2005),2004-07,19.96,26
6953,Odolo v.Praes,PM10 (SM2005),2004-08,15.04,24
6953,Odolo v.Praes,PM10 (SM2005),2004-09,27.21,28
6953,Odolo v.Praes,PM10 (SM2005),2004-10,38.90,30
6953,Odolo v.Praes,PM10 (SM2005),2004-11,48.53,30
6953,Odolo v.Praes,PM10 (SM2005),2004-12,46.80,30
6953,Odolo v.Praes,PM10 (SM2005),2005-01,71.81,31
6953,Odolo v.Praes,PM10 (SM2005),2005-02,73.78,27
6953,Odolo v.Praes,PM10 (SM2005),2005-03,78.93,29
6953,Odolo v.Praes,PM10 (SM2005),2005-04,33.23,30
6953,Odolo v.Praes,PM10 (SM2005),2005-05,31.58,26
6953,Odolo v.Praes,PM10 (SM2005),2005-06,28.78,23
6953,Odolo v.Praes,PM10 (SM2005),2005-07,26.77,30
6953,Odolo v.Praes,PM10 (SM2005),2005-08,20.07,28
6953,Odolo v.Praes,PM10 (SM2005),2005-09,30.04,25
6953,Odolo v.Praes,PM10 (SM2005),2005-10,41.26,31
6953,Odolo v.Praes,PM10 (SM2005),2005-11,45.80,30
6953,Odolo v.Praes,PM10 (SM2005),2005-12,63.96,27
6953,Odolo v.Praes,PM10 (SM2005),2006-01,67.00,31
6953,Odolo v.Praes,PM10 (SM2005),2006-02,68.04,28
6953,Odolo v.Praes,PM10 (SM2005),2006-03,56.94,31
6953,Odolo v.Praes,PM10 (SM2005),2006-04,27.46,26
6953,Odolo v.Praes,PM10 (SM2005),2006-05,29.17,24
6953,Odolo v.Praes,PM10 (SM2005),2006-06,34.34,29
6953,Odolo v.Praes,PM10 (SM2005),2006-07,27.42,31
6953,Odolo v.Praes,PM10 (SM2005),2006-08,15.58,31
6953,Odolo v.Praes,PM10 (SM2005),2006-09,30.55,29
6953,Odolo v.Praes,PM10 (SM2005),2006-10,35.81,31
6953,Odolo v.Praes,PM10 (SM2005),2006-11,50.30,30
6953,Odolo v.Praes,PM10 (SM2005),2006-12,47.67,30
6953,Odolo v.Praes,PM10 (SM2005),2007-01,60.93,29
6953,Odolo v.Praes,PM10 (SM2005),2007-04,46.58,12
6953,Odolo v.Praes,PM10 (SM2005),2007-05,26.30,30
6953,Odolo v.Praes,PM10 (SM2005),2007-06,24.47,30
6953,Odolo v.Praes,PM10 (SM2005),2007-07,25.26,31
6953,Odolo v.Praes,PM10 (SM2005),2007-08,18.87,31
6953,Odolo v.Praes,PM10 (SM2005),2007-09,24.20,30
6953,Odolo v.Praes,PM10 (SM2005),2007-10,37.55,31
6953,Odolo v.Praes,PM10 (SM2005),2007-11,42.77,30
6953,Odolo v.Praes,PM10 (SM2005),2007-12,51.39,31
6953,Odolo v.Praes,PM10 (SM2005),2008-01,46.47,30
6953,Odolo v.Praes,PM10 (SM2005),2008-02,65.03,29
6953,Odolo v.Praes,PM10 (SM2005),2008-03,32.03,31
6953,Odolo v.Praes,PM10 (SM2005),2008-04,22.43,30
6953,Odolo v.Praes,PM10 (SM2005),2008-05,22.14,29
6953,Odolo v.Praes,PM10 (SM2005),2008-06,20.81,26
6953,Odolo v.Praes,PM10 (SM2005),2008-07,22.77,31
6953,Odolo v.Praes,PM10 (SM2005),2008-08,19.13,31
6953,Odolo v.Praes,PM10 (SM2005),2008-09,24.97,30
6953,Odolo v.Praes,PM10 (SM2005),2008-10,39.19,31
6953,Odolo v.Praes,PM10 (SM2005),2008-11,28.70,30
6953,Odolo v.Praes,PM10 (SM2005),2008-12,33.19,31
6953,Odolo v.Praes,PM10 (SM2005),2009-01,50.47,30
6953,Odolo v.Praes,PM10 (SM2005),2009-02,63.00,28
6953,Odolo v.Praes,PM10 (SM2005),2009-03,37.19,31
6953,Odolo v.Praes,PM10 (SM2005),2009-04,26.67,30
6953,Odolo v.Praes,PM10 (SM2005),2009-05,31.23,31
6953,Odolo v.Praes,PM10 (SM2005),2009-06,21.33,30
6953,Odolo v.Praes,PM10 (SM2005),2009-07,24.26,31
6953,Odolo v.Praes,PM10 (SM2005),2009-08,22.97,31
6953,Odolo v.Praes,PM10 (SM2005),2009-09,26.00,30
6953,Odolo v.Praes,PM10 (SM2005),2009-10,28.32,31
6953,Odolo v.Praes,PM10 (SM2005),2009-11,38.93,30
6953,Odolo v.Praes,PM10 (SM2005),2009-12,44.06,31
6953,Odolo v.Praes,PM10 (SM2005),2010-01,56.48,31
6953,Odolo v.Praes,PM10 (SM2005),2010-02,42.11,28
6953,Odolo v.Praes,PM10 (SM2005),2010-03,35.16,31
6953,Odolo v.Praes,PM10 (SM2005),2010-04,25.10,30
6953,Odolo v.Praes,PM10 (SM2005),2010-05,20.61,31
6953,Odolo v.Praes,PM10 (SM2005),2010-06,21.47,30
6953,Odolo v.Praes,PM10 (SM2005),2010-07,25.23,26
6953,Odolo v.Praes,PM10 (SM2005),2010-08,17.94,31
6953,Odolo v.Praes,PM10 (SM2005),2010-09,19.07,30
6953,Odolo v.Praes,PM10 (SM2005),2010-10,28.13,31
6953,Odolo v.Praes,PM10 (SM2005),2010-11,28.30,30
6953,Odolo v.Praes,PM10 (SM2005),2010-12,43.74,31
6953,Odolo v.Praes,PM10 (SM2005),2011-01,61.58,31
6953,Odolo v.Praes,PM10 (SM2005),2011-02,63.64,28
6953,Odolo v.Praes,PM10 (SM2005),2011-03,38.58,31
6953,Odolo v.Praes,PM10 (SM2005),2011-04,32.87,30
6953,Odolo v.Praes,PM10 (SM2005),2011-05,23.62,26
6953,Odolo v.Praes,PM10 (SM2005),2011-06,20.77,30
6953,Odolo v.Praes,PM10 (SM2005),2011-07,18.87,31
6953,Odolo v.Praes,PM10 (SM2005),2011-08,22.19,31
6953,Odolo v.Praes,PM10 (SM2005),2011-09,27.50,30
6953,Odolo v.Praes,PM10 (SM2005),2011-10,30.16,31
6953,Odolo v.Praes,PM10 (SM2005),2011-11,42.89,28
6953,Odolo v.Praes,PM10 (SM2005),2011-12,48.13,31
6953,Odolo v.Praes,PM10 (SM2005),2012-01,56.68,31
6953,Odolo v.Praes,PM10 (SM2005),2012-02,69.32,28
6953,Odolo v.Praes,PM10 (SM2005),2012-03,49.94,31
6953,Odolo v.Praes,PM10 (SM2005),2012-04,19.52,27
6953,Odolo v.Praes,PM10 (SM2005),2012-05,20.96,28
6953,Odolo v.Praes,PM10 (SM2005),2012-06,24.37,30
6953,Odolo v.Praes,PM10 (SM2005),2012-07,23.26,31
6953,Odolo v.Praes,PM10 (SM2005),2012-08,23.32,31
6953,Odolo v.Praes,PM10 (SM2005),2012-09,22.07,28
6953,Odolo v.Praes,PM10 (SM2005),2012-10,26.90,31
6953,Odolo v.Praes,PM10 (SM2005),2012-11,32.57,30
6953,Odolo v.Praes,PM10 (SM2005),2012-12,42.86,29
6953,Odolo v.Praes,PM10 (SM2005),2013-01,43.23,31
6953,Odolo v.Praes,PM10 (SM2005),2013-02,31.50,28
6953,Odolo v.Praes,PM10 (SM2005),2013-03,22.06,31
6953,Odolo v.Praes,PM10 (SM2005),2013-04,22.54,26
6953,Odolo v.Praes,PM10 (SM2005),2013-05,16.13,31
6953,Odolo v.Praes,PM10 (SM2005),2013-06,18.57,30
6953,Odolo v.Praes,PM10 (SM2005),2013-07,21.83,29
6953,Odolo v.Praes,PM10 (SM2005),2013-08,17.48,29
6953,Odolo v.Praes,PM10 (SM2005),2013-09,23.73,30
6953,Odolo v.Praes,PM10 (SM2005),2013-10,36.03,31
6953,Odolo v.Praes,PM10 (SM2005),2013-11,37.76,29
6953,Odolo v.Praes,PM10 (SM2005),2013-12,47.16,31
6953,Odolo v.Praes,PM10 (SM2005),2014-01,36.26,31
6953,Odolo v.Praes,PM10 (SM2005),2014-02,28.21,28
6953,Odolo v.Praes,PM10 (SM2005),2014-03,43.06,31
6953,Odolo v.Praes,PM10 (SM2005),2014-04,24.87,30
6953,Odolo v.Praes,PM10 (SM2005),2014-05,18.42,31
6953,Odolo v.Praes,PM10 (SM2005),2014-06,16.31,29
6953,Odolo v.Praes,PM10 (SM2005),2014-07,13.52,31
6953,Odolo v.Praes,PM10 (SM2005),2014-08,15.19,31
6953,Odolo v.Praes,PM10 (SM2005),2014-09,22.53,30
6953,Odolo v.Praes,PM10 (SM2005),2014-10,31.87,31
6953,Odolo v.Praes,PM10 (SM2005),2014-11,32.30,30
6953,Odolo v.Praes,PM10 (SM2005),2014-12,38.16,31
6953,Odolo v.Praes,PM10 (SM2005),2015-01,47.66,29
6953,Odolo v.Praes,PM10 (SM2005),2015-02,43.00,28
6953,Odolo v.Praes,PM10 (SM2005),2015-03,40.35,31
6953,Odolo v.Praes,PM10 (SM2005),2015-04,27.00,29
6953,Odolo v.Praes,PM10 (SM2005),2015-05,20.61,31
6953,Odolo v.Praes,PM10 (SM2005),2015-06,20.45,29
6953,Odolo v.Praes,PM10 (SM2005),2015-07,21.30,30
6953,Odolo v.Praes,PM10 (SM2005),2015-08,19.94,31
6953,Odolo v.Praes,PM10 (SM2005),2015-09,18.07,29
6953,Odolo v.Praes,PM10 (SM2005),2015-10,27.97,31
6953,Odolo v.Praes,PM10 (SM2005),2015-11,39.50,30
6953,Odolo v.Praes,PM10 (SM2005),2015-12,48.87,31
6953,Odolo v.Praes,PM10 (SM2005),2016-01,55.68,31
6953,Odolo v.Praes,PM10 (SM2005),2016-02,32.79,29
6953,Odolo v.Praes,PM10 (SM2005),2016-03,29.55,31
6953,Odolo v.Praes,PM10 (SM2005),2016-04,25.83,30
6953,Odolo v.Praes,PM10 (SM2005),2016-05,16.06,31
6953,Odolo v.Praes,PM10 (SM2005),2016-06,16.20,30
6953,Odolo v.Praes,PM10 (SM2005),2016-07,22.20,30
6953,Odolo v.Praes,PM10 (SM2005),2016-08,17.68,31
6953,Odolo v.Praes,PM10 (SM2005),2016-09,24.67,30
6953,Odolo v.Praes,PM10 (SM2005),2016-10,26.26,31
6953,Odolo v.Praes,PM10 (SM2005),2016-11,40.47,30
6953,Odolo v.Praes,PM10 (SM2005),2016-12,49.84,31
6953,Odolo v.Praes,PM10 (SM2005),2017-01,59.37,30
6953,Odolo v.Praes,PM10 (SM2005),2017-02,58.46,28
6953,Odolo v.Praes,PM10 (SM2005),2017-03,41.77,31
6953,Odolo v.Praes,PM10 (SM2005),2017-04,25.62,29
6953,Odolo v.Praes,PM10 (SM2005),2017-05,16.23,31
6953,Odolo v.Praes,PM10 (SM2005),2017-06,22.73,30
6953,Odolo v.Praes,PM10 (SM2005),2017-07,21.84,25
6953,Odolo v.Praes,PM10 (SM2005),2017-08,17.42,31
6953,Odolo v.Praes,PM10 (SM2005),2017-09,19.33,21
6953,Odolo v.Praes,PM10 (SM2005),2017-10,48.88,26
6953,Odolo v.Praes,PM10 (SM2005),2017-11,37.83,30
6953,Odolo v.Praes,PM10 (SM2005),2017-12,43.87,31
6953,Odolo v.Praes,PM10 (SM2005),2018-01,44.74,31
6953,Odolo v.Praes,PM10 (SM2005),2018-02,39.29,28
6953,Odolo v.Praes,PM10 (SM2005),2018-03,35.74,31
6953,Odolo v.Praes,PM10 (SM2005),2018-04,23.63,30
6953,Odolo v.Praes,PM10 (SM2005),2018-05,17.03,31
6953,Odolo v.Praes,PM10 (SM2005),2018-06,16.44,27
6953,Odolo v.Praes,PM10 (SM2005),2018-07,19.79,19
6953,Odolo v.Praes,PM10 (SM2005),2018-08,15.97,31
6953,Odolo v.Praes,PM10 (SM2005),2018-09,20.73,30
6953,Odolo v.Praes,PM10 (SM2005),2018-10,28.55,22
6953,Odolo v.Praes,PM10 (SM2005),2018-11,31.63,27
6953,Odolo v.Praes,PM10 (SM2005),2018-12,48.06,31
6953,Odolo v.Praes,PM10 (SM2005),2019-01,46.90,31
6953,Odolo v.Praes,PM10 (SM2005),2019-02,51.32,28
6953,Odolo v.Praes,PM10 (SM2005),2019-03,37.61,31
6953,Odolo v.Praes,PM10 (SM2005),2019-04,22.57,30
6953,Odolo v.Praes,PM10 (SM2005),2019-05,17.32,31
6953,Odolo v.Praes,PM10 (SM2005),2019-06,28.90,30
6953,Odolo v.Praes,PM10 (SM2005),2019-07,25.10,31
6953,Odolo v.Praes,PM10 (SM2005),2019-08,28.74,31
6953,Odolo v.Praes,PM10 (SM2005),2019-09,20.36,11
6953,Odolo v.Praes,PM10 (SM2005),2019-10,28.13,31
6953,Odolo v.Praes,PM10 (SM2005),2019-11,20.70,30
6953,Odolo v.Praes,PM10 (SM2005),2019-12,42.90,29
6953,Odolo v.Praes,PM10 (SM2005),2020-01,47.26,31
6953,Odolo v.Praes,PM10 (SM2005),2020-02,45.96,24
6953,Odolo v.Praes,PM10 (SM2005),2020-03,31.13,31
6953,Odolo v.Praes,PM10 (SM2005),2020-04,24.46,26
6953,Odolo v.Praes,PM10 (SM2005),2020-05,15.74,31
6953,Odolo v.Praes,PM10 (SM2005),2020-06,10.11,28
6953,Odolo v.Praes,PM10 (SM2005),2020-07,18.45,31
6953,Odolo v.Praes,PM10 (SM2005),2020-08,15.68,31
6953,Odolo v.Praes,PM10 (SM2005),2020-09,20.24,29
6953,Odolo v.Praes,PM10 (SM2005),2020-10,30.52,29
6953,Odolo v.Praes,PM10 (SM2005),2020-11,50.60,30
6953,Odolo v.Praes,PM10 (SM2005),2020-12,36.39,31
6953,Odolo v.Praes,PM10 (SM2005),2021-01,44.71,31
6953,Odolo v.Praes,PM10 (SM2005),2021-02,53.61,28
6953,Odolo v.Praes,PM10 (SM2005),2021-03,46.00,31
6953,Odolo v.Praes,PM10 (SM2005),2021-04,28.17,30
6953,Odolo v.Praes,PM10 (SM2005),2021-05,18.00,31
6953,Odolo v.Praes,PM10 (SM2005),2021-06,25.08,26
6953,Odolo v.Praes,PM10 (SM2005),2021-07,24.81,31
6953,Odolo v.Praes,PM10 (SM2005),2021-08,20.06,31
6953,Odolo v.Praes,PM10 (SM2005),2021-09,26.40,30
6953,Odolo v.Praes,PM10 (SM2005),2021-10,31.71,31
6953,Odolo v.Praes,PM10 (SM2005),2021-11,32.10,30
6953,Odolo v.Praes,PM10 (SM2005),2021-12,42.03,31
6953,Odolo v.Praes,PM10 (SM2005),2022-01,45.74,31
6953,Odolo v.Praes,PM10 (SM2005),2022-02,26.36,22
6953,Odolo v.Praes,PM10 (SM2005),2022-03,42.23,26
6953,Odolo v.Praes,PM10 (SM2005),2022-04,22.30,30
6953,Odolo v.Praes,PM10 (SM2005),2022-05,22.76,29
6953,Odolo v.Praes,PM10 (SM2005),2022-06,26.52,29
6953,Odolo v.Praes,PM10 (SM2005),2022-07,23.29,31
6953,Odolo v.Praes,PM10 (SM2005),2022-08,17.35,31
6953,Odolo v.Praes,PM10 (SM2005),2022-09,19.67,30
6953,Odolo v.Praes,PM10 (SM2005),2022-10,33.48,31
6953,Odolo v.Praes,PM10 (SM2005),2022-11,29.47,30
6953,Odolo v.Praes,PM10 (SM2005),2022-12,35.71,31
6953,Odolo v.Praes,PM10 (SM2005),2023-01,33.71,31
6953,Odolo v.Praes,PM10 (SM2005),2023-02,51.00,28
6953,Odolo v.Praes,PM10 (SM2005),2023-03,32.90,31
6953,Odolo v.Praes,PM10 (SM2005),2023-04,19.20,30
6953,Odolo v.Praes,PM10 (SM2005),2023-05,15.48,27
6953,Odolo v.Praes,PM10 (SM2005),2023-06,19.10,30
6953,Odolo v.Praes,PM10 (SM2005),2023-07,21.52,23
6953,Odolo v.Praes,PM10 (SM2005),2023-08,15.10,31
6953,Odolo v.Praes,PM10 (SM2005),2023-09,16.80,30
6953,Odolo v.Praes,PM10 (SM2005),2023-10,25.94,31
6953,Odolo v.Praes,PM10 (SM2005),2023-11,26.50,30
6953,Odolo v.Praes,PM10 (SM2005),2023-12,35.42,31
6953,Odolo v.Praes,PM10 (SM2005),2024-01,37.58,31
6953,Odolo v.Praes,PM10 (SM2005),2024-02,47.97,29
6953,Odolo v.Praes,PM10 (SM2005),2024-03,28.84,31
6953,Odolo v.Praes,PM10 (SM2005),2024-04,18.17,30
6953,Odolo v.Praes,PM10 (SM2005),2024-05,12.87,31
6953,Odolo v.Praes,PM10 (SM2005),2024-06,20.84,25
6953,Odolo v.Praes,PM10 (SM2005),2024-07,20.00,30
6953,Odolo v.Praes,PM10 (SM2005),2024-08,22.35,31
6953,Odolo v.Praes,PM10 (SM2005),2024-09,18.40,30
6953,Odolo v.Praes,PM10 (SM2005),2024-10,23.97,30
6953,Odolo v.Praes,PM10 (SM2005),2024-11,39.08,26
6953,Odolo v.Praes,PM10 (SM2005),2024-12,35.97,31
6953,Odolo v.Praes,PM10 (SM2005),2025-01,37.23,31
6953,Odolo v.Praes,PM10 (SM2005),2025-02,41.93,28
6953,Odolo v.Praes,PM10 (SM2005),2025-03,24.57,30
6953,Odolo v.Praes,PM10 (SM2005),2025-04,22.10,30
6953,Odolo v.Praes,PM10 (SM2005),2025-05,16.55,31
6953,Odolo v.Praes,PM10 (SM2005),2025-06,27.37,30
6953,Odolo v.Praes,PM10 (SM2005),2025-07,15.23,30
6953,Odolo v.Praes,PM10 (SM2005),2025-08,17.90,31
6953,Odolo v.Praes,PM10 (SM2005),2025-09,16.27,30
6953,Odolo v.Praes,PM10 (SM2005),2025-10,25.97,31
6953,Odolo v.Praes,PM10 (SM2005),2025-11,28.07,30
6953,Odolo v.Praes,PM10 (SM2005),2025-12,26.45,31
6953,Odolo v.Praes,PM10 (SM2005),2026-01,55.00,1
6954,Rezzato v.De Gasperi,PM10 (SM2005),2002-11,35.73,11
6954,Rezzato v.De Gasperi,PM10 (SM2005),2002-12,64.58,31
6954,Rezzato v.De Gasperi,PM10 (SM2005),2003-01,85.71,28
6954,Rezzato v.De Gasperi,PM10 (SM2005),2003-02,81.74,27
6954,Rezzato v.De Gasperi,PM10 (SM2005),2003-03,72.23,30
6954,Rezzato v.De Gasperi,PM10 (SM2005),2003-04,42.76,25
6954,Rezzato v.De Gasperi,PM10 (SM2005),2003-05,42.17,24
6954,Rezzato v.De Gasperi,PM10 (SM2005),2003-06,43.23,22
6954,Rezzato v.De Gasperi,PM10 (SM2005),2003-07,33.28,25
6954,Rezzato v.De Gasperi,PM10 (SM2005),2003-08,41.82,11
6954,Rezzato v.De Gasperi,PM10 (SM2005),2003-09,42.25,20
6954,Rezzato v.De Gasperi,PM10 (SM2005),2003-10,40.16,19
6954,Rezzato v.De Gasperi,PM10 (SM2005),2003-11,55.86,28
6954,Rezzato v.De Gasperi,PM10 (SM2005),2003-12,67.23,30
6954,Rezzato v.De Gasperi,PM10 (SM2005),2004-01,70.17,30
6954,Rezzato v.De Gasperi,PM10 (SM2005),2004-02,75.59,29
6954,Rezzato v.De Gasperi,PM10 (SM2005),2004-03,56.90,30
6954,Rezzato v.De Gasperi,PM10 (SM2005),2004-04,36.70,27
6954,Rezzato v.De Gasperi,PM10 (SM2005),2004-05,28.29,31
6954,Rezzato v.De Gasperi,PM10 (SM2005),2004-06,34.54,28
6954,Rezzato v.De Gasperi,PM10 (SM2005),2004-07,38.70,27
6954,Rezzato v.De Gasperi,PM10 (SM2005),2004-08,27.37,30
6954,Rezzato v.De Gasperi,PM10 (SM2005),2004-09,46.48,27
6954,Rezzato v.De Gasperi,PM10 (SM2005),2004-10,47.52,31
6954,Rezzato v.De Gasperi,PM10 (SM2005),2004-11,65.56,27
6954,Rezzato v.De Gasperi,PM10 (SM2005),2004-12,75.10,31
6954,Rezzato v.De Gasperi,PM10 (SM2005),2005-01,91.35,31
6954,Rezzato v.De Gasperi,PM10 (SM2005),2005-02,77.36,28
6954,Rezzato v.De Gasperi,PM10 (SM2005),2005-03,74.79,29
6954,Rezzato v.De Gasperi,PM10 (SM2005),2005-04,37.34,29
6954,Rezzato v.De Gasperi,PM10 (SM2005),2005-05,33.26,31
6954,Rezzato v.De Gasperi,PM10 (SM2005),2005-06,35.24,29
6954,Rezzato v.De Gasperi,PM10 (SM2005),2005-07,32.77,31
6954,Rezzato v.De Gasperi,PM10 (SM2005),2005-08,23.90,30
6954,Rezzato v.De Gasperi,PM10 (SM2005),2005-09,37.03,30
6954,Rezzato v.De Gasperi,PM10 (SM2005),2005-10,53.25,28
6954,Rezzato v.De Gasperi,PM10 (SM2005),2005-11,59.90,29
6954,Rezzato v.De Gasperi,PM10 (SM2005),2005-12,83.16,31
6954,Rezzato v.De Gasperi,PM10 (SM2005),2006-01,103.70,30
6954,Rezzato v.De Gasperi,PM10 (SM2005),2006-02,89.00,28
6954,Rezzato v.De Gasperi,PM10 (SM2005),2006-03,59.13,31
6954,Rezzato v.De Gasperi,PM10 (SM2005),2006-04,36.73,30
6954,Rezzato v.De Gasperi,PM10 (SM2005),2006-05,37.97,31
6954,Rezzato v.De Gasperi,PM10 (SM2005),2006-06,49.63,30
6954,Rezzato v.De Gasperi,PM10 (SM2005),2006-07,39.97,31
6954,Rezzato v.De Gasperi,PM10 (SM2005),2006-08,26.58,31
6954,Rezzato v.De Gasperi,PM10 (SM2005),2006-09,45.03,30
6954,Rezzato v.De Gasperi,PM10 (SM2005),2006-10,48.34,29
6954,Rezzato v.De Gasperi,PM10 (SM2005),2006-11,73.20,30
6954,Rezzato v.De Gasperi,PM10 (SM2005),2006-12,82.77,30
6954,Rezzato v.De Gasperi,PM10 (SM2005),2007-01,90.41,29
6954,Rezzato v.De Gasperi,PM10 (SM2005),2007-02,92.86,28
6954,Rezzato v.De Gasperi,PM10 (SM2005),2007-03,58.71,31
6954,Rezzato v.De Gasperi,PM10 (SM2005),2007-04,56.13,30
6954,Rezzato v.De Gasperi,PM10 (SM2005),2007-05,39.80,30
6954,Rezzato v.De Gasperi,PM10 (SM2005),2007-06,35.66,29
6954,Rezzato v.De Gasperi,PM10 (SM2005),2007-07,39.00,25
6954,Rezzato v.De Gasperi,PM10 (SM2005),2007-08,31.44,27
6954,Rezzato v.De Gasperi,PM10 (SM2005),2007-09,38.80,30
6954,Rezzato v.De Gasperi,PM10 (SM2005),2007-10,57.10,31
6954,Rezzato v.De Gasperi,PM10 (SM2005),2007-11,59.79,28
6954,Rezzato v.De Gasperi,PM10 (SM2005),2007-12,94.13,31
6954,Rezzato v.De Gasperi,PM10 (SM2005),2008-01,73.71,31
6954,Rezzato v.De Gasperi,PM10 (SM2005),2008-02,102.48,29
6954,Rezzato v.De Gasperi,PM10 (SM2005),2008-03,44.84,31
6954,Rezzato v.De Gasperi,PM10 (SM2005),2008-04,33.83,30
6954,Rezzato v.De Gasperi,PM10 (SM2005),2008-05,35.06,31
6954,Rezzato v.De Gasperi,PM10 (SM2005),2008-06,36.73,30
6954,Rezzato v.De Gasperi,PM10 (SM2005),2008-07,38.29,31
6954,Rezzato v.De Gasperi,PM10 (SM2005),2008-08,34.52,31
6954,Rezzato v.De Gasperi,PM10 (SM2005),2008-09,42.53,30
6954,Rezzato v.De Gasperi,PM10 (SM2005),2008-10,68.86,28
6954,Rezzato v.De Gasperi,PM10 (SM2005),2008-11,44.35,26
6954,Rezzato v.De Gasperi,PM10 (SM2005),2008-12,54.48,29
6954,Rezzato v.De Gasperi,PM10 (SM2005),2009-01,82.00,31
6954,Rezzato v.De Gasperi,PM10 (SM2005),2009-02,73.32,28
6954,Rezzato v.De Gasperi,PM10 (SM2005),2009-03,48.23,31
6954,Rezzato v.De Gasperi,PM10 (SM2005),2009-04,32.80,30
6954,Rezzato v.De Gasperi,PM10 (SM2005),2009-05,41.58,31
6954,Rezzato v.De Gasperi,PM10 (SM2005),2009-06,28.07,30
6954,Rezzato v.De Gasperi,PM10 (SM2005),2009-07,37.13,31
6954,Rezzato v.De Gasperi,PM10 (SM2005),2009-08,37.42,31
6954,Rezzato v.De Gasperi,PM10 (SM2005),2009-09,41.87,30
6954,Rezzato v.De Gasperi,PM10 (SM2005),2009-10,48.84,31
6954,Rezzato v.De Gasperi,PM10 (SM2005),2009-11,51.03,30
6954,Rezzato v.De Gasperi,PM10 (SM2005),2009-12,56.68,31
6954,Rezzato v.De Gasperi,PM10 (SM2005),2010-01,75.94,31
6954,Rezzato v.De Gasperi,PM10 (SM2005),2010-02,54.61,28
6954,Rezzato v.De Gasperi,PM10 (SM2005),2010-03,46.97,29
6954,Rezzato v.De Gasperi,PM10 (SM2005),2010-04,38.13,30
6954,Rezzato v.De Gasperi,PM10 (SM2005),2010-05,28.48,31
6954,Rezzato v.De Gasperi,PM10 (SM2005),2010-06,31.97,30
6954,Rezzato v.De Gasperi,PM10 (SM2005),2010-07,41.93,29
6954,Rezzato v.De Gasperi,PM10 (SM2005),2010-08,29.35,31
6954,Rezzato v.De Gasperi,PM10 (SM2005),2010-09,31.97,30
6954,Rezzato v.De Gasperi,PM10 (SM2005),2010-10,40.68,31
6954,Rezzato v.De Gasperi,PM10 (SM2005),2010-11,38.21,28
6954,Rezzato v.De Gasperi,PM10 (SM2005),2010-12,64.26,31
6954,Rezzato v.De Gasperi,PM10 (SM2005),2011-01,79.32,28
6954,Rezzato v.De Gasperi,PM10 (SM2005),2011-02,90.86,28
6954,Rezzato v.De Gasperi,PM10 (SM2005),2011-03,51.90,31
6954,Rezzato v.De Gasperi,PM10 (SM2005),2011-04,51.57,30
6954,Rezzato v.De Gasperi,PM10 (SM2005),2011-05,39.23,31
6954,Rezzato v.De Gasperi,PM10 (SM2005),2011-06,34.53,30
6954,Rezzato v.De Gasperi,PM10 (SM2005),2011-07,28.71,31
6954,Rezzato v.De Gasperi,PM10 (SM2005),2011-08,31.03,30
6954,Rezzato v.De Gasperi,PM10 (SM2005),2011-09,47.27,30
6954,Rezzato v.De Gasperi,PM10 (SM2005),2011-10,52.03,30
6954,Rezzato v.De Gasperi,PM10 (SM2005),2011-11,73.83,30
6954,Rezzato v.De Gasperi,PM10 (SM2005),2011-12,74.48,31
6954,Rezzato v.De Gasperi,PM10 (SM2005),2012-01,74.55,31
6954,Rezzato v.De Gasperi,PM10 (SM2005),2012-02,82.48,29
6954,Rezzato v.De Gasperi,PM10 (SM2005),2012-03,62.42,31
6954,Rezzato v.De Gasperi,PM10 (SM2005),2012-04,27.53,30
6954,Rezzato v.De Gasperi,PM10 (SM2005),2012-05,30.45,31
6954,Rezzato v.De Gasperi,PM10 (SM2005),2012-06,33.07,30
6954,Rezzato v.De Gasperi,PM10 (SM2005),2012-07,32.87,31
6954,Rezzato v.De Gasperi,PM10 (SM2005),2012-08,33.58,31
6954,Rezzato v.De Gasperi,PM10 (SM2005),2012-09,33.93,30
6954,Rezzato v.De Gasperi,PM10 (SM2005),2012-10,37.68,31
6954,Rezzato v.De Gasperi,PM10 (SM2005),2012-11,47.07,30
6954,Rezzato v.De Gasperi,PM10 (SM2005),2012-12,58.97,31
6954,Rezzato v.De Gasperi,PM10 (SM2005),2013-01,63.45,31
6954,Rezzato v.De Gasperi,PM10 (SM2005),2013-02,53.80,25
6954,Rezzato v.De Gasperi,PM10 (SM2005),2013-03,37.81,31
6954,Rezzato v.De Gasperi,PM10 (SM2005),2013-04,38.76,25
6954,Rezzato v.De Gasperi,PM10 (SM2005),2013-05,25.13,31
6954,Rezzato v.De Gasperi,PM10 (SM2005),2013-06,28.96,28
6954,Rezzato v.De Gasperi,PM10 (SM2005),2013-07,31.55,29
6954,Rezzato v.De Gasperi,PM10 (SM2005),2013-08,22.57,30
6954,Rezzato v.De Gasperi,PM10 (SM2005),2013-09,30.77,22
6954,Rezzato v.De Gasperi,PM10 (SM2005),2013-10,43.35,31
6954,Rezzato v.De Gasperi,PM10 (SM2005),2013-11,42.76,29
6954,Rezzato v.De Gasperi,PM10 (SM2005),2013-12,82.69,29
6954,Rezzato v.De Gasperi,PM10 (SM2005),2014-01,48.61,31
6954,Rezzato v.De Gasperi,PM10 (SM2005),2014-02,34.54,28
6954,Rezzato v.De Gasperi,PM10 (SM2005),2014-03,53.00,30
6954,Rezzato v.De Gasperi,PM10 (SM2005),2014-04,34.21,24
6954,Rezzato v.De Gasperi,PM10 (SM2005),2014-05,30.65,23
6954,Rezzato v.De Gasperi,PM10 (SM2005),2014-06,23.96,26
6954,Rezzato v.De Gasperi,PM10 (SM2005),2014-07,22.42,31
6954,Rezzato v.De Gasperi,PM10 (SM2005),2014-08,16.64,28
6954,Rezzato v.De Gasperi,PM10 (SM2005),2014-09,36.18,28
6954,Rezzato v.De Gasperi,PM10 (SM2005),2014-10,47.00,30
6954,Rezzato v.De Gasperi,PM10 (SM2005),2014-11,45.87,30
6954,Rezzato v.De Gasperi,PM10 (SM2005),2014-12,50.27,30
6954,Rezzato v.De Gasperi,PM10 (SM2005),2015-01,67.41,29
6954,Rezzato v.De Gasperi,PM10 (SM2005),2015-02,56.69,26
6954,Rezzato v.De Gasperi,PM10 (SM2005),2015-03,51.32,31
6954,Rezzato v.De Gasperi,PM10 (SM2005),2015-04,37.00,30
6954,Rezzato v.De Gasperi,PM10 (SM2005),2015-05,26.50,30
6954,Rezzato v.De Gasperi,PM10 (SM2005),2015-06,22.42,26
6954,Rezzato v.De Gasperi,PM10 (SM2005),2015-07,28.33,27
6954,Rezzato v.De Gasperi,PM10 (SM2005),2015-08,27.27,30
6954,Rezzato v.De Gasperi,PM10 (SM2005),2015-09,23.38,29
6954,Rezzato v.De Gasperi,PM10 (SM2005),2015-10,33.71,31
6954,Rezzato v.De Gasperi,PM10 (SM2005),2015-11,59.03,30
6954,Rezzato v.De Gasperi,PM10 (SM2005),2015-12,76.26,31
6954,Rezzato v.De Gasperi,PM10 (SM2005),2016-01,74.39,31
6954,Rezzato v.De Gasperi,PM10 (SM2005),2016-02,39.85,27
6954,Rezzato v.De Gasperi,PM10 (SM2005),2016-03,37.27,30
6954,Rezzato v.De Gasperi,PM10 (SM2005),2016-04,32.32,28
6954,Rezzato v.De Gasperi,PM10 (SM2005),2016-05,23.40,30
6954,Rezzato v.De Gasperi,PM10 (SM2005),2016-06,18.88,25
6954,Rezzato v.De Gasperi,PM10 (SM2005),2016-07,27.15,27
6954,Rezzato v.De Gasperi,PM10 (SM2005),2016-08,17.33,30
6954,Rezzato v.De Gasperi,PM10 (SM2005),2016-09,33.10,30
6954,Rezzato v.De Gasperi,PM10 (SM2005),2016-10,32.83,30
6954,Rezzato v.De Gasperi,PM10 (SM2005),2016-11,52.20,30
6954,Rezzato v.De Gasperi,PM10 (SM2005),2016-12,79.97,29
6954,Rezzato v.De Gasperi,PM10 (SM2005),2017-01,75.48,21
6954,Rezzato v.De Gasperi,PM10 (SM2005),2017-02,66.43,28
6954,Rezzato v.De Gasperi,PM10 (SM2005),2017-03,52.32,31
6954,Rezzato v.De Gasperi,PM10 (SM2005),2017-04,31.93,30
6954,Rezzato v.De Gasperi,PM10 (SM2005),2017-05,19.83,30
6954,Rezzato v.De Gasperi,PM10 (SM2005),2017-06,24.43,30
6954,Rezzato v.De Gasperi,PM10 (SM2005),2017-07,19.45,31
6954,Rezzato v.De Gasperi,PM10 (SM2005),2017-08,23.87,31
6954,Rezzato v.De Gasperi,PM10 (SM2005),2017-09,23.87,30
6954,Rezzato v.De Gasperi,PM10 (SM2005),2017-10,66.48,31
6954,Rezzato v.De Gasperi,PM10 (SM2005),2017-11,57.54,28
6954,Rezzato v.De Gasperi,PM10 (SM2005),2017-12,59.55,29
6954,Rezzato v.De Gasperi,PM10 (SM2005),2018-01,57.03,31
6954,Rezzato v.De Gasperi,PM10 (SM2005),2018-02,46.04,28
6954,Rezzato v.De Gasperi,PM10 (SM2005),2018-03,43.48,31
6954,Rezzato v.De Gasperi,PM10 (SM2005),2018-04,32.90,30
6954,Rezzato v.De Gasperi,PM10 (SM2005),2018-05,25.25,28
6954,Rezzato v.De Gasperi,PM10 (SM2005),2018-06,25.97,30
6954,Rezzato v.De Gasperi,PM10 (SM2005),2018-07,29.03,31
6954,Rezzato v.De Gasperi,PM10 (SM2005),2018-08,30.30,27
6954,Rezzato v.De Gasperi,PM10 (SM2005),2018-09,41.13,30
6954,Rezzato v.De Gasperi,PM10 (SM2005),2018-10,43.87,31
6954,Rezzato v.De Gasperi,PM10 (SM2005),2018-11,40.53,30
6954,Rezzato v.De Gasperi,PM10 (SM2005),2018-12,62.94,31
6954,Rezzato v.De Gasperi,PM10 (SM2005),2019-01,60.48,31
6954,Rezzato v.De Gasperi,PM10 (SM2005),2019-02,74.88,26
6954,Rezzato v.De Gasperi,PM10 (SM2005),2019-03,45.65,31
6954,Rezzato v.De Gasperi,PM10 (SM2005),2019-04,31.71,17
6954,Rezzato v.De Gasperi,PM10 (SM2005),2019-05,19.68,25
6954,Rezzato v.De Gasperi,PM10 (SM2005),2019-06,30.67,30
6954,Rezzato v.De Gasperi,PM10 (SM2005),2019-07,25.90,31
6954,Rezzato v.De Gasperi,PM10 (SM2005),2019-08,20.42,31
6954,Rezzato v.De Gasperi,PM10 (SM2005),2019-09,30.83,30
6954,Rezzato v.De Gasperi,PM10 (SM2005),2019-10,34.55,31
6954,Rezzato v.De Gasperi,PM10 (SM2005),2019-11,21.77,22
6954,Rezzato v.De Gasperi,PM10 (SM2005),2019-12,46.32,31
6954,Rezzato v.De Gasperi,PM10 (SM2005),2020-01,71.55,31
6954,Rezzato v.De Gasperi,PM10 (SM2005),2020-02,52.72,29
6954,Rezzato v.De Gasperi,PM10 (SM2005),2020-03,37.10,31
6954,Rezzato v.De Gasperi,PM10 (SM2005),2020-04,26.57,30
6954,Rezzato v.De Gasperi,PM10 (SM2005),2020-05,18.52,31
6954,Rezzato v.De Gasperi,PM10 (SM2005),2020-06,15.53,30
6954,Rezzato v.De Gasperi,PM10 (SM2005),2020-07,21.00,31
6954,Rezzato v.De Gasperi,PM10 (SM2005),2020-08,21.74,31
6954,Rezzato v.De Gasperi,PM10 (SM2005),2020-09,29.41,29
6954,Rezzato v.De Gasperi,PM10 (SM2005),2020-10,37.94,31
6954,Rezzato v.De Gasperi,PM10 (SM2005),2020-11,73.43,30
6954,Rezzato v.De Gasperi,PM10 (SM2005),2020-12,41.03,30
6954,Rezzato v.De Gasperi,PM10 (SM2005),2021-01,49.52,31
6954,Rezzato v.De Gasperi,PM10 (SM2005),2021-02,62.96,28
6954,Rezzato v.De Gasperi,PM10 (SM2005),2021-03,52.90,31
6954,Rezzato v.De Gasperi,PM10 (SM2005),2021-04,30.60,30
6954,Rezzato v.De Gasperi,PM10 (SM2005),2021-05,15.52,31
6954,Rezzato v.De Gasperi,PM10 (SM2005),2021-06,34.13,30
6954,Rezzato v.De Gasperi,PM10 (SM2005),2021-07,25.74,31
6954,Rezzato v.De Gasperi,PM10 (SM2005),2021-08,21.61,31
6954,Rezzato v.De Gasperi,PM10 (SM2005),2021-09,27.83,29
6954,Rezzato v.De Gasperi,PM10 (SM2005),2021-10,44.07,29
6954,Rezzato v.De Gasperi,PM10 (SM2005),2021-11,35.80,30
6954,Rezzato v.De Gasperi,PM10 (SM2005),2021-12,54.29,31
6954,Rezzato v.De Gasperi,PM10 (SM2005),2022-01,68.68,31
6954,Rezzato v.De Gasperi,PM10 (SM2005),2022-02,63.39,28
6954,Rezzato v.De Gasperi,PM10 (SM2005),2022-03,57.68,31
6954,Rezzato v.De Gasperi,PM10 (SM2005),2022-04,25.70,30
6954,Rezzato v.De Gasperi,PM10 (SM2005),2022-05,29.68,31
6954,Rezzato v.De Gasperi,PM10 (SM2005),2022-06,27.60,30
6954,Rezzato v.De Gasperi,PM10 (SM2005),2022-07,23.39,31
6954,Rezzato v.De Gasperi,PM10 (SM2005),2022-08,18.52,31
6954,Rezzato v.De Gasperi,PM10 (SM2005),2022-09,21.67,30
6954,Rezzato v.De Gasperi,PM10 (SM2005),2022-10,47.87,31
6954,Rezzato v.De Gasperi,PM10 (SM2005),2022-11,38.23,30
6954,Rezzato v.De Gasperi,PM10 (SM2005),2022-12,46.48,31
6954,Rezzato v.De Gasperi,PM10 (SM2005),2023-01,44.13,30
6954,Rezzato v.De Gasperi,PM10 (SM2005),2023-02,72.54,28
6954,Rezzato v.De Gasperi,PM10 (SM2005),2023-03,40.19,31
6954,Rezzato v.De Gasperi,PM10 (SM2005),2023-04,20.80,30
6954,Rezzato v.De Gasperi,PM10 (SM2005),2023-05,18.13,31
6954,Rezzato v.De Gasperi,PM10 (SM2005),2023-06,23.97,30
6954,Rezzato v.De Gasperi,PM10 (SM2005),2023-07,19.19,31
6954,Rezzato v.De Gasperi,PM10 (SM2005),2023-08,20.06,31
6954,Rezzato v.De Gasperi,PM10 (SM2005),2023-09,29.70,30
6954,Rezzato v.De Gasperi,PM10 (SM2005),2023-10,38.65,31
6954,Rezzato v.De Gasperi,PM10 (SM2005),2023-11,36.11,28
6954,Rezzato v.De Gasperi,PM10 (SM2005),2023-12,47.79,29
6954,Rezzato v.De Gasperi,PM10 (SM2005),2024-01,56.66,29
6954,Rezzato v.De Gasperi,PM10 (SM2005),2024-02,62.52,29
6954,Rezzato v.De Gasperi,PM10 (SM2005),2024-03,33.50,30
6954,Rezzato v.De Gasperi,PM10 (SM2005),2024-04,23.00,29
6954,Rezzato v.De Gasperi,PM10 (SM2005),2024-05,15.55,31
6954,Rezzato v.De Gasperi,PM10 (SM2005),2024-06,22.60,30
6954,Rezzato v.De Gasperi,PM10 (SM2005),2024-07,21.23,31
6954,Rezzato v.De Gasperi,PM10 (SM2005),2024-08,23.70,30
6954,Rezzato v.De Gasperi,PM10 (SM2005),2024-09,18.93,30
6954,Rezzato v.De Gasperi,PM10 (SM2005),2024-10,21.35,31
6954,Rezzato v.De Gasperi,PM10 (SM2005),2024-11,49.00,30
6954,Rezzato v.De Gasperi,PM10 (SM2005),2024-12,52.07,30
6954,Rezzato v.De Gasperi,PM10 (SM2005),2025-01,47.48,29
6954,Rezzato v.De Gasperi,PM10 (SM2005),2025-02,54.36,28
6954,Rezzato v.De Gasperi,PM10 (SM2005),2025-03,34.23,31
6954,Rezzato v.De Gasperi,PM10 (SM2005),2025-04,28.27,30
6954,Rezzato v.De Gasperi,PM10 (SM2005),2025-05,18.71,31
6954,Rezzato v.De Gasperi,PM10 (SM2005),2025-06,30.93,29
6954,Rezzato v.De Gasperi,PM10 (SM2005),2025-07,17.42,31
6954,Rezzato v.De Gasperi,PM10 (SM2005),2025-08,18.00,31
6954,Rezzato v.De Gasperi,PM10 (SM2005),2025-09,21.10,30
6954,Rezzato v.De Gasperi,PM10 (SM2005),2025-10,36.39,31
6954,Rezzato v.De Gasperi,PM10 (SM2005),2025-11,45.40,30
6954,Rezzato v.De Gasperi,PM10 (SM2005),2025-12,46.42,31
6954,Rezzato v.De Gasperi,PM10 (SM2005),2026-01,91.00,1
6966,Brescia Villaggio Sereno,Biossido di Zolfo,2004-11,7.42,94
6966,Brescia Villaggio Sereno,Biossido di Zolfo,2004-12,11.18,728
6966,Brescia Villaggio Sereno,Biossido di Zolfo,2005-01,11.47,693
6966,Brescia Villaggio Sereno,Biossido di Zolfo,2005-02,9.37,557
6966,Brescia Villaggio Sereno,Biossido di Zolfo,2005-03,9.31,609
6966,Brescia Villaggio Sereno,Biossido di Zolfo,2005-04,6.49,718
6966,Brescia Villaggio Sereno,Biossido di Zolfo,2005-05,5.95,581
6966,Brescia Villaggio Sereno,Biossido di Zolfo,2005-06,8.56,604
6966,Brescia Villaggio Sereno,Biossido di Zolfo,2005-07,8.54,703
6966,Brescia Villaggio Sereno,Biossido di Zolfo,2005-08,8.42,648
6966,Brescia Villaggio Sereno,Biossido di Zolfo,2005-09,7.26,642
6966,Brescia Villaggio Sereno,Biossido di Zolfo,2005-10,8.92,654
6966,Brescia Villaggio Sereno,Biossido di Zolfo,2005-11,10.70,717
6966,Brescia Villaggio Sereno,Biossido di Zolfo,2005-12,16.10,657
6966,Brescia Villaggio Sereno,Biossido di Zolfo,2006-01,18.38,703
6966,Brescia Villaggio Sereno,Biossido di Zolfo,2006-02,6.69,639
6966,Brescia Villaggio Sereno,Biossido di Zolfo,2006-03,7.42,606
6966,Brescia Villaggio Sereno,Biossido di Zolfo,2006-04,15.56,633
6966,Brescia Villaggio Sereno,Biossido di Zolfo,2006-05,13.16,742
6966,Brescia Villaggio Sereno,Biossido di Zolfo,2006-06,10.94,718
6966,Brescia Villaggio Sereno,Biossido di Zolfo,2006-07,6.94,670
6966,Brescia Villaggio Sereno,Biossido di Zolfo,2006-08,5.45,719
6966,Brescia Villaggio Sereno,Biossido di Zolfo,2006-09,7.20,694
6966,Brescia Villaggio Sereno,Biossido di Zolfo,2006-10,8.28,740
6966,Brescia Villaggio Sereno,Biossido di Zolfo,2006-11,13.85,720
6966,Brescia Villaggio Sereno,Biossido di Zolfo,2006-12,16.21,741
6966,Brescia Villaggio Sereno,Biossido di Zolfo,2007-01,12.73,729
6966,Brescia Villaggio Sereno,Biossido di Zolfo,2007-02,11.91,609
6966,Brescia Villaggio Sereno,Biossido di Zolfo,2007-03,6.88,701
6966,Brescia Villaggio Sereno,Biossido di Zolfo,2007-04,9.05,589
6966,Brescia Villaggio Sereno,Biossido di Zolfo,2007-05,5.11,727
6966,Brescia Villaggio Sereno,Biossido di Zolfo,2007-06,4.65,715
6966,Brescia Villaggio Sereno,Biossido di Zolfo,2007-07,5.06,744
6966,Brescia Villaggio Sereno,Biossido di Zolfo,2007-08,4.65,725
6966,Brescia Villaggio Sereno,Biossido di Zolfo,2007-09,6.25,717
6966,Brescia Villaggio Sereno,Biossido di Zolfo,2007-10,6.11,730
6966,Brescia Villaggio Sereno,Biossido di Zolfo,2007-11,7.19,720
6966,Brescia Villaggio Sereno,Biossido di Zolfo,2007-12,8.77,739
6966,Brescia Villaggio Sereno,Biossido di Zolfo,2008-01,7.33,735
6966,Brescia Villaggio Sereno,Biossido di Zolfo,2008-02,5.69,696
6966,Brescia Villaggio Sereno,Biossido di Zolfo,2008-03,6.00,744
6966,Brescia Villaggio Sereno,Biossido di Zolfo,2008-04,5.43,719
6966,Brescia Villaggio Sereno,Biossido di Zolfo,2008-05,4.96,744
6966,Brescia Villaggio Sereno,Biossido di Zolfo,2008-06,4.88,720
6966,Brescia Villaggio Sereno,Biossido di Zolfo,2008-07,7.65,744
6966,Brescia Villaggio Sereno,Biossido di Zolfo,2008-08,7.76,744
6966,Brescia Villaggio Sereno,Biossido di Zolfo,2008-09,10.48,720
6966,Brescia Villaggio Sereno,Biossido di Zolfo,2008-10,11.74,743
6966,Brescia Villaggio Sereno,Biossido di Zolfo,2008-11,11.75,708
6966,Brescia Villaggio Sereno,Biossido di Zolfo,2008-12,13.45,710
6966,Brescia Villaggio Sereno,Biossido di Zolfo,2009-01,13.06,744
6966,Brescia Villaggio Sereno,Biossido di Zolfo,2009-02,12.09,671
6966,Brescia Villaggio Sereno,Biossido di Zolfo,2009-03,10.01,720
6966,Brescia Villaggio Sereno,Biossido di Zolfo,2009-04,7.09,720
6966,Brescia Villaggio Sereno,Biossido di Zolfo,2009-05,10.12,734
6966,Brescia Villaggio Sereno,Biossido di Zolfo,2009-06,9.64,720
6966,Brescia Villaggio Sereno,Biossido di Zolfo,2009-07,8.08,744
6966,Brescia Villaggio Sereno,Biossido di Zolfo,2009-08,6.75,743
6966,Brescia Villaggio Sereno,Biossido di Zolfo,2009-09,6.92,717
6966,Brescia Villaggio Sereno,Biossido di Zolfo,2009-10,6.84,744
6966,Brescia Villaggio Sereno,Biossido di Zolfo,2009-11,6.18,717
6966,Brescia Villaggio Sereno,Biossido di Zolfo,2009-12,6.65,739
6966,Brescia Villaggio Sereno,Biossido di Zolfo,2010-01,6.87,741
6966,Brescia Villaggio Sereno,Biossido di Zolfo,2010-02,7.90,632
6966,Brescia Villaggio Sereno,Biossido di Zolfo,2010-03,8.91,739
6966,Brescia Villaggio Sereno,Biossido di Zolfo,2010-04,7.94,718
6966,Brescia Villaggio Sereno,Biossido di Zolfo,2010-05,6.85,744
6966,Brescia Villaggio Sereno,Biossido di Zolfo,2010-06,8.82,719
6966,Brescia Villaggio Sereno,Biossido di Zolfo,2010-07,5.78,742
6966,Brescia Villaggio Sereno,Biossido di Zolfo,2010-08,6.77,744
6966,Brescia Villaggio Sereno,Biossido di Zolfo,2010-09,6.19,713
6966,Brescia Villaggio Sereno,Biossido di Zolfo,2010-10,8.31,724
6966,Brescia Villaggio Sereno,Biossido di Zolfo,2010-11,7.88,694
6966,Brescia Villaggio Sereno,Biossido di Zolfo,2010-12,7.81,692
6966,Brescia Villaggio Sereno,Biossido di Zolfo,2011-01,10.27,741
6966,Brescia Villaggio Sereno,Biossido di Zolfo,2011-02,9.93,669
6966,Brescia Villaggio Sereno,Biossido di Zolfo,2011-03,8.35,673
6966,Brescia Villaggio Sereno,Biossido di Zolfo,2011-04,5.71,720
6966,Brescia Villaggio Sereno,Biossido di Zolfo,2011-05,4.89,697
6966,Brescia Villaggio Sereno,Biossido di Zolfo,2011-06,5.42,704
6966,Brescia Villaggio Sereno,Biossido di Zolfo,2011-07,5.99,607
6966,Brescia Villaggio Sereno,Biossido di Zolfo,2011-08,3.67,725
6966,Brescia Villaggio Sereno,Biossido di Zolfo,2011-09,5.46,698
6966,Brescia Villaggio Sereno,Biossido di Zolfo,2011-10,5.13,731
6966,Brescia Villaggio Sereno,Biossido di Zolfo,2011-11,8.48,508
6966,Brescia Villaggio Sereno,Biossido di Zolfo,2011-12,6.04,684
6966,Brescia Villaggio Sereno,Biossido di Zolfo,2012-01,8.18,741
6966,Brescia Villaggio Sereno,Biossido di Zolfo,2012-02,8.85,634
6966,Brescia Villaggio Sereno,Biossido di Zolfo,2012-03,7.25,719
6966,Brescia Villaggio Sereno,Biossido di Zolfo,2012-04,6.96,657
6966,Brescia Villaggio Sereno,Biossido di Zolfo,2012-05,3.23,726
6966,Brescia Villaggio Sereno,Biossido di Zolfo,2012-06,2.51,697
6966,Brescia Villaggio Sereno,Biossido di Zolfo,2012-07,3.17,718
6966,Brescia Villaggio Sereno,Biossido di Zolfo,2012-08,3.98,396
6966,Brescia Villaggio Sereno,Biossido di Zolfo,2012-09,6.84,552
6966,Brescia Villaggio Sereno,Biossido di Zolfo,2012-10,3.85,728
6966,Brescia Villaggio Sereno,Biossido di Zolfo,2012-11,4.96,716
6966,Brescia Villaggio Sereno,Biossido di Zolfo,2012-12,4.78,738
6966,Brescia Villaggio Sereno,Biossido di Zolfo,2013-01,5.34,686
6966,Brescia Villaggio Sereno,Biossido di Zolfo,2013-02,3.79,634
6966,Brescia Villaggio Sereno,Biossido di Zolfo,2013-03,3.56,712
6966,Brescia Villaggio Sereno,Biossido di Zolfo,2013-04,3.22,674
6966,Brescia Villaggio Sereno,Biossido di Zolfo,2013-05,5.41,697
6966,Brescia Villaggio Sereno,Biossido di Zolfo,2013-06,2.12,587
6966,Brescia Villaggio Sereno,Biossido di Zolfo,2013-07,6.43,630
6966,Brescia Villaggio Sereno,Biossido di Zolfo,2013-08,2.41,696
6966,Brescia Villaggio Sereno,Biossido di Zolfo,2013-09,2.79,691
6966,Brescia Villaggio Sereno,Biossido di Zolfo,2013-10,2.06,719
6966,Brescia Villaggio Sereno,Biossido di Zolfo,2013-11,3.16,624
6966,Brescia Villaggio Sereno,Biossido di Zolfo,2013-12,5.69,622
6966,Brescia Villaggio Sereno,Biossido di Zolfo,2014-01,2.01,487
6966,Brescia Villaggio Sereno,Biossido di Zolfo,2014-02,3.60,459
6966,Brescia Villaggio Sereno,Biossido di Zolfo,2014-03,3.40,612
6966,Brescia Villaggio Sereno,Biossido di Zolfo,2014-04,4.18,718
6966,Brescia Villaggio Sereno,Biossido di Zolfo,2014-05,2.70,623
6966,Brescia Villaggio Sereno,Biossido di Zolfo,2014-06,2.98,640
6966,Brescia Villaggio Sereno,Biossido di Zolfo,2014-07,1.60,663
6966,Brescia Villaggio Sereno,Biossido di Zolfo,2014-08,2.39,740
6966,Brescia Villaggio Sereno,Biossido di Zolfo,2014-09,3.19,660
6966,Brescia Villaggio Sereno,Biossido di Zolfo,2014-10,3.87,737
6966,Brescia Villaggio Sereno,Biossido di Zolfo,2014-11,4.86,681
6966,Brescia Villaggio Sereno,Biossido di Zolfo,2014-12,5.29,716
6966,Brescia Villaggio Sereno,Biossido di Zolfo,2015-01,5.11,710
6966,Brescia Villaggio Sereno,Biossido di Zolfo,2015-02,3.43,597
6966,Brescia Villaggio Sereno,Biossido di Zolfo,2015-03,3.17,662
6966,Brescia Villaggio Sereno,Biossido di Zolfo,2015-04,3.89,711
6966,Brescia Villaggio Sereno,Biossido di Zolfo,2015-05,4.23,721
6966,Brescia Villaggio Sereno,Biossido di Zolfo,2015-06,5.86,698
6966,Brescia Villaggio Sereno,Biossido di Zolfo,2015-07,5.07,690
6966,Brescia Villaggio Sereno,Biossido di Zolfo,2015-08,3.18,744
6966,Brescia Villaggio Sereno,Biossido di Zolfo,2015-09,3.80,719
6966,Brescia Villaggio Sereno,Biossido di Zolfo,2015-10,2.70,629
6966,Brescia Villaggio Sereno,Biossido di Zolfo,2015-11,5.39,703
6966,Brescia Villaggio Sereno,Biossido di Zolfo,2015-12,4.84,744
6966,Brescia Villaggio Sereno,Biossido di Zolfo,2016-01,6.13,655
6966,Brescia Villaggio Sereno,Biossido di Zolfo,2016-02,3.56,649
6966,Brescia Villaggio Sereno,Biossido di Zolfo,2016-03,2.94,651
6966,Brescia Villaggio Sereno,Biossido di Zolfo,2016-04,6.56,676
6966,Brescia Villaggio Sereno,Biossido di Zolfo,2016-05,3.53,601
6966,Brescia Villaggio Sereno,Biossido di Zolfo,2016-06,3.55,644
6966,Brescia Villaggio Sereno,Biossido di Zolfo,2016-07,1.76,217
6966,Brescia Villaggio Sereno,Biossido di Zolfo,2016-08,0.26,203
6966,Brescia Villaggio Sereno,Biossido di Zolfo,2016-09,0.93,663
6966,Brescia Villaggio Sereno,Biossido di Zolfo,2016-10,1.92,546
6966,Brescia Villaggio Sereno,Biossido di Zolfo,2016-11,3.28,718
6966,Brescia Villaggio Sereno,Biossido di Zolfo,2016-12,5.18,722
6966,Brescia Villaggio Sereno,Biossido di Zolfo,2017-01,5.15,598
6966,Brescia Villaggio Sereno,Biossido di Zolfo,2017-02,4.05,662
6966,Brescia Villaggio Sereno,Biossido di Zolfo,2017-03,2.47,744
6966,Brescia Villaggio Sereno,Biossido di Zolfo,2017-04,7.87,654
6966,Brescia Villaggio Sereno,Biossido di Zolfo,2017-05,5.41,721
6966,Brescia Villaggio Sereno,Biossido di Zolfo,2017-06,3.09,601
6966,Brescia Villaggio Sereno,Biossido di Zolfo,2017-07,1.96,658
6966,Brescia Villaggio Sereno,Biossido di Zolfo,2017-08,3.12,612
6966,Brescia Villaggio Sereno,Biossido di Zolfo,2017-09,1.94,596
6966,Brescia Villaggio Sereno,Biossido di Zolfo,2017-10,3.48,658
6966,Brescia Villaggio Sereno,Biossido di Zolfo,2017-11,3.95,641
6966,Brescia Villaggio Sereno,Biossido di Zolfo,2017-12,1.99,471
6966,Brescia Villaggio Sereno,Biossido di Zolfo,2018-01,1.67,661
6966,Brescia Villaggio Sereno,Biossido di Zolfo,2018-02,2.18,541
6966,Brescia Villaggio Sereno,Biossido di Zolfo,2018-03,3.41,650
6966,Brescia Villaggio Sereno,Biossido di Zolfo,2018-04,5.55,659
6966,Brescia Villaggio Sereno,Biossido di Zolfo,2018-05,1.36,632
6966,Brescia Villaggio Sereno,Biossido di Zolfo,2018-06,3.09,700
6966,Brescia Villaggio Sereno,Biossido di Zolfo,2018-07,3.21,695
6966,Brescia Villaggio Sereno,Biossido di Zolfo,2018-08,3.96,741
6966,Brescia Villaggio Sereno,Biossido di Zolfo,2018-09,1.73,718
6966,Brescia Villaggio Sereno,Biossido di Zolfo,2018-10,3.86,707
6966,Brescia Villaggio Sereno,Biossido di Zolfo,2018-11,3.54,646
6966,Brescia Villaggio Sereno,Biossido di Zolfo,2018-12,2.36,724
6966,Brescia Villaggio Sereno,Biossido di Zolfo,2019-01,4.08,662
6966,Brescia Villaggio Sereno,Biossido di Zolfo,2019-02,3.72,639
6966,Brescia Villaggio Sereno,Biossido di Zolfo,2019-03,4.90,543
6966,Brescia Villaggio Sereno,Biossido di Zolfo,2019-04,1.20,694
6966,Brescia Villaggio Sereno,Biossido di Zolfo,2019-05,2.18,635
6966,Brescia Villaggio Sereno,Biossido di Zolfo,2019-06,3.23,690
6966,Brescia Villaggio Sereno,Biossido di Zolfo,2019-07,3.45,724
6966,Brescia Villaggio Sereno,Biossido di Zolfo,2019-08,3.86,673
6966,Brescia Villaggio Sereno,Biossido di Zolfo,2019-09,1.97,473
6966,Brescia Villaggio Sereno,Biossido di Zolfo,2019-10,2.30,319
6966,Brescia Villaggio Sereno,Biossido di Zolfo,2019-11,2.26,448
6966,Brescia Villaggio Sereno,Biossido di Zolfo,2019-12,1.09,549
6966,Brescia Villaggio Sereno,Biossido di Zolfo,2020-01,0.95,665
6966,Brescia Villaggio Sereno,Biossido di Zolfo,2020-02,1.00,624
6966,Brescia Villaggio Sereno,Biossido di Zolfo,2020-03,0.88,706
6966,Brescia Villaggio Sereno,Biossido di Zolfo,2020-04,2.56,631
6966,Brescia Villaggio Sereno,Biossido di Zolfo,2020-05,2.19,744
6966,Brescia Villaggio Sereno,Biossido di Zolfo,2020-06,1.82,410
6966,Brescia Villaggio Sereno,Biossido di Zolfo,2020-07,1.87,552
6966,Brescia Villaggio Sereno,Biossido di Zolfo,2020-08,2.49,668
6966,Brescia Villaggio Sereno,Biossido di Zolfo,2020-09,1.24,438
6966,Brescia Villaggio Sereno,Biossido di Zolfo,2020-10,3.07,488
6966,Brescia Villaggio Sereno,Biossido di Zolfo,2020-11,4.76,670
6966,Brescia Villaggio Sereno,Biossido di Zolfo,2020-12,5.57,687
6966,Brescia Villaggio Sereno,Biossido di Zolfo,2021-01,5.29,677
6966,Brescia Villaggio Sereno,Biossido di Zolfo,2021-02,3.38,672
6966,Brescia Villaggio Sereno,Biossido di Zolfo,2021-03,2.92,715
6966,Brescia Villaggio Sereno,Biossido di Zolfo,2021-04,2.88,652
6966,Brescia Villaggio Sereno,Biossido di Zolfo,2021-05,2.58,742
6966,Brescia Villaggio Sereno,Biossido di Zolfo,2021-06,2.86,696
6966,Brescia Villaggio Sereno,Biossido di Zolfo,2021-07,3.66,645
6966,Brescia Villaggio Sereno,Biossido di Zolfo,2021-08,2.55,721
6966,Brescia Villaggio Sereno,Biossido di Zolfo,2021-09,3.22,694
6966,Brescia Villaggio Sereno,Biossido di Zolfo,2021-10,5.19,635
6966,Brescia Villaggio Sereno,Biossido di Zolfo,2021-11,2.74,493
6966,Brescia Villaggio Sereno,Biossido di Zolfo,2021-12,3.85,631
6966,Brescia Villaggio Sereno,Biossido di Zolfo,2022-01,4.95,597
6966,Brescia Villaggio Sereno,Biossido di Zolfo,2022-02,4.20,597
6966,Brescia Villaggio Sereno,Biossido di Zolfo,2022-03,3.58,695
6966,Brescia Villaggio Sereno,Biossido di Zolfo,2022-04,3.74,718
6966,Brescia Villaggio Sereno,Biossido di Zolfo,2022-05,4.30,679
6966,Brescia Villaggio Sereno,Biossido di Zolfo,2022-06,4.24,713
6966,Brescia Villaggio Sereno,Biossido di Zolfo,2022-07,2.29,688
6966,Brescia Villaggio Sereno,Biossido di Zolfo,2022-08,2.55,621
6966,Brescia Villaggio Sereno,Biossido di Zolfo,2022-09,2.49,661
6966,Brescia Villaggio Sereno,Biossido di Zolfo,2022-10,3.76,687
6966,Brescia Villaggio Sereno,Biossido di Zolfo,2022-11,4.79,651
6966,Brescia Villaggio Sereno,Biossido di Zolfo,2022-12,4.31,486
6966,Brescia Villaggio Sereno,Biossido di Zolfo,2023-01,2.53,668
6966,Brescia Villaggio Sereno,Biossido di Zolfo,2023-02,4.60,525
6966,Brescia Villaggio Sereno,Biossido di Zolfo,2023-03,0.90,684
6966,Brescia Villaggio Sereno,Biossido di Zolfo,2023-04,1.16,539
6966,Brescia Villaggio Sereno,Biossido di Zolfo,2023-05,1.66,721
6966,Brescia Villaggio Sereno,Biossido di Zolfo,2023-06,1.73,714
6966,Brescia Villaggio Sereno,Biossido di Zolfo,2023-07,1.47,610
6966,Brescia Villaggio Sereno,Biossido di Zolfo,2023-08,1.87,666
6966,Brescia Villaggio Sereno,Biossido di Zolfo,2023-09,1.40,565
6966,Brescia Villaggio Sereno,Biossido di Zolfo,2023-10,1.62,694
6966,Brescia Villaggio Sereno,Biossido di Zolfo,2023-11,2.88,524
6966,Brescia Villaggio Sereno,Biossido di Zolfo,2023-12,3.54,570
6966,Brescia Villaggio Sereno,Biossido di Zolfo,2024-01,3.36,729
6966,Brescia Villaggio Sereno,Biossido di Zolfo,2024-02,4.81,642
6966,Brescia Villaggio Sereno,Biossido di Zolfo,2024-03,3.72,674
6966,Brescia Villaggio Sereno,Biossido di Zolfo,2024-04,3.39,612
6966,Brescia Villaggio Sereno,Biossido di Zolfo,2024-05,1.59,742
6966,Brescia Villaggio Sereno,Biossido di Zolfo,2024-06,1.94,681
6966,Brescia Villaggio Sereno,Biossido di Zolfo,2024-07,2.08,742
6966,Brescia Villaggio Sereno,Biossido di Zolfo,2024-08,1.94,634
6966,Brescia Villaggio Sereno,Biossido di Zolfo,2024-09,2.89,719
6966,Brescia Villaggio Sereno,Biossido di Zolfo,2024-10,3.08,741
6966,Brescia Villaggio Sereno,Biossido di Zolfo,2024-11,3.47,647
6966,Brescia Villaggio Sereno,Biossido di Zolfo,2024-12,3.44,710
6966,Brescia Villaggio Sereno,Biossido di Zolfo,2025-01,2.09,739
6966,Brescia Villaggio Sereno,Biossido di Zolfo,2025-02,2.24,651
6966,Brescia Villaggio Sereno,Biossido di Zolfo,2025-03,2.96,698
6966,Brescia Villaggio Sereno,Biossido di Zolfo,2025-04,3.34,714
6966,Brescia Villaggio Sereno,Biossido di Zolfo,2025-05,4.08,672
6966,Brescia Villaggio Sereno,Biossido di Zolfo,2025-06,4.55,706
6966,Brescia Villaggio Sereno,Biossido di Zolfo,2025-07,3.25,739
6966,Brescia Villaggio Sereno,Biossido di Zolfo,2025-08,1.76,741
6966,Brescia Villaggio Sereno,Biossido di Zolfo,2025-09,2.64,669
6966,Brescia Villaggio Sereno,Biossido di Zolfo,2025-10,3.65,689
6966,Brescia Villaggio Sereno,Biossido di Zolfo,2025-11,3.00,491
6966,Brescia Villaggio Sereno,Biossido di Zolfo,2025-12,2.87,589
6966,Brescia Villaggio Sereno,Biossido di Zolfo,2026-01,2.40,1
6967,Brescia Villaggio Sereno,Monossido di Carbonio,2004-04,0.40,1
6967,Brescia Villaggio Sereno,Monossido di Carbonio,2004-11,1.50,101
6967,Brescia Villaggio Sereno,Monossido di Carbonio,2004-12,1.13,729
6967,Brescia Villaggio Sereno,Monossido di Carbonio,2005-01,1.32,694
6967,Brescia Villaggio Sereno,Monossido di Carbonio,2005-02,0.84,623
6967,Brescia Villaggio Sereno,Monossido di Carbonio,2005-03,0.93,400
6967,Brescia Villaggio Sereno,Monossido di Carbonio,2005-04,0.50,639
6967,Brescia Villaggio Sereno,Monossido di Carbonio,2005-05,0.60,435
6967,Brescia Villaggio Sereno,Monossido di Carbonio,2005-06,0.41,511
6967,Brescia Villaggio Sereno,Monossido di Carbonio,2005-07,0.47,705
6967,Brescia Villaggio Sereno,Monossido di Carbonio,2005-08,0.23,647
6967,Brescia Villaggio Sereno,Monossido di Carbonio,2005-09,0.32,645
6967,Brescia Villaggio Sereno,Monossido di Carbonio,2005-10,0.49,648
6967,Brescia Villaggio Sereno,Monossido di Carbonio,2005-11,1.22,713
6967,Brescia Villaggio Sereno,Monossido di Carbonio,2005-12,1.98,713
6967,Brescia Villaggio Sereno,Monossido di Carbonio,2006-01,2.29,708
6967,Brescia Villaggio Sereno,Monossido di Carbonio,2006-02,1.59,657
6967,Brescia Villaggio Sereno,Monossido di Carbonio,2006-03,0.80,672
6967,Brescia Villaggio Sereno,Monossido di Carbonio,2006-04,0.45,375
6967,Brescia Villaggio Sereno,Monossido di Carbonio,2006-05,0.41,743
6967,Brescia Villaggio Sereno,Monossido di Carbonio,2006-06,0.74,719
6967,Brescia Villaggio Sereno,Monossido di Carbonio,2006-07,0.88,671
6967,Brescia Villaggio Sereno,Monossido di Carbonio,2006-08,0.46,717
6967,Brescia Villaggio Sereno,Monossido di Carbonio,2006-09,0.44,694
6967,Brescia Villaggio Sereno,Monossido di Carbonio,2006-10,0.57,741
6967,Brescia Villaggio Sereno,Monossido di Carbonio,2006-11,1.02,720
6967,Brescia Villaggio Sereno,Monossido di Carbonio,2006-12,1.18,744
6967,Brescia Villaggio Sereno,Monossido di Carbonio,2007-01,1.34,729
6967,Brescia Villaggio Sereno,Monossido di Carbonio,2007-02,1.73,609
6967,Brescia Villaggio Sereno,Monossido di Carbonio,2007-03,1.26,705
6967,Brescia Villaggio Sereno,Monossido di Carbonio,2007-04,1.07,711
6967,Brescia Villaggio Sereno,Monossido di Carbonio,2007-05,0.44,703
6967,Brescia Villaggio Sereno,Monossido di Carbonio,2007-06,0.29,716
6967,Brescia Villaggio Sereno,Monossido di Carbonio,2007-07,0.07,610
6967,Brescia Villaggio Sereno,Monossido di Carbonio,2007-08,0.13,725
6967,Brescia Villaggio Sereno,Monossido di Carbonio,2007-09,0.61,717
6967,Brescia Villaggio Sereno,Monossido di Carbonio,2007-10,0.74,730
6967,Brescia Villaggio Sereno,Monossido di Carbonio,2007-11,0.95,720
6967,Brescia Villaggio Sereno,Monossido di Carbonio,2007-12,1.21,742
6967,Brescia Villaggio Sereno,Monossido di Carbonio,2008-01,1.40,740
6967,Brescia Villaggio Sereno,Monossido di Carbonio,2008-02,1.35,696
6967,Brescia Villaggio Sereno,Monossido di Carbonio,2008-03,0.59,744
6967,Brescia Villaggio Sereno,Monossido di Carbonio,2008-04,0.49,719
6967,Brescia Villaggio Sereno,Monossido di Carbonio,2008-05,0.32,744
6967,Brescia Villaggio Sereno,Monossido di Carbonio,2008-06,0.47,718
6967,Brescia Villaggio Sereno,Monossido di Carbonio,2008-07,0.63,744
6967,Brescia Villaggio Sereno,Monossido di Carbonio,2008-08,0.46,732
6967,Brescia Villaggio Sereno,Monossido di Carbonio,2008-09,0.75,719
6967,Brescia Villaggio Sereno,Monossido di Carbonio,2008-10,0.72,743
6967,Brescia Villaggio Sereno,Monossido di Carbonio,2008-11,1.06,708
6967,Brescia Villaggio Sereno,Monossido di Carbonio,2008-12,1.37,744
6967,Brescia Villaggio Sereno,Monossido di Carbonio,2009-01,1.75,720
6967,Brescia Villaggio Sereno,Monossido di Carbonio,2009-02,1.06,672
6967,Brescia Villaggio Sereno,Monossido di Carbonio,2009-03,0.61,744
6967,Brescia Villaggio Sereno,Monossido di Carbonio,2009-04,0.77,719
6967,Brescia Villaggio Sereno,Monossido di Carbonio,2009-05,0.52,744
6967,Brescia Villaggio Sereno,Monossido di Carbonio,2009-06,0.20,719
6967,Brescia Villaggio Sereno,Monossido di Carbonio,2009-07,0.10,743
6967,Brescia Villaggio Sereno,Monossido di Carbonio,2009-08,0.15,743
6967,Brescia Villaggio Sereno,Monossido di Carbonio,2009-09,0.24,714
6967,Brescia Villaggio Sereno,Monossido di Carbonio,2009-10,0.42,744
6967,Brescia Villaggio Sereno,Monossido di Carbonio,2009-11,0.58,719
6967,Brescia Villaggio Sereno,Monossido di Carbonio,2009-12,0.99,741
6967,Brescia Villaggio Sereno,Monossido di Carbonio,2010-01,1.20,1
6967,Brescia Villaggio Sereno,Monossido di Carbonio,2010-01,1.31,742
6967,Brescia Villaggio Sereno,Monossido di Carbonio,2010-02,1.02,671
6967,Brescia Villaggio Sereno,Monossido di Carbonio,2010-03,0.76,743
6967,Brescia Villaggio Sereno,Monossido di Carbonio,2010-04,0.54,719
6967,Brescia Villaggio Sereno,Monossido di Carbonio,2010-05,0.26,743
6967,Brescia Villaggio Sereno,Monossido di Carbonio,2010-06,0.30,718
6967,Brescia Villaggio Sereno,Monossido di Carbonio,2010-07,0.52,743
6967,Brescia Villaggio Sereno,Monossido di Carbonio,2010-08,0.39,744
6967,Brescia Villaggio Sereno,Monossido di Carbonio,2010-09,0.41,719
6967,Brescia Villaggio Sereno,Monossido di Carbonio,2010-10,0.71,743
6967,Brescia Villaggio Sereno,Monossido di Carbonio,2010-11,0.78,719
6967,Brescia Villaggio Sereno,Monossido di Carbonio,2010-12,1.15,712
6967,Brescia Villaggio Sereno,Monossido di Carbonio,2011-01,1.32,744
6967,Brescia Villaggio Sereno,Monossido di Carbonio,2011-02,1.13,669
6967,Brescia Villaggio Sereno,Monossido di Carbonio,2011-03,0.75,696
6967,Brescia Villaggio Sereno,Monossido di Carbonio,2011-04,0.47,717
6967,Brescia Villaggio Sereno,Monossido di Carbonio,2011-05,0.39,743
6967,Brescia Villaggio Sereno,Monossido di Carbonio,2011-06,0.38,717
6967,Brescia Villaggio Sereno,Monossido di Carbonio,2011-07,0.42,744
6967,Brescia Villaggio Sereno,Monossido di Carbonio,2011-08,0.43,743
6967,Brescia Villaggio Sereno,Monossido di Carbonio,2011-09,0.48,695
6967,Brescia Villaggio Sereno,Monossido di Carbonio,2011-10,0.57,730
6967,Brescia Villaggio Sereno,Monossido di Carbonio,2011-11,0.96,709
6967,Brescia Villaggio Sereno,Monossido di Carbonio,2011-12,0.91,702
6967,Brescia Villaggio Sereno,Monossido di Carbonio,2012-01,1.25,2
9961,Brescia Villaggio Sereno,PM10 (SM2005),2006-01,99.29,24
9961,Brescia Villaggio Sereno,PM10 (SM2005),2006-02,92.17,23
9961,Brescia Villaggio Sereno,PM10 (SM2005),2006-03,63.25,24
9961,Brescia Villaggio Sereno,PM10 (SM2005),2006-04,41.54,26
9961,Brescia Villaggio Sereno,PM10 (SM2005),2006-05,38.63,30
9961,Brescia Villaggio Sereno,PM10 (SM2005),2006-06,37.38,29
9961,Brescia Villaggio Sereno,PM10 (SM2005),2006-07,24.50,26
9961,Brescia Villaggio Sereno,PM10 (SM2005),2006-08,15.55,29
9961,Brescia Villaggio Sereno,PM10 (SM2005),2006-09,38.54,28
9961,Brescia Villaggio Sereno,PM10 (SM2005),2006-10,47.77,31
9961,Brescia Villaggio Sereno,PM10 (SM2005),2006-11,71.76,29
9961,Brescia Villaggio Sereno,PM10 (SM2005),2006-12,70.14,29
9961,Brescia Villaggio Sereno,PM10 (SM2005),2007-01,78.93,28
9961,Brescia Villaggio Sereno,PM10 (SM2005),2007-02,84.38,21
9961,Brescia Villaggio Sereno,PM10 (SM2005),2007-03,52.04,27
9961,Brescia Villaggio Sereno,PM10 (SM2005),2007-04,46.08,25
9961,Brescia Villaggio Sereno,PM10 (SM2005),2007-05,28.21,29
9961,Brescia Villaggio Sereno,PM10 (SM2005),2007-06,32.23,30
9961,Brescia Villaggio Sereno,PM10 (SM2005),2007-07,25.71,31
9961,Brescia Villaggio Sereno,PM10 (SM2005),2007-08,23.03,31
9961,Brescia Villaggio Sereno,PM10 (SM2005),2007-09,30.37,30
9961,Brescia Villaggio Sereno,PM10 (SM2005),2007-10,49.23,31
9961,Brescia Villaggio Sereno,PM10 (SM2005),2007-11,55.67,30
9961,Brescia Villaggio Sereno,PM10 (SM2005),2007-12,89.81,31
9961,Brescia Villaggio Sereno,PM10 (SM2005),2008-01,70.23,26
9961,Brescia Villaggio Sereno,PM10 (SM2005),2008-02,92.52,29
9961,Brescia Villaggio Sereno,PM10 (SM2005),2008-03,45.45,29
9961,Brescia Villaggio Sereno,PM10 (SM2005),2008-04,33.07,30
9961,Brescia Villaggio Sereno,PM10 (SM2005),2008-05,27.29,31
9961,Brescia Villaggio Sereno,PM10 (SM2005),2008-06,28.40,30
9961,Brescia Villaggio Sereno,PM10 (SM2005),2008-07,27.53,30
9961,Brescia Villaggio Sereno,PM10 (SM2005),2008-08,25.39,31
9961,Brescia Villaggio Sereno,PM10 (SM2005),2008-09,32.70,30
9961,Brescia Villaggio Sereno,PM10 (SM2005),2008-10,60.26,27
9961,Brescia Villaggio Sereno,PM10 (SM2005),2008-11,36.97,30
9961,Brescia Villaggio Sereno,PM10 (SM2005),2008-12,51.26,31
9961,Brescia Villaggio Sereno,PM10 (SM2005),2009-01,82.35,31
9961,Brescia Villaggio Sereno,PM10 (SM2005),2009-02,63.11,28
9961,Brescia Villaggio Sereno,PM10 (SM2005),2009-03,48.23,31
9961,Brescia Villaggio Sereno,PM10 (SM2005),2009-04,25.40,30
9961,Brescia Villaggio Sereno,PM10 (SM2005),2009-05,29.55,31
9961,Brescia Villaggio Sereno,PM10 (SM2005),2009-06,21.53,30
9961,Brescia Villaggio Sereno,PM10 (SM2005),2009-07,23.55,31
9961,Brescia Villaggio Sereno,PM10 (SM2005),2009-08,23.00,30
9961,Brescia Villaggio Sereno,PM10 (SM2005),2009-09,28.40,30
9961,Brescia Villaggio Sereno,PM10 (SM2005),2009-10,42.77,31
9961,Brescia Villaggio Sereno,PM10 (SM2005),2009-11,56.90,30
9961,Brescia Villaggio Sereno,PM10 (SM2005),2009-12,59.00,31
9961,Brescia Villaggio Sereno,PM10 (SM2005),2010-01,81.19,31
9961,Brescia Villaggio Sereno,PM10 (SM2005),2010-02,56.89,28
9961,Brescia Villaggio Sereno,PM10 (SM2005),2010-03,49.58,31
9961,Brescia Villaggio Sereno,PM10 (SM2005),2010-04,33.97,29
9961,Brescia Villaggio Sereno,PM10 (SM2005),2010-05,23.35,31
9961,Brescia Villaggio Sereno,PM10 (SM2005),2010-06,26.03,30
9961,Brescia Villaggio Sereno,PM10 (SM2005),2010-07,27.70,30
9961,Brescia Villaggio Sereno,PM10 (SM2005),2010-08,19.27,30
9961,Brescia Villaggio Sereno,PM10 (SM2005),2010-09,19.57,30
9961,Brescia Villaggio Sereno,PM10 (SM2005),2010-10,38.17,30
9961,Brescia Villaggio Sereno,PM10 (SM2005),2010-11,39.62,29
9961,Brescia Villaggio Sereno,PM10 (SM2005),2010-12,59.93,29
9961,Brescia Villaggio Sereno,PM10 (SM2005),2011-01,72.06,31
9961,Brescia Villaggio Sereno,PM10 (SM2005),2011-02,78.50,28
9961,Brescia Villaggio Sereno,PM10 (SM2005),2011-03,50.00,26
9961,Brescia Villaggio Sereno,PM10 (SM2005),2011-04,38.93,30
9961,Brescia Villaggio Sereno,PM10 (SM2005),2011-05,29.94,31
9961,Brescia Villaggio Sereno,PM10 (SM2005),2011-06,22.70,30
9961,Brescia Villaggio Sereno,PM10 (SM2005),2011-07,18.32,31
9961,Brescia Villaggio Sereno,PM10 (SM2005),2011-08,20.77,31
9961,Brescia Villaggio Sereno,PM10 (SM2005),2011-09,28.82,28
9961,Brescia Villaggio Sereno,PM10 (SM2005),2011-10,39.13,31
9961,Brescia Villaggio Sereno,PM10 (SM2005),2011-11,56.77,30
9961,Brescia Villaggio Sereno,PM10 (SM2005),2011-12,61.73,30
9961,Brescia Villaggio Sereno,PM10 (SM2005),2012-01,64.58,31
9961,Brescia Villaggio Sereno,PM10 (SM2005),2012-02,82.10,29
9961,Brescia Villaggio Sereno,PM10 (SM2005),2012-03,52.61,31
9961,Brescia Villaggio Sereno,PM10 (SM2005),2012-04,19.30,30
9961,Brescia Villaggio Sereno,PM10 (SM2005),2012-05,19.55,31
9961,Brescia Villaggio Sereno,PM10 (SM2005),2012-06,18.33,30
9961,Brescia Villaggio Sereno,PM10 (SM2005),2012-07,20.42,31
9961,Brescia Villaggio Sereno,PM10 (SM2005),2012-08,22.03,30
9961,Brescia Villaggio Sereno,PM10 (SM2005),2012-09,23.58,24
9961,Brescia Villaggio Sereno,PM10 (SM2005),2012-10,44.69,29
9961,Brescia Villaggio Sereno,PM10 (SM2005),2012-11,50.27,30
9961,Brescia Villaggio Sereno,PM10 (SM2005),2012-12,57.74,31
9961,Brescia Villaggio Sereno,PM10 (SM2005),2013-01,63.43,28
9961,Brescia Villaggio Sereno,PM10 (SM2005),2013-02,58.83,24
9961,Brescia Villaggio Sereno,PM10 (SM2005),2013-03,43.93,29
9961,Brescia Villaggio Sereno,PM10 (SM2005),2013-04,36.72,29
9961,Brescia Villaggio Sereno,PM10 (SM2005),2013-05,23.24,21
9961,Brescia Villaggio Sereno,PM10 (SM2005),2013-06,23.17,30
9961,Brescia Villaggio Sereno,PM10 (SM2005),2013-07,24.25,28
9961,Brescia Villaggio Sereno,PM10 (SM2005),2013-08,17.88,26
9961,Brescia Villaggio Sereno,PM10 (SM2005),2013-09,27.97,30
9961,Brescia Villaggio Sereno,PM10 (SM2005),2013-10,44.29,31
9961,Brescia Villaggio Sereno,PM10 (SM2005),2013-11,36.86,28
9961,Brescia Villaggio Sereno,PM10 (SM2005),2013-12,62.72,29
9961,Brescia Villaggio Sereno,PM10 (SM2005),2014-01,45.59,27
9961,Brescia Villaggio Sereno,PM10 (SM2005),2014-02,32.76,25
9961,Brescia Villaggio Sereno,PM10 (SM2005),2014-03,50.57,28
9961,Brescia Villaggio Sereno,PM10 (SM2005),2014-04,29.57,30
9961,Brescia Villaggio Sereno,PM10 (SM2005),2014-05,23.50,24
9961,Brescia Villaggio Sereno,PM10 (SM2005),2014-06,22.33,30
9961,Brescia Villaggio Sereno,PM10 (SM2005),2014-07,19.83,24
9961,Brescia Villaggio Sereno,PM10 (SM2005),2014-08,16.10,31
9961,Brescia Villaggio Sereno,PM10 (SM2005),2014-09,27.96,25
9961,Brescia Villaggio Sereno,PM10 (SM2005),2014-10,39.90,31
9961,Brescia Villaggio Sereno,PM10 (SM2005),2014-11,37.46,28
9961,Brescia Villaggio Sereno,PM10 (SM2005),2014-12,44.87,30
9961,Brescia Villaggio Sereno,PM10 (SM2005),2015-01,57.17,29
9961,Brescia Villaggio Sereno,PM10 (SM2005),2015-02,53.04,23
9961,Brescia Villaggio Sereno,PM10 (SM2005),2015-03,43.77,26
9961,Brescia Villaggio Sereno,PM10 (SM2005),2015-04,29.53,30
9961,Brescia Villaggio Sereno,PM10 (SM2005),2015-05,27.50,28
9961,Brescia Villaggio Sereno,PM10 (SM2005),2015-06,23.11,27
9961,Brescia Villaggio Sereno,PM10 (SM2005),2015-07,25.04,28
9961,Brescia Villaggio Sereno,PM10 (SM2005),2015-08,25.36,28
9961,Brescia Villaggio Sereno,PM10 (SM2005),2015-09,19.66,29
9961,Brescia Villaggio Sereno,PM10 (SM2005),2015-10,32.07,28
9961,Brescia Villaggio Sereno,PM10 (SM2005),2015-11,49.85,27
9961,Brescia Villaggio Sereno,PM10 (SM2005),2015-12,65.70,30
9961,Brescia Villaggio Sereno,PM10 (SM2005),2016-01,64.96,28
9961,Brescia Villaggio Sereno,PM10 (SM2005),2016-02,35.15,26
9961,Brescia Villaggio Sereno,PM10 (SM2005),2016-03,35.72,25
9961,Brescia Villaggio Sereno,PM10 (SM2005),2016-04,34.00,25
9961,Brescia Villaggio Sereno,PM10 (SM2005),2016-05,21.04,25
9961,Brescia Villaggio Sereno,PM10 (SM2005),2016-06,19.48,29
9961,Brescia Villaggio Sereno,PM10 (SM2005),2016-07,25.06,16
9961,Brescia Villaggio Sereno,PM10 (SM2005),2016-08,16.08,26
9961,Brescia Villaggio Sereno,PM10 (SM2005),2016-09,29.21,28
9961,Brescia Villaggio Sereno,PM10 (SM2005),2016-10,31.00,25
9961,Brescia Villaggio Sereno,PM10 (SM2005),2016-11,41.63,30
9961,Brescia Villaggio Sereno,PM10 (SM2005),2016-12,60.76,29
9961,Brescia Villaggio Sereno,PM10 (SM2005),2017-01,62.21,29
9961,Brescia Villaggio Sereno,PM10 (SM2005),2017-02,59.11,28
9961,Brescia Villaggio Sereno,PM10 (SM2005),2017-03,45.45,31
9961,Brescia Villaggio Sereno,PM10 (SM2005),2017-04,28.39,28
9961,Brescia Villaggio Sereno,PM10 (SM2005),2017-05,21.61,28
9961,Brescia Villaggio Sereno,PM10 (SM2005),2017-06,26.26,27
9961,Brescia Villaggio Sereno,PM10 (SM2005),2017-07,18.39,31
9961,Brescia Villaggio Sereno,PM10 (SM2005),2017-08,19.18,22
9961,Brescia Villaggio Sereno,PM10 (SM2005),2017-09,24.62,24
9961,Brescia Villaggio Sereno,PM10 (SM2005),2017-10,53.76,25
9961,Brescia Villaggio Sereno,PM10 (SM2005),2017-11,46.54,26
9961,Brescia Villaggio Sereno,PM10 (SM2005),2017-12,58.47,30
9961,Brescia Villaggio Sereno,PM10 (SM2005),2018-01,48.87,31
9961,Brescia Villaggio Sereno,PM10 (SM2005),2018-02,41.36,25
9961,Brescia Villaggio Sereno,PM10 (SM2005),2018-03,39.53,30
9961,Brescia Villaggio Sereno,PM10 (SM2005),2018-04,28.59,27
9961,Brescia Villaggio Sereno,PM10 (SM2005),2018-05,24.48,27
9961,Brescia Villaggio Sereno,PM10 (SM2005),2018-06,21.17,29
9961,Brescia Villaggio Sereno,PM10 (SM2005),2018-07,19.26,31
9961,Brescia Villaggio Sereno,PM10 (SM2005),2018-08,18.79,29
9961,Brescia Villaggio Sereno,PM10 (SM2005),2018-09,27.27,30
9961,Brescia Villaggio Sereno,PM10 (SM2005),2018-10,35.76,29
9961,Brescia Villaggio Sereno,PM10 (SM2005),2018-11,33.20,25
9961,Brescia Villaggio Sereno,PM10 (SM2005),2018-12,54.41,29
9961,Brescia Villaggio Sereno,PM10 (SM2005),2019-01,49.23,31
9961,Brescia Villaggio Sereno,PM10 (SM2005),2019-02,57.96,28
9961,Brescia Villaggio Sereno,PM10 (SM2005),2019-03,39.61,31
9961,Brescia Villaggio Sereno,PM10 (SM2005),2019-04,25.53,30
9961,Brescia Villaggio Sereno,PM10 (SM2005),2019-05,18.96,27
9961,Brescia Villaggio Sereno,PM10 (SM2005),2019-06,31.04,27
9961,Brescia Villaggio Sereno,PM10 (SM2005),2019-07,25.52,31
9961,Brescia Villaggio Sereno,PM10 (SM2005),2019-08,21.84,31
9961,Brescia Villaggio Sereno,PM10 (SM2005),2019-09,30.93,29
9961,Brescia Villaggio Sereno,PM10 (SM2005),2019-10,32.61,23
9961,Brescia Villaggio Sereno,PM10 (SM2005),2019-11,22.59,29
9961,Brescia Villaggio Sereno,PM10 (SM2005),2019-12,42.34,29
9961,Brescia Villaggio Sereno,PM10 (SM2005),2020-01,59.45,31
9961,Brescia Villaggio Sereno,PM10 (SM2005),2020-02,43.93,29
9961,Brescia Villaggio Sereno,PM10 (SM2005),2020-03,35.35,31
9961,Brescia Villaggio Sereno,PM10 (SM2005),2020-04,27.31,26
9961,Brescia Villaggio Sereno,PM10 (SM2005),2020-05,19.29,31
9961,Brescia Villaggio Sereno,PM10 (SM2005),2020-06,14.57,28
9961,Brescia Villaggio Sereno,PM10 (SM2005),2020-07,20.23,30
9961,Brescia Villaggio Sereno,PM10 (SM2005),2020-08,18.85,26
9961,Brescia Villaggio Sereno,PM10 (SM2005),2020-09,22.87,30
9961,Brescia Villaggio Sereno,PM10 (SM2005),2020-10,31.26,27
9961,Brescia Villaggio Sereno,PM10 (SM2005),2020-11,48.78,27
9961,Brescia Villaggio Sereno,PM10 (SM2005),2020-12,42.68,31
9961,Brescia Villaggio Sereno,PM10 (SM2005),2021-01,43.90,29
9961,Brescia Villaggio Sereno,PM10 (SM2005),2021-02,50.00,28
9961,Brescia Villaggio Sereno,PM10 (SM2005),2021-03,40.74,31
9961,Brescia Villaggio Sereno,PM10 (SM2005),2021-04,25.27,30
9961,Brescia Villaggio Sereno,PM10 (SM2005),2021-05,15.03,31
9961,Brescia Villaggio Sereno,PM10 (SM2005),2021-06,21.07,28
9961,Brescia Villaggio Sereno,PM10 (SM2005),2021-07,21.71,28
9961,Brescia Villaggio Sereno,PM10 (SM2005),2021-08,15.74,31
9961,Brescia Villaggio Sereno,PM10 (SM2005),2021-09,24.27,30
9961,Brescia Villaggio Sereno,PM10 (SM2005),2021-10,34.52,29
9961,Brescia Villaggio Sereno,PM10 (SM2005),2021-11,29.71,28
9961,Brescia Villaggio Sereno,PM10 (SM2005),2021-12,48.97,31
9961,Brescia Villaggio Sereno,PM10 (SM2005),2022-01,54.11,28
9961,Brescia Villaggio Sereno,PM10 (SM2005),2022-02,45.30,23
9961,Brescia Villaggio Sereno,PM10 (SM2005),2022-03,45.62,29
9961,Brescia Villaggio Sereno,PM10 (SM2005),2022-04,24.30,30
9961,Brescia Villaggio Sereno,PM10 (SM2005),2022-05,27.26,31
9961,Brescia Villaggio Sereno,PM10 (SM2005),2022-06,25.97,30
9961,Brescia Villaggio Sereno,PM10 (SM2005),2022-07,21.90,30
9961,Brescia Villaggio Sereno,PM10 (SM2005),2022-08,15.43,30
9961,Brescia Villaggio Sereno,PM10 (SM2005),2022-09,20.03,30
9961,Brescia Villaggio Sereno,PM10 (SM2005),2022-10,44.31,29
9961,Brescia Villaggio Sereno,PM10 (SM2005),2022-11,32.28,29
9961,Brescia Villaggio Sereno,PM10 (SM2005),2022-12,46.71,31
9961,Brescia Villaggio Sereno,PM10 (SM2005),2023-01,40.00,31
9961,Brescia Villaggio Sereno,PM10 (SM2005),2023-02,56.65,26
9961,Brescia Villaggio Sereno,PM10 (SM2005),2023-03,35.17,29
9961,Brescia Villaggio Sereno,PM10 (SM2005),2023-04,19.75,20
9961,Brescia Villaggio Sereno,PM10 (SM2005),2023-05,17.87,31
9961,Brescia Villaggio Sereno,PM10 (SM2005),2023-06,20.13,30
9961,Brescia Villaggio Sereno,PM10 (SM2005),2023-07,20.04,28
9961,Brescia Villaggio Sereno,PM10 (SM2005),2023-08,19.27,30
9961,Brescia Villaggio Sereno,PM10 (SM2005),2023-09,25.89,28
9961,Brescia Villaggio Sereno,PM10 (SM2005),2023-10,35.19,31
9961,Brescia Villaggio Sereno,PM10 (SM2005),2023-11,26.92,24
9961,Brescia Villaggio Sereno,PM10 (SM2005),2023-12,43.96,27
9961,Brescia Villaggio Sereno,PM10 (SM2005),2024-01,50.10,31
9961,Brescia Villaggio Sereno,PM10 (SM2005),2024-02,60.15,26
9961,Brescia Villaggio Sereno,PM10 (SM2005),2024-03,30.52,31
9961,Brescia Villaggio Sereno,PM10 (SM2005),2024-04,21.88,26
9961,Brescia Villaggio Sereno,PM10 (SM2005),2024-05,13.77,31
9961,Brescia Villaggio Sereno,PM10 (SM2005),2024-06,23.68,28
9961,Brescia Villaggio Sereno,PM10 (SM2005),2024-07,20.03,31
9961,Brescia Villaggio Sereno,PM10 (SM2005),2024-08,21.20,25
9961,Brescia Villaggio Sereno,PM10 (SM2005),2024-09,16.14,28
9961,Brescia Villaggio Sereno,PM10 (SM2005),2024-10,20.48,31
9961,Brescia Villaggio Sereno,PM10 (SM2005),2024-11,44.75,28
9961,Brescia Villaggio Sereno,PM10 (SM2005),2024-12,42.89,27
9961,Brescia Villaggio Sereno,PM10 (SM2005),2025-01,40.35,31
9961,Brescia Villaggio Sereno,PM10 (SM2005),2025-02,47.78,27
9961,Brescia Villaggio Sereno,PM10 (SM2005),2025-03,25.13,30
9961,Brescia Villaggio Sereno,PM10 (SM2005),2025-04,22.80,30
9961,Brescia Villaggio Sereno,PM10 (SM2005),2025-05,17.35,31
9961,Brescia Villaggio Sereno,PM10 (SM2005),2025-06,24.16,25
9961,Brescia Villaggio Sereno,PM10 (SM2005),2025-07,12.13,31
9961,Brescia Villaggio Sereno,PM10 (SM2005),2025-08,15.26,31
9961,Brescia Villaggio Sereno,PM10 (SM2005),2025-09,17.17,30
9961,Brescia Villaggio Sereno,PM10 (SM2005),2025-10,29.55,31
9961,Brescia Villaggio Sereno,PM10 (SM2005),2025-11,30.48,27
9961,Brescia Villaggio Sereno,PM10 (SM2005),2025-12,41.79,28
9961,Brescia Villaggio Sereno,PM10 (SM2005),2026-01,81.00,1
9984,Brescia Villaggio Sereno,Particelle sospese PM2.5,2006-06,22.88,25
9984,Brescia Villaggio Sereno,Particelle sospese PM2.5,2006-07,15.65,26
9984,Brescia Villaggio Sereno,Particelle sospese PM2.5,2006-08,9.86,29
9984,Brescia Villaggio Sereno,Particelle sospese PM2.5,2006-09,24.61,28
9984,Brescia Villaggio Sereno,Particelle sospese PM2.5,2006-10,34.23,31
9984,Brescia Villaggio Sereno,Particelle sospese PM2.5,2006-11,57.93,30
9984,Brescia Villaggio Sereno,Particelle sospese PM2.5,2006-12,51.87,31
9984,Brescia Villaggio Sereno,Particelle sospese PM2.5,2007-01,60.47,30
9984,Brescia Villaggio Sereno,Particelle sospese PM2.5,2007-02,66.59,22
9984,Brescia Villaggio Sereno,Particelle sospese PM2.5,2007-03,42.73,26
9984,Brescia Villaggio Sereno,Particelle sospese PM2.5,2007-04,34.96,26
9984,Brescia Villaggio Sereno,Particelle sospese PM2.5,2007-05,19.07,29
9984,Brescia Villaggio Sereno,Particelle sospese PM2.5,2007-06,17.03,29
9984,Brescia Villaggio Sereno,Particelle sospese PM2.5,2007-07,14.29,31
9984,Brescia Villaggio Sereno,Particelle sospese PM2.5,2007-08,14.06,31
9984,Brescia Villaggio Sereno,Particelle sospese PM2.5,2007-09,18.47,30
9984,Brescia Villaggio Sereno,Particelle sospese PM2.5,2007-10,37.10,31
9984,Brescia Villaggio Sereno,Particelle sospese PM2.5,2007-11,41.00,30
9984,Brescia Villaggio Sereno,Particelle sospese PM2.5,2007-12,69.29,31
9984,Brescia Villaggio Sereno,Particelle sospese PM2.5,2008-01,48.45,31
9984,Brescia Villaggio Sereno,Particelle sospese PM2.5,2008-02,65.24,29
9984,Brescia Villaggio Sereno,Particelle sospese PM2.5,2008-03,31.90,31
9984,Brescia Villaggio Sereno,Particelle sospese PM2.5,2008-04,22.13,30
9984,Brescia Villaggio Sereno,Particelle sospese PM2.5,2008-05,18.90,31
9984,Brescia Villaggio Sereno,Particelle sospese PM2.5,2008-06,20.20,30
9984,Brescia Villaggio Sereno,Particelle sospese PM2.5,2008-07,16.87,31
9984,Brescia Villaggio Sereno,Particelle sospese PM2.5,2008-08,15.55,31
9984,Brescia Villaggio Sereno,Particelle sospese PM2.5,2008-09,18.80,30
9984,Brescia Villaggio Sereno,Particelle sospese PM2.5,2008-10,41.93,30
9984,Brescia Villaggio Sereno,Particelle sospese PM2.5,2008-11,31.57,30
9984,Brescia Villaggio Sereno,Particelle sospese PM2.5,2008-12,43.39,31
9984,Brescia Villaggio Sereno,Particelle sospese PM2.5,2009-01,70.97,31
9984,Brescia Villaggio Sereno,Particelle sospese PM2.5,2009-02,48.14,28
9984,Brescia Villaggio Sereno,Particelle sospese PM2.5,2009-03,35.06,31
9984,Brescia Villaggio Sereno,Particelle sospese PM2.5,2009-04,20.43,30
9984,Brescia Villaggio Sereno,Particelle sospese PM2.5,2009-05,20.77,31
9984,Brescia Villaggio Sereno,Particelle sospese PM2.5,2009-06,14.80,30
9984,Brescia Villaggio Sereno,Particelle sospese PM2.5,2009-07,14.74,31
9984,Brescia Villaggio Sereno,Particelle sospese PM2.5,2009-08,15.55,31
9984,Brescia Villaggio Sereno,Particelle sospese PM2.5,2009-09,19.73,30
9984,Brescia Villaggio Sereno,Particelle sospese PM2.5,2009-10,29.65,31
9984,Brescia Villaggio Sereno,Particelle sospese PM2.5,2009-11,43.17,30
9984,Brescia Villaggio Sereno,Particelle sospese PM2.5,2009-12,46.48,31
9984,Brescia Villaggio Sereno,Particelle sospese PM2.5,2010-01,67.00,31
9984,Brescia Villaggio Sereno,Particelle sospese PM2.5,2010-02,46.07,28
9984,Brescia Villaggio Sereno,Particelle sospese PM2.5,2010-03,39.42,31
9984,Brescia Villaggio Sereno,Particelle sospese PM2.5,2010-04,23.37,30
9984,Brescia Villaggio Sereno,Particelle sospese PM2.5,2010-05,14.90,31
9984,Brescia Villaggio Sereno,Particelle sospese PM2.5,2010-06,15.14,29
9984,Brescia Villaggio Sereno,Particelle sospese PM2.5,2010-07,20.32,25
9984,Brescia Villaggio Sereno,Particelle sospese PM2.5,2010-08,11.35,26
9984,Brescia Villaggio Sereno,Particelle sospese PM2.5,2010-09,11.67,30
9984,Brescia Villaggio Sereno,Particelle sospese PM2.5,2010-10,30.76,25
9984,Brescia Villaggio Sereno,Particelle sospese PM2.5,2010-11,31.83,30
9984,Brescia Villaggio Sereno,Particelle sospese PM2.5,2010-12,52.10,30
9984,Brescia Villaggio Sereno,Particelle sospese PM2.5,2011-01,57.06,31
9984,Brescia Villaggio Sereno,Particelle sospese PM2.5,2011-02,64.61,28
9984,Brescia Villaggio Sereno,Particelle sospese PM2.5,2011-03,39.14,28
9984,Brescia Villaggio Sereno,Particelle sospese PM2.5,2011-04,28.87,30
9984,Brescia Villaggio Sereno,Particelle sospese PM2.5,2011-05,16.42,31
9984,Brescia Villaggio Sereno,Particelle sospese PM2.5,2011-06,15.76,29
9984,Brescia Villaggio Sereno,Particelle sospese PM2.5,2011-07,11.80,30
9984,Brescia Villaggio Sereno,Particelle sospese PM2.5,2011-08,8.55,29
9984,Brescia Villaggio Sereno,Particelle sospese PM2.5,2011-09,18.86,28
9984,Brescia Villaggio Sereno,Particelle sospese PM2.5,2011-10,28.58,31
9984,Brescia Villaggio Sereno,Particelle sospese PM2.5,2011-11,46.63,30
9984,Brescia Villaggio Sereno,Particelle sospese PM2.5,2011-12,47.83,30
9984,Brescia Villaggio Sereno,Particelle sospese PM2.5,2012-01,53.23,31
9984,Brescia Villaggio Sereno,Particelle sospese PM2.5,2012-02,63.07,29
9984,Brescia Villaggio Sereno,Particelle sospese PM2.5,2012-03,36.71,31
9984,Brescia Villaggio Sereno,Particelle sospese PM2.5,2012-04,12.90,30
9984,Brescia Villaggio Sereno,Particelle sospese PM2.5,2012-05,12.19,31
9984,Brescia Villaggio Sereno,Particelle sospese PM2.5,2012-06,14.73,30
9984,Brescia Villaggio Sereno,Particelle sospese PM2.5,2012-07,12.81,31
9984,Brescia Villaggio Sereno,Particelle sospese PM2.5,2012-08,12.73,30
9984,Brescia Villaggio Sereno,Particelle sospese PM2.5,2012-09,14.33,24
9984,Brescia Villaggio Sereno,Particelle sospese PM2.5,2012-10,36.38,29
9984,Brescia Villaggio Sereno,Particelle sospese PM2.5,2012-11,41.93,30
9984,Brescia Villaggio Sereno,Particelle sospese PM2.5,2012-12,49.71,31
9984,Brescia Villaggio Sereno,Particelle sospese PM2.5,2013-01,54.67,27
9984,Brescia Villaggio Sereno,Particelle sospese PM2.5,2013-02,50.13,23
9984,Brescia Villaggio Sereno,Particelle sospese PM2.5,2013-03,39.15,27
9984,Brescia Villaggio Sereno,Particelle sospese PM2.5,2013-04,29.52,27
9984,Brescia Villaggio Sereno,Particelle sospese PM2.5,2013-05,16.18,22
9984,Brescia Villaggio Sereno,Particelle sospese PM2.5,2013-06,16.93,29
9984,Brescia Villaggio Sereno,Particelle sospese PM2.5,2013-07,16.32,28
9984,Brescia Villaggio Sereno,Particelle sospese PM2.5,2013-08,9.00,15
9984,Brescia Villaggio Sereno,Particelle sospese PM2.5,2013-09,19.88,26
9984,Brescia Villaggio Sereno,Particelle sospese PM2.5,2013-10,33.42,31
9984,Brescia Villaggio Sereno,Particelle sospese PM2.5,2013-11,29.79,28
9984,Brescia Villaggio Sereno,Particelle sospese PM2.5,2013-12,53.18,28
9984,Brescia Villaggio Sereno,Particelle sospese PM2.5,2014-01,40.22,27
9984,Brescia Villaggio Sereno,Particelle sospese PM2.5,2014-02,28.16,25
9984,Brescia Villaggio Sereno,Particelle sospese PM2.5,2014-03,39.64,28
9984,Brescia Villaggio Sereno,Particelle sospese PM2.5,2014-04,20.10,30
9984,Brescia Villaggio Sereno,Particelle sospese PM2.5,2014-05,15.29,24
9984,Brescia Villaggio Sereno,Particelle sospese PM2.5,2014-06,16.93,30
9984,Brescia Villaggio Sereno,Particelle sospese PM2.5,2014-07,12.67,24
9984,Brescia Villaggio Sereno,Particelle sospese PM2.5,2014-08,10.27,30
9984,Brescia Villaggio Sereno,Particelle sospese PM2.5,2014-09,20.44,25
9984,Brescia Villaggio Sereno,Particelle sospese PM2.5,2014-10,30.42,31
9984,Brescia Villaggio Sereno,Particelle sospese PM2.5,2014-11,28.96,28
9984,Brescia Villaggio Sereno,Particelle sospese PM2.5,2014-12,36.47,30
9984,Brescia Villaggio Sereno,Particelle sospese PM2.5,2015-01,47.83,29
9984,Brescia Villaggio Sereno,Particelle sospese PM2.5,2015-02,43.74,23
9984,Brescia Villaggio Sereno,Particelle sospese PM2.5,2015-03,34.88,26
9984,Brescia Villaggio Sereno,Particelle sospese PM2.5,2015-04,21.67,30
9984,Brescia Villaggio Sereno,Particelle sospese PM2.5,2015-05,20.18,28
9984,Brescia Villaggio Sereno,Particelle sospese PM2.5,2015-06,16.07,28
9984,Brescia Villaggio Sereno,Particelle sospese PM2.5,2015-07,15.32,28
9984,Brescia Villaggio Sereno,Particelle sospese PM2.5,2015-08,16.62,29
9984,Brescia Villaggio Sereno,Particelle sospese PM2.5,2015-09,11.90,30
9984,Brescia Villaggio Sereno,Particelle sospese PM2.5,2015-10,25.93,29
9984,Brescia Villaggio Sereno,Particelle sospese PM2.5,2015-11,40.36,28
9984,Brescia Villaggio Sereno,Particelle sospese PM2.5,2015-12,56.87,31
9984,Brescia Villaggio Sereno,Particelle sospese PM2.5,2016-01,55.39,28
9984,Brescia Villaggio Sereno,Particelle sospese PM2.5,2016-02,32.77,22
9984,Brescia Villaggio Sereno,Particelle sospese PM2.5,2016-03,29.84,25
9984,Brescia Villaggio Sereno,Particelle sospese PM2.5,2016-04,23.27,26
9984,Brescia Villaggio Sereno,Particelle sospese PM2.5,2016-05,15.25,24
9984,Brescia Villaggio Sereno,Particelle sospese PM2.5,2016-06,14.00,26
9984,Brescia Villaggio Sereno,Particelle sospese PM2.5,2016-07,16.88,16
9984,Brescia Villaggio Sereno,Particelle sospese PM2.5,2016-08,10.48,21
9984,Brescia Villaggio Sereno,Particelle sospese PM2.5,2016-09,20.54,28
9984,Brescia Villaggio Sereno,Particelle sospese PM2.5,2016-10,24.16,25
9984,Brescia Villaggio Sereno,Particelle sospese PM2.5,2016-11,32.93,30
9984,Brescia Villaggio Sereno,Particelle sospese PM2.5,2016-12,51.00,29
9984,Brescia Villaggio Sereno,Particelle sospese PM2.5,2017-01,49.29,31
9984,Brescia Villaggio Sereno,Particelle sospese PM2.5,2017-02,46.43,28
9984,Brescia Villaggio Sereno,Particelle sospese PM2.5,2017-03,35.71,31
9984,Brescia Villaggio Sereno,Particelle sospese PM2.5,2017-04,20.32,28
9984,Brescia Villaggio Sereno,Particelle sospese PM2.5,2017-05,16.83,29
9984,Brescia Villaggio Sereno,Particelle sospese PM2.5,2017-06,16.52,27
9984,Brescia Villaggio Sereno,Particelle sospese PM2.5,2017-07,10.74,31
9984,Brescia Villaggio Sereno,Particelle sospese PM2.5,2017-08,10.75,24
9984,Brescia Villaggio Sereno,Particelle sospese PM2.5,2017-09,17.04,23
9984,Brescia Villaggio Sereno,Particelle sospese PM2.5,2017-10,39.76,25
9984,Brescia Villaggio Sereno,Particelle sospese PM2.5,2017-11,37.19,26
9984,Brescia Villaggio Sereno,Particelle sospese PM2.5,2017-12,47.19,31
9984,Brescia Villaggio Sereno,Particelle sospese PM2.5,2018-01,38.77,31
9984,Brescia Villaggio Sereno,Particelle sospese PM2.5,2018-02,34.12,26
9984,Brescia Villaggio Sereno,Particelle sospese PM2.5,2018-03,32.93,30
9984,Brescia Villaggio Sereno,Particelle sospese PM2.5,2018-04,19.19,27
9984,Brescia Villaggio Sereno,Particelle sospese PM2.5,2018-05,17.15,27
9984,Brescia Villaggio Sereno,Particelle sospese PM2.5,2018-06,15.14,28
9984,Brescia Villaggio Sereno,Particelle sospese PM2.5,2018-07,14.29,31
9984,Brescia Villaggio Sereno,Particelle sospese PM2.5,2018-08,12.97,31
9984,Brescia Villaggio Sereno,Particelle sospese PM2.5,2018-09,17.93,29
9984,Brescia Villaggio Sereno,Particelle sospese PM2.5,2018-10,26.26,31
9984,Brescia Villaggio Sereno,Particelle sospese PM2.5,2018-11,26.16,25
9984,Brescia Villaggio Sereno,Particelle sospese PM2.5,2018-12,44.86,29
9984,Brescia Villaggio Sereno,Particelle sospese PM2.5,2019-01,41.13,31
9984,Brescia Villaggio Sereno,Particelle sospese PM2.5,2019-02,45.14,28
9984,Brescia Villaggio Sereno,Particelle sospese PM2.5,2019-03,30.13,31
9984,Brescia Villaggio Sereno,Particelle sospese PM2.5,2019-04,18.93,30
9984,Brescia Villaggio Sereno,Particelle sospese PM2.5,2019-05,14.26,27
9984,Brescia Villaggio Sereno,Particelle sospese PM2.5,2019-06,19.26,27
9984,Brescia Villaggio Sereno,Particelle sospese PM2.5,2019-07,18.06,31
9984,Brescia Villaggio Sereno,Particelle sospese PM2.5,2019-08,13.29,31
9984,Brescia Villaggio Sereno,Particelle sospese PM2.5,2019-09,19.27,30
9984,Brescia Villaggio Sereno,Particelle sospese PM2.5,2019-10,24.67,21
9984,Brescia Villaggio Sereno,Particelle sospese PM2.5,2019-11,16.76,29
9984,Brescia Villaggio Sereno,Particelle sospese PM2.5,2019-12,34.34,29
9984,Brescia Villaggio Sereno,Particelle sospese PM2.5,2020-01,47.71,31
9984,Brescia Villaggio Sereno,Particelle sospese PM2.5,2020-02,34.52,29
9984,Brescia Villaggio Sereno,Particelle sospese PM2.5,2020-03,26.03,31
9984,Brescia Villaggio Sereno,Particelle sospese PM2.5,2020-04,18.91,22
9984,Brescia Villaggio Sereno,Particelle sospese PM2.5,2020-05,13.61,31
9984,Brescia Villaggio Sereno,Particelle sospese PM2.5,2020-06,9.18,28
9984,Brescia Villaggio Sereno,Particelle sospese PM2.5,2020-07,12.60,30
9984,Brescia Villaggio Sereno,Particelle sospese PM2.5,2020-08,12.52,25
9984,Brescia Villaggio Sereno,Particelle sospese PM2.5,2020-09,14.07,30
9984,Brescia Villaggio Sereno,Particelle sospese PM2.5,2020-10,22.48,27
9984,Brescia Villaggio Sereno,Particelle sospese PM2.5,2020-11,38.50,26
9984,Brescia Villaggio Sereno,Particelle sospese PM2.5,2020-12,34.81,31
9984,Brescia Villaggio Sereno,Particelle sospese PM2.5,2021-01,37.17,29
9984,Brescia Villaggio Sereno,Particelle sospese PM2.5,2021-02,37.11,27
9984,Brescia Villaggio Sereno,Particelle sospese PM2.5,2021-03,30.13,31
9984,Brescia Villaggio Sereno,Particelle sospese PM2.5,2021-04,18.37,30
9984,Brescia Villaggio Sereno,Particelle sospese PM2.5,2021-05,9.77,30
9984,Brescia Villaggio Sereno,Particelle sospese PM2.5,2021-06,12.11,28
9984,Brescia Villaggio Sereno,Particelle sospese PM2.5,2021-07,11.96,28
9984,Brescia Villaggio Sereno,Particelle sospese PM2.5,2021-08,8.84,31
9984,Brescia Villaggio Sereno,Particelle sospese PM2.5,2021-09,15.03,30
9984,Brescia Villaggio Sereno,Particelle sospese PM2.5,2021-10,23.38,29
9984,Brescia Villaggio Sereno,Particelle sospese PM2.5,2021-11,22.59,29
9984,Brescia Villaggio Sereno,Particelle sospese PM2.5,2021-12,39.67,30
9984,Brescia Villaggio Sereno,Particelle sospese PM2.5,2022-01,44.39,31
9984,Brescia Villaggio Sereno,Particelle sospese PM2.5,2022-02,32.74,23
9984,Brescia Villaggio Sereno,Particelle sospese PM2.5,2022-03,32.59,29
9984,Brescia Villaggio Sereno,Particelle sospese PM2.5,2022-04,17.14,29
9984,Brescia Villaggio Sereno,Particelle sospese PM2.5,2022-05,15.97,31
9984,Brescia Villaggio Sereno,Particelle sospese PM2.5,2022-06,13.47,30
9984,Brescia Villaggio Sereno,Particelle sospese PM2.5,2022-07,13.87,30
9984,Brescia Villaggio Sereno,Particelle sospese PM2.5,2022-08,9.47,30
9984,Brescia Villaggio Sereno,Particelle sospese PM2.5,2022-09,11.37,27
9984,Brescia Villaggio Sereno,Particelle sospese PM2.5,2022-10,24.61,28
9984,Brescia Villaggio Sereno,Particelle sospese PM2.5,2022-11,22.45,29
9984,Brescia Villaggio Sereno,Particelle sospese PM2.5,2022-12,36.17,29
9984,Brescia Villaggio Sereno,Particelle sospese PM2.5,2023-01,32.83,30
9984,Brescia Villaggio Sereno,Particelle sospese PM2.5,2023-02,43.69,26
9984,Brescia Villaggio Sereno,Particelle sospese PM2.5,2023-03,24.76,29
9984,Brescia Villaggio Sereno,Particelle sospese PM2.5,2023-04,14.10,21
9984,Brescia Villaggio Sereno,Particelle sospese PM2.5,2023-05,11.81,31
9984,Brescia Villaggio Sereno,Particelle sospese PM2.5,2023-06,12.52,29
9984,Brescia Villaggio Sereno,Particelle sospese PM2.5,2023-07,13.17,29
9984,Brescia Villaggio Sereno,Particelle sospese PM2.5,2023-08,11.38,29
9984,Brescia Villaggio Sereno,Particelle sospese PM2.5,2023-09,15.46,28
9984,Brescia Villaggio Sereno,Particelle sospese PM2.5,2023-10,20.19,31
9984,Brescia Villaggio Sereno,Particelle sospese PM2.5,2023-11,19.21,24
9984,Brescia Villaggio Sereno,Particelle sospese PM2.5,2023-12,34.37,27
9984,Brescia Villaggio Sereno,Particelle sospese PM2.5,2024-01,40.77,31
9984,Brescia Villaggio Sereno,Particelle sospese PM2.5,2024-02,51.12,25
9984,Brescia Villaggio Sereno,Particelle sospese PM2.5,2024-03,20.84,31
9984,Brescia Villaggio Sereno,Particelle sospese PM2.5,2024-04,14.73,26
9984,Brescia Villaggio Sereno,Particelle sospese PM2.5,2024-05,9.20,30
9984,Brescia Villaggio Sereno,Particelle sospese PM2.5,2024-06,13.78,27
9984,Brescia Villaggio Sereno,Particelle sospese PM2.5,2024-07,11.68,31
9984,Brescia Villaggio Sereno,Particelle sospese PM2.5,2024-08,12.68,25
9984,Brescia Villaggio Sereno,Particelle sospese PM2.5,2024-09,9.46,28
9984,Brescia Villaggio Sereno,Particelle sospese PM2.5,2024-10,12.03,31
9984,Brescia Villaggio Sereno,Particelle sospese PM2.5,2024-11,33.50,28
9984,Brescia Villaggio Sereno,Particelle sospese PM2.5,2024-12,34.00,29
9984,Brescia Villaggio Sereno,Particelle sospese PM2.5,2025-01,32.32,31
9984,Brescia Villaggio Sereno,Particelle sospese PM2.5,2025-02,40.33,27
9984,Brescia Villaggio Sereno,Particelle sospese PM2.5,2025-03,19.19,31
9984,Brescia Villaggio Sereno,Particelle sospese PM2.5,2025-04,14.60,30
9984,Brescia Villaggio Sereno,Particelle sospese PM2.5,2025-05,11.42,31
9984,Brescia Villaggio Sereno,Particelle sospese PM2.5,2025-06,14.79,24
9984,Brescia Villaggio Sereno,Particelle sospese PM2.5,2025-07,6.74,31
9984,Brescia Villaggio Sereno,Particelle sospese PM2.5,2025-08,8.33,30
9984,Brescia Villaggio Sereno,Particelle sospese PM2.5,2025-09,9.33,30
9984,Brescia Villaggio Sereno,Particelle sospese PM2.5,2025-10,20.13,31
9984,Brescia Villaggio Sereno,Particelle sospese PM2.5,2025-11,22.00,27
9984,Brescia Villaggio Sereno,Particelle sospese PM2.5,2025-12,30.37,30
9984,Brescia Villaggio Sereno,Particelle sospese PM2.5,2026-01,66.00,1
