codice_istat,comune,anno,classe_addetti,indicatore,valore
017001,Acquafredda,2018,0-9,addetti,248.5
017001,Acquafredda,2018,10-49,addetti,179.7
017001,Acquafredda,2018,totale,addetti,428.2
017001,Acquafredda,2019,0-9,addetti,240.7
017001,Acquafredda,2019,10-49,addetti,167.0
017001,Acquafredda,2019,totale,addetti,407.7
017001,Acquafredda,2020,0-9,addetti,227.7
017001,Acquafredda,2020,10-49,addetti,173.9
017001,Acquafredda,2020,totale,addetti,401.6
017001,Acquafredda,2021,0-9,addetti,257.8
017001,Acquafredda,2021,10-49,addetti,166.9
017001,Acquafredda,2021,totale,addetti,424.6
017001,Acquafredda,2022,0-9,addetti,248.5
017001,Acquafredda,2022,10-49,addetti,178.3
017001,Acquafredda,2022,totale,addetti,426.8
017001,Acquafredda,2023,0-9,addetti,238.9
017001,Acquafredda,2023,10-49,addetti,193.8
017001,Acquafredda,2023,totale,addetti,432.7
017001,Acquafredda,2018,0-9,unita_locali,110
017001,Acquafredda,2018,10-49,unita_locali,11
017001,Acquafredda,2018,totale,unita_locali,121
017001,Acquafredda,2019,0-9,unita_locali,111
017001,Acquafredda,2019,10-49,unita_locali,10
017001,Acquafredda,2019,totale,unita_locali,121
017001,Acquafredda,2020,0-9,unita_locali,113
017001,Acquafredda,2020,10-49,unita_locali,11
017001,Acquafredda,2020,totale,unita_locali,124
017001,Acquafredda,2021,0-9,unita_locali,122
017001,Acquafredda,2021,10-49,unita_locali,10
017001,Acquafredda,2021,totale,unita_locali,132
017001,Acquafredda,2022,0-9,unita_locali,125
017001,Acquafredda,2022,10-49,unita_locali,11
017001,Acquafredda,2022,totale,unita_locali,136
017001,Acquafredda,2023,0-9,unita_locali,117
017001,Acquafredda,2023,10-49,unita_locali,13
017001,Acquafredda,2023,totale,unita_locali,130
017002,Adro,2018,0-9,addetti,1098.4
017002,Adro,2018,10-49,addetti,854.1
017002,Adro,2018,250+,addetti,317.4
017002,Adro,2018,50-249,addetti,848.5
017002,Adro,2018,totale,addetti,3118.4
017002,Adro,2019,0-9,addetti,1069.2
017002,Adro,2019,10-49,addetti,894.4
017002,Adro,2019,250+,addetti,337.0
017002,Adro,2019,50-249,addetti,870.4
017002,Adro,2019,totale,addetti,3171.1
017002,Adro,2020,0-9,addetti,1063.5
017002,Adro,2020,10-49,addetti,984.2
017002,Adro,2020,250+,addetti,334.6
017002,Adro,2020,50-249,addetti,760.7
017002,Adro,2020,totale,addetti,3143.0
017002,Adro,2021,0-9,addetti,1085.5
017002,Adro,2021,10-49,addetti,965.7
017002,Adro,2021,250+,addetti,347.0
017002,Adro,2021,50-249,addetti,800.2
017002,Adro,2021,totale,addetti,3198.5
017002,Adro,2022,0-9,addetti,1157.5
017002,Adro,2022,10-49,addetti,1013.0
017002,Adro,2022,250+,addetti,362.4
017002,Adro,2022,50-249,addetti,853.9
017002,Adro,2022,totale,addetti,3386.7
017002,Adro,2023,0-9,addetti,1104.7
017002,Adro,2023,10-49,addetti,1096.3
017002,Adro,2023,250+,addetti,375.9
017002,Adro,2023,50-249,addetti,973.5
017002,Adro,2023,totale,addetti,3550.5
017002,Adro,2018,0-9,unita_locali,515
017002,Adro,2018,10-49,unita_locali,41
017002,Adro,2018,250+,unita_locali,1
017002,Adro,2018,50-249,unita_locali,11
017002,Adro,2018,totale,unita_locali,568
017002,Adro,2019,0-9,unita_locali,517
017002,Adro,2019,10-49,unita_locali,45
017002,Adro,2019,250+,unita_locali,1
017002,Adro,2019,50-249,unita_locali,12
017002,Adro,2019,totale,unita_locali,575
017002,Adro,2020,0-9,unita_locali,528
017002,Adro,2020,10-49,unita_locali,46
017002,Adro,2020,250+,unita_locali,1
017002,Adro,2020,50-249,unita_locali,10
017002,Adro,2020,totale,unita_locali,585
017002,Adro,2021,0-9,unita_locali,554
017002,Adro,2021,10-49,unita_locali,50
017002,Adro,2021,250+,unita_locali,1
017002,Adro,2021,50-249,unita_locali,11
017002,Adro,2021,totale,unita_locali,616
017002,Adro,2022,0-9,unita_locali,584
017002,Adro,2022,10-49,unita_locali,48
017002,Adro,2022,250+,unita_locali,1
017002,Adro,2022,50-249,unita_locali,11
017002,Adro,2022,totale,unita_locali,644
017002,Adro,2023,0-9,unita_locali,596
017002,Adro,2023,10-49,unita_locali,58
017002,Adro,2023,250+,unita_locali,1
017002,Adro,2023,50-249,unita_locali,13
017002,Adro,2023,totale,unita_locali,668
017003,Agnosine,2018,0-9,addetti,376.0
017003,Agnosine,2018,10-49,addetti,206.1
017003,Agnosine,2018,50-249,addetti,62.2
017003,Agnosine,2018,totale,addetti,644.3
017003,Agnosine,2019,0-9,addetti,329.9
017003,Agnosine,2019,10-49,addetti,160.9
017003,Agnosine,2019,50-249,addetti,122.0
017003,Agnosine,2019,totale,addetti,612.8
017003,Agnosine,2020,0-9,addetti,341.4
017003,Agnosine,2020,10-49,addetti,163.1
017003,Agnosine,2020,50-249,addetti,122.1
017003,Agnosine,2020,totale,addetti,626.5
017003,Agnosine,2021,0-9,addetti,354.0
017003,Agnosine,2021,10-49,addetti,177.9
017003,Agnosine,2021,50-249,addetti,120.0
017003,Agnosine,2021,totale,addetti,651.9
017003,Agnosine,2022,0-9,addetti,330.7
017003,Agnosine,2022,10-49,addetti,221.4
017003,Agnosine,2022,50-249,addetti,68.8
017003,Agnosine,2022,totale,addetti,620.9
017003,Agnosine,2023,0-9,addetti,341.8
017003,Agnosine,2023,10-49,addetti,243.3
017003,Agnosine,2023,50-249,addetti,130.6
017003,Agnosine,2023,totale,addetti,715.6
017003,Agnosine,2018,0-9,unita_locali,154
017003,Agnosine,2018,10-49,unita_locali,13
017003,Agnosine,2018,50-249,unita_locali,1
017003,Agnosine,2018,totale,unita_locali,168
017003,Agnosine,2019,0-9,unita_locali,139
017003,Agnosine,2019,10-49,unita_locali,11
017003,Agnosine,2019,50-249,unita_locali,2
017003,Agnosine,2019,totale,unita_locali,152
017003,Agnosine,2020,0-9,unita_locali,153
017003,Agnosine,2020,10-49,unita_locali,10
017003,Agnosine,2020,50-249,unita_locali,2
017003,Agnosine,2020,totale,unita_locali,165
017003,Agnosine,2021,0-9,unita_locali,154
017003,Agnosine,2021,10-49,unita_locali,11
017003,Agnosine,2021,50-249,unita_locali,2
017003,Agnosine,2021,totale,unita_locali,167
017003,Agnosine,2022,0-9,unita_locali,147
017003,Agnosine,2022,10-49,unita_locali,15
017003,Agnosine,2022,50-249,unita_locali,1
017003,Agnosine,2022,totale,unita_locali,163
017003,Agnosine,2023,0-9,unita_locali,149
017003,Agnosine,2023,10-49,unita_locali,17
017003,Agnosine,2023,50-249,unita_locali,2
017003,Agnosine,2023,totale,unita_locali,168
017004,Alfianello,2018,0-9,addetti,312.5
017004,Alfianello,2018,10-49,addetti,189.0
017004,Alfianello,2018,50-249,addetti,155.9
017004,Alfianello,2018,totale,addetti,657.4
017004,Alfianello,2019,0-9,addetti,316.2
017004,Alfianello,2019,10-49,addetti,218.6
017004,Alfianello,2019,50-249,addetti,156.0
017004,Alfianello,2019,totale,addetti,690.9
017004,Alfianello,2020,0-9,addetti,337.4
017004,Alfianello,2020,10-49,addetti,264.2
017004,Alfianello,2020,50-249,addetti,85.0
017004,Alfianello,2020,totale,addetti,686.6
017004,Alfianello,2021,0-9,addetti,329.0
017004,Alfianello,2021,10-49,addetti,300.8
017004,Alfianello,2021,50-249,addetti,81.2
017004,Alfianello,2021,totale,addetti,711.0
017004,Alfianello,2022,0-9,addetti,338.9
017004,Alfianello,2022,10-49,addetti,255.9
017004,Alfianello,2022,50-249,addetti,137.9
017004,Alfianello,2022,totale,addetti,732.8
017004,Alfianello,2023,0-9,addetti,321.8
017004,Alfianello,2023,10-49,addetti,276.9
017004,Alfianello,2023,50-249,addetti,140.0
017004,Alfianello,2023,totale,addetti,738.7
017004,Alfianello,2018,0-9,unita_locali,146
017004,Alfianello,2018,10-49,unita_locali,12
017004,Alfianello,2018,50-249,unita_locali,2
017004,Alfianello,2018,totale,unita_locali,160
017004,Alfianello,2019,0-9,unita_locali,147
017004,Alfianello,2019,10-49,unita_locali,12
017004,Alfianello,2019,50-249,unita_locali,2
017004,Alfianello,2019,totale,unita_locali,161
017004,Alfianello,2020,0-9,unita_locali,154
017004,Alfianello,2020,10-49,unita_locali,12
017004,Alfianello,2020,50-249,unita_locali,1
017004,Alfianello,2020,totale,unita_locali,167
017004,Alfianello,2021,0-9,unita_locali,153
017004,Alfianello,2021,10-49,unita_locali,14
017004,Alfianello,2021,50-249,unita_locali,1
017004,Alfianello,2021,totale,unita_locali,168
017004,Alfianello,2022,0-9,unita_locali,149
017004,Alfianello,2022,10-49,unita_locali,12
017004,Alfianello,2022,50-249,unita_locali,2
017004,Alfianello,2022,totale,unita_locali,163
017004,Alfianello,2023,0-9,unita_locali,149
017004,Alfianello,2023,10-49,unita_locali,14
017004,Alfianello,2023,50-249,unita_locali,2
017004,Alfianello,2023,totale,unita_locali,165
017005,Anfo,2018,0-9,addetti,68.5
017005,Anfo,2018,totale,addetti,68.5
017005,Anfo,2019,0-9,addetti,63.1
017005,Anfo,2019,totale,addetti,63.1
017005,Anfo,2020,0-9,addetti,60.0
017005,Anfo,2020,totale,addetti,60.0
017005,Anfo,2021,0-9,addetti,59.7
017005,Anfo,2021,totale,addetti,59.7
017005,Anfo,2022,0-9,addetti,66.7
017005,Anfo,2022,totale,addetti,66.7
017005,Anfo,2023,0-9,addetti,66.1
017005,Anfo,2023,totale,addetti,66.1
017005,Anfo,2018,0-9,unita_locali,36
017005,Anfo,2018,totale,unita_locali,36
017005,Anfo,2019,0-9,unita_locali,33
017005,Anfo,2019,totale,unita_locali,33
017005,Anfo,2020,0-9,unita_locali,37
017005,Anfo,2020,totale,unita_locali,37
017005,Anfo,2021,0-9,unita_locali,36
017005,Anfo,2021,totale,unita_locali,36
017005,Anfo,2022,0-9,unita_locali,40
017005,Anfo,2022,totale,unita_locali,40
017005,Anfo,2023,0-9,unita_locali,38
017005,Anfo,2023,totale,unita_locali,38
017006,Angolo Terme,2018,0-9,addetti,224.6
017006,Angolo Terme,2018,10-49,addetti,22.6
017006,Angolo Terme,2018,totale,addetti,247.2
017006,Angolo Terme,2019,0-9,addetti,233.4
017006,Angolo Terme,2019,10-49,addetti,21.5
017006,Angolo Terme,2019,totale,addetti,254.9
017006,Angolo Terme,2020,0-9,addetti,232.8
017006,Angolo Terme,2020,10-49,addetti,9.8
017006,Angolo Terme,2020,totale,addetti,242.6
017006,Angolo Terme,2021,0-9,addetti,226.6
017006,Angolo Terme,2021,10-49,addetti,11.1
017006,Angolo Terme,2021,totale,addetti,237.7
017006,Angolo Terme,2022,0-9,addetti,242.1
017006,Angolo Terme,2022,10-49,addetti,23.1
017006,Angolo Terme,2022,totale,addetti,265.1
017006,Angolo Terme,2023,0-9,addetti,248.9
017006,Angolo Terme,2023,10-49,addetti,23.9
017006,Angolo Terme,2023,totale,addetti,272.9
017006,Angolo Terme,2018,0-9,unita_locali,131
017006,Angolo Terme,2018,10-49,unita_locali,2
017006,Angolo Terme,2018,totale,unita_locali,133
017006,Angolo Terme,2019,0-9,unita_locali,126
017006,Angolo Terme,2019,10-49,unita_locali,2
017006,Angolo Terme,2019,totale,unita_locali,128
017006,Angolo Terme,2020,0-9,unita_locali,132
017006,Angolo Terme,2020,10-49,unita_locali,1
017006,Angolo Terme,2020,totale,unita_locali,133
017006,Angolo Terme,2021,0-9,unita_locali,137
017006,Angolo Terme,2021,10-49,unita_locali,1
017006,Angolo Terme,2021,totale,unita_locali,138
017006,Angolo Terme,2022,0-9,unita_locali,139
017006,Angolo Terme,2022,10-49,unita_locali,2
017006,Angolo Terme,2022,totale,unita_locali,141
017006,Angolo Terme,2023,0-9,unita_locali,138
017006,Angolo Terme,2023,10-49,unita_locali,2
017006,Angolo Terme,2023,totale,unita_locali,140
017007,Artogne,2018,0-9,addetti,528.9
017007,Artogne,2018,10-49,addetti,337.2
017007,Artogne,2018,50-249,addetti,409.1
017007,Artogne,2018,totale,addetti,1275.2
017007,Artogne,2019,0-9,addetti,526.5
017007,Artogne,2019,10-49,addetti,385.0
017007,Artogne,2019,250+,addetti,284.1
017007,Artogne,2019,50-249,addetti,190.7
017007,Artogne,2019,totale,addetti,1386.3
017007,Artogne,2020,0-9,addetti,509.3
017007,Artogne,2020,10-49,addetti,431.6
017007,Artogne,2020,50-249,addetti,423.6
017007,Artogne,2020,totale,addetti,1364.5
017007,Artogne,2021,0-9,addetti,545.2
017007,Artogne,2021,10-49,addetti,462.8
017007,Artogne,2021,50-249,addetti,262.0
017007,Artogne,2021,totale,addetti,1270.0
017007,Artogne,2022,0-9,addetti,534.5
017007,Artogne,2022,10-49,addetti,503.7
017007,Artogne,2022,50-249,addetti,265.9
017007,Artogne,2022,totale,addetti,1304.1
017007,Artogne,2023,0-9,addetti,540.4
017007,Artogne,2023,10-49,addetti,476.9
017007,Artogne,2023,50-249,addetti,213.5
017007,Artogne,2023,totale,addetti,1230.8
017007,Artogne,2018,0-9,unita_locali,257
017007,Artogne,2018,10-49,unita_locali,18
017007,Artogne,2018,50-249,unita_locali,3
017007,Artogne,2018,totale,unita_locali,278
017007,Artogne,2019,0-9,unita_locali,258
017007,Artogne,2019,10-49,unita_locali,21
017007,Artogne,2019,250+,unita_locali,1
017007,Artogne,2019,50-249,unita_locali,2
017007,Artogne,2019,totale,unita_locali,282
017007,Artogne,2020,0-9,unita_locali,252
017007,Artogne,2020,10-49,unita_locali,23
017007,Artogne,2020,50-249,unita_locali,3
017007,Artogne,2020,totale,unita_locali,278
017007,Artogne,2021,0-9,unita_locali,263
017007,Artogne,2021,10-49,unita_locali,23
017007,Artogne,2021,50-249,unita_locali,2
017007,Artogne,2021,totale,unita_locali,288
017007,Artogne,2022,0-9,unita_locali,263
017007,Artogne,2022,10-49,unita_locali,25
017007,Artogne,2022,50-249,unita_locali,2
017007,Artogne,2022,totale,unita_locali,290
017007,Artogne,2023,0-9,unita_locali,274
017007,Artogne,2023,10-49,unita_locali,25
017007,Artogne,2023,50-249,unita_locali,2
017007,Artogne,2023,totale,unita_locali,301
017008,Azzano Mella,2018,0-9,addetti,389.0
017008,Azzano Mella,2018,10-49,addetti,308.5
017008,Azzano Mella,2018,50-249,addetti,117.3
017008,Azzano Mella,2018,totale,addetti,814.8
017008,Azzano Mella,2019,0-9,addetti,429.4
017008,Azzano Mella,2019,10-49,addetti,299.3
017008,Azzano Mella,2019,50-249,addetti,153.9
017008,Azzano Mella,2019,totale,addetti,882.6
017008,Azzano Mella,2020,0-9,addetti,435.0
017008,Azzano Mella,2020,10-49,addetti,311.3
017008,Azzano Mella,2020,50-249,addetti,225.0
017008,Azzano Mella,2020,totale,addetti,971.3
017008,Azzano Mella,2021,0-9,addetti,447.2
017008,Azzano Mella,2021,10-49,addetti,364.7
017008,Azzano Mella,2021,50-249,addetti,252.6
017008,Azzano Mella,2021,totale,addetti,1064.4
017008,Azzano Mella,2022,0-9,addetti,463.8
017008,Azzano Mella,2022,10-49,addetti,345.1
017008,Azzano Mella,2022,50-249,addetti,311.4
017008,Azzano Mella,2022,totale,addetti,1120.3
017008,Azzano Mella,2023,0-9,addetti,451.4
017008,Azzano Mella,2023,10-49,addetti,375.4
017008,Azzano Mella,2023,50-249,addetti,295.2
017008,Azzano Mella,2023,totale,addetti,1122.0
017008,Azzano Mella,2018,0-9,unita_locali,206
017008,Azzano Mella,2018,10-49,unita_locali,17
017008,Azzano Mella,2018,50-249,unita_locali,2
017008,Azzano Mella,2018,totale,unita_locali,225
017008,Azzano Mella,2019,0-9,unita_locali,210
017008,Azzano Mella,2019,10-49,unita_locali,15
017008,Azzano Mella,2019,50-249,unita_locali,2
017008,Azzano Mella,2019,totale,unita_locali,227
017008,Azzano Mella,2020,0-9,unita_locali,227
017008,Azzano Mella,2020,10-49,unita_locali,15
017008,Azzano Mella,2020,50-249,unita_locali,2
017008,Azzano Mella,2020,totale,unita_locali,244
017008,Azzano Mella,2021,0-9,unita_locali,227
017008,Azzano Mella,2021,10-49,unita_locali,20
017008,Azzano Mella,2021,50-249,unita_locali,2
017008,Azzano Mella,2021,totale,unita_locali,249
017008,Azzano Mella,2022,0-9,unita_locali,236
017008,Azzano Mella,2022,10-49,unita_locali,19
017008,Azzano Mella,2022,50-249,unita_locali,2
017008,Azzano Mella,2022,totale,unita_locali,257
017008,Azzano Mella,2023,0-9,unita_locali,228
017008,Azzano Mella,2023,10-49,unita_locali,18
017008,Azzano Mella,2023,50-249,unita_locali,2
017008,Azzano Mella,2023,totale,unita_locali,248
017009,Bagnolo Mella,2018,0-9,addetti,1585.3
017009,Bagnolo Mella,2018,10-49,addetti,932.8
017009,Bagnolo Mella,2018,50-249,addetti,288.2
017009,Bagnolo Mella,2018,totale,addetti,2806.3
017009,Bagnolo Mella,2019,0-9,addetti,1516.9
017009,Bagnolo Mella,2019,10-49,addetti,957.4
017009,Bagnolo Mella,2019,50-249,addetti,378.0
017009,Bagnolo Mella,2019,totale,addetti,2852.4
017009,Bagnolo Mella,2020,0-9,addetti,1567.4
017009,Bagnolo Mella,2020,10-49,addetti,777.4
017009,Bagnolo Mella,2020,50-249,addetti,450.6
017009,Bagnolo Mella,2020,totale,addetti,2795.4
017009,Bagnolo Mella,2021,0-9,addetti,1590.4
017009,Bagnolo Mella,2021,10-49,addetti,851.6
017009,Bagnolo Mella,2021,50-249,addetti,430.7
017009,Bagnolo Mella,2021,totale,addetti,2872.7
017009,Bagnolo Mella,2022,0-9,addetti,1607.7
017009,Bagnolo Mella,2022,10-49,addetti,937.7
017009,Bagnolo Mella,2022,50-249,addetti,428.4
017009,Bagnolo Mella,2022,totale,addetti,2973.8
017009,Bagnolo Mella,2023,0-9,addetti,1612.3
017009,Bagnolo Mella,2023,10-49,addetti,1013.2
017009,Bagnolo Mella,2023,50-249,addetti,396.0
017009,Bagnolo Mella,2023,totale,addetti,3021.5
017009,Bagnolo Mella,2018,0-9,unita_locali,768
017009,Bagnolo Mella,2018,10-49,unita_locali,51
017009,Bagnolo Mella,2018,50-249,unita_locali,3
017009,Bagnolo Mella,2018,totale,unita_locali,822
017009,Bagnolo Mella,2019,0-9,unita_locali,741
017009,Bagnolo Mella,2019,10-49,unita_locali,55
017009,Bagnolo Mella,2019,50-249,unita_locali,4
017009,Bagnolo Mella,2019,totale,unita_locali,800
017009,Bagnolo Mella,2020,0-9,unita_locali,771
017009,Bagnolo Mella,2020,10-49,unita_locali,45
017009,Bagnolo Mella,2020,50-249,unita_locali,5
017009,Bagnolo Mella,2020,totale,unita_locali,821
017009,Bagnolo Mella,2021,0-9,unita_locali,804
017009,Bagnolo Mella,2021,10-49,unita_locali,51
017009,Bagnolo Mella,2021,50-249,unita_locali,4
017009,Bagnolo Mella,2021,totale,unita_locali,859
017009,Bagnolo Mella,2022,0-9,unita_locali,847
017009,Bagnolo Mella,2022,10-49,unita_locali,52
017009,Bagnolo Mella,2022,50-249,unita_locali,4
017009,Bagnolo Mella,2022,totale,unita_locali,903
017009,Bagnolo Mella,2023,0-9,unita_locali,829
017009,Bagnolo Mella,2023,10-49,unita_locali,56
017009,Bagnolo Mella,2023,50-249,unita_locali,3
017009,Bagnolo Mella,2023,totale,unita_locali,888
017010,Bagolino,2018,0-9,addetti,605.7
017010,Bagolino,2018,10-49,addetti,183.4
017010,Bagolino,2018,totale,addetti,789.1
017010,Bagolino,2019,0-9,addetti,572.9
017010,Bagolino,2019,10-49,addetti,184.7
017010,Bagolino,2019,totale,addetti,757.5
017010,Bagolino,2020,0-9,addetti,579.6
017010,Bagolino,2020,10-49,addetti,178.4
017010,Bagolino,2020,totale,addetti,758.0
017010,Bagolino,2021,0-9,addetti,595.3
017010,Bagolino,2021,10-49,addetti,214.1
017010,Bagolino,2021,totale,addetti,809.4
017010,Bagolino,2022,0-9,addetti,584.4
017010,Bagolino,2022,10-49,addetti,205.2
017010,Bagolino,2022,totale,addetti,789.6
017010,Bagolino,2023,0-9,addetti,612.1
017010,Bagolino,2023,10-49,addetti,144.0
017010,Bagolino,2023,50-249,addetti,56.1
017010,Bagolino,2023,totale,addetti,812.2
017010,Bagolino,2018,0-9,unita_locali,295
017010,Bagolino,2018,10-49,unita_locali,10
017010,Bagolino,2018,totale,unita_locali,305
017010,Bagolino,2019,0-9,unita_locali,273
017010,Bagolino,2019,10-49,unita_locali,10
017010,Bagolino,2019,totale,unita_locali,283
017010,Bagolino,2020,0-9,unita_locali,285
017010,Bagolino,2020,10-49,unita_locali,10
017010,Bagolino,2020,totale,unita_locali,295
017010,Bagolino,2021,0-9,unita_locali,289
017010,Bagolino,2021,10-49,unita_locali,12
017010,Bagolino,2021,totale,unita_locali,301
017010,Bagolino,2022,0-9,unita_locali,299
017010,Bagolino,2022,10-49,unita_locali,12
017010,Bagolino,2022,totale,unita_locali,311
017010,Bagolino,2023,0-9,unita_locali,302
017010,Bagolino,2023,10-49,unita_locali,10
017010,Bagolino,2023,50-249,unita_locali,1
017010,Bagolino,2023,totale,unita_locali,313
017011,Barbariga,2018,0-9,addetti,278.1
017011,Barbariga,2018,10-49,addetti,215.0
017011,Barbariga,2018,totale,addetti,493.1
017011,Barbariga,2019,0-9,addetti,305.4
017011,Barbariga,2019,10-49,addetti,176.7
017011,Barbariga,2019,totale,addetti,482.1
017011,Barbariga,2020,0-9,addetti,305.4
017011,Barbariga,2020,10-49,addetti,118.6
017011,Barbariga,2020,totale,addetti,424.0
017011,Barbariga,2021,0-9,addetti,286.4
017011,Barbariga,2021,10-49,addetti,166.3
017011,Barbariga,2021,totale,addetti,452.8
017011,Barbariga,2022,0-9,addetti,300.8
017011,Barbariga,2022,10-49,addetti,199.0
017011,Barbariga,2022,totale,addetti,499.7
017011,Barbariga,2023,0-9,addetti,295.6
017011,Barbariga,2023,10-49,addetti,216.7
017011,Barbariga,2023,totale,addetti,512.3
017011,Barbariga,2018,0-9,unita_locali,132
017011,Barbariga,2018,10-49,unita_locali,13
017011,Barbariga,2018,totale,unita_locali,145
017011,Barbariga,2019,0-9,unita_locali,133
017011,Barbariga,2019,10-49,unita_locali,10
017011,Barbariga,2019,totale,unita_locali,143
017011,Barbariga,2020,0-9,unita_locali,137
017011,Barbariga,2020,10-49,unita_locali,7
017011,Barbariga,2020,totale,unita_locali,144
017011,Barbariga,2021,0-9,unita_locali,134
017011,Barbariga,2021,10-49,unita_locali,11
017011,Barbariga,2021,totale,unita_locali,145
017011,Barbariga,2022,0-9,unita_locali,141
017011,Barbariga,2022,10-49,unita_locali,11
017011,Barbariga,2022,totale,unita_locali,152
017011,Barbariga,2023,0-9,unita_locali,134
017011,Barbariga,2023,10-49,unita_locali,12
017011,Barbariga,2023,totale,unita_locali,146
017012,Barghe,2018,0-9,addetti,156.6
017012,Barghe,2018,10-49,addetti,92.9
017012,Barghe,2018,50-249,addetti,105.9
017012,Barghe,2018,totale,addetti,355.4
017012,Barghe,2019,0-9,addetti,138.6
017012,Barghe,2019,10-49,addetti,63.8
017012,Barghe,2019,50-249,addetti,158.4
017012,Barghe,2019,totale,addetti,360.8
017012,Barghe,2020,0-9,addetti,136.3
017012,Barghe,2020,10-49,addetti,55.5
017012,Barghe,2020,50-249,addetti,164.8
017012,Barghe,2020,totale,addetti,356.6
017012,Barghe,2021,0-9,addetti,123.0
017012,Barghe,2021,10-49,addetti,128.3
017012,Barghe,2021,50-249,addetti,114.4
017012,Barghe,2021,totale,addetti,365.7
017012,Barghe,2022,0-9,addetti,117.8
017012,Barghe,2022,10-49,addetti,92.4
017012,Barghe,2022,50-249,addetti,116.0
017012,Barghe,2022,totale,addetti,326.2
017012,Barghe,2023,0-9,addetti,111.9
017012,Barghe,2023,10-49,addetti,92.5
017012,Barghe,2023,50-249,addetti,105.0
017012,Barghe,2023,totale,addetti,309.4
017012,Barghe,2018,0-9,unita_locali,80
017012,Barghe,2018,10-49,unita_locali,4
017012,Barghe,2018,50-249,unita_locali,1
017012,Barghe,2018,totale,unita_locali,85
017012,Barghe,2019,0-9,unita_locali,74
017012,Barghe,2019,10-49,unita_locali,4
017012,Barghe,2019,50-249,unita_locali,2
017012,Barghe,2019,totale,unita_locali,80
017012,Barghe,2020,0-9,unita_locali,73
017012,Barghe,2020,10-49,unita_locali,3
017012,Barghe,2020,50-249,unita_locali,2
017012,Barghe,2020,totale,unita_locali,78
017012,Barghe,2021,0-9,unita_locali,70
017012,Barghe,2021,10-49,unita_locali,7
017012,Barghe,2021,50-249,unita_locali,1
017012,Barghe,2021,totale,unita_locali,78
017012,Barghe,2022,0-9,unita_locali,72
017012,Barghe,2022,10-49,unita_locali,6
017012,Barghe,2022,50-249,unita_locali,1
017012,Barghe,2022,totale,unita_locali,79
017012,Barghe,2023,0-9,unita_locali,67
017012,Barghe,2023,10-49,unita_locali,6
017012,Barghe,2023,50-249,unita_locali,1
017012,Barghe,2023,totale,unita_locali,74
017013,Bassano Bresciano,2018,0-9,addetti,371.9
017013,Bassano Bresciano,2018,10-49,addetti,227.7
017013,Bassano Bresciano,2018,50-249,addetti,65.7
017013,Bassano Bresciano,2018,totale,addetti,665.3
017013,Bassano Bresciano,2019,0-9,addetti,368.1
017013,Bassano Bresciano,2019,10-49,addetti,184.5
017013,Bassano Bresciano,2019,50-249,addetti,66.8
017013,Bassano Bresciano,2019,totale,addetti,619.4
017013,Bassano Bresciano,2020,0-9,addetti,304.5
017013,Bassano Bresciano,2020,10-49,addetti,228.6
017013,Bassano Bresciano,2020,50-249,addetti,67.5
017013,Bassano Bresciano,2020,totale,addetti,600.7
017013,Bassano Bresciano,2021,0-9,addetti,351.8
017013,Bassano Bresciano,2021,10-49,addetti,226.9
017013,Bassano Bresciano,2021,50-249,addetti,67.8
017013,Bassano Bresciano,2021,totale,addetti,646.5
017013,Bassano Bresciano,2022,0-9,addetti,343.6
017013,Bassano Bresciano,2022,10-49,addetti,261.3
017013,Bassano Bresciano,2022,50-249,addetti,64.0
017013,Bassano Bresciano,2022,totale,addetti,668.8
017013,Bassano Bresciano,2023,0-9,addetti,358.0
017013,Bassano Bresciano,2023,10-49,addetti,244.7
017013,Bassano Bresciano,2023,50-249,addetti,61.3
017013,Bassano Bresciano,2023,totale,addetti,664.0
017013,Bassano Bresciano,2018,0-9,unita_locali,164
017013,Bassano Bresciano,2018,10-49,unita_locali,11
017013,Bassano Bresciano,2018,50-249,unita_locali,1
017013,Bassano Bresciano,2018,totale,unita_locali,176
017013,Bassano Bresciano,2019,0-9,unita_locali,162
017013,Bassano Bresciano,2019,10-49,unita_locali,9
017013,Bassano Bresciano,2019,50-249,unita_locali,1
017013,Bassano Bresciano,2019,totale,unita_locali,172
017013,Bassano Bresciano,2020,0-9,unita_locali,162
017013,Bassano Bresciano,2020,10-49,unita_locali,13
017013,Bassano Bresciano,2020,50-249,unita_locali,1
017013,Bassano Bresciano,2020,totale,unita_locali,176
017013,Bassano Bresciano,2021,0-9,unita_locali,173
017013,Bassano Bresciano,2021,10-49,unita_locali,12
017013,Bassano Bresciano,2021,50-249,unita_locali,1
017013,Bassano Bresciano,2021,totale,unita_locali,186
017013,Bassano Bresciano,2022,0-9,unita_locali,174
017013,Bassano Bresciano,2022,10-49,unita_locali,13
017013,Bassano Bresciano,2022,50-249,unita_locali,1
017013,Bassano Bresciano,2022,totale,unita_locali,188
017013,Bassano Bresciano,2023,0-9,unita_locali,181
017013,Bassano Bresciano,2023,10-49,unita_locali,11
017013,Bassano Bresciano,2023,50-249,unita_locali,1
017013,Bassano Bresciano,2023,totale,unita_locali,193
017014,Bedizzole,2018,0-9,addetti,1697.5
017014,Bedizzole,2018,10-49,addetti,1930.9
017014,Bedizzole,2018,50-249,addetti,649.7
017014,Bedizzole,2018,totale,addetti,4278.1
017014,Bedizzole,2019,0-9,addetti,1761.9
017014,Bedizzole,2019,10-49,addetti,1709.2
017014,Bedizzole,2019,50-249,addetti,911.7
017014,Bedizzole,2019,totale,addetti,4382.8
017014,Bedizzole,2020,0-9,addetti,1819.7
017014,Bedizzole,2020,10-49,addetti,1559.8
017014,Bedizzole,2020,50-249,addetti,1089.2
017014,Bedizzole,2020,totale,addetti,4468.8
017014,Bedizzole,2021,0-9,addetti,1808.6
017014,Bedizzole,2021,10-49,addetti,1744.8
017014,Bedizzole,2021,50-249,addetti,1021.2
017014,Bedizzole,2021,totale,addetti,4574.7
017014,Bedizzole,2022,0-9,addetti,1858.3
017014,Bedizzole,2022,10-49,addetti,1763.8
017014,Bedizzole,2022,50-249,addetti,1049.6
017014,Bedizzole,2022,totale,addetti,4671.7
017014,Bedizzole,2023,0-9,addetti,1921.7
017014,Bedizzole,2023,10-49,addetti,1585.7
017014,Bedizzole,2023,50-249,addetti,1199.0
017014,Bedizzole,2023,totale,addetti,4706.4
017014,Bedizzole,2018,0-9,unita_locali,862
017014,Bedizzole,2018,10-49,unita_locali,96
017014,Bedizzole,2018,50-249,unita_locali,8
017014,Bedizzole,2018,totale,unita_locali,966
017014,Bedizzole,2019,0-9,unita_locali,878
017014,Bedizzole,2019,10-49,unita_locali,86
017014,Bedizzole,2019,50-249,unita_locali,12
017014,Bedizzole,2019,totale,unita_locali,976
017014,Bedizzole,2020,0-9,unita_locali,932
017014,Bedizzole,2020,10-49,unita_locali,81
017014,Bedizzole,2020,50-249,unita_locali,14
017014,Bedizzole,2020,totale,unita_locali,1027
017014,Bedizzole,2021,0-9,unita_locali,944
017014,Bedizzole,2021,10-49,unita_locali,91
017014,Bedizzole,2021,50-249,unita_locali,11
017014,Bedizzole,2021,totale,unita_locali,1046
017014,Bedizzole,2022,0-9,unita_locali,986
017014,Bedizzole,2022,10-49,unita_locali,89
017014,Bedizzole,2022,50-249,unita_locali,11
017014,Bedizzole,2022,totale,unita_locali,1086
017014,Bedizzole,2023,0-9,unita_locali,992
017014,Bedizzole,2023,10-49,unita_locali,78
017014,Bedizzole,2023,50-249,unita_locali,13
017014,Bedizzole,2023,totale,unita_locali,1083
017015,Berlingo,2018,0-9,addetti,385.3
017015,Berlingo,2018,10-49,addetti,288.9
017015,Berlingo,2018,50-249,addetti,86.0
017015,Berlingo,2018,totale,addetti,760.2
017015,Berlingo,2019,0-9,addetti,376.2
017015,Berlingo,2019,10-49,addetti,326.0
017015,Berlingo,2019,50-249,addetti,85.6
017015,Berlingo,2019,totale,addetti,787.7
017015,Berlingo,2020,0-9,addetti,371.6
017015,Berlingo,2020,10-49,addetti,336.7
017015,Berlingo,2020,50-249,addetti,85.4
017015,Berlingo,2020,totale,addetti,793.7
017015,Berlingo,2021,0-9,addetti,362.3
017015,Berlingo,2021,10-49,addetti,305.3
017015,Berlingo,2021,50-249,addetti,155.0
017015,Berlingo,2021,totale,addetti,822.6
017015,Berlingo,2022,0-9,addetti,386.8
017015,Berlingo,2022,10-49,addetti,286.8
017015,Berlingo,2022,50-249,addetti,228.6
017015,Berlingo,2022,totale,addetti,902.2
017015,Berlingo,2023,0-9,addetti,380.5
017015,Berlingo,2023,10-49,addetti,302.7
017015,Berlingo,2023,50-249,addetti,320.7
017015,Berlingo,2023,totale,addetti,1003.9
017015,Berlingo,2018,0-9,unita_locali,189
017015,Berlingo,2018,10-49,unita_locali,13
017015,Berlingo,2018,50-249,unita_locali,1
017015,Berlingo,2018,totale,unita_locali,203
017015,Berlingo,2019,0-9,unita_locali,182
017015,Berlingo,2019,10-49,unita_locali,14
017015,Berlingo,2019,50-249,unita_locali,1
017015,Berlingo,2019,totale,unita_locali,197
017015,Berlingo,2020,0-9,unita_locali,189
017015,Berlingo,2020,10-49,unita_locali,13
017015,Berlingo,2020,50-249,unita_locali,1
017015,Berlingo,2020,totale,unita_locali,203
017015,Berlingo,2021,0-9,unita_locali,202
017015,Berlingo,2021,10-49,unita_locali,13
017015,Berlingo,2021,50-249,unita_locali,2
017015,Berlingo,2021,totale,unita_locali,217
017015,Berlingo,2022,0-9,unita_locali,221
017015,Berlingo,2022,10-49,unita_locali,12
017015,Berlingo,2022,50-249,unita_locali,3
017015,Berlingo,2022,totale,unita_locali,236
017015,Berlingo,2023,0-9,unita_locali,218
017015,Berlingo,2023,10-49,unita_locali,14
017015,Berlingo,2023,50-249,unita_locali,4
017015,Berlingo,2023,totale,unita_locali,236
017016,Berzo Demo,2018,0-9,addetti,223.0
017016,Berzo Demo,2018,10-49,addetti,125.3
017016,Berzo Demo,2018,50-249,addetti,62.3
017016,Berzo Demo,2018,totale,addetti,410.6
017016,Berzo Demo,2019,0-9,addetti,221.6
017016,Berzo Demo,2019,10-49,addetti,115.2
017016,Berzo Demo,2019,50-249,addetti,49.6
017016,Berzo Demo,2019,totale,addetti,386.4
017016,Berzo Demo,2020,0-9,addetti,218.1
017016,Berzo Demo,2020,10-49,addetti,124.8
017016,Berzo Demo,2020,50-249,addetti,51.0
017016,Berzo Demo,2020,totale,addetti,393.9
017016,Berzo Demo,2021,0-9,addetti,216.5
017016,Berzo Demo,2021,10-49,addetti,191.4
017016,Berzo Demo,2021,50-249,addetti,58.5
017016,Berzo Demo,2021,totale,addetti,466.4
017016,Berzo Demo,2022,0-9,addetti,215.3
017016,Berzo Demo,2022,10-49,addetti,222.5
017016,Berzo Demo,2022,totale,addetti,437.8
017016,Berzo Demo,2023,0-9,addetti,231.4
017016,Berzo Demo,2023,10-49,addetti,195.0
017016,Berzo Demo,2023,totale,addetti,426.4
017016,Berzo Demo,2018,0-9,unita_locali,108
017016,Berzo Demo,2018,10-49,unita_locali,6
017016,Berzo Demo,2018,50-249,unita_locali,1
017016,Berzo Demo,2018,totale,unita_locali,115
017016,Berzo Demo,2019,0-9,unita_locali,102
017016,Berzo Demo,2019,10-49,unita_locali,5
017016,Berzo Demo,2019,50-249,unita_locali,1
017016,Berzo Demo,2019,totale,unita_locali,108
017016,Berzo Demo,2020,0-9,unita_locali,108
017016,Berzo Demo,2020,10-49,unita_locali,6
017016,Berzo Demo,2020,50-249,unita_locali,1
017016,Berzo Demo,2020,totale,unita_locali,115
017016,Berzo Demo,2021,0-9,unita_locali,111
017016,Berzo Demo,2021,10-49,unita_locali,8
017016,Berzo Demo,2021,50-249,unita_locali,1
017016,Berzo Demo,2021,totale,unita_locali,120
017016,Berzo Demo,2022,0-9,unita_locali,111
017016,Berzo Demo,2022,10-49,unita_locali,9
017016,Berzo Demo,2022,totale,unita_locali,120
017016,Berzo Demo,2023,0-9,unita_locali,113
017016,Berzo Demo,2023,10-49,unita_locali,8
017016,Berzo Demo,2023,totale,unita_locali,121
017017,Berzo Inferiore,2018,0-9,addetti,422.9
017017,Berzo Inferiore,2018,10-49,addetti,251.1
017017,Berzo Inferiore,2018,50-249,addetti,99.7
017017,Berzo Inferiore,2018,totale,addetti,773.7
017017,Berzo Inferiore,2019,0-9,addetti,455.0
017017,Berzo Inferiore,2019,10-49,addetti,267.0
017017,Berzo Inferiore,2019,50-249,addetti,97.7
017017,Berzo Inferiore,2019,totale,addetti,819.8
017017,Berzo Inferiore,2020,0-9,addetti,453.7
017017,Berzo Inferiore,2020,10-49,addetti,291.4
017017,Berzo Inferiore,2020,50-249,addetti,92.7
017017,Berzo Inferiore,2020,totale,addetti,837.8
017017,Berzo Inferiore,2021,0-9,addetti,458.0
017017,Berzo Inferiore,2021,10-49,addetti,284.2
017017,Berzo Inferiore,2021,50-249,addetti,87.7
017017,Berzo Inferiore,2021,totale,addetti,829.9
017017,Berzo Inferiore,2022,0-9,addetti,461.2
017017,Berzo Inferiore,2022,10-49,addetti,312.0
017017,Berzo Inferiore,2022,50-249,addetti,86.0
017017,Berzo Inferiore,2022,totale,addetti,859.2
017017,Berzo Inferiore,2023,0-9,addetti,460.5
017017,Berzo Inferiore,2023,10-49,addetti,320.1
017017,Berzo Inferiore,2023,50-249,addetti,129.1
017017,Berzo Inferiore,2023,totale,addetti,909.7
017017,Berzo Inferiore,2018,0-9,unita_locali,197
017017,Berzo Inferiore,2018,10-49,unita_locali,14
017017,Berzo Inferiore,2018,50-249,unita_locali,1
017017,Berzo Inferiore,2018,totale,unita_locali,212
017017,Berzo Inferiore,2019,0-9,unita_locali,199
017017,Berzo Inferiore,2019,10-49,unita_locali,15
017017,Berzo Inferiore,2019,50-249,unita_locali,1
017017,Berzo Inferiore,2019,totale,unita_locali,215
017017,Berzo Inferiore,2020,0-9,unita_locali,205
017017,Berzo Inferiore,2020,10-49,unita_locali,17
017017,Berzo Inferiore,2020,50-249,unita_locali,1
017017,Berzo Inferiore,2020,totale,unita_locali,223
017017,Berzo Inferiore,2021,0-9,unita_locali,208
017017,Berzo Inferiore,2021,10-49,unita_locali,16
017017,Berzo Inferiore,2021,50-249,unita_locali,1
017017,Berzo Inferiore,2021,totale,unita_locali,225
017017,Berzo Inferiore,2022,0-9,unita_locali,210
017017,Berzo Inferiore,2022,10-49,unita_locali,17
017017,Berzo Inferiore,2022,50-249,unita_locali,1
017017,Berzo Inferiore,2022,totale,unita_locali,228
017017,Berzo Inferiore,2023,0-9,unita_locali,206
017017,Berzo Inferiore,2023,10-49,unita_locali,19
017017,Berzo Inferiore,2023,50-249,unita_locali,2
017017,Berzo Inferiore,2023,totale,unita_locali,227
017018,Bienno,2018,0-9,addetti,573.2
017018,Bienno,2018,10-49,addetti,219.0
017018,Bienno,2018,50-249,addetti,163.0
017018,Bienno,2018,totale,addetti,955.2
017018,Bienno,2019,0-9,addetti,538.5
017018,Bienno,2019,10-49,addetti,231.9
017018,Bienno,2019,50-249,addetti,172.7
017018,Bienno,2019,totale,addetti,943.1
017018,Bienno,2020,0-9,addetti,568.5
017018,Bienno,2020,10-49,addetti,188.7
017018,Bienno,2020,50-249,addetti,168.8
017018,Bienno,2020,totale,addetti,926.0
017018,Bienno,2021,0-9,addetti,566.4
017018,Bienno,2021,10-49,addetti,210.5
017018,Bienno,2021,50-249,addetti,151.4
017018,Bienno,2021,totale,addetti,928.4
017018,Bienno,2022,0-9,addetti,565.8
017018,Bienno,2022,10-49,addetti,273.7
017018,Bienno,2022,50-249,addetti,107.5
017018,Bienno,2022,totale,addetti,946.9
017018,Bienno,2023,0-9,addetti,542.3
017018,Bienno,2023,10-49,addetti,300.5
017018,Bienno,2023,50-249,addetti,111.1
017018,Bienno,2023,totale,addetti,953.9
017018,Bienno,2018,0-9,unita_locali,294
017018,Bienno,2018,10-49,unita_locali,13
017018,Bienno,2018,50-249,unita_locali,2
017018,Bienno,2018,totale,unita_locali,309
017018,Bienno,2019,0-9,unita_locali,282
017018,Bienno,2019,10-49,unita_locali,14
017018,Bienno,2019,50-249,unita_locali,2
017018,Bienno,2019,totale,unita_locali,298
017018,Bienno,2020,0-9,unita_locali,287
017018,Bienno,2020,10-49,unita_locali,10
017018,Bienno,2020,50-249,unita_locali,2
017018,Bienno,2020,totale,unita_locali,299
017018,Bienno,2021,0-9,unita_locali,289
017018,Bienno,2021,10-49,unita_locali,10
017018,Bienno,2021,50-249,unita_locali,2
017018,Bienno,2021,totale,unita_locali,301
017018,Bienno,2022,0-9,unita_locali,297
017018,Bienno,2022,10-49,unita_locali,14
017018,Bienno,2022,50-249,unita_locali,1
017018,Bienno,2022,totale,unita_locali,312
017018,Bienno,2023,0-9,unita_locali,296
017018,Bienno,2023,10-49,unita_locali,16
017018,Bienno,2023,50-249,unita_locali,1
017018,Bienno,2023,totale,unita_locali,313
017019,Bione,2018,0-9,addetti,184.9
017019,Bione,2018,10-49,addetti,154.1
017019,Bione,2018,50-249,addetti,364.9
017019,Bione,2018,totale,addetti,703.9
017019,Bione,2019,0-9,addetti,198.1
017019,Bione,2019,10-49,addetti,145.3
017019,Bione,2019,50-249,addetti,358.7
017019,Bione,2019,totale,addetti,702.1
017019,Bione,2020,0-9,addetti,190.1
017019,Bione,2020,10-49,addetti,217.1
017019,Bione,2020,50-249,addetti,307.5
017019,Bione,2020,totale,addetti,714.7
017019,Bione,2021,0-9,addetti,193.4
017019,Bione,2021,10-49,addetti,237.2
017019,Bione,2021,50-249,addetti,318.2
017019,Bione,2021,totale,addetti,748.9
017019,Bione,2022,0-9,addetti,201.8
017019,Bione,2022,10-49,addetti,222.7
017019,Bione,2022,50-249,addetti,341.6
017019,Bione,2022,totale,addetti,766.1
017019,Bione,2023,0-9,addetti,211.5
017019,Bione,2023,10-49,addetti,194.4
017019,Bione,2023,50-249,addetti,337.5
017019,Bione,2023,totale,addetti,743.4
017019,Bione,2018,0-9,unita_locali,79
017019,Bione,2018,10-49,unita_locali,10
017019,Bione,2018,50-249,unita_locali,5
017019,Bione,2018,totale,unita_locali,94
017019,Bione,2019,0-9,unita_locali,82
017019,Bione,2019,10-49,unita_locali,10
017019,Bione,2019,50-249,unita_locali,5
017019,Bione,2019,totale,unita_locali,97
017019,Bione,2020,0-9,unita_locali,80
017019,Bione,2020,10-49,unita_locali,12
017019,Bione,2020,50-249,unita_locali,4
017019,Bione,2020,totale,unita_locali,96
017019,Bione,2021,0-9,unita_locali,85
017019,Bione,2021,10-49,unita_locali,13
017019,Bione,2021,50-249,unita_locali,4
017019,Bione,2021,totale,unita_locali,102
017019,Bione,2022,0-9,unita_locali,83
017019,Bione,2022,10-49,unita_locali,12
017019,Bione,2022,50-249,unita_locali,4
017019,Bione,2022,totale,unita_locali,99
017019,Bione,2023,0-9,unita_locali,85
017019,Bione,2023,10-49,unita_locali,10
017019,Bione,2023,50-249,unita_locali,4
017019,Bione,2023,totale,unita_locali,99
017020,Borgo San Giacomo,2018,0-9,addetti,662.7
017020,Borgo San Giacomo,2018,10-49,addetti,438.6
017020,Borgo San Giacomo,2018,totale,addetti,1101.3
017020,Borgo San Giacomo,2019,0-9,addetti,665.9
017020,Borgo San Giacomo,2019,10-49,addetti,426.4
017020,Borgo San Giacomo,2019,totale,addetti,1092.2
017020,Borgo San Giacomo,2020,0-9,addetti,648.7
017020,Borgo San Giacomo,2020,10-49,addetti,479.8
017020,Borgo San Giacomo,2020,totale,addetti,1128.5
017020,Borgo San Giacomo,2021,0-9,addetti,678.4
017020,Borgo San Giacomo,2021,10-49,addetti,435.4
017020,Borgo San Giacomo,2021,totale,addetti,1113.8
017020,Borgo San Giacomo,2022,0-9,addetti,658.4
017020,Borgo San Giacomo,2022,10-49,addetti,432.2
017020,Borgo San Giacomo,2022,totale,addetti,1090.6
017020,Borgo San Giacomo,2023,0-9,addetti,657.7
017020,Borgo San Giacomo,2023,10-49,addetti,448.1
017020,Borgo San Giacomo,2023,50-249,addetti,50.2
017020,Borgo San Giacomo,2023,totale,addetti,1156.0
017020,Borgo San Giacomo,2018,0-9,unita_locali,327
017020,Borgo San Giacomo,2018,10-49,unita_locali,25
017020,Borgo San Giacomo,2018,totale,unita_locali,352
017020,Borgo San Giacomo,2019,0-9,unita_locali,322
017020,Borgo San Giacomo,2019,10-49,unita_locali,23
017020,Borgo San Giacomo,2019,totale,unita_locali,345
017020,Borgo San Giacomo,2020,0-9,unita_locali,308
017020,Borgo San Giacomo,2020,10-49,unita_locali,24
017020,Borgo San Giacomo,2020,totale,unita_locali,332
017020,Borgo San Giacomo,2021,0-9,unita_locali,322
017020,Borgo San Giacomo,2021,10-49,unita_locali,22
017020,Borgo San Giacomo,2021,totale,unita_locali,344
017020,Borgo San Giacomo,2022,0-9,unita_locali,335
017020,Borgo San Giacomo,2022,10-49,unita_locali,23
017020,Borgo San Giacomo,2022,totale,unita_locali,358
017020,Borgo San Giacomo,2023,0-9,unita_locali,328
017020,Borgo San Giacomo,2023,10-49,unita_locali,23
017020,Borgo San Giacomo,2023,50-249,unita_locali,1
017020,Borgo San Giacomo,2023,totale,unita_locali,352
017021,Borgosatollo,2018,0-9,addetti,1263.7
017021,Borgosatollo,2018,10-49,addetti,833.4
017021,Borgosatollo,2018,50-249,addetti,449.0
017021,Borgosatollo,2018,totale,addetti,2546.1
017021,Borgosatollo,2019,0-9,addetti,1281.5
017021,Borgosatollo,2019,10-49,addetti,835.8
017021,Borgosatollo,2019,50-249,addetti,413.0
017021,Borgosatollo,2019,totale,addetti,2530.2
017021,Borgosatollo,2020,0-9,addetti,1287.3
017021,Borgosatollo,2020,10-49,addetti,907.6
017021,Borgosatollo,2020,50-249,addetti,335.4
017021,Borgosatollo,2020,totale,addetti,2530.4
017021,Borgosatollo,2021,0-9,addetti,1329.4
017021,Borgosatollo,2021,10-49,addetti,876.2
017021,Borgosatollo,2021,50-249,addetti,416.9
017021,Borgosatollo,2021,totale,addetti,2622.5
017021,Borgosatollo,2022,0-9,addetti,1322.8
017021,Borgosatollo,2022,10-49,addetti,989.9
017021,Borgosatollo,2022,50-249,addetti,367.0
017021,Borgosatollo,2022,totale,addetti,2679.7
017021,Borgosatollo,2023,0-9,addetti,1351.0
017021,Borgosatollo,2023,10-49,addetti,883.0
017021,Borgosatollo,2023,50-249,addetti,485.7
017021,Borgosatollo,2023,totale,addetti,2719.8
017021,Borgosatollo,2018,0-9,unita_locali,645
017021,Borgosatollo,2018,10-49,unita_locali,49
017021,Borgosatollo,2018,50-249,unita_locali,5
017021,Borgosatollo,2018,totale,unita_locali,699
017021,Borgosatollo,2019,0-9,unita_locali,623
017021,Borgosatollo,2019,10-49,unita_locali,47
017021,Borgosatollo,2019,50-249,unita_locali,4
017021,Borgosatollo,2019,totale,unita_locali,674
017021,Borgosatollo,2020,0-9,unita_locali,653
017021,Borgosatollo,2020,10-49,unita_locali,50
017021,Borgosatollo,2020,50-249,unita_locali,3
017021,Borgosatollo,2020,totale,unita_locali,706
017021,Borgosatollo,2021,0-9,unita_locali,682
017021,Borgosatollo,2021,10-49,unita_locali,50
017021,Borgosatollo,2021,50-249,unita_locali,4
017021,Borgosatollo,2021,totale,unita_locali,736
017021,Borgosatollo,2022,0-9,unita_locali,700
017021,Borgosatollo,2022,10-49,unita_locali,56
017021,Borgosatollo,2022,50-249,unita_locali,3
017021,Borgosatollo,2022,totale,unita_locali,759
017021,Borgosatollo,2023,0-9,unita_locali,720
017021,Borgosatollo,2023,10-49,unita_locali,51
017021,Borgosatollo,2023,50-249,unita_locali,5
017021,Borgosatollo,2023,totale,unita_locali,776
017022,Borno,2018,0-9,addetti,401.6
017022,Borno,2018,10-49,addetti,125.3
017022,Borno,2018,totale,addetti,526.9
017022,Borno,2019,0-9,addetti,400.7
017022,Borno,2019,10-49,addetti,61.4
017022,Borno,2019,50-249,addetti,51.1
017022,Borno,2019,totale,addetti,513.1
017022,Borno,2020,0-9,addetti,388.3
017022,Borno,2020,10-49,addetti,144.2
017022,Borno,2020,totale,addetti,532.5
017022,Borno,2021,0-9,addetti,405.0
017022,Borno,2021,10-49,addetti,135.5
017022,Borno,2021,totale,addetti,540.4
017022,Borno,2022,0-9,addetti,428.4
017022,Borno,2022,10-49,addetti,112.5
017022,Borno,2022,totale,addetti,541.0
017022,Borno,2023,0-9,addetti,409.5
017022,Borno,2023,10-49,addetti,84.7
017022,Borno,2023,50-249,addetti,50.2
017022,Borno,2023,totale,addetti,544.3
017022,Borno,2018,0-9,unita_locali,222
017022,Borno,2018,10-49,unita_locali,6
017022,Borno,2018,totale,unita_locali,228
017022,Borno,2019,0-9,unita_locali,219
017022,Borno,2019,10-49,unita_locali,4
017022,Borno,2019,50-249,unita_locali,1
017022,Borno,2019,totale,unita_locali,224
017022,Borno,2020,0-9,unita_locali,235
017022,Borno,2020,10-49,unita_locali,8
017022,Borno,2020,totale,unita_locali,243
017022,Borno,2021,0-9,unita_locali,234
017022,Borno,2021,10-49,unita_locali,7
017022,Borno,2021,totale,unita_locali,241
017022,Borno,2022,0-9,unita_locali,234
017022,Borno,2022,10-49,unita_locali,5
017022,Borno,2022,totale,unita_locali,239
017022,Borno,2023,0-9,unita_locali,227
017022,Borno,2023,10-49,unita_locali,4
017022,Borno,2023,50-249,unita_locali,1
017022,Borno,2023,totale,unita_locali,232
017023,Botticino,2018,0-9,addetti,1273.9
017023,Botticino,2018,10-49,addetti,686.1
017023,Botticino,2018,50-249,addetti,150.2
017023,Botticino,2018,totale,addetti,2110.2
017023,Botticino,2019,0-9,addetti,1242.1
017023,Botticino,2019,10-49,addetti,705.7
017023,Botticino,2019,50-249,addetti,148.8
017023,Botticino,2019,totale,addetti,2096.6
017023,Botticino,2020,0-9,addetti,1273.7
017023,Botticino,2020,10-49,addetti,626.1
017023,Botticino,2020,50-249,addetti,148.7
017023,Botticino,2020,totale,addetti,2048.6
017023,Botticino,2021,0-9,addetti,1295.9
017023,Botticino,2021,10-49,addetti,613.2
017023,Botticino,2021,50-249,addetti,143.6
017023,Botticino,2021,totale,addetti,2052.8
017023,Botticino,2022,0-9,addetti,1282.1
017023,Botticino,2022,10-49,addetti,599.9
017023,Botticino,2022,50-249,addetti,151.1
017023,Botticino,2022,totale,addetti,2033.1
017023,Botticino,2023,0-9,addetti,1322.2
017023,Botticino,2023,10-49,addetti,593.5
017023,Botticino,2023,50-249,addetti,148.2
017023,Botticino,2023,totale,addetti,2063.8
017023,Botticino,2018,0-9,unita_locali,748
017023,Botticino,2018,10-49,unita_locali,44
017023,Botticino,2018,50-249,unita_locali,2
017023,Botticino,2018,totale,unita_locali,794
017023,Botticino,2019,0-9,unita_locali,713
017023,Botticino,2019,10-49,unita_locali,43
017023,Botticino,2019,50-249,unita_locali,2
017023,Botticino,2019,totale,unita_locali,758
017023,Botticino,2020,0-9,unita_locali,763
017023,Botticino,2020,10-49,unita_locali,40
017023,Botticino,2020,50-249,unita_locali,2
017023,Botticino,2020,totale,unita_locali,805
017023,Botticino,2021,0-9,unita_locali,779
017023,Botticino,2021,10-49,unita_locali,39
017023,Botticino,2021,50-249,unita_locali,2
017023,Botticino,2021,totale,unita_locali,820
017023,Botticino,2022,0-9,unita_locali,808
017023,Botticino,2022,10-49,unita_locali,38
017023,Botticino,2022,50-249,unita_locali,2
017023,Botticino,2022,totale,unita_locali,848
017023,Botticino,2023,0-9,unita_locali,816
017023,Botticino,2023,10-49,unita_locali,35
017023,Botticino,2023,50-249,unita_locali,2
017023,Botticino,2023,totale,unita_locali,853
017024,Bovegno,2018,0-9,addetti,266.1
017024,Bovegno,2018,10-49,addetti,27.4
017024,Bovegno,2018,totale,addetti,293.6
017024,Bovegno,2019,0-9,addetti,250.9
017024,Bovegno,2019,10-49,addetti,27.8
017024,Bovegno,2019,totale,addetti,278.7
017024,Bovegno,2020,0-9,addetti,257.4
017024,Bovegno,2020,10-49,addetti,39.5
017024,Bovegno,2020,totale,addetti,297.0
017024,Bovegno,2021,0-9,addetti,266.6
017024,Bovegno,2021,10-49,addetti,31.3
017024,Bovegno,2021,totale,addetti,297.9
017024,Bovegno,2022,0-9,addetti,251.6
017024,Bovegno,2022,10-49,addetti,45.1
017024,Bovegno,2022,totale,addetti,296.7
017024,Bovegno,2023,0-9,addetti,251.9
017024,Bovegno,2023,10-49,addetti,44.1
017024,Bovegno,2023,totale,addetti,296.1
017024,Bovegno,2018,0-9,unita_locali,144
017024,Bovegno,2018,10-49,unita_locali,2
017024,Bovegno,2018,totale,unita_locali,146
017024,Bovegno,2019,0-9,unita_locali,137
017024,Bovegno,2019,10-49,unita_locali,2
017024,Bovegno,2019,totale,unita_locali,139
017024,Bovegno,2020,0-9,unita_locali,145
017024,Bovegno,2020,10-49,unita_locali,3
017024,Bovegno,2020,totale,unita_locali,148
017024,Bovegno,2021,0-9,unita_locali,142
017024,Bovegno,2021,10-49,unita_locali,2
017024,Bovegno,2021,totale,unita_locali,144
017024,Bovegno,2022,0-9,unita_locali,138
017024,Bovegno,2022,10-49,unita_locali,3
017024,Bovegno,2022,totale,unita_locali,141
017024,Bovegno,2023,0-9,unita_locali,139
017024,Bovegno,2023,10-49,unita_locali,3
017024,Bovegno,2023,totale,unita_locali,142
017025,Bovezzo,2018,0-9,addetti,785.4
017025,Bovezzo,2018,10-49,addetti,440.5
017025,Bovezzo,2018,50-249,addetti,456.5
017025,Bovezzo,2018,totale,addetti,1682.4
017025,Bovezzo,2019,0-9,addetti,803.9
017025,Bovezzo,2019,10-49,addetti,439.1
017025,Bovezzo,2019,50-249,addetti,440.1
017025,Bovezzo,2019,totale,addetti,1683.1
017025,Bovezzo,2020,0-9,addetti,839.9
017025,Bovezzo,2020,10-49,addetti,410.5
017025,Bovezzo,2020,50-249,addetti,463.9
017025,Bovezzo,2020,totale,addetti,1714.3
017025,Bovezzo,2021,0-9,addetti,839.7
017025,Bovezzo,2021,10-49,addetti,412.4
017025,Bovezzo,2021,50-249,addetti,506.3
017025,Bovezzo,2021,totale,addetti,1758.3
017025,Bovezzo,2022,0-9,addetti,821.6
017025,Bovezzo,2022,10-49,addetti,474.1
017025,Bovezzo,2022,50-249,addetti,501.6
017025,Bovezzo,2022,totale,addetti,1797.3
017025,Bovezzo,2023,0-9,addetti,811.2
017025,Bovezzo,2023,10-49,addetti,436.0
017025,Bovezzo,2023,50-249,addetti,557.0
017025,Bovezzo,2023,totale,addetti,1804.2
017025,Bovezzo,2018,0-9,unita_locali,474
017025,Bovezzo,2018,10-49,unita_locali,23
017025,Bovezzo,2018,50-249,unita_locali,4
017025,Bovezzo,2018,totale,unita_locali,501
017025,Bovezzo,2019,0-9,unita_locali,474
017025,Bovezzo,2019,10-49,unita_locali,26
017025,Bovezzo,2019,50-249,unita_locali,4
017025,Bovezzo,2019,totale,unita_locali,504
017025,Bovezzo,2020,0-9,unita_locali,492
017025,Bovezzo,2020,10-49,unita_locali,21
017025,Bovezzo,2020,50-249,unita_locali,4
017025,Bovezzo,2020,totale,unita_locali,517
017025,Bovezzo,2021,0-9,unita_locali,497
017025,Bovezzo,2021,10-49,unita_locali,22
017025,Bovezzo,2021,50-249,unita_locali,5
017025,Bovezzo,2021,totale,unita_locali,524
017025,Bovezzo,2022,0-9,unita_locali,513
017025,Bovezzo,2022,10-49,unita_locali,23
017025,Bovezzo,2022,50-249,unita_locali,4
017025,Bovezzo,2022,totale,unita_locali,540
017025,Bovezzo,2023,0-9,unita_locali,483
017025,Bovezzo,2023,10-49,unita_locali,23
017025,Bovezzo,2023,50-249,unita_locali,5
017025,Bovezzo,2023,totale,unita_locali,511
017026,Brandico,2018,0-9,addetti,152.6
017026,Brandico,2018,10-49,addetti,188.1
017026,Brandico,2018,50-249,addetti,173.0
017026,Brandico,2018,totale,addetti,513.7
017026,Brandico,2019,0-9,addetti,143.8
017026,Brandico,2019,10-49,addetti,161.5
017026,Brandico,2019,50-249,addetti,216.9
017026,Brandico,2019,totale,addetti,522.3
017026,Brandico,2020,0-9,addetti,146.7
017026,Brandico,2020,10-49,addetti,137.9
017026,Brandico,2020,50-249,addetti,216.6
017026,Brandico,2020,totale,addetti,501.2
017026,Brandico,2021,0-9,addetti,139.3
017026,Brandico,2021,10-49,addetti,183.6
017026,Brandico,2021,50-249,addetti,224.4
017026,Brandico,2021,totale,addetti,547.3
017026,Brandico,2022,0-9,addetti,147.3
017026,Brandico,2022,10-49,addetti,191.9
017026,Brandico,2022,50-249,addetti,247.2
017026,Brandico,2022,totale,addetti,586.4
017026,Brandico,2023,0-9,addetti,169.6
017026,Brandico,2023,10-49,addetti,202.4
017026,Brandico,2023,50-249,addetti,247.3
017026,Brandico,2023,totale,addetti,619.3
017026,Brandico,2018,0-9,unita_locali,75
017026,Brandico,2018,10-49,unita_locali,9
017026,Brandico,2018,50-249,unita_locali,2
017026,Brandico,2018,totale,unita_locali,86
017026,Brandico,2019,0-9,unita_locali,78
017026,Brandico,2019,10-49,unita_locali,8
017026,Brandico,2019,50-249,unita_locali,2
017026,Brandico,2019,totale,unita_locali,88
017026,Brandico,2020,0-9,unita_locali,82
017026,Brandico,2020,10-49,unita_locali,7
017026,Brandico,2020,50-249,unita_locali,2
017026,Brandico,2020,totale,unita_locali,91
017026,Brandico,2021,0-9,unita_locali,84
017026,Brandico,2021,10-49,unita_locali,10
017026,Brandico,2021,50-249,unita_locali,2
017026,Brandico,2021,totale,unita_locali,96
017026,Brandico,2022,0-9,unita_locali,89
017026,Brandico,2022,10-49,unita_locali,10
017026,Brandico,2022,50-249,unita_locali,2
017026,Brandico,2022,totale,unita_locali,101
017026,Brandico,2023,0-9,unita_locali,92
017026,Brandico,2023,10-49,unita_locali,9
017026,Brandico,2023,50-249,unita_locali,2
017026,Brandico,2023,totale,unita_locali,103
017027,Braone,2018,0-9,addetti,106.8
017027,Braone,2018,10-49,addetti,76.9
017027,Braone,2018,totale,addetti,183.8
017027,Braone,2019,0-9,addetti,112.0
017027,Braone,2019,10-49,addetti,68.5
017027,Braone,2019,totale,addetti,180.5
017027,Braone,2020,0-9,addetti,114.8
017027,Braone,2020,10-49,addetti,10.9
017027,Braone,2020,totale,addetti,125.7
017027,Braone,2021,0-9,addetti,115.4
017027,Braone,2021,10-49,addetti,33.5
017027,Braone,2021,totale,addetti,149.0
017027,Braone,2022,0-9,addetti,105.2
017027,Braone,2022,10-49,addetti,48.7
017027,Braone,2022,totale,addetti,153.9
017027,Braone,2023,0-9,addetti,107.3
017027,Braone,2023,10-49,addetti,53.2
017027,Braone,2023,totale,addetti,160.5
017027,Braone,2018,0-9,unita_locali,53
017027,Braone,2018,10-49,unita_locali,3
017027,Braone,2018,totale,unita_locali,56
017027,Braone,2019,0-9,unita_locali,56
017027,Braone,2019,10-49,unita_locali,3
017027,Braone,2019,totale,unita_locali,59
017027,Braone,2020,0-9,unita_locali,58
017027,Braone,2020,10-49,unita_locali,1
017027,Braone,2020,totale,unita_locali,59
017027,Braone,2021,0-9,unita_locali,59
017027,Braone,2021,10-49,unita_locali,2
017027,Braone,2021,totale,unita_locali,61
017027,Braone,2022,0-9,unita_locali,62
017027,Braone,2022,10-49,unita_locali,3
017027,Braone,2022,totale,unita_locali,65
017027,Braone,2023,0-9,unita_locali,61
017027,Braone,2023,10-49,unita_locali,3
017027,Braone,2023,totale,unita_locali,64
017028,Breno,2018,0-9,addetti,1006.5
017028,Breno,2018,10-49,addetti,600.4
017028,Breno,2018,50-249,addetti,504.1
017028,Breno,2018,totale,addetti,2110.9
017028,Breno,2019,0-9,addetti,1005.6
017028,Breno,2019,10-49,addetti,551.8
017028,Breno,2019,50-249,addetti,508.4
017028,Breno,2019,totale,addetti,2065.9
017028,Breno,2020,0-9,addetti,1004.7
017028,Breno,2020,10-49,addetti,598.7
017028,Breno,2020,50-249,addetti,383.6
017028,Breno,2020,totale,addetti,1987.1
017028,Breno,2021,0-9,addetti,962.0
017028,Breno,2021,10-49,addetti,513.7
017028,Breno,2021,50-249,addetti,422.1
017028,Breno,2021,totale,addetti,1897.8
017028,Breno,2022,0-9,addetti,1005.7
017028,Breno,2022,10-49,addetti,621.6
017028,Breno,2022,50-249,addetti,376.1
017028,Breno,2022,totale,addetti,2003.3
017028,Breno,2023,0-9,addetti,1000.3
017028,Breno,2023,10-49,addetti,714.0
017028,Breno,2023,50-249,addetti,496.8
017028,Breno,2023,totale,addetti,2211.1
017028,Breno,2018,0-9,unita_locali,522
017028,Breno,2018,10-49,unita_locali,31
017028,Breno,2018,50-249,unita_locali,4
017028,Breno,2018,totale,unita_locali,557
017028,Breno,2019,0-9,unita_locali,515
017028,Breno,2019,10-49,unita_locali,28
017028,Breno,2019,50-249,unita_locali,5
017028,Breno,2019,totale,unita_locali,548
017028,Breno,2020,0-9,unita_locali,541
017028,Breno,2020,10-49,unita_locali,33
017028,Breno,2020,50-249,unita_locali,3
017028,Breno,2020,totale,unita_locali,577
017028,Breno,2021,0-9,unita_locali,545
017028,Breno,2021,10-49,unita_locali,33
017028,Breno,2021,50-249,unita_locali,4
017028,Breno,2021,totale,unita_locali,582
017028,Breno,2022,0-9,unita_locali,556
017028,Breno,2022,10-49,unita_locali,38
017028,Breno,2022,50-249,unita_locali,3
017028,Breno,2022,totale,unita_locali,597
017028,Breno,2023,0-9,unita_locali,550
017028,Breno,2023,10-49,unita_locali,44
017028,Breno,2023,50-249,unita_locali,5
017028,Breno,2023,totale,unita_locali,599
017029,Brescia,2018,0-9,addetti,40149.3
017029,Brescia,2018,10-49,addetti,22015.8
017029,Brescia,2018,250+,addetti,20110.7
017029,Brescia,2018,50-249,addetti,18860.0
017029,Brescia,2018,totale,addetti,101135.9
017029,Brescia,2019,0-9,addetti,39344.1
017029,Brescia,2019,10-49,addetti,22616.0
017029,Brescia,2019,250+,addetti,20508.6
017029,Brescia,2019,50-249,addetti,18647.9
017029,Brescia,2019,totale,addetti,101116.7
017029,Brescia,2020,0-9,addetti,39306.3
017029,Brescia,2020,10-49,addetti,21849.7
017029,Brescia,2020,250+,addetti,13752.9
017029,Brescia,2020,50-249,addetti,18553.2
017029,Brescia,2020,totale,addetti,93462.0
017029,Brescia,2021,0-9,addetti,39173.0
017029,Brescia,2021,10-49,addetti,23227.5
017029,Brescia,2021,250+,addetti,12049.6
017029,Brescia,2021,50-249,addetti,20668.5
017029,Brescia,2021,totale,addetti,95118.6
017029,Brescia,2022,0-9,addetti,41077.6
017029,Brescia,2022,10-49,addetti,23883.2
017029,Brescia,2022,250+,addetti,13487.9
017029,Brescia,2022,50-249,addetti,20479.3
017029,Brescia,2022,totale,addetti,98928.0
017029,Brescia,2023,0-9,addetti,41315.2
017029,Brescia,2023,10-49,addetti,25414.8
017029,Brescia,2023,250+,addetti,13775.1
017029,Brescia,2023,50-249,addetti,20434.2
017029,Brescia,2023,totale,addetti,100939.2
017029,Brescia,2018,0-9,unita_locali,22913
017029,Brescia,2018,10-49,unita_locali,1180
017029,Brescia,2018,250+,unita_locali,35
017029,Brescia,2018,50-249,unita_locali,183
017029,Brescia,2018,totale,unita_locali,24311
017029,Brescia,2019,0-9,unita_locali,22403
017029,Brescia,2019,10-49,unita_locali,1219
017029,Brescia,2019,250+,unita_locali,38
017029,Brescia,2019,50-249,unita_locali,179
017029,Brescia,2019,totale,unita_locali,23839
017029,Brescia,2020,0-9,unita_locali,23028
017029,Brescia,2020,10-49,unita_locali,1156
017029,Brescia,2020,250+,unita_locali,29
017029,Brescia,2020,50-249,unita_locali,182
017029,Brescia,2020,totale,unita_locali,24395
017029,Brescia,2021,0-9,unita_locali,23430
017029,Brescia,2021,10-49,unita_locali,1265
017029,Brescia,2021,250+,unita_locali,26
017029,Brescia,2021,50-249,unita_locali,210
017029,Brescia,2021,totale,unita_locali,24931
017029,Brescia,2022,0-9,unita_locali,24571
017029,Brescia,2022,10-49,unita_locali,1276
017029,Brescia,2022,250+,unita_locali,26
017029,Brescia,2022,50-249,unita_locali,203
017029,Brescia,2022,totale,unita_locali,26076
017029,Brescia,2023,0-9,unita_locali,24726
017029,Brescia,2023,10-49,unita_locali,1335
017029,Brescia,2023,250+,unita_locali,28
017029,Brescia,2023,50-249,unita_locali,198
017029,Brescia,2023,totale,unita_locali,26287
017030,Brione,2018,0-9,addetti,62.5
017030,Brione,2018,10-49,addetti,38.9
017030,Brione,2018,totale,addetti,101.4
017030,Brione,2019,0-9,addetti,52.7
017030,Brione,2019,10-49,addetti,40.2
017030,Brione,2019,totale,addetti,93.0
017030,Brione,2020,0-9,addetti,60.2
017030,Brione,2020,10-49,addetti,23.4
017030,Brione,2020,totale,addetti,83.7
017030,Brione,2021,0-9,addetti,64.2
017030,Brione,2021,10-49,addetti,25.0
017030,Brione,2021,totale,addetti,89.2
017030,Brione,2022,0-9,addetti,73.9
017030,Brione,2022,10-49,addetti,15.9
017030,Brione,2022,totale,addetti,89.8
017030,Brione,2023,0-9,addetti,84.0
017030,Brione,2023,10-49,addetti,15.1
017030,Brione,2023,totale,addetti,99.1
017030,Brione,2018,0-9,unita_locali,36
017030,Brione,2018,10-49,unita_locali,3
017030,Brione,2018,totale,unita_locali,39
017030,Brione,2019,0-9,unita_locali,31
017030,Brione,2019,10-49,unita_locali,3
017030,Brione,2019,totale,unita_locali,34
017030,Brione,2020,0-9,unita_locali,37
017030,Brione,2020,10-49,unita_locali,2
017030,Brione,2020,totale,unita_locali,39
017030,Brione,2021,0-9,unita_locali,38
017030,Brione,2021,10-49,unita_locali,2
017030,Brione,2021,totale,unita_locali,40
017030,Brione,2022,0-9,unita_locali,40
017030,Brione,2022,10-49,unita_locali,1
017030,Brione,2022,totale,unita_locali,41
017030,Brione,2023,0-9,unita_locali,44
017030,Brione,2023,10-49,unita_locali,1
017030,Brione,2023,totale,unita_locali,45
017031,Caino,2018,0-9,addetti,145.5
017031,Caino,2018,10-49,addetti,214.7
017031,Caino,2018,50-249,addetti,119.2
017031,Caino,2018,totale,addetti,479.5
017031,Caino,2019,0-9,addetti,152.8
017031,Caino,2019,10-49,addetti,217.5
017031,Caino,2019,50-249,addetti,119.7
017031,Caino,2019,totale,addetti,489.9
017031,Caino,2020,0-9,addetti,158.2
017031,Caino,2020,10-49,addetti,182.6
017031,Caino,2020,50-249,addetti,118.3
017031,Caino,2020,totale,addetti,459.1
017031,Caino,2021,0-9,addetti,153.9
017031,Caino,2021,10-49,addetti,174.4
017031,Caino,2021,50-249,addetti,124.2
017031,Caino,2021,totale,addetti,452.4
017031,Caino,2022,0-9,addetti,177.2
017031,Caino,2022,10-49,addetti,164.6
017031,Caino,2022,50-249,addetti,144.2
017031,Caino,2022,totale,addetti,486.1
017031,Caino,2023,0-9,addetti,158.7
017031,Caino,2023,10-49,addetti,196.8
017031,Caino,2023,50-249,addetti,151.6
017031,Caino,2023,totale,addetti,507.1
017031,Caino,2018,0-9,unita_locali,90
017031,Caino,2018,10-49,unita_locali,11
017031,Caino,2018,50-249,unita_locali,1
017031,Caino,2018,totale,unita_locali,102
017031,Caino,2019,0-9,unita_locali,98
017031,Caino,2019,10-49,unita_locali,11
017031,Caino,2019,50-249,unita_locali,1
017031,Caino,2019,totale,unita_locali,110
017031,Caino,2020,0-9,unita_locali,95
017031,Caino,2020,10-49,unita_locali,10
017031,Caino,2020,50-249,unita_locali,1
017031,Caino,2020,totale,unita_locali,106
017031,Caino,2021,0-9,unita_locali,94
017031,Caino,2021,10-49,unita_locali,10
017031,Caino,2021,50-249,unita_locali,1
017031,Caino,2021,totale,unita_locali,105
017031,Caino,2022,0-9,unita_locali,106
017031,Caino,2022,10-49,unita_locali,8
017031,Caino,2022,50-249,unita_locali,1
017031,Caino,2022,totale,unita_locali,115
017031,Caino,2023,0-9,unita_locali,102
017031,Caino,2023,10-49,unita_locali,10
017031,Caino,2023,50-249,unita_locali,1
017031,Caino,2023,totale,unita_locali,113
017032,Calcinato,2018,0-9,addetti,2061.7
017032,Calcinato,2018,10-49,addetti,1593.4
017032,Calcinato,2018,50-249,addetti,1212.8
017032,Calcinato,2018,totale,addetti,4868.0
017032,Calcinato,2019,0-9,addetti,2147.8
017032,Calcinato,2019,10-49,addetti,1444.2
017032,Calcinato,2019,50-249,addetti,1356.2
017032,Calcinato,2019,totale,addetti,4948.1
017032,Calcinato,2020,0-9,addetti,2088.0
017032,Calcinato,2020,10-49,addetti,1541.3
017032,Calcinato,2020,250+,addetti,293.6
017032,Calcinato,2020,50-249,addetti,1110.5
017032,Calcinato,2020,totale,addetti,5033.4
017032,Calcinato,2021,0-9,addetti,2052.9
017032,Calcinato,2021,10-49,addetti,1589.8
017032,Calcinato,2021,250+,addetti,294.8
017032,Calcinato,2021,50-249,addetti,1302.2
017032,Calcinato,2021,totale,addetti,5239.6
017032,Calcinato,2022,0-9,addetti,2105.4
017032,Calcinato,2022,10-49,addetti,1802.5
017032,Calcinato,2022,250+,addetti,304.9
017032,Calcinato,2022,50-249,addetti,1261.0
017032,Calcinato,2022,totale,addetti,5473.9
017032,Calcinato,2023,0-9,addetti,2053.7
017032,Calcinato,2023,10-49,addetti,1963.6
017032,Calcinato,2023,250+,addetti,315.5
017032,Calcinato,2023,50-249,addetti,1201.5
017032,Calcinato,2023,totale,addetti,5534.3
017032,Calcinato,2018,0-9,unita_locali,991
017032,Calcinato,2018,10-49,unita_locali,89
017032,Calcinato,2018,50-249,unita_locali,10
017032,Calcinato,2018,totale,unita_locali,1090
017032,Calcinato,2019,0-9,unita_locali,999
017032,Calcinato,2019,10-49,unita_locali,76
017032,Calcinato,2019,50-249,unita_locali,12
017032,Calcinato,2019,totale,unita_locali,1087
017032,Calcinato,2020,0-9,unita_locali,996
017032,Calcinato,2020,10-49,unita_locali,80
017032,Calcinato,2020,250+,unita_locali,1
017032,Calcinato,2020,50-249,unita_locali,11
017032,Calcinato,2020,totale,unita_locali,1088
017032,Calcinato,2021,0-9,unita_locali,1009
017032,Calcinato,2021,10-49,unita_locali,88
017032,Calcinato,2021,250+,unita_locali,1
017032,Calcinato,2021,50-249,unita_locali,12
017032,Calcinato,2021,totale,unita_locali,1110
017032,Calcinato,2022,0-9,unita_locali,1041
017032,Calcinato,2022,10-49,unita_locali,97
017032,Calcinato,2022,250+,unita_locali,1
017032,Calcinato,2022,50-249,unita_locali,11
017032,Calcinato,2022,totale,unita_locali,1150
017032,Calcinato,2023,0-9,unita_locali,1022
017032,Calcinato,2023,10-49,unita_locali,105
017032,Calcinato,2023,250+,unita_locali,1
017032,Calcinato,2023,50-249,unita_locali,10
017032,Calcinato,2023,totale,unita_locali,1138
017033,Calvagese della Riviera,2018,0-9,addetti,525.7
017033,Calvagese della Riviera,2018,10-49,addetti,312.1
017033,Calvagese della Riviera,2018,50-249,addetti,63.2
017033,Calvagese della Riviera,2018,totale,addetti,901.0
017033,Calvagese della Riviera,2019,0-9,addetti,522.1
017033,Calvagese della Riviera,2019,10-49,addetti,338.8
017033,Calvagese della Riviera,2019,50-249,addetti,63.6
017033,Calvagese della Riviera,2019,totale,addetti,924.5
017033,Calvagese della Riviera,2020,0-9,addetti,508.5
017033,Calvagese della Riviera,2020,10-49,addetti,344.6
017033,Calvagese della Riviera,2020,50-249,addetti,67.1
017033,Calvagese della Riviera,2020,totale,addetti,920.2
017033,Calvagese della Riviera,2021,0-9,addetti,505.9
017033,Calvagese della Riviera,2021,10-49,addetti,378.3
017033,Calvagese della Riviera,2021,50-249,addetti,70.3
017033,Calvagese della Riviera,2021,totale,addetti,954.5
017033,Calvagese della Riviera,2022,0-9,addetti,553.0
017033,Calvagese della Riviera,2022,10-49,addetti,390.6
017033,Calvagese della Riviera,2022,50-249,addetti,82.7
017033,Calvagese della Riviera,2022,totale,addetti,1026.3
017033,Calvagese della Riviera,2023,0-9,addetti,548.3
017033,Calvagese della Riviera,2023,10-49,addetti,417.6
017033,Calvagese della Riviera,2023,50-249,addetti,147.0
017033,Calvagese della Riviera,2023,totale,addetti,1112.8
017033,Calvagese della Riviera,2018,0-9,unita_locali,282
017033,Calvagese della Riviera,2018,10-49,unita_locali,18
017033,Calvagese della Riviera,2018,50-249,unita_locali,1
017033,Calvagese della Riviera,2018,totale,unita_locali,301
017033,Calvagese della Riviera,2019,0-9,unita_locali,269
017033,Calvagese della Riviera,2019,10-49,unita_locali,19
017033,Calvagese della Riviera,2019,50-249,unita_locali,1
017033,Calvagese della Riviera,2019,totale,unita_locali,289
017033,Calvagese della Riviera,2020,0-9,unita_locali,279
017033,Calvagese della Riviera,2020,10-49,unita_locali,18
017033,Calvagese della Riviera,2020,50-249,unita_locali,1
017033,Calvagese della Riviera,2020,totale,unita_locali,298
017033,Calvagese della Riviera,2021,0-9,unita_locali,284
017033,Calvagese della Riviera,2021,10-49,unita_locali,20
017033,Calvagese della Riviera,2021,50-249,unita_locali,1
017033,Calvagese della Riviera,2021,totale,unita_locali,305
017033,Calvagese della Riviera,2022,0-9,unita_locali,298
017033,Calvagese della Riviera,2022,10-49,unita_locali,20
017033,Calvagese della Riviera,2022,50-249,unita_locali,1
017033,Calvagese della Riviera,2022,totale,unita_locali,319
017033,Calvagese della Riviera,2023,0-9,unita_locali,311
017033,Calvagese della Riviera,2023,10-49,unita_locali,22
017033,Calvagese della Riviera,2023,50-249,unita_locali,2
017033,Calvagese della Riviera,2023,totale,unita_locali,335
017034,Calvisano,2018,0-9,addetti,954.4
017034,Calvisano,2018,10-49,addetti,793.6
017034,Calvisano,2018,50-249,addetti,520.4
017034,Calvisano,2018,totale,addetti,2268.4
017034,Calvisano,2019,0-9,addetti,962.1
017034,Calvisano,2019,10-49,addetti,844.6
017034,Calvisano,2019,50-249,addetti,493.5
017034,Calvisano,2019,totale,addetti,2300.2
017034,Calvisano,2020,0-9,addetti,983.7
017034,Calvisano,2020,10-49,addetti,775.9
017034,Calvisano,2020,50-249,addetti,558.1
017034,Calvisano,2020,totale,addetti,2317.7
017034,Calvisano,2021,0-9,addetti,959.2
017034,Calvisano,2021,10-49,addetti,777.4
017034,Calvisano,2021,50-249,addetti,654.3
017034,Calvisano,2021,totale,addetti,2390.8
017034,Calvisano,2022,0-9,addetti,1014.0
017034,Calvisano,2022,10-49,addetti,726.0
017034,Calvisano,2022,50-249,addetti,723.9
017034,Calvisano,2022,totale,addetti,2463.8
017034,Calvisano,2023,0-9,addetti,987.1
017034,Calvisano,2023,10-49,addetti,752.9
017034,Calvisano,2023,50-249,addetti,894.7
017034,Calvisano,2023,totale,addetti,2634.7
017034,Calvisano,2018,0-9,unita_locali,536
017034,Calvisano,2018,10-49,unita_locali,45
017034,Calvisano,2018,50-249,unita_locali,7
017034,Calvisano,2018,totale,unita_locali,588
017034,Calvisano,2019,0-9,unita_locali,518
017034,Calvisano,2019,10-49,unita_locali,45
017034,Calvisano,2019,50-249,unita_locali,6
017034,Calvisano,2019,totale,unita_locali,569
017034,Calvisano,2020,0-9,unita_locali,534
017034,Calvisano,2020,10-49,unita_locali,42
017034,Calvisano,2020,50-249,unita_locali,7
017034,Calvisano,2020,totale,unita_locali,583
017034,Calvisano,2021,0-9,unita_locali,542
017034,Calvisano,2021,10-49,unita_locali,44
017034,Calvisano,2021,50-249,unita_locali,8
017034,Calvisano,2021,totale,unita_locali,594
017034,Calvisano,2022,0-9,unita_locali,564
017034,Calvisano,2022,10-49,unita_locali,44
017034,Calvisano,2022,50-249,unita_locali,9
017034,Calvisano,2022,totale,unita_locali,617
017034,Calvisano,2023,0-9,unita_locali,561
017034,Calvisano,2023,10-49,unita_locali,46
017034,Calvisano,2023,50-249,unita_locali,10
017034,Calvisano,2023,totale,unita_locali,617
017035,Capo di Ponte,2018,0-9,addetti,279.0
017035,Capo di Ponte,2018,10-49,addetti,81.4
017035,Capo di Ponte,2018,50-249,addetti,126.9
017035,Capo di Ponte,2018,totale,addetti,487.2
017035,Capo di Ponte,2019,0-9,addetti,268.6
017035,Capo di Ponte,2019,10-49,addetti,105.9
017035,Capo di Ponte,2019,50-249,addetti,156.0
017035,Capo di Ponte,2019,totale,addetti,530.4
017035,Capo di Ponte,2020,0-9,addetti,271.4
017035,Capo di Ponte,2020,10-49,addetti,87.6
017035,Capo di Ponte,2020,50-249,addetti,137.9
017035,Capo di Ponte,2020,totale,addetti,496.9
017035,Capo di Ponte,2021,0-9,addetti,263.2
017035,Capo di Ponte,2021,10-49,addetti,116.0
017035,Capo di Ponte,2021,50-249,addetti,61.9
017035,Capo di Ponte,2021,totale,addetti,441.0
017035,Capo di Ponte,2022,0-9,addetti,254.4
017035,Capo di Ponte,2022,10-49,addetti,133.6
017035,Capo di Ponte,2022,totale,addetti,387.9
017035,Capo di Ponte,2023,0-9,addetti,246.9
017035,Capo di Ponte,2023,10-49,addetti,141.4
017035,Capo di Ponte,2023,totale,addetti,388.3
017035,Capo di Ponte,2018,0-9,unita_locali,176
017035,Capo di Ponte,2018,10-49,unita_locali,5
017035,Capo di Ponte,2018,50-249,unita_locali,1
017035,Capo di Ponte,2018,totale,unita_locali,182
017035,Capo di Ponte,2019,0-9,unita_locali,171
017035,Capo di Ponte,2019,10-49,unita_locali,6
017035,Capo di Ponte,2019,50-249,unita_locali,1
017035,Capo di Ponte,2019,totale,unita_locali,178
017035,Capo di Ponte,2020,0-9,unita_locali,162
017035,Capo di Ponte,2020,10-49,unita_locali,5
017035,Capo di Ponte,2020,50-249,unita_locali,1
017035,Capo di Ponte,2020,totale,unita_locali,168
017035,Capo di Ponte,2021,0-9,unita_locali,161
017035,Capo di Ponte,2021,10-49,unita_locali,5
017035,Capo di Ponte,2021,50-249,unita_locali,1
017035,Capo di Ponte,2021,totale,unita_locali,167
017035,Capo di Ponte,2022,0-9,unita_locali,166
017035,Capo di Ponte,2022,10-49,unita_locali,6
017035,Capo di Ponte,2022,totale,unita_locali,172
017035,Capo di Ponte,2023,0-9,unita_locali,160
017035,Capo di Ponte,2023,10-49,unita_locali,7
017035,Capo di Ponte,2023,totale,unita_locali,167
017036,Capovalle,2018,0-9,addetti,45.0
017036,Capovalle,2018,totale,addetti,45.0
017036,Capovalle,2019,0-9,addetti,52.1
017036,Capovalle,2019,totale,addetti,52.1
017036,Capovalle,2020,0-9,addetti,46.7
017036,Capovalle,2020,totale,addetti,46.7
017036,Capovalle,2021,0-9,addetti,42.8
017036,Capovalle,2021,totale,addetti,42.8
017036,Capovalle,2022,0-9,addetti,45.0
017036,Capovalle,2022,totale,addetti,45.0
017036,Capovalle,2023,0-9,addetti,43.6
017036,Capovalle,2023,totale,addetti,43.6
017036,Capovalle,2018,0-9,unita_locali,32
017036,Capovalle,2018,totale,unita_locali,32
017036,Capovalle,2019,0-9,unita_locali,33
017036,Capovalle,2019,totale,unita_locali,33
017036,Capovalle,2020,0-9,unita_locali,30
017036,Capovalle,2020,totale,unita_locali,30
017036,Capovalle,2021,0-9,unita_locali,30
017036,Capovalle,2021,totale,unita_locali,30
017036,Capovalle,2022,0-9,unita_locali,32
017036,Capovalle,2022,totale,unita_locali,32
017036,Capovalle,2023,0-9,unita_locali,31
017036,Capovalle,2023,totale,unita_locali,31
017037,Capriano del Colle,2018,0-9,addetti,723.2
017037,Capriano del Colle,2018,10-49,addetti,597.7
017037,Capriano del Colle,2018,50-249,addetti,289.2
017037,Capriano del Colle,2018,totale,addetti,1610.1
017037,Capriano del Colle,2019,0-9,addetti,722.9
017037,Capriano del Colle,2019,10-49,addetti,599.9
017037,Capriano del Colle,2019,50-249,addetti,360.2
017037,Capriano del Colle,2019,totale,addetti,1682.9
017037,Capriano del Colle,2020,0-9,addetti,667.9
017037,Capriano del Colle,2020,10-49,addetti,636.1
017037,Capriano del Colle,2020,50-249,addetti,260.5
017037,Capriano del Colle,2020,totale,addetti,1564.5
017037,Capriano del Colle,2021,0-9,addetti,684.6
017037,Capriano del Colle,2021,10-49,addetti,608.2
017037,Capriano del Colle,2021,50-249,addetti,306.4
017037,Capriano del Colle,2021,totale,addetti,1599.2
017037,Capriano del Colle,2022,0-9,addetti,707.9
017037,Capriano del Colle,2022,10-49,addetti,580.6
017037,Capriano del Colle,2022,50-249,addetti,361.9
017037,Capriano del Colle,2022,totale,addetti,1650.5
017037,Capriano del Colle,2023,0-9,addetti,724.4
017037,Capriano del Colle,2023,10-49,addetti,618.1
017037,Capriano del Colle,2023,50-249,addetti,336.2
017037,Capriano del Colle,2023,totale,addetti,1678.6
017037,Capriano del Colle,2018,0-9,unita_locali,331
017037,Capriano del Colle,2018,10-49,unita_locali,29
017037,Capriano del Colle,2018,50-249,unita_locali,3
017037,Capriano del Colle,2018,totale,unita_locali,363
017037,Capriano del Colle,2019,0-9,unita_locali,324
017037,Capriano del Colle,2019,10-49,unita_locali,30
017037,Capriano del Colle,2019,50-249,unita_locali,4
017037,Capriano del Colle,2019,totale,unita_locali,358
017037,Capriano del Colle,2020,0-9,unita_locali,330
017037,Capriano del Colle,2020,10-49,unita_locali,33
017037,Capriano del Colle,2020,50-249,unita_locali,3
017037,Capriano del Colle,2020,totale,unita_locali,366
017037,Capriano del Colle,2021,0-9,unita_locali,331
017037,Capriano del Colle,2021,10-49,unita_locali,32
017037,Capriano del Colle,2021,50-249,unita_locali,4
017037,Capriano del Colle,2021,totale,unita_locali,367
017037,Capriano del Colle,2022,0-9,unita_locali,345
017037,Capriano del Colle,2022,10-49,unita_locali,30
017037,Capriano del Colle,2022,50-249,unita_locali,5
017037,Capriano del Colle,2022,totale,unita_locali,380
017037,Capriano del Colle,2023,0-9,unita_locali,359
017037,Capriano del Colle,2023,10-49,unita_locali,29
017037,Capriano del Colle,2023,50-249,unita_locali,4
017037,Capriano del Colle,2023,totale,unita_locali,392
017038,Capriolo,2018,0-9,addetti,1565.5
017038,Capriolo,2018,10-49,addetti,1255.1
017038,Capriolo,2018,50-249,addetti,912.9
017038,Capriolo,2018,totale,addetti,3733.5
017038,Capriolo,2019,0-9,addetti,1538.1
017038,Capriolo,2019,10-49,addetti,1296.5
017038,Capriolo,2019,50-249,addetti,866.2
017038,Capriolo,2019,totale,addetti,3700.8
017038,Capriolo,2020,0-9,addetti,1510.2
017038,Capriolo,2020,10-49,addetti,1273.3
017038,Capriolo,2020,50-249,addetti,800.4
017038,Capriolo,2020,totale,addetti,3583.9
017038,Capriolo,2021,0-9,addetti,1646.8
017038,Capriolo,2021,10-49,addetti,1197.4
017038,Capriolo,2021,50-249,addetti,955.5
017038,Capriolo,2021,totale,addetti,3799.7
017038,Capriolo,2022,0-9,addetti,1687.3
017038,Capriolo,2022,10-49,addetti,1384.5
017038,Capriolo,2022,250+,addetti,275.5
017038,Capriolo,2022,50-249,addetti,615.9
017038,Capriolo,2022,totale,addetti,3963.1
017038,Capriolo,2023,0-9,addetti,1707.5
017038,Capriolo,2023,10-49,addetti,1475.6
017038,Capriolo,2023,250+,addetti,267.6
017038,Capriolo,2023,50-249,addetti,587.1
017038,Capriolo,2023,totale,addetti,4037.8
017038,Capriolo,2018,0-9,unita_locali,768
017038,Capriolo,2018,10-49,unita_locali,64
017038,Capriolo,2018,50-249,unita_locali,9
017038,Capriolo,2018,totale,unita_locali,841
017038,Capriolo,2019,0-9,unita_locali,770
017038,Capriolo,2019,10-49,unita_locali,67
017038,Capriolo,2019,50-249,unita_locali,9
017038,Capriolo,2019,totale,unita_locali,846
017038,Capriolo,2020,0-9,unita_locali,794
017038,Capriolo,2020,10-49,unita_locali,64
017038,Capriolo,2020,50-249,unita_locali,9
017038,Capriolo,2020,totale,unita_locali,867
017038,Capriolo,2021,0-9,unita_locali,820
017038,Capriolo,2021,10-49,unita_locali,64
017038,Capriolo,2021,50-249,unita_locali,11
017038,Capriolo,2021,totale,unita_locali,895
017038,Capriolo,2022,0-9,unita_locali,860
017038,Capriolo,2022,10-49,unita_locali,72
017038,Capriolo,2022,250+,unita_locali,1
017038,Capriolo,2022,50-249,unita_locali,8
017038,Capriolo,2022,totale,unita_locali,941
017038,Capriolo,2023,0-9,unita_locali,871
017038,Capriolo,2023,10-49,unita_locali,72
017038,Capriolo,2023,250+,unita_locali,1
017038,Capriolo,2023,50-249,unita_locali,6
017038,Capriolo,2023,totale,unita_locali,950
017039,Carpenedolo,2018,0-9,addetti,1700.4
017039,Carpenedolo,2018,10-49,addetti,1317.7
017039,Carpenedolo,2018,50-249,addetti,782.2
017039,Carpenedolo,2018,totale,addetti,3800.3
017039,Carpenedolo,2019,0-9,addetti,1718.2
017039,Carpenedolo,2019,10-49,addetti,1303.1
017039,Carpenedolo,2019,50-249,addetti,533.4
017039,Carpenedolo,2019,totale,addetti,3554.6
017039,Carpenedolo,2020,0-9,addetti,1785.0
017039,Carpenedolo,2020,10-49,addetti,1228.7
017039,Carpenedolo,2020,50-249,addetti,776.0
017039,Carpenedolo,2020,totale,addetti,3789.7
017039,Carpenedolo,2021,0-9,addetti,1839.5
017039,Carpenedolo,2021,10-49,addetti,1292.3
017039,Carpenedolo,2021,50-249,addetti,863.3
017039,Carpenedolo,2021,totale,addetti,3995.1
017039,Carpenedolo,2022,0-9,addetti,1802.9
017039,Carpenedolo,2022,10-49,addetti,1335.2
017039,Carpenedolo,2022,50-249,addetti,858.8
017039,Carpenedolo,2022,totale,addetti,3996.8
017039,Carpenedolo,2023,0-9,addetti,1826.5
017039,Carpenedolo,2023,10-49,addetti,1312.3
017039,Carpenedolo,2023,50-249,addetti,1021.2
017039,Carpenedolo,2023,totale,addetti,4160.0
017039,Carpenedolo,2018,0-9,unita_locali,848
017039,Carpenedolo,2018,10-49,unita_locali,73
017039,Carpenedolo,2018,50-249,unita_locali,8
017039,Carpenedolo,2018,totale,unita_locali,929
017039,Carpenedolo,2019,0-9,unita_locali,832
017039,Carpenedolo,2019,10-49,unita_locali,74
017039,Carpenedolo,2019,50-249,unita_locali,7
017039,Carpenedolo,2019,totale,unita_locali,913
017039,Carpenedolo,2020,0-9,unita_locali,885
017039,Carpenedolo,2020,10-49,unita_locali,69
017039,Carpenedolo,2020,50-249,unita_locali,8
017039,Carpenedolo,2020,totale,unita_locali,962
017039,Carpenedolo,2021,0-9,unita_locali,896
017039,Carpenedolo,2021,10-49,unita_locali,70
017039,Carpenedolo,2021,50-249,unita_locali,9
017039,Carpenedolo,2021,totale,unita_locali,975
017039,Carpenedolo,2022,0-9,unita_locali,892
017039,Carpenedolo,2022,10-49,unita_locali,73
017039,Carpenedolo,2022,50-249,unita_locali,9
017039,Carpenedolo,2022,totale,unita_locali,974
017039,Carpenedolo,2023,0-9,unita_locali,916
017039,Carpenedolo,2023,10-49,unita_locali,73
017039,Carpenedolo,2023,50-249,unita_locali,11
017039,Carpenedolo,2023,totale,unita_locali,1000
017040,Castegnato,2018,0-9,addetti,1267.3
017040,Castegnato,2018,10-49,addetti,1135.9
017040,Castegnato,2018,50-249,addetti,1020.4
017040,Castegnato,2018,totale,addetti,3423.6
017040,Castegnato,2019,0-9,addetti,1262.1
017040,Castegnato,2019,10-49,addetti,1298.1
017040,Castegnato,2019,50-249,addetti,1002.1
017040,Castegnato,2019,totale,addetti,3562.2
017040,Castegnato,2020,0-9,addetti,1246.1
017040,Castegnato,2020,10-49,addetti,1477.1
017040,Castegnato,2020,50-249,addetti,984.5
017040,Castegnato,2020,totale,addetti,3707.7
017040,Castegnato,2021,0-9,addetti,1289.4
017040,Castegnato,2021,10-49,addetti,1575.8
017040,Castegnato,2021,50-249,addetti,1242.8
017040,Castegnato,2021,totale,addetti,4107.9
017040,Castegnato,2022,0-9,addetti,1296.3
017040,Castegnato,2022,10-49,addetti,1596.6
017040,Castegnato,2022,50-249,addetti,1241.6
017040,Castegnato,2022,totale,addetti,4134.5
017040,Castegnato,2023,0-9,addetti,1376.4
017040,Castegnato,2023,10-49,addetti,1609.2
017040,Castegnato,2023,50-249,addetti,1246.8
017040,Castegnato,2023,totale,addetti,4232.4
017040,Castegnato,2018,0-9,unita_locali,628
017040,Castegnato,2018,10-49,unita_locali,68
017040,Castegnato,2018,50-249,unita_locali,11
017040,Castegnato,2018,totale,unita_locali,707
017040,Castegnato,2019,0-9,unita_locali,615
017040,Castegnato,2019,10-49,unita_locali,73
017040,Castegnato,2019,50-249,unita_locali,10
017040,Castegnato,2019,totale,unita_locali,698
017040,Castegnato,2020,0-9,unita_locali,636
017040,Castegnato,2020,10-49,unita_locali,78
017040,Castegnato,2020,50-249,unita_locali,10
017040,Castegnato,2020,totale,unita_locali,724
017040,Castegnato,2021,0-9,unita_locali,657
017040,Castegnato,2021,10-49,unita_locali,82
017040,Castegnato,2021,50-249,unita_locali,13
017040,Castegnato,2021,totale,unita_locali,752
017040,Castegnato,2022,0-9,unita_locali,677
017040,Castegnato,2022,10-49,unita_locali,82
017040,Castegnato,2022,50-249,unita_locali,13
017040,Castegnato,2022,totale,unita_locali,772
017040,Castegnato,2023,0-9,unita_locali,684
017040,Castegnato,2023,10-49,unita_locali,82
017040,Castegnato,2023,50-249,unita_locali,12
017040,Castegnato,2023,totale,unita_locali,778
017041,Castelcovati,2018,0-9,addetti,679.5
017041,Castelcovati,2018,10-49,addetti,604.8
017041,Castelcovati,2018,50-249,addetti,114.0
017041,Castelcovati,2018,totale,addetti,1398.3
017041,Castelcovati,2019,0-9,addetti,707.8
017041,Castelcovati,2019,10-49,addetti,651.1
017041,Castelcovati,2019,50-249,addetti,171.4
017041,Castelcovati,2019,totale,addetti,1530.3
017041,Castelcovati,2020,0-9,addetti,729.9
017041,Castelcovati,2020,10-49,addetti,612.7
017041,Castelcovati,2020,50-249,addetti,179.8
017041,Castelcovati,2020,totale,addetti,1522.4
017041,Castelcovati,2021,0-9,addetti,745.0
017041,Castelcovati,2021,10-49,addetti,585.8
017041,Castelcovati,2021,50-249,addetti,52.6
017041,Castelcovati,2021,totale,addetti,1383.4
017041,Castelcovati,2022,0-9,addetti,721.3
017041,Castelcovati,2022,10-49,addetti,610.4
017041,Castelcovati,2022,50-249,addetti,54.3
017041,Castelcovati,2022,totale,addetti,1386.0
017041,Castelcovati,2023,0-9,addetti,749.0
017041,Castelcovati,2023,10-49,addetti,592.0
017041,Castelcovati,2023,totale,addetti,1341.0
017041,Castelcovati,2018,0-9,unita_locali,359
017041,Castelcovati,2018,10-49,unita_locali,29
017041,Castelcovati,2018,50-249,unita_locali,2
017041,Castelcovati,2018,totale,unita_locali,390
017041,Castelcovati,2019,0-9,unita_locali,362
017041,Castelcovati,2019,10-49,unita_locali,33
017041,Castelcovati,2019,50-249,unita_locali,2
017041,Castelcovati,2019,totale,unita_locali,397
017041,Castelcovati,2020,0-9,unita_locali,377
017041,Castelcovati,2020,10-49,unita_locali,30
017041,Castelcovati,2020,50-249,unita_locali,2
017041,Castelcovati,2020,totale,unita_locali,409
017041,Castelcovati,2021,0-9,unita_locali,387
017041,Castelcovati,2021,10-49,unita_locali,30
017041,Castelcovati,2021,50-249,unita_locali,1
017041,Castelcovati,2021,totale,unita_locali,418
017041,Castelcovati,2022,0-9,unita_locali,391
017041,Castelcovati,2022,10-49,unita_locali,33
017041,Castelcovati,2022,50-249,unita_locali,1
017041,Castelcovati,2022,totale,unita_locali,425
017041,Castelcovati,2023,0-9,unita_locali,387
017041,Castelcovati,2023,10-49,unita_locali,30
017041,Castelcovati,2023,totale,unita_locali,417
017042,Castel Mella,2018,0-9,addetti,1255.9
017042,Castel Mella,2018,10-49,addetti,1070.2
017042,Castel Mella,2018,50-249,addetti,427.5
017042,Castel Mella,2018,totale,addetti,2753.6
017042,Castel Mella,2019,0-9,addetti,1228.4
017042,Castel Mella,2019,10-49,addetti,1072.0
017042,Castel Mella,2019,50-249,addetti,410.4
017042,Castel Mella,2019,totale,addetti,2710.8
017042,Castel Mella,2020,0-9,addetti,1269.7
017042,Castel Mella,2020,10-49,addetti,1108.6
017042,Castel Mella,2020,50-249,addetti,343.3
017042,Castel Mella,2020,totale,addetti,2721.6
017042,Castel Mella,2021,0-9,addetti,1308.9
017042,Castel Mella,2021,10-49,addetti,1254.9
017042,Castel Mella,2021,50-249,addetti,498.8
017042,Castel Mella,2021,totale,addetti,3062.6
017042,Castel Mella,2022,0-9,addetti,1306.8
017042,Castel Mella,2022,10-49,addetti,1229.9
017042,Castel Mella,2022,50-249,addetti,626.4
017042,Castel Mella,2022,totale,addetti,3163.1
017042,Castel Mella,2023,0-9,addetti,1319.8
017042,Castel Mella,2023,10-49,addetti,1264.0
017042,Castel Mella,2023,50-249,addetti,598.7
017042,Castel Mella,2023,totale,addetti,3182.5
017042,Castel Mella,2018,0-9,unita_locali,668
017042,Castel Mella,2018,10-49,unita_locali,54
017042,Castel Mella,2018,50-249,unita_locali,6
017042,Castel Mella,2018,totale,unita_locali,728
017042,Castel Mella,2019,0-9,unita_locali,655
017042,Castel Mella,2019,10-49,unita_locali,54
017042,Castel Mella,2019,50-249,unita_locali,6
017042,Castel Mella,2019,totale,unita_locali,715
017042,Castel Mella,2020,0-9,unita_locali,686
017042,Castel Mella,2020,10-49,unita_locali,56
017042,Castel Mella,2020,50-249,unita_locali,5
017042,Castel Mella,2020,totale,unita_locali,747
017042,Castel Mella,2021,0-9,unita_locali,714
017042,Castel Mella,2021,10-49,unita_locali,61
017042,Castel Mella,2021,50-249,unita_locali,5
017042,Castel Mella,2021,totale,unita_locali,780
017042,Castel Mella,2022,0-9,unita_locali,725
017042,Castel Mella,2022,10-49,unita_locali,62
017042,Castel Mella,2022,50-249,unita_locali,7
017042,Castel Mella,2022,totale,unita_locali,794
017042,Castel Mella,2023,0-9,unita_locali,744
017042,Castel Mella,2023,10-49,unita_locali,61
017042,Castel Mella,2023,50-249,unita_locali,8
017042,Castel Mella,2023,totale,unita_locali,813
017043,Castenedolo,2018,0-9,addetti,1792.8
017043,Castenedolo,2018,10-49,addetti,1703.3
017043,Castenedolo,2018,250+,addetti,323.0
017043,Castenedolo,2018,50-249,addetti,1163.1
017043,Castenedolo,2018,totale,addetti,4982.2
017043,Castenedolo,2019,0-9,addetti,1798.8
017043,Castenedolo,2019,10-49,addetti,1745.9
017043,Castenedolo,2019,250+,addetti,320.8
017043,Castenedolo,2019,50-249,addetti,1354.4
017043,Castenedolo,2019,totale,addetti,5219.9
017043,Castenedolo,2020,0-9,addetti,1798.1
017043,Castenedolo,2020,10-49,addetti,1744.3
017043,Castenedolo,2020,250+,addetti,314.3
017043,Castenedolo,2020,50-249,addetti,1240.0
017043,Castenedolo,2020,totale,addetti,5096.7
017043,Castenedolo,2021,0-9,addetti,1818.0
017043,Castenedolo,2021,10-49,addetti,2049.7
017043,Castenedolo,2021,250+,addetti,300.7
017043,Castenedolo,2021,50-249,addetti,1115.0
017043,Castenedolo,2021,totale,addetti,5283.4
017043,Castenedolo,2022,0-9,addetti,1953.2
017043,Castenedolo,2022,10-49,addetti,2132.1
017043,Castenedolo,2022,250+,addetti,325.1
017043,Castenedolo,2022,50-249,addetti,1034.2
017043,Castenedolo,2022,totale,addetti,5444.6
017043,Castenedolo,2023,0-9,addetti,1962.9
017043,Castenedolo,2023,10-49,addetti,2198.2
017043,Castenedolo,2023,250+,addetti,309.9
017043,Castenedolo,2023,50-249,addetti,1090.7
017043,Castenedolo,2023,totale,addetti,5561.6
017043,Castenedolo,2018,0-9,unita_locali,894
017043,Castenedolo,2018,10-49,unita_locali,92
017043,Castenedolo,2018,250+,unita_locali,1
017043,Castenedolo,2018,50-249,unita_locali,11
017043,Castenedolo,2018,totale,unita_locali,998
017043,Castenedolo,2019,0-9,unita_locali,877
017043,Castenedolo,2019,10-49,unita_locali,93
017043,Castenedolo,2019,250+,unita_locali,1
017043,Castenedolo,2019,50-249,unita_locali,13
017043,Castenedolo,2019,totale,unita_locali,984
017043,Castenedolo,2020,0-9,unita_locali,906
017043,Castenedolo,2020,10-49,unita_locali,95
017043,Castenedolo,2020,250+,unita_locali,1
017043,Castenedolo,2020,50-249,unita_locali,13
017043,Castenedolo,2020,totale,unita_locali,1015
017043,Castenedolo,2021,0-9,unita_locali,924
017043,Castenedolo,2021,10-49,unita_locali,110
017043,Castenedolo,2021,250+,unita_locali,1
017043,Castenedolo,2021,50-249,unita_locali,11
017043,Castenedolo,2021,totale,unita_locali,1046
017043,Castenedolo,2022,0-9,unita_locali,956
017043,Castenedolo,2022,10-49,unita_locali,112
017043,Castenedolo,2022,250+,unita_locali,1
017043,Castenedolo,2022,50-249,unita_locali,10
017043,Castenedolo,2022,totale,unita_locali,1079
017043,Castenedolo,2023,0-9,unita_locali,977
017043,Castenedolo,2023,10-49,unita_locali,110
017043,Castenedolo,2023,250+,unita_locali,1
017043,Castenedolo,2023,50-249,unita_locali,11
017043,Castenedolo,2023,totale,unita_locali,1099
017044,Casto,2018,0-9,addetti,276.9
017044,Casto,2018,10-49,addetti,360.6
017044,Casto,2018,250+,addetti,329.7
017044,Casto,2018,totale,addetti,967.2
017044,Casto,2019,0-9,addetti,279.1
017044,Casto,2019,10-49,addetti,360.5
017044,Casto,2019,250+,addetti,347.5
017044,Casto,2019,totale,addetti,987.0
017044,Casto,2020,0-9,addetti,249.8
017044,Casto,2020,10-49,addetti,435.6
017044,Casto,2020,250+,addetti,363.9
017044,Casto,2020,totale,addetti,1049.3
017044,Casto,2021,0-9,addetti,265.2
017044,Casto,2021,10-49,addetti,401.6
017044,Casto,2021,250+,addetti,363.2
017044,Casto,2021,totale,addetti,1029.9
017044,Casto,2022,0-9,addetti,261.4
017044,Casto,2022,10-49,addetti,348.5
017044,Casto,2022,250+,addetti,358.6
017044,Casto,2022,50-249,addetti,49.5
017044,Casto,2022,totale,addetti,1018.0
017044,Casto,2023,0-9,addetti,272.2
017044,Casto,2023,10-49,addetti,318.6
017044,Casto,2023,250+,addetti,366.5
017044,Casto,2023,50-249,addetti,52.1
017044,Casto,2023,totale,addetti,1009.4
017044,Casto,2018,0-9,unita_locali,121
017044,Casto,2018,10-49,unita_locali,18
017044,Casto,2018,250+,unita_locali,1
017044,Casto,2018,totale,unita_locali,140
017044,Casto,2019,0-9,unita_locali,124
017044,Casto,2019,10-49,unita_locali,19
017044,Casto,2019,250+,unita_locali,1
017044,Casto,2019,totale,unita_locali,144
017044,Casto,2020,0-9,unita_locali,120
017044,Casto,2020,10-49,unita_locali,22
017044,Casto,2020,250+,unita_locali,1
017044,Casto,2020,totale,unita_locali,143
017044,Casto,2021,0-9,unita_locali,115
017044,Casto,2021,10-49,unita_locali,22
017044,Casto,2021,250+,unita_locali,1
017044,Casto,2021,totale,unita_locali,138
017044,Casto,2022,0-9,unita_locali,118
017044,Casto,2022,10-49,unita_locali,20
017044,Casto,2022,250+,unita_locali,1
017044,Casto,2022,50-249,unita_locali,1
017044,Casto,2022,totale,unita_locali,140
017044,Casto,2023,0-9,unita_locali,126
017044,Casto,2023,10-49,unita_locali,18
017044,Casto,2023,250+,unita_locali,1
017044,Casto,2023,50-249,unita_locali,1
017044,Casto,2023,totale,unita_locali,146
017045,Castrezzato,2018,0-9,addetti,741.2
017045,Castrezzato,2018,10-49,addetti,418.7
017045,Castrezzato,2018,50-249,addetti,117.7
017045,Castrezzato,2018,totale,addetti,1277.6
017045,Castrezzato,2019,0-9,addetti,740.0
017045,Castrezzato,2019,10-49,addetti,478.9
017045,Castrezzato,2019,50-249,addetti,62.3
017045,Castrezzato,2019,totale,addetti,1281.3
017045,Castrezzato,2020,0-9,addetti,739.3
017045,Castrezzato,2020,10-49,addetti,535.6
017045,Castrezzato,2020,50-249,addetti,67.7
017045,Castrezzato,2020,totale,addetti,1342.6
017045,Castrezzato,2021,0-9,addetti,800.0
017045,Castrezzato,2021,10-49,addetti,498.4
017045,Castrezzato,2021,50-249,addetti,81.0
017045,Castrezzato,2021,totale,addetti,1379.3
017045,Castrezzato,2022,0-9,addetti,845.4
017045,Castrezzato,2022,10-49,addetti,528.6
017045,Castrezzato,2022,50-249,addetti,104.9
017045,Castrezzato,2022,totale,addetti,1478.9
017045,Castrezzato,2023,0-9,addetti,894.6
017045,Castrezzato,2023,10-49,addetti,526.3
017045,Castrezzato,2023,50-249,addetti,240.0
017045,Castrezzato,2023,totale,addetti,1661.0
017045,Castrezzato,2018,0-9,unita_locali,427
017045,Castrezzato,2018,10-49,unita_locali,24
017045,Castrezzato,2018,50-249,unita_locali,2
017045,Castrezzato,2018,totale,unita_locali,453
017045,Castrezzato,2019,0-9,unita_locali,425
017045,Castrezzato,2019,10-49,unita_locali,27
017045,Castrezzato,2019,50-249,unita_locali,1
017045,Castrezzato,2019,totale,unita_locali,453
017045,Castrezzato,2020,0-9,unita_locali,451
017045,Castrezzato,2020,10-49,unita_locali,31
017045,Castrezzato,2020,50-249,unita_locali,1
017045,Castrezzato,2020,totale,unita_locali,483
017045,Castrezzato,2021,0-9,unita_locali,460
017045,Castrezzato,2021,10-49,unita_locali,28
017045,Castrezzato,2021,50-249,unita_locali,1
017045,Castrezzato,2021,totale,unita_locali,489
017045,Castrezzato,2022,0-9,unita_locali,482
017045,Castrezzato,2022,10-49,unita_locali,29
017045,Castrezzato,2022,50-249,unita_locali,1
017045,Castrezzato,2022,totale,unita_locali,512
017045,Castrezzato,2023,0-9,unita_locali,490
017045,Castrezzato,2023,10-49,unita_locali,30
017045,Castrezzato,2023,50-249,unita_locali,3
017045,Castrezzato,2023,totale,unita_locali,523
017046,Cazzago San Martino,2018,0-9,addetti,1509.6
017046,Cazzago San Martino,2018,10-49,addetti,1510.4
017046,Cazzago San Martino,2018,250+,addetti,273.5
017046,Cazzago San Martino,2018,50-249,addetti,796.3
017046,Cazzago San Martino,2018,totale,addetti,4089.9
017046,Cazzago San Martino,2019,0-9,addetti,1532.0
017046,Cazzago San Martino,2019,10-49,addetti,1548.3
017046,Cazzago San Martino,2019,250+,addetti,305.7
017046,Cazzago San Martino,2019,50-249,addetti,789.7
017046,Cazzago San Martino,2019,totale,addetti,4175.6
017046,Cazzago San Martino,2020,0-9,addetti,1610.9
017046,Cazzago San Martino,2020,10-49,addetti,1347.7
017046,Cazzago San Martino,2020,250+,addetti,282.6
017046,Cazzago San Martino,2020,50-249,addetti,756.6
017046,Cazzago San Martino,2020,totale,addetti,3997.9
017046,Cazzago San Martino,2021,0-9,addetti,1545.3
017046,Cazzago San Martino,2021,10-49,addetti,1476.2
017046,Cazzago San Martino,2021,250+,addetti,302.5
017046,Cazzago San Martino,2021,50-249,addetti,771.5
017046,Cazzago San Martino,2021,totale,addetti,4095.5
017046,Cazzago San Martino,2022,0-9,addetti,1563.3
017046,Cazzago San Martino,2022,10-49,addetti,1483.8
017046,Cazzago San Martino,2022,250+,addetti,310.0
017046,Cazzago San Martino,2022,50-249,addetti,1111.2
017046,Cazzago San Martino,2022,totale,addetti,4468.4
017046,Cazzago San Martino,2023,0-9,addetti,1527.0
017046,Cazzago San Martino,2023,10-49,addetti,1456.3
017046,Cazzago San Martino,2023,250+,addetti,318.4
017046,Cazzago San Martino,2023,50-249,addetti,1045.2
017046,Cazzago San Martino,2023,totale,addetti,4346.8
017046,Cazzago San Martino,2018,0-9,unita_locali,734
017046,Cazzago San Martino,2018,10-49,unita_locali,84
017046,Cazzago San Martino,2018,250+,unita_locali,1
017046,Cazzago San Martino,2018,50-249,unita_locali,9
017046,Cazzago San Martino,2018,totale,unita_locali,828
017046,Cazzago San Martino,2019,0-9,unita_locali,726
017046,Cazzago San Martino,2019,10-49,unita_locali,86
017046,Cazzago San Martino,2019,250+,unita_locali,1
017046,Cazzago San Martino,2019,50-249,unita_locali,9
017046,Cazzago San Martino,2019,totale,unita_locali,822
017046,Cazzago San Martino,2020,0-9,unita_locali,778
017046,Cazzago San Martino,2020,10-49,unita_locali,76
017046,Cazzago San Martino,2020,250+,unita_locali,1
017046,Cazzago San Martino,2020,50-249,unita_locali,9
017046,Cazzago San Martino,2020,totale,unita_locali,864
017046,Cazzago San Martino,2021,0-9,unita_locali,766
017046,Cazzago San Martino,2021,10-49,unita_locali,81
017046,Cazzago San Martino,2021,250+,unita_locali,1
017046,Cazzago San Martino,2021,50-249,unita_locali,9
017046,Cazzago San Martino,2021,totale,unita_locali,857
017046,Cazzago San Martino,2022,0-9,unita_locali,787
017046,Cazzago San Martino,2022,10-49,unita_locali,85
017046,Cazzago San Martino,2022,250+,unita_locali,1
017046,Cazzago San Martino,2022,50-249,unita_locali,12
017046,Cazzago San Martino,2022,totale,unita_locali,885
017046,Cazzago San Martino,2023,0-9,unita_locali,780
017046,Cazzago San Martino,2023,10-49,unita_locali,83
017046,Cazzago San Martino,2023,250+,unita_locali,1
017046,Cazzago San Martino,2023,50-249,unita_locali,13
017046,Cazzago San Martino,2023,totale,unita_locali,877
017047,Cedegolo,2018,0-9,addetti,173.3
017047,Cedegolo,2018,10-49,addetti,153.1
017047,Cedegolo,2018,totale,addetti,326.4
017047,Cedegolo,2019,0-9,addetti,173.9
017047,Cedegolo,2019,10-49,addetti,110.5
017047,Cedegolo,2019,50-249,addetti,49.7
017047,Cedegolo,2019,totale,addetti,334.1
017047,Cedegolo,2020,0-9,addetti,178.9
017047,Cedegolo,2020,10-49,addetti,129.8
017047,Cedegolo,2020,50-249,addetti,53.6
017047,Cedegolo,2020,totale,addetti,362.3
017047,Cedegolo,2021,0-9,addetti,164.0
017047,Cedegolo,2021,10-49,addetti,112.6
017047,Cedegolo,2021,50-249,addetti,55.3
017047,Cedegolo,2021,totale,addetti,331.9
017047,Cedegolo,2022,0-9,addetti,155.8
017047,Cedegolo,2022,10-49,addetti,101.6
017047,Cedegolo,2022,50-249,addetti,53.6
017047,Cedegolo,2022,totale,addetti,311.0
017047,Cedegolo,2023,0-9,addetti,156.6
017047,Cedegolo,2023,10-49,addetti,121.8
017047,Cedegolo,2023,50-249,addetti,53.4
017047,Cedegolo,2023,totale,addetti,331.8
017047,Cedegolo,2018,0-9,unita_locali,96
017047,Cedegolo,2018,10-49,unita_locali,5
017047,Cedegolo,2018,totale,unita_locali,101
017047,Cedegolo,2019,0-9,unita_locali,102
017047,Cedegolo,2019,10-49,unita_locali,4
017047,Cedegolo,2019,50-249,unita_locali,1
017047,Cedegolo,2019,totale,unita_locali,107
017047,Cedegolo,2020,0-9,unita_locali,96
017047,Cedegolo,2020,10-49,unita_locali,5
017047,Cedegolo,2020,50-249,unita_locali,1
017047,Cedegolo,2020,totale,unita_locali,102
017047,Cedegolo,2021,0-9,unita_locali,98
017047,Cedegolo,2021,10-49,unita_locali,5
017047,Cedegolo,2021,50-249,unita_locali,1
017047,Cedegolo,2021,totale,unita_locali,104
017047,Cedegolo,2022,0-9,unita_locali,99
017047,Cedegolo,2022,10-49,unita_locali,5
017047,Cedegolo,2022,50-249,unita_locali,1
017047,Cedegolo,2022,totale,unita_locali,105
017047,Cedegolo,2023,0-9,unita_locali,97
017047,Cedegolo,2023,10-49,unita_locali,6
017047,Cedegolo,2023,50-249,unita_locali,1
017047,Cedegolo,2023,totale,unita_locali,104
017048,Cellatica,2018,0-9,addetti,785.5
017048,Cellatica,2018,10-49,addetti,655.5
017048,Cellatica,2018,50-249,addetti,685.6
017048,Cellatica,2018,totale,addetti,2126.6
017048,Cellatica,2019,0-9,addetti,796.5
017048,Cellatica,2019,10-49,addetti,623.5
017048,Cellatica,2019,50-249,addetti,700.8
017048,Cellatica,2019,totale,addetti,2120.8
017048,Cellatica,2020,0-9,addetti,763.0
017048,Cellatica,2020,10-49,addetti,624.2
017048,Cellatica,2020,50-249,addetti,684.3
017048,Cellatica,2020,totale,addetti,2071.5
017048,Cellatica,2021,0-9,addetti,814.5
017048,Cellatica,2021,10-49,addetti,727.5
017048,Cellatica,2021,50-249,addetti,545.8
017048,Cellatica,2021,totale,addetti,2087.8
017048,Cellatica,2022,0-9,addetti,799.4
017048,Cellatica,2022,10-49,addetti,796.3
017048,Cellatica,2022,50-249,addetti,569.4
017048,Cellatica,2022,totale,addetti,2165.1
017048,Cellatica,2023,0-9,addetti,788.5
017048,Cellatica,2023,10-49,addetti,851.1
017048,Cellatica,2023,250+,addetti,281.6
017048,Cellatica,2023,50-249,addetti,319.9
017048,Cellatica,2023,totale,addetti,2241.1
017048,Cellatica,2018,0-9,unita_locali,398
017048,Cellatica,2018,10-49,unita_locali,35
017048,Cellatica,2018,50-249,unita_locali,8
017048,Cellatica,2018,totale,unita_locali,441
017048,Cellatica,2019,0-9,unita_locali,400
017048,Cellatica,2019,10-49,unita_locali,32
017048,Cellatica,2019,50-249,unita_locali,8
017048,Cellatica,2019,totale,unita_locali,440
017048,Cellatica,2020,0-9,unita_locali,397
017048,Cellatica,2020,10-49,unita_locali,32
017048,Cellatica,2020,50-249,unita_locali,8
017048,Cellatica,2020,totale,unita_locali,437
017048,Cellatica,2021,0-9,unita_locali,416
017048,Cellatica,2021,10-49,unita_locali,33
017048,Cellatica,2021,50-249,unita_locali,5
017048,Cellatica,2021,totale,unita_locali,454
017048,Cellatica,2022,0-9,unita_locali,431
017048,Cellatica,2022,10-49,unita_locali,36
017048,Cellatica,2022,50-249,unita_locali,5
017048,Cellatica,2022,totale,unita_locali,472
017048,Cellatica,2023,0-9,unita_locali,431
017048,Cellatica,2023,10-49,unita_locali,40
017048,Cellatica,2023,250+,unita_locali,1
017048,Cellatica,2023,50-249,unita_locali,4
017048,Cellatica,2023,totale,unita_locali,476
017049,Cerveno,2018,0-9,addetti,44.2
017049,Cerveno,2018,10-49,addetti,56.9
017049,Cerveno,2018,50-249,addetti,168.3
017049,Cerveno,2018,totale,addetti,269.5
017049,Cerveno,2019,0-9,addetti,45.2
017049,Cerveno,2019,10-49,addetti,72.0
017049,Cerveno,2019,50-249,addetti,165.9
017049,Cerveno,2019,totale,addetti,283.1
017049,Cerveno,2020,0-9,addetti,51.4
017049,Cerveno,2020,10-49,addetti,54.6
017049,Cerveno,2020,50-249,addetti,165.9
017049,Cerveno,2020,totale,addetti,271.9
017049,Cerveno,2021,0-9,addetti,75.8
017049,Cerveno,2021,10-49,addetti,27.2
017049,Cerveno,2021,50-249,addetti,210.6
017049,Cerveno,2021,totale,addetti,313.6
017049,Cerveno,2022,0-9,addetti,67.5
017049,Cerveno,2022,10-49,addetti,26.1
017049,Cerveno,2022,50-249,addetti,231.6
017049,Cerveno,2022,totale,addetti,325.2
017049,Cerveno,2023,0-9,addetti,58.8
017049,Cerveno,2023,10-49,addetti,32.0
017049,Cerveno,2023,50-249,addetti,210.5
017049,Cerveno,2023,totale,addetti,301.3
017049,Cerveno,2018,0-9,unita_locali,26
017049,Cerveno,2018,10-49,unita_locali,4
017049,Cerveno,2018,50-249,unita_locali,1
017049,Cerveno,2018,totale,unita_locali,31
017049,Cerveno,2019,0-9,unita_locali,28
017049,Cerveno,2019,10-49,unita_locali,5
017049,Cerveno,2019,50-249,unita_locali,1
017049,Cerveno,2019,totale,unita_locali,34
017049,Cerveno,2020,0-9,unita_locali,30
017049,Cerveno,2020,10-49,unita_locali,4
017049,Cerveno,2020,50-249,unita_locali,1
017049,Cerveno,2020,totale,unita_locali,35
017049,Cerveno,2021,0-9,unita_locali,41
017049,Cerveno,2021,10-49,unita_locali,2
017049,Cerveno,2021,50-249,unita_locali,1
017049,Cerveno,2021,totale,unita_locali,44
017049,Cerveno,2022,0-9,unita_locali,41
017049,Cerveno,2022,10-49,unita_locali,2
017049,Cerveno,2022,50-249,unita_locali,1
017049,Cerveno,2022,totale,unita_locali,44
017049,Cerveno,2023,0-9,unita_locali,38
017049,Cerveno,2023,10-49,unita_locali,2
017049,Cerveno,2023,50-249,unita_locali,1
017049,Cerveno,2023,totale,unita_locali,41
017050,Ceto,2018,0-9,addetti,347.1
017050,Ceto,2018,10-49,addetti,238.4
017050,Ceto,2018,50-249,addetti,53.7
017050,Ceto,2018,totale,addetti,639.2
017050,Ceto,2019,0-9,addetti,333.0
017050,Ceto,2019,10-49,addetti,220.5
017050,Ceto,2019,50-249,addetti,109.0
017050,Ceto,2019,totale,addetti,662.5
017050,Ceto,2020,0-9,addetti,354.7
017050,Ceto,2020,10-49,addetti,241.3
017050,Ceto,2020,50-249,addetti,59.8
017050,Ceto,2020,totale,addetti,655.8
017050,Ceto,2021,0-9,addetti,369.1
017050,Ceto,2021,10-49,addetti,197.2
017050,Ceto,2021,50-249,addetti,120.0
017050,Ceto,2021,totale,addetti,686.3
017050,Ceto,2022,0-9,addetti,381.0
017050,Ceto,2022,10-49,addetti,203.1
017050,Ceto,2022,50-249,addetti,54.4
017050,Ceto,2022,totale,addetti,638.6
017050,Ceto,2023,0-9,addetti,371.5
017050,Ceto,2023,10-49,addetti,226.5
017050,Ceto,2023,50-249,addetti,60.1
017050,Ceto,2023,totale,addetti,658.1
017050,Ceto,2018,0-9,unita_locali,154
017050,Ceto,2018,10-49,unita_locali,13
017050,Ceto,2018,50-249,unita_locali,1
017050,Ceto,2018,totale,unita_locali,168
017050,Ceto,2019,0-9,unita_locali,157
017050,Ceto,2019,10-49,unita_locali,13
017050,Ceto,2019,50-249,unita_locali,2
017050,Ceto,2019,totale,unita_locali,172
017050,Ceto,2020,0-9,unita_locali,155
017050,Ceto,2020,10-49,unita_locali,12
017050,Ceto,2020,50-249,unita_locali,1
017050,Ceto,2020,totale,unita_locali,168
017050,Ceto,2021,0-9,unita_locali,163
017050,Ceto,2021,10-49,unita_locali,12
017050,Ceto,2021,50-249,unita_locali,2
017050,Ceto,2021,totale,unita_locali,177
017050,Ceto,2022,0-9,unita_locali,170
017050,Ceto,2022,10-49,unita_locali,12
017050,Ceto,2022,50-249,unita_locali,1
017050,Ceto,2022,totale,unita_locali,183
017050,Ceto,2023,0-9,unita_locali,165
017050,Ceto,2023,10-49,unita_locali,13
017050,Ceto,2023,50-249,unita_locali,1
017050,Ceto,2023,totale,unita_locali,179
017051,Cevo,2018,0-9,addetti,86.1
017051,Cevo,2018,totale,addetti,86.1
017051,Cevo,2019,0-9,addetti,86.3
017051,Cevo,2019,totale,addetti,86.3
017051,Cevo,2020,0-9,addetti,76.3
017051,Cevo,2020,totale,addetti,76.3
017051,Cevo,2021,0-9,addetti,78.4
017051,Cevo,2021,10-49,addetti,22.3
017051,Cevo,2021,totale,addetti,100.7
017051,Cevo,2022,0-9,addetti,90.7
017051,Cevo,2022,totale,addetti,90.7
017051,Cevo,2023,0-9,addetti,92.2
017051,Cevo,2023,totale,addetti,92.2
017051,Cevo,2018,0-9,unita_locali,57
017051,Cevo,2018,totale,unita_locali,57
017051,Cevo,2019,0-9,unita_locali,59
017051,Cevo,2019,totale,unita_locali,59
017051,Cevo,2020,0-9,unita_locali,51
017051,Cevo,2020,totale,unita_locali,51
017051,Cevo,2021,0-9,unita_locali,52
017051,Cevo,2021,10-49,unita_locali,1
017051,Cevo,2021,totale,unita_locali,53
017051,Cevo,2022,0-9,unita_locali,57
017051,Cevo,2022,totale,unita_locali,57
017051,Cevo,2023,0-9,unita_locali,52
017051,Cevo,2023,totale,unita_locali,52
017052,Chiari,2018,0-9,addetti,2736.8
017052,Chiari,2018,10-49,addetti,1402.6
017052,Chiari,2018,250+,addetti,437.9
017052,Chiari,2018,50-249,addetti,465.6
017052,Chiari,2018,totale,addetti,5043.0
017052,Chiari,2019,0-9,addetti,2551.8
017052,Chiari,2019,10-49,addetti,1540.7
017052,Chiari,2019,250+,addetti,427.0
017052,Chiari,2019,50-249,addetti,287.9
017052,Chiari,2019,totale,addetti,4807.3
017052,Chiari,2020,0-9,addetti,2626.8
017052,Chiari,2020,10-49,addetti,1793.3
017052,Chiari,2020,250+,addetti,417.4
017052,Chiari,2020,50-249,addetti,374.2
017052,Chiari,2020,totale,addetti,5211.7
017052,Chiari,2021,0-9,addetti,2763.4
017052,Chiari,2021,10-49,addetti,1986.8
017052,Chiari,2021,250+,addetti,407.4
017052,Chiari,2021,50-249,addetti,526.9
017052,Chiari,2021,totale,addetti,5684.5
017052,Chiari,2022,0-9,addetti,2823.4
017052,Chiari,2022,10-49,addetti,1793.2
017052,Chiari,2022,250+,addetti,408.6
017052,Chiari,2022,50-249,addetti,596.8
017052,Chiari,2022,totale,addetti,5622.0
017052,Chiari,2023,0-9,addetti,2841.5
017052,Chiari,2023,10-49,addetti,1852.3
017052,Chiari,2023,250+,addetti,399.3
017052,Chiari,2023,50-249,addetti,500.2
017052,Chiari,2023,totale,addetti,5593.4
017052,Chiari,2018,0-9,unita_locali,1431
017052,Chiari,2018,10-49,unita_locali,80
017052,Chiari,2018,250+,unita_locali,1
017052,Chiari,2018,50-249,unita_locali,5
017052,Chiari,2018,totale,unita_locali,1517
017052,Chiari,2019,0-9,unita_locali,1375
017052,Chiari,2019,10-49,unita_locali,81
017052,Chiari,2019,250+,unita_locali,1
017052,Chiari,2019,50-249,unita_locali,3
017052,Chiari,2019,totale,unita_locali,1460
017052,Chiari,2020,0-9,unita_locali,1450
017052,Chiari,2020,10-49,unita_locali,98
017052,Chiari,2020,250+,unita_locali,1
017052,Chiari,2020,50-249,unita_locali,5
017052,Chiari,2020,totale,unita_locali,1554
017052,Chiari,2021,0-9,unita_locali,1512
017052,Chiari,2021,10-49,unita_locali,104
017052,Chiari,2021,250+,unita_locali,1
017052,Chiari,2021,50-249,unita_locali,6
017052,Chiari,2021,totale,unita_locali,1623
017052,Chiari,2022,0-9,unita_locali,1574
017052,Chiari,2022,10-49,unita_locali,96
017052,Chiari,2022,250+,unita_locali,1
017052,Chiari,2022,50-249,unita_locali,7
017052,Chiari,2022,totale,unita_locali,1678
017052,Chiari,2023,0-9,unita_locali,1596
017052,Chiari,2023,10-49,unita_locali,97
017052,Chiari,2023,250+,unita_locali,1
017052,Chiari,2023,50-249,unita_locali,6
017052,Chiari,2023,totale,unita_locali,1700
017053,Cigole,2018,0-9,addetti,199.1
017053,Cigole,2018,10-49,addetti,110.2
017053,Cigole,2018,50-249,addetti,263.7
017053,Cigole,2018,totale,addetti,573.1
017053,Cigole,2019,0-9,addetti,198.2
017053,Cigole,2019,10-49,addetti,128.9
017053,Cigole,2019,50-249,addetti,264.0
017053,Cigole,2019,totale,addetti,591.2
017053,Cigole,2020,0-9,addetti,206.0
017053,Cigole,2020,10-49,addetti,132.9
017053,Cigole,2020,50-249,addetti,252.5
017053,Cigole,2020,totale,addetti,591.4
017053,Cigole,2021,0-9,addetti,201.9
017053,Cigole,2021,10-49,addetti,169.0
017053,Cigole,2021,50-249,addetti,258.0
017053,Cigole,2021,totale,addetti,628.9
017053,Cigole,2022,0-9,addetti,177.9
017053,Cigole,2022,10-49,addetti,213.9
017053,Cigole,2022,50-249,addetti,284.2
017053,Cigole,2022,totale,addetti,676.0
017053,Cigole,2023,0-9,addetti,181.4
017053,Cigole,2023,10-49,addetti,214.4
017053,Cigole,2023,50-249,addetti,308.1
017053,Cigole,2023,totale,addetti,704.0
017053,Cigole,2018,0-9,unita_locali,87
017053,Cigole,2018,10-49,unita_locali,6
017053,Cigole,2018,50-249,unita_locali,3
017053,Cigole,2018,totale,unita_locali,96
017053,Cigole,2019,0-9,unita_locali,89
017053,Cigole,2019,10-49,unita_locali,7
017053,Cigole,2019,50-249,unita_locali,3
017053,Cigole,2019,totale,unita_locali,99
017053,Cigole,2020,0-9,unita_locali,98
017053,Cigole,2020,10-49,unita_locali,8
017053,Cigole,2020,50-249,unita_locali,3
017053,Cigole,2020,totale,unita_locali,109
017053,Cigole,2021,0-9,unita_locali,100
017053,Cigole,2021,10-49,unita_locali,10
017053,Cigole,2021,50-249,unita_locali,3
017053,Cigole,2021,totale,unita_locali,113
017053,Cigole,2022,0-9,unita_locali,101
017053,Cigole,2022,10-49,unita_locali,12
017053,Cigole,2022,50-249,unita_locali,3
017053,Cigole,2022,totale,unita_locali,116
017053,Cigole,2023,0-9,unita_locali,100
017053,Cigole,2023,10-49,unita_locali,11
017053,Cigole,2023,50-249,unita_locali,3
017053,Cigole,2023,totale,unita_locali,114
017054,Cimbergo,2018,0-9,addetti,55.8
017054,Cimbergo,2018,totale,addetti,55.8
017054,Cimbergo,2019,0-9,addetti,52.5
017054,Cimbergo,2019,totale,addetti,52.5
017054,Cimbergo,2020,0-9,addetti,52.1
017054,Cimbergo,2020,totale,addetti,52.1
017054,Cimbergo,2021,0-9,addetti,63.1
017054,Cimbergo,2021,totale,addetti,63.1
017054,Cimbergo,2022,0-9,addetti,58.5
017054,Cimbergo,2022,totale,addetti,58.5
017054,Cimbergo,2023,0-9,addetti,47.7
017054,Cimbergo,2023,10-49,addetti,10.7
017054,Cimbergo,2023,totale,addetti,58.5
017054,Cimbergo,2018,0-9,unita_locali,33
017054,Cimbergo,2018,totale,unita_locali,33
017054,Cimbergo,2019,0-9,unita_locali,30
017054,Cimbergo,2019,totale,unita_locali,30
017054,Cimbergo,2020,0-9,unita_locali,31
017054,Cimbergo,2020,totale,unita_locali,31
017054,Cimbergo,2021,0-9,unita_locali,37
017054,Cimbergo,2021,totale,unita_locali,37
017054,Cimbergo,2022,0-9,unita_locali,35
017054,Cimbergo,2022,totale,unita_locali,35
017054,Cimbergo,2023,0-9,unita_locali,32
017054,Cimbergo,2023,10-49,unita_locali,1
017054,Cimbergo,2023,totale,unita_locali,33
017055,Cividate Camuno,2018,0-9,addetti,486.1
017055,Cividate Camuno,2018,10-49,addetti,440.6
017055,Cividate Camuno,2018,50-249,addetti,565.0
017055,Cividate Camuno,2018,totale,addetti,1491.7
017055,Cividate Camuno,2019,0-9,addetti,456.7
017055,Cividate Camuno,2019,10-49,addetti,545.3
017055,Cividate Camuno,2019,50-249,addetti,484.3
017055,Cividate Camuno,2019,totale,addetti,1486.3
017055,Cividate Camuno,2020,0-9,addetti,452.5
017055,Cividate Camuno,2020,10-49,addetti,464.1
017055,Cividate Camuno,2020,50-249,addetti,516.1
017055,Cividate Camuno,2020,totale,addetti,1432.7
017055,Cividate Camuno,2021,0-9,addetti,478.8
017055,Cividate Camuno,2021,10-49,addetti,561.1
017055,Cividate Camuno,2021,50-249,addetti,409.3
017055,Cividate Camuno,2021,totale,addetti,1449.2
017055,Cividate Camuno,2022,0-9,addetti,486.6
017055,Cividate Camuno,2022,10-49,addetti,610.5
017055,Cividate Camuno,2022,50-249,addetti,418.6
017055,Cividate Camuno,2022,totale,addetti,1515.8
017055,Cividate Camuno,2023,0-9,addetti,487.1
017055,Cividate Camuno,2023,10-49,addetti,594.4
017055,Cividate Camuno,2023,50-249,addetti,430.7
017055,Cividate Camuno,2023,totale,addetti,1512.2
017055,Cividate Camuno,2018,0-9,unita_locali,220
017055,Cividate Camuno,2018,10-49,unita_locali,22
017055,Cividate Camuno,2018,50-249,unita_locali,6
017055,Cividate Camuno,2018,totale,unita_locali,248
017055,Cividate Camuno,2019,0-9,unita_locali,214
017055,Cividate Camuno,2019,10-49,unita_locali,27
017055,Cividate Camuno,2019,50-249,unita_locali,5
017055,Cividate Camuno,2019,totale,unita_locali,246
017055,Cividate Camuno,2020,0-9,unita_locali,230
017055,Cividate Camuno,2020,10-49,unita_locali,25
017055,Cividate Camuno,2020,50-249,unita_locali,6
017055,Cividate Camuno,2020,totale,unita_locali,261
017055,Cividate Camuno,2021,0-9,unita_locali,243
017055,Cividate Camuno,2021,10-49,unita_locali,25
017055,Cividate Camuno,2021,50-249,unita_locali,4
017055,Cividate Camuno,2021,totale,unita_locali,272
017055,Cividate Camuno,2022,0-9,unita_locali,249
017055,Cividate Camuno,2022,10-49,unita_locali,28
017055,Cividate Camuno,2022,50-249,unita_locali,4
017055,Cividate Camuno,2022,totale,unita_locali,281
017055,Cividate Camuno,2023,0-9,unita_locali,256
017055,Cividate Camuno,2023,10-49,unita_locali,27
017055,Cividate Camuno,2023,50-249,unita_locali,4
017055,Cividate Camuno,2023,totale,unita_locali,287
017056,Coccaglio,2018,0-9,addetti,1291.3
017056,Coccaglio,2018,10-49,addetti,981.0
017056,Coccaglio,2018,50-249,addetti,342.7
017056,Coccaglio,2018,totale,addetti,2615.0
017056,Coccaglio,2019,0-9,addetti,1305.6
017056,Coccaglio,2019,10-49,addetti,928.2
017056,Coccaglio,2019,50-249,addetti,390.0
017056,Coccaglio,2019,totale,addetti,2623.8
017056,Coccaglio,2020,0-9,addetti,1292.8
017056,Coccaglio,2020,10-49,addetti,1011.1
017056,Coccaglio,2020,50-249,addetti,338.6
017056,Coccaglio,2020,totale,addetti,2642.6
017056,Coccaglio,2021,0-9,addetti,1333.6
017056,Coccaglio,2021,10-49,addetti,1010.7
017056,Coccaglio,2021,50-249,addetti,410.8
017056,Coccaglio,2021,totale,addetti,2755.2
017056,Coccaglio,2022,0-9,addetti,1353.8
017056,Coccaglio,2022,10-49,addetti,1021.8
017056,Coccaglio,2022,50-249,addetti,433.8
017056,Coccaglio,2022,totale,addetti,2809.4
017056,Coccaglio,2023,0-9,addetti,1328.6
017056,Coccaglio,2023,10-49,addetti,1075.4
017056,Coccaglio,2023,50-249,addetti,446.9
017056,Coccaglio,2023,totale,addetti,2851.0
017056,Coccaglio,2018,0-9,unita_locali,626
017056,Coccaglio,2018,10-49,unita_locali,53
017056,Coccaglio,2018,50-249,unita_locali,3
017056,Coccaglio,2018,totale,unita_locali,682
017056,Coccaglio,2019,0-9,unita_locali,639
017056,Coccaglio,2019,10-49,unita_locali,50
017056,Coccaglio,2019,50-249,unita_locali,4
017056,Coccaglio,2019,totale,unita_locali,693
017056,Coccaglio,2020,0-9,unita_locali,629
017056,Coccaglio,2020,10-49,unita_locali,54
017056,Coccaglio,2020,50-249,unita_locali,3
017056,Coccaglio,2020,totale,unita_locali,686
017056,Coccaglio,2021,0-9,unita_locali,666
017056,Coccaglio,2021,10-49,unita_locali,53
017056,Coccaglio,2021,50-249,unita_locali,4
017056,Coccaglio,2021,totale,unita_locali,723
017056,Coccaglio,2022,0-9,unita_locali,699
017056,Coccaglio,2022,10-49,unita_locali,53
017056,Coccaglio,2022,50-249,unita_locali,4
017056,Coccaglio,2022,totale,unita_locali,756
017056,Coccaglio,2023,0-9,unita_locali,695
017056,Coccaglio,2023,10-49,unita_locali,56
017056,Coccaglio,2023,50-249,unita_locali,4
017056,Coccaglio,2023,totale,unita_locali,755
017057,Collebeato,2018,0-9,addetti,632.5
017057,Collebeato,2018,10-49,addetti,540.2
017057,Collebeato,2018,50-249,addetti,198.5
017057,Collebeato,2018,totale,addetti,1371.2
017057,Collebeato,2019,0-9,addetti,630.0
017057,Collebeato,2019,10-49,addetti,524.5
017057,Collebeato,2019,50-249,addetti,262.9
017057,Collebeato,2019,totale,addetti,1417.4
017057,Collebeato,2020,0-9,addetti,661.3
017057,Collebeato,2020,10-49,addetti,490.5
017057,Collebeato,2020,50-249,addetti,303.2
017057,Collebeato,2020,totale,addetti,1455.1
017057,Collebeato,2021,0-9,addetti,649.8
017057,Collebeato,2021,10-49,addetti,553.2
017057,Collebeato,2021,50-249,addetti,263.9
017057,Collebeato,2021,totale,addetti,1467.0
017057,Collebeato,2022,0-9,addetti,660.9
017057,Collebeato,2022,10-49,addetti,548.2
017057,Collebeato,2022,50-249,addetti,178.6
017057,Collebeato,2022,totale,addetti,1387.7
017057,Collebeato,2023,0-9,addetti,627.8
017057,Collebeato,2023,10-49,addetti,595.5
017057,Collebeato,2023,50-249,addetti,184.0
017057,Collebeato,2023,totale,addetti,1407.2
017057,Collebeato,2018,0-9,unita_locali,364
017057,Collebeato,2018,10-49,unita_locali,27
017057,Collebeato,2018,50-249,unita_locali,3
017057,Collebeato,2018,totale,unita_locali,394
017057,Collebeato,2019,0-9,unita_locali,357
017057,Collebeato,2019,10-49,unita_locali,28
017057,Collebeato,2019,50-249,unita_locali,4
017057,Collebeato,2019,totale,unita_locali,389
017057,Collebeato,2020,0-9,unita_locali,381
017057,Collebeato,2020,10-49,unita_locali,27
017057,Collebeato,2020,50-249,unita_locali,4
017057,Collebeato,2020,totale,unita_locali,412
017057,Collebeato,2021,0-9,unita_locali,383
017057,Collebeato,2021,10-49,unita_locali,29
017057,Collebeato,2021,50-249,unita_locali,3
017057,Collebeato,2021,totale,unita_locali,415
017057,Collebeato,2022,0-9,unita_locali,391
017057,Collebeato,2022,10-49,unita_locali,28
017057,Collebeato,2022,50-249,unita_locali,2
017057,Collebeato,2022,totale,unita_locali,421
017057,Collebeato,2023,0-9,unita_locali,380
017057,Collebeato,2023,10-49,unita_locali,29
017057,Collebeato,2023,50-249,unita_locali,2
017057,Collebeato,2023,totale,unita_locali,411
017058,Collio,2018,0-9,addetti,246.8
017058,Collio,2018,10-49,addetti,108.8
017058,Collio,2018,totale,addetti,355.6
017058,Collio,2019,0-9,addetti,246.4
017058,Collio,2019,10-49,addetti,113.4
017058,Collio,2019,totale,addetti,359.8
017058,Collio,2020,0-9,addetti,247.7
017058,Collio,2020,10-49,addetti,121.4
017058,Collio,2020,totale,addetti,369.1
017058,Collio,2021,0-9,addetti,231.2
017058,Collio,2021,10-49,addetti,142.9
017058,Collio,2021,totale,addetti,374.2
017058,Collio,2022,0-9,addetti,240.3
017058,Collio,2022,10-49,addetti,148.5
017058,Collio,2022,totale,addetti,388.8
017058,Collio,2023,0-9,addetti,252.2
017058,Collio,2023,10-49,addetti,149.9
017058,Collio,2023,totale,addetti,402.1
017058,Collio,2018,0-9,unita_locali,145
017058,Collio,2018,10-49,unita_locali,4
017058,Collio,2018,totale,unita_locali,149
017058,Collio,2019,0-9,unita_locali,132
017058,Collio,2019,10-49,unita_locali,5
017058,Collio,2019,totale,unita_locali,137
017058,Collio,2020,0-9,unita_locali,140
017058,Collio,2020,10-49,unita_locali,6
017058,Collio,2020,totale,unita_locali,146
017058,Collio,2021,0-9,unita_locali,135
017058,Collio,2021,10-49,unita_locali,7
017058,Collio,2021,totale,unita_locali,142
017058,Collio,2022,0-9,unita_locali,140
017058,Collio,2022,10-49,unita_locali,7
017058,Collio,2022,totale,unita_locali,147
017058,Collio,2023,0-9,unita_locali,145
017058,Collio,2023,10-49,unita_locali,7
017058,Collio,2023,totale,unita_locali,152
017059,Cologne,2018,0-9,addetti,1032.7
017059,Cologne,2018,10-49,addetti,845.0
017059,Cologne,2018,250+,addetti,275.6
017059,Cologne,2018,50-249,addetti,616.6
017059,Cologne,2018,totale,addetti,2769.9
017059,Cologne,2019,0-9,addetti,995.7
017059,Cologne,2019,10-49,addetti,878.4
017059,Cologne,2019,250+,addetti,261.2
017059,Cologne,2019,50-249,addetti,567.9
017059,Cologne,2019,totale,addetti,2703.3
017059,Cologne,2020,0-9,addetti,1015.8
017059,Cologne,2020,10-49,addetti,810.8
017059,Cologne,2020,250+,addetti,249.6
017059,Cologne,2020,50-249,addetti,608.7
017059,Cologne,2020,totale,addetti,2684.9
017059,Cologne,2021,0-9,addetti,1012.6
017059,Cologne,2021,10-49,addetti,932.3
017059,Cologne,2021,250+,addetti,262.3
017059,Cologne,2021,50-249,addetti,614.7
017059,Cologne,2021,totale,addetti,2821.9
017059,Cologne,2022,0-9,addetti,1060.3
017059,Cologne,2022,10-49,addetti,843.6
017059,Cologne,2022,250+,addetti,257.5
017059,Cologne,2022,50-249,addetti,755.1
017059,Cologne,2022,totale,addetti,2916.5
017059,Cologne,2023,0-9,addetti,1066.5
017059,Cologne,2023,10-49,addetti,882.9
017059,Cologne,2023,250+,addetti,370.0
017059,Cologne,2023,50-249,addetti,632.3
017059,Cologne,2023,totale,addetti,2951.6
017059,Cologne,2018,0-9,unita_locali,521
017059,Cologne,2018,10-49,unita_locali,48
017059,Cologne,2018,250+,unita_locali,1
017059,Cologne,2018,50-249,unita_locali,6
017059,Cologne,2018,totale,unita_locali,576
017059,Cologne,2019,0-9,unita_locali,501
017059,Cologne,2019,10-49,unita_locali,48
017059,Cologne,2019,250+,unita_locali,1
017059,Cologne,2019,50-249,unita_locali,5
017059,Cologne,2019,totale,unita_locali,555
017059,Cologne,2020,0-9,unita_locali,518
017059,Cologne,2020,10-49,unita_locali,45
017059,Cologne,2020,250+,unita_locali,1
017059,Cologne,2020,50-249,unita_locali,6
017059,Cologne,2020,totale,unita_locali,570
017059,Cologne,2021,0-9,unita_locali,515
017059,Cologne,2021,10-49,unita_locali,51
017059,Cologne,2021,250+,unita_locali,1
017059,Cologne,2021,50-249,unita_locali,6
017059,Cologne,2021,totale,unita_locali,573
017059,Cologne,2022,0-9,unita_locali,533
017059,Cologne,2022,10-49,unita_locali,51
017059,Cologne,2022,250+,unita_locali,1
017059,Cologne,2022,50-249,unita_locali,8
017059,Cologne,2022,totale,unita_locali,593
017059,Cologne,2023,0-9,unita_locali,539
017059,Cologne,2023,10-49,unita_locali,51
017059,Cologne,2023,250+,unita_locali,1
017059,Cologne,2023,50-249,unita_locali,7
017059,Cologne,2023,totale,unita_locali,598
017060,Comezzano-Cizzago,2018,0-9,addetti,309.9
017060,Comezzano-Cizzago,2018,10-49,addetti,174.7
017060,Comezzano-Cizzago,2018,totale,addetti,484.6
017060,Comezzano-Cizzago,2019,0-9,addetti,297.4
017060,Comezzano-Cizzago,2019,10-49,addetti,225.2
017060,Comezzano-Cizzago,2019,totale,addetti,522.6
017060,Comezzano-Cizzago,2020,0-9,addetti,297.6
017060,Comezzano-Cizzago,2020,10-49,addetti,197.4
017060,Comezzano-Cizzago,2020,totale,addetti,495.0
017060,Comezzano-Cizzago,2021,0-9,addetti,318.3
017060,Comezzano-Cizzago,2021,10-49,addetti,201.5
017060,Comezzano-Cizzago,2021,totale,addetti,519.8
017060,Comezzano-Cizzago,2022,0-9,addetti,350.3
017060,Comezzano-Cizzago,2022,10-49,addetti,127.0
017060,Comezzano-Cizzago,2022,totale,addetti,477.4
017060,Comezzano-Cizzago,2023,0-9,addetti,356.0
017060,Comezzano-Cizzago,2023,10-49,addetti,183.0
017060,Comezzano-Cizzago,2023,totale,addetti,539.0
017060,Comezzano-Cizzago,2018,0-9,unita_locali,180
017060,Comezzano-Cizzago,2018,10-49,unita_locali,10
017060,Comezzano-Cizzago,2018,totale,unita_locali,190
017060,Comezzano-Cizzago,2019,0-9,unita_locali,177
017060,Comezzano-Cizzago,2019,10-49,unita_locali,11
017060,Comezzano-Cizzago,2019,totale,unita_locali,188
017060,Comezzano-Cizzago,2020,0-9,unita_locali,180
017060,Comezzano-Cizzago,2020,10-49,unita_locali,9
017060,Comezzano-Cizzago,2020,totale,unita_locali,189
017060,Comezzano-Cizzago,2021,0-9,unita_locali,193
017060,Comezzano-Cizzago,2021,10-49,unita_locali,11
017060,Comezzano-Cizzago,2021,totale,unita_locali,204
017060,Comezzano-Cizzago,2022,0-9,unita_locali,216
017060,Comezzano-Cizzago,2022,10-49,unita_locali,6
017060,Comezzano-Cizzago,2022,totale,unita_locali,222
017060,Comezzano-Cizzago,2023,0-9,unita_locali,218
017060,Comezzano-Cizzago,2023,10-49,unita_locali,7
017060,Comezzano-Cizzago,2023,totale,unita_locali,225
017061,Concesio,2018,0-9,addetti,2146.4
017061,Concesio,2018,10-49,addetti,1128.3
017061,Concesio,2018,50-249,addetti,961.2
017061,Concesio,2018,totale,addetti,4235.9
017061,Concesio,2019,0-9,addetti,2136.4
017061,Concesio,2019,10-49,addetti,1185.5
017061,Concesio,2019,50-249,addetti,907.4
017061,Concesio,2019,totale,addetti,4229.2
017061,Concesio,2020,0-9,addetti,2054.2
017061,Concesio,2020,10-49,addetti,1251.3
017061,Concesio,2020,50-249,addetti,910.9
017061,Concesio,2020,totale,addetti,4216.4
017061,Concesio,2021,0-9,addetti,2146.5
017061,Concesio,2021,10-49,addetti,1113.6
017061,Concesio,2021,50-249,addetti,932.7
017061,Concesio,2021,totale,addetti,4192.8
017061,Concesio,2022,0-9,addetti,2251.8
017061,Concesio,2022,10-49,addetti,1253.0
017061,Concesio,2022,250+,addetti,249.9
017061,Concesio,2022,50-249,addetti,720.5
017061,Concesio,2022,totale,addetti,4475.2
017061,Concesio,2023,0-9,addetti,2253.6
017061,Concesio,2023,10-49,addetti,1376.9
017061,Concesio,2023,250+,addetti,261.1
017061,Concesio,2023,50-249,addetti,634.9
017061,Concesio,2023,totale,addetti,4526.4
017061,Concesio,2018,0-9,unita_locali,1167
017061,Concesio,2018,10-49,unita_locali,64
017061,Concesio,2018,50-249,unita_locali,7
017061,Concesio,2018,totale,unita_locali,1238
017061,Concesio,2019,0-9,unita_locali,1186
017061,Concesio,2019,10-49,unita_locali,67
017061,Concesio,2019,50-249,unita_locali,7
017061,Concesio,2019,totale,unita_locali,1260
017061,Concesio,2020,0-9,unita_locali,1184
017061,Concesio,2020,10-49,unita_locali,73
017061,Concesio,2020,50-249,unita_locali,8
017061,Concesio,2020,totale,unita_locali,1265
017061,Concesio,2021,0-9,unita_locali,1201
017061,Concesio,2021,10-49,unita_locali,67
017061,Concesio,2021,50-249,unita_locali,8
017061,Concesio,2021,totale,unita_locali,1276
017061,Concesio,2022,0-9,unita_locali,1255
017061,Concesio,2022,10-49,unita_locali,73
017061,Concesio,2022,250+,unita_locali,1
017061,Concesio,2022,50-249,unita_locali,7
017061,Concesio,2022,totale,unita_locali,1336
017061,Concesio,2023,0-9,unita_locali,1271
017061,Concesio,2023,10-49,unita_locali,78
017061,Concesio,2023,250+,unita_locali,1
017061,Concesio,2023,50-249,unita_locali,6
017061,Concesio,2023,totale,unita_locali,1356
017062,Corte Franca,2018,0-9,addetti,1212.0
017062,Corte Franca,2018,10-49,addetti,1218.9
017062,Corte Franca,2018,50-249,addetti,433.2
017062,Corte Franca,2018,totale,addetti,2864.1
017062,Corte Franca,2019,0-9,addetti,1135.0
017062,Corte Franca,2019,10-49,addetti,1077.5
017062,Corte Franca,2019,50-249,addetti,600.4
017062,Corte Franca,2019,totale,addetti,2812.9
017062,Corte Franca,2020,0-9,addetti,1197.4
017062,Corte Franca,2020,10-49,addetti,977.7
017062,Corte Franca,2020,50-249,addetti,550.0
017062,Corte Franca,2020,totale,addetti,2725.1
017062,Corte Franca,2021,0-9,addetti,1204.4
017062,Corte Franca,2021,10-49,addetti,1029.8
017062,Corte Franca,2021,50-249,addetti,488.7
017062,Corte Franca,2021,totale,addetti,2722.9
017062,Corte Franca,2022,0-9,addetti,1212.8
017062,Corte Franca,2022,10-49,addetti,1133.2
017062,Corte Franca,2022,50-249,addetti,527.0
017062,Corte Franca,2022,totale,addetti,2873.0
017062,Corte Franca,2023,0-9,addetti,1176.7
017062,Corte Franca,2023,10-49,addetti,1189.0
017062,Corte Franca,2023,50-249,addetti,509.2
017062,Corte Franca,2023,totale,addetti,2874.9
017062,Corte Franca,2018,0-9,unita_locali,597
017062,Corte Franca,2018,10-49,unita_locali,58
017062,Corte Franca,2018,50-249,unita_locali,5
017062,Corte Franca,2018,totale,unita_locali,660
017062,Corte Franca,2019,0-9,unita_locali,581
017062,Corte Franca,2019,10-49,unita_locali,57
017062,Corte Franca,2019,50-249,unita_locali,8
017062,Corte Franca,2019,totale,unita_locali,646
017062,Corte Franca,2020,0-9,unita_locali,630
017062,Corte Franca,2020,10-49,unita_locali,50
017062,Corte Franca,2020,50-249,unita_locali,7
017062,Corte Franca,2020,totale,unita_locali,687
017062,Corte Franca,2021,0-9,unita_locali,646
017062,Corte Franca,2021,10-49,unita_locali,53
017062,Corte Franca,2021,50-249,unita_locali,6
017062,Corte Franca,2021,totale,unita_locali,705
017062,Corte Franca,2022,0-9,unita_locali,646
017062,Corte Franca,2022,10-49,unita_locali,56
017062,Corte Franca,2022,50-249,unita_locali,6
017062,Corte Franca,2022,totale,unita_locali,708
017062,Corte Franca,2023,0-9,unita_locali,652
017062,Corte Franca,2023,10-49,unita_locali,59
017062,Corte Franca,2023,50-249,unita_locali,6
017062,Corte Franca,2023,totale,unita_locali,717
017063,Corteno Golgi,2018,0-9,addetti,352.4
017063,Corteno Golgi,2018,10-49,addetti,91.7
017063,Corteno Golgi,2018,50-249,addetti,91.2
017063,Corteno Golgi,2018,totale,addetti,535.3
017063,Corteno Golgi,2019,0-9,addetti,322.6
017063,Corteno Golgi,2019,10-49,addetti,113.7
017063,Corteno Golgi,2019,50-249,addetti,91.1
017063,Corteno Golgi,2019,totale,addetti,527.4
017063,Corteno Golgi,2020,0-9,addetti,306.1
017063,Corteno Golgi,2020,10-49,addetti,114.0
017063,Corteno Golgi,2020,50-249,addetti,101.8
017063,Corteno Golgi,2020,totale,addetti,522.0
017063,Corteno Golgi,2021,0-9,addetti,325.1
017063,Corteno Golgi,2021,10-49,addetti,149.3
017063,Corteno Golgi,2021,50-249,addetti,65.1
017063,Corteno Golgi,2021,totale,addetti,539.6
017063,Corteno Golgi,2022,0-9,addetti,340.3
017063,Corteno Golgi,2022,10-49,addetti,150.9
017063,Corteno Golgi,2022,50-249,addetti,72.3
017063,Corteno Golgi,2022,totale,addetti,563.6
017063,Corteno Golgi,2023,0-9,addetti,345.4
017063,Corteno Golgi,2023,10-49,addetti,158.1
017063,Corteno Golgi,2023,50-249,addetti,66.2
017063,Corteno Golgi,2023,totale,addetti,569.7
017063,Corteno Golgi,2018,0-9,unita_locali,179
017063,Corteno Golgi,2018,10-49,unita_locali,6
017063,Corteno Golgi,2018,50-249,unita_locali,1
017063,Corteno Golgi,2018,totale,unita_locali,186
017063,Corteno Golgi,2019,0-9,unita_locali,164
017063,Corteno Golgi,2019,10-49,unita_locali,8
017063,Corteno Golgi,2019,50-249,unita_locali,1
017063,Corteno Golgi,2019,totale,unita_locali,173
017063,Corteno Golgi,2020,0-9,unita_locali,180
017063,Corteno Golgi,2020,10-49,unita_locali,8
017063,Corteno Golgi,2020,50-249,unita_locali,1
017063,Corteno Golgi,2020,totale,unita_locali,189
017063,Corteno Golgi,2021,0-9,unita_locali,183
017063,Corteno Golgi,2021,10-49,unita_locali,10
017063,Corteno Golgi,2021,50-249,unita_locali,1
017063,Corteno Golgi,2021,totale,unita_locali,194
017063,Corteno Golgi,2022,0-9,unita_locali,179
017063,Corteno Golgi,2022,10-49,unita_locali,10
017063,Corteno Golgi,2022,50-249,unita_locali,1
017063,Corteno Golgi,2022,totale,unita_locali,190
017063,Corteno Golgi,2023,0-9,unita_locali,174
017063,Corteno Golgi,2023,10-49,unita_locali,10
017063,Corteno Golgi,2023,50-249,unita_locali,1
017063,Corteno Golgi,2023,totale,unita_locali,185
017064,Corzano,2018,0-9,addetti,203.2
017064,Corzano,2018,10-49,addetti,69.7
017064,Corzano,2018,50-249,addetti,154.8
017064,Corzano,2018,totale,addetti,427.7
017064,Corzano,2019,0-9,addetti,190.6
017064,Corzano,2019,10-49,addetti,112.9
017064,Corzano,2019,50-249,addetti,150.0
017064,Corzano,2019,totale,addetti,453.4
017064,Corzano,2020,0-9,addetti,212.6
017064,Corzano,2020,10-49,addetti,77.0
017064,Corzano,2020,50-249,addetti,199.2
017064,Corzano,2020,totale,addetti,488.8
017064,Corzano,2021,0-9,addetti,205.9
017064,Corzano,2021,10-49,addetti,28.5
017064,Corzano,2021,50-249,addetti,259.6
017064,Corzano,2021,totale,addetti,494.0
017064,Corzano,2022,0-9,addetti,211.5
017064,Corzano,2022,10-49,addetti,45.6
017064,Corzano,2022,50-249,addetti,307.7
017064,Corzano,2022,totale,addetti,564.9
017064,Corzano,2023,0-9,addetti,219.9
017064,Corzano,2023,10-49,addetti,44.3
017064,Corzano,2023,50-249,addetti,318.4
017064,Corzano,2023,totale,addetti,582.5
017064,Corzano,2018,0-9,unita_locali,91
017064,Corzano,2018,10-49,unita_locali,3
017064,Corzano,2018,50-249,unita_locali,1
017064,Corzano,2018,totale,unita_locali,95
017064,Corzano,2019,0-9,unita_locali,95
017064,Corzano,2019,10-49,unita_locali,5
017064,Corzano,2019,50-249,unita_locali,1
017064,Corzano,2019,totale,unita_locali,101
017064,Corzano,2020,0-9,unita_locali,102
017064,Corzano,2020,10-49,unita_locali,3
017064,Corzano,2020,50-249,unita_locali,2
017064,Corzano,2020,totale,unita_locali,107
017064,Corzano,2021,0-9,unita_locali,99
017064,Corzano,2021,10-49,unita_locali,2
017064,Corzano,2021,50-249,unita_locali,3
017064,Corzano,2021,totale,unita_locali,104
017064,Corzano,2022,0-9,unita_locali,101
017064,Corzano,2022,10-49,unita_locali,3
017064,Corzano,2022,50-249,unita_locali,3
017064,Corzano,2022,totale,unita_locali,107
017064,Corzano,2023,0-9,unita_locali,102
017064,Corzano,2023,10-49,unita_locali,3
017064,Corzano,2023,50-249,unita_locali,3
017064,Corzano,2023,totale,unita_locali,108
017065,Darfo Boario Terme,2018,0-9,addetti,3121.9
017065,Darfo Boario Terme,2018,10-49,addetti,2020.3
017065,Darfo Boario Terme,2018,50-249,addetti,1089.2
017065,Darfo Boario Terme,2018,totale,addetti,6231.4
017065,Darfo Boario Terme,2019,0-9,addetti,3136.2
017065,Darfo Boario Terme,2019,10-49,addetti,1843.8
017065,Darfo Boario Terme,2019,50-249,addetti,1350.1
017065,Darfo Boario Terme,2019,totale,addetti,6330.1
017065,Darfo Boario Terme,2020,0-9,addetti,3049.2
017065,Darfo Boario Terme,2020,10-49,addetti,1873.4
017065,Darfo Boario Terme,2020,50-249,addetti,1220.5
017065,Darfo Boario Terme,2020,totale,addetti,6143.0
017065,Darfo Boario Terme,2021,0-9,addetti,3102.7
017065,Darfo Boario Terme,2021,10-49,addetti,1918.1
017065,Darfo Boario Terme,2021,50-249,addetti,1190.7
017065,Darfo Boario Terme,2021,totale,addetti,6211.6
017065,Darfo Boario Terme,2022,0-9,addetti,3138.7
017065,Darfo Boario Terme,2022,10-49,addetti,2018.7
017065,Darfo Boario Terme,2022,50-249,addetti,1276.4
017065,Darfo Boario Terme,2022,totale,addetti,6433.8
017065,Darfo Boario Terme,2023,0-9,addetti,3258.4
017065,Darfo Boario Terme,2023,10-49,addetti,2019.2
017065,Darfo Boario Terme,2023,50-249,addetti,1211.7
017065,Darfo Boario Terme,2023,totale,addetti,6489.4
017065,Darfo Boario Terme,2018,0-9,unita_locali,1502
017065,Darfo Boario Terme,2018,10-49,unita_locali,114
017065,Darfo Boario Terme,2018,50-249,unita_locali,13
017065,Darfo Boario Terme,2018,totale,unita_locali,1629
017065,Darfo Boario Terme,2019,0-9,unita_locali,1485
017065,Darfo Boario Terme,2019,10-49,unita_locali,105
017065,Darfo Boario Terme,2019,50-249,unita_locali,16
017065,Darfo Boario Terme,2019,totale,unita_locali,1606
017065,Darfo Boario Terme,2020,0-9,unita_locali,1540
017065,Darfo Boario Terme,2020,10-49,unita_locali,107
017065,Darfo Boario Terme,2020,50-249,unita_locali,13
017065,Darfo Boario Terme,2020,totale,unita_locali,1660
017065,Darfo Boario Terme,2021,0-9,unita_locali,1564
017065,Darfo Boario Terme,2021,10-49,unita_locali,103
017065,Darfo Boario Terme,2021,50-249,unita_locali,12
017065,Darfo Boario Terme,2021,totale,unita_locali,1679
017065,Darfo Boario Terme,2022,0-9,unita_locali,1617
017065,Darfo Boario Terme,2022,10-49,unita_locali,114
017065,Darfo Boario Terme,2022,50-249,unita_locali,13
017065,Darfo Boario Terme,2022,totale,unita_locali,1744
017065,Darfo Boario Terme,2023,0-9,unita_locali,1651
017065,Darfo Boario Terme,2023,10-49,unita_locali,112
017065,Darfo Boario Terme,2023,50-249,unita_locali,13
017065,Darfo Boario Terme,2023,totale,unita_locali,1776
017066,Dello,2018,0-9,addetti,578.6
017066,Dello,2018,10-49,addetti,166.0
017066,Dello,2018,250+,addetti,369.5
017066,Dello,2018,50-249,addetti,449.1
017066,Dello,2018,totale,addetti,1563.2
017066,Dello,2019,0-9,addetti,582.4
017066,Dello,2019,10-49,addetti,183.8
017066,Dello,2019,250+,addetti,361.9
017066,Dello,2019,50-249,addetti,458.3
017066,Dello,2019,totale,addetti,1586.4
017066,Dello,2020,0-9,addetti,581.5
017066,Dello,2020,10-49,addetti,183.3
017066,Dello,2020,250+,addetti,344.5
017066,Dello,2020,50-249,addetti,459.1
017066,Dello,2020,totale,addetti,1568.4
017066,Dello,2021,0-9,addetti,589.4
017066,Dello,2021,10-49,addetti,252.2
017066,Dello,2021,250+,addetti,322.0
017066,Dello,2021,50-249,addetti,467.1
017066,Dello,2021,totale,addetti,1630.7
017066,Dello,2022,0-9,addetti,642.5
017066,Dello,2022,10-49,addetti,206.0
017066,Dello,2022,250+,addetti,314.9
017066,Dello,2022,50-249,addetti,470.2
017066,Dello,2022,totale,addetti,1633.6
017066,Dello,2023,0-9,addetti,652.0
017066,Dello,2023,10-49,addetti,215.4
017066,Dello,2023,250+,addetti,315.1
017066,Dello,2023,50-249,addetti,467.6
017066,Dello,2023,totale,addetti,1650.1
017066,Dello,2018,0-9,unita_locali,302
017066,Dello,2018,10-49,unita_locali,10
017066,Dello,2018,250+,unita_locali,1
017066,Dello,2018,50-249,unita_locali,4
017066,Dello,2018,totale,unita_locali,317
017066,Dello,2019,0-9,unita_locali,313
017066,Dello,2019,10-49,unita_locali,12
017066,Dello,2019,250+,unita_locali,1
017066,Dello,2019,50-249,unita_locali,4
017066,Dello,2019,totale,unita_locali,330
017066,Dello,2020,0-9,unita_locali,320
017066,Dello,2020,10-49,unita_locali,11
017066,Dello,2020,250+,unita_locali,1
017066,Dello,2020,50-249,unita_locali,4
017066,Dello,2020,totale,unita_locali,336
017066,Dello,2021,0-9,unita_locali,332
017066,Dello,2021,10-49,unita_locali,16
017066,Dello,2021,250+,unita_locali,1
017066,Dello,2021,50-249,unita_locali,4
017066,Dello,2021,totale,unita_locali,353
017066,Dello,2022,0-9,unita_locali,333
017066,Dello,2022,10-49,unita_locali,12
017066,Dello,2022,250+,unita_locali,1
017066,Dello,2022,50-249,unita_locali,4
017066,Dello,2022,totale,unita_locali,350
017066,Dello,2023,0-9,unita_locali,341
017066,Dello,2023,10-49,unita_locali,11
017066,Dello,2023,250+,unita_locali,1
017066,Dello,2023,50-249,unita_locali,4
017066,Dello,2023,totale,unita_locali,357
017067,Desenzano del Garda,2018,0-9,addetti,5356.7
017067,Desenzano del Garda,2018,10-49,addetti,2787.9
017067,Desenzano del Garda,2018,250+,addetti,341.3
017067,Desenzano del Garda,2018,50-249,addetti,1629.5
017067,Desenzano del Garda,2018,totale,addetti,10115.4
017067,Desenzano del Garda,2019,0-9,addetti,5307.6
017067,Desenzano del Garda,2019,10-49,addetti,2866.5
017067,Desenzano del Garda,2019,250+,addetti,337.8
017067,Desenzano del Garda,2019,50-249,addetti,1819.9
017067,Desenzano del Garda,2019,totale,addetti,10331.9
017067,Desenzano del Garda,2020,0-9,addetti,5244.3
017067,Desenzano del Garda,2020,10-49,addetti,2645.2
017067,Desenzano del Garda,2020,250+,addetti,348.1
017067,Desenzano del Garda,2020,50-249,addetti,1585.3
017067,Desenzano del Garda,2020,totale,addetti,9822.9
017067,Desenzano del Garda,2021,0-9,addetti,5356.7
017067,Desenzano del Garda,2021,10-49,addetti,2842.0
017067,Desenzano del Garda,2021,250+,addetti,328.9
017067,Desenzano del Garda,2021,50-249,addetti,1803.4
017067,Desenzano del Garda,2021,totale,addetti,10331.0
017067,Desenzano del Garda,2022,0-9,addetti,5496.4
017067,Desenzano del Garda,2022,10-49,addetti,3166.1
017067,Desenzano del Garda,2022,250+,addetti,341.8
017067,Desenzano del Garda,2022,50-249,addetti,1859.8
017067,Desenzano del Garda,2022,totale,addetti,10864.1
017067,Desenzano del Garda,2023,0-9,addetti,5458.2
017067,Desenzano del Garda,2023,10-49,addetti,3300.8
017067,Desenzano del Garda,2023,250+,addetti,357.0
017067,Desenzano del Garda,2023,50-249,addetti,1924.4
017067,Desenzano del Garda,2023,totale,addetti,11040.5
017067,Desenzano del Garda,2018,0-9,unita_locali,2721
017067,Desenzano del Garda,2018,10-49,unita_locali,148
017067,Desenzano del Garda,2018,250+,unita_locali,1
017067,Desenzano del Garda,2018,50-249,unita_locali,18
017067,Desenzano del Garda,2018,totale,unita_locali,2888
017067,Desenzano del Garda,2019,0-9,unita_locali,2713
017067,Desenzano del Garda,2019,10-49,unita_locali,158
017067,Desenzano del Garda,2019,250+,unita_locali,1
017067,Desenzano del Garda,2019,50-249,unita_locali,19
017067,Desenzano del Garda,2019,totale,unita_locali,2891
017067,Desenzano del Garda,2020,0-9,unita_locali,2844
017067,Desenzano del Garda,2020,10-49,unita_locali,145
017067,Desenzano del Garda,2020,250+,unita_locali,1
017067,Desenzano del Garda,2020,50-249,unita_locali,19
017067,Desenzano del Garda,2020,totale,unita_locali,3009
017067,Desenzano del Garda,2021,0-9,unita_locali,2943
017067,Desenzano del Garda,2021,10-49,unita_locali,154
017067,Desenzano del Garda,2021,250+,unita_locali,1
017067,Desenzano del Garda,2021,50-249,unita_locali,20
017067,Desenzano del Garda,2021,totale,unita_locali,3118
017067,Desenzano del Garda,2022,0-9,unita_locali,3020
017067,Desenzano del Garda,2022,10-49,unita_locali,177
017067,Desenzano del Garda,2022,250+,unita_locali,1
017067,Desenzano del Garda,2022,50-249,unita_locali,21
017067,Desenzano del Garda,2022,totale,unita_locali,3219
017067,Desenzano del Garda,2023,0-9,unita_locali,3037
017067,Desenzano del Garda,2023,10-49,unita_locali,186
017067,Desenzano del Garda,2023,250+,unita_locali,1
017067,Desenzano del Garda,2023,50-249,unita_locali,22
017067,Desenzano del Garda,2023,totale,unita_locali,3246
017068,Edolo,2018,0-9,addetti,789.1
017068,Edolo,2018,10-49,addetti,235.0
017068,Edolo,2018,50-249,addetti,230.3
017068,Edolo,2018,totale,addetti,1254.4
017068,Edolo,2019,0-9,addetti,790.0
017068,Edolo,2019,10-49,addetti,264.6
017068,Edolo,2019,50-249,addetti,167.9
017068,Edolo,2019,totale,addetti,1222.5
017068,Edolo,2020,0-9,addetti,763.9
017068,Edolo,2020,10-49,addetti,312.9
017068,Edolo,2020,50-249,addetti,114.0
017068,Edolo,2020,totale,addetti,1190.8
017068,Edolo,2021,0-9,addetti,810.7
017068,Edolo,2021,10-49,addetti,333.0
017068,Edolo,2021,50-249,addetti,114.7
017068,Edolo,2021,totale,addetti,1258.4
017068,Edolo,2022,0-9,addetti,804.7
017068,Edolo,2022,10-49,addetti,340.3
017068,Edolo,2022,50-249,addetti,182.3
017068,Edolo,2022,totale,addetti,1327.4
017068,Edolo,2023,0-9,addetti,845.6
017068,Edolo,2023,10-49,addetti,441.0
017068,Edolo,2023,50-249,addetti,140.4
017068,Edolo,2023,totale,addetti,1427.0
017068,Edolo,2018,0-9,unita_locali,420
017068,Edolo,2018,10-49,unita_locali,12
017068,Edolo,2018,50-249,unita_locali,4
017068,Edolo,2018,totale,unita_locali,436
017068,Edolo,2019,0-9,unita_locali,401
017068,Edolo,2019,10-49,unita_locali,11
017068,Edolo,2019,50-249,unita_locali,3
017068,Edolo,2019,totale,unita_locali,415
017068,Edolo,2020,0-9,unita_locali,416
017068,Edolo,2020,10-49,unita_locali,13
017068,Edolo,2020,50-249,unita_locali,2
017068,Edolo,2020,totale,unita_locali,431
017068,Edolo,2021,0-9,unita_locali,434
017068,Edolo,2021,10-49,unita_locali,14
017068,Edolo,2021,50-249,unita_locali,2
017068,Edolo,2021,totale,unita_locali,450
017068,Edolo,2022,0-9,unita_locali,441
017068,Edolo,2022,10-49,unita_locali,15
017068,Edolo,2022,50-249,unita_locali,3
017068,Edolo,2022,totale,unita_locali,459
017068,Edolo,2023,0-9,unita_locali,440
017068,Edolo,2023,10-49,unita_locali,20
017068,Edolo,2023,50-249,unita_locali,2
017068,Edolo,2023,totale,unita_locali,462
017069,Erbusco,2018,0-9,addetti,1879.8
017069,Erbusco,2018,10-49,addetti,1438.1
017069,Erbusco,2018,50-249,addetti,1013.5
017069,Erbusco,2018,totale,addetti,4331.4
017069,Erbusco,2019,0-9,addetti,1916.6
017069,Erbusco,2019,10-49,addetti,1520.8
017069,Erbusco,2019,50-249,addetti,1178.1
017069,Erbusco,2019,totale,addetti,4615.6
017069,Erbusco,2020,0-9,addetti,1914.6
017069,Erbusco,2020,10-49,addetti,1397.0
017069,Erbusco,2020,50-249,addetti,1139.1
017069,Erbusco,2020,totale,addetti,4450.7
017069,Erbusco,2021,0-9,addetti,1905.5
017069,Erbusco,2021,10-49,addetti,1648.5
017069,Erbusco,2021,50-249,addetti,953.4
017069,Erbusco,2021,totale,addetti,4507.4
017069,Erbusco,2022,0-9,addetti,1942.7
017069,Erbusco,2022,10-49,addetti,1667.8
017069,Erbusco,2022,50-249,addetti,1204.4
017069,Erbusco,2022,totale,addetti,4814.9
017069,Erbusco,2023,0-9,addetti,1855.0
017069,Erbusco,2023,10-49,addetti,1919.8
017069,Erbusco,2023,50-249,addetti,1025.7
017069,Erbusco,2023,totale,addetti,4800.5
017069,Erbusco,2018,0-9,unita_locali,825
017069,Erbusco,2018,10-49,unita_locali,85
017069,Erbusco,2018,50-249,unita_locali,12
017069,Erbusco,2018,totale,unita_locali,922
017069,Erbusco,2019,0-9,unita_locali,842
017069,Erbusco,2019,10-49,unita_locali,90
017069,Erbusco,2019,50-249,unita_locali,14
017069,Erbusco,2019,totale,unita_locali,946
017069,Erbusco,2020,0-9,unita_locali,874
017069,Erbusco,2020,10-49,unita_locali,79
017069,Erbusco,2020,50-249,unita_locali,13
017069,Erbusco,2020,totale,unita_locali,966
017069,Erbusco,2021,0-9,unita_locali,877
017069,Erbusco,2021,10-49,unita_locali,92
017069,Erbusco,2021,50-249,unita_locali,11
017069,Erbusco,2021,totale,unita_locali,980
017069,Erbusco,2022,0-9,unita_locali,906
017069,Erbusco,2022,10-49,unita_locali,93
017069,Erbusco,2022,50-249,unita_locali,13
017069,Erbusco,2022,totale,unita_locali,1012
017069,Erbusco,2023,0-9,unita_locali,901
017069,Erbusco,2023,10-49,unita_locali,106
017069,Erbusco,2023,50-249,unita_locali,12
017069,Erbusco,2023,totale,unita_locali,1019
017070,Esine,2018,0-9,addetti,906.8
017070,Esine,2018,10-49,addetti,716.9
017070,Esine,2018,50-249,addetti,97.9
017070,Esine,2018,totale,addetti,1721.6
017070,Esine,2019,0-9,addetti,933.9
017070,Esine,2019,10-49,addetti,629.7
017070,Esine,2019,50-249,addetti,160.4
017070,Esine,2019,totale,addetti,1724.0
017070,Esine,2020,0-9,addetti,959.9
017070,Esine,2020,10-49,addetti,539.0
017070,Esine,2020,50-249,addetti,317.4
017070,Esine,2020,totale,addetti,1816.3
017070,Esine,2021,0-9,addetti,989.3
017070,Esine,2021,10-49,addetti,595.2
017070,Esine,2021,50-249,addetti,326.9
017070,Esine,2021,totale,addetti,1911.4
017070,Esine,2022,0-9,addetti,1016.3
017070,Esine,2022,10-49,addetti,552.1
017070,Esine,2022,50-249,addetti,324.8
017070,Esine,2022,totale,addetti,1893.2
017070,Esine,2023,0-9,addetti,1020.8
017070,Esine,2023,10-49,addetti,656.2
017070,Esine,2023,50-249,addetti,211.2
017070,Esine,2023,totale,addetti,1888.2
017070,Esine,2018,0-9,unita_locali,460
017070,Esine,2018,10-49,unita_locali,35
017070,Esine,2018,50-249,unita_locali,1
017070,Esine,2018,totale,unita_locali,496
017070,Esine,2019,0-9,unita_locali,456
017070,Esine,2019,10-49,unita_locali,30
017070,Esine,2019,50-249,unita_locali,2
017070,Esine,2019,totale,unita_locali,488
017070,Esine,2020,0-9,unita_locali,468
017070,Esine,2020,10-49,unita_locali,27
017070,Esine,2020,50-249,unita_locali,4
017070,Esine,2020,totale,unita_locali,499
017070,Esine,2021,0-9,unita_locali,471
017070,Esine,2021,10-49,unita_locali,31
017070,Esine,2021,50-249,unita_locali,4
017070,Esine,2021,totale,unita_locali,506
017070,Esine,2022,0-9,unita_locali,485
017070,Esine,2022,10-49,unita_locali,31
017070,Esine,2022,50-249,unita_locali,4
017070,Esine,2022,totale,unita_locali,520
017070,Esine,2023,0-9,unita_locali,497
017070,Esine,2023,10-49,unita_locali,35
017070,Esine,2023,50-249,unita_locali,2
017070,Esine,2023,totale,unita_locali,534
017071,Fiesse,2018,0-9,addetti,184.0
017071,Fiesse,2018,10-49,addetti,53.6
017071,Fiesse,2018,totale,addetti,237.6
017071,Fiesse,2019,0-9,addetti,173.5
017071,Fiesse,2019,10-49,addetti,63.7
017071,Fiesse,2019,totale,addetti,237.2
017071,Fiesse,2020,0-9,addetti,164.5
017071,Fiesse,2020,10-49,addetti,41.7
017071,Fiesse,2020,totale,addetti,206.3
017071,Fiesse,2021,0-9,addetti,156.8
017071,Fiesse,2021,10-49,addetti,97.3
017071,Fiesse,2021,totale,addetti,254.2
017071,Fiesse,2022,0-9,addetti,163.8
017071,Fiesse,2022,10-49,addetti,68.3
017071,Fiesse,2022,totale,addetti,232.1
017071,Fiesse,2023,0-9,addetti,152.2
017071,Fiesse,2023,10-49,addetti,83.5
017071,Fiesse,2023,totale,addetti,235.6
017071,Fiesse,2018,0-9,unita_locali,113
017071,Fiesse,2018,10-49,unita_locali,3
017071,Fiesse,2018,totale,unita_locali,116
017071,Fiesse,2019,0-9,unita_locali,99
017071,Fiesse,2019,10-49,unita_locali,4
017071,Fiesse,2019,totale,unita_locali,103
017071,Fiesse,2020,0-9,unita_locali,98
017071,Fiesse,2020,10-49,unita_locali,2
017071,Fiesse,2020,totale,unita_locali,100
017071,Fiesse,2021,0-9,unita_locali,98
017071,Fiesse,2021,10-49,unita_locali,5
017071,Fiesse,2021,totale,unita_locali,103
017071,Fiesse,2022,0-9,unita_locali,101
017071,Fiesse,2022,10-49,unita_locali,3
017071,Fiesse,2022,totale,unita_locali,104
017071,Fiesse,2023,0-9,unita_locali,101
017071,Fiesse,2023,10-49,unita_locali,4
017071,Fiesse,2023,totale,unita_locali,105
017072,Flero,2018,0-9,addetti,2114.4
017072,Flero,2018,10-49,addetti,1769.2
017072,Flero,2018,50-249,addetti,985.6
017072,Flero,2018,totale,addetti,4869.2
017072,Flero,2019,0-9,addetti,2061.7
017072,Flero,2019,10-49,addetti,1874.7
017072,Flero,2019,50-249,addetti,1165.7
017072,Flero,2019,totale,addetti,5102.1
017072,Flero,2020,0-9,addetti,1969.2
017072,Flero,2020,10-49,addetti,1972.6
017072,Flero,2020,50-249,addetti,1071.7
017072,Flero,2020,totale,addetti,5013.5
017072,Flero,2021,0-9,addetti,2078.3
017072,Flero,2021,10-49,addetti,1890.5
017072,Flero,2021,50-249,addetti,1011.2
017072,Flero,2021,totale,addetti,4980.0
017072,Flero,2022,0-9,addetti,2006.3
017072,Flero,2022,10-49,addetti,1922.3
017072,Flero,2022,50-249,addetti,1074.8
017072,Flero,2022,totale,addetti,5003.5
017072,Flero,2023,0-9,addetti,2032.0
017072,Flero,2023,10-49,addetti,2063.7
017072,Flero,2023,50-249,addetti,1105.4
017072,Flero,2023,totale,addetti,5201.1
017072,Flero,2018,0-9,unita_locali,899
017072,Flero,2018,10-49,unita_locali,98
017072,Flero,2018,50-249,unita_locali,11
017072,Flero,2018,totale,unita_locali,1008
017072,Flero,2019,0-9,unita_locali,881
017072,Flero,2019,10-49,unita_locali,103
017072,Flero,2019,50-249,unita_locali,14
017072,Flero,2019,totale,unita_locali,998
017072,Flero,2020,0-9,unita_locali,892
017072,Flero,2020,10-49,unita_locali,109
017072,Flero,2020,50-249,unita_locali,11
017072,Flero,2020,totale,unita_locali,1012
017072,Flero,2021,0-9,unita_locali,912
017072,Flero,2021,10-49,unita_locali,99
017072,Flero,2021,50-249,unita_locali,10
017072,Flero,2021,totale,unita_locali,1021
017072,Flero,2022,0-9,unita_locali,921
017072,Flero,2022,10-49,unita_locali,108
017072,Flero,2022,50-249,unita_locali,10
017072,Flero,2022,totale,unita_locali,1039
017072,Flero,2023,0-9,unita_locali,938
017072,Flero,2023,10-49,unita_locali,111
017072,Flero,2023,50-249,unita_locali,10
017072,Flero,2023,totale,unita_locali,1059
017073,Gambara,2018,0-9,addetti,587.8
017073,Gambara,2018,10-49,addetti,439.5
017073,Gambara,2018,50-249,addetti,134.7
017073,Gambara,2018,totale,addetti,1162.0
017073,Gambara,2019,0-9,addetti,590.6
017073,Gambara,2019,10-49,addetti,446.4
017073,Gambara,2019,50-249,addetti,188.3
017073,Gambara,2019,totale,addetti,1225.3
017073,Gambara,2020,0-9,addetti,613.7
017073,Gambara,2020,10-49,addetti,426.9
017073,Gambara,2020,50-249,addetti,183.2
017073,Gambara,2020,totale,addetti,1223.8
017073,Gambara,2021,0-9,addetti,622.1
017073,Gambara,2021,10-49,addetti,466.0
017073,Gambara,2021,50-249,addetti,121.4
017073,Gambara,2021,totale,addetti,1209.4
017073,Gambara,2022,0-9,addetti,639.6
017073,Gambara,2022,10-49,addetti,444.9
017073,Gambara,2022,50-249,addetti,133.8
017073,Gambara,2022,totale,addetti,1218.4
017073,Gambara,2023,0-9,addetti,592.2
017073,Gambara,2023,10-49,addetti,461.5
017073,Gambara,2023,50-249,addetti,148.0
017073,Gambara,2023,totale,addetti,1201.7
017073,Gambara,2018,0-9,unita_locali,314
017073,Gambara,2018,10-49,unita_locali,23
017073,Gambara,2018,50-249,unita_locali,1
017073,Gambara,2018,totale,unita_locali,338
017073,Gambara,2019,0-9,unita_locali,312
017073,Gambara,2019,10-49,unita_locali,23
017073,Gambara,2019,50-249,unita_locali,2
017073,Gambara,2019,totale,unita_locali,337
017073,Gambara,2020,0-9,unita_locali,314
017073,Gambara,2020,10-49,unita_locali,23
017073,Gambara,2020,50-249,unita_locali,2
017073,Gambara,2020,totale,unita_locali,339
017073,Gambara,2021,0-9,unita_locali,319
017073,Gambara,2021,10-49,unita_locali,23
017073,Gambara,2021,50-249,unita_locali,1
017073,Gambara,2021,totale,unita_locali,343
017073,Gambara,2022,0-9,unita_locali,327
017073,Gambara,2022,10-49,unita_locali,23
017073,Gambara,2022,50-249,unita_locali,1
017073,Gambara,2022,totale,unita_locali,351
017073,Gambara,2023,0-9,unita_locali,317
017073,Gambara,2023,10-49,unita_locali,24
017073,Gambara,2023,50-249,unita_locali,1
017073,Gambara,2023,totale,unita_locali,342
017074,Gardone Riviera,2018,0-9,addetti,466.3
017074,Gardone Riviera,2018,10-49,addetti,237.3
017074,Gardone Riviera,2018,50-249,addetti,231.9
017074,Gardone Riviera,2018,totale,addetti,935.5
017074,Gardone Riviera,2019,0-9,addetti,459.3
017074,Gardone Riviera,2019,10-49,addetti,241.7
017074,Gardone Riviera,2019,50-249,addetti,221.4
017074,Gardone Riviera,2019,totale,addetti,922.4
017074,Gardone Riviera,2020,0-9,addetti,430.2
017074,Gardone Riviera,2020,10-49,addetti,140.6
017074,Gardone Riviera,2020,50-249,addetti,127.6
017074,Gardone Riviera,2020,totale,addetti,698.3
017074,Gardone Riviera,2021,0-9,addetti,446.8
017074,Gardone Riviera,2021,10-49,addetti,168.0
017074,Gardone Riviera,2021,50-249,addetti,287.8
017074,Gardone Riviera,2021,totale,addetti,902.5
017074,Gardone Riviera,2022,0-9,addetti,460.1
017074,Gardone Riviera,2022,10-49,addetti,221.7
017074,Gardone Riviera,2022,50-249,addetti,367.8
017074,Gardone Riviera,2022,totale,addetti,1049.5
017074,Gardone Riviera,2023,0-9,addetti,444.6
017074,Gardone Riviera,2023,10-49,addetti,234.3
017074,Gardone Riviera,2023,50-249,addetti,324.4
017074,Gardone Riviera,2023,totale,addetti,1003.3
017074,Gardone Riviera,2018,0-9,unita_locali,234
017074,Gardone Riviera,2018,10-49,unita_locali,13
017074,Gardone Riviera,2018,50-249,unita_locali,3
017074,Gardone Riviera,2018,totale,unita_locali,250
017074,Gardone Riviera,2019,0-9,unita_locali,230
017074,Gardone Riviera,2019,10-49,unita_locali,14
017074,Gardone Riviera,2019,50-249,unita_locali,3
017074,Gardone Riviera,2019,totale,unita_locali,247
017074,Gardone Riviera,2020,0-9,unita_locali,227
017074,Gardone Riviera,2020,10-49,unita_locali,9
017074,Gardone Riviera,2020,50-249,unita_locali,2
017074,Gardone Riviera,2020,totale,unita_locali,238
017074,Gardone Riviera,2021,0-9,unita_locali,222
017074,Gardone Riviera,2021,10-49,unita_locali,10
017074,Gardone Riviera,2021,50-249,unita_locali,3
017074,Gardone Riviera,2021,totale,unita_locali,235
017074,Gardone Riviera,2022,0-9,unita_locali,234
017074,Gardone Riviera,2022,10-49,unita_locali,13
017074,Gardone Riviera,2022,50-249,unita_locali,4
017074,Gardone Riviera,2022,totale,unita_locali,251
017074,Gardone Riviera,2023,0-9,unita_locali,235
017074,Gardone Riviera,2023,10-49,unita_locali,13
017074,Gardone Riviera,2023,50-249,unita_locali,3
017074,Gardone Riviera,2023,totale,unita_locali,251
017075,Gardone Val Trompia,2018,0-9,addetti,1410.1
017075,Gardone Val Trompia,2018,10-49,addetti,928.9
017075,Gardone Val Trompia,2018,250+,addetti,1002.5
017075,Gardone Val Trompia,2018,50-249,addetti,614.6
017075,Gardone Val Trompia,2018,totale,addetti,3956.2
017075,Gardone Val Trompia,2019,0-9,addetti,1427.6
017075,Gardone Val Trompia,2019,10-49,addetti,880.2
017075,Gardone Val Trompia,2019,250+,addetti,1231.0
017075,Gardone Val Trompia,2019,50-249,addetti,407.7
017075,Gardone Val Trompia,2019,totale,addetti,3946.5
017075,Gardone Val Trompia,2020,0-9,addetti,1375.8
017075,Gardone Val Trompia,2020,10-49,addetti,987.6
017075,Gardone Val Trompia,2020,250+,addetti,967.2
017075,Gardone Val Trompia,2020,50-249,addetti,617.7
017075,Gardone Val Trompia,2020,totale,addetti,3948.3
017075,Gardone Val Trompia,2021,0-9,addetti,1384.5
017075,Gardone Val Trompia,2021,10-49,addetti,927.1
017075,Gardone Val Trompia,2021,250+,addetti,947.2
017075,Gardone Val Trompia,2021,50-249,addetti,712.0
017075,Gardone Val Trompia,2021,totale,addetti,3970.8
017075,Gardone Val Trompia,2022,0-9,addetti,1395.6
017075,Gardone Val Trompia,2022,10-49,addetti,966.2
017075,Gardone Val Trompia,2022,250+,addetti,699.5
017075,Gardone Val Trompia,2022,50-249,addetti,1007.4
017075,Gardone Val Trompia,2022,totale,addetti,4068.7
017075,Gardone Val Trompia,2023,0-9,addetti,1370.1
017075,Gardone Val Trompia,2023,10-49,addetti,1042.4
017075,Gardone Val Trompia,2023,250+,addetti,795.0
017075,Gardone Val Trompia,2023,50-249,addetti,919.0
017075,Gardone Val Trompia,2023,totale,addetti,4126.6
017075,Gardone Val Trompia,2018,0-9,unita_locali,680
017075,Gardone Val Trompia,2018,10-49,unita_locali,47
017075,Gardone Val Trompia,2018,250+,unita_locali,2
017075,Gardone Val Trompia,2018,50-249,unita_locali,5
017075,Gardone Val Trompia,2018,totale,unita_locali,734
017075,Gardone Val Trompia,2019,0-9,unita_locali,656
017075,Gardone Val Trompia,2019,10-49,unita_locali,45
017075,Gardone Val Trompia,2019,250+,unita_locali,3
017075,Gardone Val Trompia,2019,50-249,unita_locali,4
017075,Gardone Val Trompia,2019,totale,unita_locali,708
017075,Gardone Val Trompia,2020,0-9,unita_locali,673
017075,Gardone Val Trompia,2020,10-49,unita_locali,50
017075,Gardone Val Trompia,2020,250+,unita_locali,2
017075,Gardone Val Trompia,2020,50-249,unita_locali,5
017075,Gardone Val Trompia,2020,totale,unita_locali,730
017075,Gardone Val Trompia,2021,0-9,unita_locali,675
017075,Gardone Val Trompia,2021,10-49,unita_locali,45
017075,Gardone Val Trompia,2021,250+,unita_locali,2
017075,Gardone Val Trompia,2021,50-249,unita_locali,7
017075,Gardone Val Trompia,2021,totale,unita_locali,729
017075,Gardone Val Trompia,2022,0-9,unita_locali,700
017075,Gardone Val Trompia,2022,10-49,unita_locali,47
017075,Gardone Val Trompia,2022,250+,unita_locali,1
017075,Gardone Val Trompia,2022,50-249,unita_locali,9
017075,Gardone Val Trompia,2022,totale,unita_locali,757
017075,Gardone Val Trompia,2023,0-9,unita_locali,701
017075,Gardone Val Trompia,2023,10-49,unita_locali,50
017075,Gardone Val Trompia,2023,250+,unita_locali,1
017075,Gardone Val Trompia,2023,50-249,unita_locali,8
017075,Gardone Val Trompia,2023,totale,unita_locali,760
017076,Gargnano,2018,0-9,addetti,605.1
017076,Gargnano,2018,10-49,addetti,205.1
017076,Gargnano,2018,50-249,addetti,140.7
017076,Gargnano,2018,totale,addetti,950.9
017076,Gargnano,2019,0-9,addetti,589.1
017076,Gargnano,2019,10-49,addetti,198.0
017076,Gargnano,2019,50-249,addetti,134.2
017076,Gargnano,2019,totale,addetti,921.4
017076,Gargnano,2020,0-9,addetti,582.0
017076,Gargnano,2020,10-49,addetti,122.5
017076,Gargnano,2020,50-249,addetti,120.4
017076,Gargnano,2020,totale,addetti,824.9
017076,Gargnano,2021,0-9,addetti,592.2
017076,Gargnano,2021,10-49,addetti,209.6
017076,Gargnano,2021,50-249,addetti,131.3
017076,Gargnano,2021,totale,addetti,933.1
017076,Gargnano,2022,0-9,addetti,617.3
017076,Gargnano,2022,10-49,addetti,200.7
017076,Gargnano,2022,50-249,addetti,189.1
017076,Gargnano,2022,totale,addetti,1007.1
017076,Gargnano,2023,0-9,addetti,607.9
017076,Gargnano,2023,10-49,addetti,207.7
017076,Gargnano,2023,50-249,addetti,56.4
017076,Gargnano,2023,totale,addetti,872.0
017076,Gargnano,2018,0-9,unita_locali,293
017076,Gargnano,2018,10-49,unita_locali,11
017076,Gargnano,2018,50-249,unita_locali,1
017076,Gargnano,2018,totale,unita_locali,305
017076,Gargnano,2019,0-9,unita_locali,275
017076,Gargnano,2019,10-49,unita_locali,11
017076,Gargnano,2019,50-249,unita_locali,1
017076,Gargnano,2019,totale,unita_locali,287
017076,Gargnano,2020,0-9,unita_locali,298
017076,Gargnano,2020,10-49,unita_locali,7
017076,Gargnano,2020,50-249,unita_locali,1
017076,Gargnano,2020,totale,unita_locali,306
017076,Gargnano,2021,0-9,unita_locali,298
017076,Gargnano,2021,10-49,unita_locali,12
017076,Gargnano,2021,50-249,unita_locali,1
017076,Gargnano,2021,totale,unita_locali,311
017076,Gargnano,2022,0-9,unita_locali,310
017076,Gargnano,2022,10-49,unita_locali,14
017076,Gargnano,2022,50-249,unita_locali,2
017076,Gargnano,2022,totale,unita_locali,326
017076,Gargnano,2023,0-9,unita_locali,303
017076,Gargnano,2023,10-49,unita_locali,15
017076,Gargnano,2023,50-249,unita_locali,1
017076,Gargnano,2023,totale,unita_locali,319
017077,Gavardo,2018,0-9,addetti,1814.7
017077,Gavardo,2018,10-49,addetti,1111.3
017077,Gavardo,2018,50-249,addetti,841.2
017077,Gavardo,2018,totale,addetti,3767.2
017077,Gavardo,2019,0-9,addetti,1771.2
017077,Gavardo,2019,10-49,addetti,1180.3
017077,Gavardo,2019,50-249,addetti,753.3
017077,Gavardo,2019,totale,addetti,3704.8
017077,Gavardo,2020,0-9,addetti,1851.1
017077,Gavardo,2020,10-49,addetti,982.0
017077,Gavardo,2020,250+,addetti,311.5
017077,Gavardo,2020,50-249,addetti,570.9
017077,Gavardo,2020,totale,addetti,3715.6
017077,Gavardo,2021,0-9,addetti,1885.0
017077,Gavardo,2021,10-49,addetti,1219.7
017077,Gavardo,2021,250+,addetti,399.8
017077,Gavardo,2021,50-249,addetti,579.3
017077,Gavardo,2021,totale,addetti,4083.7
017077,Gavardo,2022,0-9,addetti,1995.5
017077,Gavardo,2022,10-49,addetti,1280.7
017077,Gavardo,2022,250+,addetti,430.5
017077,Gavardo,2022,50-249,addetti,500.1
017077,Gavardo,2022,totale,addetti,4206.9
017077,Gavardo,2023,0-9,addetti,2017.8
017077,Gavardo,2023,10-49,addetti,1263.5
017077,Gavardo,2023,250+,addetti,385.3
017077,Gavardo,2023,50-249,addetti,495.2
017077,Gavardo,2023,totale,addetti,4161.8
017077,Gavardo,2018,0-9,unita_locali,989
017077,Gavardo,2018,10-49,unita_locali,59
017077,Gavardo,2018,50-249,unita_locali,8
017077,Gavardo,2018,totale,unita_locali,1056
017077,Gavardo,2019,0-9,unita_locali,966
017077,Gavardo,2019,10-49,unita_locali,64
017077,Gavardo,2019,50-249,unita_locali,7
017077,Gavardo,2019,totale,unita_locali,1037
017077,Gavardo,2020,0-9,unita_locali,1029
017077,Gavardo,2020,10-49,unita_locali,56
017077,Gavardo,2020,250+,unita_locali,1
017077,Gavardo,2020,50-249,unita_locali,8
017077,Gavardo,2020,totale,unita_locali,1094
017077,Gavardo,2021,0-9,unita_locali,1062
017077,Gavardo,2021,10-49,unita_locali,66
017077,Gavardo,2021,250+,unita_locali,1
017077,Gavardo,2021,50-249,unita_locali,7
017077,Gavardo,2021,totale,unita_locali,1136
017077,Gavardo,2022,0-9,unita_locali,1128
017077,Gavardo,2022,10-49,unita_locali,66
017077,Gavardo,2022,250+,unita_locali,1
017077,Gavardo,2022,50-249,unita_locali,6
017077,Gavardo,2022,totale,unita_locali,1201
017077,Gavardo,2023,0-9,unita_locali,1130
017077,Gavardo,2023,10-49,unita_locali,72
017077,Gavardo,2023,250+,unita_locali,1
017077,Gavardo,2023,50-249,unita_locali,6
017077,Gavardo,2023,totale,unita_locali,1209
017078,Ghedi,2018,0-9,addetti,2125.5
017078,Ghedi,2018,10-49,addetti,1350.9
017078,Ghedi,2018,250+,addetti,319.0
017078,Ghedi,2018,50-249,addetti,710.8
017078,Ghedi,2018,totale,addetti,4506.3
017078,Ghedi,2019,0-9,addetti,2128.8
017078,Ghedi,2019,10-49,addetti,1440.2
017078,Ghedi,2019,250+,addetti,309.1
017078,Ghedi,2019,50-249,addetti,805.1
017078,Ghedi,2019,totale,addetti,4683.2
017078,Ghedi,2020,0-9,addetti,2204.5
017078,Ghedi,2020,10-49,addetti,1317.0
017078,Ghedi,2020,250+,addetti,317.9
017078,Ghedi,2020,50-249,addetti,1093.8
017078,Ghedi,2020,totale,addetti,4933.2
017078,Ghedi,2021,0-9,addetti,2240.2
017078,Ghedi,2021,10-49,addetti,1619.0
017078,Ghedi,2021,250+,addetti,315.0
017078,Ghedi,2021,50-249,addetti,961.4
017078,Ghedi,2021,totale,addetti,5135.5
017078,Ghedi,2022,0-9,addetti,2287.4
017078,Ghedi,2022,10-49,addetti,1549.7
017078,Ghedi,2022,250+,addetti,317.3
017078,Ghedi,2022,50-249,addetti,1054.6
017078,Ghedi,2022,totale,addetti,5208.9
017078,Ghedi,2023,0-9,addetti,2316.4
017078,Ghedi,2023,10-49,addetti,1456.7
017078,Ghedi,2023,250+,addetti,343.2
017078,Ghedi,2023,50-249,addetti,1172.8
017078,Ghedi,2023,totale,addetti,5289.1
017078,Ghedi,2018,0-9,unita_locali,1132
017078,Ghedi,2018,10-49,unita_locali,74
017078,Ghedi,2018,250+,unita_locali,1
017078,Ghedi,2018,50-249,unita_locali,9
017078,Ghedi,2018,totale,unita_locali,1216
017078,Ghedi,2019,0-9,unita_locali,1135
017078,Ghedi,2019,10-49,unita_locali,76
017078,Ghedi,2019,250+,unita_locali,1
017078,Ghedi,2019,50-249,unita_locali,11
017078,Ghedi,2019,totale,unita_locali,1223
017078,Ghedi,2020,0-9,unita_locali,1194
017078,Ghedi,2020,10-49,unita_locali,75
017078,Ghedi,2020,250+,unita_locali,1
017078,Ghedi,2020,50-249,unita_locali,12
017078,Ghedi,2020,totale,unita_locali,1282
017078,Ghedi,2021,0-9,unita_locali,1227
017078,Ghedi,2021,10-49,unita_locali,83
017078,Ghedi,2021,250+,unita_locali,1
017078,Ghedi,2021,50-249,unita_locali,10
017078,Ghedi,2021,totale,unita_locali,1321
017078,Ghedi,2022,0-9,unita_locali,1246
017078,Ghedi,2022,10-49,unita_locali,81
017078,Ghedi,2022,250+,unita_locali,1
017078,Ghedi,2022,50-249,unita_locali,11
017078,Ghedi,2022,totale,unita_locali,1339
017078,Ghedi,2023,0-9,unita_locali,1275
017078,Ghedi,2023,10-49,unita_locali,76
017078,Ghedi,2023,250+,unita_locali,1
017078,Ghedi,2023,50-249,unita_locali,12
017078,Ghedi,2023,totale,unita_locali,1364
017079,Gianico,2018,0-9,addetti,337.1
017079,Gianico,2018,10-49,addetti,202.5
017079,Gianico,2018,totale,addetti,539.6
017079,Gianico,2019,0-9,addetti,316.3
017079,Gianico,2019,10-49,addetti,250.3
017079,Gianico,2019,totale,addetti,566.6
017079,Gianico,2020,0-9,addetti,333.4
017079,Gianico,2020,10-49,addetti,253.9
017079,Gianico,2020,totale,addetti,587.2
017079,Gianico,2021,0-9,addetti,344.8
017079,Gianico,2021,10-49,addetti,270.4
017079,Gianico,2021,totale,addetti,615.1
017079,Gianico,2022,0-9,addetti,353.9
017079,Gianico,2022,10-49,addetti,283.5
017079,Gianico,2022,50-249,addetti,49.9
017079,Gianico,2022,totale,addetti,687.2
017079,Gianico,2023,0-9,addetti,335.0
017079,Gianico,2023,10-49,addetti,284.1
017079,Gianico,2023,50-249,addetti,105.9
017079,Gianico,2023,totale,addetti,725.0
017079,Gianico,2018,0-9,unita_locali,158
017079,Gianico,2018,10-49,unita_locali,12
017079,Gianico,2018,totale,unita_locali,170
017079,Gianico,2019,0-9,unita_locali,157
017079,Gianico,2019,10-49,unita_locali,16
017079,Gianico,2019,totale,unita_locali,173
017079,Gianico,2020,0-9,unita_locali,165
017079,Gianico,2020,10-49,unita_locali,16
017079,Gianico,2020,totale,unita_locali,181
017079,Gianico,2021,0-9,unita_locali,174
017079,Gianico,2021,10-49,unita_locali,15
017079,Gianico,2021,totale,unita_locali,189
017079,Gianico,2022,0-9,unita_locali,176
017079,Gianico,2022,10-49,unita_locali,15
017079,Gianico,2022,50-249,unita_locali,1
017079,Gianico,2022,totale,unita_locali,192
017079,Gianico,2023,0-9,unita_locali,180
017079,Gianico,2023,10-49,unita_locali,17
017079,Gianico,2023,50-249,unita_locali,2
017079,Gianico,2023,totale,unita_locali,199
017080,Gottolengo,2018,0-9,addetti,629.1
017080,Gottolengo,2018,10-49,addetti,338.1
017080,Gottolengo,2018,50-249,addetti,222.1
017080,Gottolengo,2018,totale,addetti,1189.2
017080,Gottolengo,2019,0-9,addetti,608.2
017080,Gottolengo,2019,10-49,addetti,297.8
017080,Gottolengo,2019,50-249,addetti,301.6
017080,Gottolengo,2019,totale,addetti,1207.6
017080,Gottolengo,2020,0-9,addetti,562.5
017080,Gottolengo,2020,10-49,addetti,420.3
017080,Gottolengo,2020,50-249,addetti,229.9
017080,Gottolengo,2020,totale,addetti,1212.7
017080,Gottolengo,2021,0-9,addetti,596.2
017080,Gottolengo,2021,10-49,addetti,355.6
017080,Gottolengo,2021,50-249,addetti,235.4
017080,Gottolengo,2021,totale,addetti,1187.3
017080,Gottolengo,2022,0-9,addetti,580.6
017080,Gottolengo,2022,10-49,addetti,302.1
017080,Gottolengo,2022,50-249,addetti,310.8
017080,Gottolengo,2022,totale,addetti,1193.4
017080,Gottolengo,2023,0-9,addetti,605.3
017080,Gottolengo,2023,10-49,addetti,297.9
017080,Gottolengo,2023,50-249,addetti,307.8
017080,Gottolengo,2023,totale,addetti,1211.0
017080,Gottolengo,2018,0-9,unita_locali,316
017080,Gottolengo,2018,10-49,unita_locali,19
017080,Gottolengo,2018,50-249,unita_locali,2
017080,Gottolengo,2018,totale,unita_locali,337
017080,Gottolengo,2019,0-9,unita_locali,305
017080,Gottolengo,2019,10-49,unita_locali,18
017080,Gottolengo,2019,50-249,unita_locali,3
017080,Gottolengo,2019,totale,unita_locali,326
017080,Gottolengo,2020,0-9,unita_locali,317
017080,Gottolengo,2020,10-49,unita_locali,23
017080,Gottolengo,2020,50-249,unita_locali,2
017080,Gottolengo,2020,totale,unita_locali,342
017080,Gottolengo,2021,0-9,unita_locali,312
017080,Gottolengo,2021,10-49,unita_locali,20
017080,Gottolengo,2021,50-249,unita_locali,2
017080,Gottolengo,2021,totale,unita_locali,334
017080,Gottolengo,2022,0-9,unita_locali,309
017080,Gottolengo,2022,10-49,unita_locali,18
017080,Gottolengo,2022,50-249,unita_locali,3
017080,Gottolengo,2022,totale,unita_locali,330
017080,Gottolengo,2023,0-9,unita_locali,319
017080,Gottolengo,2023,10-49,unita_locali,17
017080,Gottolengo,2023,50-249,unita_locali,3
017080,Gottolengo,2023,totale,unita_locali,339
017081,Gussago,2018,0-9,addetti,2471.2
017081,Gussago,2018,10-49,addetti,2309.8
017081,Gussago,2018,250+,addetti,301.5
017081,Gussago,2018,50-249,addetti,938.1
017081,Gussago,2018,totale,addetti,6020.6
017081,Gussago,2019,0-9,addetti,2471.3
017081,Gussago,2019,10-49,addetti,2342.8
017081,Gussago,2019,250+,addetti,290.2
017081,Gussago,2019,50-249,addetti,1087.2
017081,Gussago,2019,totale,addetti,6191.5
017081,Gussago,2020,0-9,addetti,2550.3
017081,Gussago,2020,10-49,addetti,2085.4
017081,Gussago,2020,250+,addetti,252.2
017081,Gussago,2020,50-249,addetti,1098.5
017081,Gussago,2020,totale,addetti,5986.5
017081,Gussago,2021,0-9,addetti,2525.9
017081,Gussago,2021,10-49,addetti,2259.7
017081,Gussago,2021,250+,addetti,334.7
017081,Gussago,2021,50-249,addetti,1133.1
017081,Gussago,2021,totale,addetti,6253.4
017081,Gussago,2022,0-9,addetti,2553.3
017081,Gussago,2022,10-49,addetti,2246.8
017081,Gussago,2022,250+,addetti,562.9
017081,Gussago,2022,50-249,addetti,1004.8
017081,Gussago,2022,totale,addetti,6367.8
017081,Gussago,2023,0-9,addetti,2575.0
017081,Gussago,2023,10-49,addetti,2253.2
017081,Gussago,2023,250+,addetti,709.0
017081,Gussago,2023,50-249,addetti,1021.2
017081,Gussago,2023,totale,addetti,6558.4
017081,Gussago,2018,0-9,unita_locali,1291
017081,Gussago,2018,10-49,unita_locali,118
017081,Gussago,2018,250+,unita_locali,1
017081,Gussago,2018,50-249,unita_locali,12
017081,Gussago,2018,totale,unita_locali,1422
017081,Gussago,2019,0-9,unita_locali,1286
017081,Gussago,2019,10-49,unita_locali,119
017081,Gussago,2019,250+,unita_locali,1
017081,Gussago,2019,50-249,unita_locali,13
017081,Gussago,2019,totale,unita_locali,1419
017081,Gussago,2020,0-9,unita_locali,1358
017081,Gussago,2020,10-49,unita_locali,102
017081,Gussago,2020,250+,unita_locali,1
017081,Gussago,2020,50-249,unita_locali,14
017081,Gussago,2020,totale,unita_locali,1475
017081,Gussago,2021,0-9,unita_locali,1374
017081,Gussago,2021,10-49,unita_locali,112
017081,Gussago,2021,250+,unita_locali,1
017081,Gussago,2021,50-249,unita_locali,14
017081,Gussago,2021,totale,unita_locali,1501
017081,Gussago,2022,0-9,unita_locali,1397
017081,Gussago,2022,10-49,unita_locali,114
017081,Gussago,2022,250+,unita_locali,2
017081,Gussago,2022,50-249,unita_locali,15
017081,Gussago,2022,totale,unita_locali,1528
017081,Gussago,2023,0-9,unita_locali,1436
017081,Gussago,2023,10-49,unita_locali,120
017081,Gussago,2023,250+,unita_locali,2
017081,Gussago,2023,50-249,unita_locali,15
017081,Gussago,2023,totale,unita_locali,1573
017082,Idro,2018,0-9,addetti,313.3
017082,Idro,2018,10-49,addetti,68.5
017082,Idro,2018,totale,addetti,381.8
017082,Idro,2019,0-9,addetti,320.3
017082,Idro,2019,10-49,addetti,14.0
017082,Idro,2019,50-249,addetti,50.7
017082,Idro,2019,totale,addetti,384.9
017082,Idro,2020,0-9,addetti,306.0
017082,Idro,2020,50-249,addetti,51.8
017082,Idro,2020,totale,addetti,357.8
017082,Idro,2021,0-9,addetti,327.8
017082,Idro,2021,10-49,addetti,22.8
017082,Idro,2021,50-249,addetti,54.9
017082,Idro,2021,totale,addetti,405.5
017082,Idro,2022,0-9,addetti,349.6
017082,Idro,2022,50-249,addetti,55.4
017082,Idro,2022,totale,addetti,404.9
017082,Idro,2023,0-9,addetti,348.4
017082,Idro,2023,10-49,addetti,21.7
017082,Idro,2023,50-249,addetti,55.5
017082,Idro,2023,totale,addetti,425.6
017082,Idro,2018,0-9,unita_locali,159
017082,Idro,2018,10-49,unita_locali,2
017082,Idro,2018,totale,unita_locali,161
017082,Idro,2019,0-9,unita_locali,155
017082,Idro,2019,10-49,unita_locali,1
017082,Idro,2019,50-249,unita_locali,1
017082,Idro,2019,totale,unita_locali,157
017082,Idro,2020,0-9,unita_locali,161
017082,Idro,2020,50-249,unita_locali,1
017082,Idro,2020,totale,unita_locali,162
017082,Idro,2021,0-9,unita_locali,164
017082,Idro,2021,10-49,unita_locali,1
017082,Idro,2021,50-249,unita_locali,1
017082,Idro,2021,totale,unita_locali,166
017082,Idro,2022,0-9,unita_locali,171
017082,Idro,2022,50-249,unita_locali,1
017082,Idro,2022,totale,unita_locali,172
017082,Idro,2023,0-9,unita_locali,169
017082,Idro,2023,10-49,unita_locali,2
017082,Idro,2023,50-249,unita_locali,1
017082,Idro,2023,totale,unita_locali,172
017083,Incudine,2018,0-9,addetti,23.7
017083,Incudine,2018,totale,addetti,23.7
017083,Incudine,2019,0-9,addetti,26.3
017083,Incudine,2019,totale,addetti,26.3
017083,Incudine,2020,0-9,addetti,25.2
017083,Incudine,2020,totale,addetti,25.2
017083,Incudine,2021,0-9,addetti,21.6
017083,Incudine,2021,totale,addetti,21.6
017083,Incudine,2022,0-9,addetti,20.3
017083,Incudine,2022,totale,addetti,20.3
017083,Incudine,2023,0-9,addetti,24.8
017083,Incudine,2023,totale,addetti,24.8
017083,Incudine,2018,0-9,unita_locali,19
017083,Incudine,2018,totale,unita_locali,19
017083,Incudine,2019,0-9,unita_locali,21
017083,Incudine,2019,totale,unita_locali,21
017083,Incudine,2020,0-9,unita_locali,21
017083,Incudine,2020,totale,unita_locali,21
017083,Incudine,2021,0-9,unita_locali,20
017083,Incudine,2021,totale,unita_locali,20
017083,Incudine,2022,0-9,unita_locali,18
017083,Incudine,2022,totale,unita_locali,18
017083,Incudine,2023,0-9,unita_locali,21
017083,Incudine,2023,totale,unita_locali,21
017084,Irma,2018,0-9,addetti,8.9
017084,Irma,2018,totale,addetti,8.9
017084,Irma,2019,0-9,addetti,7.4
017084,Irma,2019,totale,addetti,7.4
017084,Irma,2020,0-9,addetti,10.5
017084,Irma,2020,totale,addetti,10.5
017084,Irma,2021,0-9,addetti,10.1
017084,Irma,2021,totale,addetti,10.1
017084,Irma,2022,0-9,addetti,13.1
017084,Irma,2022,totale,addetti,13.1
017084,Irma,2023,0-9,addetti,12.3
017084,Irma,2023,totale,addetti,12.3
017084,Irma,2018,0-9,unita_locali,8
017084,Irma,2018,totale,unita_locali,8
017084,Irma,2019,0-9,unita_locali,7
017084,Irma,2019,totale,unita_locali,7
017084,Irma,2020,0-9,unita_locali,10
017084,Irma,2020,totale,unita_locali,10
017084,Irma,2021,0-9,unita_locali,10
017084,Irma,2021,totale,unita_locali,10
017084,Irma,2022,0-9,unita_locali,12
017084,Irma,2022,totale,unita_locali,12
017084,Irma,2023,0-9,unita_locali,10
017084,Irma,2023,totale,unita_locali,10
017085,Iseo,2018,0-9,addetti,2011.3
017085,Iseo,2018,10-49,addetti,775.6
017085,Iseo,2018,50-249,addetti,407.6
017085,Iseo,2018,totale,addetti,3194.5
017085,Iseo,2019,0-9,addetti,1900.0
017085,Iseo,2019,10-49,addetti,866.2
017085,Iseo,2019,50-249,addetti,454.2
017085,Iseo,2019,totale,addetti,3220.5
017085,Iseo,2020,0-9,addetti,1919.9
017085,Iseo,2020,10-49,addetti,721.1
017085,Iseo,2020,50-249,addetti,414.0
017085,Iseo,2020,totale,addetti,3055.1
017085,Iseo,2021,0-9,addetti,1968.2
017085,Iseo,2021,10-49,addetti,841.3
017085,Iseo,2021,50-249,addetti,541.6
017085,Iseo,2021,totale,addetti,3351.1
017085,Iseo,2022,0-9,addetti,2090.6
017085,Iseo,2022,10-49,addetti,914.9
017085,Iseo,2022,50-249,addetti,621.9
017085,Iseo,2022,totale,addetti,3627.4
017085,Iseo,2023,0-9,addetti,1988.0
017085,Iseo,2023,10-49,addetti,988.4
017085,Iseo,2023,50-249,addetti,595.4
017085,Iseo,2023,totale,addetti,3571.8
017085,Iseo,2018,0-9,unita_locali,1038
017085,Iseo,2018,10-49,unita_locali,49
017085,Iseo,2018,50-249,unita_locali,4
017085,Iseo,2018,totale,unita_locali,1091
017085,Iseo,2019,0-9,unita_locali,972
017085,Iseo,2019,10-49,unita_locali,55
017085,Iseo,2019,50-249,unita_locali,5
017085,Iseo,2019,totale,unita_locali,1032
017085,Iseo,2020,0-9,unita_locali,1027
017085,Iseo,2020,10-49,unita_locali,44
017085,Iseo,2020,50-249,unita_locali,5
017085,Iseo,2020,totale,unita_locali,1076
017085,Iseo,2021,0-9,unita_locali,1039
017085,Iseo,2021,10-49,unita_locali,48
017085,Iseo,2021,50-249,unita_locali,5
017085,Iseo,2021,totale,unita_locali,1092
017085,Iseo,2022,0-9,unita_locali,1099
017085,Iseo,2022,10-49,unita_locali,50
017085,Iseo,2022,50-249,unita_locali,5
017085,Iseo,2022,totale,unita_locali,1154
017085,Iseo,2023,0-9,unita_locali,1076
017085,Iseo,2023,10-49,unita_locali,56
017085,Iseo,2023,50-249,unita_locali,5
017085,Iseo,2023,totale,unita_locali,1137
017086,Isorella,2018,0-9,addetti,604.0
017086,Isorella,2018,10-49,addetti,583.5
017086,Isorella,2018,50-249,addetti,256.9
017086,Isorella,2018,totale,addetti,1444.4
017086,Isorella,2019,0-9,addetti,625.4
017086,Isorella,2019,10-49,addetti,557.5
017086,Isorella,2019,50-249,addetti,264.6
017086,Isorella,2019,totale,addetti,1447.5
017086,Isorella,2020,0-9,addetti,673.3
017086,Isorella,2020,10-49,addetti,491.1
017086,Isorella,2020,50-249,addetti,276.9
017086,Isorella,2020,totale,addetti,1441.3
017086,Isorella,2021,0-9,addetti,642.5
017086,Isorella,2021,10-49,addetti,567.8
017086,Isorella,2021,50-249,addetti,284.9
017086,Isorella,2021,totale,addetti,1495.1
017086,Isorella,2022,0-9,addetti,659.2
017086,Isorella,2022,10-49,addetti,509.6
017086,Isorella,2022,50-249,addetti,325.3
017086,Isorella,2022,totale,addetti,1494.1
017086,Isorella,2023,0-9,addetti,661.1
017086,Isorella,2023,10-49,addetti,543.3
017086,Isorella,2023,50-249,addetti,259.2
017086,Isorella,2023,totale,addetti,1463.6
017086,Isorella,2018,0-9,unita_locali,287
017086,Isorella,2018,10-49,unita_locali,31
017086,Isorella,2018,50-249,unita_locali,3
017086,Isorella,2018,totale,unita_locali,321
017086,Isorella,2019,0-9,unita_locali,283
017086,Isorella,2019,10-49,unita_locali,29
017086,Isorella,2019,50-249,unita_locali,3
017086,Isorella,2019,totale,unita_locali,315
017086,Isorella,2020,0-9,unita_locali,310
017086,Isorella,2020,10-49,unita_locali,26
017086,Isorella,2020,50-249,unita_locali,3
017086,Isorella,2020,totale,unita_locali,339
017086,Isorella,2021,0-9,unita_locali,300
017086,Isorella,2021,10-49,unita_locali,30
017086,Isorella,2021,50-249,unita_locali,3
017086,Isorella,2021,totale,unita_locali,333
017086,Isorella,2022,0-9,unita_locali,308
017086,Isorella,2022,10-49,unita_locali,28
017086,Isorella,2022,50-249,unita_locali,3
017086,Isorella,2022,totale,unita_locali,339
017086,Isorella,2023,0-9,unita_locali,312
017086,Isorella,2023,10-49,unita_locali,29
017086,Isorella,2023,50-249,unita_locali,2
017086,Isorella,2023,totale,unita_locali,343
017087,Lavenone,2018,0-9,addetti,54.0
017087,Lavenone,2018,10-49,addetti,138.1
017087,Lavenone,2018,50-249,addetti,102.7
017087,Lavenone,2018,totale,addetti,294.8
017087,Lavenone,2019,0-9,addetti,62.1
017087,Lavenone,2019,10-49,addetti,133.8
017087,Lavenone,2019,50-249,addetti,116.7
017087,Lavenone,2019,totale,addetti,312.6
017087,Lavenone,2020,0-9,addetti,69.9
017087,Lavenone,2020,10-49,addetti,69.9
017087,Lavenone,2020,50-249,addetti,155.9
017087,Lavenone,2020,totale,addetti,295.7
017087,Lavenone,2021,0-9,addetti,72.0
017087,Lavenone,2021,10-49,addetti,145.2
017087,Lavenone,2021,50-249,addetti,107.5
017087,Lavenone,2021,totale,addetti,324.7
017087,Lavenone,2022,0-9,addetti,63.4
017087,Lavenone,2022,10-49,addetti,147.4
017087,Lavenone,2022,50-249,addetti,108.0
017087,Lavenone,2022,totale,addetti,318.8
017087,Lavenone,2023,0-9,addetti,72.5
017087,Lavenone,2023,10-49,addetti,102.4
017087,Lavenone,2023,50-249,addetti,154.7
017087,Lavenone,2023,totale,addetti,329.6
017087,Lavenone,2018,0-9,unita_locali,35
017087,Lavenone,2018,10-49,unita_locali,7
017087,Lavenone,2018,50-249,unita_locali,1
017087,Lavenone,2018,totale,unita_locali,43
017087,Lavenone,2019,0-9,unita_locali,34
017087,Lavenone,2019,10-49,unita_locali,6
017087,Lavenone,2019,50-249,unita_locali,1
017087,Lavenone,2019,totale,unita_locali,41
017087,Lavenone,2020,0-9,unita_locali,37
017087,Lavenone,2020,10-49,unita_locali,4
017087,Lavenone,2020,50-249,unita_locali,2
017087,Lavenone,2020,totale,unita_locali,43
017087,Lavenone,2021,0-9,unita_locali,40
017087,Lavenone,2021,10-49,unita_locali,7
017087,Lavenone,2021,50-249,unita_locali,1
017087,Lavenone,2021,totale,unita_locali,48
017087,Lavenone,2022,0-9,unita_locali,42
017087,Lavenone,2022,10-49,unita_locali,7
017087,Lavenone,2022,50-249,unita_locali,1
017087,Lavenone,2022,totale,unita_locali,50
017087,Lavenone,2023,0-9,unita_locali,43
017087,Lavenone,2023,10-49,unita_locali,6
017087,Lavenone,2023,50-249,unita_locali,2
017087,Lavenone,2023,totale,unita_locali,51
017088,Leno,2018,0-9,addetti,1671.0
017088,Leno,2018,10-49,addetti,1071.3
017088,Leno,2018,250+,addetti,435.5
017088,Leno,2018,50-249,addetti,857.4
017088,Leno,2018,totale,addetti,4035.1
017088,Leno,2019,0-9,addetti,1696.8
017088,Leno,2019,10-49,addetti,1006.7
017088,Leno,2019,250+,addetti,720.1
017088,Leno,2019,50-249,addetti,681.4
017088,Leno,2019,totale,addetti,4105.1
017088,Leno,2020,0-9,addetti,1742.1
017088,Leno,2020,10-49,addetti,1116.0
017088,Leno,2020,250+,addetti,737.1
017088,Leno,2020,50-249,addetti,467.5
017088,Leno,2020,totale,addetti,4062.7
017088,Leno,2021,0-9,addetti,1759.7
017088,Leno,2021,10-49,addetti,1287.5
017088,Leno,2021,250+,addetti,750.5
017088,Leno,2021,50-249,addetti,499.3
017088,Leno,2021,totale,addetti,4297.1
017088,Leno,2022,0-9,addetti,1750.4
017088,Leno,2022,10-49,addetti,1421.9
017088,Leno,2022,250+,addetti,805.5
017088,Leno,2022,50-249,addetti,530.2
017088,Leno,2022,totale,addetti,4508.0
017088,Leno,2023,0-9,addetti,1763.1
017088,Leno,2023,10-49,addetti,1489.1
017088,Leno,2023,250+,addetti,881.9
017088,Leno,2023,50-249,addetti,538.6
017088,Leno,2023,totale,addetti,4672.6
017088,Leno,2018,0-9,unita_locali,892
017088,Leno,2018,10-49,unita_locali,66
017088,Leno,2018,250+,unita_locali,1
017088,Leno,2018,50-249,unita_locali,9
017088,Leno,2018,totale,unita_locali,968
017088,Leno,2019,0-9,unita_locali,873
017088,Leno,2019,10-49,unita_locali,58
017088,Leno,2019,250+,unita_locali,2
017088,Leno,2019,50-249,unita_locali,9
017088,Leno,2019,totale,unita_locali,942
017088,Leno,2020,0-9,unita_locali,912
017088,Leno,2020,10-49,unita_locali,62
017088,Leno,2020,250+,unita_locali,2
017088,Leno,2020,50-249,unita_locali,6
017088,Leno,2020,totale,unita_locali,982
017088,Leno,2021,0-9,unita_locali,916
017088,Leno,2021,10-49,unita_locali,68
017088,Leno,2021,250+,unita_locali,2
017088,Leno,2021,50-249,unita_locali,6
017088,Leno,2021,totale,unita_locali,992
017088,Leno,2022,0-9,unita_locali,948
017088,Leno,2022,10-49,unita_locali,75
017088,Leno,2022,250+,unita_locali,2
017088,Leno,2022,50-249,unita_locali,6
017088,Leno,2022,totale,unita_locali,1031
017088,Leno,2023,0-9,unita_locali,965
017088,Leno,2023,10-49,unita_locali,78
017088,Leno,2023,250+,unita_locali,2
017088,Leno,2023,50-249,unita_locali,5
017088,Leno,2023,totale,unita_locali,1050
017089,Limone sul Garda,2018,0-9,addetti,600.9
017089,Limone sul Garda,2018,10-49,addetti,504.2
017089,Limone sul Garda,2018,50-249,addetti,171.9
017089,Limone sul Garda,2018,totale,addetti,1277.0
017089,Limone sul Garda,2019,0-9,addetti,592.7
017089,Limone sul Garda,2019,10-49,addetti,589.0
017089,Limone sul Garda,2019,50-249,addetti,111.3
017089,Limone sul Garda,2019,totale,addetti,1293.0
017089,Limone sul Garda,2020,0-9,addetti,510.5
017089,Limone sul Garda,2020,10-49,addetti,313.7
017089,Limone sul Garda,2020,50-249,addetti,53.0
017089,Limone sul Garda,2020,totale,addetti,877.1
017089,Limone sul Garda,2021,0-9,addetti,542.4
017089,Limone sul Garda,2021,10-49,addetti,392.9
017089,Limone sul Garda,2021,50-249,addetti,245.5
017089,Limone sul Garda,2021,totale,addetti,1180.8
017089,Limone sul Garda,2022,0-9,addetti,568.3
017089,Limone sul Garda,2022,10-49,addetti,467.0
017089,Limone sul Garda,2022,50-249,addetti,403.4
017089,Limone sul Garda,2022,totale,addetti,1438.6
017089,Limone sul Garda,2023,0-9,addetti,529.5
017089,Limone sul Garda,2023,10-49,addetti,596.6
017089,Limone sul Garda,2023,50-249,addetti,341.2
017089,Limone sul Garda,2023,totale,addetti,1467.3
017089,Limone sul Garda,2018,0-9,unita_locali,214
017089,Limone sul Garda,2018,10-49,unita_locali,26
017089,Limone sul Garda,2018,50-249,unita_locali,3
017089,Limone sul Garda,2018,totale,unita_locali,243
017089,Limone sul Garda,2019,0-9,unita_locali,196
017089,Limone sul Garda,2019,10-49,unita_locali,27
017089,Limone sul Garda,2019,50-249,unita_locali,2
017089,Limone sul Garda,2019,totale,unita_locali,225
017089,Limone sul Garda,2020,0-9,unita_locali,201
017089,Limone sul Garda,2020,10-49,unita_locali,17
017089,Limone sul Garda,2020,50-249,unita_locali,1
017089,Limone sul Garda,2020,totale,unita_locali,219
017089,Limone sul Garda,2021,0-9,unita_locali,206
017089,Limone sul Garda,2021,10-49,unita_locali,21
017089,Limone sul Garda,2021,50-249,unita_locali,4
017089,Limone sul Garda,2021,totale,unita_locali,231
017089,Limone sul Garda,2022,0-9,unita_locali,211
017089,Limone sul Garda,2022,10-49,unita_locali,24
017089,Limone sul Garda,2022,50-249,unita_locali,6
017089,Limone sul Garda,2022,totale,unita_locali,241
017089,Limone sul Garda,2023,0-9,unita_locali,195
017089,Limone sul Garda,2023,10-49,unita_locali,31
017089,Limone sul Garda,2023,50-249,unita_locali,4
017089,Limone sul Garda,2023,totale,unita_locali,230
017090,Lodrino,2018,0-9,addetti,235.1
017090,Lodrino,2018,10-49,addetti,125.9
017090,Lodrino,2018,50-249,addetti,52.3
017090,Lodrino,2018,totale,addetti,413.3
017090,Lodrino,2019,0-9,addetti,243.5
017090,Lodrino,2019,10-49,addetti,131.6
017090,Lodrino,2019,50-249,addetti,56.9
017090,Lodrino,2019,totale,addetti,432.1
017090,Lodrino,2020,0-9,addetti,227.9
017090,Lodrino,2020,10-49,addetti,123.1
017090,Lodrino,2020,50-249,addetti,56.9
017090,Lodrino,2020,totale,addetti,407.9
017090,Lodrino,2021,0-9,addetti,248.2
017090,Lodrino,2021,10-49,addetti,126.9
017090,Lodrino,2021,50-249,addetti,56.2
017090,Lodrino,2021,totale,addetti,431.3
017090,Lodrino,2022,0-9,addetti,252.2
017090,Lodrino,2022,10-49,addetti,144.9
017090,Lodrino,2022,50-249,addetti,54.1
017090,Lodrino,2022,totale,addetti,451.2
017090,Lodrino,2023,0-9,addetti,251.7
017090,Lodrino,2023,10-49,addetti,168.2
017090,Lodrino,2023,50-249,addetti,54.1
017090,Lodrino,2023,totale,addetti,474.0
017090,Lodrino,2018,0-9,unita_locali,101
017090,Lodrino,2018,10-49,unita_locali,8
017090,Lodrino,2018,50-249,unita_locali,1
017090,Lodrino,2018,totale,unita_locali,110
017090,Lodrino,2019,0-9,unita_locali,100
017090,Lodrino,2019,10-49,unita_locali,7
017090,Lodrino,2019,50-249,unita_locali,1
017090,Lodrino,2019,totale,unita_locali,108
017090,Lodrino,2020,0-9,unita_locali,103
017090,Lodrino,2020,10-49,unita_locali,8
017090,Lodrino,2020,50-249,unita_locali,1
017090,Lodrino,2020,totale,unita_locali,112
017090,Lodrino,2021,0-9,unita_locali,113
017090,Lodrino,2021,10-49,unita_locali,8
017090,Lodrino,2021,50-249,unita_locali,1
017090,Lodrino,2021,totale,unita_locali,122
017090,Lodrino,2022,0-9,unita_locali,115
017090,Lodrino,2022,10-49,unita_locali,9
017090,Lodrino,2022,50-249,unita_locali,1
017090,Lodrino,2022,totale,unita_locali,125
017090,Lodrino,2023,0-9,unita_locali,113
017090,Lodrino,2023,10-49,unita_locali,9
017090,Lodrino,2023,50-249,unita_locali,1
017090,Lodrino,2023,totale,unita_locali,123
017091,Lograto,2018,0-9,addetti,473.1
017091,Lograto,2018,10-49,addetti,421.7
017091,Lograto,2018,50-249,addetti,367.9
017091,Lograto,2018,totale,addetti,1262.6
017091,Lograto,2019,0-9,addetti,474.6
017091,Lograto,2019,10-49,addetti,412.6
017091,Lograto,2019,50-249,addetti,377.4
017091,Lograto,2019,totale,addetti,1264.7
017091,Lograto,2020,0-9,addetti,521.8
017091,Lograto,2020,10-49,addetti,388.1
017091,Lograto,2020,50-249,addetti,306.6
017091,Lograto,2020,totale,addetti,1216.4
017091,Lograto,2021,0-9,addetti,569.7
017091,Lograto,2021,10-49,addetti,409.7
017091,Lograto,2021,50-249,addetti,384.7
017091,Lograto,2021,totale,addetti,1364.1
017091,Lograto,2022,0-9,addetti,497.1
017091,Lograto,2022,10-49,addetti,526.3
017091,Lograto,2022,50-249,addetti,393.4
017091,Lograto,2022,totale,addetti,1416.8
017091,Lograto,2023,0-9,addetti,461.9
017091,Lograto,2023,10-49,addetti,557.2
017091,Lograto,2023,50-249,addetti,400.8
017091,Lograto,2023,totale,addetti,1419.9
017091,Lograto,2018,0-9,unita_locali,243
017091,Lograto,2018,10-49,unita_locali,25
017091,Lograto,2018,50-249,unita_locali,4
017091,Lograto,2018,totale,unita_locali,272
017091,Lograto,2019,0-9,unita_locali,235
017091,Lograto,2019,10-49,unita_locali,24
017091,Lograto,2019,50-249,unita_locali,4
017091,Lograto,2019,totale,unita_locali,263
017091,Lograto,2020,0-9,unita_locali,245
017091,Lograto,2020,10-49,unita_locali,21
017091,Lograto,2020,50-249,unita_locali,3
017091,Lograto,2020,totale,unita_locali,269
017091,Lograto,2021,0-9,unita_locali,255
017091,Lograto,2021,10-49,unita_locali,21
017091,Lograto,2021,50-249,unita_locali,4
017091,Lograto,2021,totale,unita_locali,280
017091,Lograto,2022,0-9,unita_locali,259
017091,Lograto,2022,10-49,unita_locali,26
017091,Lograto,2022,50-249,unita_locali,4
017091,Lograto,2022,totale,unita_locali,289
017091,Lograto,2023,0-9,unita_locali,257
017091,Lograto,2023,10-49,unita_locali,32
017091,Lograto,2023,50-249,unita_locali,4
017091,Lograto,2023,totale,unita_locali,293
017092,Lonato del Garda,2018,0-9,addetti,2908.4
017092,Lonato del Garda,2018,10-49,addetti,2009.5
017092,Lonato del Garda,2018,250+,addetti,390.4
017092,Lonato del Garda,2018,50-249,addetti,1108.6
017092,Lonato del Garda,2018,totale,addetti,6416.9
017092,Lonato del Garda,2019,0-9,addetti,2851.2
017092,Lonato del Garda,2019,10-49,addetti,1986.8
017092,Lonato del Garda,2019,250+,addetti,386.6
017092,Lonato del Garda,2019,50-249,addetti,1315.8
017092,Lonato del Garda,2019,totale,addetti,6540.4
017092,Lonato del Garda,2020,0-9,addetti,2967.4
017092,Lonato del Garda,2020,10-49,addetti,1786.2
017092,Lonato del Garda,2020,250+,addetti,386.6
017092,Lonato del Garda,2020,50-249,addetti,1419.5
017092,Lonato del Garda,2020,totale,addetti,6559.8
017092,Lonato del Garda,2021,0-9,addetti,3037.2
017092,Lonato del Garda,2021,10-49,addetti,2037.4
017092,Lonato del Garda,2021,250+,addetti,428.7
017092,Lonato del Garda,2021,50-249,addetti,1688.7
017092,Lonato del Garda,2021,totale,addetti,7192.0
017092,Lonato del Garda,2022,0-9,addetti,3057.5
017092,Lonato del Garda,2022,10-49,addetti,2295.4
017092,Lonato del Garda,2022,250+,addetti,448.5
017092,Lonato del Garda,2022,50-249,addetti,1725.0
017092,Lonato del Garda,2022,totale,addetti,7526.4
017092,Lonato del Garda,2023,0-9,addetti,3107.7
017092,Lonato del Garda,2023,10-49,addetti,2233.4
017092,Lonato del Garda,2023,250+,addetti,527.8
017092,Lonato del Garda,2023,50-249,addetti,1725.2
017092,Lonato del Garda,2023,totale,addetti,7594.0
017092,Lonato del Garda,2018,0-9,unita_locali,1404
017092,Lonato del Garda,2018,10-49,unita_locali,116
017092,Lonato del Garda,2018,250+,unita_locali,1
017092,Lonato del Garda,2018,50-249,unita_locali,13
017092,Lonato del Garda,2018,totale,unita_locali,1534
017092,Lonato del Garda,2019,0-9,unita_locali,1424
017092,Lonato del Garda,2019,10-49,unita_locali,118
017092,Lonato del Garda,2019,250+,unita_locali,1
017092,Lonato del Garda,2019,50-249,unita_locali,15
017092,Lonato del Garda,2019,totale,unita_locali,1558
017092,Lonato del Garda,2020,0-9,unita_locali,1454
017092,Lonato del Garda,2020,10-49,unita_locali,106
017092,Lonato del Garda,2020,250+,unita_locali,1
017092,Lonato del Garda,2020,50-249,unita_locali,16
017092,Lonato del Garda,2020,totale,unita_locali,1577
017092,Lonato del Garda,2021,0-9,unita_locali,1494
017092,Lonato del Garda,2021,10-49,unita_locali,114
017092,Lonato del Garda,2021,250+,unita_locali,1
017092,Lonato del Garda,2021,50-249,unita_locali,20
017092,Lonato del Garda,2021,totale,unita_locali,1629
017092,Lonato del Garda,2022,0-9,unita_locali,1543
017092,Lonato del Garda,2022,10-49,unita_locali,129
017092,Lonato del Garda,2022,250+,unita_locali,1
017092,Lonato del Garda,2022,50-249,unita_locali,20
017092,Lonato del Garda,2022,totale,unita_locali,1693
017092,Lonato del Garda,2023,0-9,unita_locali,1517
017092,Lonato del Garda,2023,10-49,unita_locali,124
017092,Lonato del Garda,2023,250+,unita_locali,1
017092,Lonato del Garda,2023,50-249,unita_locali,21
017092,Lonato del Garda,2023,totale,unita_locali,1663
017093,Longhena,2018,0-9,addetti,66.0
017093,Longhena,2018,10-49,addetti,85.9
017093,Longhena,2018,50-249,addetti,53.6
017093,Longhena,2018,totale,addetti,205.5
017093,Longhena,2019,0-9,addetti,78.2
017093,Longhena,2019,10-49,addetti,80.0
017093,Longhena,2019,50-249,addetti,53.2
017093,Longhena,2019,totale,addetti,211.4
017093,Longhena,2020,0-9,addetti,66.6
017093,Longhena,2020,10-49,addetti,136.9
017093,Longhena,2020,50-249,addetti,59.9
017093,Longhena,2020,totale,addetti,263.4
017093,Longhena,2021,0-9,addetti,66.8
017093,Longhena,2021,10-49,addetti,128.0
017093,Longhena,2021,50-249,addetti,63.7
017093,Longhena,2021,totale,addetti,258.5
017093,Longhena,2022,0-9,addetti,70.8
017093,Longhena,2022,10-49,addetti,133.0
017093,Longhena,2022,50-249,addetti,73.7
017093,Longhena,2022,totale,addetti,277.4
017093,Longhena,2023,0-9,addetti,59.8
017093,Longhena,2023,10-49,addetti,145.0
017093,Longhena,2023,50-249,addetti,75.2
017093,Longhena,2023,totale,addetti,280.0
017093,Longhena,2018,0-9,unita_locali,30
017093,Longhena,2018,10-49,unita_locali,5
017093,Longhena,2018,50-249,unita_locali,1
017093,Longhena,2018,totale,unita_locali,36
017093,Longhena,2019,0-9,unita_locali,32
017093,Longhena,2019,10-49,unita_locali,4
017093,Longhena,2019,50-249,unita_locali,1
017093,Longhena,2019,totale,unita_locali,37
017093,Longhena,2020,0-9,unita_locali,29
017093,Longhena,2020,10-49,unita_locali,6
017093,Longhena,2020,50-249,unita_locali,1
017093,Longhena,2020,totale,unita_locali,36
017093,Longhena,2021,0-9,unita_locali,27
017093,Longhena,2021,10-49,unita_locali,6
017093,Longhena,2021,50-249,unita_locali,1
017093,Longhena,2021,totale,unita_locali,34
017093,Longhena,2022,0-9,unita_locali,29
017093,Longhena,2022,10-49,unita_locali,5
017093,Longhena,2022,50-249,unita_locali,1
017093,Longhena,2022,totale,unita_locali,35
017093,Longhena,2023,0-9,unita_locali,35
017093,Longhena,2023,10-49,unita_locali,6
017093,Longhena,2023,50-249,unita_locali,1
017093,Longhena,2023,totale,unita_locali,42
017094,Losine,2018,0-9,addetti,47.4
017094,Losine,2018,totale,addetti,47.4
017094,Losine,2019,0-9,addetti,41.4
017094,Losine,2019,totale,addetti,41.4
017094,Losine,2020,0-9,addetti,47.0
017094,Losine,2020,totale,addetti,47.0
017094,Losine,2021,0-9,addetti,47.4
017094,Losine,2021,totale,addetti,47.4
017094,Losine,2022,0-9,addetti,43.1
017094,Losine,2022,totale,addetti,43.1
017094,Losine,2023,0-9,addetti,39.2
017094,Losine,2023,totale,addetti,39.2
017094,Losine,2018,0-9,unita_locali,35
017094,Losine,2018,totale,unita_locali,35
017094,Losine,2019,0-9,unita_locali,28
017094,Losine,2019,totale,unita_locali,28
017094,Losine,2020,0-9,unita_locali,30
017094,Losine,2020,totale,unita_locali,30
017094,Losine,2021,0-9,unita_locali,32
017094,Losine,2021,totale,unita_locali,32
017094,Losine,2022,0-9,unita_locali,37
017094,Losine,2022,totale,unita_locali,37
017094,Losine,2023,0-9,unita_locali,33
017094,Losine,2023,totale,unita_locali,33
017095,Lozio,2018,0-9,addetti,29.7
017095,Lozio,2018,totale,addetti,29.7
017095,Lozio,2019,0-9,addetti,26.2
017095,Lozio,2019,totale,addetti,26.2
017095,Lozio,2020,0-9,addetti,30.0
017095,Lozio,2020,totale,addetti,30.0
017095,Lozio,2021,0-9,addetti,29.9
017095,Lozio,2021,totale,addetti,29.9
017095,Lozio,2022,0-9,addetti,30.6
017095,Lozio,2022,totale,addetti,30.6
017095,Lozio,2023,0-9,addetti,29.6
017095,Lozio,2023,totale,addetti,29.6
017095,Lozio,2018,0-9,unita_locali,23
017095,Lozio,2018,totale,unita_locali,23
017095,Lozio,2019,0-9,unita_locali,21
017095,Lozio,2019,totale,unita_locali,21
017095,Lozio,2020,0-9,unita_locali,21
017095,Lozio,2020,totale,unita_locali,21
017095,Lozio,2021,0-9,unita_locali,22
017095,Lozio,2021,totale,unita_locali,22
017095,Lozio,2022,0-9,unita_locali,21
017095,Lozio,2022,totale,unita_locali,21
017095,Lozio,2023,0-9,unita_locali,20
017095,Lozio,2023,totale,unita_locali,20
017096,Lumezzane,2018,0-9,addetti,3500.9
017096,Lumezzane,2018,10-49,addetti,3000.3
017096,Lumezzane,2018,250+,addetti,654.6
017096,Lumezzane,2018,50-249,addetti,1414.4
017096,Lumezzane,2018,totale,addetti,8570.3
017096,Lumezzane,2019,0-9,addetti,3495.9
017096,Lumezzane,2019,10-49,addetti,3143.6
017096,Lumezzane,2019,250+,addetti,646.1
017096,Lumezzane,2019,50-249,addetti,1173.2
017096,Lumezzane,2019,totale,addetti,8458.8
017096,Lumezzane,2020,0-9,addetti,3362.4
017096,Lumezzane,2020,10-49,addetti,3010.0
017096,Lumezzane,2020,250+,addetti,598.9
017096,Lumezzane,2020,50-249,addetti,1173.1
017096,Lumezzane,2020,totale,addetti,8144.5
017096,Lumezzane,2021,0-9,addetti,3487.6
017096,Lumezzane,2021,10-49,addetti,3054.6
017096,Lumezzane,2021,250+,addetti,341.9
017096,Lumezzane,2021,50-249,addetti,1417.3
017096,Lumezzane,2021,totale,addetti,8301.5
017096,Lumezzane,2022,0-9,addetti,3406.7
017096,Lumezzane,2022,10-49,addetti,3053.2
017096,Lumezzane,2022,250+,addetti,322.1
017096,Lumezzane,2022,50-249,addetti,1606.1
017096,Lumezzane,2022,totale,addetti,8388.0
017096,Lumezzane,2023,0-9,addetti,3371.2
017096,Lumezzane,2023,10-49,addetti,2947.7
017096,Lumezzane,2023,250+,addetti,325.8
017096,Lumezzane,2023,50-249,addetti,1582.0
017096,Lumezzane,2023,totale,addetti,8226.7
017096,Lumezzane,2018,0-9,unita_locali,1547
017096,Lumezzane,2018,10-49,unita_locali,166
017096,Lumezzane,2018,250+,unita_locali,2
017096,Lumezzane,2018,50-249,unita_locali,15
017096,Lumezzane,2018,totale,unita_locali,1730
017096,Lumezzane,2019,0-9,unita_locali,1516
017096,Lumezzane,2019,10-49,unita_locali,159
017096,Lumezzane,2019,250+,unita_locali,2
017096,Lumezzane,2019,50-249,unita_locali,12
017096,Lumezzane,2019,totale,unita_locali,1689
017096,Lumezzane,2020,0-9,unita_locali,1527
017096,Lumezzane,2020,10-49,unita_locali,160
017096,Lumezzane,2020,250+,unita_locali,2
017096,Lumezzane,2020,50-249,unita_locali,13
017096,Lumezzane,2020,totale,unita_locali,1702
017096,Lumezzane,2021,0-9,unita_locali,1530
017096,Lumezzane,2021,10-49,unita_locali,157
017096,Lumezzane,2021,250+,unita_locali,1
017096,Lumezzane,2021,50-249,unita_locali,13
017096,Lumezzane,2021,totale,unita_locali,1701
017096,Lumezzane,2022,0-9,unita_locali,1530
017096,Lumezzane,2022,10-49,unita_locali,155
017096,Lumezzane,2022,250+,unita_locali,1
017096,Lumezzane,2022,50-249,unita_locali,15
017096,Lumezzane,2022,totale,unita_locali,1701
017096,Lumezzane,2023,0-9,unita_locali,1547
017096,Lumezzane,2023,10-49,unita_locali,151
017096,Lumezzane,2023,250+,unita_locali,1
017096,Lumezzane,2023,50-249,unita_locali,16
017096,Lumezzane,2023,totale,unita_locali,1715
017097,Maclodio,2018,0-9,addetti,279.1
017097,Maclodio,2018,10-49,addetti,512.9
017097,Maclodio,2018,250+,addetti,306.2
017097,Maclodio,2018,totale,addetti,1098.1
017097,Maclodio,2019,0-9,addetti,266.9
017097,Maclodio,2019,10-49,addetti,451.4
017097,Maclodio,2019,250+,addetti,305.2
017097,Maclodio,2019,50-249,addetti,107.4
017097,Maclodio,2019,totale,addetti,1131.0
017097,Maclodio,2020,0-9,addetti,256.9
017097,Maclodio,2020,10-49,addetti,489.8
017097,Maclodio,2020,250+,addetti,291.9
017097,Maclodio,2020,50-249,addetti,60.3
017097,Maclodio,2020,totale,addetti,1098.8
017097,Maclodio,2021,0-9,addetti,243.3
017097,Maclodio,2021,10-49,addetti,528.3
017097,Maclodio,2021,250+,addetti,287.1
017097,Maclodio,2021,totale,addetti,1058.7
017097,Maclodio,2022,0-9,addetti,264.1
017097,Maclodio,2022,10-49,addetti,550.6
017097,Maclodio,2022,250+,addetti,285.2
017097,Maclodio,2022,totale,addetti,1100.0
017097,Maclodio,2023,0-9,addetti,238.4
017097,Maclodio,2023,10-49,addetti,544.7
017097,Maclodio,2023,250+,addetti,285.1
017097,Maclodio,2023,totale,addetti,1068.2
017097,Maclodio,2018,0-9,unita_locali,127
017097,Maclodio,2018,10-49,unita_locali,23
017097,Maclodio,2018,250+,unita_locali,1
017097,Maclodio,2018,totale,unita_locali,151
017097,Maclodio,2019,0-9,unita_locali,121
017097,Maclodio,2019,10-49,unita_locali,22
017097,Maclodio,2019,250+,unita_locali,1
017097,Maclodio,2019,50-249,unita_locali,1
017097,Maclodio,2019,totale,unita_locali,145
017097,Maclodio,2020,0-9,unita_locali,124
017097,Maclodio,2020,10-49,unita_locali,26
017097,Maclodio,2020,250+,unita_locali,1
017097,Maclodio,2020,50-249,unita_locali,1
017097,Maclodio,2020,totale,unita_locali,152
017097,Maclodio,2021,0-9,unita_locali,125
017097,Maclodio,2021,10-49,unita_locali,28
017097,Maclodio,2021,250+,unita_locali,1
017097,Maclodio,2021,totale,unita_locali,154
017097,Maclodio,2022,0-9,unita_locali,128
017097,Maclodio,2022,10-49,unita_locali,27
017097,Maclodio,2022,250+,unita_locali,1
017097,Maclodio,2022,totale,unita_locali,156
017097,Maclodio,2023,0-9,unita_locali,123
017097,Maclodio,2023,10-49,unita_locali,28
017097,Maclodio,2023,250+,unita_locali,1
017097,Maclodio,2023,totale,unita_locali,152
017098,Magasa,2018,0-9,addetti,14.2
017098,Magasa,2018,totale,addetti,14.2
017098,Magasa,2019,0-9,addetti,13.3
017098,Magasa,2019,totale,addetti,13.3
017098,Magasa,2020,0-9,addetti,13.8
017098,Magasa,2020,totale,addetti,13.8
017098,Magasa,2021,0-9,addetti,10.7
017098,Magasa,2021,totale,addetti,10.7
017098,Magasa,2022,0-9,addetti,8.7
017098,Magasa,2022,totale,addetti,8.7
017098,Magasa,2023,0-9,addetti,8.8
017098,Magasa,2023,totale,addetti,8.8
017098,Magasa,2018,0-9,unita_locali,7
017098,Magasa,2018,totale,unita_locali,7
017098,Magasa,2019,0-9,unita_locali,6
017098,Magasa,2019,totale,unita_locali,6
017098,Magasa,2020,0-9,unita_locali,7
017098,Magasa,2020,totale,unita_locali,7
017098,Magasa,2021,0-9,unita_locali,7
017098,Magasa,2021,totale,unita_locali,7
017098,Magasa,2022,0-9,unita_locali,5
017098,Magasa,2022,totale,unita_locali,5
017098,Magasa,2023,0-9,unita_locali,5
017098,Magasa,2023,totale,unita_locali,5
017099,Mairano,2018,0-9,addetti,273.6
017099,Mairano,2018,10-49,addetti,98.4
017099,Mairano,2018,50-249,addetti,280.1
017099,Mairano,2018,totale,addetti,652.0
017099,Mairano,2019,0-9,addetti,263.3
017099,Mairano,2019,10-49,addetti,129.1
017099,Mairano,2019,50-249,addetti,290.2
017099,Mairano,2019,totale,addetti,682.6
017099,Mairano,2020,0-9,addetti,283.7
017099,Mairano,2020,10-49,addetti,151.0
017099,Mairano,2020,50-249,addetti,287.4
017099,Mairano,2020,totale,addetti,722.0
017099,Mairano,2021,0-9,addetti,304.2
017099,Mairano,2021,10-49,addetti,162.4
017099,Mairano,2021,50-249,addetti,280.1
017099,Mairano,2021,totale,addetti,746.7
017099,Mairano,2022,0-9,addetti,290.0
017099,Mairano,2022,10-49,addetti,155.5
017099,Mairano,2022,50-249,addetti,278.9
017099,Mairano,2022,totale,addetti,724.3
017099,Mairano,2023,0-9,addetti,287.3
017099,Mairano,2023,10-49,addetti,165.2
017099,Mairano,2023,50-249,addetti,283.3
017099,Mairano,2023,totale,addetti,735.9
017099,Mairano,2018,0-9,unita_locali,139
017099,Mairano,2018,10-49,unita_locali,5
017099,Mairano,2018,50-249,unita_locali,3
017099,Mairano,2018,totale,unita_locali,147
017099,Mairano,2019,0-9,unita_locali,137
017099,Mairano,2019,10-49,unita_locali,8
017099,Mairano,2019,50-249,unita_locali,3
017099,Mairano,2019,totale,unita_locali,148
017099,Mairano,2020,0-9,unita_locali,146
017099,Mairano,2020,10-49,unita_locali,8
017099,Mairano,2020,50-249,unita_locali,3
017099,Mairano,2020,totale,unita_locali,157
017099,Mairano,2021,0-9,unita_locali,158
017099,Mairano,2021,10-49,unita_locali,7
017099,Mairano,2021,50-249,unita_locali,3
017099,Mairano,2021,totale,unita_locali,168
017099,Mairano,2022,0-9,unita_locali,159
017099,Mairano,2022,10-49,unita_locali,7
017099,Mairano,2022,50-249,unita_locali,3
017099,Mairano,2022,totale,unita_locali,169
017099,Mairano,2023,0-9,unita_locali,161
017099,Mairano,2023,10-49,unita_locali,8
017099,Mairano,2023,50-249,unita_locali,3
017099,Mairano,2023,totale,unita_locali,172
017100,Malegno,2018,0-9,addetti,280.5
017100,Malegno,2018,10-49,addetti,103.5
017100,Malegno,2018,50-249,addetti,64.8
017100,Malegno,2018,totale,addetti,448.8
017100,Malegno,2019,0-9,addetti,276.5
017100,Malegno,2019,10-49,addetti,95.7
017100,Malegno,2019,50-249,addetti,86.3
017100,Malegno,2019,totale,addetti,458.4
017100,Malegno,2020,0-9,addetti,261.5
017100,Malegno,2020,10-49,addetti,88.1
017100,Malegno,2020,50-249,addetti,86.0
017100,Malegno,2020,totale,addetti,435.6
017100,Malegno,2021,0-9,addetti,285.1
017100,Malegno,2021,10-49,addetti,76.8
017100,Malegno,2021,50-249,addetti,81.7
017100,Malegno,2021,totale,addetti,443.6
017100,Malegno,2022,0-9,addetti,271.0
017100,Malegno,2022,10-49,addetti,61.3
017100,Malegno,2022,50-249,addetti,91.4
017100,Malegno,2022,totale,addetti,423.8
017100,Malegno,2023,0-9,addetti,268.7
017100,Malegno,2023,10-49,addetti,62.2
017100,Malegno,2023,50-249,addetti,87.3
017100,Malegno,2023,totale,addetti,418.2
017100,Malegno,2018,0-9,unita_locali,149
017100,Malegno,2018,10-49,unita_locali,7
017100,Malegno,2018,50-249,unita_locali,1
017100,Malegno,2018,totale,unita_locali,157
017100,Malegno,2019,0-9,unita_locali,152
017100,Malegno,2019,10-49,unita_locali,7
017100,Malegno,2019,50-249,unita_locali,1
017100,Malegno,2019,totale,unita_locali,160
017100,Malegno,2020,0-9,unita_locali,140
017100,Malegno,2020,10-49,unita_locali,6
017100,Malegno,2020,50-249,unita_locali,1
017100,Malegno,2020,totale,unita_locali,147
017100,Malegno,2021,0-9,unita_locali,159
017100,Malegno,2021,10-49,unita_locali,5
017100,Malegno,2021,50-249,unita_locali,1
017100,Malegno,2021,totale,unita_locali,165
017100,Malegno,2022,0-9,unita_locali,158
017100,Malegno,2022,10-49,unita_locali,4
017100,Malegno,2022,50-249,unita_locali,1
017100,Malegno,2022,totale,unita_locali,163
017100,Malegno,2023,0-9,unita_locali,154
017100,Malegno,2023,10-49,unita_locali,4
017100,Malegno,2023,50-249,unita_locali,1
017100,Malegno,2023,totale,unita_locali,159
017101,Malonno,2018,0-9,addetti,426.8
017101,Malonno,2018,10-49,addetti,249.6
017101,Malonno,2018,50-249,addetti,168.7
017101,Malonno,2018,totale,addetti,845.0
017101,Malonno,2019,0-9,addetti,412.1
017101,Malonno,2019,10-49,addetti,271.7
017101,Malonno,2019,50-249,addetti,85.5
017101,Malonno,2019,totale,addetti,769.3
017101,Malonno,2020,0-9,addetti,402.1
017101,Malonno,2020,10-49,addetti,298.9
017101,Malonno,2020,50-249,addetti,85.4
017101,Malonno,2020,totale,addetti,786.4
017101,Malonno,2021,0-9,addetti,443.7
017101,Malonno,2021,10-49,addetti,286.1
017101,Malonno,2021,50-249,addetti,84.7
017101,Malonno,2021,totale,addetti,814.5
017101,Malonno,2022,0-9,addetti,453.9
017101,Malonno,2022,10-49,addetti,308.6
017101,Malonno,2022,50-249,addetti,80.2
017101,Malonno,2022,totale,addetti,842.8
017101,Malonno,2023,0-9,addetti,461.3
017101,Malonno,2023,10-49,addetti,309.2
017101,Malonno,2023,50-249,addetti,74.1
017101,Malonno,2023,totale,addetti,844.6
017101,Malonno,2018,0-9,unita_locali,216
017101,Malonno,2018,10-49,unita_locali,13
017101,Malonno,2018,50-249,unita_locali,2
017101,Malonno,2018,totale,unita_locali,231
017101,Malonno,2019,0-9,unita_locali,208
017101,Malonno,2019,10-49,unita_locali,13
017101,Malonno,2019,50-249,unita_locali,1
017101,Malonno,2019,totale,unita_locali,222
017101,Malonno,2020,0-9,unita_locali,211
017101,Malonno,2020,10-49,unita_locali,15
017101,Malonno,2020,50-249,unita_locali,1
017101,Malonno,2020,totale,unita_locali,227
017101,Malonno,2021,0-9,unita_locali,222
017101,Malonno,2021,10-49,unita_locali,14
017101,Malonno,2021,50-249,unita_locali,1
017101,Malonno,2021,totale,unita_locali,237
017101,Malonno,2022,0-9,unita_locali,231
017101,Malonno,2022,10-49,unita_locali,15
017101,Malonno,2022,50-249,unita_locali,1
017101,Malonno,2022,totale,unita_locali,247
017101,Malonno,2023,0-9,unita_locali,231
017101,Malonno,2023,10-49,unita_locali,16
017101,Malonno,2023,50-249,unita_locali,1
017101,Malonno,2023,totale,unita_locali,248
017102,Manerba del Garda,2018,0-9,addetti,1344.5
017102,Manerba del Garda,2018,10-49,addetti,360.3
017102,Manerba del Garda,2018,totale,addetti,1704.8
017102,Manerba del Garda,2019,0-9,addetti,1314.0
017102,Manerba del Garda,2019,10-49,addetti,415.5
017102,Manerba del Garda,2019,totale,addetti,1729.5
017102,Manerba del Garda,2020,0-9,addetti,1261.6
017102,Manerba del Garda,2020,10-49,addetti,439.9
017102,Manerba del Garda,2020,totale,addetti,1701.5
017102,Manerba del Garda,2021,0-9,addetti,1327.3
017102,Manerba del Garda,2021,10-49,addetti,434.6
017102,Manerba del Garda,2021,50-249,addetti,67.6
017102,Manerba del Garda,2021,totale,addetti,1829.6
017102,Manerba del Garda,2022,0-9,addetti,1413.5
017102,Manerba del Garda,2022,10-49,addetti,474.6
017102,Manerba del Garda,2022,50-249,addetti,127.9
017102,Manerba del Garda,2022,totale,addetti,2015.9
017102,Manerba del Garda,2023,0-9,addetti,1480.6
017102,Manerba del Garda,2023,10-49,addetti,496.6
017102,Manerba del Garda,2023,50-249,addetti,61.3
017102,Manerba del Garda,2023,totale,addetti,2038.5
017102,Manerba del Garda,2018,0-9,unita_locali,639
017102,Manerba del Garda,2018,10-49,unita_locali,25
017102,Manerba del Garda,2018,totale,unita_locali,664
017102,Manerba del Garda,2019,0-9,unita_locali,625
017102,Manerba del Garda,2019,10-49,unita_locali,28
017102,Manerba del Garda,2019,totale,unita_locali,653
017102,Manerba del Garda,2020,0-9,unita_locali,656
017102,Manerba del Garda,2020,10-49,unita_locali,26
017102,Manerba del Garda,2020,totale,unita_locali,682
017102,Manerba del Garda,2021,0-9,unita_locali,666
017102,Manerba del Garda,2021,10-49,unita_locali,26
017102,Manerba del Garda,2021,50-249,unita_locali,1
017102,Manerba del Garda,2021,totale,unita_locali,693
017102,Manerba del Garda,2022,0-9,unita_locali,704
017102,Manerba del Garda,2022,10-49,unita_locali,30
017102,Manerba del Garda,2022,50-249,unita_locali,2
017102,Manerba del Garda,2022,totale,unita_locali,736
017102,Manerba del Garda,2023,0-9,unita_locali,718
017102,Manerba del Garda,2023,10-49,unita_locali,31
017102,Manerba del Garda,2023,50-249,unita_locali,1
017102,Manerba del Garda,2023,totale,unita_locali,750
017103,Manerbio,2018,0-9,addetti,2043.4
017103,Manerbio,2018,10-49,addetti,1360.7
017103,Manerbio,2018,250+,addetti,350.9
017103,Manerbio,2018,50-249,addetti,1640.1
017103,Manerbio,2018,totale,addetti,5395.1
017103,Manerbio,2019,0-9,addetti,2059.9
017103,Manerbio,2019,10-49,addetti,1341.4
017103,Manerbio,2019,250+,addetti,661.9
017103,Manerbio,2019,50-249,addetti,1360.5
017103,Manerbio,2019,totale,addetti,5423.7
017103,Manerbio,2020,0-9,addetti,2075.3
017103,Manerbio,2020,10-49,addetti,1344.4
017103,Manerbio,2020,250+,addetti,717.1
017103,Manerbio,2020,50-249,addetti,1172.0
017103,Manerbio,2020,totale,addetti,5308.7
017103,Manerbio,2021,0-9,addetti,2034.5
017103,Manerbio,2021,10-49,addetti,1366.2
017103,Manerbio,2021,250+,addetti,1308.2
017103,Manerbio,2021,50-249,addetti,996.8
017103,Manerbio,2021,totale,addetti,5705.8
017103,Manerbio,2022,0-9,addetti,2103.7
017103,Manerbio,2022,10-49,addetti,1343.2
017103,Manerbio,2022,250+,addetti,1638.3
017103,Manerbio,2022,50-249,addetti,729.5
017103,Manerbio,2022,totale,addetti,5814.7
017103,Manerbio,2023,0-9,addetti,2110.7
017103,Manerbio,2023,10-49,addetti,1308.9
017103,Manerbio,2023,250+,addetti,903.3
017103,Manerbio,2023,50-249,addetti,1401.6
017103,Manerbio,2023,totale,addetti,5724.5
017103,Manerbio,2018,0-9,unita_locali,1016
017103,Manerbio,2018,10-49,unita_locali,75
017103,Manerbio,2018,250+,unita_locali,1
017103,Manerbio,2018,50-249,unita_locali,13
017103,Manerbio,2018,totale,unita_locali,1105
017103,Manerbio,2019,0-9,unita_locali,993
017103,Manerbio,2019,10-49,unita_locali,73
017103,Manerbio,2019,250+,unita_locali,2
017103,Manerbio,2019,50-249,unita_locali,11
017103,Manerbio,2019,totale,unita_locali,1079
017103,Manerbio,2020,0-9,unita_locali,1010
017103,Manerbio,2020,10-49,unita_locali,69
017103,Manerbio,2020,250+,unita_locali,2
017103,Manerbio,2020,50-249,unita_locali,9
017103,Manerbio,2020,totale,unita_locali,1090
017103,Manerbio,2021,0-9,unita_locali,1014
017103,Manerbio,2021,10-49,unita_locali,72
017103,Manerbio,2021,250+,unita_locali,4
017103,Manerbio,2021,50-249,unita_locali,10
017103,Manerbio,2021,totale,unita_locali,1100
017103,Manerbio,2022,0-9,unita_locali,1050
017103,Manerbio,2022,10-49,unita_locali,67
017103,Manerbio,2022,250+,unita_locali,5
017103,Manerbio,2022,50-249,unita_locali,7
017103,Manerbio,2022,totale,unita_locali,1129
017103,Manerbio,2023,0-9,unita_locali,1071
017103,Manerbio,2023,10-49,unita_locali,68
017103,Manerbio,2023,250+,unita_locali,2
017103,Manerbio,2023,50-249,unita_locali,12
017103,Manerbio,2023,totale,unita_locali,1153
017104,Marcheno,2018,0-9,addetti,585.1
017104,Marcheno,2018,10-49,addetti,612.7
017104,Marcheno,2018,50-249,addetti,398.2
017104,Marcheno,2018,totale,addetti,1596.0
017104,Marcheno,2019,0-9,addetti,595.1
017104,Marcheno,2019,10-49,addetti,581.7
017104,Marcheno,2019,50-249,addetti,398.3
017104,Marcheno,2019,totale,addetti,1575.1
017104,Marcheno,2020,0-9,addetti,611.9
017104,Marcheno,2020,10-49,addetti,526.1
017104,Marcheno,2020,50-249,addetti,399.1
017104,Marcheno,2020,totale,addetti,1537.2
017104,Marcheno,2021,0-9,addetti,600.0
017104,Marcheno,2021,10-49,addetti,565.3
017104,Marcheno,2021,50-249,addetti,366.8
017104,Marcheno,2021,totale,addetti,1532.0
017104,Marcheno,2022,0-9,addetti,615.1
017104,Marcheno,2022,10-49,addetti,591.6
017104,Marcheno,2022,50-249,addetti,416.3
017104,Marcheno,2022,totale,addetti,1623.0
017104,Marcheno,2023,0-9,addetti,647.3
017104,Marcheno,2023,10-49,addetti,575.3
017104,Marcheno,2023,50-249,addetti,431.4
017104,Marcheno,2023,totale,addetti,1653.9
017104,Marcheno,2018,0-9,unita_locali,271
017104,Marcheno,2018,10-49,unita_locali,33
017104,Marcheno,2018,50-249,unita_locali,4
017104,Marcheno,2018,totale,unita_locali,308
017104,Marcheno,2019,0-9,unita_locali,279
017104,Marcheno,2019,10-49,unita_locali,32
017104,Marcheno,2019,50-249,unita_locali,4
017104,Marcheno,2019,totale,unita_locali,315
017104,Marcheno,2020,0-9,unita_locali,277
017104,Marcheno,2020,10-49,unita_locali,29
017104,Marcheno,2020,50-249,unita_locali,4
017104,Marcheno,2020,totale,unita_locali,310
017104,Marcheno,2021,0-9,unita_locali,274
017104,Marcheno,2021,10-49,unita_locali,31
017104,Marcheno,2021,50-249,unita_locali,4
017104,Marcheno,2021,totale,unita_locali,309
017104,Marcheno,2022,0-9,unita_locali,280
017104,Marcheno,2022,10-49,unita_locali,31
017104,Marcheno,2022,50-249,unita_locali,4
017104,Marcheno,2022,totale,unita_locali,315
017104,Marcheno,2023,0-9,unita_locali,284
017104,Marcheno,2023,10-49,unita_locali,30
017104,Marcheno,2023,50-249,unita_locali,4
017104,Marcheno,2023,totale,unita_locali,318
017105,Marmentino,2018,0-9,addetti,42.4
017105,Marmentino,2018,10-49,addetti,14.0
017105,Marmentino,2018,totale,addetti,56.4
017105,Marmentino,2019,0-9,addetti,33.3
017105,Marmentino,2019,10-49,addetti,14.0
017105,Marmentino,2019,totale,addetti,47.2
017105,Marmentino,2020,0-9,addetti,33.1
017105,Marmentino,2020,10-49,addetti,13.7
017105,Marmentino,2020,totale,addetti,46.8
017105,Marmentino,2021,0-9,addetti,37.3
017105,Marmentino,2021,10-49,addetti,14.2
017105,Marmentino,2021,totale,addetti,51.6
017105,Marmentino,2022,0-9,addetti,42.5
017105,Marmentino,2022,10-49,addetti,12.9
017105,Marmentino,2022,totale,addetti,55.4
017105,Marmentino,2023,0-9,addetti,32.2
017105,Marmentino,2023,10-49,addetti,13.0
017105,Marmentino,2023,totale,addetti,45.2
017105,Marmentino,2018,0-9,unita_locali,26
017105,Marmentino,2018,10-49,unita_locali,1
017105,Marmentino,2018,totale,unita_locali,27
017105,Marmentino,2019,0-9,unita_locali,18
017105,Marmentino,2019,10-49,unita_locali,1
017105,Marmentino,2019,totale,unita_locali,19
017105,Marmentino,2020,0-9,unita_locali,18
017105,Marmentino,2020,10-49,unita_locali,1
017105,Marmentino,2020,totale,unita_locali,19
017105,Marmentino,2021,0-9,unita_locali,23
017105,Marmentino,2021,10-49,unita_locali,1
017105,Marmentino,2021,totale,unita_locali,24
017105,Marmentino,2022,0-9,unita_locali,22
017105,Marmentino,2022,10-49,unita_locali,1
017105,Marmentino,2022,totale,unita_locali,23
017105,Marmentino,2023,0-9,unita_locali,19
017105,Marmentino,2023,10-49,unita_locali,1
017105,Marmentino,2023,totale,unita_locali,20
017106,Marone,2018,0-9,addetti,324.6
017106,Marone,2018,10-49,addetti,109.0
017106,Marone,2018,50-249,addetti,322.6
017106,Marone,2018,totale,addetti,756.2
017106,Marone,2019,0-9,addetti,350.4
017106,Marone,2019,10-49,addetti,92.6
017106,Marone,2019,50-249,addetti,297.3
017106,Marone,2019,totale,addetti,740.3
017106,Marone,2020,0-9,addetti,359.6
017106,Marone,2020,10-49,addetti,98.6
017106,Marone,2020,50-249,addetti,289.4
017106,Marone,2020,totale,addetti,747.6
017106,Marone,2021,0-9,addetti,357.0
017106,Marone,2021,10-49,addetti,127.8
017106,Marone,2021,50-249,addetti,291.4
017106,Marone,2021,totale,addetti,776.2
017106,Marone,2022,0-9,addetti,379.6
017106,Marone,2022,10-49,addetti,117.1
017106,Marone,2022,50-249,addetti,289.9
017106,Marone,2022,totale,addetti,786.6
017106,Marone,2023,0-9,addetti,377.8
017106,Marone,2023,10-49,addetti,133.5
017106,Marone,2023,50-249,addetti,280.3
017106,Marone,2023,totale,addetti,791.6
017106,Marone,2018,0-9,unita_locali,192
017106,Marone,2018,10-49,unita_locali,9
017106,Marone,2018,50-249,unita_locali,2
017106,Marone,2018,totale,unita_locali,203
017106,Marone,2019,0-9,unita_locali,189
017106,Marone,2019,10-49,unita_locali,7
017106,Marone,2019,50-249,unita_locali,2
017106,Marone,2019,totale,unita_locali,198
017106,Marone,2020,0-9,unita_locali,202
017106,Marone,2020,10-49,unita_locali,7
017106,Marone,2020,50-249,unita_locali,2
017106,Marone,2020,totale,unita_locali,211
017106,Marone,2021,0-9,unita_locali,213
017106,Marone,2021,10-49,unita_locali,8
017106,Marone,2021,50-249,unita_locali,2
017106,Marone,2021,totale,unita_locali,223
017106,Marone,2022,0-9,unita_locali,224
017106,Marone,2022,10-49,unita_locali,7
017106,Marone,2022,50-249,unita_locali,2
017106,Marone,2022,totale,unita_locali,233
017106,Marone,2023,0-9,unita_locali,226
017106,Marone,2023,10-49,unita_locali,8
017106,Marone,2023,50-249,unita_locali,2
017106,Marone,2023,totale,unita_locali,236
017107,Mazzano,2018,0-9,addetti,1829.7
017107,Mazzano,2018,10-49,addetti,1517.8
017107,Mazzano,2018,250+,addetti,304.5
017107,Mazzano,2018,50-249,addetti,1168.8
017107,Mazzano,2018,totale,addetti,4820.8
017107,Mazzano,2019,0-9,addetti,1917.0
017107,Mazzano,2019,10-49,addetti,1467.0
017107,Mazzano,2019,250+,addetti,329.3
017107,Mazzano,2019,50-249,addetti,1356.4
017107,Mazzano,2019,totale,addetti,5069.7
017107,Mazzano,2020,0-9,addetti,1868.5
017107,Mazzano,2020,10-49,addetti,1466.2
017107,Mazzano,2020,250+,addetti,251.6
017107,Mazzano,2020,50-249,addetti,1231.2
017107,Mazzano,2020,totale,addetti,4817.5
017107,Mazzano,2021,0-9,addetti,1856.2
017107,Mazzano,2021,10-49,addetti,1469.6
017107,Mazzano,2021,50-249,addetti,1100.6
017107,Mazzano,2021,totale,addetti,4426.4
017107,Mazzano,2022,0-9,addetti,1914.4
017107,Mazzano,2022,10-49,addetti,1527.9
017107,Mazzano,2022,50-249,addetti,908.0
017107,Mazzano,2022,totale,addetti,4350.3
017107,Mazzano,2023,0-9,addetti,1966.5
017107,Mazzano,2023,10-49,addetti,1310.3
017107,Mazzano,2023,50-249,addetti,972.8
017107,Mazzano,2023,totale,addetti,4249.6
017107,Mazzano,2018,0-9,unita_locali,910
017107,Mazzano,2018,10-49,unita_locali,85
017107,Mazzano,2018,250+,unita_locali,1
017107,Mazzano,2018,50-249,unita_locali,12
017107,Mazzano,2018,totale,unita_locali,1008
017107,Mazzano,2019,0-9,unita_locali,914
017107,Mazzano,2019,10-49,unita_locali,80
017107,Mazzano,2019,250+,unita_locali,1
017107,Mazzano,2019,50-249,unita_locali,13
017107,Mazzano,2019,totale,unita_locali,1008
017107,Mazzano,2020,0-9,unita_locali,947
017107,Mazzano,2020,10-49,unita_locali,75
017107,Mazzano,2020,250+,unita_locali,1
017107,Mazzano,2020,50-249,unita_locali,13
017107,Mazzano,2020,totale,unita_locali,1036
017107,Mazzano,2021,0-9,unita_locali,955
017107,Mazzano,2021,10-49,unita_locali,75
017107,Mazzano,2021,50-249,unita_locali,12
017107,Mazzano,2021,totale,unita_locali,1042
017107,Mazzano,2022,0-9,unita_locali,991
017107,Mazzano,2022,10-49,unita_locali,79
017107,Mazzano,2022,50-249,unita_locali,10
017107,Mazzano,2022,totale,unita_locali,1080
017107,Mazzano,2023,0-9,unita_locali,1002
017107,Mazzano,2023,10-49,unita_locali,68
017107,Mazzano,2023,50-249,unita_locali,10
017107,Mazzano,2023,totale,unita_locali,1080
017108,Milzano,2018,0-9,addetti,265.2
017108,Milzano,2018,10-49,addetti,76.9
017108,Milzano,2018,totale,addetti,342.1
017108,Milzano,2019,0-9,addetti,265.8
017108,Milzano,2019,10-49,addetti,98.1
017108,Milzano,2019,totale,addetti,363.9
017108,Milzano,2020,0-9,addetti,244.5
017108,Milzano,2020,10-49,addetti,130.1
017108,Milzano,2020,totale,addetti,374.6
017108,Milzano,2021,0-9,addetti,288.4
017108,Milzano,2021,10-49,addetti,121.5
017108,Milzano,2021,totale,addetti,409.9
017108,Milzano,2022,0-9,addetti,273.9
017108,Milzano,2022,10-49,addetti,158.6
017108,Milzano,2022,totale,addetti,432.5
017108,Milzano,2023,0-9,addetti,288.3
017108,Milzano,2023,10-49,addetti,159.9
017108,Milzano,2023,totale,addetti,448.2
017108,Milzano,2018,0-9,unita_locali,119
017108,Milzano,2018,10-49,unita_locali,6
017108,Milzano,2018,totale,unita_locali,125
017108,Milzano,2019,0-9,unita_locali,116
017108,Milzano,2019,10-49,unita_locali,8
017108,Milzano,2019,totale,unita_locali,124
017108,Milzano,2020,0-9,unita_locali,119
017108,Milzano,2020,10-49,unita_locali,9
017108,Milzano,2020,totale,unita_locali,128
017108,Milzano,2021,0-9,unita_locali,122
017108,Milzano,2021,10-49,unita_locali,8
017108,Milzano,2021,totale,unita_locali,130
017108,Milzano,2022,0-9,unita_locali,123
017108,Milzano,2022,10-49,unita_locali,10
017108,Milzano,2022,totale,unita_locali,133
017108,Milzano,2023,0-9,unita_locali,122
017108,Milzano,2023,10-49,unita_locali,10
017108,Milzano,2023,totale,unita_locali,132
017109,Moniga del Garda,2018,0-9,addetti,585.0
017109,Moniga del Garda,2018,10-49,addetti,97.5
017109,Moniga del Garda,2018,totale,addetti,682.6
017109,Moniga del Garda,2019,0-9,addetti,597.3
017109,Moniga del Garda,2019,10-49,addetti,135.9
017109,Moniga del Garda,2019,totale,addetti,733.2
017109,Moniga del Garda,2020,0-9,addetti,516.7
017109,Moniga del Garda,2020,10-49,addetti,134.7
017109,Moniga del Garda,2020,totale,addetti,651.4
017109,Moniga del Garda,2021,0-9,addetti,563.8
017109,Moniga del Garda,2021,10-49,addetti,126.1
017109,Moniga del Garda,2021,50-249,addetti,63.0
017109,Moniga del Garda,2021,totale,addetti,752.8
017109,Moniga del Garda,2022,0-9,addetti,554.6
017109,Moniga del Garda,2022,10-49,addetti,254.1
017109,Moniga del Garda,2022,totale,addetti,808.7
017109,Moniga del Garda,2023,0-9,addetti,548.5
017109,Moniga del Garda,2023,10-49,addetti,252.1
017109,Moniga del Garda,2023,totale,addetti,800.6
017109,Moniga del Garda,2018,0-9,unita_locali,262
017109,Moniga del Garda,2018,10-49,unita_locali,8
017109,Moniga del Garda,2018,totale,unita_locali,270
017109,Moniga del Garda,2019,0-9,unita_locali,269
017109,Moniga del Garda,2019,10-49,unita_locali,9
017109,Moniga del Garda,2019,totale,unita_locali,278
017109,Moniga del Garda,2020,0-9,unita_locali,280
017109,Moniga del Garda,2020,10-49,unita_locali,10
017109,Moniga del Garda,2020,totale,unita_locali,290
017109,Moniga del Garda,2021,0-9,unita_locali,291
017109,Moniga del Garda,2021,10-49,unita_locali,9
017109,Moniga del Garda,2021,50-249,unita_locali,1
017109,Moniga del Garda,2021,totale,unita_locali,301
017109,Moniga del Garda,2022,0-9,unita_locali,296
017109,Moniga del Garda,2022,10-49,unita_locali,14
017109,Moniga del Garda,2022,totale,unita_locali,310
017109,Moniga del Garda,2023,0-9,unita_locali,297
017109,Moniga del Garda,2023,10-49,unita_locali,15
017109,Moniga del Garda,2023,totale,unita_locali,312
017110,Monno,2018,0-9,addetti,74.3
017110,Monno,2018,10-49,addetti,11.2
017110,Monno,2018,totale,addetti,85.5
017110,Monno,2019,0-9,addetti,75.2
017110,Monno,2019,10-49,addetti,11.3
017110,Monno,2019,totale,addetti,86.5
017110,Monno,2020,0-9,addetti,78.2
017110,Monno,2020,totale,addetti,78.2
017110,Monno,2021,0-9,addetti,70.9
017110,Monno,2021,totale,addetti,70.9
017110,Monno,2022,0-9,addetti,76.5
017110,Monno,2022,totale,addetti,76.5
017110,Monno,2023,0-9,addetti,68.3
017110,Monno,2023,10-49,addetti,10.7
017110,Monno,2023,totale,addetti,79.0
017110,Monno,2018,0-9,unita_locali,44
017110,Monno,2018,10-49,unita_locali,1
017110,Monno,2018,totale,unita_locali,45
017110,Monno,2019,0-9,unita_locali,45
017110,Monno,2019,10-49,unita_locali,1
017110,Monno,2019,totale,unita_locali,46
017110,Monno,2020,0-9,unita_locali,44
017110,Monno,2020,totale,unita_locali,44
017110,Monno,2021,0-9,unita_locali,38
017110,Monno,2021,totale,unita_locali,38
017110,Monno,2022,0-9,unita_locali,40
017110,Monno,2022,totale,unita_locali,40
017110,Monno,2023,0-9,unita_locali,42
017110,Monno,2023,10-49,unita_locali,1
017110,Monno,2023,totale,unita_locali,43
017111,Monte Isola,2018,0-9,addetti,241.4
017111,Monte Isola,2018,10-49,addetti,28.6
017111,Monte Isola,2018,totale,addetti,269.9
017111,Monte Isola,2019,0-9,addetti,235.8
017111,Monte Isola,2019,10-49,addetti,38.8
017111,Monte Isola,2019,totale,addetti,274.5
017111,Monte Isola,2020,0-9,addetti,231.9
017111,Monte Isola,2020,10-49,addetti,17.4
017111,Monte Isola,2020,totale,addetti,249.3
017111,Monte Isola,2021,0-9,addetti,238.7
017111,Monte Isola,2021,10-49,addetti,32.4
017111,Monte Isola,2021,totale,addetti,271.1
017111,Monte Isola,2022,0-9,addetti,263.4
017111,Monte Isola,2022,10-49,addetti,33.6
017111,Monte Isola,2022,totale,addetti,297.0
017111,Monte Isola,2023,0-9,addetti,258.6
017111,Monte Isola,2023,10-49,addetti,44.9
017111,Monte Isola,2023,totale,addetti,303.4
017111,Monte Isola,2018,0-9,unita_locali,129
017111,Monte Isola,2018,10-49,unita_locali,2
017111,Monte Isola,2018,totale,unita_locali,131
017111,Monte Isola,2019,0-9,unita_locali,123
017111,Monte Isola,2019,10-49,unita_locali,3
017111,Monte Isola,2019,totale,unita_locali,126
017111,Monte Isola,2020,0-9,unita_locali,124
017111,Monte Isola,2020,10-49,unita_locali,1
017111,Monte Isola,2020,totale,unita_locali,125
017111,Monte Isola,2021,0-9,unita_locali,128
017111,Monte Isola,2021,10-49,unita_locali,2
017111,Monte Isola,2021,totale,unita_locali,130
017111,Monte Isola,2022,0-9,unita_locali,135
017111,Monte Isola,2022,10-49,unita_locali,2
017111,Monte Isola,2022,totale,unita_locali,137
017111,Monte Isola,2023,0-9,unita_locali,134
017111,Monte Isola,2023,10-49,unita_locali,3
017111,Monte Isola,2023,totale,unita_locali,137
017112,Monticelli Brusati,2018,0-9,addetti,620.4
017112,Monticelli Brusati,2018,10-49,addetti,355.4
017112,Monticelli Brusati,2018,50-249,addetti,501.0
017112,Monticelli Brusati,2018,totale,addetti,1476.8
017112,Monticelli Brusati,2019,0-9,addetti,629.5
017112,Monticelli Brusati,2019,10-49,addetti,324.4
017112,Monticelli Brusati,2019,50-249,addetti,548.0
017112,Monticelli Brusati,2019,totale,addetti,1501.9
017112,Monticelli Brusati,2020,0-9,addetti,620.5
017112,Monticelli Brusati,2020,10-49,addetti,329.1
017112,Monticelli Brusati,2020,50-249,addetti,540.8
017112,Monticelli Brusati,2020,totale,addetti,1490.4
017112,Monticelli Brusati,2021,0-9,addetti,657.3
017112,Monticelli Brusati,2021,10-49,addetti,295.0
017112,Monticelli Brusati,2021,50-249,addetti,548.7
017112,Monticelli Brusati,2021,totale,addetti,1501.0
017112,Monticelli Brusati,2022,0-9,addetti,673.7
017112,Monticelli Brusati,2022,10-49,addetti,295.8
017112,Monticelli Brusati,2022,50-249,addetti,541.3
017112,Monticelli Brusati,2022,totale,addetti,1510.7
017112,Monticelli Brusati,2023,0-9,addetti,663.3
017112,Monticelli Brusati,2023,10-49,addetti,348.8
017112,Monticelli Brusati,2023,50-249,addetti,531.0
017112,Monticelli Brusati,2023,totale,addetti,1543.0
017112,Monticelli Brusati,2018,0-9,unita_locali,346
017112,Monticelli Brusati,2018,10-49,unita_locali,20
017112,Monticelli Brusati,2018,50-249,unita_locali,5
017112,Monticelli Brusati,2018,totale,unita_locali,371
017112,Monticelli Brusati,2019,0-9,unita_locali,352
017112,Monticelli Brusati,2019,10-49,unita_locali,18
017112,Monticelli Brusati,2019,50-249,unita_locali,5
017112,Monticelli Brusati,2019,totale,unita_locali,375
017112,Monticelli Brusati,2020,0-9,unita_locali,378
017112,Monticelli Brusati,2020,10-49,unita_locali,19
017112,Monticelli Brusati,2020,50-249,unita_locali,5
017112,Monticelli Brusati,2020,totale,unita_locali,402
017112,Monticelli Brusati,2021,0-9,unita_locali,394
017112,Monticelli Brusati,2021,10-49,unita_locali,16
017112,Monticelli Brusati,2021,50-249,unita_locali,5
017112,Monticelli Brusati,2021,totale,unita_locali,415
017112,Monticelli Brusati,2022,0-9,unita_locali,409
017112,Monticelli Brusati,2022,10-49,unita_locali,16
017112,Monticelli Brusati,2022,50-249,unita_locali,5
017112,Monticelli Brusati,2022,totale,unita_locali,430
017112,Monticelli Brusati,2023,0-9,unita_locali,405
017112,Monticelli Brusati,2023,10-49,unita_locali,19
017112,Monticelli Brusati,2023,50-249,unita_locali,5
017112,Monticelli Brusati,2023,totale,unita_locali,429
017113,Montichiari,2018,0-9,addetti,3728.3
017113,Montichiari,2018,10-49,addetti,2893.2
017113,Montichiari,2018,50-249,addetti,2970.9
017113,Montichiari,2018,totale,addetti,9592.4
017113,Montichiari,2019,0-9,addetti,3728.8
017113,Montichiari,2019,10-49,addetti,2936.2
017113,Montichiari,2019,50-249,addetti,3045.4
017113,Montichiari,2019,totale,addetti,9710.4
017113,Montichiari,2020,0-9,addetti,3724.0
017113,Montichiari,2020,10-49,addetti,3199.0
017113,Montichiari,2020,250+,addetti,249.6
017113,Montichiari,2020,50-249,addetti,2509.9
017113,Montichiari,2020,totale,addetti,9682.5
017113,Montichiari,2021,0-9,addetti,3776.6
017113,Montichiari,2021,10-49,addetti,3390.4
017113,Montichiari,2021,50-249,addetti,2853.7
017113,Montichiari,2021,totale,addetti,10020.7
017113,Montichiari,2022,0-9,addetti,3823.9
017113,Montichiari,2022,10-49,addetti,3473.6
017113,Montichiari,2022,50-249,addetti,3258.5
017113,Montichiari,2022,totale,addetti,10556.0
017113,Montichiari,2023,0-9,addetti,3947.3
017113,Montichiari,2023,10-49,addetti,3454.5
017113,Montichiari,2023,50-249,addetti,3478.2
017113,Montichiari,2023,totale,addetti,10879.9
017113,Montichiari,2018,0-9,unita_locali,1836
017113,Montichiari,2018,10-49,unita_locali,152
017113,Montichiari,2018,50-249,unita_locali,32
017113,Montichiari,2018,totale,unita_locali,2020
017113,Montichiari,2019,0-9,unita_locali,1813
017113,Montichiari,2019,10-49,unita_locali,151
017113,Montichiari,2019,50-249,unita_locali,34
017113,Montichiari,2019,totale,unita_locali,1998
017113,Montichiari,2020,0-9,unita_locali,1849
017113,Montichiari,2020,10-49,unita_locali,167
017113,Montichiari,2020,250+,unita_locali,1
017113,Montichiari,2020,50-249,unita_locali,28
017113,Montichiari,2020,totale,unita_locali,2045
017113,Montichiari,2021,0-9,unita_locali,1892
017113,Montichiari,2021,10-49,unita_locali,181
017113,Montichiari,2021,50-249,unita_locali,30
017113,Montichiari,2021,totale,unita_locali,2103
017113,Montichiari,2022,0-9,unita_locali,1988
017113,Montichiari,2022,10-49,unita_locali,187
017113,Montichiari,2022,50-249,unita_locali,37
017113,Montichiari,2022,totale,unita_locali,2212
017113,Montichiari,2023,0-9,unita_locali,2031
017113,Montichiari,2023,10-49,unita_locali,186
017113,Montichiari,2023,50-249,unita_locali,38
017113,Montichiari,2023,totale,unita_locali,2255
017114,Montirone,2018,0-9,addetti,712.6
017114,Montirone,2018,10-49,addetti,674.0
017114,Montirone,2018,50-249,addetti,112.5
017114,Montirone,2018,totale,addetti,1499.2
017114,Montirone,2019,0-9,addetti,728.1
017114,Montirone,2019,10-49,addetti,576.4
017114,Montirone,2019,250+,addetti,293.0
017114,Montirone,2019,50-249,addetti,133.0
017114,Montirone,2019,totale,addetti,1730.4
017114,Montirone,2020,0-9,addetti,732.2
017114,Montirone,2020,10-49,addetti,598.7
017114,Montirone,2020,50-249,addetti,140.6
017114,Montirone,2020,totale,addetti,1471.5
017114,Montirone,2021,0-9,addetti,755.0
017114,Montirone,2021,10-49,addetti,472.0
017114,Montirone,2021,50-249,addetti,312.3
017114,Montirone,2021,totale,addetti,1539.2
017114,Montirone,2022,0-9,addetti,837.6
017114,Montirone,2022,10-49,addetti,500.8
017114,Montirone,2022,50-249,addetti,332.9
017114,Montirone,2022,totale,addetti,1671.2
017114,Montirone,2023,0-9,addetti,799.7
017114,Montirone,2023,10-49,addetti,610.6
017114,Montirone,2023,50-249,addetti,413.9
017114,Montirone,2023,totale,addetti,1824.2
017114,Montirone,2018,0-9,unita_locali,351
017114,Montirone,2018,10-49,unita_locali,37
017114,Montirone,2018,50-249,unita_locali,2
017114,Montirone,2018,totale,unita_locali,390
017114,Montirone,2019,0-9,unita_locali,356
017114,Montirone,2019,10-49,unita_locali,31
017114,Montirone,2019,250+,unita_locali,1
017114,Montirone,2019,50-249,unita_locali,2
017114,Montirone,2019,totale,unita_locali,390
017114,Montirone,2020,0-9,unita_locali,367
017114,Montirone,2020,10-49,unita_locali,33
017114,Montirone,2020,50-249,unita_locali,2
017114,Montirone,2020,totale,unita_locali,402
017114,Montirone,2021,0-9,unita_locali,380
017114,Montirone,2021,10-49,unita_locali,28
017114,Montirone,2021,50-249,unita_locali,5
017114,Montirone,2021,totale,unita_locali,413
017114,Montirone,2022,0-9,unita_locali,405
017114,Montirone,2022,10-49,unita_locali,30
017114,Montirone,2022,50-249,unita_locali,5
017114,Montirone,2022,totale,unita_locali,440
017114,Montirone,2023,0-9,unita_locali,414
017114,Montirone,2023,10-49,unita_locali,39
017114,Montirone,2023,50-249,unita_locali,6
017114,Montirone,2023,totale,unita_locali,459
017115,Mura,2018,0-9,addetti,64.3
017115,Mura,2018,10-49,addetti,64.9
017115,Mura,2018,50-249,addetti,136.0
017115,Mura,2018,totale,addetti,265.2
017115,Mura,2019,0-9,addetti,58.9
017115,Mura,2019,10-49,addetti,65.9
017115,Mura,2019,50-249,addetti,138.9
017115,Mura,2019,totale,addetti,263.8
017115,Mura,2020,0-9,addetti,69.4
017115,Mura,2020,10-49,addetti,61.1
017115,Mura,2020,50-249,addetti,136.4
017115,Mura,2020,totale,addetti,266.9
017115,Mura,2021,0-9,addetti,76.7
017115,Mura,2021,10-49,addetti,62.2
017115,Mura,2021,50-249,addetti,139.3
017115,Mura,2021,totale,addetti,278.2
017115,Mura,2022,0-9,addetti,76.0
017115,Mura,2022,10-49,addetti,43.9
017115,Mura,2022,50-249,addetti,137.2
017115,Mura,2022,totale,addetti,257.1
017115,Mura,2023,0-9,addetti,86.0
017115,Mura,2023,10-49,addetti,33.4
017115,Mura,2023,50-249,addetti,144.4
017115,Mura,2023,totale,addetti,263.8
017115,Mura,2018,0-9,unita_locali,34
017115,Mura,2018,10-49,unita_locali,3
017115,Mura,2018,50-249,unita_locali,1
017115,Mura,2018,totale,unita_locali,38
017115,Mura,2019,0-9,unita_locali,34
017115,Mura,2019,10-49,unita_locali,3
017115,Mura,2019,50-249,unita_locali,1
017115,Mura,2019,totale,unita_locali,38
017115,Mura,2020,0-9,unita_locali,36
017115,Mura,2020,10-49,unita_locali,3
017115,Mura,2020,50-249,unita_locali,1
017115,Mura,2020,totale,unita_locali,40
017115,Mura,2021,0-9,unita_locali,37
017115,Mura,2021,10-49,unita_locali,3
017115,Mura,2021,50-249,unita_locali,1
017115,Mura,2021,totale,unita_locali,41
017115,Mura,2022,0-9,unita_locali,39
017115,Mura,2022,10-49,unita_locali,2
017115,Mura,2022,50-249,unita_locali,1
017115,Mura,2022,totale,unita_locali,42
017115,Mura,2023,0-9,unita_locali,42
017115,Mura,2023,10-49,unita_locali,1
017115,Mura,2023,50-249,unita_locali,1
017115,Mura,2023,totale,unita_locali,44
017116,Muscoline,2018,0-9,addetti,335.3
017116,Muscoline,2018,10-49,addetti,228.6
017116,Muscoline,2018,50-249,addetti,328.9
017116,Muscoline,2018,totale,addetti,892.8
017116,Muscoline,2019,0-9,addetti,328.5
017116,Muscoline,2019,10-49,addetti,247.7
017116,Muscoline,2019,50-249,addetti,345.4
017116,Muscoline,2019,totale,addetti,921.6
017116,Muscoline,2020,0-9,addetti,357.2
017116,Muscoline,2020,10-49,addetti,280.3
017116,Muscoline,2020,50-249,addetti,259.2
017116,Muscoline,2020,totale,addetti,896.7
017116,Muscoline,2021,0-9,addetti,348.5
017116,Muscoline,2021,10-49,addetti,227.3
017116,Muscoline,2021,50-249,addetti,331.7
017116,Muscoline,2021,totale,addetti,907.5
017116,Muscoline,2022,0-9,addetti,370.5
017116,Muscoline,2022,10-49,addetti,253.5
017116,Muscoline,2022,50-249,addetti,326.0
017116,Muscoline,2022,totale,addetti,950.0
017116,Muscoline,2023,0-9,addetti,367.1
017116,Muscoline,2023,10-49,addetti,264.7
017116,Muscoline,2023,50-249,addetti,332.9
017116,Muscoline,2023,totale,addetti,964.7
017116,Muscoline,2018,0-9,unita_locali,190
017116,Muscoline,2018,10-49,unita_locali,11
017116,Muscoline,2018,50-249,unita_locali,4
017116,Muscoline,2018,totale,unita_locali,205
017116,Muscoline,2019,0-9,unita_locali,189
017116,Muscoline,2019,10-49,unita_locali,11
017116,Muscoline,2019,50-249,unita_locali,4
017116,Muscoline,2019,totale,unita_locali,204
017116,Muscoline,2020,0-9,unita_locali,209
017116,Muscoline,2020,10-49,unita_locali,10
017116,Muscoline,2020,50-249,unita_locali,3
017116,Muscoline,2020,totale,unita_locali,222
017116,Muscoline,2021,0-9,unita_locali,211
017116,Muscoline,2021,10-49,unita_locali,11
017116,Muscoline,2021,50-249,unita_locali,4
017116,Muscoline,2021,totale,unita_locali,226
017116,Muscoline,2022,0-9,unita_locali,226
017116,Muscoline,2022,10-49,unita_locali,13
017116,Muscoline,2022,50-249,unita_locali,4
017116,Muscoline,2022,totale,unita_locali,243
017116,Muscoline,2023,0-9,unita_locali,233
017116,Muscoline,2023,10-49,unita_locali,12
017116,Muscoline,2023,50-249,unita_locali,4
017116,Muscoline,2023,totale,unita_locali,249
017117,Nave,2018,0-9,addetti,1249.3
017117,Nave,2018,10-49,addetti,894.4
017117,Nave,2018,50-249,addetti,647.1
017117,Nave,2018,totale,addetti,2790.9
017117,Nave,2019,0-9,addetti,1236.5
017117,Nave,2019,10-49,addetti,919.9
017117,Nave,2019,50-249,addetti,599.0
017117,Nave,2019,totale,addetti,2755.5
017117,Nave,2020,0-9,addetti,1216.4
017117,Nave,2020,10-49,addetti,943.7
017117,Nave,2020,50-249,addetti,493.6
017117,Nave,2020,totale,addetti,2653.8
017117,Nave,2021,0-9,addetti,1256.1
017117,Nave,2021,10-49,addetti,980.3
017117,Nave,2021,50-249,addetti,527.7
017117,Nave,2021,totale,addetti,2764.2
017117,Nave,2022,0-9,addetti,1244.3
017117,Nave,2022,10-49,addetti,931.4
017117,Nave,2022,50-249,addetti,604.2
017117,Nave,2022,totale,addetti,2779.9
017117,Nave,2023,0-9,addetti,1288.3
017117,Nave,2023,10-49,addetti,821.7
017117,Nave,2023,50-249,addetti,647.6
017117,Nave,2023,totale,addetti,2757.7
017117,Nave,2018,0-9,unita_locali,704
017117,Nave,2018,10-49,unita_locali,50
017117,Nave,2018,50-249,unita_locali,6
017117,Nave,2018,totale,unita_locali,760
017117,Nave,2019,0-9,unita_locali,668
017117,Nave,2019,10-49,unita_locali,49
017117,Nave,2019,50-249,unita_locali,6
017117,Nave,2019,totale,unita_locali,723
017117,Nave,2020,0-9,unita_locali,670
017117,Nave,2020,10-49,unita_locali,50
017117,Nave,2020,50-249,unita_locali,4
017117,Nave,2020,totale,unita_locali,724
017117,Nave,2021,0-9,unita_locali,702
017117,Nave,2021,10-49,unita_locali,51
017117,Nave,2021,50-249,unita_locali,4
017117,Nave,2021,totale,unita_locali,757
017117,Nave,2022,0-9,unita_locali,718
017117,Nave,2022,10-49,unita_locali,50
017117,Nave,2022,50-249,unita_locali,5
017117,Nave,2022,totale,unita_locali,773
017117,Nave,2023,0-9,unita_locali,730
017117,Nave,2023,10-49,unita_locali,42
017117,Nave,2023,50-249,unita_locali,5
017117,Nave,2023,totale,unita_locali,777
017118,Niardo,2018,0-9,addetti,307.1
017118,Niardo,2018,10-49,addetti,165.3
017118,Niardo,2018,50-249,addetti,52.0
017118,Niardo,2018,totale,addetti,524.4
017118,Niardo,2019,0-9,addetti,324.2
017118,Niardo,2019,10-49,addetti,181.0
017118,Niardo,2019,50-249,addetti,60.7
017118,Niardo,2019,totale,addetti,565.9
017118,Niardo,2020,0-9,addetti,293.6
017118,Niardo,2020,10-49,addetti,166.4
017118,Niardo,2020,50-249,addetti,131.2
017118,Niardo,2020,totale,addetti,591.2
017118,Niardo,2021,0-9,addetti,285.1
017118,Niardo,2021,10-49,addetti,150.6
017118,Niardo,2021,50-249,addetti,263.6
017118,Niardo,2021,totale,addetti,699.3
017118,Niardo,2022,0-9,addetti,301.8
017118,Niardo,2022,10-49,addetti,178.8
017118,Niardo,2022,50-249,addetti,104.5
017118,Niardo,2022,totale,addetti,585.1
017118,Niardo,2023,0-9,addetti,298.5
017118,Niardo,2023,10-49,addetti,142.5
017118,Niardo,2023,50-249,addetti,70.6
017118,Niardo,2023,totale,addetti,511.6
017118,Niardo,2018,0-9,unita_locali,141
017118,Niardo,2018,10-49,unita_locali,11
017118,Niardo,2018,50-249,unita_locali,1
017118,Niardo,2018,totale,unita_locali,153
017118,Niardo,2019,0-9,unita_locali,147
017118,Niardo,2019,10-49,unita_locali,10
017118,Niardo,2019,50-249,unita_locali,1
017118,Niardo,2019,totale,unita_locali,158
017118,Niardo,2020,0-9,unita_locali,149
017118,Niardo,2020,10-49,unita_locali,12
017118,Niardo,2020,50-249,unita_locali,2
017118,Niardo,2020,totale,unita_locali,163
017118,Niardo,2021,0-9,unita_locali,140
017118,Niardo,2021,10-49,unita_locali,11
017118,Niardo,2021,50-249,unita_locali,3
017118,Niardo,2021,totale,unita_locali,154
017118,Niardo,2022,0-9,unita_locali,144
017118,Niardo,2022,10-49,unita_locali,11
017118,Niardo,2022,50-249,unita_locali,1
017118,Niardo,2022,totale,unita_locali,156
017118,Niardo,2023,0-9,unita_locali,140
017118,Niardo,2023,10-49,unita_locali,10
017118,Niardo,2023,50-249,unita_locali,1
017118,Niardo,2023,totale,unita_locali,151
017119,Nuvolento,2018,0-9,addetti,639.5
017119,Nuvolento,2018,10-49,addetti,343.7
017119,Nuvolento,2018,50-249,addetti,145.8
017119,Nuvolento,2018,totale,addetti,1129.1
017119,Nuvolento,2019,0-9,addetti,648.4
017119,Nuvolento,2019,10-49,addetti,349.4
017119,Nuvolento,2019,50-249,addetti,145.0
017119,Nuvolento,2019,totale,addetti,1142.9
017119,Nuvolento,2020,0-9,addetti,638.4
017119,Nuvolento,2020,10-49,addetti,322.8
017119,Nuvolento,2020,50-249,addetti,191.3
017119,Nuvolento,2020,totale,addetti,1152.6
017119,Nuvolento,2021,0-9,addetti,628.8
017119,Nuvolento,2021,10-49,addetti,359.9
017119,Nuvolento,2021,50-249,addetti,191.2
017119,Nuvolento,2021,totale,addetti,1179.8
017119,Nuvolento,2022,0-9,addetti,643.4
017119,Nuvolento,2022,10-49,addetti,324.3
017119,Nuvolento,2022,50-249,addetti,202.2
017119,Nuvolento,2022,totale,addetti,1170.0
017119,Nuvolento,2023,0-9,addetti,672.1
017119,Nuvolento,2023,10-49,addetti,351.4
017119,Nuvolento,2023,50-249,addetti,204.3
017119,Nuvolento,2023,totale,addetti,1227.9
017119,Nuvolento,2018,0-9,unita_locali,322
017119,Nuvolento,2018,10-49,unita_locali,21
017119,Nuvolento,2018,50-249,unita_locali,2
017119,Nuvolento,2018,totale,unita_locali,345
017119,Nuvolento,2019,0-9,unita_locali,330
017119,Nuvolento,2019,10-49,unita_locali,20
017119,Nuvolento,2019,50-249,unita_locali,2
017119,Nuvolento,2019,totale,unita_locali,352
017119,Nuvolento,2020,0-9,unita_locali,337
017119,Nuvolento,2020,10-49,unita_locali,20
017119,Nuvolento,2020,50-249,unita_locali,3
017119,Nuvolento,2020,totale,unita_locali,360
017119,Nuvolento,2021,0-9,unita_locali,339
017119,Nuvolento,2021,10-49,unita_locali,20
017119,Nuvolento,2021,50-249,unita_locali,3
017119,Nuvolento,2021,totale,unita_locali,362
017119,Nuvolento,2022,0-9,unita_locali,345
017119,Nuvolento,2022,10-49,unita_locali,19
017119,Nuvolento,2022,50-249,unita_locali,3
017119,Nuvolento,2022,totale,unita_locali,367
017119,Nuvolento,2023,0-9,unita_locali,355
017119,Nuvolento,2023,10-49,unita_locali,19
017119,Nuvolento,2023,50-249,unita_locali,3
017119,Nuvolento,2023,totale,unita_locali,377
017120,Nuvolera,2018,0-9,addetti,565.7
017120,Nuvolera,2018,10-49,addetti,287.1
017120,Nuvolera,2018,50-249,addetti,132.4
017120,Nuvolera,2018,totale,addetti,985.3
017120,Nuvolera,2019,0-9,addetti,571.1
017120,Nuvolera,2019,10-49,addetti,270.6
017120,Nuvolera,2019,50-249,addetti,132.2
017120,Nuvolera,2019,totale,addetti,973.9
017120,Nuvolera,2020,0-9,addetti,549.8
017120,Nuvolera,2020,10-49,addetti,245.6
017120,Nuvolera,2020,50-249,addetti,133.6
017120,Nuvolera,2020,totale,addetti,929.1
017120,Nuvolera,2021,0-9,addetti,589.6
017120,Nuvolera,2021,10-49,addetti,240.7
017120,Nuvolera,2021,50-249,addetti,132.5
017120,Nuvolera,2021,totale,addetti,962.9
017120,Nuvolera,2022,0-9,addetti,568.8
017120,Nuvolera,2022,10-49,addetti,249.3
017120,Nuvolera,2022,50-249,addetti,132.0
017120,Nuvolera,2022,totale,addetti,950.1
017120,Nuvolera,2023,0-9,addetti,580.4
017120,Nuvolera,2023,10-49,addetti,260.3
017120,Nuvolera,2023,50-249,addetti,128.7
017120,Nuvolera,2023,totale,addetti,969.4
017120,Nuvolera,2018,0-9,unita_locali,285
017120,Nuvolera,2018,10-49,unita_locali,15
017120,Nuvolera,2018,50-249,unita_locali,1
017120,Nuvolera,2018,totale,unita_locali,301
017120,Nuvolera,2019,0-9,unita_locali,298
017120,Nuvolera,2019,10-49,unita_locali,15
017120,Nuvolera,2019,50-249,unita_locali,1
017120,Nuvolera,2019,totale,unita_locali,314
017120,Nuvolera,2020,0-9,unita_locali,302
017120,Nuvolera,2020,10-49,unita_locali,14
017120,Nuvolera,2020,50-249,unita_locali,1
017120,Nuvolera,2020,totale,unita_locali,317
017120,Nuvolera,2021,0-9,unita_locali,315
017120,Nuvolera,2021,10-49,unita_locali,13
017120,Nuvolera,2021,50-249,unita_locali,1
017120,Nuvolera,2021,totale,unita_locali,329
017120,Nuvolera,2022,0-9,unita_locali,323
017120,Nuvolera,2022,10-49,unita_locali,15
017120,Nuvolera,2022,50-249,unita_locali,1
017120,Nuvolera,2022,totale,unita_locali,339
017120,Nuvolera,2023,0-9,unita_locali,339
017120,Nuvolera,2023,10-49,unita_locali,15
017120,Nuvolera,2023,50-249,unita_locali,1
017120,Nuvolera,2023,totale,unita_locali,355
017121,Odolo,2018,0-9,addetti,263.5
017121,Odolo,2018,10-49,addetti,314.3
017121,Odolo,2018,250+,addetti,277.8
017121,Odolo,2018,50-249,addetti,674.9
017121,Odolo,2018,totale,addetti,1530.5
017121,Odolo,2019,0-9,addetti,274.9
017121,Odolo,2019,10-49,addetti,293.2
017121,Odolo,2019,250+,addetti,277.6
017121,Odolo,2019,50-249,addetti,739.0
017121,Odolo,2019,totale,addetti,1584.7
017121,Odolo,2020,0-9,addetti,263.0
017121,Odolo,2020,10-49,addetti,296.8
017121,Odolo,2020,250+,addetti,281.0
017121,Odolo,2020,50-249,addetti,741.8
017121,Odolo,2020,totale,addetti,1582.6
017121,Odolo,2021,0-9,addetti,264.7
017121,Odolo,2021,10-49,addetti,316.8
017121,Odolo,2021,250+,addetti,282.1
017121,Odolo,2021,50-249,addetti,735.4
017121,Odolo,2021,totale,addetti,1599.0
017121,Odolo,2022,0-9,addetti,288.9
017121,Odolo,2022,10-49,addetti,242.5
017121,Odolo,2022,250+,addetti,284.7
017121,Odolo,2022,50-249,addetti,864.1
017121,Odolo,2022,totale,addetti,1680.2
017121,Odolo,2023,0-9,addetti,278.0
017121,Odolo,2023,10-49,addetti,310.7
017121,Odolo,2023,250+,addetti,292.3
017121,Odolo,2023,50-249,addetti,827.5
017121,Odolo,2023,totale,addetti,1708.5
017121,Odolo,2018,0-9,unita_locali,137
017121,Odolo,2018,10-49,unita_locali,15
017121,Odolo,2018,250+,unita_locali,1
017121,Odolo,2018,50-249,unita_locali,5
017121,Odolo,2018,totale,unita_locali,158
017121,Odolo,2019,0-9,unita_locali,133
017121,Odolo,2019,10-49,unita_locali,14
017121,Odolo,2019,250+,unita_locali,1
017121,Odolo,2019,50-249,unita_locali,6
017121,Odolo,2019,totale,unita_locali,154
017121,Odolo,2020,0-9,unita_locali,137
017121,Odolo,2020,10-49,unita_locali,14
017121,Odolo,2020,250+,unita_locali,1
017121,Odolo,2020,50-249,unita_locali,6
017121,Odolo,2020,totale,unita_locali,158
017121,Odolo,2021,0-9,unita_locali,134
017121,Odolo,2021,10-49,unita_locali,14
017121,Odolo,2021,250+,unita_locali,1
017121,Odolo,2021,50-249,unita_locali,6
017121,Odolo,2021,totale,unita_locali,155
017121,Odolo,2022,0-9,unita_locali,144
017121,Odolo,2022,10-49,unita_locali,12
017121,Odolo,2022,250+,unita_locali,1
017121,Odolo,2022,50-249,unita_locali,8
017121,Odolo,2022,totale,unita_locali,165
017121,Odolo,2023,0-9,unita_locali,143
017121,Odolo,2023,10-49,unita_locali,16
017121,Odolo,2023,250+,unita_locali,1
017121,Odolo,2023,50-249,unita_locali,7
017121,Odolo,2023,totale,unita_locali,167
017122,Offlaga,2018,0-9,addetti,386.9
017122,Offlaga,2018,10-49,addetti,187.4
017122,Offlaga,2018,50-249,addetti,98.5
017122,Offlaga,2018,totale,addetti,672.8
017122,Offlaga,2019,0-9,addetti,398.5
017122,Offlaga,2019,10-49,addetti,209.5
017122,Offlaga,2019,50-249,addetti,99.7
017122,Offlaga,2019,totale,addetti,707.7
017122,Offlaga,2020,0-9,addetti,368.5
017122,Offlaga,2020,10-49,addetti,266.1
017122,Offlaga,2020,50-249,addetti,103.1
017122,Offlaga,2020,totale,addetti,737.7
017122,Offlaga,2021,0-9,addetti,373.4
017122,Offlaga,2021,10-49,addetti,244.1
017122,Offlaga,2021,50-249,addetti,85.1
017122,Offlaga,2021,totale,addetti,702.6
017122,Offlaga,2022,0-9,addetti,392.3
017122,Offlaga,2022,10-49,addetti,236.3
017122,Offlaga,2022,50-249,addetti,86.3
017122,Offlaga,2022,totale,addetti,715.0
017122,Offlaga,2023,0-9,addetti,391.7
017122,Offlaga,2023,10-49,addetti,236.1
017122,Offlaga,2023,50-249,addetti,93.5
017122,Offlaga,2023,totale,addetti,721.3
017122,Offlaga,2018,0-9,unita_locali,210
017122,Offlaga,2018,10-49,unita_locali,11
017122,Offlaga,2018,50-249,unita_locali,1
017122,Offlaga,2018,totale,unita_locali,222
017122,Offlaga,2019,0-9,unita_locali,205
017122,Offlaga,2019,10-49,unita_locali,11
017122,Offlaga,2019,50-249,unita_locali,1
017122,Offlaga,2019,totale,unita_locali,217
017122,Offlaga,2020,0-9,unita_locali,211
017122,Offlaga,2020,10-49,unita_locali,15
017122,Offlaga,2020,50-249,unita_locali,1
017122,Offlaga,2020,totale,unita_locali,227
017122,Offlaga,2021,0-9,unita_locali,212
017122,Offlaga,2021,10-49,unita_locali,13
017122,Offlaga,2021,50-249,unita_locali,1
017122,Offlaga,2021,totale,unita_locali,226
017122,Offlaga,2022,0-9,unita_locali,232
017122,Offlaga,2022,10-49,unita_locali,12
017122,Offlaga,2022,50-249,unita_locali,1
017122,Offlaga,2022,totale,unita_locali,245
017122,Offlaga,2023,0-9,unita_locali,229
017122,Offlaga,2023,10-49,unita_locali,12
017122,Offlaga,2023,50-249,unita_locali,1
017122,Offlaga,2023,totale,unita_locali,242
017123,Ome,2018,0-9,addetti,338.5
017123,Ome,2018,10-49,addetti,228.5
017123,Ome,2018,250+,addetti,372.8
017123,Ome,2018,50-249,addetti,88.1
017123,Ome,2018,totale,addetti,1027.9
017123,Ome,2019,0-9,addetti,347.4
017123,Ome,2019,10-49,addetti,227.5
017123,Ome,2019,250+,addetti,367.0
017123,Ome,2019,50-249,addetti,89.9
017123,Ome,2019,totale,addetti,1031.8
017123,Ome,2020,0-9,addetti,344.1
017123,Ome,2020,10-49,addetti,205.4
017123,Ome,2020,250+,addetti,355.2
017123,Ome,2020,50-249,addetti,85.7
017123,Ome,2020,totale,addetti,990.4
017123,Ome,2021,0-9,addetti,352.7
017123,Ome,2021,10-49,addetti,185.3
017123,Ome,2021,250+,addetti,352.1
017123,Ome,2021,50-249,addetti,82.9
017123,Ome,2021,totale,addetti,972.9
017123,Ome,2022,0-9,addetti,401.1
017123,Ome,2022,10-49,addetti,166.3
017123,Ome,2022,250+,addetti,347.2
017123,Ome,2022,50-249,addetti,86.6
017123,Ome,2022,totale,addetti,1001.3
017123,Ome,2023,0-9,addetti,417.3
017123,Ome,2023,10-49,addetti,145.3
017123,Ome,2023,250+,addetti,329.8
017123,Ome,2023,50-249,addetti,88.0
017123,Ome,2023,totale,addetti,980.4
017123,Ome,2018,0-9,unita_locali,189
017123,Ome,2018,10-49,unita_locali,14
017123,Ome,2018,250+,unita_locali,1
017123,Ome,2018,50-249,unita_locali,1
017123,Ome,2018,totale,unita_locali,205
017123,Ome,2019,0-9,unita_locali,185
017123,Ome,2019,10-49,unita_locali,14
017123,Ome,2019,250+,unita_locali,1
017123,Ome,2019,50-249,unita_locali,1
017123,Ome,2019,totale,unita_locali,201
017123,Ome,2020,0-9,unita_locali,207
017123,Ome,2020,10-49,unita_locali,14
017123,Ome,2020,250+,unita_locali,1
017123,Ome,2020,50-249,unita_locali,1
017123,Ome,2020,totale,unita_locali,223
017123,Ome,2021,0-9,unita_locali,216
017123,Ome,2021,10-49,unita_locali,13
017123,Ome,2021,250+,unita_locali,1
017123,Ome,2021,50-249,unita_locali,1
017123,Ome,2021,totale,unita_locali,231
017123,Ome,2022,0-9,unita_locali,245
017123,Ome,2022,10-49,unita_locali,12
017123,Ome,2022,250+,unita_locali,1
017123,Ome,2022,50-249,unita_locali,1
017123,Ome,2022,totale,unita_locali,259
017123,Ome,2023,0-9,unita_locali,235
017123,Ome,2023,10-49,unita_locali,10
017123,Ome,2023,250+,unita_locali,1
017123,Ome,2023,50-249,unita_locali,1
017123,Ome,2023,totale,unita_locali,247
017124,Ono San Pietro,2018,0-9,addetti,89.0
017124,Ono San Pietro,2018,10-49,addetti,30.4
017124,Ono San Pietro,2018,totale,addetti,119.4
017124,Ono San Pietro,2019,0-9,addetti,80.3
017124,Ono San Pietro,2019,10-49,addetti,30.4
017124,Ono San Pietro,2019,totale,addetti,110.7
017124,Ono San Pietro,2020,0-9,addetti,76.0
017124,Ono San Pietro,2020,10-49,addetti,27.7
017124,Ono San Pietro,2020,totale,addetti,103.7
017124,Ono San Pietro,2021,0-9,addetti,85.8
017124,Ono San Pietro,2021,10-49,addetti,40.0
017124,Ono San Pietro,2021,totale,addetti,125.8
017124,Ono San Pietro,2022,0-9,addetti,81.1
017124,Ono San Pietro,2022,10-49,addetti,43.0
017124,Ono San Pietro,2022,totale,addetti,124.0
017124,Ono San Pietro,2023,0-9,addetti,76.3
017124,Ono San Pietro,2023,10-49,addetti,45.3
017124,Ono San Pietro,2023,totale,addetti,121.6
017124,Ono San Pietro,2018,0-9,unita_locali,54
017124,Ono San Pietro,2018,10-49,unita_locali,1
017124,Ono San Pietro,2018,totale,unita_locali,55
017124,Ono San Pietro,2019,0-9,unita_locali,51
017124,Ono San Pietro,2019,10-49,unita_locali,1
017124,Ono San Pietro,2019,totale,unita_locali,52
017124,Ono San Pietro,2020,0-9,unita_locali,53
017124,Ono San Pietro,2020,10-49,unita_locali,1
017124,Ono San Pietro,2020,totale,unita_locali,54
017124,Ono San Pietro,2021,0-9,unita_locali,55
017124,Ono San Pietro,2021,10-49,unita_locali,2
017124,Ono San Pietro,2021,totale,unita_locali,57
017124,Ono San Pietro,2022,0-9,unita_locali,56
017124,Ono San Pietro,2022,10-49,unita_locali,2
017124,Ono San Pietro,2022,totale,unita_locali,58
017124,Ono San Pietro,2023,0-9,unita_locali,56
017124,Ono San Pietro,2023,10-49,unita_locali,2
017124,Ono San Pietro,2023,totale,unita_locali,58
017125,Orzinuovi,2018,0-9,addetti,2131.5
017125,Orzinuovi,2018,10-49,addetti,974.5
017125,Orzinuovi,2018,250+,addetti,285.9
017125,Orzinuovi,2018,50-249,addetti,2043.8
017125,Orzinuovi,2018,totale,addetti,5435.7
017125,Orzinuovi,2019,0-9,addetti,2068.8
017125,Orzinuovi,2019,10-49,addetti,1018.7
017125,Orzinuovi,2019,250+,addetti,296.4
017125,Orzinuovi,2019,50-249,addetti,2168.0
017125,Orzinuovi,2019,totale,addetti,5551.9
017125,Orzinuovi,2020,0-9,addetti,2130.3
017125,Orzinuovi,2020,10-49,addetti,982.4
017125,Orzinuovi,2020,50-249,addetti,2368.8
017125,Orzinuovi,2020,totale,addetti,5481.4
017125,Orzinuovi,2021,0-9,addetti,2162.6
017125,Orzinuovi,2021,10-49,addetti,1104.7
017125,Orzinuovi,2021,250+,addetti,263.0
017125,Orzinuovi,2021,50-249,addetti,2177.8
017125,Orzinuovi,2021,totale,addetti,5708.1
017125,Orzinuovi,2022,0-9,addetti,2180.7
017125,Orzinuovi,2022,10-49,addetti,1133.6
017125,Orzinuovi,2022,250+,addetti,531.6
017125,Orzinuovi,2022,50-249,addetti,1973.7
017125,Orzinuovi,2022,totale,addetti,5819.6
017125,Orzinuovi,2023,0-9,addetti,2204.1
017125,Orzinuovi,2023,10-49,addetti,1128.3
017125,Orzinuovi,2023,250+,addetti,557.9
017125,Orzinuovi,2023,50-249,addetti,2124.6
017125,Orzinuovi,2023,totale,addetti,6014.9
017125,Orzinuovi,2018,0-9,unita_locali,1044
017125,Orzinuovi,2018,10-49,unita_locali,55
017125,Orzinuovi,2018,250+,unita_locali,1
017125,Orzinuovi,2018,50-249,unita_locali,16
017125,Orzinuovi,2018,totale,unita_locali,1116
017125,Orzinuovi,2019,0-9,unita_locali,1004
017125,Orzinuovi,2019,10-49,unita_locali,56
017125,Orzinuovi,2019,250+,unita_locali,1
017125,Orzinuovi,2019,50-249,unita_locali,16
017125,Orzinuovi,2019,totale,unita_locali,1077
017125,Orzinuovi,2020,0-9,unita_locali,1052
017125,Orzinuovi,2020,10-49,unita_locali,55
017125,Orzinuovi,2020,50-249,unita_locali,16
017125,Orzinuovi,2020,totale,unita_locali,1123
017125,Orzinuovi,2021,0-9,unita_locali,1069
017125,Orzinuovi,2021,10-49,unita_locali,56
017125,Orzinuovi,2021,250+,unita_locali,1
017125,Orzinuovi,2021,50-249,unita_locali,15
017125,Orzinuovi,2021,totale,unita_locali,1141
017125,Orzinuovi,2022,0-9,unita_locali,1080
017125,Orzinuovi,2022,10-49,unita_locali,63
017125,Orzinuovi,2022,250+,unita_locali,2
017125,Orzinuovi,2022,50-249,unita_locali,15
017125,Orzinuovi,2022,totale,unita_locali,1160
017125,Orzinuovi,2023,0-9,unita_locali,1075
017125,Orzinuovi,2023,10-49,unita_locali,64
017125,Orzinuovi,2023,250+,unita_locali,2
017125,Orzinuovi,2023,50-249,unita_locali,16
017125,Orzinuovi,2023,totale,unita_locali,1157
017126,Orzivecchi,2018,0-9,addetti,307.8
017126,Orzivecchi,2018,10-49,addetti,133.4
017126,Orzivecchi,2018,totale,addetti,441.2
017126,Orzivecchi,2019,0-9,addetti,317.8
017126,Orzivecchi,2019,10-49,addetti,146.1
017126,Orzivecchi,2019,totale,addetti,463.9
017126,Orzivecchi,2020,0-9,addetti,312.2
017126,Orzivecchi,2020,10-49,addetti,134.1
017126,Orzivecchi,2020,totale,addetti,446.3
017126,Orzivecchi,2021,0-9,addetti,314.6
017126,Orzivecchi,2021,10-49,addetti,67.8
017126,Orzivecchi,2021,50-249,addetti,60.8
017126,Orzivecchi,2021,totale,addetti,443.1
017126,Orzivecchi,2022,0-9,addetti,317.6
017126,Orzivecchi,2022,10-49,addetti,83.8
017126,Orzivecchi,2022,50-249,addetti,57.9
017126,Orzivecchi,2022,totale,addetti,459.3
017126,Orzivecchi,2023,0-9,addetti,306.9
017126,Orzivecchi,2023,10-49,addetti,97.2
017126,Orzivecchi,2023,50-249,addetti,66.6
017126,Orzivecchi,2023,totale,addetti,470.7
017126,Orzivecchi,2018,0-9,unita_locali,159
017126,Orzivecchi,2018,10-49,unita_locali,5
017126,Orzivecchi,2018,totale,unita_locali,164
017126,Orzivecchi,2019,0-9,unita_locali,151
017126,Orzivecchi,2019,10-49,unita_locali,5
017126,Orzivecchi,2019,totale,unita_locali,156
017126,Orzivecchi,2020,0-9,unita_locali,166
017126,Orzivecchi,2020,10-49,unita_locali,5
017126,Orzivecchi,2020,totale,unita_locali,171
017126,Orzivecchi,2021,0-9,unita_locali,169
017126,Orzivecchi,2021,10-49,unita_locali,4
017126,Orzivecchi,2021,50-249,unita_locali,1
017126,Orzivecchi,2021,totale,unita_locali,174
017126,Orzivecchi,2022,0-9,unita_locali,168
017126,Orzivecchi,2022,10-49,unita_locali,5
017126,Orzivecchi,2022,50-249,unita_locali,1
017126,Orzivecchi,2022,totale,unita_locali,174
017126,Orzivecchi,2023,0-9,unita_locali,171
017126,Orzivecchi,2023,10-49,unita_locali,6
017126,Orzivecchi,2023,50-249,unita_locali,1
017126,Orzivecchi,2023,totale,unita_locali,178
017127,Ospitaletto,2018,0-9,addetti,1625.7
017127,Ospitaletto,2018,10-49,addetti,799.3
017127,Ospitaletto,2018,250+,addetti,503.7
017127,Ospitaletto,2018,50-249,addetti,1314.3
017127,Ospitaletto,2018,totale,addetti,4243.1
017127,Ospitaletto,2019,0-9,addetti,1608.3
017127,Ospitaletto,2019,10-49,addetti,970.9
017127,Ospitaletto,2019,250+,addetti,490.2
017127,Ospitaletto,2019,50-249,addetti,1297.3
017127,Ospitaletto,2019,totale,addetti,4366.6
017127,Ospitaletto,2020,0-9,addetti,1604.7
017127,Ospitaletto,2020,10-49,addetti,883.9
017127,Ospitaletto,2020,250+,addetti,476.3
017127,Ospitaletto,2020,50-249,addetti,1280.6
017127,Ospitaletto,2020,totale,addetti,4245.5
017127,Ospitaletto,2021,0-9,addetti,1646.2
017127,Ospitaletto,2021,10-49,addetti,1054.0
017127,Ospitaletto,2021,250+,addetti,474.9
017127,Ospitaletto,2021,50-249,addetti,1198.1
017127,Ospitaletto,2021,totale,addetti,4373.2
017127,Ospitaletto,2022,0-9,addetti,1751.6
017127,Ospitaletto,2022,10-49,addetti,1018.4
017127,Ospitaletto,2022,250+,addetti,461.9
017127,Ospitaletto,2022,50-249,addetti,1363.4
017127,Ospitaletto,2022,totale,addetti,4595.3
017127,Ospitaletto,2023,0-9,addetti,1822.3
017127,Ospitaletto,2023,10-49,addetti,1002.5
017127,Ospitaletto,2023,250+,addetti,443.4
017127,Ospitaletto,2023,50-249,addetti,1167.2
017127,Ospitaletto,2023,totale,addetti,4435.3
017127,Ospitaletto,2018,0-9,unita_locali,858
017127,Ospitaletto,2018,10-49,unita_locali,47
017127,Ospitaletto,2018,250+,unita_locali,1
017127,Ospitaletto,2018,50-249,unita_locali,12
017127,Ospitaletto,2018,totale,unita_locali,918
017127,Ospitaletto,2019,0-9,unita_locali,860
017127,Ospitaletto,2019,10-49,unita_locali,52
017127,Ospitaletto,2019,250+,unita_locali,1
017127,Ospitaletto,2019,50-249,unita_locali,11
017127,Ospitaletto,2019,totale,unita_locali,924
017127,Ospitaletto,2020,0-9,unita_locali,866
017127,Ospitaletto,2020,10-49,unita_locali,47
017127,Ospitaletto,2020,250+,unita_locali,1
017127,Ospitaletto,2020,50-249,unita_locali,11
017127,Ospitaletto,2020,totale,unita_locali,925
017127,Ospitaletto,2021,0-9,unita_locali,889
017127,Ospitaletto,2021,10-49,unita_locali,57
017127,Ospitaletto,2021,250+,unita_locali,1
017127,Ospitaletto,2021,50-249,unita_locali,9
017127,Ospitaletto,2021,totale,unita_locali,956
017127,Ospitaletto,2022,0-9,unita_locali,931
017127,Ospitaletto,2022,10-49,unita_locali,58
017127,Ospitaletto,2022,250+,unita_locali,1
017127,Ospitaletto,2022,50-249,unita_locali,13
017127,Ospitaletto,2022,totale,unita_locali,1003
017127,Ospitaletto,2023,0-9,unita_locali,941
017127,Ospitaletto,2023,10-49,unita_locali,58
017127,Ospitaletto,2023,250+,unita_locali,1
017127,Ospitaletto,2023,50-249,unita_locali,11
017127,Ospitaletto,2023,totale,unita_locali,1011
017128,Ossimo,2018,0-9,addetti,115.5
017128,Ossimo,2018,10-49,addetti,10.0
017128,Ossimo,2018,totale,addetti,125.5
017128,Ossimo,2019,0-9,addetti,128.6
017128,Ossimo,2019,10-49,addetti,10.6
017128,Ossimo,2019,totale,addetti,139.2
017128,Ossimo,2020,0-9,addetti,124.0
017128,Ossimo,2020,10-49,addetti,10.0
017128,Ossimo,2020,totale,addetti,134.0
017128,Ossimo,2021,0-9,addetti,132.2
017128,Ossimo,2021,totale,addetti,132.2
017128,Ossimo,2022,0-9,addetti,136.8
017128,Ossimo,2022,totale,addetti,136.8
017128,Ossimo,2023,0-9,addetti,136.5
017128,Ossimo,2023,totale,addetti,136.5
017128,Ossimo,2018,0-9,unita_locali,83
017128,Ossimo,2018,10-49,unita_locali,1
017128,Ossimo,2018,totale,unita_locali,84
017128,Ossimo,2019,0-9,unita_locali,88
017128,Ossimo,2019,10-49,unita_locali,1
017128,Ossimo,2019,totale,unita_locali,89
017128,Ossimo,2020,0-9,unita_locali,83
017128,Ossimo,2020,10-49,unita_locali,1
017128,Ossimo,2020,totale,unita_locali,84
017128,Ossimo,2021,0-9,unita_locali,87
017128,Ossimo,2021,totale,unita_locali,87
017128,Ossimo,2022,0-9,unita_locali,86
017128,Ossimo,2022,totale,unita_locali,86
017128,Ossimo,2023,0-9,unita_locali,86
017128,Ossimo,2023,totale,unita_locali,86
017129,Padenghe sul Garda,2018,0-9,addetti,767.0
017129,Padenghe sul Garda,2018,10-49,addetti,286.1
017129,Padenghe sul Garda,2018,50-249,addetti,115.6
017129,Padenghe sul Garda,2018,totale,addetti,1168.7
017129,Padenghe sul Garda,2019,0-9,addetti,779.2
017129,Padenghe sul Garda,2019,10-49,addetti,294.9
017129,Padenghe sul Garda,2019,50-249,addetti,161.5
017129,Padenghe sul Garda,2019,totale,addetti,1235.6
017129,Padenghe sul Garda,2020,0-9,addetti,755.2
017129,Padenghe sul Garda,2020,10-49,addetti,264.2
017129,Padenghe sul Garda,2020,50-249,addetti,186.9
017129,Padenghe sul Garda,2020,totale,addetti,1206.3
017129,Padenghe sul Garda,2021,0-9,addetti,797.8
017129,Padenghe sul Garda,2021,10-49,addetti,374.6
017129,Padenghe sul Garda,2021,50-249,addetti,70.7
017129,Padenghe sul Garda,2021,totale,addetti,1243.0
017129,Padenghe sul Garda,2022,0-9,addetti,813.3
017129,Padenghe sul Garda,2022,10-49,addetti,429.9
017129,Padenghe sul Garda,2022,50-249,addetti,67.2
017129,Padenghe sul Garda,2022,totale,addetti,1310.3
017129,Padenghe sul Garda,2023,0-9,addetti,824.6
017129,Padenghe sul Garda,2023,10-49,addetti,403.7
017129,Padenghe sul Garda,2023,50-249,addetti,148.4
017129,Padenghe sul Garda,2023,totale,addetti,1376.7
017129,Padenghe sul Garda,2018,0-9,unita_locali,452
017129,Padenghe sul Garda,2018,10-49,unita_locali,16
017129,Padenghe sul Garda,2018,50-249,unita_locali,2
017129,Padenghe sul Garda,2018,totale,unita_locali,470
017129,Padenghe sul Garda,2019,0-9,unita_locali,459
017129,Padenghe sul Garda,2019,10-49,unita_locali,18
017129,Padenghe sul Garda,2019,50-249,unita_locali,2
017129,Padenghe sul Garda,2019,totale,unita_locali,479
017129,Padenghe sul Garda,2020,0-9,unita_locali,469
017129,Padenghe sul Garda,2020,10-49,unita_locali,17
017129,Padenghe sul Garda,2020,50-249,unita_locali,3
017129,Padenghe sul Garda,2020,totale,unita_locali,489
017129,Padenghe sul Garda,2021,0-9,unita_locali,492
017129,Padenghe sul Garda,2021,10-49,unita_locali,19
017129,Padenghe sul Garda,2021,50-249,unita_locali,1
017129,Padenghe sul Garda,2021,totale,unita_locali,512
017129,Padenghe sul Garda,2022,0-9,unita_locali,509
017129,Padenghe sul Garda,2022,10-49,unita_locali,21
017129,Padenghe sul Garda,2022,50-249,unita_locali,1
017129,Padenghe sul Garda,2022,totale,unita_locali,531
017129,Padenghe sul Garda,2023,0-9,unita_locali,513
017129,Padenghe sul Garda,2023,10-49,unita_locali,21
017129,Padenghe sul Garda,2023,50-249,unita_locali,2
017129,Padenghe sul Garda,2023,totale,unita_locali,536
017130,Paderno Franciacorta,2018,0-9,addetti,452.1
017130,Paderno Franciacorta,2018,10-49,addetti,455.9
017130,Paderno Franciacorta,2018,50-249,addetti,204.5
017130,Paderno Franciacorta,2018,totale,addetti,1112.5
017130,Paderno Franciacorta,2019,0-9,addetti,468.1
017130,Paderno Franciacorta,2019,10-49,addetti,448.2
017130,Paderno Franciacorta,2019,50-249,addetti,203.3
017130,Paderno Franciacorta,2019,totale,addetti,1119.6
017130,Paderno Franciacorta,2020,0-9,addetti,464.3
017130,Paderno Franciacorta,2020,10-49,addetti,398.1
017130,Paderno Franciacorta,2020,50-249,addetti,202.0
017130,Paderno Franciacorta,2020,totale,addetti,1064.4
017130,Paderno Franciacorta,2021,0-9,addetti,458.4
017130,Paderno Franciacorta,2021,10-49,addetti,490.5
017130,Paderno Franciacorta,2021,50-249,addetti,141.1
017130,Paderno Franciacorta,2021,totale,addetti,1090.1
017130,Paderno Franciacorta,2022,0-9,addetti,507.8
017130,Paderno Franciacorta,2022,10-49,addetti,430.1
017130,Paderno Franciacorta,2022,50-249,addetti,195.3
017130,Paderno Franciacorta,2022,totale,addetti,1133.1
017130,Paderno Franciacorta,2023,0-9,addetti,491.2
017130,Paderno Franciacorta,2023,10-49,addetti,417.4
017130,Paderno Franciacorta,2023,50-249,addetti,246.4
017130,Paderno Franciacorta,2023,totale,addetti,1154.9
017130,Paderno Franciacorta,2018,0-9,unita_locali,259
017130,Paderno Franciacorta,2018,10-49,unita_locali,24
017130,Paderno Franciacorta,2018,50-249,unita_locali,3
017130,Paderno Franciacorta,2018,totale,unita_locali,286
017130,Paderno Franciacorta,2019,0-9,unita_locali,257
017130,Paderno Franciacorta,2019,10-49,unita_locali,21
017130,Paderno Franciacorta,2019,50-249,unita_locali,3
017130,Paderno Franciacorta,2019,totale,unita_locali,281
017130,Paderno Franciacorta,2020,0-9,unita_locali,256
017130,Paderno Franciacorta,2020,10-49,unita_locali,19
017130,Paderno Franciacorta,2020,50-249,unita_locali,3
017130,Paderno Franciacorta,2020,totale,unita_locali,278
017130,Paderno Franciacorta,2021,0-9,unita_locali,268
017130,Paderno Franciacorta,2021,10-49,unita_locali,24
017130,Paderno Franciacorta,2021,50-249,unita_locali,2
017130,Paderno Franciacorta,2021,totale,unita_locali,294
017130,Paderno Franciacorta,2022,0-9,unita_locali,279
017130,Paderno Franciacorta,2022,10-49,unita_locali,21
017130,Paderno Franciacorta,2022,50-249,unita_locali,3
017130,Paderno Franciacorta,2022,totale,unita_locali,303
017130,Paderno Franciacorta,2023,0-9,unita_locali,278
017130,Paderno Franciacorta,2023,10-49,unita_locali,21
017130,Paderno Franciacorta,2023,50-249,unita_locali,4
017130,Paderno Franciacorta,2023,totale,unita_locali,303
017131,Paisco Loveno,2018,0-9,addetti,6.8
017131,Paisco Loveno,2018,totale,addetti,6.8
017131,Paisco Loveno,2019,0-9,addetti,6.0
017131,Paisco Loveno,2019,totale,addetti,6.0
017131,Paisco Loveno,2020,0-9,addetti,5.0
017131,Paisco Loveno,2020,totale,addetti,5.0
017131,Paisco Loveno,2021,0-9,addetti,7.7
017131,Paisco Loveno,2021,totale,addetti,7.7
017131,Paisco Loveno,2022,0-9,addetti,4.7
017131,Paisco Loveno,2022,totale,addetti,4.7
017131,Paisco Loveno,2023,0-9,addetti,4.0
017131,Paisco Loveno,2023,totale,addetti,4.0
017131,Paisco Loveno,2018,0-9,unita_locali,6
017131,Paisco Loveno,2018,totale,unita_locali,6
017131,Paisco Loveno,2019,0-9,unita_locali,5
017131,Paisco Loveno,2019,totale,unita_locali,5
017131,Paisco Loveno,2020,0-9,unita_locali,4
017131,Paisco Loveno,2020,totale,unita_locali,4
017131,Paisco Loveno,2021,0-9,unita_locali,5
017131,Paisco Loveno,2021,totale,unita_locali,5
017131,Paisco Loveno,2022,0-9,unita_locali,4
017131,Paisco Loveno,2022,totale,unita_locali,4
017131,Paisco Loveno,2023,0-9,unita_locali,3
017131,Paisco Loveno,2023,totale,unita_locali,3
017132,Paitone,2018,0-9,addetti,370.2
017132,Paitone,2018,10-49,addetti,280.2
017132,Paitone,2018,50-249,addetti,85.5
017132,Paitone,2018,totale,addetti,736.0
017132,Paitone,2019,0-9,addetti,396.6
017132,Paitone,2019,10-49,addetti,273.3
017132,Paitone,2019,50-249,addetti,147.1
017132,Paitone,2019,totale,addetti,817.0
017132,Paitone,2020,0-9,addetti,375.7
017132,Paitone,2020,10-49,addetti,206.3
017132,Paitone,2020,50-249,addetti,254.7
017132,Paitone,2020,totale,addetti,836.7
017132,Paitone,2021,0-9,addetti,404.2
017132,Paitone,2021,10-49,addetti,207.2
017132,Paitone,2021,50-249,addetti,334.3
017132,Paitone,2021,totale,addetti,945.7
017132,Paitone,2022,0-9,addetti,383.9
017132,Paitone,2022,10-49,addetti,239.2
017132,Paitone,2022,50-249,addetti,301.6
017132,Paitone,2022,totale,addetti,924.7
017132,Paitone,2023,0-9,addetti,386.7
017132,Paitone,2023,10-49,addetti,251.0
017132,Paitone,2023,50-249,addetti,347.3
017132,Paitone,2023,totale,addetti,985.1
017132,Paitone,2018,0-9,unita_locali,165
017132,Paitone,2018,10-49,unita_locali,15
017132,Paitone,2018,50-249,unita_locali,1
017132,Paitone,2018,totale,unita_locali,181
017132,Paitone,2019,0-9,unita_locali,179
017132,Paitone,2019,10-49,unita_locali,14
017132,Paitone,2019,50-249,unita_locali,2
017132,Paitone,2019,totale,unita_locali,195
017132,Paitone,2020,0-9,unita_locali,175
017132,Paitone,2020,10-49,unita_locali,12
017132,Paitone,2020,50-249,unita_locali,3
017132,Paitone,2020,totale,unita_locali,190
017132,Paitone,2021,0-9,unita_locali,175
017132,Paitone,2021,10-49,unita_locali,12
017132,Paitone,2021,50-249,unita_locali,4
017132,Paitone,2021,totale,unita_locali,191
017132,Paitone,2022,0-9,unita_locali,181
017132,Paitone,2022,10-49,unita_locali,13
017132,Paitone,2022,50-249,unita_locali,3
017132,Paitone,2022,totale,unita_locali,197
017132,Paitone,2023,0-9,unita_locali,187
017132,Paitone,2023,10-49,unita_locali,14
017132,Paitone,2023,50-249,unita_locali,3
017132,Paitone,2023,totale,unita_locali,204
017133,Palazzolo sull'Oglio,2018,0-9,addetti,3153.6
017133,Palazzolo sull'Oglio,2018,10-49,addetti,1890.8
017133,Palazzolo sull'Oglio,2018,250+,addetti,270.9
017133,Palazzolo sull'Oglio,2018,50-249,addetti,1305.6
017133,Palazzolo sull'Oglio,2018,totale,addetti,6621.0
017133,Palazzolo sull'Oglio,2019,0-9,addetti,3133.9
017133,Palazzolo sull'Oglio,2019,10-49,addetti,2008.6
017133,Palazzolo sull'Oglio,2019,250+,addetti,269.1
017133,Palazzolo sull'Oglio,2019,50-249,addetti,1296.3
017133,Palazzolo sull'Oglio,2019,totale,addetti,6707.9
017133,Palazzolo sull'Oglio,2020,0-9,addetti,3179.3
017133,Palazzolo sull'Oglio,2020,10-49,addetti,2040.9
017133,Palazzolo sull'Oglio,2020,250+,addetti,252.7
017133,Palazzolo sull'Oglio,2020,50-249,addetti,1388.9
017133,Palazzolo sull'Oglio,2020,totale,addetti,6861.7
017133,Palazzolo sull'Oglio,2021,0-9,addetti,3181.9
017133,Palazzolo sull'Oglio,2021,10-49,addetti,2214.8
017133,Palazzolo sull'Oglio,2021,50-249,addetti,1608.5
017133,Palazzolo sull'Oglio,2021,totale,addetti,7005.2
017133,Palazzolo sull'Oglio,2022,0-9,addetti,3246.0
017133,Palazzolo sull'Oglio,2022,10-49,addetti,2160.2
017133,Palazzolo sull'Oglio,2022,250+,addetti,251.8
017133,Palazzolo sull'Oglio,2022,50-249,addetti,1540.9
017133,Palazzolo sull'Oglio,2022,totale,addetti,7199.0
017133,Palazzolo sull'Oglio,2023,0-9,addetti,3206.9
017133,Palazzolo sull'Oglio,2023,10-49,addetti,2436.9
017133,Palazzolo sull'Oglio,2023,250+,addetti,249.7
017133,Palazzolo sull'Oglio,2023,50-249,addetti,1497.8
017133,Palazzolo sull'Oglio,2023,totale,addetti,7391.3
017133,Palazzolo sull'Oglio,2018,0-9,unita_locali,1600
017133,Palazzolo sull'Oglio,2018,10-49,unita_locali,101
017133,Palazzolo sull'Oglio,2018,250+,unita_locali,1
017133,Palazzolo sull'Oglio,2018,50-249,unita_locali,15
017133,Palazzolo sull'Oglio,2018,totale,unita_locali,1717
017133,Palazzolo sull'Oglio,2019,0-9,unita_locali,1582
017133,Palazzolo sull'Oglio,2019,10-49,unita_locali,105
017133,Palazzolo sull'Oglio,2019,250+,unita_locali,1
017133,Palazzolo sull'Oglio,2019,50-249,unita_locali,14
017133,Palazzolo sull'Oglio,2019,totale,unita_locali,1702
017133,Palazzolo sull'Oglio,2020,0-9,unita_locali,1608
017133,Palazzolo sull'Oglio,2020,10-49,unita_locali,105
017133,Palazzolo sull'Oglio,2020,250+,unita_locali,1
017133,Palazzolo sull'Oglio,2020,50-249,unita_locali,16
017133,Palazzolo sull'Oglio,2020,totale,unita_locali,1730
017133,Palazzolo sull'Oglio,2021,0-9,unita_locali,1634
017133,Palazzolo sull'Oglio,2021,10-49,unita_locali,118
017133,Palazzolo sull'Oglio,2021,50-249,unita_locali,17
017133,Palazzolo sull'Oglio,2021,totale,unita_locali,1769
017133,Palazzolo sull'Oglio,2022,0-9,unita_locali,1711
017133,Palazzolo sull'Oglio,2022,10-49,unita_locali,119
017133,Palazzolo sull'Oglio,2022,250+,unita_locali,1
017133,Palazzolo sull'Oglio,2022,50-249,unita_locali,19
017133,Palazzolo sull'Oglio,2022,totale,unita_locali,1850
017133,Palazzolo sull'Oglio,2023,0-9,unita_locali,1736
017133,Palazzolo sull'Oglio,2023,10-49,unita_locali,130
017133,Palazzolo sull'Oglio,2023,250+,unita_locali,1
017133,Palazzolo sull'Oglio,2023,50-249,unita_locali,19
017133,Palazzolo sull'Oglio,2023,totale,unita_locali,1886
017134,Paratico,2018,0-9,addetti,807.2
017134,Paratico,2018,10-49,addetti,463.9
017134,Paratico,2018,50-249,addetti,338.3
017134,Paratico,2018,totale,addetti,1609.3
017134,Paratico,2019,0-9,addetti,865.3
017134,Paratico,2019,10-49,addetti,447.9
017134,Paratico,2019,50-249,addetti,372.7
017134,Paratico,2019,totale,addetti,1686.0
017134,Paratico,2020,0-9,addetti,909.0
017134,Paratico,2020,10-49,addetti,414.4
017134,Paratico,2020,50-249,addetti,546.5
017134,Paratico,2020,totale,addetti,1869.9
017134,Paratico,2021,0-9,addetti,857.1
017134,Paratico,2021,10-49,addetti,503.0
017134,Paratico,2021,50-249,addetti,589.7
017134,Paratico,2021,totale,addetti,1949.9
017134,Paratico,2022,0-9,addetti,883.8
017134,Paratico,2022,10-49,addetti,523.9
017134,Paratico,2022,50-249,addetti,565.4
017134,Paratico,2022,totale,addetti,1973.2
017134,Paratico,2023,0-9,addetti,898.0
017134,Paratico,2023,10-49,addetti,592.4
017134,Paratico,2023,50-249,addetti,564.0
017134,Paratico,2023,totale,addetti,2054.4
017134,Paratico,2018,0-9,unita_locali,425
017134,Paratico,2018,10-49,unita_locali,31
017134,Paratico,2018,50-249,unita_locali,4
017134,Paratico,2018,totale,unita_locali,460
017134,Paratico,2019,0-9,unita_locali,444
017134,Paratico,2019,10-49,unita_locali,30
017134,Paratico,2019,50-249,unita_locali,4
017134,Paratico,2019,totale,unita_locali,478
017134,Paratico,2020,0-9,unita_locali,461
017134,Paratico,2020,10-49,unita_locali,25
017134,Paratico,2020,50-249,unita_locali,5
017134,Paratico,2020,totale,unita_locali,491
017134,Paratico,2021,0-9,unita_locali,466
017134,Paratico,2021,10-49,unita_locali,34
017134,Paratico,2021,50-249,unita_locali,5
017134,Paratico,2021,totale,unita_locali,505
017134,Paratico,2022,0-9,unita_locali,477
017134,Paratico,2022,10-49,unita_locali,35
017134,Paratico,2022,50-249,unita_locali,5
017134,Paratico,2022,totale,unita_locali,517
017134,Paratico,2023,0-9,unita_locali,471
017134,Paratico,2023,10-49,unita_locali,39
017134,Paratico,2023,50-249,unita_locali,5
017134,Paratico,2023,totale,unita_locali,515
017135,Paspardo,2018,0-9,addetti,33.4
017135,Paspardo,2018,totale,addetti,33.4
017135,Paspardo,2019,0-9,addetti,29.4
017135,Paspardo,2019,totale,addetti,29.4
017135,Paspardo,2020,0-9,addetti,28.2
017135,Paspardo,2020,totale,addetti,28.2
017135,Paspardo,2021,0-9,addetti,28.7
017135,Paspardo,2021,totale,addetti,28.7
017135,Paspardo,2022,0-9,addetti,28.2
017135,Paspardo,2022,totale,addetti,28.2
017135,Paspardo,2023,0-9,addetti,35.1
017135,Paspardo,2023,totale,addetti,35.1
017135,Paspardo,2018,0-9,unita_locali,22
017135,Paspardo,2018,totale,unita_locali,22
017135,Paspardo,2019,0-9,unita_locali,20
017135,Paspardo,2019,totale,unita_locali,20
017135,Paspardo,2020,0-9,unita_locali,17
017135,Paspardo,2020,totale,unita_locali,17
017135,Paspardo,2021,0-9,unita_locali,19
017135,Paspardo,2021,totale,unita_locali,19
017135,Paspardo,2022,0-9,unita_locali,19
017135,Paspardo,2022,totale,unita_locali,19
017135,Paspardo,2023,0-9,unita_locali,22
017135,Paspardo,2023,totale,unita_locali,22
017136,Passirano,2018,0-9,addetti,1095.8
017136,Passirano,2018,10-49,addetti,886.1
017136,Passirano,2018,250+,addetti,414.7
017136,Passirano,2018,50-249,addetti,586.2
017136,Passirano,2018,totale,addetti,2982.8
017136,Passirano,2019,0-9,addetti,1120.2
017136,Passirano,2019,10-49,addetti,817.8
017136,Passirano,2019,250+,addetti,465.8
017136,Passirano,2019,50-249,addetti,723.7
017136,Passirano,2019,totale,addetti,3127.4
017136,Passirano,2020,0-9,addetti,1145.8
017136,Passirano,2020,10-49,addetti,816.6
017136,Passirano,2020,250+,addetti,454.6
017136,Passirano,2020,50-249,addetti,717.7
017136,Passirano,2020,totale,addetti,3134.7
017136,Passirano,2021,0-9,addetti,1149.4
017136,Passirano,2021,10-49,addetti,836.1
017136,Passirano,2021,250+,addetti,445.9
017136,Passirano,2021,50-249,addetti,707.0
017136,Passirano,2021,totale,addetti,3138.4
017136,Passirano,2022,0-9,addetti,1184.6
017136,Passirano,2022,10-49,addetti,858.5
017136,Passirano,2022,250+,addetti,438.6
017136,Passirano,2022,50-249,addetti,584.6
017136,Passirano,2022,totale,addetti,3066.4
017136,Passirano,2023,0-9,addetti,1194.8
017136,Passirano,2023,10-49,addetti,916.1
017136,Passirano,2023,250+,addetti,425.8
017136,Passirano,2023,50-249,addetti,719.2
017136,Passirano,2023,totale,addetti,3255.9
017136,Passirano,2018,0-9,unita_locali,553
017136,Passirano,2018,10-49,unita_locali,45
017136,Passirano,2018,250+,unita_locali,1
017136,Passirano,2018,50-249,unita_locali,6
017136,Passirano,2018,totale,unita_locali,605
017136,Passirano,2019,0-9,unita_locali,550
017136,Passirano,2019,10-49,unita_locali,43
017136,Passirano,2019,250+,unita_locali,1
017136,Passirano,2019,50-249,unita_locali,8
017136,Passirano,2019,totale,unita_locali,602
017136,Passirano,2020,0-9,unita_locali,567
017136,Passirano,2020,10-49,unita_locali,41
017136,Passirano,2020,250+,unita_locali,1
017136,Passirano,2020,50-249,unita_locali,8
017136,Passirano,2020,totale,unita_locali,617
017136,Passirano,2021,0-9,unita_locali,588
017136,Passirano,2021,10-49,unita_locali,44
017136,Passirano,2021,250+,unita_locali,1
017136,Passirano,2021,50-249,unita_locali,8
017136,Passirano,2021,totale,unita_locali,641
017136,Passirano,2022,0-9,unita_locali,622
017136,Passirano,2022,10-49,unita_locali,42
017136,Passirano,2022,250+,unita_locali,1
017136,Passirano,2022,50-249,unita_locali,6
017136,Passirano,2022,totale,unita_locali,671
017136,Passirano,2023,0-9,unita_locali,638
017136,Passirano,2023,10-49,unita_locali,43
017136,Passirano,2023,250+,unita_locali,1
017136,Passirano,2023,50-249,unita_locali,7
017136,Passirano,2023,totale,unita_locali,689
017137,Pavone del Mella,2018,0-9,addetti,388.5
017137,Pavone del Mella,2018,10-49,addetti,261.6
017137,Pavone del Mella,2018,250+,addetti,277.5
017137,Pavone del Mella,2018,50-249,addetti,238.2
017137,Pavone del Mella,2018,totale,addetti,1165.9
017137,Pavone del Mella,2019,0-9,addetti,354.6
017137,Pavone del Mella,2019,10-49,addetti,282.2
017137,Pavone del Mella,2019,250+,addetti,283.0
017137,Pavone del Mella,2019,50-249,addetti,256.0
017137,Pavone del Mella,2019,totale,addetti,1175.8
017137,Pavone del Mella,2020,0-9,addetti,400.2
017137,Pavone del Mella,2020,10-49,addetti,207.2
017137,Pavone del Mella,2020,250+,addetti,278.9
017137,Pavone del Mella,2020,50-249,addetti,252.2
017137,Pavone del Mella,2020,totale,addetti,1138.5
017137,Pavone del Mella,2021,0-9,addetti,344.5
017137,Pavone del Mella,2021,10-49,addetti,259.5
017137,Pavone del Mella,2021,250+,addetti,263.6
017137,Pavone del Mella,2021,50-249,addetti,262.0
017137,Pavone del Mella,2021,totale,addetti,1129.6
017137,Pavone del Mella,2022,0-9,addetti,355.3
017137,Pavone del Mella,2022,10-49,addetti,239.1
017137,Pavone del Mella,2022,50-249,addetti,603.6
017137,Pavone del Mella,2022,totale,addetti,1198.0
017137,Pavone del Mella,2023,0-9,addetti,346.3
017137,Pavone del Mella,2023,10-49,addetti,262.5
017137,Pavone del Mella,2023,250+,addetti,281.9
017137,Pavone del Mella,2023,50-249,addetti,365.6
017137,Pavone del Mella,2023,totale,addetti,1256.4
017137,Pavone del Mella,2018,0-9,unita_locali,188
017137,Pavone del Mella,2018,10-49,unita_locali,13
017137,Pavone del Mella,2018,250+,unita_locali,1
017137,Pavone del Mella,2018,50-249,unita_locali,2
017137,Pavone del Mella,2018,totale,unita_locali,204
017137,Pavone del Mella,2019,0-9,unita_locali,168
017137,Pavone del Mella,2019,10-49,unita_locali,14
017137,Pavone del Mella,2019,250+,unita_locali,1
017137,Pavone del Mella,2019,50-249,unita_locali,2
017137,Pavone del Mella,2019,totale,unita_locali,185
017137,Pavone del Mella,2020,0-9,unita_locali,179
017137,Pavone del Mella,2020,10-49,unita_locali,10
017137,Pavone del Mella,2020,250+,unita_locali,1
017137,Pavone del Mella,2020,50-249,unita_locali,2
017137,Pavone del Mella,2020,totale,unita_locali,192
017137,Pavone del Mella,2021,0-9,unita_locali,169
017137,Pavone del Mella,2021,10-49,unita_locali,13
017137,Pavone del Mella,2021,250+,unita_locali,1
017137,Pavone del Mella,2021,50-249,unita_locali,2
017137,Pavone del Mella,2021,totale,unita_locali,185
017137,Pavone del Mella,2022,0-9,unita_locali,180
017137,Pavone del Mella,2022,10-49,unita_locali,14
017137,Pavone del Mella,2022,50-249,unita_locali,4
017137,Pavone del Mella,2022,totale,unita_locali,198
017137,Pavone del Mella,2023,0-9,unita_locali,181
017137,Pavone del Mella,2023,10-49,unita_locali,15
017137,Pavone del Mella,2023,250+,unita_locali,1
017137,Pavone del Mella,2023,50-249,unita_locali,3
017137,Pavone del Mella,2023,totale,unita_locali,200
017138,San Paolo,2018,0-9,addetti,524.3
017138,San Paolo,2018,10-49,addetti,271.5
017138,San Paolo,2018,50-249,addetti,172.6
017138,San Paolo,2018,totale,addetti,968.4
017138,San Paolo,2019,0-9,addetti,522.0
017138,San Paolo,2019,10-49,addetti,314.6
017138,San Paolo,2019,50-249,addetti,116.1
017138,San Paolo,2019,totale,addetti,952.6
017138,San Paolo,2020,0-9,addetti,543.7
017138,San Paolo,2020,10-49,addetti,278.0
017138,San Paolo,2020,50-249,addetti,188.1
017138,San Paolo,2020,totale,addetti,1009.8
017138,San Paolo,2021,0-9,addetti,572.3
017138,San Paolo,2021,10-49,addetti,273.3
017138,San Paolo,2021,50-249,addetti,213.0
017138,San Paolo,2021,totale,addetti,1058.6
017138,San Paolo,2022,0-9,addetti,573.0
017138,San Paolo,2022,10-49,addetti,248.9
017138,San Paolo,2022,50-249,addetti,232.1
017138,San Paolo,2022,totale,addetti,1054.0
017138,San Paolo,2023,0-9,addetti,555.1
017138,San Paolo,2023,10-49,addetti,258.1
017138,San Paolo,2023,50-249,addetti,224.9
017138,San Paolo,2023,totale,addetti,1038.2
017138,San Paolo,2018,0-9,unita_locali,274
017138,San Paolo,2018,10-49,unita_locali,16
017138,San Paolo,2018,50-249,unita_locali,2
017138,San Paolo,2018,totale,unita_locali,292
017138,San Paolo,2019,0-9,unita_locali,272
017138,San Paolo,2019,10-49,unita_locali,16
017138,San Paolo,2019,50-249,unita_locali,1
017138,San Paolo,2019,totale,unita_locali,289
017138,San Paolo,2020,0-9,unita_locali,290
017138,San Paolo,2020,10-49,unita_locali,14
017138,San Paolo,2020,50-249,unita_locali,2
017138,San Paolo,2020,totale,unita_locali,306
017138,San Paolo,2021,0-9,unita_locali,296
017138,San Paolo,2021,10-49,unita_locali,14
017138,San Paolo,2021,50-249,unita_locali,2
017138,San Paolo,2021,totale,unita_locali,312
017138,San Paolo,2022,0-9,unita_locali,308
017138,San Paolo,2022,10-49,unita_locali,12
017138,San Paolo,2022,50-249,unita_locali,2
017138,San Paolo,2022,totale,unita_locali,322
017138,San Paolo,2023,0-9,unita_locali,297
017138,San Paolo,2023,10-49,unita_locali,14
017138,San Paolo,2023,50-249,unita_locali,2
017138,San Paolo,2023,totale,unita_locali,313
017139,Pertica Alta,2018,0-9,addetti,35.3
017139,Pertica Alta,2018,totale,addetti,35.3
017139,Pertica Alta,2019,0-9,addetti,33.7
017139,Pertica Alta,2019,totale,addetti,33.7
017139,Pertica Alta,2020,0-9,addetti,34.2
017139,Pertica Alta,2020,totale,addetti,34.2
017139,Pertica Alta,2021,0-9,addetti,33.4
017139,Pertica Alta,2021,totale,addetti,33.4
017139,Pertica Alta,2022,0-9,addetti,30.7
017139,Pertica Alta,2022,totale,addetti,30.7
017139,Pertica Alta,2023,0-9,addetti,36.4
017139,Pertica Alta,2023,totale,addetti,36.4
017139,Pertica Alta,2018,0-9,unita_locali,28
017139,Pertica Alta,2018,totale,unita_locali,28
017139,Pertica Alta,2019,0-9,unita_locali,26
017139,Pertica Alta,2019,totale,unita_locali,26
017139,Pertica Alta,2020,0-9,unita_locali,24
017139,Pertica Alta,2020,totale,unita_locali,24
017139,Pertica Alta,2021,0-9,unita_locali,26
017139,Pertica Alta,2021,totale,unita_locali,26
017139,Pertica Alta,2022,0-9,unita_locali,22
017139,Pertica Alta,2022,totale,unita_locali,22
017139,Pertica Alta,2023,0-9,unita_locali,27
017139,Pertica Alta,2023,totale,unita_locali,27
017140,Pertica Bassa,2018,0-9,addetti,39.9
017140,Pertica Bassa,2018,totale,addetti,39.9
017140,Pertica Bassa,2019,0-9,addetti,38.8
017140,Pertica Bassa,2019,totale,addetti,38.8
017140,Pertica Bassa,2020,0-9,addetti,37.9
017140,Pertica Bassa,2020,totale,addetti,37.9
017140,Pertica Bassa,2021,0-9,addetti,40.9
017140,Pertica Bassa,2021,totale,addetti,40.9
017140,Pertica Bassa,2022,0-9,addetti,31.8
017140,Pertica Bassa,2022,totale,addetti,31.8
017140,Pertica Bassa,2023,0-9,addetti,32.0
017140,Pertica Bassa,2023,totale,addetti,32.0
017140,Pertica Bassa,2018,0-9,unita_locali,29
017140,Pertica Bassa,2018,totale,unita_locali,29
017140,Pertica Bassa,2019,0-9,unita_locali,25
017140,Pertica Bassa,2019,totale,unita_locali,25
017140,Pertica Bassa,2020,0-9,unita_locali,27
017140,Pertica Bassa,2020,totale,unita_locali,27
017140,Pertica Bassa,2021,0-9,unita_locali,27
017140,Pertica Bassa,2021,totale,unita_locali,27
017140,Pertica Bassa,2022,0-9,unita_locali,24
017140,Pertica Bassa,2022,totale,unita_locali,24
017140,Pertica Bassa,2023,0-9,unita_locali,23
017140,Pertica Bassa,2023,totale,unita_locali,23
017141,Pezzaze,2018,0-9,addetti,124.4
017141,Pezzaze,2018,10-49,addetti,43.4
017141,Pezzaze,2018,totale,addetti,167.8
017141,Pezzaze,2019,0-9,addetti,109.1
017141,Pezzaze,2019,10-49,addetti,43.7
017141,Pezzaze,2019,totale,addetti,152.8
017141,Pezzaze,2020,0-9,addetti,121.9
017141,Pezzaze,2020,10-49,addetti,47.5
017141,Pezzaze,2020,totale,addetti,169.4
017141,Pezzaze,2021,0-9,addetti,127.5
017141,Pezzaze,2021,10-49,addetti,45.2
017141,Pezzaze,2021,totale,addetti,172.7
017141,Pezzaze,2022,0-9,addetti,134.0
017141,Pezzaze,2022,10-49,addetti,44.6
017141,Pezzaze,2022,totale,addetti,178.6
017141,Pezzaze,2023,0-9,addetti,119.7
017141,Pezzaze,2023,10-49,addetti,58.4
017141,Pezzaze,2023,totale,addetti,178.1
017141,Pezzaze,2018,0-9,unita_locali,76
017141,Pezzaze,2018,10-49,unita_locali,2
017141,Pezzaze,2018,totale,unita_locali,78
017141,Pezzaze,2019,0-9,unita_locali,70
017141,Pezzaze,2019,10-49,unita_locali,2
017141,Pezzaze,2019,totale,unita_locali,72
017141,Pezzaze,2020,0-9,unita_locali,78
017141,Pezzaze,2020,10-49,unita_locali,2
017141,Pezzaze,2020,totale,unita_locali,80
017141,Pezzaze,2021,0-9,unita_locali,78
017141,Pezzaze,2021,10-49,unita_locali,2
017141,Pezzaze,2021,totale,unita_locali,80
017141,Pezzaze,2022,0-9,unita_locali,76
017141,Pezzaze,2022,10-49,unita_locali,2
017141,Pezzaze,2022,totale,unita_locali,78
017141,Pezzaze,2023,0-9,unita_locali,76
017141,Pezzaze,2023,10-49,unita_locali,3
017141,Pezzaze,2023,totale,unita_locali,79
017142,Pian Camuno,2018,0-9,addetti,851.3
017142,Pian Camuno,2018,10-49,addetti,790.7
017142,Pian Camuno,2018,50-249,addetti,483.0
017142,Pian Camuno,2018,totale,addetti,2125.0
017142,Pian Camuno,2019,0-9,addetti,893.7
017142,Pian Camuno,2019,10-49,addetti,802.7
017142,Pian Camuno,2019,50-249,addetti,552.3
017142,Pian Camuno,2019,totale,addetti,2248.7
017142,Pian Camuno,2020,0-9,addetti,889.2
017142,Pian Camuno,2020,10-49,addetti,835.1
017142,Pian Camuno,2020,50-249,addetti,502.3
017142,Pian Camuno,2020,totale,addetti,2226.6
017142,Pian Camuno,2021,0-9,addetti,868.3
017142,Pian Camuno,2021,10-49,addetti,790.4
017142,Pian Camuno,2021,50-249,addetti,667.3
017142,Pian Camuno,2021,totale,addetti,2326.0
017142,Pian Camuno,2022,0-9,addetti,876.7
017142,Pian Camuno,2022,10-49,addetti,879.8
017142,Pian Camuno,2022,50-249,addetti,585.9
017142,Pian Camuno,2022,totale,addetti,2342.4
017142,Pian Camuno,2023,0-9,addetti,822.3
017142,Pian Camuno,2023,10-49,addetti,918.8
017142,Pian Camuno,2023,50-249,addetti,659.9
017142,Pian Camuno,2023,totale,addetti,2401.0
017142,Pian Camuno,2018,0-9,unita_locali,387
017142,Pian Camuno,2018,10-49,unita_locali,44
017142,Pian Camuno,2018,50-249,unita_locali,4
017142,Pian Camuno,2018,totale,unita_locali,435
017142,Pian Camuno,2019,0-9,unita_locali,403
017142,Pian Camuno,2019,10-49,unita_locali,43
017142,Pian Camuno,2019,50-249,unita_locali,5
017142,Pian Camuno,2019,totale,unita_locali,451
017142,Pian Camuno,2020,0-9,unita_locali,410
017142,Pian Camuno,2020,10-49,unita_locali,45
017142,Pian Camuno,2020,50-249,unita_locali,4
017142,Pian Camuno,2020,totale,unita_locali,459
017142,Pian Camuno,2021,0-9,unita_locali,410
017142,Pian Camuno,2021,10-49,unita_locali,45
017142,Pian Camuno,2021,50-249,unita_locali,6
017142,Pian Camuno,2021,totale,unita_locali,461
017142,Pian Camuno,2022,0-9,unita_locali,411
017142,Pian Camuno,2022,10-49,unita_locali,49
017142,Pian Camuno,2022,50-249,unita_locali,5
017142,Pian Camuno,2022,totale,unita_locali,465
017142,Pian Camuno,2023,0-9,unita_locali,403
017142,Pian Camuno,2023,10-49,unita_locali,53
017142,Pian Camuno,2023,50-249,unita_locali,6
017142,Pian Camuno,2023,totale,unita_locali,462
017143,Pisogne,2018,0-9,addetti,1191.7
017143,Pisogne,2018,10-49,addetti,1010.7
017143,Pisogne,2018,250+,addetti,348.9
017143,Pisogne,2018,50-249,addetti,284.9
017143,Pisogne,2018,totale,addetti,2836.3
017143,Pisogne,2019,0-9,addetti,1253.4
017143,Pisogne,2019,10-49,addetti,924.5
017143,Pisogne,2019,250+,addetti,343.8
017143,Pisogne,2019,50-249,addetti,401.0
017143,Pisogne,2019,totale,addetti,2922.7
017143,Pisogne,2020,0-9,addetti,1200.0
017143,Pisogne,2020,10-49,addetti,985.9
017143,Pisogne,2020,250+,addetti,353.9
017143,Pisogne,2020,50-249,addetti,409.9
017143,Pisogne,2020,totale,addetti,2949.7
017143,Pisogne,2021,0-9,addetti,1233.1
017143,Pisogne,2021,10-49,addetti,886.2
017143,Pisogne,2021,250+,addetti,430.9
017143,Pisogne,2021,50-249,addetti,511.5
017143,Pisogne,2021,totale,addetti,3061.7
017143,Pisogne,2022,0-9,addetti,1303.4
017143,Pisogne,2022,10-49,addetti,960.5
017143,Pisogne,2022,250+,addetti,443.3
017143,Pisogne,2022,50-249,addetti,370.6
017143,Pisogne,2022,totale,addetti,3077.7
017143,Pisogne,2023,0-9,addetti,1343.4
017143,Pisogne,2023,10-49,addetti,836.1
017143,Pisogne,2023,250+,addetti,447.8
017143,Pisogne,2023,50-249,addetti,418.6
017143,Pisogne,2023,totale,addetti,3045.8
017143,Pisogne,2018,0-9,unita_locali,592
017143,Pisogne,2018,10-49,unita_locali,51
017143,Pisogne,2018,250+,unita_locali,1
017143,Pisogne,2018,50-249,unita_locali,3
017143,Pisogne,2018,totale,unita_locali,647
017143,Pisogne,2019,0-9,unita_locali,600
017143,Pisogne,2019,10-49,unita_locali,47
017143,Pisogne,2019,250+,unita_locali,1
017143,Pisogne,2019,50-249,unita_locali,5
017143,Pisogne,2019,totale,unita_locali,653
017143,Pisogne,2020,0-9,unita_locali,604
017143,Pisogne,2020,10-49,unita_locali,49
017143,Pisogne,2020,250+,unita_locali,1
017143,Pisogne,2020,50-249,unita_locali,5
017143,Pisogne,2020,totale,unita_locali,659
017143,Pisogne,2021,0-9,unita_locali,630
017143,Pisogne,2021,10-49,unita_locali,47
017143,Pisogne,2021,250+,unita_locali,1
017143,Pisogne,2021,50-249,unita_locali,6
017143,Pisogne,2021,totale,unita_locali,684
017143,Pisogne,2022,0-9,unita_locali,667
017143,Pisogne,2022,10-49,unita_locali,51
017143,Pisogne,2022,250+,unita_locali,1
017143,Pisogne,2022,50-249,unita_locali,5
017143,Pisogne,2022,totale,unita_locali,724
017143,Pisogne,2023,0-9,unita_locali,687
017143,Pisogne,2023,10-49,unita_locali,46
017143,Pisogne,2023,250+,unita_locali,1
017143,Pisogne,2023,50-249,unita_locali,6
017143,Pisogne,2023,totale,unita_locali,740
017144,Polaveno,2018,0-9,addetti,297.2
017144,Polaveno,2018,10-49,addetti,313.9
017144,Polaveno,2018,50-249,addetti,139.1
017144,Polaveno,2018,totale,addetti,750.1
017144,Polaveno,2019,0-9,addetti,296.0
017144,Polaveno,2019,10-49,addetti,362.6
017144,Polaveno,2019,50-249,addetti,87.0
017144,Polaveno,2019,totale,addetti,745.6
017144,Polaveno,2020,0-9,addetti,283.8
017144,Polaveno,2020,10-49,addetti,394.7
017144,Polaveno,2020,50-249,addetti,86.8
017144,Polaveno,2020,totale,addetti,765.3
017144,Polaveno,2021,0-9,addetti,283.5
017144,Polaveno,2021,10-49,addetti,405.8
017144,Polaveno,2021,50-249,addetti,85.6
017144,Polaveno,2021,totale,addetti,774.9
017144,Polaveno,2022,0-9,addetti,308.4
017144,Polaveno,2022,10-49,addetti,399.6
017144,Polaveno,2022,50-249,addetti,86.1
017144,Polaveno,2022,totale,addetti,794.1
017144,Polaveno,2023,0-9,addetti,314.9
017144,Polaveno,2023,10-49,addetti,368.3
017144,Polaveno,2023,50-249,addetti,143.1
017144,Polaveno,2023,totale,addetti,826.3
017144,Polaveno,2018,0-9,unita_locali,133
017144,Polaveno,2018,10-49,unita_locali,16
017144,Polaveno,2018,50-249,unita_locali,2
017144,Polaveno,2018,totale,unita_locali,151
017144,Polaveno,2019,0-9,unita_locali,131
017144,Polaveno,2019,10-49,unita_locali,17
017144,Polaveno,2019,50-249,unita_locali,1
017144,Polaveno,2019,totale,unita_locali,149
017144,Polaveno,2020,0-9,unita_locali,142
017144,Polaveno,2020,10-49,unita_locali,19
017144,Polaveno,2020,50-249,unita_locali,1
017144,Polaveno,2020,totale,unita_locali,162
017144,Polaveno,2021,0-9,unita_locali,149
017144,Polaveno,2021,10-49,unita_locali,19
017144,Polaveno,2021,50-249,unita_locali,1
017144,Polaveno,2021,totale,unita_locali,169
017144,Polaveno,2022,0-9,unita_locali,156
017144,Polaveno,2022,10-49,unita_locali,18
017144,Polaveno,2022,50-249,unita_locali,1
017144,Polaveno,2022,totale,unita_locali,175
017144,Polaveno,2023,0-9,unita_locali,154
017144,Polaveno,2023,10-49,unita_locali,16
017144,Polaveno,2023,50-249,unita_locali,2
017144,Polaveno,2023,totale,unita_locali,172
017145,Polpenazze del Garda,2018,0-9,addetti,342.3
017145,Polpenazze del Garda,2018,10-49,addetti,110.1
017145,Polpenazze del Garda,2018,50-249,addetti,375.6
017145,Polpenazze del Garda,2018,totale,addetti,828.0
017145,Polpenazze del Garda,2019,0-9,addetti,328.0
017145,Polpenazze del Garda,2019,10-49,addetti,122.8
017145,Polpenazze del Garda,2019,50-249,addetti,435.1
017145,Polpenazze del Garda,2019,totale,addetti,885.9
017145,Polpenazze del Garda,2020,0-9,addetti,345.9
017145,Polpenazze del Garda,2020,10-49,addetti,215.3
017145,Polpenazze del Garda,2020,50-249,addetti,466.4
017145,Polpenazze del Garda,2020,totale,addetti,1027.6
017145,Polpenazze del Garda,2021,0-9,addetti,327.1
017145,Polpenazze del Garda,2021,10-49,addetti,257.7
017145,Polpenazze del Garda,2021,50-249,addetti,483.5
017145,Polpenazze del Garda,2021,totale,addetti,1068.3
017145,Polpenazze del Garda,2022,0-9,addetti,362.0
017145,Polpenazze del Garda,2022,10-49,addetti,170.1
017145,Polpenazze del Garda,2022,250+,addetti,535.6
017145,Polpenazze del Garda,2022,50-249,addetti,52.5
017145,Polpenazze del Garda,2022,totale,addetti,1120.3
017145,Polpenazze del Garda,2023,0-9,addetti,362.3
017145,Polpenazze del Garda,2023,10-49,addetti,240.7
017145,Polpenazze del Garda,2023,250+,addetti,570.9
017145,Polpenazze del Garda,2023,totale,addetti,1173.8
017145,Polpenazze del Garda,2018,0-9,unita_locali,200
017145,Polpenazze del Garda,2018,10-49,unita_locali,6
017145,Polpenazze del Garda,2018,50-249,unita_locali,2
017145,Polpenazze del Garda,2018,totale,unita_locali,208
017145,Polpenazze del Garda,2019,0-9,unita_locali,193
017145,Polpenazze del Garda,2019,10-49,unita_locali,7
017145,Polpenazze del Garda,2019,50-249,unita_locali,2
017145,Polpenazze del Garda,2019,totale,unita_locali,202
017145,Polpenazze del Garda,2020,0-9,unita_locali,208
017145,Polpenazze del Garda,2020,10-49,unita_locali,12
017145,Polpenazze del Garda,2020,50-249,unita_locali,2
017145,Polpenazze del Garda,2020,totale,unita_locali,222
017145,Polpenazze del Garda,2021,0-9,unita_locali,215
017145,Polpenazze del Garda,2021,10-49,unita_locali,14
017145,Polpenazze del Garda,2021,50-249,unita_locali,2
017145,Polpenazze del Garda,2021,totale,unita_locali,231
017145,Polpenazze del Garda,2022,0-9,unita_locali,233
017145,Polpenazze del Garda,2022,10-49,unita_locali,10
017145,Polpenazze del Garda,2022,250+,unita_locali,2
017145,Polpenazze del Garda,2022,50-249,unita_locali,1
017145,Polpenazze del Garda,2022,totale,unita_locali,246
017145,Polpenazze del Garda,2023,0-9,unita_locali,237
017145,Polpenazze del Garda,2023,10-49,unita_locali,12
017145,Polpenazze del Garda,2023,250+,unita_locali,2
017145,Polpenazze del Garda,2023,totale,unita_locali,251
017146,Pompiano,2018,0-9,addetti,349.1
017146,Pompiano,2018,10-49,addetti,166.7
017146,Pompiano,2018,50-249,addetti,192.6
017146,Pompiano,2018,totale,addetti,708.3
017146,Pompiano,2019,0-9,addetti,314.6
017146,Pompiano,2019,10-49,addetti,180.7
017146,Pompiano,2019,50-249,addetti,196.0
017146,Pompiano,2019,totale,addetti,691.3
017146,Pompiano,2020,0-9,addetti,346.9
017146,Pompiano,2020,10-49,addetti,151.7
017146,Pompiano,2020,50-249,addetti,190.2
017146,Pompiano,2020,totale,addetti,688.8
017146,Pompiano,2021,0-9,addetti,351.4
017146,Pompiano,2021,10-49,addetti,140.8
017146,Pompiano,2021,50-249,addetti,183.1
017146,Pompiano,2021,totale,addetti,675.4
017146,Pompiano,2022,0-9,addetti,370.3
017146,Pompiano,2022,10-49,addetti,133.3
017146,Pompiano,2022,50-249,addetti,181.0
017146,Pompiano,2022,totale,addetti,684.6
017146,Pompiano,2023,0-9,addetti,341.9
017146,Pompiano,2023,10-49,addetti,153.5
017146,Pompiano,2023,50-249,addetti,181.9
017146,Pompiano,2023,totale,addetti,677.3
017146,Pompiano,2018,0-9,unita_locali,181
017146,Pompiano,2018,10-49,unita_locali,9
017146,Pompiano,2018,50-249,unita_locali,1
017146,Pompiano,2018,totale,unita_locali,191
017146,Pompiano,2019,0-9,unita_locali,164
017146,Pompiano,2019,10-49,unita_locali,11
017146,Pompiano,2019,50-249,unita_locali,1
017146,Pompiano,2019,totale,unita_locali,176
017146,Pompiano,2020,0-9,unita_locali,179
017146,Pompiano,2020,10-49,unita_locali,9
017146,Pompiano,2020,50-249,unita_locali,1
017146,Pompiano,2020,totale,unita_locali,189
017146,Pompiano,2021,0-9,unita_locali,188
017146,Pompiano,2021,10-49,unita_locali,8
017146,Pompiano,2021,50-249,unita_locali,1
017146,Pompiano,2021,totale,unita_locali,197
017146,Pompiano,2022,0-9,unita_locali,185
017146,Pompiano,2022,10-49,unita_locali,7
017146,Pompiano,2022,50-249,unita_locali,1
017146,Pompiano,2022,totale,unita_locali,193
017146,Pompiano,2023,0-9,unita_locali,175
017146,Pompiano,2023,10-49,unita_locali,9
017146,Pompiano,2023,50-249,unita_locali,1
017146,Pompiano,2023,totale,unita_locali,185
017147,Poncarale,2018,0-9,addetti,664.4
017147,Poncarale,2018,10-49,addetti,434.1
017147,Poncarale,2018,50-249,addetti,50.1
017147,Poncarale,2018,totale,addetti,1148.6
017147,Poncarale,2019,0-9,addetti,661.6
017147,Poncarale,2019,10-49,addetti,474.7
017147,Poncarale,2019,50-249,addetti,53.4
017147,Poncarale,2019,totale,addetti,1189.7
017147,Poncarale,2020,0-9,addetti,680.9
017147,Poncarale,2020,10-49,addetti,486.9
017147,Poncarale,2020,50-249,addetti,57.2
017147,Poncarale,2020,totale,addetti,1224.9
017147,Poncarale,2021,0-9,addetti,686.9
017147,Poncarale,2021,10-49,addetti,537.9
017147,Poncarale,2021,50-249,addetti,60.4
017147,Poncarale,2021,totale,addetti,1285.2
017147,Poncarale,2022,0-9,addetti,699.6
017147,Poncarale,2022,10-49,addetti,603.4
017147,Poncarale,2022,50-249,addetti,59.5
017147,Poncarale,2022,totale,addetti,1362.5
017147,Poncarale,2023,0-9,addetti,764.3
017147,Poncarale,2023,10-49,addetti,561.4
017147,Poncarale,2023,50-249,addetti,58.8
017147,Poncarale,2023,totale,addetti,1384.4
017147,Poncarale,2018,0-9,unita_locali,365
017147,Poncarale,2018,10-49,unita_locali,29
017147,Poncarale,2018,50-249,unita_locali,1
017147,Poncarale,2018,totale,unita_locali,395
017147,Poncarale,2019,0-9,unita_locali,371
017147,Poncarale,2019,10-49,unita_locali,31
017147,Poncarale,2019,50-249,unita_locali,1
017147,Poncarale,2019,totale,unita_locali,403
017147,Poncarale,2020,0-9,unita_locali,389
017147,Poncarale,2020,10-49,unita_locali,31
017147,Poncarale,2020,50-249,unita_locali,1
017147,Poncarale,2020,totale,unita_locali,421
017147,Poncarale,2021,0-9,unita_locali,397
017147,Poncarale,2021,10-49,unita_locali,34
017147,Poncarale,2021,50-249,unita_locali,1
017147,Poncarale,2021,totale,unita_locali,432
017147,Poncarale,2022,0-9,unita_locali,404
017147,Poncarale,2022,10-49,unita_locali,37
017147,Poncarale,2022,50-249,unita_locali,1
017147,Poncarale,2022,totale,unita_locali,442
017147,Poncarale,2023,0-9,unita_locali,412
017147,Poncarale,2023,10-49,unita_locali,32
017147,Poncarale,2023,50-249,unita_locali,1
017147,Poncarale,2023,totale,unita_locali,445
017148,Ponte di Legno,2018,0-9,addetti,623.3
017148,Ponte di Legno,2018,10-49,addetti,292.3
017148,Ponte di Legno,2018,50-249,addetti,117.9
017148,Ponte di Legno,2018,totale,addetti,1033.5
017148,Ponte di Legno,2019,0-9,addetti,621.4
017148,Ponte di Legno,2019,10-49,addetti,315.2
017148,Ponte di Legno,2019,50-249,addetti,127.5
017148,Ponte di Legno,2019,totale,addetti,1064.0
017148,Ponte di Legno,2020,0-9,addetti,593.6
017148,Ponte di Legno,2020,10-49,addetti,280.3
017148,Ponte di Legno,2020,50-249,addetti,62.6
017148,Ponte di Legno,2020,totale,addetti,936.6
017148,Ponte di Legno,2021,0-9,addetti,577.7
017148,Ponte di Legno,2021,10-49,addetti,353.0
017148,Ponte di Legno,2021,50-249,addetti,69.6
017148,Ponte di Legno,2021,totale,addetti,1000.3
017148,Ponte di Legno,2022,0-9,addetti,629.8
017148,Ponte di Legno,2022,10-49,addetti,292.7
017148,Ponte di Legno,2022,50-249,addetti,179.9
017148,Ponte di Legno,2022,totale,addetti,1102.4
017148,Ponte di Legno,2023,0-9,addetti,580.1
017148,Ponte di Legno,2023,10-49,addetti,349.7
017148,Ponte di Legno,2023,50-249,addetti,207.4
017148,Ponte di Legno,2023,totale,addetti,1137.2
017148,Ponte di Legno,2018,0-9,unita_locali,287
017148,Ponte di Legno,2018,10-49,unita_locali,15
017148,Ponte di Legno,2018,50-249,unita_locali,2
017148,Ponte di Legno,2018,totale,unita_locali,304
017148,Ponte di Legno,2019,0-9,unita_locali,289
017148,Ponte di Legno,2019,10-49,unita_locali,16
017148,Ponte di Legno,2019,50-249,unita_locali,2
017148,Ponte di Legno,2019,totale,unita_locali,307
017148,Ponte di Legno,2020,0-9,unita_locali,306
017148,Ponte di Legno,2020,10-49,unita_locali,16
017148,Ponte di Legno,2020,50-249,unita_locali,1
017148,Ponte di Legno,2020,totale,unita_locali,323
017148,Ponte di Legno,2021,0-9,unita_locali,297
017148,Ponte di Legno,2021,10-49,unita_locali,17
017148,Ponte di Legno,2021,50-249,unita_locali,1
017148,Ponte di Legno,2021,totale,unita_locali,315
017148,Ponte di Legno,2022,0-9,unita_locali,304
017148,Ponte di Legno,2022,10-49,unita_locali,16
017148,Ponte di Legno,2022,50-249,unita_locali,3
017148,Ponte di Legno,2022,totale,unita_locali,323
017148,Ponte di Legno,2023,0-9,unita_locali,288
017148,Ponte di Legno,2023,10-49,unita_locali,19
017148,Ponte di Legno,2023,50-249,unita_locali,3
017148,Ponte di Legno,2023,totale,unita_locali,310
017149,Pontevico,2018,0-9,addetti,893.3
017149,Pontevico,2018,10-49,addetti,578.9
017149,Pontevico,2018,250+,addetti,1002.5
017149,Pontevico,2018,50-249,addetti,868.8
017149,Pontevico,2018,totale,addetti,3343.5
017149,Pontevico,2019,0-9,addetti,894.9
017149,Pontevico,2019,10-49,addetti,425.0
017149,Pontevico,2019,250+,addetti,335.6
017149,Pontevico,2019,50-249,addetti,1104.4
017149,Pontevico,2019,totale,addetti,2759.9
017149,Pontevico,2020,0-9,addetti,861.6
017149,Pontevico,2020,10-49,addetti,466.3
017149,Pontevico,2020,50-249,addetti,1178.3
017149,Pontevico,2020,totale,addetti,2506.2
017149,Pontevico,2021,0-9,addetti,876.7
017149,Pontevico,2021,10-49,addetti,610.8
017149,Pontevico,2021,50-249,addetti,1006.2
017149,Pontevico,2021,totale,addetti,2493.7
017149,Pontevico,2022,0-9,addetti,885.6
017149,Pontevico,2022,10-49,addetti,672.9
017149,Pontevico,2022,250+,addetti,255.4
017149,Pontevico,2022,50-249,addetti,824.0
017149,Pontevico,2022,totale,addetti,2638.0
017149,Pontevico,2023,0-9,addetti,873.8
017149,Pontevico,2023,10-49,addetti,645.4
017149,Pontevico,2023,50-249,addetti,1061.4
017149,Pontevico,2023,totale,addetti,2580.6
017149,Pontevico,2018,0-9,unita_locali,416
017149,Pontevico,2018,10-49,unita_locali,25
017149,Pontevico,2018,250+,unita_locali,1
017149,Pontevico,2018,50-249,unita_locali,8
017149,Pontevico,2018,totale,unita_locali,450
017149,Pontevico,2019,0-9,unita_locali,415
017149,Pontevico,2019,10-49,unita_locali,25
017149,Pontevico,2019,250+,unita_locali,1
017149,Pontevico,2019,50-249,unita_locali,11
017149,Pontevico,2019,totale,unita_locali,452
017149,Pontevico,2020,0-9,unita_locali,414
017149,Pontevico,2020,10-49,unita_locali,27
017149,Pontevico,2020,50-249,unita_locali,10
017149,Pontevico,2020,totale,unita_locali,451
017149,Pontevico,2021,0-9,unita_locali,418
017149,Pontevico,2021,10-49,unita_locali,30
017149,Pontevico,2021,50-249,unita_locali,9
017149,Pontevico,2021,totale,unita_locali,457
017149,Pontevico,2022,0-9,unita_locali,440
017149,Pontevico,2022,10-49,unita_locali,34
017149,Pontevico,2022,250+,unita_locali,1
017149,Pontevico,2022,50-249,unita_locali,8
017149,Pontevico,2022,totale,unita_locali,483
017149,Pontevico,2023,0-9,unita_locali,453
017149,Pontevico,2023,10-49,unita_locali,33
017149,Pontevico,2023,50-249,unita_locali,10
017149,Pontevico,2023,totale,unita_locali,496
017150,Pontoglio,2018,0-9,addetti,714.0
017150,Pontoglio,2018,10-49,addetti,758.5
017150,Pontoglio,2018,50-249,addetti,162.6
017150,Pontoglio,2018,totale,addetti,1635.1
017150,Pontoglio,2019,0-9,addetti,730.0
017150,Pontoglio,2019,10-49,addetti,814.9
017150,Pontoglio,2019,50-249,addetti,149.1
017150,Pontoglio,2019,totale,addetti,1694.0
017150,Pontoglio,2020,0-9,addetti,719.4
017150,Pontoglio,2020,10-49,addetti,816.5
017150,Pontoglio,2020,50-249,addetti,145.2
017150,Pontoglio,2020,totale,addetti,1681.1
017150,Pontoglio,2021,0-9,addetti,762.2
017150,Pontoglio,2021,10-49,addetti,814.6
017150,Pontoglio,2021,50-249,addetti,197.7
017150,Pontoglio,2021,totale,addetti,1774.6
017150,Pontoglio,2022,0-9,addetti,803.5
017150,Pontoglio,2022,10-49,addetti,758.1
017150,Pontoglio,2022,50-249,addetti,138.8
017150,Pontoglio,2022,totale,addetti,1700.4
017150,Pontoglio,2023,0-9,addetti,818.4
017150,Pontoglio,2023,10-49,addetti,721.1
017150,Pontoglio,2023,50-249,addetti,201.1
017150,Pontoglio,2023,totale,addetti,1740.6
017150,Pontoglio,2018,0-9,unita_locali,395
017150,Pontoglio,2018,10-49,unita_locali,40
017150,Pontoglio,2018,50-249,unita_locali,2
017150,Pontoglio,2018,totale,unita_locali,437
017150,Pontoglio,2019,0-9,unita_locali,403
017150,Pontoglio,2019,10-49,unita_locali,43
017150,Pontoglio,2019,50-249,unita_locali,2
017150,Pontoglio,2019,totale,unita_locali,448
017150,Pontoglio,2020,0-9,unita_locali,408
017150,Pontoglio,2020,10-49,unita_locali,44
017150,Pontoglio,2020,50-249,unita_locali,2
017150,Pontoglio,2020,totale,unita_locali,454
017150,Pontoglio,2021,0-9,unita_locali,425
017150,Pontoglio,2021,10-49,unita_locali,42
017150,Pontoglio,2021,50-249,unita_locali,3
017150,Pontoglio,2021,totale,unita_locali,470
017150,Pontoglio,2022,0-9,unita_locali,439
017150,Pontoglio,2022,10-49,unita_locali,36
017150,Pontoglio,2022,50-249,unita_locali,2
017150,Pontoglio,2022,totale,unita_locali,477
017150,Pontoglio,2023,0-9,unita_locali,449
017150,Pontoglio,2023,10-49,unita_locali,35
017150,Pontoglio,2023,50-249,unita_locali,3
017150,Pontoglio,2023,totale,unita_locali,487
017151,Pozzolengo,2018,0-9,addetti,496.1
017151,Pozzolengo,2018,10-49,addetti,372.2
017151,Pozzolengo,2018,50-249,addetti,110.7
017151,Pozzolengo,2018,totale,addetti,979.0
017151,Pozzolengo,2019,0-9,addetti,499.4
017151,Pozzolengo,2019,10-49,addetti,351.3
017151,Pozzolengo,2019,50-249,addetti,171.2
017151,Pozzolengo,2019,totale,addetti,1021.9
017151,Pozzolengo,2020,0-9,addetti,489.7
017151,Pozzolengo,2020,10-49,addetti,393.8
017151,Pozzolengo,2020,50-249,addetti,117.3
017151,Pozzolengo,2020,totale,addetti,1000.8
017151,Pozzolengo,2021,0-9,addetti,501.5
017151,Pozzolengo,2021,10-49,addetti,421.0
017151,Pozzolengo,2021,50-249,addetti,116.1
017151,Pozzolengo,2021,totale,addetti,1038.5
017151,Pozzolengo,2022,0-9,addetti,501.6
017151,Pozzolengo,2022,10-49,addetti,419.3
017151,Pozzolengo,2022,50-249,addetti,125.7
017151,Pozzolengo,2022,totale,addetti,1046.5
017151,Pozzolengo,2023,0-9,addetti,465.8
017151,Pozzolengo,2023,10-49,addetti,453.2
017151,Pozzolengo,2023,50-249,addetti,133.1
017151,Pozzolengo,2023,totale,addetti,1052.1
017151,Pozzolengo,2018,0-9,unita_locali,258
017151,Pozzolengo,2018,10-49,unita_locali,16
017151,Pozzolengo,2018,50-249,unita_locali,1
017151,Pozzolengo,2018,totale,unita_locali,275
017151,Pozzolengo,2019,0-9,unita_locali,258
017151,Pozzolengo,2019,10-49,unita_locali,17
017151,Pozzolengo,2019,50-249,unita_locali,2
017151,Pozzolengo,2019,totale,unita_locali,277
017151,Pozzolengo,2020,0-9,unita_locali,271
017151,Pozzolengo,2020,10-49,unita_locali,18
017151,Pozzolengo,2020,50-249,unita_locali,1
017151,Pozzolengo,2020,totale,unita_locali,290
017151,Pozzolengo,2021,0-9,unita_locali,277
017151,Pozzolengo,2021,10-49,unita_locali,19
017151,Pozzolengo,2021,50-249,unita_locali,1
017151,Pozzolengo,2021,totale,unita_locali,297
017151,Pozzolengo,2022,0-9,unita_locali,290
017151,Pozzolengo,2022,10-49,unita_locali,19
017151,Pozzolengo,2022,50-249,unita_locali,1
017151,Pozzolengo,2022,totale,unita_locali,310
017151,Pozzolengo,2023,0-9,unita_locali,277
017151,Pozzolengo,2023,10-49,unita_locali,21
017151,Pozzolengo,2023,50-249,unita_locali,1
017151,Pozzolengo,2023,totale,unita_locali,299
017152,Pralboino,2018,0-9,addetti,344.1
017152,Pralboino,2018,10-49,addetti,99.6
017152,Pralboino,2018,250+,addetti,312.1
017152,Pralboino,2018,50-249,addetti,52.2
017152,Pralboino,2018,totale,addetti,807.9
017152,Pralboino,2019,0-9,addetti,324.4
017152,Pralboino,2019,10-49,addetti,172.2
017152,Pralboino,2019,250+,addetti,335.9
017152,Pralboino,2019,totale,addetti,832.6
017152,Pralboino,2020,0-9,addetti,360.3
017152,Pralboino,2020,10-49,addetti,123.3
017152,Pralboino,2020,250+,addetti,364.0
017152,Pralboino,2020,50-249,addetti,53.6
017152,Pralboino,2020,totale,addetti,901.2
017152,Pralboino,2021,0-9,addetti,363.6
017152,Pralboino,2021,10-49,addetti,130.3
017152,Pralboino,2021,250+,addetti,353.6
017152,Pralboino,2021,50-249,addetti,57.2
017152,Pralboino,2021,totale,addetti,904.8
017152,Pralboino,2022,0-9,addetti,361.6
017152,Pralboino,2022,10-49,addetti,151.2
017152,Pralboino,2022,250+,addetti,362.6
017152,Pralboino,2022,50-249,addetti,59.6
017152,Pralboino,2022,totale,addetti,935.0
017152,Pralboino,2023,0-9,addetti,355.4
017152,Pralboino,2023,10-49,addetti,156.4
017152,Pralboino,2023,250+,addetti,379.8
017152,Pralboino,2023,50-249,addetti,69.8
017152,Pralboino,2023,totale,addetti,961.4
017152,Pralboino,2018,0-9,unita_locali,179
017152,Pralboino,2018,10-49,unita_locali,5
017152,Pralboino,2018,250+,unita_locali,1
017152,Pralboino,2018,50-249,unita_locali,1
017152,Pralboino,2018,totale,unita_locali,186
017152,Pralboino,2019,0-9,unita_locali,165
017152,Pralboino,2019,10-49,unita_locali,8
017152,Pralboino,2019,250+,unita_locali,1
017152,Pralboino,2019,totale,unita_locali,174
017152,Pralboino,2020,0-9,unita_locali,187
017152,Pralboino,2020,10-49,unita_locali,7
017152,Pralboino,2020,250+,unita_locali,1
017152,Pralboino,2020,50-249,unita_locali,1
017152,Pralboino,2020,totale,unita_locali,196
017152,Pralboino,2021,0-9,unita_locali,190
017152,Pralboino,2021,10-49,unita_locali,7
017152,Pralboino,2021,250+,unita_locali,1
017152,Pralboino,2021,50-249,unita_locali,1
017152,Pralboino,2021,totale,unita_locali,199
017152,Pralboino,2022,0-9,unita_locali,199
017152,Pralboino,2022,10-49,unita_locali,8
017152,Pralboino,2022,250+,unita_locali,1
017152,Pralboino,2022,50-249,unita_locali,1
017152,Pralboino,2022,totale,unita_locali,209
017152,Pralboino,2023,0-9,unita_locali,197
017152,Pralboino,2023,10-49,unita_locali,9
017152,Pralboino,2023,250+,unita_locali,1
017152,Pralboino,2023,50-249,unita_locali,1
017152,Pralboino,2023,totale,unita_locali,208
017153,Preseglie,2018,0-9,addetti,275.4
017153,Preseglie,2018,10-49,addetti,184.7
017153,Preseglie,2018,totale,addetti,460.0
017153,Preseglie,2019,0-9,addetti,299.5
017153,Preseglie,2019,10-49,addetti,180.3
017153,Preseglie,2019,totale,addetti,479.8
017153,Preseglie,2020,0-9,addetti,278.4
017153,Preseglie,2020,10-49,addetti,185.9
017153,Preseglie,2020,totale,addetti,464.3
017153,Preseglie,2021,0-9,addetti,306.2
017153,Preseglie,2021,10-49,addetti,180.1
017153,Preseglie,2021,totale,addetti,486.3
017153,Preseglie,2022,0-9,addetti,293.1
017153,Preseglie,2022,10-49,addetti,161.3
017153,Preseglie,2022,50-249,addetti,52.2
017153,Preseglie,2022,totale,addetti,506.7
017153,Preseglie,2023,0-9,addetti,261.5
017153,Preseglie,2023,10-49,addetti,241.3
017153,Preseglie,2023,totale,addetti,502.8
017153,Preseglie,2018,0-9,unita_locali,133
017153,Preseglie,2018,10-49,unita_locali,11
017153,Preseglie,2018,totale,unita_locali,144
017153,Preseglie,2019,0-9,unita_locali,134
017153,Preseglie,2019,10-49,unita_locali,10
017153,Preseglie,2019,totale,unita_locali,144
017153,Preseglie,2020,0-9,unita_locali,134
017153,Preseglie,2020,10-49,unita_locali,10
017153,Preseglie,2020,totale,unita_locali,144
017153,Preseglie,2021,0-9,unita_locali,136
017153,Preseglie,2021,10-49,unita_locali,9
017153,Preseglie,2021,totale,unita_locali,145
017153,Preseglie,2022,0-9,unita_locali,136
017153,Preseglie,2022,10-49,unita_locali,9
017153,Preseglie,2022,50-249,unita_locali,1
017153,Preseglie,2022,totale,unita_locali,146
017153,Preseglie,2023,0-9,unita_locali,130
017153,Preseglie,2023,10-49,unita_locali,12
017153,Preseglie,2023,totale,unita_locali,142
017155,Prevalle,2018,0-9,addetti,894.8
017155,Prevalle,2018,10-49,addetti,621.6
017155,Prevalle,2018,50-249,addetti,666.9
017155,Prevalle,2018,totale,addetti,2183.3
017155,Prevalle,2019,0-9,addetti,873.0
017155,Prevalle,2019,10-49,addetti,601.9
017155,Prevalle,2019,50-249,addetti,721.6
017155,Prevalle,2019,totale,addetti,2196.5
017155,Prevalle,2020,0-9,addetti,861.4
017155,Prevalle,2020,10-49,addetti,646.5
017155,Prevalle,2020,50-249,addetti,583.7
017155,Prevalle,2020,totale,addetti,2091.6
017155,Prevalle,2021,0-9,addetti,878.0
017155,Prevalle,2021,10-49,addetti,728.7
017155,Prevalle,2021,50-249,addetti,580.8
017155,Prevalle,2021,totale,addetti,2187.5
017155,Prevalle,2022,0-9,addetti,880.1
017155,Prevalle,2022,10-49,addetti,746.0
017155,Prevalle,2022,50-249,addetti,722.5
017155,Prevalle,2022,totale,addetti,2348.5
017155,Prevalle,2023,0-9,addetti,917.3
017155,Prevalle,2023,10-49,addetti,706.8
017155,Prevalle,2023,50-249,addetti,813.5
017155,Prevalle,2023,totale,addetti,2437.5
017155,Prevalle,2018,0-9,unita_locali,448
017155,Prevalle,2018,10-49,unita_locali,33
017155,Prevalle,2018,50-249,unita_locali,6
017155,Prevalle,2018,totale,unita_locali,487
017155,Prevalle,2019,0-9,unita_locali,448
017155,Prevalle,2019,10-49,unita_locali,33
017155,Prevalle,2019,50-249,unita_locali,9
017155,Prevalle,2019,totale,unita_locali,490
017155,Prevalle,2020,0-9,unita_locali,455
017155,Prevalle,2020,10-49,unita_locali,34
017155,Prevalle,2020,50-249,unita_locali,7
017155,Prevalle,2020,totale,unita_locali,496
017155,Prevalle,2021,0-9,unita_locali,459
017155,Prevalle,2021,10-49,unita_locali,37
017155,Prevalle,2021,50-249,unita_locali,7
017155,Prevalle,2021,totale,unita_locali,503
017155,Prevalle,2022,0-9,unita_locali,482
017155,Prevalle,2022,10-49,unita_locali,40
017155,Prevalle,2022,50-249,unita_locali,9
017155,Prevalle,2022,totale,unita_locali,531
017155,Prevalle,2023,0-9,unita_locali,482
017155,Prevalle,2023,10-49,unita_locali,39
017155,Prevalle,2023,50-249,unita_locali,10
017155,Prevalle,2023,totale,unita_locali,531
017156,Provaglio d'Iseo,2018,0-9,addetti,965.8
017156,Provaglio d'Iseo,2018,10-49,addetti,865.1
017156,Provaglio d'Iseo,2018,50-249,addetti,805.1
017156,Provaglio d'Iseo,2018,totale,addetti,2636.0
017156,Provaglio d'Iseo,2019,0-9,addetti,925.6
017156,Provaglio d'Iseo,2019,10-49,addetti,909.4
017156,Provaglio d'Iseo,2019,50-249,addetti,912.8
017156,Provaglio d'Iseo,2019,totale,addetti,2747.8
017156,Provaglio d'Iseo,2020,0-9,addetti,934.0
017156,Provaglio d'Iseo,2020,10-49,addetti,924.9
017156,Provaglio d'Iseo,2020,250+,addetti,253.1
017156,Provaglio d'Iseo,2020,50-249,addetti,676.9
017156,Provaglio d'Iseo,2020,totale,addetti,2788.9
017156,Provaglio d'Iseo,2021,0-9,addetti,980.6
017156,Provaglio d'Iseo,2021,10-49,addetti,839.8
017156,Provaglio d'Iseo,2021,250+,addetti,282.2
017156,Provaglio d'Iseo,2021,50-249,addetti,742.3
017156,Provaglio d'Iseo,2021,totale,addetti,2844.8
017156,Provaglio d'Iseo,2022,0-9,addetti,974.5
017156,Provaglio d'Iseo,2022,10-49,addetti,855.2
017156,Provaglio d'Iseo,2022,250+,addetti,277.6
017156,Provaglio d'Iseo,2022,50-249,addetti,790.0
017156,Provaglio d'Iseo,2022,totale,addetti,2897.3
017156,Provaglio d'Iseo,2023,0-9,addetti,1002.8
017156,Provaglio d'Iseo,2023,10-49,addetti,898.1
017156,Provaglio d'Iseo,2023,250+,addetti,281.4
017156,Provaglio d'Iseo,2023,50-249,addetti,823.2
017156,Provaglio d'Iseo,2023,totale,addetti,3005.5
017156,Provaglio d'Iseo,2018,0-9,unita_locali,517
017156,Provaglio d'Iseo,2018,10-49,unita_locali,41
017156,Provaglio d'Iseo,2018,50-249,unita_locali,7
017156,Provaglio d'Iseo,2018,totale,unita_locali,565
017156,Provaglio d'Iseo,2019,0-9,unita_locali,504
017156,Provaglio d'Iseo,2019,10-49,unita_locali,42
017156,Provaglio d'Iseo,2019,50-249,unita_locali,8
017156,Provaglio d'Iseo,2019,totale,unita_locali,554
017156,Provaglio d'Iseo,2020,0-9,unita_locali,528
017156,Provaglio d'Iseo,2020,10-49,unita_locali,43
017156,Provaglio d'Iseo,2020,250+,unita_locali,1
017156,Provaglio d'Iseo,2020,50-249,unita_locali,6
017156,Provaglio d'Iseo,2020,totale,unita_locali,578
017156,Provaglio d'Iseo,2021,0-9,unita_locali,554
017156,Provaglio d'Iseo,2021,10-49,unita_locali,40
017156,Provaglio d'Iseo,2021,250+,unita_locali,1
017156,Provaglio d'Iseo,2021,50-249,unita_locali,8
017156,Provaglio d'Iseo,2021,totale,unita_locali,603
017156,Provaglio d'Iseo,2022,0-9,unita_locali,563
017156,Provaglio d'Iseo,2022,10-49,unita_locali,42
017156,Provaglio d'Iseo,2022,250+,unita_locali,1
017156,Provaglio d'Iseo,2022,50-249,unita_locali,9
017156,Provaglio d'Iseo,2022,totale,unita_locali,615
017156,Provaglio d'Iseo,2023,0-9,unita_locali,589
017156,Provaglio d'Iseo,2023,10-49,unita_locali,42
017156,Provaglio d'Iseo,2023,250+,unita_locali,1
017156,Provaglio d'Iseo,2023,50-249,unita_locali,9
017156,Provaglio d'Iseo,2023,totale,unita_locali,641
017157,Provaglio Val Sabbia,2018,0-9,addetti,43.0
017157,Provaglio Val Sabbia,2018,totale,addetti,43.0
017157,Provaglio Val Sabbia,2019,0-9,addetti,39.7
017157,Provaglio Val Sabbia,2019,totale,addetti,39.7
017157,Provaglio Val Sabbia,2020,0-9,addetti,40.7
017157,Provaglio Val Sabbia,2020,totale,addetti,40.7
017157,Provaglio Val Sabbia,2021,0-9,addetti,48.9
017157,Provaglio Val Sabbia,2021,totale,addetti,48.9
017157,Provaglio Val Sabbia,2022,0-9,addetti,53.0
017157,Provaglio Val Sabbia,2022,totale,addetti,53.0
017157,Provaglio Val Sabbia,2023,0-9,addetti,56.8
017157,Provaglio Val Sabbia,2023,totale,addetti,56.8
017157,Provaglio Val Sabbia,2018,0-9,unita_locali,32
017157,Provaglio Val Sabbia,2018,totale,unita_locali,32
017157,Provaglio Val Sabbia,2019,0-9,unita_locali,27
017157,Provaglio Val Sabbia,2019,totale,unita_locali,27
017157,Provaglio Val Sabbia,2020,0-9,unita_locali,27
017157,Provaglio Val Sabbia,2020,totale,unita_locali,27
017157,Provaglio Val Sabbia,2021,0-9,unita_locali,34
017157,Provaglio Val Sabbia,2021,totale,unita_locali,34
017157,Provaglio Val Sabbia,2022,0-9,unita_locali,36
017157,Provaglio Val Sabbia,2022,totale,unita_locali,36
017157,Provaglio Val Sabbia,2023,0-9,unita_locali,38
017157,Provaglio Val Sabbia,2023,totale,unita_locali,38
017158,Puegnago del Garda,2018,0-9,addetti,596.2
017158,Puegnago del Garda,2018,10-49,addetti,358.4
017158,Puegnago del Garda,2018,50-249,addetti,172.7
017158,Puegnago del Garda,2018,totale,addetti,1127.3
017158,Puegnago del Garda,2019,0-9,addetti,593.0
017158,Puegnago del Garda,2019,10-49,addetti,265.8
017158,Puegnago del Garda,2019,50-249,addetti,224.5
017158,Puegnago del Garda,2019,totale,addetti,1083.3
017158,Puegnago del Garda,2020,0-9,addetti,587.2
017158,Puegnago del Garda,2020,10-49,addetti,226.2
017158,Puegnago del Garda,2020,50-249,addetti,219.1
017158,Puegnago del Garda,2020,totale,addetti,1032.4
017158,Puegnago del Garda,2021,0-9,addetti,629.3
017158,Puegnago del Garda,2021,10-49,addetti,233.9
017158,Puegnago del Garda,2021,50-249,addetti,218.2
017158,Puegnago del Garda,2021,totale,addetti,1081.4
017158,Puegnago del Garda,2022,0-9,addetti,625.7
017158,Puegnago del Garda,2022,10-49,addetti,299.4
017158,Puegnago del Garda,2022,50-249,addetti,208.5
017158,Puegnago del Garda,2022,totale,addetti,1133.5
017158,Puegnago del Garda,2023,0-9,addetti,609.3
017158,Puegnago del Garda,2023,10-49,addetti,363.8
017158,Puegnago del Garda,2023,50-249,addetti,207.3
017158,Puegnago del Garda,2023,totale,addetti,1180.3
017158,Puegnago del Garda,2018,0-9,unita_locali,330
017158,Puegnago del Garda,2018,10-49,unita_locali,17
017158,Puegnago del Garda,2018,50-249,unita_locali,2
017158,Puegnago del Garda,2018,totale,unita_locali,349
017158,Puegnago del Garda,2019,0-9,unita_locali,321
017158,Puegnago del Garda,2019,10-49,unita_locali,15
017158,Puegnago del Garda,2019,50-249,unita_locali,3
017158,Puegnago del Garda,2019,totale,unita_locali,339
017158,Puegnago del Garda,2020,0-9,unita_locali,335
017158,Puegnago del Garda,2020,10-49,unita_locali,13
017158,Puegnago del Garda,2020,50-249,unita_locali,3
017158,Puegnago del Garda,2020,totale,unita_locali,351
017158,Puegnago del Garda,2021,0-9,unita_locali,345
017158,Puegnago del Garda,2021,10-49,unita_locali,14
017158,Puegnago del Garda,2021,50-249,unita_locali,3
017158,Puegnago del Garda,2021,totale,unita_locali,362
017158,Puegnago del Garda,2022,0-9,unita_locali,358
017158,Puegnago del Garda,2022,10-49,unita_locali,19
017158,Puegnago del Garda,2022,50-249,unita_locali,3
017158,Puegnago del Garda,2022,totale,unita_locali,380
017158,Puegnago del Garda,2023,0-9,unita_locali,361
017158,Puegnago del Garda,2023,10-49,unita_locali,24
017158,Puegnago del Garda,2023,50-249,unita_locali,3
017158,Puegnago del Garda,2023,totale,unita_locali,388
017159,Quinzano d'Oglio,2018,0-9,addetti,952.1
017159,Quinzano d'Oglio,2018,10-49,addetti,599.1
017159,Quinzano d'Oglio,2018,50-249,addetti,56.7
017159,Quinzano d'Oglio,2018,totale,addetti,1608.0
017159,Quinzano d'Oglio,2019,0-9,addetti,932.0
017159,Quinzano d'Oglio,2019,10-49,addetti,670.8
017159,Quinzano d'Oglio,2019,50-249,addetti,57.7
017159,Quinzano d'Oglio,2019,totale,addetti,1660.5
017159,Quinzano d'Oglio,2020,0-9,addetti,1001.5
017159,Quinzano d'Oglio,2020,10-49,addetti,544.6
017159,Quinzano d'Oglio,2020,50-249,addetti,60.4
017159,Quinzano d'Oglio,2020,totale,addetti,1606.5
017159,Quinzano d'Oglio,2021,0-9,addetti,1029.5
017159,Quinzano d'Oglio,2021,10-49,addetti,552.3
017159,Quinzano d'Oglio,2021,50-249,addetti,57.4
017159,Quinzano d'Oglio,2021,totale,addetti,1639.2
017159,Quinzano d'Oglio,2022,0-9,addetti,1031.4
017159,Quinzano d'Oglio,2022,10-49,addetti,641.5
017159,Quinzano d'Oglio,2022,50-249,addetti,62.2
017159,Quinzano d'Oglio,2022,totale,addetti,1735.2
017159,Quinzano d'Oglio,2023,0-9,addetti,982.9
017159,Quinzano d'Oglio,2023,10-49,addetti,678.1
017159,Quinzano d'Oglio,2023,50-249,addetti,63.0
017159,Quinzano d'Oglio,2023,totale,addetti,1724.0
017159,Quinzano d'Oglio,2018,0-9,unita_locali,443
017159,Quinzano d'Oglio,2018,10-49,unita_locali,31
017159,Quinzano d'Oglio,2018,50-249,unita_locali,1
017159,Quinzano d'Oglio,2018,totale,unita_locali,475
017159,Quinzano d'Oglio,2019,0-9,unita_locali,430
017159,Quinzano d'Oglio,2019,10-49,unita_locali,36
017159,Quinzano d'Oglio,2019,50-249,unita_locali,1
017159,Quinzano d'Oglio,2019,totale,unita_locali,467
017159,Quinzano d'Oglio,2020,0-9,unita_locali,469
017159,Quinzano d'Oglio,2020,10-49,unita_locali,27
017159,Quinzano d'Oglio,2020,50-249,unita_locali,1
017159,Quinzano d'Oglio,2020,totale,unita_locali,497
017159,Quinzano d'Oglio,2021,0-9,unita_locali,470
017159,Quinzano d'Oglio,2021,10-49,unita_locali,26
017159,Quinzano d'Oglio,2021,50-249,unita_locali,1
017159,Quinzano d'Oglio,2021,totale,unita_locali,497
017159,Quinzano d'Oglio,2022,0-9,unita_locali,490
017159,Quinzano d'Oglio,2022,10-49,unita_locali,32
017159,Quinzano d'Oglio,2022,50-249,unita_locali,1
017159,Quinzano d'Oglio,2022,totale,unita_locali,523
017159,Quinzano d'Oglio,2023,0-9,unita_locali,469
017159,Quinzano d'Oglio,2023,10-49,unita_locali,37
017159,Quinzano d'Oglio,2023,50-249,unita_locali,1
017159,Quinzano d'Oglio,2023,totale,unita_locali,507
017160,Remedello,2018,0-9,addetti,390.5
017160,Remedello,2018,10-49,addetti,205.7
017160,Remedello,2018,250+,addetti,314.9
017160,Remedello,2018,totale,addetti,911.1
017160,Remedello,2019,0-9,addetti,361.0
017160,Remedello,2019,10-49,addetti,252.2
017160,Remedello,2019,250+,addetti,354.6
017160,Remedello,2019,totale,addetti,967.8
017160,Remedello,2020,0-9,addetti,351.9
017160,Remedello,2020,10-49,addetti,330.1
017160,Remedello,2020,250+,addetti,362.1
017160,Remedello,2020,totale,addetti,1044.0
017160,Remedello,2021,0-9,addetti,392.9
017160,Remedello,2021,10-49,addetti,287.7
017160,Remedello,2021,250+,addetti,384.1
017160,Remedello,2021,50-249,addetti,57.1
017160,Remedello,2021,totale,addetti,1121.8
017160,Remedello,2022,0-9,addetti,408.7
017160,Remedello,2022,10-49,addetti,247.3
017160,Remedello,2022,250+,addetti,453.7
017160,Remedello,2022,50-249,addetti,60.3
017160,Remedello,2022,totale,addetti,1170.0
017160,Remedello,2023,0-9,addetti,372.6
017160,Remedello,2023,10-49,addetti,310.4
017160,Remedello,2023,250+,addetti,495.8
017160,Remedello,2023,50-249,addetti,76.0
017160,Remedello,2023,totale,addetti,1254.7
017160,Remedello,2018,0-9,unita_locali,198
017160,Remedello,2018,10-49,unita_locali,13
017160,Remedello,2018,250+,unita_locali,1
017160,Remedello,2018,totale,unita_locali,212
017160,Remedello,2019,0-9,unita_locali,191
017160,Remedello,2019,10-49,unita_locali,16
017160,Remedello,2019,250+,unita_locali,1
017160,Remedello,2019,totale,unita_locali,208
017160,Remedello,2020,0-9,unita_locali,201
017160,Remedello,2020,10-49,unita_locali,19
017160,Remedello,2020,250+,unita_locali,1
017160,Remedello,2020,totale,unita_locali,221
017160,Remedello,2021,0-9,unita_locali,210
017160,Remedello,2021,10-49,unita_locali,15
017160,Remedello,2021,250+,unita_locali,1
017160,Remedello,2021,50-249,unita_locali,1
017160,Remedello,2021,totale,unita_locali,227
017160,Remedello,2022,0-9,unita_locali,219
017160,Remedello,2022,10-49,unita_locali,14
017160,Remedello,2022,250+,unita_locali,1
017160,Remedello,2022,50-249,unita_locali,1
017160,Remedello,2022,totale,unita_locali,235
017160,Remedello,2023,0-9,unita_locali,196
017160,Remedello,2023,10-49,unita_locali,18
017160,Remedello,2023,250+,unita_locali,1
017160,Remedello,2023,50-249,unita_locali,1
017160,Remedello,2023,totale,unita_locali,216
017161,Rezzato,2018,0-9,addetti,2258.6
017161,Rezzato,2018,10-49,addetti,1552.4
017161,Rezzato,2018,250+,addetti,457.8
017161,Rezzato,2018,50-249,addetti,1184.2
017161,Rezzato,2018,totale,addetti,5453.0
017161,Rezzato,2019,0-9,addetti,2207.2
017161,Rezzato,2019,10-49,addetti,1607.0
017161,Rezzato,2019,250+,addetti,438.7
017161,Rezzato,2019,50-249,addetti,1331.4
017161,Rezzato,2019,totale,addetti,5584.4
017161,Rezzato,2020,0-9,addetti,2164.5
017161,Rezzato,2020,10-49,addetti,1540.3
017161,Rezzato,2020,250+,addetti,421.7
017161,Rezzato,2020,50-249,addetti,1485.6
017161,Rezzato,2020,totale,addetti,5612.2
017161,Rezzato,2021,0-9,addetti,2227.0
017161,Rezzato,2021,10-49,addetti,1748.4
017161,Rezzato,2021,250+,addetti,409.8
017161,Rezzato,2021,50-249,addetti,1520.7
017161,Rezzato,2021,totale,addetti,5905.9
017161,Rezzato,2022,0-9,addetti,2279.9
017161,Rezzato,2022,10-49,addetti,1796.5
017161,Rezzato,2022,250+,addetti,403.9
017161,Rezzato,2022,50-249,addetti,1492.2
017161,Rezzato,2022,totale,addetti,5972.5
017161,Rezzato,2023,0-9,addetti,2304.1
017161,Rezzato,2023,10-49,addetti,1862.2
017161,Rezzato,2023,250+,addetti,416.4
017161,Rezzato,2023,50-249,addetti,1441.1
017161,Rezzato,2023,totale,addetti,6023.8
017161,Rezzato,2018,0-9,unita_locali,1100
017161,Rezzato,2018,10-49,unita_locali,92
017161,Rezzato,2018,250+,unita_locali,1
017161,Rezzato,2018,50-249,unita_locali,11
017161,Rezzato,2018,totale,unita_locali,1204
017161,Rezzato,2019,0-9,unita_locali,1063
017161,Rezzato,2019,10-49,unita_locali,94
017161,Rezzato,2019,250+,unita_locali,1
017161,Rezzato,2019,50-249,unita_locali,13
017161,Rezzato,2019,totale,unita_locali,1171
017161,Rezzato,2020,0-9,unita_locali,1048
017161,Rezzato,2020,10-49,unita_locali,95
017161,Rezzato,2020,250+,unita_locali,1
017161,Rezzato,2020,50-249,unita_locali,15
017161,Rezzato,2020,totale,unita_locali,1159
017161,Rezzato,2021,0-9,unita_locali,1107
017161,Rezzato,2021,10-49,unita_locali,106
017161,Rezzato,2021,250+,unita_locali,1
017161,Rezzato,2021,50-249,unita_locali,14
017161,Rezzato,2021,totale,unita_locali,1228
017161,Rezzato,2022,0-9,unita_locali,1145
017161,Rezzato,2022,10-49,unita_locali,107
017161,Rezzato,2022,250+,unita_locali,1
017161,Rezzato,2022,50-249,unita_locali,13
017161,Rezzato,2022,totale,unita_locali,1266
017161,Rezzato,2023,0-9,unita_locali,1152
017161,Rezzato,2023,10-49,unita_locali,104
017161,Rezzato,2023,250+,unita_locali,1
017161,Rezzato,2023,50-249,unita_locali,12
017161,Rezzato,2023,totale,unita_locali,1269
017162,Roccafranca,2018,0-9,addetti,565.1
017162,Roccafranca,2018,10-49,addetti,206.4
017162,Roccafranca,2018,50-249,addetti,117.0
017162,Roccafranca,2018,totale,addetti,888.5
017162,Roccafranca,2019,0-9,addetti,564.1
017162,Roccafranca,2019,10-49,addetti,223.8
017162,Roccafranca,2019,50-249,addetti,113.0
017162,Roccafranca,2019,totale,addetti,900.9
017162,Roccafranca,2020,0-9,addetti,561.9
017162,Roccafranca,2020,10-49,addetti,247.4
017162,Roccafranca,2020,50-249,addetti,108.4
017162,Roccafranca,2020,totale,addetti,917.8
017162,Roccafranca,2021,0-9,addetti,578.7
017162,Roccafranca,2021,10-49,addetti,276.9
017162,Roccafranca,2021,50-249,addetti,107.3
017162,Roccafranca,2021,totale,addetti,963.0
017162,Roccafranca,2022,0-9,addetti,581.5
017162,Roccafranca,2022,10-49,addetti,277.6
017162,Roccafranca,2022,50-249,addetti,107.0
017162,Roccafranca,2022,totale,addetti,966.1
017162,Roccafranca,2023,0-9,addetti,620.3
017162,Roccafranca,2023,10-49,addetti,264.4
017162,Roccafranca,2023,50-249,addetti,100.8
017162,Roccafranca,2023,totale,addetti,985.5
017162,Roccafranca,2018,0-9,unita_locali,291
017162,Roccafranca,2018,10-49,unita_locali,13
017162,Roccafranca,2018,50-249,unita_locali,2
017162,Roccafranca,2018,totale,unita_locali,306
017162,Roccafranca,2019,0-9,unita_locali,273
017162,Roccafranca,2019,10-49,unita_locali,14
017162,Roccafranca,2019,50-249,unita_locali,2
017162,Roccafranca,2019,totale,unita_locali,289
017162,Roccafranca,2020,0-9,unita_locali,282
017162,Roccafranca,2020,10-49,unita_locali,15
017162,Roccafranca,2020,50-249,unita_locali,2
017162,Roccafranca,2020,totale,unita_locali,299
017162,Roccafranca,2021,0-9,unita_locali,296
017162,Roccafranca,2021,10-49,unita_locali,18
017162,Roccafranca,2021,50-249,unita_locali,2
017162,Roccafranca,2021,totale,unita_locali,316
017162,Roccafranca,2022,0-9,unita_locali,311
017162,Roccafranca,2022,10-49,unita_locali,17
017162,Roccafranca,2022,50-249,unita_locali,2
017162,Roccafranca,2022,totale,unita_locali,330
017162,Roccafranca,2023,0-9,unita_locali,310
017162,Roccafranca,2023,10-49,unita_locali,16
017162,Roccafranca,2023,50-249,unita_locali,2
017162,Roccafranca,2023,totale,unita_locali,328
017163,Rodengo Saiano,2018,0-9,addetti,1759.1
017163,Rodengo Saiano,2018,10-49,addetti,1697.2
017163,Rodengo Saiano,2018,250+,addetti,288.7
017163,Rodengo Saiano,2018,50-249,addetti,892.9
017163,Rodengo Saiano,2018,totale,addetti,4637.8
017163,Rodengo Saiano,2019,0-9,addetti,1749.9
017163,Rodengo Saiano,2019,10-49,addetti,1693.4
017163,Rodengo Saiano,2019,250+,addetti,320.1
017163,Rodengo Saiano,2019,50-249,addetti,873.5
017163,Rodengo Saiano,2019,totale,addetti,4636.9
017163,Rodengo Saiano,2020,0-9,addetti,1742.0
017163,Rodengo Saiano,2020,10-49,addetti,1503.8
017163,Rodengo Saiano,2020,250+,addetti,356.3
017163,Rodengo Saiano,2020,50-249,addetti,1043.3
017163,Rodengo Saiano,2020,totale,addetti,4645.4
017163,Rodengo Saiano,2021,0-9,addetti,1821.9
017163,Rodengo Saiano,2021,10-49,addetti,1548.6
017163,Rodengo Saiano,2021,250+,addetti,487.5
017163,Rodengo Saiano,2021,50-249,addetti,966.3
017163,Rodengo Saiano,2021,totale,addetti,4824.2
017163,Rodengo Saiano,2022,0-9,addetti,1930.5
017163,Rodengo Saiano,2022,10-49,addetti,1771.7
017163,Rodengo Saiano,2022,250+,addetti,408.0
017163,Rodengo Saiano,2022,50-249,addetti,1218.7
017163,Rodengo Saiano,2022,totale,addetti,5329.0
017163,Rodengo Saiano,2023,0-9,addetti,1869.6
017163,Rodengo Saiano,2023,10-49,addetti,1903.8
017163,Rodengo Saiano,2023,250+,addetti,398.8
017163,Rodengo Saiano,2023,50-249,addetti,1278.3
017163,Rodengo Saiano,2023,totale,addetti,5450.5
017163,Rodengo Saiano,2018,0-9,unita_locali,788
017163,Rodengo Saiano,2018,10-49,unita_locali,94
017163,Rodengo Saiano,2018,250+,unita_locali,1
017163,Rodengo Saiano,2018,50-249,unita_locali,11
017163,Rodengo Saiano,2018,totale,unita_locali,894
017163,Rodengo Saiano,2019,0-9,unita_locali,787
017163,Rodengo Saiano,2019,10-49,unita_locali,87
017163,Rodengo Saiano,2019,250+,unita_locali,1
017163,Rodengo Saiano,2019,50-249,unita_locali,11
017163,Rodengo Saiano,2019,totale,unita_locali,886
017163,Rodengo Saiano,2020,0-9,unita_locali,836
017163,Rodengo Saiano,2020,10-49,unita_locali,78
017163,Rodengo Saiano,2020,250+,unita_locali,1
017163,Rodengo Saiano,2020,50-249,unita_locali,12
017163,Rodengo Saiano,2020,totale,unita_locali,927
017163,Rodengo Saiano,2021,0-9,unita_locali,872
017163,Rodengo Saiano,2021,10-49,unita_locali,80
017163,Rodengo Saiano,2021,250+,unita_locali,1
017163,Rodengo Saiano,2021,50-249,unita_locali,12
017163,Rodengo Saiano,2021,totale,unita_locali,965
017163,Rodengo Saiano,2022,0-9,unita_locali,939
017163,Rodengo Saiano,2022,10-49,unita_locali,90
017163,Rodengo Saiano,2022,250+,unita_locali,1
017163,Rodengo Saiano,2022,50-249,unita_locali,15
017163,Rodengo Saiano,2022,totale,unita_locali,1045
017163,Rodengo Saiano,2023,0-9,unita_locali,919
017163,Rodengo Saiano,2023,10-49,unita_locali,96
017163,Rodengo Saiano,2023,250+,unita_locali,1
017163,Rodengo Saiano,2023,50-249,unita_locali,16
017163,Rodengo Saiano,2023,totale,unita_locali,1032
017164,Roè Volciano,2018,0-9,addetti,671.8
017164,Roè Volciano,2018,10-49,addetti,446.9
017164,Roè Volciano,2018,50-249,addetti,593.0
017164,Roè Volciano,2018,totale,addetti,1711.7
017164,Roè Volciano,2019,0-9,addetti,657.4
017164,Roè Volciano,2019,10-49,addetti,423.1
017164,Roè Volciano,2019,50-249,addetti,669.1
017164,Roè Volciano,2019,totale,addetti,1749.6
017164,Roè Volciano,2020,0-9,addetti,638.3
017164,Roè Volciano,2020,10-49,addetti,460.5
017164,Roè Volciano,2020,50-249,addetti,561.1
017164,Roè Volciano,2020,totale,addetti,1659.8
017164,Roè Volciano,2021,0-9,addetti,651.5
017164,Roè Volciano,2021,10-49,addetti,428.2
017164,Roè Volciano,2021,50-249,addetti,599.6
017164,Roè Volciano,2021,totale,addetti,1679.3
017164,Roè Volciano,2022,0-9,addetti,693.6
017164,Roè Volciano,2022,10-49,addetti,476.9
017164,Roè Volciano,2022,50-249,addetti,507.4
017164,Roè Volciano,2022,totale,addetti,1677.9
017164,Roè Volciano,2023,0-9,addetti,677.9
017164,Roè Volciano,2023,10-49,addetti,506.4
017164,Roè Volciano,2023,50-249,addetti,510.6
017164,Roè Volciano,2023,totale,addetti,1694.9
017164,Roè Volciano,2018,0-9,unita_locali,374
017164,Roè Volciano,2018,10-49,unita_locali,20
017164,Roè Volciano,2018,50-249,unita_locali,6
017164,Roè Volciano,2018,totale,unita_locali,400
017164,Roè Volciano,2019,0-9,unita_locali,359
017164,Roè Volciano,2019,10-49,unita_locali,19
017164,Roè Volciano,2019,50-249,unita_locali,7
017164,Roè Volciano,2019,totale,unita_locali,385
017164,Roè Volciano,2020,0-9,unita_locali,382
017164,Roè Volciano,2020,10-49,unita_locali,20
017164,Roè Volciano,2020,50-249,unita_locali,6
017164,Roè Volciano,2020,totale,unita_locali,408
017164,Roè Volciano,2021,0-9,unita_locali,391
017164,Roè Volciano,2021,10-49,unita_locali,23
017164,Roè Volciano,2021,50-249,unita_locali,8
017164,Roè Volciano,2021,totale,unita_locali,422
017164,Roè Volciano,2022,0-9,unita_locali,389
017164,Roè Volciano,2022,10-49,unita_locali,23
017164,Roè Volciano,2022,50-249,unita_locali,6
017164,Roè Volciano,2022,totale,unita_locali,418
017164,Roè Volciano,2023,0-9,unita_locali,405
017164,Roè Volciano,2023,10-49,unita_locali,24
017164,Roè Volciano,2023,50-249,unita_locali,6
017164,Roè Volciano,2023,totale,unita_locali,435
017165,Roncadelle,2018,0-9,addetti,1877.5
017165,Roncadelle,2018,10-49,addetti,1372.9
017165,Roncadelle,2018,50-249,addetti,2059.8
017165,Roncadelle,2018,totale,addetti,5310.2
017165,Roncadelle,2019,0-9,addetti,1881.0
017165,Roncadelle,2019,10-49,addetti,1329.7
017165,Roncadelle,2019,50-249,addetti,1890.8
017165,Roncadelle,2019,totale,addetti,5101.5
017165,Roncadelle,2020,0-9,addetti,1825.1
017165,Roncadelle,2020,10-49,addetti,1530.1
017165,Roncadelle,2020,250+,addetti,268.0
017165,Roncadelle,2020,50-249,addetti,1759.7
017165,Roncadelle,2020,totale,addetti,5382.8
017165,Roncadelle,2021,0-9,addetti,1765.9
017165,Roncadelle,2021,10-49,addetti,1586.5
017165,Roncadelle,2021,250+,addetti,289.9
017165,Roncadelle,2021,50-249,addetti,1585.0
017165,Roncadelle,2021,totale,addetti,5227.3
017165,Roncadelle,2022,0-9,addetti,1934.9
017165,Roncadelle,2022,10-49,addetti,1408.2
017165,Roncadelle,2022,250+,addetti,302.4
017165,Roncadelle,2022,50-249,addetti,1475.4
017165,Roncadelle,2022,totale,addetti,5120.9
017165,Roncadelle,2023,0-9,addetti,1892.9
017165,Roncadelle,2023,10-49,addetti,1553.2
017165,Roncadelle,2023,250+,addetti,620.4
017165,Roncadelle,2023,50-249,addetti,1504.9
017165,Roncadelle,2023,totale,addetti,5571.3
017165,Roncadelle,2018,0-9,unita_locali,802
017165,Roncadelle,2018,10-49,unita_locali,83
017165,Roncadelle,2018,50-249,unita_locali,18
017165,Roncadelle,2018,totale,unita_locali,903
017165,Roncadelle,2019,0-9,unita_locali,791
017165,Roncadelle,2019,10-49,unita_locali,75
017165,Roncadelle,2019,50-249,unita_locali,17
017165,Roncadelle,2019,totale,unita_locali,883
017165,Roncadelle,2020,0-9,unita_locali,829
017165,Roncadelle,2020,10-49,unita_locali,90
017165,Roncadelle,2020,250+,unita_locali,1
017165,Roncadelle,2020,50-249,unita_locali,16
017165,Roncadelle,2020,totale,unita_locali,936
017165,Roncadelle,2021,0-9,unita_locali,819
017165,Roncadelle,2021,10-49,unita_locali,91
017165,Roncadelle,2021,250+,unita_locali,1
017165,Roncadelle,2021,50-249,unita_locali,16
017165,Roncadelle,2021,totale,unita_locali,927
017165,Roncadelle,2022,0-9,unita_locali,854
017165,Roncadelle,2022,10-49,unita_locali,78
017165,Roncadelle,2022,250+,unita_locali,1
017165,Roncadelle,2022,50-249,unita_locali,15
017165,Roncadelle,2022,totale,unita_locali,948
017165,Roncadelle,2023,0-9,unita_locali,880
017165,Roncadelle,2023,10-49,unita_locali,86
017165,Roncadelle,2023,250+,unita_locali,2
017165,Roncadelle,2023,50-249,unita_locali,15
017165,Roncadelle,2023,totale,unita_locali,983
017166,Rovato,2018,0-9,addetti,3028.1
017166,Rovato,2018,10-49,addetti,1938.6
017166,Rovato,2018,250+,addetti,642.3
017166,Rovato,2018,50-249,addetti,1964.1
017166,Rovato,2018,totale,addetti,7573.1
017166,Rovato,2019,0-9,addetti,2982.6
017166,Rovato,2019,10-49,addetti,2218.7
017166,Rovato,2019,250+,addetti,658.0
017166,Rovato,2019,50-249,addetti,1634.6
017166,Rovato,2019,totale,addetti,7493.9
017166,Rovato,2020,0-9,addetti,3004.5
017166,Rovato,2020,10-49,addetti,2088.3
017166,Rovato,2020,250+,addetti,322.6
017166,Rovato,2020,50-249,addetti,1639.2
017166,Rovato,2020,totale,addetti,7054.6
017166,Rovato,2021,0-9,addetti,3117.7
017166,Rovato,2021,10-49,addetti,2218.8
017166,Rovato,2021,250+,addetti,314.9
017166,Rovato,2021,50-249,addetti,2119.7
017166,Rovato,2021,totale,addetti,7771.0
017166,Rovato,2022,0-9,addetti,3183.2
017166,Rovato,2022,10-49,addetti,2621.5
017166,Rovato,2022,250+,addetti,333.9
017166,Rovato,2022,50-249,addetti,1582.4
017166,Rovato,2022,totale,addetti,7721.1
017166,Rovato,2023,0-9,addetti,3262.6
017166,Rovato,2023,10-49,addetti,2582.3
017166,Rovato,2023,250+,addetti,337.6
017166,Rovato,2023,50-249,addetti,1716.0
017166,Rovato,2023,totale,addetti,7898.6
017166,Rovato,2018,0-9,unita_locali,1529
017166,Rovato,2018,10-49,unita_locali,108
017166,Rovato,2018,250+,unita_locali,2
017166,Rovato,2018,50-249,unita_locali,23
017166,Rovato,2018,totale,unita_locali,1662
017166,Rovato,2019,0-9,unita_locali,1517
017166,Rovato,2019,10-49,unita_locali,121
017166,Rovato,2019,250+,unita_locali,2
017166,Rovato,2019,50-249,unita_locali,18
017166,Rovato,2019,totale,unita_locali,1658
017166,Rovato,2020,0-9,unita_locali,1559
017166,Rovato,2020,10-49,unita_locali,118
017166,Rovato,2020,250+,unita_locali,1
017166,Rovato,2020,50-249,unita_locali,17
017166,Rovato,2020,totale,unita_locali,1695
017166,Rovato,2021,0-9,unita_locali,1627
017166,Rovato,2021,10-49,unita_locali,126
017166,Rovato,2021,250+,unita_locali,1
017166,Rovato,2021,50-249,unita_locali,22
017166,Rovato,2021,totale,unita_locali,1776
017166,Rovato,2022,0-9,unita_locali,1689
017166,Rovato,2022,10-49,unita_locali,141
017166,Rovato,2022,250+,unita_locali,1
017166,Rovato,2022,50-249,unita_locali,15
017166,Rovato,2022,totale,unita_locali,1846
017166,Rovato,2023,0-9,unita_locali,1722
017166,Rovato,2023,10-49,unita_locali,140
017166,Rovato,2023,250+,unita_locali,1
017166,Rovato,2023,50-249,unita_locali,18
017166,Rovato,2023,totale,unita_locali,1881
017167,Rudiano,2018,0-9,addetti,711.0
017167,Rudiano,2018,10-49,addetti,343.8
017167,Rudiano,2018,50-249,addetti,219.9
017167,Rudiano,2018,totale,addetti,1274.6
017167,Rudiano,2019,0-9,addetti,699.6
017167,Rudiano,2019,10-49,addetti,292.6
017167,Rudiano,2019,50-249,addetti,300.8
017167,Rudiano,2019,totale,addetti,1293.0
017167,Rudiano,2020,0-9,addetti,686.2
017167,Rudiano,2020,10-49,addetti,381.3
017167,Rudiano,2020,50-249,addetti,297.0
017167,Rudiano,2020,totale,addetti,1364.5
017167,Rudiano,2021,0-9,addetti,717.4
017167,Rudiano,2021,10-49,addetti,476.1
017167,Rudiano,2021,50-249,addetti,240.9
017167,Rudiano,2021,totale,addetti,1434.5
017167,Rudiano,2022,0-9,addetti,727.4
017167,Rudiano,2022,10-49,addetti,449.8
017167,Rudiano,2022,50-249,addetti,248.4
017167,Rudiano,2022,totale,addetti,1425.7
017167,Rudiano,2023,0-9,addetti,759.0
017167,Rudiano,2023,10-49,addetti,554.1
017167,Rudiano,2023,50-249,addetti,220.4
017167,Rudiano,2023,totale,addetti,1533.4
017167,Rudiano,2018,0-9,unita_locali,367
017167,Rudiano,2018,10-49,unita_locali,17
017167,Rudiano,2018,50-249,unita_locali,3
017167,Rudiano,2018,totale,unita_locali,387
017167,Rudiano,2019,0-9,unita_locali,362
017167,Rudiano,2019,10-49,unita_locali,15
017167,Rudiano,2019,50-249,unita_locali,4
017167,Rudiano,2019,totale,unita_locali,381
017167,Rudiano,2020,0-9,unita_locali,368
017167,Rudiano,2020,10-49,unita_locali,21
017167,Rudiano,2020,50-249,unita_locali,4
017167,Rudiano,2020,totale,unita_locali,393
017167,Rudiano,2021,0-9,unita_locali,388
017167,Rudiano,2021,10-49,unita_locali,23
017167,Rudiano,2021,50-249,unita_locali,3
017167,Rudiano,2021,totale,unita_locali,414
017167,Rudiano,2022,0-9,unita_locali,393
017167,Rudiano,2022,10-49,unita_locali,24
017167,Rudiano,2022,50-249,unita_locali,3
017167,Rudiano,2022,totale,unita_locali,420
017167,Rudiano,2023,0-9,unita_locali,418
017167,Rudiano,2023,10-49,unita_locali,28
017167,Rudiano,2023,50-249,unita_locali,2
017167,Rudiano,2023,totale,unita_locali,448
017168,Sabbio Chiese,2018,0-9,addetti,610.2
017168,Sabbio Chiese,2018,10-49,addetti,374.1
017168,Sabbio Chiese,2018,50-249,addetti,189.7
017168,Sabbio Chiese,2018,totale,addetti,1174.1
017168,Sabbio Chiese,2019,0-9,addetti,553.3
017168,Sabbio Chiese,2019,10-49,addetti,394.8
017168,Sabbio Chiese,2019,50-249,addetti,106.4
017168,Sabbio Chiese,2019,totale,addetti,1054.4
017168,Sabbio Chiese,2020,0-9,addetti,561.3
017168,Sabbio Chiese,2020,10-49,addetti,369.4
017168,Sabbio Chiese,2020,50-249,addetti,111.5
017168,Sabbio Chiese,2020,totale,addetti,1042.2
017168,Sabbio Chiese,2021,0-9,addetti,558.5
017168,Sabbio Chiese,2021,10-49,addetti,518.4
017168,Sabbio Chiese,2021,50-249,addetti,58.6
017168,Sabbio Chiese,2021,totale,addetti,1135.6
017168,Sabbio Chiese,2022,0-9,addetti,561.9
017168,Sabbio Chiese,2022,10-49,addetti,490.4
017168,Sabbio Chiese,2022,50-249,addetti,72.9
017168,Sabbio Chiese,2022,totale,addetti,1125.2
017168,Sabbio Chiese,2023,0-9,addetti,578.8
017168,Sabbio Chiese,2023,10-49,addetti,487.2
017168,Sabbio Chiese,2023,50-249,addetti,83.8
017168,Sabbio Chiese,2023,totale,addetti,1149.8
017168,Sabbio Chiese,2018,0-9,unita_locali,272
017168,Sabbio Chiese,2018,10-49,unita_locali,21
017168,Sabbio Chiese,2018,50-249,unita_locali,1
017168,Sabbio Chiese,2018,totale,unita_locali,294
017168,Sabbio Chiese,2019,0-9,unita_locali,254
017168,Sabbio Chiese,2019,10-49,unita_locali,25
017168,Sabbio Chiese,2019,50-249,unita_locali,2
017168,Sabbio Chiese,2019,totale,unita_locali,281
017168,Sabbio Chiese,2020,0-9,unita_locali,266
017168,Sabbio Chiese,2020,10-49,unita_locali,25
017168,Sabbio Chiese,2020,50-249,unita_locali,2
017168,Sabbio Chiese,2020,totale,unita_locali,293
017168,Sabbio Chiese,2021,0-9,unita_locali,275
017168,Sabbio Chiese,2021,10-49,unita_locali,31
017168,Sabbio Chiese,2021,50-249,unita_locali,1
017168,Sabbio Chiese,2021,totale,unita_locali,307
017168,Sabbio Chiese,2022,0-9,unita_locali,284
017168,Sabbio Chiese,2022,10-49,unita_locali,29
017168,Sabbio Chiese,2022,50-249,unita_locali,1
017168,Sabbio Chiese,2022,totale,unita_locali,314
017168,Sabbio Chiese,2023,0-9,unita_locali,286
017168,Sabbio Chiese,2023,10-49,unita_locali,29
017168,Sabbio Chiese,2023,50-249,unita_locali,1
017168,Sabbio Chiese,2023,totale,unita_locali,316
017169,Sale Marasino,2018,0-9,addetti,481.6
017169,Sale Marasino,2018,10-49,addetti,277.9
017169,Sale Marasino,2018,50-249,addetti,154.9
017169,Sale Marasino,2018,totale,addetti,914.4
017169,Sale Marasino,2019,0-9,addetti,460.1
017169,Sale Marasino,2019,10-49,addetti,243.4
017169,Sale Marasino,2019,50-249,addetti,214.7
017169,Sale Marasino,2019,totale,addetti,918.1
017169,Sale Marasino,2020,0-9,addetti,486.3
017169,Sale Marasino,2020,10-49,addetti,194.3
017169,Sale Marasino,2020,50-249,addetti,280.6
017169,Sale Marasino,2020,totale,addetti,961.2
017169,Sale Marasino,2021,0-9,addetti,476.6
017169,Sale Marasino,2021,10-49,addetti,215.5
017169,Sale Marasino,2021,50-249,addetti,339.5
017169,Sale Marasino,2021,totale,addetti,1031.5
017169,Sale Marasino,2022,0-9,addetti,483.6
017169,Sale Marasino,2022,10-49,addetti,267.2
017169,Sale Marasino,2022,50-249,addetti,262.5
017169,Sale Marasino,2022,totale,addetti,1013.2
017169,Sale Marasino,2023,0-9,addetti,498.4
017169,Sale Marasino,2023,10-49,addetti,231.6
017169,Sale Marasino,2023,50-249,addetti,260.2
017169,Sale Marasino,2023,totale,addetti,990.1
017169,Sale Marasino,2018,0-9,unita_locali,260
017169,Sale Marasino,2018,10-49,unita_locali,13
017169,Sale Marasino,2018,50-249,unita_locali,2
017169,Sale Marasino,2018,totale,unita_locali,275
017169,Sale Marasino,2019,0-9,unita_locali,253
017169,Sale Marasino,2019,10-49,unita_locali,13
017169,Sale Marasino,2019,50-249,unita_locali,3
017169,Sale Marasino,2019,totale,unita_locali,269
017169,Sale Marasino,2020,0-9,unita_locali,263
017169,Sale Marasino,2020,10-49,unita_locali,11
017169,Sale Marasino,2020,50-249,unita_locali,4
017169,Sale Marasino,2020,totale,unita_locali,278
017169,Sale Marasino,2021,0-9,unita_locali,273
017169,Sale Marasino,2021,10-49,unita_locali,13
017169,Sale Marasino,2021,50-249,unita_locali,5
017169,Sale Marasino,2021,totale,unita_locali,291
017169,Sale Marasino,2022,0-9,unita_locali,269
017169,Sale Marasino,2022,10-49,unita_locali,14
017169,Sale Marasino,2022,50-249,unita_locali,4
017169,Sale Marasino,2022,totale,unita_locali,287
017169,Sale Marasino,2023,0-9,unita_locali,274
017169,Sale Marasino,2023,10-49,unita_locali,13
017169,Sale Marasino,2023,50-249,unita_locali,4
017169,Sale Marasino,2023,totale,unita_locali,291
017170,Salò,2018,0-9,addetti,2787.8
017170,Salò,2018,10-49,addetti,1053.7
017170,Salò,2018,50-249,addetti,345.4
017170,Salò,2018,totale,addetti,4186.8
017170,Salò,2019,0-9,addetti,2597.4
017170,Salò,2019,10-49,addetti,1216.2
017170,Salò,2019,50-249,addetti,441.1
017170,Salò,2019,totale,addetti,4254.7
017170,Salò,2020,0-9,addetti,2506.4
017170,Salò,2020,10-49,addetti,929.1
017170,Salò,2020,50-249,addetti,626.6
017170,Salò,2020,totale,addetti,4062.0
017170,Salò,2021,0-9,addetti,2503.9
017170,Salò,2021,10-49,addetti,1158.0
017170,Salò,2021,50-249,addetti,280.8
017170,Salò,2021,totale,addetti,3942.7
017170,Salò,2022,0-9,addetti,2579.8
017170,Salò,2022,10-49,addetti,1220.2
017170,Salò,2022,50-249,addetti,371.6
017170,Salò,2022,totale,addetti,4171.5
017170,Salò,2023,0-9,addetti,2608.5
017170,Salò,2023,10-49,addetti,1289.4
017170,Salò,2023,50-249,addetti,409.3
017170,Salò,2023,totale,addetti,4307.2
017170,Salò,2018,0-9,unita_locali,1341
017170,Salò,2018,10-49,unita_locali,63
017170,Salò,2018,50-249,unita_locali,5
017170,Salò,2018,totale,unita_locali,1409
017170,Salò,2019,0-9,unita_locali,1297
017170,Salò,2019,10-49,unita_locali,73
017170,Salò,2019,50-249,unita_locali,4
017170,Salò,2019,totale,unita_locali,1374
017170,Salò,2020,0-9,unita_locali,1323
017170,Salò,2020,10-49,unita_locali,57
017170,Salò,2020,50-249,unita_locali,7
017170,Salò,2020,totale,unita_locali,1387
017170,Salò,2021,0-9,unita_locali,1341
017170,Salò,2021,10-49,unita_locali,69
017170,Salò,2021,50-249,unita_locali,4
017170,Salò,2021,totale,unita_locali,1414
017170,Salò,2022,0-9,unita_locali,1387
017170,Salò,2022,10-49,unita_locali,70
017170,Salò,2022,50-249,unita_locali,5
017170,Salò,2022,totale,unita_locali,1462
017170,Salò,2023,0-9,unita_locali,1409
017170,Salò,2023,10-49,unita_locali,73
017170,Salò,2023,50-249,unita_locali,5
017170,Salò,2023,totale,unita_locali,1487
017171,San Felice del Benaco,2018,0-9,addetti,574.0
017171,San Felice del Benaco,2018,10-49,addetti,417.2
017171,San Felice del Benaco,2018,50-249,addetti,71.6
017171,San Felice del Benaco,2018,totale,addetti,1062.8
017171,San Felice del Benaco,2019,0-9,addetti,564.3
017171,San Felice del Benaco,2019,10-49,addetti,504.2
017171,San Felice del Benaco,2019,50-249,addetti,155.0
017171,San Felice del Benaco,2019,totale,addetti,1223.5
017171,San Felice del Benaco,2020,0-9,addetti,588.9
017171,San Felice del Benaco,2020,10-49,addetti,342.7
017171,San Felice del Benaco,2020,50-249,addetti,58.6
017171,San Felice del Benaco,2020,totale,addetti,990.2
017171,San Felice del Benaco,2021,0-9,addetti,621.9
017171,San Felice del Benaco,2021,10-49,addetti,367.2
017171,San Felice del Benaco,2021,50-249,addetti,58.6
017171,San Felice del Benaco,2021,totale,addetti,1047.7
017171,San Felice del Benaco,2022,0-9,addetti,654.9
017171,San Felice del Benaco,2022,10-49,addetti,424.5
017171,San Felice del Benaco,2022,50-249,addetti,61.0
017171,San Felice del Benaco,2022,totale,addetti,1140.3
017171,San Felice del Benaco,2023,0-9,addetti,625.0
017171,San Felice del Benaco,2023,10-49,addetti,392.3
017171,San Felice del Benaco,2023,50-249,addetti,327.4
017171,San Felice del Benaco,2023,totale,addetti,1344.7
017171,San Felice del Benaco,2018,0-9,unita_locali,294
017171,San Felice del Benaco,2018,10-49,unita_locali,26
017171,San Felice del Benaco,2018,50-249,unita_locali,1
017171,San Felice del Benaco,2018,totale,unita_locali,321
017171,San Felice del Benaco,2019,0-9,unita_locali,293
017171,San Felice del Benaco,2019,10-49,unita_locali,28
017171,San Felice del Benaco,2019,50-249,unita_locali,1
017171,San Felice del Benaco,2019,totale,unita_locali,322
017171,San Felice del Benaco,2020,0-9,unita_locali,306
017171,San Felice del Benaco,2020,10-49,unita_locali,20
017171,San Felice del Benaco,2020,50-249,unita_locali,1
017171,San Felice del Benaco,2020,totale,unita_locali,327
017171,San Felice del Benaco,2021,0-9,unita_locali,328
017171,San Felice del Benaco,2021,10-49,unita_locali,19
017171,San Felice del Benaco,2021,50-249,unita_locali,1
017171,San Felice del Benaco,2021,totale,unita_locali,348
017171,San Felice del Benaco,2022,0-9,unita_locali,341
017171,San Felice del Benaco,2022,10-49,unita_locali,22
017171,San Felice del Benaco,2022,50-249,unita_locali,1
017171,San Felice del Benaco,2022,totale,unita_locali,364
017171,San Felice del Benaco,2023,0-9,unita_locali,347
017171,San Felice del Benaco,2023,10-49,unita_locali,25
017171,San Felice del Benaco,2023,50-249,unita_locali,3
017171,San Felice del Benaco,2023,totale,unita_locali,375
017172,San Gervasio Bresciano,2018,0-9,addetti,206.6
017172,San Gervasio Bresciano,2018,10-49,addetti,162.9
017172,San Gervasio Bresciano,2018,50-249,addetti,156.5
017172,San Gervasio Bresciano,2018,totale,addetti,526.0
017172,San Gervasio Bresciano,2019,0-9,addetti,193.8
017172,San Gervasio Bresciano,2019,10-49,addetti,164.4
017172,San Gervasio Bresciano,2019,50-249,addetti,164.3
017172,San Gervasio Bresciano,2019,totale,addetti,522.6
017172,San Gervasio Bresciano,2020,0-9,addetti,216.4
017172,San Gervasio Bresciano,2020,10-49,addetti,154.3
017172,San Gervasio Bresciano,2020,50-249,addetti,163.1
017172,San Gervasio Bresciano,2020,totale,addetti,533.8
017172,San Gervasio Bresciano,2021,0-9,addetti,215.7
017172,San Gervasio Bresciano,2021,10-49,addetti,196.7
017172,San Gervasio Bresciano,2021,50-249,addetti,169.5
017172,San Gervasio Bresciano,2021,totale,addetti,582.0
017172,San Gervasio Bresciano,2022,0-9,addetti,224.5
017172,San Gervasio Bresciano,2022,10-49,addetti,197.1
017172,San Gervasio Bresciano,2022,50-249,addetti,176.1
017172,San Gervasio Bresciano,2022,totale,addetti,597.7
017172,San Gervasio Bresciano,2023,0-9,addetti,213.3
017172,San Gervasio Bresciano,2023,10-49,addetti,193.7
017172,San Gervasio Bresciano,2023,50-249,addetti,158.0
017172,San Gervasio Bresciano,2023,totale,addetti,565.0
017172,San Gervasio Bresciano,2018,0-9,unita_locali,117
017172,San Gervasio Bresciano,2018,10-49,unita_locali,10
017172,San Gervasio Bresciano,2018,50-249,unita_locali,2
017172,San Gervasio Bresciano,2018,totale,unita_locali,129
017172,San Gervasio Bresciano,2019,0-9,unita_locali,106
017172,San Gervasio Bresciano,2019,10-49,unita_locali,10
017172,San Gervasio Bresciano,2019,50-249,unita_locali,2
017172,San Gervasio Bresciano,2019,totale,unita_locali,118
017172,San Gervasio Bresciano,2020,0-9,unita_locali,120
017172,San Gervasio Bresciano,2020,10-49,unita_locali,9
017172,San Gervasio Bresciano,2020,50-249,unita_locali,2
017172,San Gervasio Bresciano,2020,totale,unita_locali,131
017172,San Gervasio Bresciano,2021,0-9,unita_locali,120
017172,San Gervasio Bresciano,2021,10-49,unita_locali,11
017172,San Gervasio Bresciano,2021,50-249,unita_locali,2
017172,San Gervasio Bresciano,2021,totale,unita_locali,133
017172,San Gervasio Bresciano,2022,0-9,unita_locali,128
017172,San Gervasio Bresciano,2022,10-49,unita_locali,11
017172,San Gervasio Bresciano,2022,50-249,unita_locali,2
017172,San Gervasio Bresciano,2022,totale,unita_locali,141
017172,San Gervasio Bresciano,2023,0-9,unita_locali,125
017172,San Gervasio Bresciano,2023,10-49,unita_locali,10
017172,San Gervasio Bresciano,2023,50-249,unita_locali,2
017172,San Gervasio Bresciano,2023,totale,unita_locali,137
017173,San Zeno Naviglio,2018,0-9,addetti,915.9
017173,San Zeno Naviglio,2018,10-49,addetti,768.2
017173,San Zeno Naviglio,2018,50-249,addetti,867.0
017173,San Zeno Naviglio,2018,totale,addetti,2551.1
017173,San Zeno Naviglio,2019,0-9,addetti,947.9
017173,San Zeno Naviglio,2019,10-49,addetti,800.2
017173,San Zeno Naviglio,2019,250+,addetti,260.5
017173,San Zeno Naviglio,2019,50-249,addetti,720.4
017173,San Zeno Naviglio,2019,totale,addetti,2729.1
017173,San Zeno Naviglio,2020,0-9,addetti,984.5
017173,San Zeno Naviglio,2020,10-49,addetti,870.0
017173,San Zeno Naviglio,2020,250+,addetti,277.9
017173,San Zeno Naviglio,2020,50-249,addetti,556.4
017173,San Zeno Naviglio,2020,totale,addetti,2688.8
017173,San Zeno Naviglio,2021,0-9,addetti,1016.0
017173,San Zeno Naviglio,2021,10-49,addetti,965.8
017173,San Zeno Naviglio,2021,250+,addetti,355.5
017173,San Zeno Naviglio,2021,50-249,addetti,561.9
017173,San Zeno Naviglio,2021,totale,addetti,2899.2
017173,San Zeno Naviglio,2022,0-9,addetti,1021.9
017173,San Zeno Naviglio,2022,10-49,addetti,962.1
017173,San Zeno Naviglio,2022,250+,addetti,403.7
017173,San Zeno Naviglio,2022,50-249,addetti,611.2
017173,San Zeno Naviglio,2022,totale,addetti,2999.0
017173,San Zeno Naviglio,2023,0-9,addetti,1052.6
017173,San Zeno Naviglio,2023,10-49,addetti,885.0
017173,San Zeno Naviglio,2023,250+,addetti,439.7
017173,San Zeno Naviglio,2023,50-249,addetti,547.1
017173,San Zeno Naviglio,2023,totale,addetti,2924.4
017173,San Zeno Naviglio,2018,0-9,unita_locali,408
017173,San Zeno Naviglio,2018,10-49,unita_locali,42
017173,San Zeno Naviglio,2018,50-249,unita_locali,8
017173,San Zeno Naviglio,2018,totale,unita_locali,458
017173,San Zeno Naviglio,2019,0-9,unita_locali,418
017173,San Zeno Naviglio,2019,10-49,unita_locali,45
017173,San Zeno Naviglio,2019,250+,unita_locali,1
017173,San Zeno Naviglio,2019,50-249,unita_locali,8
017173,San Zeno Naviglio,2019,totale,unita_locali,472
017173,San Zeno Naviglio,2020,0-9,unita_locali,456
017173,San Zeno Naviglio,2020,10-49,unita_locali,45
017173,San Zeno Naviglio,2020,250+,unita_locali,1
017173,San Zeno Naviglio,2020,50-249,unita_locali,6
017173,San Zeno Naviglio,2020,totale,unita_locali,508
017173,San Zeno Naviglio,2021,0-9,unita_locali,469
017173,San Zeno Naviglio,2021,10-49,unita_locali,50
017173,San Zeno Naviglio,2021,250+,unita_locali,1
017173,San Zeno Naviglio,2021,50-249,unita_locali,6
017173,San Zeno Naviglio,2021,totale,unita_locali,526
017173,San Zeno Naviglio,2022,0-9,unita_locali,476
017173,San Zeno Naviglio,2022,10-49,unita_locali,49
017173,San Zeno Naviglio,2022,250+,unita_locali,1
017173,San Zeno Naviglio,2022,50-249,unita_locali,7
017173,San Zeno Naviglio,2022,totale,unita_locali,533
017173,San Zeno Naviglio,2023,0-9,unita_locali,497
017173,San Zeno Naviglio,2023,10-49,unita_locali,48
017173,San Zeno Naviglio,2023,250+,unita_locali,1
017173,San Zeno Naviglio,2023,50-249,unita_locali,6
017173,San Zeno Naviglio,2023,totale,unita_locali,552
017174,Sarezzo,2018,0-9,addetti,2043.4
017174,Sarezzo,2018,10-49,addetti,1276.1
017174,Sarezzo,2018,250+,addetti,259.1
017174,Sarezzo,2018,50-249,addetti,1068.5
017174,Sarezzo,2018,totale,addetti,4647.1
017174,Sarezzo,2019,0-9,addetti,2008.8
017174,Sarezzo,2019,10-49,addetti,1330.5
017174,Sarezzo,2019,250+,addetti,259.9
017174,Sarezzo,2019,50-249,addetti,1067.9
017174,Sarezzo,2019,totale,addetti,4667.1
017174,Sarezzo,2020,0-9,addetti,2014.4
017174,Sarezzo,2020,10-49,addetti,1315.5
017174,Sarezzo,2020,250+,addetti,572.0
017174,Sarezzo,2020,50-249,addetti,757.3
017174,Sarezzo,2020,totale,addetti,4659.2
017174,Sarezzo,2021,0-9,addetti,1997.8
017174,Sarezzo,2021,10-49,addetti,1393.7
017174,Sarezzo,2021,250+,addetti,712.1
017174,Sarezzo,2021,50-249,addetti,1051.8
017174,Sarezzo,2021,totale,addetti,5155.4
017174,Sarezzo,2022,0-9,addetti,2047.0
017174,Sarezzo,2022,10-49,addetti,1309.3
017174,Sarezzo,2022,250+,addetti,689.4
017174,Sarezzo,2022,50-249,addetti,1063.1
017174,Sarezzo,2022,totale,addetti,5108.8
017174,Sarezzo,2023,0-9,addetti,2048.6
017174,Sarezzo,2023,10-49,addetti,1412.9
017174,Sarezzo,2023,250+,addetti,641.2
017174,Sarezzo,2023,50-249,addetti,1001.1
017174,Sarezzo,2023,totale,addetti,5103.8
017174,Sarezzo,2018,0-9,unita_locali,944
017174,Sarezzo,2018,10-49,unita_locali,77
017174,Sarezzo,2018,250+,unita_locali,1
017174,Sarezzo,2018,50-249,unita_locali,10
017174,Sarezzo,2018,totale,unita_locali,1032
017174,Sarezzo,2019,0-9,unita_locali,918
017174,Sarezzo,2019,10-49,unita_locali,79
017174,Sarezzo,2019,250+,unita_locali,1
017174,Sarezzo,2019,50-249,unita_locali,10
017174,Sarezzo,2019,totale,unita_locali,1008
017174,Sarezzo,2020,0-9,unita_locali,956
017174,Sarezzo,2020,10-49,unita_locali,77
017174,Sarezzo,2020,250+,unita_locali,2
017174,Sarezzo,2020,50-249,unita_locali,7
017174,Sarezzo,2020,totale,unita_locali,1042
017174,Sarezzo,2021,0-9,unita_locali,953
017174,Sarezzo,2021,10-49,unita_locali,81
017174,Sarezzo,2021,250+,unita_locali,2
017174,Sarezzo,2021,50-249,unita_locali,12
017174,Sarezzo,2021,totale,unita_locali,1048
017174,Sarezzo,2022,0-9,unita_locali,972
017174,Sarezzo,2022,10-49,unita_locali,78
017174,Sarezzo,2022,250+,unita_locali,2
017174,Sarezzo,2022,50-249,unita_locali,12
017174,Sarezzo,2022,totale,unita_locali,1064
017174,Sarezzo,2023,0-9,unita_locali,965
017174,Sarezzo,2023,10-49,unita_locali,83
017174,Sarezzo,2023,250+,unita_locali,2
017174,Sarezzo,2023,50-249,unita_locali,11
017174,Sarezzo,2023,totale,unita_locali,1061
017175,Saviore dell'Adamello,2018,0-9,addetti,64.7
017175,Saviore dell'Adamello,2018,10-49,addetti,16.5
017175,Saviore dell'Adamello,2018,totale,addetti,81.2
017175,Saviore dell'Adamello,2019,0-9,addetti,65.6
017175,Saviore dell'Adamello,2019,10-49,addetti,19.6
017175,Saviore dell'Adamello,2019,totale,addetti,85.2
017175,Saviore dell'Adamello,2020,0-9,addetti,65.4
017175,Saviore dell'Adamello,2020,10-49,addetti,19.9
017175,Saviore dell'Adamello,2020,totale,addetti,85.2
017175,Saviore dell'Adamello,2021,0-9,addetti,71.8
017175,Saviore dell'Adamello,2021,10-49,addetti,34.5
017175,Saviore dell'Adamello,2021,totale,addetti,106.3
017175,Saviore dell'Adamello,2022,0-9,addetti,72.2
017175,Saviore dell'Adamello,2022,10-49,addetti,10.0
017175,Saviore dell'Adamello,2022,totale,addetti,82.2
017175,Saviore dell'Adamello,2023,0-9,addetti,67.8
017175,Saviore dell'Adamello,2023,10-49,addetti,10.6
017175,Saviore dell'Adamello,2023,totale,addetti,78.3
017175,Saviore dell'Adamello,2018,0-9,unita_locali,43
017175,Saviore dell'Adamello,2018,10-49,unita_locali,1
017175,Saviore dell'Adamello,2018,totale,unita_locali,44
017175,Saviore dell'Adamello,2019,0-9,unita_locali,44
017175,Saviore dell'Adamello,2019,10-49,unita_locali,1
017175,Saviore dell'Adamello,2019,totale,unita_locali,45
017175,Saviore dell'Adamello,2020,0-9,unita_locali,44
017175,Saviore dell'Adamello,2020,10-49,unita_locali,1
017175,Saviore dell'Adamello,2020,totale,unita_locali,45
017175,Saviore dell'Adamello,2021,0-9,unita_locali,47
017175,Saviore dell'Adamello,2021,10-49,unita_locali,2
017175,Saviore dell'Adamello,2021,totale,unita_locali,49
017175,Saviore dell'Adamello,2022,0-9,unita_locali,47
017175,Saviore dell'Adamello,2022,10-49,unita_locali,1
017175,Saviore dell'Adamello,2022,totale,unita_locali,48
017175,Saviore dell'Adamello,2023,0-9,unita_locali,46
017175,Saviore dell'Adamello,2023,10-49,unita_locali,1
017175,Saviore dell'Adamello,2023,totale,unita_locali,47
017176,Sellero,2018,0-9,addetti,187.4
017176,Sellero,2018,10-49,addetti,174.8
017176,Sellero,2018,50-249,addetti,341.3
017176,Sellero,2018,totale,addetti,703.5
017176,Sellero,2019,0-9,addetti,184.6
017176,Sellero,2019,10-49,addetti,129.7
017176,Sellero,2019,50-249,addetti,357.5
017176,Sellero,2019,totale,addetti,671.9
017176,Sellero,2020,0-9,addetti,192.0
017176,Sellero,2020,10-49,addetti,180.2
017176,Sellero,2020,50-249,addetti,280.6
017176,Sellero,2020,totale,addetti,652.8
017176,Sellero,2021,0-9,addetti,192.9
017176,Sellero,2021,10-49,addetti,131.8
017176,Sellero,2021,50-249,addetti,316.1
017176,Sellero,2021,totale,addetti,640.9
017176,Sellero,2022,0-9,addetti,180.2
017176,Sellero,2022,10-49,addetti,168.7
017176,Sellero,2022,50-249,addetti,342.1
017176,Sellero,2022,totale,addetti,691.0
017176,Sellero,2023,0-9,addetti,207.5
017176,Sellero,2023,10-49,addetti,143.1
017176,Sellero,2023,50-249,addetti,341.2
017176,Sellero,2023,totale,addetti,691.8
017176,Sellero,2018,0-9,unita_locali,90
017176,Sellero,2018,10-49,unita_locali,10
017176,Sellero,2018,50-249,unita_locali,2
017176,Sellero,2018,totale,unita_locali,102
017176,Sellero,2019,0-9,unita_locali,85
017176,Sellero,2019,10-49,unita_locali,9
017176,Sellero,2019,50-249,unita_locali,3
017176,Sellero,2019,totale,unita_locali,97
017176,Sellero,2020,0-9,unita_locali,89
017176,Sellero,2020,10-49,unita_locali,9
017176,Sellero,2020,50-249,unita_locali,2
017176,Sellero,2020,totale,unita_locali,100
017176,Sellero,2021,0-9,unita_locali,88
017176,Sellero,2021,10-49,unita_locali,8
017176,Sellero,2021,50-249,unita_locali,3
017176,Sellero,2021,totale,unita_locali,99
017176,Sellero,2022,0-9,unita_locali,87
017176,Sellero,2022,10-49,unita_locali,11
017176,Sellero,2022,50-249,unita_locali,3
017176,Sellero,2022,totale,unita_locali,101
017176,Sellero,2023,0-9,unita_locali,90
017176,Sellero,2023,10-49,unita_locali,9
017176,Sellero,2023,50-249,unita_locali,3
017176,Sellero,2023,totale,unita_locali,102
017177,Seniga,2018,0-9,addetti,160.3
017177,Seniga,2018,10-49,addetti,59.7
017177,Seniga,2018,50-249,addetti,211.3
017177,Seniga,2018,totale,addetti,431.2
017177,Seniga,2019,0-9,addetti,151.8
017177,Seniga,2019,10-49,addetti,77.4
017177,Seniga,2019,50-249,addetti,214.8
017177,Seniga,2019,totale,addetti,444.0
017177,Seniga,2020,0-9,addetti,143.4
017177,Seniga,2020,10-49,addetti,70.8
017177,Seniga,2020,50-249,addetti,213.9
017177,Seniga,2020,totale,addetti,428.0
017177,Seniga,2021,0-9,addetti,150.0
017177,Seniga,2021,10-49,addetti,76.5
017177,Seniga,2021,50-249,addetti,210.3
017177,Seniga,2021,totale,addetti,436.7
017177,Seniga,2022,0-9,addetti,155.4
017177,Seniga,2022,10-49,addetti,85.0
017177,Seniga,2022,50-249,addetti,212.9
017177,Seniga,2022,totale,addetti,453.3
017177,Seniga,2023,0-9,addetti,151.0
017177,Seniga,2023,10-49,addetti,82.2
017177,Seniga,2023,50-249,addetti,211.1
017177,Seniga,2023,totale,addetti,444.2
017177,Seniga,2018,0-9,unita_locali,71
017177,Seniga,2018,10-49,unita_locali,4
017177,Seniga,2018,50-249,unita_locali,2
017177,Seniga,2018,totale,unita_locali,77
017177,Seniga,2019,0-9,unita_locali,70
017177,Seniga,2019,10-49,unita_locali,5
017177,Seniga,2019,50-249,unita_locali,2
017177,Seniga,2019,totale,unita_locali,77
017177,Seniga,2020,0-9,unita_locali,66
017177,Seniga,2020,10-49,unita_locali,5
017177,Seniga,2020,50-249,unita_locali,2
017177,Seniga,2020,totale,unita_locali,73
017177,Seniga,2021,0-9,unita_locali,74
017177,Seniga,2021,10-49,unita_locali,5
017177,Seniga,2021,50-249,unita_locali,2
017177,Seniga,2021,totale,unita_locali,81
017177,Seniga,2022,0-9,unita_locali,83
017177,Seniga,2022,10-49,unita_locali,5
017177,Seniga,2022,50-249,unita_locali,2
017177,Seniga,2022,totale,unita_locali,90
017177,Seniga,2023,0-9,unita_locali,85
017177,Seniga,2023,10-49,unita_locali,5
017177,Seniga,2023,50-249,unita_locali,2
017177,Seniga,2023,totale,unita_locali,92
017178,Serle,2018,0-9,addetti,296.0
017178,Serle,2018,10-49,addetti,27.9
017178,Serle,2018,totale,addetti,323.9
017178,Serle,2019,0-9,addetti,294.1
017178,Serle,2019,10-49,addetti,29.1
017178,Serle,2019,totale,addetti,323.3
017178,Serle,2020,0-9,addetti,288.6
017178,Serle,2020,10-49,addetti,24.9
017178,Serle,2020,totale,addetti,313.5
017178,Serle,2021,0-9,addetti,290.9
017178,Serle,2021,10-49,addetti,25.4
017178,Serle,2021,totale,addetti,316.3
017178,Serle,2022,0-9,addetti,298.8
017178,Serle,2022,10-49,addetti,26.9
017178,Serle,2022,totale,addetti,325.8
017178,Serle,2023,0-9,addetti,306.9
017178,Serle,2023,10-49,addetti,29.3
017178,Serle,2023,totale,addetti,336.1
017178,Serle,2018,0-9,unita_locali,167
017178,Serle,2018,10-49,unita_locali,2
017178,Serle,2018,totale,unita_locali,169
017178,Serle,2019,0-9,unita_locali,162
017178,Serle,2019,10-49,unita_locali,2
017178,Serle,2019,totale,unita_locali,164
017178,Serle,2020,0-9,unita_locali,173
017178,Serle,2020,10-49,unita_locali,2
017178,Serle,2020,totale,unita_locali,175
017178,Serle,2021,0-9,unita_locali,178
017178,Serle,2021,10-49,unita_locali,2
017178,Serle,2021,totale,unita_locali,180
017178,Serle,2022,0-9,unita_locali,184
017178,Serle,2022,10-49,unita_locali,2
017178,Serle,2022,totale,unita_locali,186
017178,Serle,2023,0-9,unita_locali,173
017178,Serle,2023,10-49,unita_locali,2
017178,Serle,2023,totale,unita_locali,175
017179,Sirmione,2018,0-9,addetti,2078.7
017179,Sirmione,2018,10-49,addetti,1243.7
017179,Sirmione,2018,50-249,addetti,339.8
017179,Sirmione,2018,totale,addetti,3662.2
017179,Sirmione,2019,0-9,addetti,2062.7
017179,Sirmione,2019,10-49,addetti,1269.9
017179,Sirmione,2019,50-249,addetti,376.3
017179,Sirmione,2019,totale,addetti,3708.8
017179,Sirmione,2020,0-9,addetti,1980.7
017179,Sirmione,2020,10-49,addetti,839.7
017179,Sirmione,2020,50-249,addetti,262.6
017179,Sirmione,2020,totale,addetti,3082.9
017179,Sirmione,2021,0-9,addetti,2064.6
017179,Sirmione,2021,10-49,addetti,910.4
017179,Sirmione,2021,50-249,addetti,274.9
017179,Sirmione,2021,totale,addetti,3249.9
017179,Sirmione,2022,0-9,addetti,2075.5
017179,Sirmione,2022,10-49,addetti,1300.9
017179,Sirmione,2022,50-249,addetti,417.4
017179,Sirmione,2022,totale,addetti,3793.8
017179,Sirmione,2023,0-9,addetti,2070.3
017179,Sirmione,2023,10-49,addetti,1310.8
017179,Sirmione,2023,50-249,addetti,534.2
017179,Sirmione,2023,totale,addetti,3915.3
017179,Sirmione,2018,0-9,unita_locali,913
017179,Sirmione,2018,10-49,unita_locali,74
017179,Sirmione,2018,50-249,unita_locali,3
017179,Sirmione,2018,totale,unita_locali,990
017179,Sirmione,2019,0-9,unita_locali,917
017179,Sirmione,2019,10-49,unita_locali,75
017179,Sirmione,2019,50-249,unita_locali,4
017179,Sirmione,2019,totale,unita_locali,996
017179,Sirmione,2020,0-9,unita_locali,964
017179,Sirmione,2020,10-49,unita_locali,50
017179,Sirmione,2020,50-249,unita_locali,2
017179,Sirmione,2020,totale,unita_locali,1016
017179,Sirmione,2021,0-9,unita_locali,976
017179,Sirmione,2021,10-49,unita_locali,54
017179,Sirmione,2021,50-249,unita_locali,4
017179,Sirmione,2021,totale,unita_locali,1034
017179,Sirmione,2022,0-9,unita_locali,991
017179,Sirmione,2022,10-49,unita_locali,78
017179,Sirmione,2022,50-249,unita_locali,5
017179,Sirmione,2022,totale,unita_locali,1074
017179,Sirmione,2023,0-9,unita_locali,993
017179,Sirmione,2023,10-49,unita_locali,84
017179,Sirmione,2023,50-249,unita_locali,7
017179,Sirmione,2023,totale,unita_locali,1084
017180,Soiano del Lago,2018,0-9,addetti,348.5
017180,Soiano del Lago,2018,10-49,addetti,189.8
017180,Soiano del Lago,2018,totale,addetti,538.3
017180,Soiano del Lago,2019,0-9,addetti,375.1
017180,Soiano del Lago,2019,10-49,addetti,155.3
017180,Soiano del Lago,2019,totale,addetti,530.4
017180,Soiano del Lago,2020,0-9,addetti,360.3
017180,Soiano del Lago,2020,10-49,addetti,138.7
017180,Soiano del Lago,2020,totale,addetti,499.0
017180,Soiano del Lago,2021,0-9,addetti,391.3
017180,Soiano del Lago,2021,10-49,addetti,157.3
017180,Soiano del Lago,2021,totale,addetti,548.6
017180,Soiano del Lago,2022,0-9,addetti,401.6
017180,Soiano del Lago,2022,10-49,addetti,176.4
017180,Soiano del Lago,2022,totale,addetti,578.0
017180,Soiano del Lago,2023,0-9,addetti,434.8
017180,Soiano del Lago,2023,10-49,addetti,156.9
017180,Soiano del Lago,2023,totale,addetti,591.7
017180,Soiano del Lago,2018,0-9,unita_locali,185
017180,Soiano del Lago,2018,10-49,unita_locali,13
017180,Soiano del Lago,2018,totale,unita_locali,198
017180,Soiano del Lago,2019,0-9,unita_locali,189
017180,Soiano del Lago,2019,10-49,unita_locali,9
017180,Soiano del Lago,2019,totale,unita_locali,198
017180,Soiano del Lago,2020,0-9,unita_locali,192
017180,Soiano del Lago,2020,10-49,unita_locali,8
017180,Soiano del Lago,2020,totale,unita_locali,200
017180,Soiano del Lago,2021,0-9,unita_locali,208
017180,Soiano del Lago,2021,10-49,unita_locali,10
017180,Soiano del Lago,2021,totale,unita_locali,218
017180,Soiano del Lago,2022,0-9,unita_locali,221
017180,Soiano del Lago,2022,10-49,unita_locali,11
017180,Soiano del Lago,2022,totale,unita_locali,232
017180,Soiano del Lago,2023,0-9,unita_locali,234
017180,Soiano del Lago,2023,10-49,unita_locali,9
017180,Soiano del Lago,2023,totale,unita_locali,243
017181,Sonico,2018,0-9,addetti,259.5
017181,Sonico,2018,10-49,addetti,217.1
017181,Sonico,2018,50-249,addetti,67.4
017181,Sonico,2018,totale,addetti,544.0
017181,Sonico,2019,0-9,addetti,251.8
017181,Sonico,2019,10-49,addetti,258.0
017181,Sonico,2019,50-249,addetti,58.9
017181,Sonico,2019,totale,addetti,568.7
017181,Sonico,2020,0-9,addetti,249.1
017181,Sonico,2020,10-49,addetti,259.4
017181,Sonico,2020,50-249,addetti,75.4
017181,Sonico,2020,totale,addetti,584.0
017181,Sonico,2021,0-9,addetti,262.2
017181,Sonico,2021,10-49,addetti,264.8
017181,Sonico,2021,50-249,addetti,63.0
017181,Sonico,2021,totale,addetti,590.0
017181,Sonico,2022,0-9,addetti,259.1
017181,Sonico,2022,10-49,addetti,255.0
017181,Sonico,2022,50-249,addetti,68.9
017181,Sonico,2022,totale,addetti,583.0
017181,Sonico,2023,0-9,addetti,243.7
017181,Sonico,2023,10-49,addetti,275.8
017181,Sonico,2023,50-249,addetti,102.3
017181,Sonico,2023,totale,addetti,621.7
017181,Sonico,2018,0-9,unita_locali,108
017181,Sonico,2018,10-49,unita_locali,11
017181,Sonico,2018,50-249,unita_locali,1
017181,Sonico,2018,totale,unita_locali,120
017181,Sonico,2019,0-9,unita_locali,109
017181,Sonico,2019,10-49,unita_locali,12
017181,Sonico,2019,50-249,unita_locali,1
017181,Sonico,2019,totale,unita_locali,122
017181,Sonico,2020,0-9,unita_locali,119
017181,Sonico,2020,10-49,unita_locali,13
017181,Sonico,2020,50-249,unita_locali,1
017181,Sonico,2020,totale,unita_locali,133
017181,Sonico,2021,0-9,unita_locali,125
017181,Sonico,2021,10-49,unita_locali,12
017181,Sonico,2021,50-249,unita_locali,1
017181,Sonico,2021,totale,unita_locali,138
017181,Sonico,2022,0-9,unita_locali,127
017181,Sonico,2022,10-49,unita_locali,13
017181,Sonico,2022,50-249,unita_locali,1
017181,Sonico,2022,totale,unita_locali,141
017181,Sonico,2023,0-9,unita_locali,125
017181,Sonico,2023,10-49,unita_locali,15
017181,Sonico,2023,50-249,unita_locali,1
017181,Sonico,2023,totale,unita_locali,141
017182,Sulzano,2018,0-9,addetti,271.3
017182,Sulzano,2018,10-49,addetti,14.7
017182,Sulzano,2018,totale,addetti,285.9
017182,Sulzano,2019,0-9,addetti,264.4
017182,Sulzano,2019,10-49,addetti,10.8
017182,Sulzano,2019,totale,addetti,275.2
017182,Sulzano,2020,0-9,addetti,263.1
017182,Sulzano,2020,totale,addetti,263.1
017182,Sulzano,2021,0-9,addetti,262.9
017182,Sulzano,2021,10-49,addetti,10.9
017182,Sulzano,2021,totale,addetti,273.8
017182,Sulzano,2022,0-9,addetti,266.6
017182,Sulzano,2022,10-49,addetti,23.6
017182,Sulzano,2022,totale,addetti,290.2
017182,Sulzano,2023,0-9,addetti,265.6
017182,Sulzano,2023,10-49,addetti,35.5
017182,Sulzano,2023,totale,addetti,301.1
017182,Sulzano,2018,0-9,unita_locali,150
017182,Sulzano,2018,10-49,unita_locali,1
017182,Sulzano,2018,totale,unita_locali,151
017182,Sulzano,2019,0-9,unita_locali,151
017182,Sulzano,2019,10-49,unita_locali,1
017182,Sulzano,2019,totale,unita_locali,152
017182,Sulzano,2020,0-9,unita_locali,156
017182,Sulzano,2020,totale,unita_locali,156
017182,Sulzano,2021,0-9,unita_locali,163
017182,Sulzano,2021,10-49,unita_locali,1
017182,Sulzano,2021,totale,unita_locali,164
017182,Sulzano,2022,0-9,unita_locali,169
017182,Sulzano,2022,10-49,unita_locali,2
017182,Sulzano,2022,totale,unita_locali,171
017182,Sulzano,2023,0-9,unita_locali,171
017182,Sulzano,2023,10-49,unita_locali,3
017182,Sulzano,2023,totale,unita_locali,174
017183,Tavernole sul Mella,2018,0-9,addetti,257.3
017183,Tavernole sul Mella,2018,10-49,addetti,140.0
017183,Tavernole sul Mella,2018,totale,addetti,397.3
017183,Tavernole sul Mella,2019,0-9,addetti,237.0
017183,Tavernole sul Mella,2019,10-49,addetti,159.5
017183,Tavernole sul Mella,2019,totale,addetti,396.5
017183,Tavernole sul Mella,2020,0-9,addetti,237.6
017183,Tavernole sul Mella,2020,10-49,addetti,125.2
017183,Tavernole sul Mella,2020,totale,addetti,362.8
017183,Tavernole sul Mella,2021,0-9,addetti,259.1
017183,Tavernole sul Mella,2021,10-49,addetti,135.7
017183,Tavernole sul Mella,2021,totale,addetti,394.8
017183,Tavernole sul Mella,2022,0-9,addetti,259.4
017183,Tavernole sul Mella,2022,10-49,addetti,137.8
017183,Tavernole sul Mella,2022,totale,addetti,397.2
017183,Tavernole sul Mella,2023,0-9,addetti,258.3
017183,Tavernole sul Mella,2023,10-49,addetti,115.9
017183,Tavernole sul Mella,2023,totale,addetti,374.2
017183,Tavernole sul Mella,2018,0-9,unita_locali,122
017183,Tavernole sul Mella,2018,10-49,unita_locali,9
017183,Tavernole sul Mella,2018,totale,unita_locali,131
017183,Tavernole sul Mella,2019,0-9,unita_locali,111
017183,Tavernole sul Mella,2019,10-49,unita_locali,9
017183,Tavernole sul Mella,2019,totale,unita_locali,120
017183,Tavernole sul Mella,2020,0-9,unita_locali,113
017183,Tavernole sul Mella,2020,10-49,unita_locali,8
017183,Tavernole sul Mella,2020,totale,unita_locali,121
017183,Tavernole sul Mella,2021,0-9,unita_locali,118
017183,Tavernole sul Mella,2021,10-49,unita_locali,8
017183,Tavernole sul Mella,2021,totale,unita_locali,126
017183,Tavernole sul Mella,2022,0-9,unita_locali,121
017183,Tavernole sul Mella,2022,10-49,unita_locali,9
017183,Tavernole sul Mella,2022,totale,unita_locali,130
017183,Tavernole sul Mella,2023,0-9,unita_locali,121
017183,Tavernole sul Mella,2023,10-49,unita_locali,7
017183,Tavernole sul Mella,2023,totale,unita_locali,128
017184,Temù,2018,0-9,addetti,297.6
017184,Temù,2018,10-49,addetti,21.6
017184,Temù,2018,50-249,addetti,59.0
017184,Temù,2018,totale,addetti,378.3
017184,Temù,2019,0-9,addetti,300.7
017184,Temù,2019,10-49,addetti,60.4
017184,Temù,2019,totale,addetti,361.1
017184,Temù,2020,0-9,addetti,283.1
017184,Temù,2020,10-49,addetti,79.4
017184,Temù,2020,totale,addetti,362.5
017184,Temù,2021,0-9,addetti,277.8
017184,Temù,2021,10-49,addetti,85.7
017184,Temù,2021,totale,addetti,363.4
017184,Temù,2022,0-9,addetti,294.2
017184,Temù,2022,10-49,addetti,110.0
017184,Temù,2022,totale,addetti,404.2
017184,Temù,2023,0-9,addetti,279.4
017184,Temù,2023,10-49,addetti,79.1
017184,Temù,2023,50-249,addetti,51.4
017184,Temù,2023,totale,addetti,409.8
017184,Temù,2018,0-9,unita_locali,164
017184,Temù,2018,10-49,unita_locali,2
017184,Temù,2018,50-249,unita_locali,1
017184,Temù,2018,totale,unita_locali,167
017184,Temù,2019,0-9,unita_locali,157
017184,Temù,2019,10-49,unita_locali,2
017184,Temù,2019,totale,unita_locali,159
017184,Temù,2020,0-9,unita_locali,161
017184,Temù,2020,10-49,unita_locali,3
017184,Temù,2020,totale,unita_locali,164
017184,Temù,2021,0-9,unita_locali,159
017184,Temù,2021,10-49,unita_locali,4
017184,Temù,2021,totale,unita_locali,163
017184,Temù,2022,0-9,unita_locali,163
017184,Temù,2022,10-49,unita_locali,5
017184,Temù,2022,totale,unita_locali,168
017184,Temù,2023,0-9,unita_locali,157
017184,Temù,2023,10-49,unita_locali,4
017184,Temù,2023,50-249,unita_locali,1
017184,Temù,2023,totale,unita_locali,162
017185,Tignale,2018,0-9,addetti,289.4
017185,Tignale,2018,10-49,addetti,65.9
017185,Tignale,2018,totale,addetti,355.3
017185,Tignale,2019,0-9,addetti,291.7
017185,Tignale,2019,10-49,addetti,66.6
017185,Tignale,2019,totale,addetti,358.3
017185,Tignale,2020,0-9,addetti,276.0
017185,Tignale,2020,10-49,addetti,26.5
017185,Tignale,2020,totale,addetti,302.4
017185,Tignale,2021,0-9,addetti,302.7
017185,Tignale,2021,10-49,addetti,46.9
017185,Tignale,2021,totale,addetti,349.6
017185,Tignale,2022,0-9,addetti,323.9
017185,Tignale,2022,10-49,addetti,67.1
017185,Tignale,2022,totale,addetti,390.9
017185,Tignale,2023,0-9,addetti,342.2
017185,Tignale,2023,10-49,addetti,63.6
017185,Tignale,2023,totale,addetti,405.8
017185,Tignale,2018,0-9,unita_locali,156
017185,Tignale,2018,10-49,unita_locali,4
017185,Tignale,2018,totale,unita_locali,160
017185,Tignale,2019,0-9,unita_locali,158
017185,Tignale,2019,10-49,unita_locali,4
017185,Tignale,2019,totale,unita_locali,162
017185,Tignale,2020,0-9,unita_locali,162
017185,Tignale,2020,10-49,unita_locali,2
017185,Tignale,2020,totale,unita_locali,164
017185,Tignale,2021,0-9,unita_locali,169
017185,Tignale,2021,10-49,unita_locali,3
017185,Tignale,2021,totale,unita_locali,172
017185,Tignale,2022,0-9,unita_locali,175
017185,Tignale,2022,10-49,unita_locali,4
017185,Tignale,2022,totale,unita_locali,179
017185,Tignale,2023,0-9,unita_locali,171
017185,Tignale,2023,10-49,unita_locali,3
017185,Tignale,2023,totale,unita_locali,174
017186,Torbole Casaglia,2018,0-9,addetti,791.0
017186,Torbole Casaglia,2018,10-49,addetti,864.9
017186,Torbole Casaglia,2018,250+,addetti,386.1
017186,Torbole Casaglia,2018,50-249,addetti,803.9
017186,Torbole Casaglia,2018,totale,addetti,2845.9
017186,Torbole Casaglia,2019,0-9,addetti,811.3
017186,Torbole Casaglia,2019,10-49,addetti,869.3
017186,Torbole Casaglia,2019,250+,addetti,593.7
017186,Torbole Casaglia,2019,50-249,addetti,552.6
017186,Torbole Casaglia,2019,totale,addetti,2826.9
017186,Torbole Casaglia,2020,0-9,addetti,836.8
017186,Torbole Casaglia,2020,10-49,addetti,969.2
017186,Torbole Casaglia,2020,250+,addetti,349.9
017186,Torbole Casaglia,2020,50-249,addetti,586.6
017186,Torbole Casaglia,2020,totale,addetti,2742.4
017186,Torbole Casaglia,2021,0-9,addetti,887.6
017186,Torbole Casaglia,2021,10-49,addetti,945.1
017186,Torbole Casaglia,2021,250+,addetti,374.3
017186,Torbole Casaglia,2021,50-249,addetti,530.0
017186,Torbole Casaglia,2021,totale,addetti,2737.0
017186,Torbole Casaglia,2022,0-9,addetti,880.0
017186,Torbole Casaglia,2022,10-49,addetti,951.1
017186,Torbole Casaglia,2022,250+,addetti,380.6
017186,Torbole Casaglia,2022,50-249,addetti,528.0
017186,Torbole Casaglia,2022,totale,addetti,2739.7
017186,Torbole Casaglia,2023,0-9,addetti,853.1
017186,Torbole Casaglia,2023,10-49,addetti,1025.2
017186,Torbole Casaglia,2023,250+,addetti,399.1
017186,Torbole Casaglia,2023,50-249,addetti,556.9
017186,Torbole Casaglia,2023,totale,addetti,2834.4
017186,Torbole Casaglia,2018,0-9,unita_locali,370
017186,Torbole Casaglia,2018,10-49,unita_locali,49
017186,Torbole Casaglia,2018,250+,unita_locali,1
017186,Torbole Casaglia,2018,50-249,unita_locali,5
017186,Torbole Casaglia,2018,totale,unita_locali,425
017186,Torbole Casaglia,2019,0-9,unita_locali,376
017186,Torbole Casaglia,2019,10-49,unita_locali,48
017186,Torbole Casaglia,2019,250+,unita_locali,2
017186,Torbole Casaglia,2019,50-249,unita_locali,4
017186,Torbole Casaglia,2019,totale,unita_locali,430
017186,Torbole Casaglia,2020,0-9,unita_locali,377
017186,Torbole Casaglia,2020,10-49,unita_locali,45
017186,Torbole Casaglia,2020,250+,unita_locali,1
017186,Torbole Casaglia,2020,50-249,unita_locali,4
017186,Torbole Casaglia,2020,totale,unita_locali,427
017186,Torbole Casaglia,2021,0-9,unita_locali,398
017186,Torbole Casaglia,2021,10-49,unita_locali,47
017186,Torbole Casaglia,2021,250+,unita_locali,1
017186,Torbole Casaglia,2021,50-249,unita_locali,5
017186,Torbole Casaglia,2021,totale,unita_locali,451
017186,Torbole Casaglia,2022,0-9,unita_locali,415
017186,Torbole Casaglia,2022,10-49,unita_locali,47
017186,Torbole Casaglia,2022,250+,unita_locali,1
017186,Torbole Casaglia,2022,50-249,unita_locali,5
017186,Torbole Casaglia,2022,totale,unita_locali,468
017186,Torbole Casaglia,2023,0-9,unita_locali,414
017186,Torbole Casaglia,2023,10-49,unita_locali,50
017186,Torbole Casaglia,2023,250+,unita_locali,1
017186,Torbole Casaglia,2023,50-249,unita_locali,5
017186,Torbole Casaglia,2023,totale,unita_locali,470
017187,Toscolano-Maderno,2018,0-9,addetti,1159.8
017187,Toscolano-Maderno,2018,10-49,addetti,265.9
017187,Toscolano-Maderno,2018,50-249,addetti,217.9
017187,Toscolano-Maderno,2018,totale,addetti,1643.6
017187,Toscolano-Maderno,2019,0-9,addetti,1170.3
017187,Toscolano-Maderno,2019,10-49,addetti,216.2
017187,Toscolano-Maderno,2019,50-249,addetti,222.0
017187,Toscolano-Maderno,2019,totale,addetti,1608.6
017187,Toscolano-Maderno,2020,0-9,addetti,1047.1
017187,Toscolano-Maderno,2020,10-49,addetti,240.8
017187,Toscolano-Maderno,2020,50-249,addetti,212.8
017187,Toscolano-Maderno,2020,totale,addetti,1500.7
017187,Toscolano-Maderno,2021,0-9,addetti,1082.7
017187,Toscolano-Maderno,2021,10-49,addetti,281.8
017187,Toscolano-Maderno,2021,50-249,addetti,215.2
017187,Toscolano-Maderno,2021,totale,addetti,1579.7
017187,Toscolano-Maderno,2022,0-9,addetti,1137.2
017187,Toscolano-Maderno,2022,10-49,addetti,286.9
017187,Toscolano-Maderno,2022,50-249,addetti,269.8
017187,Toscolano-Maderno,2022,totale,addetti,1693.8
017187,Toscolano-Maderno,2023,0-9,addetti,1187.0
017187,Toscolano-Maderno,2023,10-49,addetti,304.8
017187,Toscolano-Maderno,2023,50-249,addetti,264.7
017187,Toscolano-Maderno,2023,totale,addetti,1756.4
017187,Toscolano-Maderno,2018,0-9,unita_locali,610
017187,Toscolano-Maderno,2018,10-49,unita_locali,13
017187,Toscolano-Maderno,2018,50-249,unita_locali,1
017187,Toscolano-Maderno,2018,totale,unita_locali,624
017187,Toscolano-Maderno,2019,0-9,unita_locali,603
017187,Toscolano-Maderno,2019,10-49,unita_locali,12
017187,Toscolano-Maderno,2019,50-249,unita_locali,1
017187,Toscolano-Maderno,2019,totale,unita_locali,616
017187,Toscolano-Maderno,2020,0-9,unita_locali,605
017187,Toscolano-Maderno,2020,10-49,unita_locali,13
017187,Toscolano-Maderno,2020,50-249,unita_locali,1
017187,Toscolano-Maderno,2020,totale,unita_locali,619
017187,Toscolano-Maderno,2021,0-9,unita_locali,616
017187,Toscolano-Maderno,2021,10-49,unita_locali,15
017187,Toscolano-Maderno,2021,50-249,unita_locali,1
017187,Toscolano-Maderno,2021,totale,unita_locali,632
017187,Toscolano-Maderno,2022,0-9,unita_locali,640
017187,Toscolano-Maderno,2022,10-49,unita_locali,14
017187,Toscolano-Maderno,2022,50-249,unita_locali,2
017187,Toscolano-Maderno,2022,totale,unita_locali,656
017187,Toscolano-Maderno,2023,0-9,unita_locali,658
017187,Toscolano-Maderno,2023,10-49,unita_locali,15
017187,Toscolano-Maderno,2023,50-249,unita_locali,2
017187,Toscolano-Maderno,2023,totale,unita_locali,675
017188,Travagliato,2018,0-9,addetti,2166.1
017188,Travagliato,2018,10-49,addetti,1551.7
017188,Travagliato,2018,250+,addetti,344.4
017188,Travagliato,2018,50-249,addetti,1411.4
017188,Travagliato,2018,totale,addetti,5473.5
017188,Travagliato,2019,0-9,addetti,2126.2
017188,Travagliato,2019,10-49,addetti,1587.2
017188,Travagliato,2019,250+,addetti,644.2
017188,Travagliato,2019,50-249,addetti,1254.6
017188,Travagliato,2019,totale,addetti,5612.2
017188,Travagliato,2020,0-9,addetti,2226.5
017188,Travagliato,2020,10-49,addetti,1528.2
017188,Travagliato,2020,250+,addetti,660.0
017188,Travagliato,2020,50-249,addetti,1270.3
017188,Travagliato,2020,totale,addetti,5685.1
017188,Travagliato,2021,0-9,addetti,2300.9
017188,Travagliato,2021,10-49,addetti,1617.3
017188,Travagliato,2021,250+,addetti,921.8
017188,Travagliato,2021,50-249,addetti,994.9
017188,Travagliato,2021,totale,addetti,5835.0
017188,Travagliato,2022,0-9,addetti,2370.2
017188,Travagliato,2022,10-49,addetti,1699.7
017188,Travagliato,2022,250+,addetti,912.7
017188,Travagliato,2022,50-249,addetti,981.2
017188,Travagliato,2022,totale,addetti,5963.8
017188,Travagliato,2023,0-9,addetti,2379.5
017188,Travagliato,2023,10-49,addetti,1787.2
017188,Travagliato,2023,250+,addetti,681.9
017188,Travagliato,2023,50-249,addetti,1295.2
017188,Travagliato,2023,totale,addetti,6143.7
017188,Travagliato,2018,0-9,unita_locali,1107
017188,Travagliato,2018,10-49,unita_locali,90
017188,Travagliato,2018,250+,unita_locali,1
017188,Travagliato,2018,50-249,unita_locali,11
017188,Travagliato,2018,totale,unita_locali,1209
017188,Travagliato,2019,0-9,unita_locali,1109
017188,Travagliato,2019,10-49,unita_locali,92
017188,Travagliato,2019,250+,unita_locali,2
017188,Travagliato,2019,50-249,unita_locali,11
017188,Travagliato,2019,totale,unita_locali,1214
017188,Travagliato,2020,0-9,unita_locali,1141
017188,Travagliato,2020,10-49,unita_locali,86
017188,Travagliato,2020,250+,unita_locali,2
017188,Travagliato,2020,50-249,unita_locali,11
017188,Travagliato,2020,totale,unita_locali,1240
017188,Travagliato,2021,0-9,unita_locali,1161
017188,Travagliato,2021,10-49,unita_locali,92
017188,Travagliato,2021,250+,unita_locali,3
017188,Travagliato,2021,50-249,unita_locali,10
017188,Travagliato,2021,totale,unita_locali,1266
017188,Travagliato,2022,0-9,unita_locali,1208
017188,Travagliato,2022,10-49,unita_locali,96
017188,Travagliato,2022,250+,unita_locali,3
017188,Travagliato,2022,50-249,unita_locali,10
017188,Travagliato,2022,totale,unita_locali,1317
017188,Travagliato,2023,0-9,unita_locali,1221
017188,Travagliato,2023,10-49,unita_locali,98
017188,Travagliato,2023,250+,unita_locali,2
017188,Travagliato,2023,50-249,unita_locali,12
017188,Travagliato,2023,totale,unita_locali,1333
017189,Tremosine sul Garda,2018,0-9,addetti,401.4
017189,Tremosine sul Garda,2018,10-49,addetti,138.5
017189,Tremosine sul Garda,2018,totale,addetti,539.9
017189,Tremosine sul Garda,2019,0-9,addetti,397.7
017189,Tremosine sul Garda,2019,10-49,addetti,133.9
017189,Tremosine sul Garda,2019,totale,addetti,531.6
017189,Tremosine sul Garda,2020,0-9,addetti,372.3
017189,Tremosine sul Garda,2020,10-49,addetti,52.8
017189,Tremosine sul Garda,2020,totale,addetti,425.1
017189,Tremosine sul Garda,2021,0-9,addetti,370.6
017189,Tremosine sul Garda,2021,10-49,addetti,71.3
017189,Tremosine sul Garda,2021,totale,addetti,441.9
017189,Tremosine sul Garda,2022,0-9,addetti,411.6
017189,Tremosine sul Garda,2022,10-49,addetti,93.0
017189,Tremosine sul Garda,2022,totale,addetti,504.6
017189,Tremosine sul Garda,2023,0-9,addetti,410.0
017189,Tremosine sul Garda,2023,10-49,addetti,101.0
017189,Tremosine sul Garda,2023,totale,addetti,511.0
017189,Tremosine sul Garda,2018,0-9,unita_locali,219
017189,Tremosine sul Garda,2018,10-49,unita_locali,8
017189,Tremosine sul Garda,2018,totale,unita_locali,227
017189,Tremosine sul Garda,2019,0-9,unita_locali,208
017189,Tremosine sul Garda,2019,10-49,unita_locali,8
017189,Tremosine sul Garda,2019,totale,unita_locali,216
017189,Tremosine sul Garda,2020,0-9,unita_locali,197
017189,Tremosine sul Garda,2020,10-49,unita_locali,4
017189,Tremosine sul Garda,2020,totale,unita_locali,201
017189,Tremosine sul Garda,2021,0-9,unita_locali,199
017189,Tremosine sul Garda,2021,10-49,unita_locali,6
017189,Tremosine sul Garda,2021,totale,unita_locali,205
017189,Tremosine sul Garda,2022,0-9,unita_locali,210
017189,Tremosine sul Garda,2022,10-49,unita_locali,7
017189,Tremosine sul Garda,2022,totale,unita_locali,217
017189,Tremosine sul Garda,2023,0-9,unita_locali,217
017189,Tremosine sul Garda,2023,10-49,unita_locali,8
017189,Tremosine sul Garda,2023,totale,unita_locali,225
017190,Trenzano,2018,0-9,addetti,633.1
017190,Trenzano,2018,10-49,addetti,269.1
017190,Trenzano,2018,50-249,addetti,168.4
017190,Trenzano,2018,totale,addetti,1070.6
017190,Trenzano,2019,0-9,addetti,638.0
017190,Trenzano,2019,10-49,addetti,230.1
017190,Trenzano,2019,50-249,addetti,177.9
017190,Trenzano,2019,totale,addetti,1046.0
017190,Trenzano,2020,0-9,addetti,678.6
017190,Trenzano,2020,10-49,addetti,254.4
017190,Trenzano,2020,50-249,addetti,210.6
017190,Trenzano,2020,totale,addetti,1143.6
017190,Trenzano,2021,0-9,addetti,715.1
017190,Trenzano,2021,10-49,addetti,251.6
017190,Trenzano,2021,50-249,addetti,211.7
017190,Trenzano,2021,totale,addetti,1178.4
017190,Trenzano,2022,0-9,addetti,730.7
017190,Trenzano,2022,10-49,addetti,221.8
017190,Trenzano,2022,50-249,addetti,201.5
017190,Trenzano,2022,totale,addetti,1154.0
017190,Trenzano,2023,0-9,addetti,763.5
017190,Trenzano,2023,10-49,addetti,201.8
017190,Trenzano,2023,50-249,addetti,225.2
017190,Trenzano,2023,totale,addetti,1190.6
017190,Trenzano,2018,0-9,unita_locali,377
017190,Trenzano,2018,10-49,unita_locali,16
017190,Trenzano,2018,50-249,unita_locali,2
017190,Trenzano,2018,totale,unita_locali,395
017190,Trenzano,2019,0-9,unita_locali,369
017190,Trenzano,2019,10-49,unita_locali,14
017190,Trenzano,2019,50-249,unita_locali,2
017190,Trenzano,2019,totale,unita_locali,385
017190,Trenzano,2020,0-9,unita_locali,388
017190,Trenzano,2020,10-49,unita_locali,15
017190,Trenzano,2020,50-249,unita_locali,2
017190,Trenzano,2020,totale,unita_locali,405
017190,Trenzano,2021,0-9,unita_locali,415
017190,Trenzano,2021,10-49,unita_locali,14
017190,Trenzano,2021,50-249,unita_locali,2
017190,Trenzano,2021,totale,unita_locali,431
017190,Trenzano,2022,0-9,unita_locali,420
017190,Trenzano,2022,10-49,unita_locali,14
017190,Trenzano,2022,50-249,unita_locali,2
017190,Trenzano,2022,totale,unita_locali,436
017190,Trenzano,2023,0-9,unita_locali,426
017190,Trenzano,2023,10-49,unita_locali,12
017190,Trenzano,2023,50-249,unita_locali,2
017190,Trenzano,2023,totale,unita_locali,440
017191,Treviso Bresciano,2018,0-9,addetti,51.8
017191,Treviso Bresciano,2018,totale,addetti,51.8
017191,Treviso Bresciano,2019,0-9,addetti,46.8
017191,Treviso Bresciano,2019,totale,addetti,46.8
017191,Treviso Bresciano,2020,0-9,addetti,50.3
017191,Treviso Bresciano,2020,totale,addetti,50.3
017191,Treviso Bresciano,2021,0-9,addetti,51.5
017191,Treviso Bresciano,2021,totale,addetti,51.5
017191,Treviso Bresciano,2022,0-9,addetti,49.8
017191,Treviso Bresciano,2022,totale,addetti,49.8
017191,Treviso Bresciano,2023,0-9,addetti,44.8
017191,Treviso Bresciano,2023,10-49,addetti,11.1
017191,Treviso Bresciano,2023,totale,addetti,56.0
017191,Treviso Bresciano,2018,0-9,unita_locali,30
017191,Treviso Bresciano,2018,totale,unita_locali,30
017191,Treviso Bresciano,2019,0-9,unita_locali,29
017191,Treviso Bresciano,2019,totale,unita_locali,29
017191,Treviso Bresciano,2020,0-9,unita_locali,32
017191,Treviso Bresciano,2020,totale,unita_locali,32
017191,Treviso Bresciano,2021,0-9,unita_locali,33
017191,Treviso Bresciano,2021,totale,unita_locali,33
017191,Treviso Bresciano,2022,0-9,unita_locali,32
017191,Treviso Bresciano,2022,totale,unita_locali,32
017191,Treviso Bresciano,2023,0-9,unita_locali,30
017191,Treviso Bresciano,2023,10-49,unita_locali,1
017191,Treviso Bresciano,2023,totale,unita_locali,31
017192,Urago d'Oglio,2018,0-9,addetti,444.1
017192,Urago d'Oglio,2018,10-49,addetti,148.7
017192,Urago d'Oglio,2018,totale,addetti,592.7
017192,Urago d'Oglio,2019,0-9,addetti,422.1
017192,Urago d'Oglio,2019,10-49,addetti,109.9
017192,Urago d'Oglio,2019,totale,addetti,532.0
017192,Urago d'Oglio,2020,0-9,addetti,442.2
017192,Urago d'Oglio,2020,10-49,addetti,116.2
017192,Urago d'Oglio,2020,totale,addetti,558.5
017192,Urago d'Oglio,2021,0-9,addetti,415.8
017192,Urago d'Oglio,2021,10-49,addetti,251.1
017192,Urago d'Oglio,2021,totale,addetti,666.9
017192,Urago d'Oglio,2022,0-9,addetti,433.8
017192,Urago d'Oglio,2022,10-49,addetti,243.1
017192,Urago d'Oglio,2022,totale,addetti,676.9
017192,Urago d'Oglio,2023,0-9,addetti,420.4
017192,Urago d'Oglio,2023,10-49,addetti,166.0
017192,Urago d'Oglio,2023,totale,addetti,586.4
017192,Urago d'Oglio,2018,0-9,unita_locali,242
017192,Urago d'Oglio,2018,10-49,unita_locali,8
017192,Urago d'Oglio,2018,totale,unita_locali,250
017192,Urago d'Oglio,2019,0-9,unita_locali,232
017192,Urago d'Oglio,2019,10-49,unita_locali,7
017192,Urago d'Oglio,2019,totale,unita_locali,239
017192,Urago d'Oglio,2020,0-9,unita_locali,241
017192,Urago d'Oglio,2020,10-49,unita_locali,6
017192,Urago d'Oglio,2020,totale,unita_locali,247
017192,Urago d'Oglio,2021,0-9,unita_locali,242
017192,Urago d'Oglio,2021,10-49,unita_locali,15
017192,Urago d'Oglio,2021,totale,unita_locali,257
017192,Urago d'Oglio,2022,0-9,unita_locali,243
017192,Urago d'Oglio,2022,10-49,unita_locali,13
017192,Urago d'Oglio,2022,totale,unita_locali,256
017192,Urago d'Oglio,2023,0-9,unita_locali,234
017192,Urago d'Oglio,2023,10-49,unita_locali,9
017192,Urago d'Oglio,2023,totale,unita_locali,243
017193,Vallio Terme,2018,0-9,addetti,200.4
017193,Vallio Terme,2018,10-49,addetti,44.0
017193,Vallio Terme,2018,totale,addetti,244.4
017193,Vallio Terme,2019,0-9,addetti,204.7
017193,Vallio Terme,2019,10-49,addetti,45.5
017193,Vallio Terme,2019,totale,addetti,250.1
017193,Vallio Terme,2020,0-9,addetti,206.4
017193,Vallio Terme,2020,10-49,addetti,40.4
017193,Vallio Terme,2020,totale,addetti,246.8
017193,Vallio Terme,2021,0-9,addetti,209.3
017193,Vallio Terme,2021,10-49,addetti,42.3
017193,Vallio Terme,2021,totale,addetti,251.7
017193,Vallio Terme,2022,0-9,addetti,215.5
017193,Vallio Terme,2022,10-49,addetti,41.8
017193,Vallio Terme,2022,totale,addetti,257.3
017193,Vallio Terme,2023,0-9,addetti,217.4
017193,Vallio Terme,2023,10-49,addetti,42.5
017193,Vallio Terme,2023,totale,addetti,259.9
017193,Vallio Terme,2018,0-9,unita_locali,104
017193,Vallio Terme,2018,10-49,unita_locali,3
017193,Vallio Terme,2018,totale,unita_locali,107
017193,Vallio Terme,2019,0-9,unita_locali,101
017193,Vallio Terme,2019,10-49,unita_locali,3
017193,Vallio Terme,2019,totale,unita_locali,104
017193,Vallio Terme,2020,0-9,unita_locali,108
017193,Vallio Terme,2020,10-49,unita_locali,3
017193,Vallio Terme,2020,totale,unita_locali,111
017193,Vallio Terme,2021,0-9,unita_locali,109
017193,Vallio Terme,2021,10-49,unita_locali,3
017193,Vallio Terme,2021,totale,unita_locali,112
017193,Vallio Terme,2022,0-9,unita_locali,114
017193,Vallio Terme,2022,10-49,unita_locali,3
017193,Vallio Terme,2022,totale,unita_locali,117
017193,Vallio Terme,2023,0-9,unita_locali,120
017193,Vallio Terme,2023,10-49,unita_locali,3
017193,Vallio Terme,2023,totale,unita_locali,123
017194,Valvestino,2018,0-9,addetti,21.2
017194,Valvestino,2018,totale,addetti,21.2
017194,Valvestino,2019,0-9,addetti,20.6
017194,Valvestino,2019,totale,addetti,20.6
017194,Valvestino,2020,0-9,addetti,19.2
017194,Valvestino,2020,totale,addetti,19.2
017194,Valvestino,2021,0-9,addetti,19.5
017194,Valvestino,2021,totale,addetti,19.5
017194,Valvestino,2022,0-9,addetti,23.5
017194,Valvestino,2022,totale,addetti,23.5
017194,Valvestino,2023,0-9,addetti,19.6
017194,Valvestino,2023,totale,addetti,19.6
017194,Valvestino,2018,0-9,unita_locali,14
017194,Valvestino,2018,totale,unita_locali,14
017194,Valvestino,2019,0-9,unita_locali,14
017194,Valvestino,2019,totale,unita_locali,14
017194,Valvestino,2020,0-9,unita_locali,14
017194,Valvestino,2020,totale,unita_locali,14
017194,Valvestino,2021,0-9,unita_locali,14
017194,Valvestino,2021,totale,unita_locali,14
017194,Valvestino,2022,0-9,unita_locali,14
017194,Valvestino,2022,totale,unita_locali,14
017194,Valvestino,2023,0-9,unita_locali,16
017194,Valvestino,2023,totale,unita_locali,16
017195,Verolanuova,2018,0-9,addetti,1293.2
017195,Verolanuova,2018,10-49,addetti,945.6
017195,Verolanuova,2018,50-249,addetti,1551.9
017195,Verolanuova,2018,totale,addetti,3790.8
017195,Verolanuova,2019,0-9,addetti,1269.8
017195,Verolanuova,2019,10-49,addetti,957.0
017195,Verolanuova,2019,250+,addetti,267.6
017195,Verolanuova,2019,50-249,addetti,1310.3
017195,Verolanuova,2019,totale,addetti,3804.6
017195,Verolanuova,2020,0-9,addetti,1289.2
017195,Verolanuova,2020,10-49,addetti,1061.1
017195,Verolanuova,2020,250+,addetti,274.3
017195,Verolanuova,2020,50-249,addetti,1287.8
017195,Verolanuova,2020,totale,addetti,3912.4
017195,Verolanuova,2021,0-9,addetti,1213.1
017195,Verolanuova,2021,10-49,addetti,1218.0
017195,Verolanuova,2021,50-249,addetti,1619.6
017195,Verolanuova,2021,totale,addetti,4050.8
017195,Verolanuova,2022,0-9,addetti,1215.2
017195,Verolanuova,2022,10-49,addetti,1163.2
017195,Verolanuova,2022,250+,addetti,301.6
017195,Verolanuova,2022,50-249,addetti,1401.0
017195,Verolanuova,2022,totale,addetti,4081.1
017195,Verolanuova,2023,0-9,addetti,1220.7
017195,Verolanuova,2023,10-49,addetti,1251.2
017195,Verolanuova,2023,250+,addetti,284.4
017195,Verolanuova,2023,50-249,addetti,1165.1
017195,Verolanuova,2023,totale,addetti,3921.3
017195,Verolanuova,2018,0-9,unita_locali,576
017195,Verolanuova,2018,10-49,unita_locali,50
017195,Verolanuova,2018,50-249,unita_locali,14
017195,Verolanuova,2018,totale,unita_locali,640
017195,Verolanuova,2019,0-9,unita_locali,565
017195,Verolanuova,2019,10-49,unita_locali,50
017195,Verolanuova,2019,250+,unita_locali,1
017195,Verolanuova,2019,50-249,unita_locali,14
017195,Verolanuova,2019,totale,unita_locali,630
017195,Verolanuova,2020,0-9,unita_locali,580
017195,Verolanuova,2020,10-49,unita_locali,53
017195,Verolanuova,2020,250+,unita_locali,1
017195,Verolanuova,2020,50-249,unita_locali,15
017195,Verolanuova,2020,totale,unita_locali,649
017195,Verolanuova,2021,0-9,unita_locali,570
017195,Verolanuova,2021,10-49,unita_locali,63
017195,Verolanuova,2021,50-249,unita_locali,18
017195,Verolanuova,2021,totale,unita_locali,651
017195,Verolanuova,2022,0-9,unita_locali,588
017195,Verolanuova,2022,10-49,unita_locali,60
017195,Verolanuova,2022,250+,unita_locali,1
017195,Verolanuova,2022,50-249,unita_locali,17
017195,Verolanuova,2022,totale,unita_locali,666
017195,Verolanuova,2023,0-9,unita_locali,597
017195,Verolanuova,2023,10-49,unita_locali,62
017195,Verolanuova,2023,250+,unita_locali,1
017195,Verolanuova,2023,50-249,unita_locali,14
017195,Verolanuova,2023,totale,unita_locali,674
017196,Verolavecchia,2018,0-9,addetti,472.4
017196,Verolavecchia,2018,10-49,addetti,270.2
017196,Verolavecchia,2018,50-249,addetti,93.1
017196,Verolavecchia,2018,totale,addetti,835.7
017196,Verolavecchia,2019,0-9,addetti,456.4
017196,Verolavecchia,2019,10-49,addetti,258.1
017196,Verolavecchia,2019,50-249,addetti,98.0
017196,Verolavecchia,2019,totale,addetti,812.6
017196,Verolavecchia,2020,0-9,addetti,504.2
017196,Verolavecchia,2020,10-49,addetti,199.5
017196,Verolavecchia,2020,50-249,addetti,89.9
017196,Verolavecchia,2020,totale,addetti,793.6
017196,Verolavecchia,2021,0-9,addetti,478.5
017196,Verolavecchia,2021,10-49,addetti,197.3
017196,Verolavecchia,2021,50-249,addetti,91.9
017196,Verolavecchia,2021,totale,addetti,767.7
017196,Verolavecchia,2022,0-9,addetti,464.1
017196,Verolavecchia,2022,10-49,addetti,243.1
017196,Verolavecchia,2022,50-249,addetti,108.7
017196,Verolavecchia,2022,totale,addetti,815.9
017196,Verolavecchia,2023,0-9,addetti,483.9
017196,Verolavecchia,2023,10-49,addetti,237.9
017196,Verolavecchia,2023,50-249,addetti,117.6
017196,Verolavecchia,2023,totale,addetti,839.4
017196,Verolavecchia,2018,0-9,unita_locali,225
017196,Verolavecchia,2018,10-49,unita_locali,16
017196,Verolavecchia,2018,50-249,unita_locali,1
017196,Verolavecchia,2018,totale,unita_locali,242
017196,Verolavecchia,2019,0-9,unita_locali,220
017196,Verolavecchia,2019,10-49,unita_locali,16
017196,Verolavecchia,2019,50-249,unita_locali,1
017196,Verolavecchia,2019,totale,unita_locali,237
017196,Verolavecchia,2020,0-9,unita_locali,240
017196,Verolavecchia,2020,10-49,unita_locali,14
017196,Verolavecchia,2020,50-249,unita_locali,1
017196,Verolavecchia,2020,totale,unita_locali,255
017196,Verolavecchia,2021,0-9,unita_locali,244
017196,Verolavecchia,2021,10-49,unita_locali,15
017196,Verolavecchia,2021,50-249,unita_locali,1
017196,Verolavecchia,2021,totale,unita_locali,260
017196,Verolavecchia,2022,0-9,unita_locali,245
017196,Verolavecchia,2022,10-49,unita_locali,18
017196,Verolavecchia,2022,50-249,unita_locali,1
017196,Verolavecchia,2022,totale,unita_locali,264
017196,Verolavecchia,2023,0-9,unita_locali,244
017196,Verolavecchia,2023,10-49,unita_locali,17
017196,Verolavecchia,2023,50-249,unita_locali,1
017196,Verolavecchia,2023,totale,unita_locali,262
017197,Vestone,2018,0-9,addetti,761.4
017197,Vestone,2018,10-49,addetti,690.9
017197,Vestone,2018,250+,addetti,302.9
017197,Vestone,2018,50-249,addetti,535.6
017197,Vestone,2018,totale,addetti,2290.8
017197,Vestone,2019,0-9,addetti,679.1
017197,Vestone,2019,10-49,addetti,716.7
017197,Vestone,2019,250+,addetti,308.7
017197,Vestone,2019,50-249,addetti,585.4
017197,Vestone,2019,totale,addetti,2289.9
017197,Vestone,2020,0-9,addetti,670.1
017197,Vestone,2020,10-49,addetti,677.6
017197,Vestone,2020,250+,addetti,319.3
017197,Vestone,2020,50-249,addetti,620.7
017197,Vestone,2020,totale,addetti,2287.8
017197,Vestone,2021,0-9,addetti,697.3
017197,Vestone,2021,10-49,addetti,699.0
017197,Vestone,2021,250+,addetti,677.5
017197,Vestone,2021,50-249,addetti,424.9
017197,Vestone,2021,totale,addetti,2498.7
017197,Vestone,2022,0-9,addetti,752.1
017197,Vestone,2022,10-49,addetti,673.1
017197,Vestone,2022,250+,addetti,687.4
017197,Vestone,2022,50-249,addetti,439.7
017197,Vestone,2022,totale,addetti,2552.2
017197,Vestone,2023,0-9,addetti,763.9
017197,Vestone,2023,10-49,addetti,680.3
017197,Vestone,2023,250+,addetti,637.8
017197,Vestone,2023,50-249,addetti,461.0
017197,Vestone,2023,totale,addetti,2543.0
017197,Vestone,2018,0-9,unita_locali,348
017197,Vestone,2018,10-49,unita_locali,32
017197,Vestone,2018,250+,unita_locali,1
017197,Vestone,2018,50-249,unita_locali,7
017197,Vestone,2018,totale,unita_locali,388
017197,Vestone,2019,0-9,unita_locali,326
017197,Vestone,2019,10-49,unita_locali,34
017197,Vestone,2019,250+,unita_locali,1
017197,Vestone,2019,50-249,unita_locali,8
017197,Vestone,2019,totale,unita_locali,369
017197,Vestone,2020,0-9,unita_locali,334
017197,Vestone,2020,10-49,unita_locali,34
017197,Vestone,2020,250+,unita_locali,1
017197,Vestone,2020,50-249,unita_locali,7
017197,Vestone,2020,totale,unita_locali,376
017197,Vestone,2021,0-9,unita_locali,336
017197,Vestone,2021,10-49,unita_locali,35
017197,Vestone,2021,250+,unita_locali,2
017197,Vestone,2021,50-249,unita_locali,7
017197,Vestone,2021,totale,unita_locali,380
017197,Vestone,2022,0-9,unita_locali,342
017197,Vestone,2022,10-49,unita_locali,32
017197,Vestone,2022,250+,unita_locali,2
017197,Vestone,2022,50-249,unita_locali,7
017197,Vestone,2022,totale,unita_locali,383
017197,Vestone,2023,0-9,unita_locali,349
017197,Vestone,2023,10-49,unita_locali,32
017197,Vestone,2023,250+,unita_locali,2
017197,Vestone,2023,50-249,unita_locali,7
017197,Vestone,2023,totale,unita_locali,390
017198,Vezza d'Oglio,2018,0-9,addetti,277.5
017198,Vezza d'Oglio,2018,10-49,addetti,51.0
017198,Vezza d'Oglio,2018,50-249,addetti,53.0
017198,Vezza d'Oglio,2018,totale,addetti,381.5
017198,Vezza d'Oglio,2019,0-9,addetti,272.0
017198,Vezza d'Oglio,2019,10-49,addetti,50.4
017198,Vezza d'Oglio,2019,50-249,addetti,52.1
017198,Vezza d'Oglio,2019,totale,addetti,374.6
017198,Vezza d'Oglio,2020,0-9,addetti,259.4
017198,Vezza d'Oglio,2020,10-49,addetti,60.1
017198,Vezza d'Oglio,2020,50-249,addetti,54.5
017198,Vezza d'Oglio,2020,totale,addetti,374.0
017198,Vezza d'Oglio,2021,0-9,addetti,264.9
017198,Vezza d'Oglio,2021,10-49,addetti,93.3
017198,Vezza d'Oglio,2021,50-249,addetti,51.8
017198,Vezza d'Oglio,2021,totale,addetti,410.1
017198,Vezza d'Oglio,2022,0-9,addetti,284.4
017198,Vezza d'Oglio,2022,10-49,addetti,71.9
017198,Vezza d'Oglio,2022,50-249,addetti,58.4
017198,Vezza d'Oglio,2022,totale,addetti,414.7
017198,Vezza d'Oglio,2023,0-9,addetti,264.7
017198,Vezza d'Oglio,2023,10-49,addetti,97.2
017198,Vezza d'Oglio,2023,50-249,addetti,60.0
017198,Vezza d'Oglio,2023,totale,addetti,421.9
017198,Vezza d'Oglio,2018,0-9,unita_locali,134
017198,Vezza d'Oglio,2018,10-49,unita_locali,3
017198,Vezza d'Oglio,2018,50-249,unita_locali,1
017198,Vezza d'Oglio,2018,totale,unita_locali,138
017198,Vezza d'Oglio,2019,0-9,unita_locali,130
017198,Vezza d'Oglio,2019,10-49,unita_locali,3
017198,Vezza d'Oglio,2019,50-249,unita_locali,1
017198,Vezza d'Oglio,2019,totale,unita_locali,134
017198,Vezza d'Oglio,2020,0-9,unita_locali,136
017198,Vezza d'Oglio,2020,10-49,unita_locali,4
017198,Vezza d'Oglio,2020,50-249,unita_locali,1
017198,Vezza d'Oglio,2020,totale,unita_locali,141
017198,Vezza d'Oglio,2021,0-9,unita_locali,136
017198,Vezza d'Oglio,2021,10-49,unita_locali,5
017198,Vezza d'Oglio,2021,50-249,unita_locali,1
017198,Vezza d'Oglio,2021,totale,unita_locali,142
017198,Vezza d'Oglio,2022,0-9,unita_locali,148
017198,Vezza d'Oglio,2022,10-49,unita_locali,4
017198,Vezza d'Oglio,2022,50-249,unita_locali,1
017198,Vezza d'Oglio,2022,totale,unita_locali,153
017198,Vezza d'Oglio,2023,0-9,unita_locali,148
017198,Vezza d'Oglio,2023,10-49,unita_locali,6
017198,Vezza d'Oglio,2023,50-249,unita_locali,1
017198,Vezza d'Oglio,2023,totale,unita_locali,155
017199,Villa Carcina,2018,0-9,addetti,1412.6
017199,Villa Carcina,2018,10-49,addetti,1054.3
017199,Villa Carcina,2018,50-249,addetti,790.4
017199,Villa Carcina,2018,totale,addetti,3257.3
017199,Villa Carcina,2019,0-9,addetti,1391.4
017199,Villa Carcina,2019,10-49,addetti,1186.9
017199,Villa Carcina,2019,50-249,addetti,716.4
017199,Villa Carcina,2019,totale,addetti,3294.7
017199,Villa Carcina,2020,0-9,addetti,1357.4
017199,Villa Carcina,2020,10-49,addetti,1082.4
017199,Villa Carcina,2020,50-249,addetti,843.7
017199,Villa Carcina,2020,totale,addetti,3283.5
017199,Villa Carcina,2021,0-9,addetti,1355.3
017199,Villa Carcina,2021,10-49,addetti,1240.1
017199,Villa Carcina,2021,50-249,addetti,782.3
017199,Villa Carcina,2021,totale,addetti,3377.7
017199,Villa Carcina,2022,0-9,addetti,1412.3
017199,Villa Carcina,2022,10-49,addetti,1238.5
017199,Villa Carcina,2022,50-249,addetti,650.1
017199,Villa Carcina,2022,totale,addetti,3300.9
017199,Villa Carcina,2023,0-9,addetti,1372.6
017199,Villa Carcina,2023,10-49,addetti,1145.8
017199,Villa Carcina,2023,50-249,addetti,856.5
017199,Villa Carcina,2023,totale,addetti,3374.9
017199,Villa Carcina,2018,0-9,unita_locali,661
017199,Villa Carcina,2018,10-49,unita_locali,55
017199,Villa Carcina,2018,50-249,unita_locali,10
017199,Villa Carcina,2018,totale,unita_locali,726
017199,Villa Carcina,2019,0-9,unita_locali,667
017199,Villa Carcina,2019,10-49,unita_locali,60
017199,Villa Carcina,2019,50-249,unita_locali,9
017199,Villa Carcina,2019,totale,unita_locali,736
017199,Villa Carcina,2020,0-9,unita_locali,669
017199,Villa Carcina,2020,10-49,unita_locali,53
017199,Villa Carcina,2020,50-249,unita_locali,11
017199,Villa Carcina,2020,totale,unita_locali,733
017199,Villa Carcina,2021,0-9,unita_locali,680
017199,Villa Carcina,2021,10-49,unita_locali,62
017199,Villa Carcina,2021,50-249,unita_locali,10
017199,Villa Carcina,2021,totale,unita_locali,752
017199,Villa Carcina,2022,0-9,unita_locali,719
017199,Villa Carcina,2022,10-49,unita_locali,60
017199,Villa Carcina,2022,50-249,unita_locali,9
017199,Villa Carcina,2022,totale,unita_locali,788
017199,Villa Carcina,2023,0-9,unita_locali,700
017199,Villa Carcina,2023,10-49,unita_locali,55
017199,Villa Carcina,2023,50-249,unita_locali,11
017199,Villa Carcina,2023,totale,unita_locali,766
017200,Villachiara,2018,0-9,addetti,107.0
017200,Villachiara,2018,10-49,addetti,49.6
017200,Villachiara,2018,totale,addetti,156.6
017200,Villachiara,2019,0-9,addetti,109.4
017200,Villachiara,2019,10-49,addetti,45.5
017200,Villachiara,2019,totale,addetti,155.0
017200,Villachiara,2020,0-9,addetti,102.4
017200,Villachiara,2020,10-49,addetti,47.6
017200,Villachiara,2020,totale,addetti,150.0
017200,Villachiara,2021,0-9,addetti,97.2
017200,Villachiara,2021,10-49,addetti,60.8
017200,Villachiara,2021,totale,addetti,158.0
017200,Villachiara,2022,0-9,addetti,103.9
017200,Villachiara,2022,10-49,addetti,63.2
017200,Villachiara,2022,totale,addetti,167.1
017200,Villachiara,2023,0-9,addetti,107.0
017200,Villachiara,2023,10-49,addetti,64.5
017200,Villachiara,2023,totale,addetti,171.6
017200,Villachiara,2018,0-9,unita_locali,48
017200,Villachiara,2018,10-49,unita_locali,3
017200,Villachiara,2018,totale,unita_locali,51
017200,Villachiara,2019,0-9,unita_locali,51
017200,Villachiara,2019,10-49,unita_locali,2
017200,Villachiara,2019,totale,unita_locali,53
017200,Villachiara,2020,0-9,unita_locali,52
017200,Villachiara,2020,10-49,unita_locali,2
017200,Villachiara,2020,totale,unita_locali,54
017200,Villachiara,2021,0-9,unita_locali,52
017200,Villachiara,2021,10-49,unita_locali,3
017200,Villachiara,2021,totale,unita_locali,55
017200,Villachiara,2022,0-9,unita_locali,58
017200,Villachiara,2022,10-49,unita_locali,3
017200,Villachiara,2022,totale,unita_locali,61
017200,Villachiara,2023,0-9,unita_locali,59
017200,Villachiara,2023,10-49,unita_locali,3
017200,Villachiara,2023,totale,unita_locali,62
017201,Villanuova sul Clisi,2018,0-9,addetti,949.1
017201,Villanuova sul Clisi,2018,10-49,addetti,500.7
017201,Villanuova sul Clisi,2018,50-249,addetti,52.8
017201,Villanuova sul Clisi,2018,totale,addetti,1502.6
017201,Villanuova sul Clisi,2019,0-9,addetti,974.4
017201,Villanuova sul Clisi,2019,10-49,addetti,443.8
017201,Villanuova sul Clisi,2019,50-249,addetti,115.0
017201,Villanuova sul Clisi,2019,totale,addetti,1533.1
017201,Villanuova sul Clisi,2020,0-9,addetti,957.4
017201,Villanuova sul Clisi,2020,10-49,addetti,498.4
017201,Villanuova sul Clisi,2020,50-249,addetti,153.5
017201,Villanuova sul Clisi,2020,totale,addetti,1609.2
017201,Villanuova sul Clisi,2021,0-9,addetti,1011.5
017201,Villanuova sul Clisi,2021,10-49,addetti,553.3
017201,Villanuova sul Clisi,2021,50-249,addetti,105.8
017201,Villanuova sul Clisi,2021,totale,addetti,1670.7
017201,Villanuova sul Clisi,2022,0-9,addetti,1040.3
017201,Villanuova sul Clisi,2022,10-49,addetti,625.7
017201,Villanuova sul Clisi,2022,50-249,addetti,118.7
017201,Villanuova sul Clisi,2022,totale,addetti,1784.8
017201,Villanuova sul Clisi,2023,0-9,addetti,1032.0
017201,Villanuova sul Clisi,2023,10-49,addetti,659.5
017201,Villanuova sul Clisi,2023,50-249,addetti,167.8
017201,Villanuova sul Clisi,2023,totale,addetti,1859.2
017201,Villanuova sul Clisi,2018,0-9,unita_locali,487
017201,Villanuova sul Clisi,2018,10-49,unita_locali,27
017201,Villanuova sul Clisi,2018,50-249,unita_locali,1
017201,Villanuova sul Clisi,2018,totale,unita_locali,515
017201,Villanuova sul Clisi,2019,0-9,unita_locali,516
017201,Villanuova sul Clisi,2019,10-49,unita_locali,24
017201,Villanuova sul Clisi,2019,50-249,unita_locali,2
017201,Villanuova sul Clisi,2019,totale,unita_locali,542
017201,Villanuova sul Clisi,2020,0-9,unita_locali,530
017201,Villanuova sul Clisi,2020,10-49,unita_locali,29
017201,Villanuova sul Clisi,2020,50-249,unita_locali,3
017201,Villanuova sul Clisi,2020,totale,unita_locali,562
017201,Villanuova sul Clisi,2021,0-9,unita_locali,535
017201,Villanuova sul Clisi,2021,10-49,unita_locali,29
017201,Villanuova sul Clisi,2021,50-249,unita_locali,2
017201,Villanuova sul Clisi,2021,totale,unita_locali,566
017201,Villanuova sul Clisi,2022,0-9,unita_locali,553
017201,Villanuova sul Clisi,2022,10-49,unita_locali,32
017201,Villanuova sul Clisi,2022,50-249,unita_locali,2
017201,Villanuova sul Clisi,2022,totale,unita_locali,587
017201,Villanuova sul Clisi,2023,0-9,unita_locali,569
017201,Villanuova sul Clisi,2023,10-49,unita_locali,36
017201,Villanuova sul Clisi,2023,50-249,unita_locali,3
017201,Villanuova sul Clisi,2023,totale,unita_locali,608
017202,Vione,2018,0-9,addetti,79.7
017202,Vione,2018,totale,addetti,79.7
017202,Vione,2019,0-9,addetti,84.5
017202,Vione,2019,totale,addetti,84.5
017202,Vione,2020,0-9,addetti,87.0
017202,Vione,2020,totale,addetti,87.0
017202,Vione,2021,0-9,addetti,93.7
017202,Vione,2021,totale,addetti,93.7
017202,Vione,2022,0-9,addetti,97.3
017202,Vione,2022,totale,addetti,97.3
017202,Vione,2023,0-9,addetti,101.2
017202,Vione,2023,totale,addetti,101.2
017202,Vione,2018,0-9,unita_locali,47
017202,Vione,2018,totale,unita_locali,47
017202,Vione,2019,0-9,unita_locali,48
017202,Vione,2019,totale,unita_locali,48
017202,Vione,2020,0-9,unita_locali,52
017202,Vione,2020,totale,unita_locali,52
017202,Vione,2021,0-9,unita_locali,55
017202,Vione,2021,totale,unita_locali,55
017202,Vione,2022,0-9,unita_locali,60
017202,Vione,2022,totale,unita_locali,60
017202,Vione,2023,0-9,unita_locali,59
017202,Vione,2023,totale,unita_locali,59
017203,Visano,2018,0-9,addetti,320.2
017203,Visano,2018,10-49,addetti,378.8
017203,Visano,2018,50-249,addetti,517.7
017203,Visano,2018,totale,addetti,1216.8
017203,Visano,2019,0-9,addetti,278.5
017203,Visano,2019,10-49,addetti,363.9
017203,Visano,2019,50-249,addetti,671.4
017203,Visano,2019,totale,addetti,1313.8
017203,Visano,2020,0-9,addetti,291.1
017203,Visano,2020,10-49,addetti,358.0
017203,Visano,2020,50-249,addetti,567.5
017203,Visano,2020,totale,addetti,1216.6
017203,Visano,2021,0-9,addetti,292.7
017203,Visano,2021,10-49,addetti,363.5
017203,Visano,2021,50-249,addetti,615.9
017203,Visano,2021,totale,addetti,1272.0
017203,Visano,2022,0-9,addetti,313.2
017203,Visano,2022,10-49,addetti,409.6
017203,Visano,2022,50-249,addetti,538.7
017203,Visano,2022,totale,addetti,1261.5
017203,Visano,2023,0-9,addetti,307.0
017203,Visano,2023,10-49,addetti,435.8
017203,Visano,2023,50-249,addetti,579.3
017203,Visano,2023,totale,addetti,1322.1
017203,Visano,2018,0-9,unita_locali,149
017203,Visano,2018,10-49,unita_locali,20
017203,Visano,2018,50-249,unita_locali,5
017203,Visano,2018,totale,unita_locali,174
017203,Visano,2019,0-9,unita_locali,131
017203,Visano,2019,10-49,unita_locali,20
017203,Visano,2019,50-249,unita_locali,6
017203,Visano,2019,totale,unita_locali,157
017203,Visano,2020,0-9,unita_locali,138
017203,Visano,2020,10-49,unita_locali,20
017203,Visano,2020,50-249,unita_locali,6
017203,Visano,2020,totale,unita_locali,164
017203,Visano,2021,0-9,unita_locali,139
017203,Visano,2021,10-49,unita_locali,20
017203,Visano,2021,50-249,unita_locali,6
017203,Visano,2021,totale,unita_locali,165
017203,Visano,2022,0-9,unita_locali,149
017203,Visano,2022,10-49,unita_locali,21
017203,Visano,2022,50-249,unita_locali,5
017203,Visano,2022,totale,unita_locali,175
017203,Visano,2023,0-9,unita_locali,149
017203,Visano,2023,10-49,unita_locali,22
017203,Visano,2023,50-249,unita_locali,5
017203,Visano,2023,totale,unita_locali,176
017204,Vobarno,2018,0-9,addetti,980.7
017204,Vobarno,2018,10-49,addetti,682.6
017204,Vobarno,2018,250+,addetti,681.8
017204,Vobarno,2018,50-249,addetti,462.5
017204,Vobarno,2018,totale,addetti,2807.6
017204,Vobarno,2019,0-9,addetti,971.5
017204,Vobarno,2019,10-49,addetti,668.4
017204,Vobarno,2019,250+,addetti,696.2
017204,Vobarno,2019,50-249,addetti,495.5
017204,Vobarno,2019,totale,addetti,2831.5
017204,Vobarno,2020,0-9,addetti,954.8
017204,Vobarno,2020,10-49,addetti,742.8
017204,Vobarno,2020,250+,addetti,684.0
017204,Vobarno,2020,50-249,addetti,456.9
017204,Vobarno,2020,totale,addetti,2838.5
017204,Vobarno,2021,0-9,addetti,1004.2
017204,Vobarno,2021,10-49,addetti,701.8
017204,Vobarno,2021,250+,addetti,751.2
017204,Vobarno,2021,50-249,addetti,517.6
017204,Vobarno,2021,totale,addetti,2974.7
017204,Vobarno,2022,0-9,addetti,1049.7
017204,Vobarno,2022,10-49,addetti,773.0
017204,Vobarno,2022,250+,addetti,820.9
017204,Vobarno,2022,50-249,addetti,562.8
017204,Vobarno,2022,totale,addetti,3206.3
017204,Vobarno,2023,0-9,addetti,1022.3
017204,Vobarno,2023,10-49,addetti,754.2
017204,Vobarno,2023,250+,addetti,845.3
017204,Vobarno,2023,50-249,addetti,647.5
017204,Vobarno,2023,totale,addetti,3269.3
017204,Vobarno,2018,0-9,unita_locali,487
017204,Vobarno,2018,10-49,unita_locali,38
017204,Vobarno,2018,250+,unita_locali,2
017204,Vobarno,2018,50-249,unita_locali,5
017204,Vobarno,2018,totale,unita_locali,532
017204,Vobarno,2019,0-9,unita_locali,491
017204,Vobarno,2019,10-49,unita_locali,38
017204,Vobarno,2019,250+,unita_locali,2
017204,Vobarno,2019,50-249,unita_locali,5
017204,Vobarno,2019,totale,unita_locali,536
017204,Vobarno,2020,0-9,unita_locali,504
017204,Vobarno,2020,10-49,unita_locali,40
017204,Vobarno,2020,250+,unita_locali,2
017204,Vobarno,2020,50-249,unita_locali,4
017204,Vobarno,2020,totale,unita_locali,550
017204,Vobarno,2021,0-9,unita_locali,517
017204,Vobarno,2021,10-49,unita_locali,37
017204,Vobarno,2021,250+,unita_locali,2
017204,Vobarno,2021,50-249,unita_locali,5
017204,Vobarno,2021,totale,unita_locali,561
017204,Vobarno,2022,0-9,unita_locali,535
017204,Vobarno,2022,10-49,unita_locali,37
017204,Vobarno,2022,250+,unita_locali,2
017204,Vobarno,2022,50-249,unita_locali,5
017204,Vobarno,2022,totale,unita_locali,579
017204,Vobarno,2023,0-9,unita_locali,539
017204,Vobarno,2023,10-49,unita_locali,38
017204,Vobarno,2023,250+,unita_locali,2
017204,Vobarno,2023,50-249,unita_locali,5
017204,Vobarno,2023,totale,unita_locali,584
017205,Zone,2018,0-9,addetti,142.5
017205,Zone,2018,10-49,addetti,28.9
017205,Zone,2018,50-249,addetti,82.4
017205,Zone,2018,totale,addetti,253.8
017205,Zone,2019,0-9,addetti,147.2
017205,Zone,2019,10-49,addetti,34.0
017205,Zone,2019,50-249,addetti,80.7
017205,Zone,2019,totale,addetti,261.9
017205,Zone,2020,0-9,addetti,136.2
017205,Zone,2020,10-49,addetti,35.3
017205,Zone,2020,50-249,addetti,79.6
017205,Zone,2020,totale,addetti,251.1
017205,Zone,2021,0-9,addetti,129.5
017205,Zone,2021,10-49,addetti,57.7
017205,Zone,2021,50-249,addetti,79.5
017205,Zone,2021,totale,addetti,266.8
017205,Zone,2022,0-9,addetti,151.7
017205,Zone,2022,10-49,addetti,18.1
017205,Zone,2022,50-249,addetti,80.0
017205,Zone,2022,totale,addetti,249.8
017205,Zone,2023,0-9,addetti,117.2
017205,Zone,2023,10-49,addetti,19.6
017205,Zone,2023,50-249,addetti,82.3
017205,Zone,2023,totale,addetti,219.1
017205,Zone,2018,0-9,unita_locali,71
017205,Zone,2018,10-49,unita_locali,2
017205,Zone,2018,50-249,unita_locali,1
017205,Zone,2018,totale,unita_locali,74
017205,Zone,2019,0-9,unita_locali,69
017205,Zone,2019,10-49,unita_locali,2
017205,Zone,2019,50-249,unita_locali,1
017205,Zone,2019,totale,unita_locali,72
017205,Zone,2020,0-9,unita_locali,69
017205,Zone,2020,10-49,unita_locali,2
017205,Zone,2020,50-249,unita_locali,1
017205,Zone,2020,totale,unita_locali,72
017205,Zone,2021,0-9,unita_locali,72
017205,Zone,2021,10-49,unita_locali,4
017205,Zone,2021,50-249,unita_locali,1
017205,Zone,2021,totale,unita_locali,77
017205,Zone,2022,0-9,unita_locali,72
017205,Zone,2022,10-49,unita_locali,1
017205,Zone,2022,50-249,unita_locali,1
017205,Zone,2022,totale,unita_locali,74
017205,Zone,2023,0-9,unita_locali,69
017205,Zone,2023,10-49,unita_locali,2
017205,Zone,2023,50-249,unita_locali,1
017205,Zone,2023,totale,unita_locali,72
017206,Piancogno,2018,0-9,addetti,666.1
017206,Piancogno,2018,10-49,addetti,307.1
017206,Piancogno,2018,50-249,addetti,159.6
017206,Piancogno,2018,totale,addetti,1132.7
017206,Piancogno,2019,0-9,addetti,658.9
017206,Piancogno,2019,10-49,addetti,281.6
017206,Piancogno,2019,50-249,addetti,162.7
017206,Piancogno,2019,totale,addetti,1103.1
017206,Piancogno,2020,0-9,addetti,621.4
017206,Piancogno,2020,10-49,addetti,323.8
017206,Piancogno,2020,50-249,addetti,150.8
017206,Piancogno,2020,totale,addetti,1096.1
017206,Piancogno,2021,0-9,addetti,644.6
017206,Piancogno,2021,10-49,addetti,366.1
017206,Piancogno,2021,50-249,addetti,145.1
017206,Piancogno,2021,totale,addetti,1155.8
017206,Piancogno,2022,0-9,addetti,674.2
017206,Piancogno,2022,10-49,addetti,362.2
017206,Piancogno,2022,50-249,addetti,151.2
017206,Piancogno,2022,totale,addetti,1187.5
017206,Piancogno,2023,0-9,addetti,677.0
017206,Piancogno,2023,10-49,addetti,438.6
017206,Piancogno,2023,50-249,addetti,159.1
017206,Piancogno,2023,totale,addetti,1274.7
017206,Piancogno,2018,0-9,unita_locali,332
017206,Piancogno,2018,10-49,unita_locali,19
017206,Piancogno,2018,50-249,unita_locali,2
017206,Piancogno,2018,totale,unita_locali,353
017206,Piancogno,2019,0-9,unita_locali,335
017206,Piancogno,2019,10-49,unita_locali,16
017206,Piancogno,2019,50-249,unita_locali,2
017206,Piancogno,2019,totale,unita_locali,353
017206,Piancogno,2020,0-9,unita_locali,326
017206,Piancogno,2020,10-49,unita_locali,20
017206,Piancogno,2020,50-249,unita_locali,2
017206,Piancogno,2020,totale,unita_locali,348
017206,Piancogno,2021,0-9,unita_locali,335
017206,Piancogno,2021,10-49,unita_locali,22
017206,Piancogno,2021,50-249,unita_locali,2
017206,Piancogno,2021,totale,unita_locali,359
017206,Piancogno,2022,0-9,unita_locali,361
017206,Piancogno,2022,10-49,unita_locali,23
017206,Piancogno,2022,50-249,unita_locali,2
017206,Piancogno,2022,totale,unita_locali,386
017206,Piancogno,2023,0-9,unita_locali,358
017206,Piancogno,2023,10-49,unita_locali,26
017206,Piancogno,2023,50-249,unita_locali,2
017206,Piancogno,2023,totale,unita_locali,386
