territorio,nome_territorio,anno,ateco,settore,indicatore,valore
017029,Brescia,2018,08,other mining and quarrying,addetti,42.4
017029,Brescia,2018,10,manufacture of food products,addetti,818.3
017029,Brescia,2018,11,manufacture of beverages,addetti,15.0
017029,Brescia,2018,13,manufacture of textiles,addetti,128.2
017029,Brescia,2018,14,manufacture of wearing apparel,addetti,366.0
017029,Brescia,2018,15,manufacture of leather and related products,addetti,9.6
017029,Brescia,2018,16,"manufacture of wood and of products of wood and cork, except furniture, manufacture of articles of straw and plaiting materials",addetti,64.5
017029,Brescia,2018,17,manufacture of paper and paper products,addetti,30.0
017029,Brescia,2018,18,printing and reproduction of recorded media,addetti,281.1
017029,Brescia,2018,19,manufacture of coke and refined petroleum products,addetti,17.0
017029,Brescia,2018,20,manufacture of chemicals and chemical products,addetti,542.8
017029,Brescia,2018,21,manufacture of basic pharmaceutical products and pharmaceutical preparations,addetti,205.8
017029,Brescia,2018,22,manufacture of rubber and plastic products,addetti,341.1
017029,Brescia,2018,23,manufacture of other non-metallic mineral products,addetti,162.0
017029,Brescia,2018,24,manufacture of basic metals,addetti,1792.8
017029,Brescia,2018,25,"manufacture of fabricated metal products, except machinery and equipment",addetti,1910.2
017029,Brescia,2018,26,"manufacture of computer, electronic and optical products",addetti,141.3
017029,Brescia,2018,27,manufacture of electrical equipment and of non-electric domestic appliances,addetti,767.4
017029,Brescia,2018,28,manufacture of machinery and equipment n.e.c.,addetti,2856.3
017029,Brescia,2018,29,"manufacture of motor vehicles, trailers and semi-trailers",addetti,2129.0
017029,Brescia,2018,30,manufacture of other transport equipment,addetti,27.1
017029,Brescia,2018,31,manufacture of furniture,addetti,123.4
017029,Brescia,2018,32,other manufacturing,addetti,362.8
017029,Brescia,2018,33,repair and installation of machinery and equipment,addetti,769.5
017029,Brescia,2018,35,"electricity, gas, steam and air conditioning supply",addetti,1134.4
017029,Brescia,2018,36,"water collection, treatment and supply",addetti,175.3
017029,Brescia,2018,37,sewerage,addetti,11.0
017029,Brescia,2018,38,"waste collection, treatment and disposal activities, materials recovery",addetti,1297.3
017029,Brescia,2018,39,remediation activities and other waste management services,addetti,28.9
017029,Brescia,2018,41,construction of buildings,addetti,869.1
017029,Brescia,2018,42,civil engineering,addetti,201.0
017029,Brescia,2018,43,specialised construction activities,addetti,2581.9
017029,Brescia,2018,45,wholesale and retail trade and repair of motor vehicles and motorcycles,addetti,2146.5
017029,Brescia,2018,46,"wholesale trade, except of motor vehicles and motorcycles",addetti,6384.4
017029,Brescia,2018,47,"retail trade, except of motor vehicles and motorcycles",addetti,7573.6
017029,Brescia,2018,49,land transport and transport via pipelines,addetti,2387.7
017029,Brescia,2018,50,water transport,addetti,0.0
017029,Brescia,2018,51,air transport,addetti,0.1
017029,Brescia,2018,52,warehousing and support activities for transportation,addetti,2210.0
017029,Brescia,2018,53,postal and courier activities,addetti,810.0
017029,Brescia,2018,55,accommodation,addetti,452.1
017029,Brescia,2018,56,food service activities,addetti,6291.8
017029,Brescia,2018,58,publishing activities,addetti,249.3
017029,Brescia,2018,59,"motion picture, video and television programme production, sound recording and music publishing activities",addetti,130.0
017029,Brescia,2018,60,programming and broadcasting activities,addetti,27.6
017029,Brescia,2018,61,telecommunications,addetti,555.0
017029,Brescia,2018,62,"computer programming, consultancy and related activities",addetti,1938.1
017029,Brescia,2018,63,information service activities,addetti,1066.5
017029,Brescia,2018,64,"financial service activities, except insurance and pension funding",addetti,3640.3
017029,Brescia,2018,65,"insurance, reinsurance and pension funding, except compulsory social security",addetti,144.7
017029,Brescia,2018,66,activities auxiliary to financial services and insurance activities,addetti,1428.3
017029,Brescia,2018,68,real estate activities,addetti,2148.5
017029,Brescia,2018,69,legal and accounting activities,addetti,5539.4
017029,Brescia,2018,70,"activities of head offices, management consultancy activities",addetti,1352.0
017029,Brescia,2018,71,"architectural and engineering activities, technical testing and analysis",addetti,1643.5
017029,Brescia,2018,72,scientific research and development,addetti,134.4
017029,Brescia,2018,73,advertising and market research,addetti,303.5
017029,Brescia,2018,74,"other professional, scientific and technical activities",addetti,1435.6
017029,Brescia,2018,75,veterinary activities,addetti,63.5
017029,Brescia,2018,77,rental and leasing activities,addetti,184.4
017029,Brescia,2018,78,employment activities,addetti,8895.4
017029,Brescia,2018,79,"travel agency, tour operator and other reservation service and related activities",addetti,273.8
017029,Brescia,2018,80,security and investigation activities,addetti,982.7
017029,Brescia,2018,81,services to buildings and landscape activities,addetti,6096.8
017029,Brescia,2018,82,"office administrative, office support and other business support activities",addetti,2691.4
017029,Brescia,2018,85,education,addetti,1048.1
017029,Brescia,2018,86,human health activities,addetti,4236.1
017029,Brescia,2018,87,residential care activities,addetti,368.9
017029,Brescia,2018,88,social work activities without accommodation,addetti,2015.5
017029,Brescia,2018,90,"creative, arts and entertainment activities",addetti,371.1
017029,Brescia,2018,91,"libraries, archives, museums and other cultural activities",addetti,201.1
017029,Brescia,2018,92,gambling and betting activities,addetti,100.3
017029,Brescia,2018,93,sports activities and amusement and recreation activities,addetti,364.5
017029,Brescia,2018,95,repair of computers and personal and household goods,addetti,305.7
017029,Brescia,2018,96,other personal service activities,addetti,2741.3
017029,Brescia,2019,08,other mining and quarrying,addetti,33.3
017029,Brescia,2019,10,manufacture of food products,addetti,719.0
017029,Brescia,2019,11,manufacture of beverages,addetti,15.8
017029,Brescia,2019,13,manufacture of textiles,addetti,162.3
017029,Brescia,2019,14,manufacture of wearing apparel,addetti,371.8
017029,Brescia,2019,15,manufacture of leather and related products,addetti,11.5
017029,Brescia,2019,16,"manufacture of wood and of products of wood and cork, except furniture, manufacture of articles of straw and plaiting materials",addetti,67.4
017029,Brescia,2019,17,manufacture of paper and paper products,addetti,30.3
017029,Brescia,2019,18,printing and reproduction of recorded media,addetti,291.9
017029,Brescia,2019,19,manufacture of coke and refined petroleum products,addetti,16.0
017029,Brescia,2019,20,manufacture of chemicals and chemical products,addetti,571.9
017029,Brescia,2019,21,manufacture of basic pharmaceutical products and pharmaceutical preparations,addetti,215.2
017029,Brescia,2019,22,manufacture of rubber and plastic products,addetti,274.5
017029,Brescia,2019,23,manufacture of other non-metallic mineral products,addetti,184.1
017029,Brescia,2019,24,manufacture of basic metals,addetti,1742.3
017029,Brescia,2019,25,"manufacture of fabricated metal products, except machinery and equipment",addetti,1754.5
017029,Brescia,2019,26,"manufacture of computer, electronic and optical products",addetti,149.4
017029,Brescia,2019,27,manufacture of electrical equipment and of non-electric domestic appliances,addetti,758.2
017029,Brescia,2019,28,manufacture of machinery and equipment n.e.c.,addetti,2996.2
017029,Brescia,2019,29,"manufacture of motor vehicles, trailers and semi-trailers",addetti,2206.0
017029,Brescia,2019,30,manufacture of other transport equipment,addetti,20.5
017029,Brescia,2019,31,manufacture of furniture,addetti,92.1
017029,Brescia,2019,32,other manufacturing,addetti,409.2
017029,Brescia,2019,33,repair and installation of machinery and equipment,addetti,763.8
017029,Brescia,2019,35,"electricity, gas, steam and air conditioning supply",addetti,1177.7
017029,Brescia,2019,36,"water collection, treatment and supply",addetti,188.1
017029,Brescia,2019,37,sewerage,addetti,16.4
017029,Brescia,2019,38,"waste collection, treatment and disposal activities, materials recovery",addetti,1200.3
017029,Brescia,2019,39,remediation activities and other waste management services,addetti,23.9
017029,Brescia,2019,41,construction of buildings,addetti,1109.2
017029,Brescia,2019,42,civil engineering,addetti,219.3
017029,Brescia,2019,43,specialised construction activities,addetti,2687.6
017029,Brescia,2019,45,wholesale and retail trade and repair of motor vehicles and motorcycles,addetti,2151.2
017029,Brescia,2019,46,"wholesale trade, except of motor vehicles and motorcycles",addetti,6574.6
017029,Brescia,2019,47,"retail trade, except of motor vehicles and motorcycles",addetti,7380.1
017029,Brescia,2019,49,land transport and transport via pipelines,addetti,2503.8
017029,Brescia,2019,50,water transport,addetti,0.0
017029,Brescia,2019,51,air transport,addetti,116.3
017029,Brescia,2019,52,warehousing and support activities for transportation,addetti,2183.6
017029,Brescia,2019,53,postal and courier activities,addetti,736.6
017029,Brescia,2019,55,accommodation,addetti,452.1
017029,Brescia,2019,56,food service activities,addetti,6604.4
017029,Brescia,2019,58,publishing activities,addetti,219.4
017029,Brescia,2019,59,"motion picture, video and television programme production, sound recording and music publishing activities",addetti,145.5
017029,Brescia,2019,60,programming and broadcasting activities,addetti,27.4
017029,Brescia,2019,61,telecommunications,addetti,564.2
017029,Brescia,2019,62,"computer programming, consultancy and related activities",addetti,2281.1
017029,Brescia,2019,63,information service activities,addetti,1171.2
017029,Brescia,2019,64,"financial service activities, except insurance and pension funding",addetti,3614.4
017029,Brescia,2019,65,"insurance, reinsurance and pension funding, except compulsory social security",addetti,137.2
017029,Brescia,2019,66,activities auxiliary to financial services and insurance activities,addetti,1423.5
017029,Brescia,2019,68,real estate activities,addetti,2264.5
017029,Brescia,2019,69,legal and accounting activities,addetti,5278.6
017029,Brescia,2019,70,"activities of head offices, management consultancy activities",addetti,1376.1
017029,Brescia,2019,71,"architectural and engineering activities, technical testing and analysis",addetti,1556.7
017029,Brescia,2019,72,scientific research and development,addetti,112.4
017029,Brescia,2019,73,advertising and market research,addetti,267.1
017029,Brescia,2019,74,"other professional, scientific and technical activities",addetti,1513.3
017029,Brescia,2019,75,veterinary activities,addetti,59.8
017029,Brescia,2019,77,rental and leasing activities,addetti,213.6
017029,Brescia,2019,78,employment activities,addetti,8686.2
017029,Brescia,2019,79,"travel agency, tour operator and other reservation service and related activities",addetti,254.5
017029,Brescia,2019,80,security and investigation activities,addetti,1542.8
017029,Brescia,2019,81,services to buildings and landscape activities,addetti,5439.6
017029,Brescia,2019,82,"office administrative, office support and other business support activities",addetti,2292.3
017029,Brescia,2019,85,education,addetti,1117.2
017029,Brescia,2019,86,human health activities,addetti,3990.6
017029,Brescia,2019,87,residential care activities,addetti,348.4
017029,Brescia,2019,88,social work activities without accommodation,addetti,1923.8
017029,Brescia,2019,90,"creative, arts and entertainment activities",addetti,362.1
017029,Brescia,2019,91,"libraries, archives, museums and other cultural activities",addetti,214.8
017029,Brescia,2019,92,gambling and betting activities,addetti,92.2
017029,Brescia,2019,93,sports activities and amusement and recreation activities,addetti,366.7
017029,Brescia,2019,95,repair of computers and personal and household goods,addetti,283.6
017029,Brescia,2019,96,other personal service activities,addetti,2793.2
017029,Brescia,2020,08,other mining and quarrying,addetti,24.6
017029,Brescia,2020,09,mining support service activities,addetti,0.0
017029,Brescia,2020,10,manufacture of food products,addetti,687.7
017029,Brescia,2020,11,manufacture of beverages,addetti,21.4
017029,Brescia,2020,13,manufacture of textiles,addetti,103.7
017029,Brescia,2020,14,manufacture of wearing apparel,addetti,329.6
017029,Brescia,2020,15,manufacture of leather and related products,addetti,15.7
017029,Brescia,2020,16,"manufacture of wood and of products of wood and cork, except furniture, manufacture of articles of straw and plaiting materials",addetti,60.1
017029,Brescia,2020,17,manufacture of paper and paper products,addetti,29.4
017029,Brescia,2020,18,printing and reproduction of recorded media,addetti,239.3
017029,Brescia,2020,19,manufacture of coke and refined petroleum products,addetti,37.0
017029,Brescia,2020,20,manufacture of chemicals and chemical products,addetti,583.4
017029,Brescia,2020,21,manufacture of basic pharmaceutical products and pharmaceutical preparations,addetti,253.0
017029,Brescia,2020,22,manufacture of rubber and plastic products,addetti,260.5
017029,Brescia,2020,23,manufacture of other non-metallic mineral products,addetti,167.7
017029,Brescia,2020,24,manufacture of basic metals,addetti,1724.7
017029,Brescia,2020,25,"manufacture of fabricated metal products, except machinery and equipment",addetti,1737.4
017029,Brescia,2020,26,"manufacture of computer, electronic and optical products",addetti,170.7
017029,Brescia,2020,27,manufacture of electrical equipment and of non-electric domestic appliances,addetti,760.7
017029,Brescia,2020,28,manufacture of machinery and equipment n.e.c.,addetti,2775.7
017029,Brescia,2020,29,"manufacture of motor vehicles, trailers and semi-trailers",addetti,1935.0
017029,Brescia,2020,30,manufacture of other transport equipment,addetti,29.2
017029,Brescia,2020,31,manufacture of furniture,addetti,81.8
017029,Brescia,2020,32,other manufacturing,addetti,356.6
017029,Brescia,2020,33,repair and installation of machinery and equipment,addetti,687.7
017029,Brescia,2020,35,"electricity, gas, steam and air conditioning supply",addetti,1150.1
017029,Brescia,2020,36,"water collection, treatment and supply",addetti,176.3
017029,Brescia,2020,37,sewerage,addetti,12.6
017029,Brescia,2020,38,"waste collection, treatment and disposal activities, materials recovery",addetti,1218.0
017029,Brescia,2020,39,remediation activities and other waste management services,addetti,17.5
017029,Brescia,2020,41,construction of buildings,addetti,1565.5
017029,Brescia,2020,42,civil engineering,addetti,374.4
017029,Brescia,2020,43,specialised construction activities,addetti,2472.4
017029,Brescia,2020,45,wholesale and retail trade and repair of motor vehicles and motorcycles,addetti,2126.2
017029,Brescia,2020,46,"wholesale trade, except of motor vehicles and motorcycles",addetti,6352.6
017029,Brescia,2020,47,"retail trade, except of motor vehicles and motorcycles",addetti,7432.9
017029,Brescia,2020,49,land transport and transport via pipelines,addetti,2279.9
017029,Brescia,2020,50,water transport,addetti,1.0
017029,Brescia,2020,51,air transport,addetti,58.9
017029,Brescia,2020,52,warehousing and support activities for transportation,addetti,1945.2
017029,Brescia,2020,53,postal and courier activities,addetti,726.5
017029,Brescia,2020,55,accommodation,addetti,433.5
017029,Brescia,2020,56,food service activities,addetti,6494.8
017029,Brescia,2020,58,publishing activities,addetti,208.4
017029,Brescia,2020,59,"motion picture, video and television programme production, sound recording and music publishing activities",addetti,139.4
017029,Brescia,2020,60,programming and broadcasting activities,addetti,18.5
017029,Brescia,2020,61,telecommunications,addetti,610.3
017029,Brescia,2020,62,"computer programming, consultancy and related activities",addetti,2227.6
017029,Brescia,2020,63,information service activities,addetti,1196.1
017029,Brescia,2020,64,"financial service activities, except insurance and pension funding",addetti,3556.6
017029,Brescia,2020,65,"insurance, reinsurance and pension funding, except compulsory social security",addetti,133.1
017029,Brescia,2020,66,activities auxiliary to financial services and insurance activities,addetti,1417.2
017029,Brescia,2020,68,real estate activities,addetti,2173.3
017029,Brescia,2020,69,legal and accounting activities,addetti,5460.6
017029,Brescia,2020,70,"activities of head offices, management consultancy activities",addetti,1112.6
017029,Brescia,2020,71,"architectural and engineering activities, technical testing and analysis",addetti,1640.4
017029,Brescia,2020,72,scientific research and development,addetti,141.6
017029,Brescia,2020,73,advertising and market research,addetti,265.4
017029,Brescia,2020,74,"other professional, scientific and technical activities",addetti,1486.7
017029,Brescia,2020,75,veterinary activities,addetti,70.2
017029,Brescia,2020,77,rental and leasing activities,addetti,152.9
017029,Brescia,2020,78,employment activities,addetti,4392.8
017029,Brescia,2020,79,"travel agency, tour operator and other reservation service and related activities",addetti,227.3
017029,Brescia,2020,80,security and investigation activities,addetti,1316.3
017029,Brescia,2020,81,services to buildings and landscape activities,addetti,3535.1
017029,Brescia,2020,82,"office administrative, office support and other business support activities",addetti,2080.8
017029,Brescia,2020,85,education,addetti,1166.0
017029,Brescia,2020,86,human health activities,addetti,4153.7
017029,Brescia,2020,87,residential care activities,addetti,437.4
017029,Brescia,2020,88,social work activities without accommodation,addetti,2091.8
017029,Brescia,2020,90,"creative, arts and entertainment activities",addetti,363.6
017029,Brescia,2020,91,"libraries, archives, museums and other cultural activities",addetti,178.8
017029,Brescia,2020,92,gambling and betting activities,addetti,85.8
017029,Brescia,2020,93,sports activities and amusement and recreation activities,addetti,345.6
017029,Brescia,2020,95,repair of computers and personal and household goods,addetti,256.0
017029,Brescia,2020,96,other personal service activities,addetti,2909.5
017029,Brescia,2021,08,other mining and quarrying,addetti,35.0
017029,Brescia,2021,10,manufacture of food products,addetti,755.5
017029,Brescia,2021,11,manufacture of beverages,addetti,74.9
017029,Brescia,2021,13,manufacture of textiles,addetti,107.5
017029,Brescia,2021,14,manufacture of wearing apparel,addetti,337.3
017029,Brescia,2021,15,manufacture of leather and related products,addetti,23.9
017029,Brescia,2021,16,"manufacture of wood and of products of wood and cork, except furniture, manufacture of articles of straw and plaiting materials",addetti,58.1
017029,Brescia,2021,17,manufacture of paper and paper products,addetti,25.1
017029,Brescia,2021,18,printing and reproduction of recorded media,addetti,228.0
017029,Brescia,2021,19,manufacture of coke and refined petroleum products,addetti,15.9
017029,Brescia,2021,20,manufacture of chemicals and chemical products,addetti,631.8
017029,Brescia,2021,21,manufacture of basic pharmaceutical products and pharmaceutical preparations,addetti,223.7
017029,Brescia,2021,22,manufacture of rubber and plastic products,addetti,278.0
017029,Brescia,2021,23,manufacture of other non-metallic mineral products,addetti,184.2
017029,Brescia,2021,24,manufacture of basic metals,addetti,1750.9
017029,Brescia,2021,25,"manufacture of fabricated metal products, except machinery and equipment",addetti,1922.2
017029,Brescia,2021,26,"manufacture of computer, electronic and optical products",addetti,227.9
017029,Brescia,2021,27,manufacture of electrical equipment and of non-electric domestic appliances,addetti,791.2
017029,Brescia,2021,28,manufacture of machinery and equipment n.e.c.,addetti,2862.0
017029,Brescia,2021,29,"manufacture of motor vehicles, trailers and semi-trailers",addetti,561.4
017029,Brescia,2021,30,manufacture of other transport equipment,addetti,62.4
017029,Brescia,2021,31,manufacture of furniture,addetti,87.0
017029,Brescia,2021,32,other manufacturing,addetti,345.0
017029,Brescia,2021,33,repair and installation of machinery and equipment,addetti,701.2
017029,Brescia,2021,35,"electricity, gas, steam and air conditioning supply",addetti,1180.6
017029,Brescia,2021,36,"water collection, treatment and supply",addetti,205.8
017029,Brescia,2021,37,sewerage,addetti,4.0
017029,Brescia,2021,38,"waste collection, treatment and disposal activities, materials recovery",addetti,1151.9
017029,Brescia,2021,39,remediation activities and other waste management services,addetti,15.1
017029,Brescia,2021,41,construction of buildings,addetti,1926.3
017029,Brescia,2021,42,civil engineering,addetti,457.8
017029,Brescia,2021,43,specialised construction activities,addetti,2798.0
017029,Brescia,2021,45,wholesale and retail trade and repair of motor vehicles and motorcycles,addetti,2154.1
017029,Brescia,2021,46,"wholesale trade, except of motor vehicles and motorcycles",addetti,6571.3
017029,Brescia,2021,47,"retail trade, except of motor vehicles and motorcycles",addetti,7811.8
017029,Brescia,2021,49,land transport and transport via pipelines,addetti,2547.4
017029,Brescia,2021,50,water transport,addetti,0.0
017029,Brescia,2021,51,air transport,addetti,39.9
017029,Brescia,2021,52,warehousing and support activities for transportation,addetti,2104.8
017029,Brescia,2021,53,postal and courier activities,addetti,720.8
017029,Brescia,2021,55,accommodation,addetti,368.1
017029,Brescia,2021,56,food service activities,addetti,6139.2
017029,Brescia,2021,58,publishing activities,addetti,210.3
017029,Brescia,2021,59,"motion picture, video and television programme production, sound recording and music publishing activities",addetti,143.9
017029,Brescia,2021,60,programming and broadcasting activities,addetti,33.8
017029,Brescia,2021,61,telecommunications,addetti,559.6
017029,Brescia,2021,62,"computer programming, consultancy and related activities",addetti,2230.0
017029,Brescia,2021,63,information service activities,addetti,1385.2
017029,Brescia,2021,64,"financial service activities, except insurance and pension funding",addetti,3063.8
017029,Brescia,2021,65,"insurance, reinsurance and pension funding, except compulsory social security",addetti,121.4
017029,Brescia,2021,66,activities auxiliary to financial services and insurance activities,addetti,1469.3
017029,Brescia,2021,68,real estate activities,addetti,1979.0
017029,Brescia,2021,69,legal and accounting activities,addetti,5418.9
017029,Brescia,2021,70,"activities of head offices, management consultancy activities",addetti,1462.0
017029,Brescia,2021,71,"architectural and engineering activities, technical testing and analysis",addetti,1793.0
017029,Brescia,2021,72,scientific research and development,addetti,159.2
017029,Brescia,2021,73,advertising and market research,addetti,302.2
017029,Brescia,2021,74,"other professional, scientific and technical activities",addetti,1495.9
017029,Brescia,2021,75,veterinary activities,addetti,78.9
017029,Brescia,2021,77,rental and leasing activities,addetti,135.2
017029,Brescia,2021,78,employment activities,addetti,5049.6
017029,Brescia,2021,79,"travel agency, tour operator and other reservation service and related activities",addetti,225.2
017029,Brescia,2021,80,security and investigation activities,addetti,1243.7
017029,Brescia,2021,81,services to buildings and landscape activities,addetti,3970.9
017029,Brescia,2021,82,"office administrative, office support and other business support activities",addetti,2241.3
017029,Brescia,2021,85,education,addetti,1116.6
017029,Brescia,2021,86,human health activities,addetti,4282.2
017029,Brescia,2021,87,residential care activities,addetti,506.7
017029,Brescia,2021,88,social work activities without accommodation,addetti,2031.1
017029,Brescia,2021,90,"creative, arts and entertainment activities",addetti,454.6
017029,Brescia,2021,91,"libraries, archives, museums and other cultural activities",addetti,147.4
017029,Brescia,2021,92,gambling and betting activities,addetti,87.9
017029,Brescia,2021,93,sports activities and amusement and recreation activities,addetti,327.8
017029,Brescia,2021,95,repair of computers and personal and household goods,addetti,268.9
017029,Brescia,2021,96,other personal service activities,addetti,2636.0
017029,Brescia,2022,08,other mining and quarrying,addetti,21.5
017029,Brescia,2022,10,manufacture of food products,addetti,757.0
017029,Brescia,2022,11,manufacture of beverages,addetti,17.0
017029,Brescia,2022,13,manufacture of textiles,addetti,121.7
017029,Brescia,2022,14,manufacture of wearing apparel,addetti,336.4
017029,Brescia,2022,15,manufacture of leather and related products,addetti,20.4
017029,Brescia,2022,16,"manufacture of wood and of products of wood and cork, except furniture, manufacture of articles of straw and plaiting materials",addetti,57.1
017029,Brescia,2022,17,manufacture of paper and paper products,addetti,27.4
017029,Brescia,2022,18,printing and reproduction of recorded media,addetti,221.5
017029,Brescia,2022,19,manufacture of coke and refined petroleum products,addetti,12.8
017029,Brescia,2022,20,manufacture of chemicals and chemical products,addetti,673.6
017029,Brescia,2022,21,manufacture of basic pharmaceutical products and pharmaceutical preparations,addetti,211.3
017029,Brescia,2022,22,manufacture of rubber and plastic products,addetti,285.4
017029,Brescia,2022,23,manufacture of other non-metallic mineral products,addetti,216.2
017029,Brescia,2022,24,manufacture of basic metals,addetti,1758.8
017029,Brescia,2022,25,"manufacture of fabricated metal products, except machinery and equipment",addetti,1818.8
017029,Brescia,2022,26,"manufacture of computer, electronic and optical products",addetti,412.0
017029,Brescia,2022,27,manufacture of electrical equipment and of non-electric domestic appliances,addetti,841.9
017029,Brescia,2022,28,manufacture of machinery and equipment n.e.c.,addetti,3032.8
017029,Brescia,2022,29,"manufacture of motor vehicles, trailers and semi-trailers",addetti,1677.2
017029,Brescia,2022,30,manufacture of other transport equipment,addetti,49.8
017029,Brescia,2022,31,manufacture of furniture,addetti,69.9
017029,Brescia,2022,32,other manufacturing,addetti,335.1
017029,Brescia,2022,33,repair and installation of machinery and equipment,addetti,572.4
017029,Brescia,2022,35,"electricity, gas, steam and air conditioning supply",addetti,1233.5
017029,Brescia,2022,36,"water collection, treatment and supply",addetti,245.6
017029,Brescia,2022,37,sewerage,addetti,4.9
017029,Brescia,2022,38,"waste collection, treatment and disposal activities, materials recovery",addetti,1201.7
017029,Brescia,2022,39,remediation activities and other waste management services,addetti,9.2
017029,Brescia,2022,41,construction of buildings,addetti,1463.0
017029,Brescia,2022,42,civil engineering,addetti,494.3
017029,Brescia,2022,43,specialised construction activities,addetti,3464.0
017029,Brescia,2022,45,wholesale and retail trade and repair of motor vehicles and motorcycles,addetti,2132.0
017029,Brescia,2022,46,"wholesale trade, except of motor vehicles and motorcycles",addetti,6623.7
017029,Brescia,2022,47,"retail trade, except of motor vehicles and motorcycles",addetti,7972.5
017029,Brescia,2022,49,land transport and transport via pipelines,addetti,2611.0
017029,Brescia,2022,52,warehousing and support activities for transportation,addetti,2173.0
017029,Brescia,2022,53,postal and courier activities,addetti,680.5
017029,Brescia,2022,55,accommodation,addetti,401.2
017029,Brescia,2022,56,food service activities,addetti,6859.4
017029,Brescia,2022,58,publishing activities,addetti,219.9
017029,Brescia,2022,59,"motion picture, video and television programme production, sound recording and music publishing activities",addetti,129.7
017029,Brescia,2022,60,programming and broadcasting activities,addetti,34.2
017029,Brescia,2022,61,telecommunications,addetti,542.5
017029,Brescia,2022,62,"computer programming, consultancy and related activities",addetti,2298.9
017029,Brescia,2022,63,information service activities,addetti,1402.5
017029,Brescia,2022,64,"financial service activities, except insurance and pension funding",addetti,2796.0
017029,Brescia,2022,65,"insurance, reinsurance and pension funding, except compulsory social security",addetti,114.1
017029,Brescia,2022,66,activities auxiliary to financial services and insurance activities,addetti,1478.7
017029,Brescia,2022,68,real estate activities,addetti,2231.4
017029,Brescia,2022,69,legal and accounting activities,addetti,5413.2
017029,Brescia,2022,70,"activities of head offices, management consultancy activities",addetti,2190.9
017029,Brescia,2022,71,"architectural and engineering activities, technical testing and analysis",addetti,1898.9
017029,Brescia,2022,72,scientific research and development,addetti,184.3
017029,Brescia,2022,73,advertising and market research,addetti,295.5
017029,Brescia,2022,74,"other professional, scientific and technical activities",addetti,1748.8
017029,Brescia,2022,75,veterinary activities,addetti,83.1
017029,Brescia,2022,77,rental and leasing activities,addetti,202.0
017029,Brescia,2022,78,employment activities,addetti,5032.1
017029,Brescia,2022,79,"travel agency, tour operator and other reservation service and related activities",addetti,200.9
017029,Brescia,2022,80,security and investigation activities,addetti,746.3
017029,Brescia,2022,81,services to buildings and landscape activities,addetti,4215.1
017029,Brescia,2022,82,"office administrative, office support and other business support activities",addetti,1947.3
017029,Brescia,2022,85,education,addetti,1180.0
017029,Brescia,2022,86,human health activities,addetti,4321.2
017029,Brescia,2022,87,residential care activities,addetti,512.0
017029,Brescia,2022,88,social work activities without accommodation,addetti,2295.6
017029,Brescia,2022,90,"creative, arts and entertainment activities",addetti,405.2
017029,Brescia,2022,91,"libraries, archives, museums and other cultural activities",addetti,139.8
017029,Brescia,2022,92,gambling and betting activities,addetti,71.8
017029,Brescia,2022,93,sports activities and amusement and recreation activities,addetti,413.1
017029,Brescia,2022,95,repair of computers and personal and household goods,addetti,277.4
017029,Brescia,2022,96,other personal service activities,addetti,2788.1
017029,Brescia,2023,08,other mining and quarrying,addetti,15.9
017029,Brescia,2023,10,manufacture of food products,addetti,688.3
017029,Brescia,2023,11,manufacture of beverages,addetti,17.9
017029,Brescia,2023,13,manufacture of textiles,addetti,122.0
017029,Brescia,2023,14,manufacture of wearing apparel,addetti,335.5
017029,Brescia,2023,15,manufacture of leather and related products,addetti,22.6
017029,Brescia,2023,16,"manufacture of wood and of products of wood and cork, except furniture, manufacture of articles of straw and plaiting materials",addetti,84.0
017029,Brescia,2023,17,manufacture of paper and paper products,addetti,25.8
017029,Brescia,2023,18,printing and reproduction of recorded media,addetti,291.0
017029,Brescia,2023,19,manufacture of coke and refined petroleum products,addetti,2.0
017029,Brescia,2023,20,manufacture of chemicals and chemical products,addetti,718.0
017029,Brescia,2023,21,manufacture of basic pharmaceutical products and pharmaceutical preparations,addetti,214.7
017029,Brescia,2023,22,manufacture of rubber and plastic products,addetti,284.9
017029,Brescia,2023,23,manufacture of other non-metallic mineral products,addetti,253.5
017029,Brescia,2023,24,manufacture of basic metals,addetti,1725.6
017029,Brescia,2023,25,"manufacture of fabricated metal products, except machinery and equipment",addetti,1823.9
017029,Brescia,2023,26,"manufacture of computer, electronic and optical products",addetti,444.8
017029,Brescia,2023,27,manufacture of electrical equipment and of non-electric domestic appliances,addetti,887.4
017029,Brescia,2023,28,manufacture of machinery and equipment n.e.c.,addetti,3132.5
017029,Brescia,2023,29,"manufacture of motor vehicles, trailers and semi-trailers",addetti,1724.9
017029,Brescia,2023,30,manufacture of other transport equipment,addetti,47.6
017029,Brescia,2023,31,manufacture of furniture,addetti,63.4
017029,Brescia,2023,32,other manufacturing,addetti,312.0
017029,Brescia,2023,33,repair and installation of machinery and equipment,addetti,553.1
017029,Brescia,2023,35,"electricity, gas, steam and air conditioning supply",addetti,1203.3
017029,Brescia,2023,36,"water collection, treatment and supply",addetti,286.8
017029,Brescia,2023,37,sewerage,addetti,6.0
017029,Brescia,2023,38,"waste collection, treatment and disposal activities, materials recovery",addetti,1380.5
017029,Brescia,2023,39,remediation activities and other waste management services,addetti,9.9
017029,Brescia,2023,41,construction of buildings,addetti,1678.5
017029,Brescia,2023,42,civil engineering,addetti,481.8
017029,Brescia,2023,43,specialised construction activities,addetti,3718.5
017029,Brescia,2023,45,wholesale and retail trade and repair of motor vehicles and motorcycles,addetti,2206.9
017029,Brescia,2023,46,"wholesale trade, except of motor vehicles and motorcycles",addetti,6673.3
017029,Brescia,2023,47,"retail trade, except of motor vehicles and motorcycles",addetti,8069.1
017029,Brescia,2023,49,land transport and transport via pipelines,addetti,3009.2
017029,Brescia,2023,50,water transport,addetti,1.0
017029,Brescia,2023,51,air transport,addetti,2.0
017029,Brescia,2023,52,warehousing and support activities for transportation,addetti,2346.8
017029,Brescia,2023,53,postal and courier activities,addetti,726.5
017029,Brescia,2023,55,accommodation,addetti,414.4
017029,Brescia,2023,56,food service activities,addetti,6964.0
017029,Brescia,2023,58,publishing activities,addetti,223.0
017029,Brescia,2023,59,"motion picture, video and television programme production, sound recording and music publishing activities",addetti,131.4
017029,Brescia,2023,60,programming and broadcasting activities,addetti,41.6
017029,Brescia,2023,61,telecommunications,addetti,506.3
017029,Brescia,2023,62,"computer programming, consultancy and related activities",addetti,2418.0
017029,Brescia,2023,63,information service activities,addetti,1334.3
017029,Brescia,2023,64,"financial service activities, except insurance and pension funding",addetti,2866.3
017029,Brescia,2023,65,"insurance, reinsurance and pension funding, except compulsory social security",addetti,109.1
017029,Brescia,2023,66,activities auxiliary to financial services and insurance activities,addetti,1466.8
017029,Brescia,2023,68,real estate activities,addetti,2192.2
017029,Brescia,2023,69,legal and accounting activities,addetti,5481.7
017029,Brescia,2023,70,"activities of head offices, management consultancy activities",addetti,1796.9
017029,Brescia,2023,71,"architectural and engineering activities, technical testing and analysis",addetti,1918.8
017029,Brescia,2023,72,scientific research and development,addetti,223.0
017029,Brescia,2023,73,advertising and market research,addetti,353.2
017029,Brescia,2023,74,"other professional, scientific and technical activities",addetti,1834.4
017029,Brescia,2023,75,veterinary activities,addetti,86.4
017029,Brescia,2023,77,rental and leasing activities,addetti,165.0
017029,Brescia,2023,78,employment activities,addetti,4065.8
017029,Brescia,2023,79,"travel agency, tour operator and other reservation service and related activities",addetti,216.3
017029,Brescia,2023,80,security and investigation activities,addetti,1305.8
017029,Brescia,2023,81,services to buildings and landscape activities,addetti,4603.8
017029,Brescia,2023,82,"office administrative, office support and other business support activities",addetti,1991.9
017029,Brescia,2023,85,education,addetti,1390.2
017029,Brescia,2023,86,human health activities,addetti,4417.4
017029,Brescia,2023,87,residential care activities,addetti,498.8
017029,Brescia,2023,88,social work activities without accommodation,addetti,2487.2
017029,Brescia,2023,90,"creative, arts and entertainment activities",addetti,452.5
017029,Brescia,2023,91,"libraries, archives, museums and other cultural activities",addetti,135.9
017029,Brescia,2023,92,gambling and betting activities,addetti,61.9
017029,Brescia,2023,93,sports activities and amusement and recreation activities,addetti,407.9
017029,Brescia,2023,95,repair of computers and personal and household goods,addetti,281.8
017029,Brescia,2023,96,other personal service activities,addetti,2504.0
017029,Brescia,2018,08,other mining and quarrying,unita_locali,14
017029,Brescia,2018,10,manufacture of food products,unita_locali,132
017029,Brescia,2018,11,manufacture of beverages,unita_locali,5
017029,Brescia,2018,13,manufacture of textiles,unita_locali,20
017029,Brescia,2018,14,manufacture of wearing apparel,unita_locali,112
017029,Brescia,2018,15,manufacture of leather and related products,unita_locali,7
017029,Brescia,2018,16,"manufacture of wood and of products of wood and cork, except furniture, manufacture of articles of straw and plaiting materials",unita_locali,42
017029,Brescia,2018,17,manufacture of paper and paper products,unita_locali,11
017029,Brescia,2018,18,printing and reproduction of recorded media,unita_locali,59
017029,Brescia,2018,19,manufacture of coke and refined petroleum products,unita_locali,2
017029,Brescia,2018,20,manufacture of chemicals and chemical products,unita_locali,22
017029,Brescia,2018,21,manufacture of basic pharmaceutical products and pharmaceutical preparations,unita_locali,1
017029,Brescia,2018,22,manufacture of rubber and plastic products,unita_locali,36
017029,Brescia,2018,23,manufacture of other non-metallic mineral products,unita_locali,26
017029,Brescia,2018,24,manufacture of basic metals,unita_locali,32
017029,Brescia,2018,25,"manufacture of fabricated metal products, except machinery and equipment",unita_locali,263
017029,Brescia,2018,26,"manufacture of computer, electronic and optical products",unita_locali,26
017029,Brescia,2018,27,manufacture of electrical equipment and of non-electric domestic appliances,unita_locali,34
017029,Brescia,2018,28,manufacture of machinery and equipment n.e.c.,unita_locali,125
017029,Brescia,2018,29,"manufacture of motor vehicles, trailers and semi-trailers",unita_locali,13
017029,Brescia,2018,30,manufacture of other transport equipment,unita_locali,11
017029,Brescia,2018,31,manufacture of furniture,unita_locali,29
017029,Brescia,2018,32,other manufacturing,unita_locali,131
017029,Brescia,2018,33,repair and installation of machinery and equipment,unita_locali,187
017029,Brescia,2018,35,"electricity, gas, steam and air conditioning supply",unita_locali,56
017029,Brescia,2018,36,"water collection, treatment and supply",unita_locali,4
017029,Brescia,2018,37,sewerage,unita_locali,3
017029,Brescia,2018,38,"waste collection, treatment and disposal activities, materials recovery",unita_locali,39
017029,Brescia,2018,39,remediation activities and other waste management services,unita_locali,10
017029,Brescia,2018,41,construction of buildings,unita_locali,419
017029,Brescia,2018,42,civil engineering,unita_locali,19
017029,Brescia,2018,43,specialised construction activities,unita_locali,854
017029,Brescia,2018,45,wholesale and retail trade and repair of motor vehicles and motorcycles,unita_locali,478
017029,Brescia,2018,46,"wholesale trade, except of motor vehicles and motorcycles",unita_locali,2006
017029,Brescia,2018,47,"retail trade, except of motor vehicles and motorcycles",unita_locali,2285
017029,Brescia,2018,49,land transport and transport via pipelines,unita_locali,315
017029,Brescia,2018,50,water transport,unita_locali,2
017029,Brescia,2018,51,air transport,unita_locali,1
017029,Brescia,2018,52,warehousing and support activities for transportation,unita_locali,159
017029,Brescia,2018,53,postal and courier activities,unita_locali,44
017029,Brescia,2018,55,accommodation,unita_locali,76
017029,Brescia,2018,56,food service activities,unita_locali,1368
017029,Brescia,2018,58,publishing activities,unita_locali,32
017029,Brescia,2018,59,"motion picture, video and television programme production, sound recording and music publishing activities",unita_locali,43
017029,Brescia,2018,60,programming and broadcasting activities,unita_locali,4
017029,Brescia,2018,61,telecommunications,unita_locali,54
017029,Brescia,2018,62,"computer programming, consultancy and related activities",unita_locali,415
017029,Brescia,2018,63,information service activities,unita_locali,334
017029,Brescia,2018,64,"financial service activities, except insurance and pension funding",unita_locali,372
017029,Brescia,2018,65,"insurance, reinsurance and pension funding, except compulsory social security",unita_locali,16
017029,Brescia,2018,66,activities auxiliary to financial services and insurance activities,unita_locali,687
017029,Brescia,2018,68,real estate activities,unita_locali,2114
017029,Brescia,2018,69,legal and accounting activities,unita_locali,2666
017029,Brescia,2018,70,"activities of head offices, management consultancy activities",unita_locali,751
017029,Brescia,2018,71,"architectural and engineering activities, technical testing and analysis",unita_locali,1261
017029,Brescia,2018,72,scientific research and development,unita_locali,72
017029,Brescia,2018,73,advertising and market research,unita_locali,173
017029,Brescia,2018,74,"other professional, scientific and technical activities",unita_locali,976
017029,Brescia,2018,75,veterinary activities,unita_locali,51
017029,Brescia,2018,77,rental and leasing activities,unita_locali,72
017029,Brescia,2018,78,employment activities,unita_locali,49
017029,Brescia,2018,79,"travel agency, tour operator and other reservation service and related activities",unita_locali,86
017029,Brescia,2018,80,security and investigation activities,unita_locali,28
017029,Brescia,2018,81,services to buildings and landscape activities,unita_locali,234
017029,Brescia,2018,82,"office administrative, office support and other business support activities",unita_locali,489
017029,Brescia,2018,85,education,unita_locali,247
017029,Brescia,2018,86,human health activities,unita_locali,2081
017029,Brescia,2018,87,residential care activities,unita_locali,15
017029,Brescia,2018,88,social work activities without accommodation,unita_locali,60
017029,Brescia,2018,90,"creative, arts and entertainment activities",unita_locali,182
017029,Brescia,2018,91,"libraries, archives, museums and other cultural activities",unita_locali,6
017029,Brescia,2018,92,gambling and betting activities,unita_locali,33
017029,Brescia,2018,93,sports activities and amusement and recreation activities,unita_locali,129
017029,Brescia,2018,95,repair of computers and personal and household goods,unita_locali,182
017029,Brescia,2018,96,other personal service activities,unita_locali,919
017029,Brescia,2019,08,other mining and quarrying,unita_locali,14
017029,Brescia,2019,10,manufacture of food products,unita_locali,117
017029,Brescia,2019,11,manufacture of beverages,unita_locali,6
017029,Brescia,2019,13,manufacture of textiles,unita_locali,23
017029,Brescia,2019,14,manufacture of wearing apparel,unita_locali,116
017029,Brescia,2019,15,manufacture of leather and related products,unita_locali,8
017029,Brescia,2019,16,"manufacture of wood and of products of wood and cork, except furniture, manufacture of articles of straw and plaiting materials",unita_locali,37
017029,Brescia,2019,17,manufacture of paper and paper products,unita_locali,10
017029,Brescia,2019,18,printing and reproduction of recorded media,unita_locali,57
017029,Brescia,2019,19,manufacture of coke and refined petroleum products,unita_locali,2
017029,Brescia,2019,20,manufacture of chemicals and chemical products,unita_locali,22
017029,Brescia,2019,21,manufacture of basic pharmaceutical products and pharmaceutical preparations,unita_locali,1
017029,Brescia,2019,22,manufacture of rubber and plastic products,unita_locali,32
017029,Brescia,2019,23,manufacture of other non-metallic mineral products,unita_locali,26
017029,Brescia,2019,24,manufacture of basic metals,unita_locali,25
017029,Brescia,2019,25,"manufacture of fabricated metal products, except machinery and equipment",unita_locali,270
017029,Brescia,2019,26,"manufacture of computer, electronic and optical products",unita_locali,23
017029,Brescia,2019,27,manufacture of electrical equipment and of non-electric domestic appliances,unita_locali,36
017029,Brescia,2019,28,manufacture of machinery and equipment n.e.c.,unita_locali,126
017029,Brescia,2019,29,"manufacture of motor vehicles, trailers and semi-trailers",unita_locali,14
017029,Brescia,2019,30,manufacture of other transport equipment,unita_locali,11
017029,Brescia,2019,31,manufacture of furniture,unita_locali,29
017029,Brescia,2019,32,other manufacturing,unita_locali,139
017029,Brescia,2019,33,repair and installation of machinery and equipment,unita_locali,185
017029,Brescia,2019,35,"electricity, gas, steam and air conditioning supply",unita_locali,60
017029,Brescia,2019,36,"water collection, treatment and supply",unita_locali,4
017029,Brescia,2019,37,sewerage,unita_locali,3
017029,Brescia,2019,38,"waste collection, treatment and disposal activities, materials recovery",unita_locali,40
017029,Brescia,2019,39,remediation activities and other waste management services,unita_locali,9
017029,Brescia,2019,41,construction of buildings,unita_locali,435
017029,Brescia,2019,42,civil engineering,unita_locali,19
017029,Brescia,2019,43,specialised construction activities,unita_locali,880
017029,Brescia,2019,45,wholesale and retail trade and repair of motor vehicles and motorcycles,unita_locali,497
017029,Brescia,2019,46,"wholesale trade, except of motor vehicles and motorcycles",unita_locali,1970
017029,Brescia,2019,47,"retail trade, except of motor vehicles and motorcycles",unita_locali,2220
017029,Brescia,2019,49,land transport and transport via pipelines,unita_locali,325
017029,Brescia,2019,50,water transport,unita_locali,2
017029,Brescia,2019,51,air transport,unita_locali,1
017029,Brescia,2019,52,warehousing and support activities for transportation,unita_locali,155
017029,Brescia,2019,53,postal and courier activities,unita_locali,45
017029,Brescia,2019,55,accommodation,unita_locali,73
017029,Brescia,2019,56,food service activities,unita_locali,1427
017029,Brescia,2019,58,publishing activities,unita_locali,31
017029,Brescia,2019,59,"motion picture, video and television programme production, sound recording and music publishing activities",unita_locali,42
017029,Brescia,2019,60,programming and broadcasting activities,unita_locali,4
017029,Brescia,2019,61,telecommunications,unita_locali,55
017029,Brescia,2019,62,"computer programming, consultancy and related activities",unita_locali,439
017029,Brescia,2019,63,information service activities,unita_locali,333
017029,Brescia,2019,64,"financial service activities, except insurance and pension funding",unita_locali,385
017029,Brescia,2019,65,"insurance, reinsurance and pension funding, except compulsory social security",unita_locali,14
017029,Brescia,2019,66,activities auxiliary to financial services and insurance activities,unita_locali,642
017029,Brescia,2019,68,real estate activities,unita_locali,2109
017029,Brescia,2019,69,legal and accounting activities,unita_locali,2498
017029,Brescia,2019,70,"activities of head offices, management consultancy activities",unita_locali,762
017029,Brescia,2019,71,"architectural and engineering activities, technical testing and analysis",unita_locali,1147
017029,Brescia,2019,72,scientific research and development,unita_locali,68
017029,Brescia,2019,73,advertising and market research,unita_locali,168
017029,Brescia,2019,74,"other professional, scientific and technical activities",unita_locali,953
017029,Brescia,2019,75,veterinary activities,unita_locali,47
017029,Brescia,2019,77,rental and leasing activities,unita_locali,80
017029,Brescia,2019,78,employment activities,unita_locali,49
017029,Brescia,2019,79,"travel agency, tour operator and other reservation service and related activities",unita_locali,79
017029,Brescia,2019,80,security and investigation activities,unita_locali,29
017029,Brescia,2019,81,services to buildings and landscape activities,unita_locali,230
017029,Brescia,2019,82,"office administrative, office support and other business support activities",unita_locali,487
017029,Brescia,2019,85,education,unita_locali,242
017029,Brescia,2019,86,human health activities,unita_locali,1955
017029,Brescia,2019,87,residential care activities,unita_locali,15
017029,Brescia,2019,88,social work activities without accommodation,unita_locali,60
017029,Brescia,2019,90,"creative, arts and entertainment activities",unita_locali,182
017029,Brescia,2019,91,"libraries, archives, museums and other cultural activities",unita_locali,8
017029,Brescia,2019,92,gambling and betting activities,unita_locali,25
017029,Brescia,2019,93,sports activities and amusement and recreation activities,unita_locali,142
017029,Brescia,2019,95,repair of computers and personal and household goods,unita_locali,168
017029,Brescia,2019,96,other personal service activities,unita_locali,897
017029,Brescia,2020,08,other mining and quarrying,unita_locali,11
017029,Brescia,2020,09,mining support service activities,unita_locali,1
017029,Brescia,2020,10,manufacture of food products,unita_locali,114
017029,Brescia,2020,11,manufacture of beverages,unita_locali,5
017029,Brescia,2020,13,manufacture of textiles,unita_locali,20
017029,Brescia,2020,14,manufacture of wearing apparel,unita_locali,111
017029,Brescia,2020,15,manufacture of leather and related products,unita_locali,12
017029,Brescia,2020,16,"manufacture of wood and of products of wood and cork, except furniture, manufacture of articles of straw and plaiting materials",unita_locali,30
017029,Brescia,2020,17,manufacture of paper and paper products,unita_locali,10
017029,Brescia,2020,18,printing and reproduction of recorded media,unita_locali,59
017029,Brescia,2020,19,manufacture of coke and refined petroleum products,unita_locali,4
017029,Brescia,2020,20,manufacture of chemicals and chemical products,unita_locali,21
017029,Brescia,2020,21,manufacture of basic pharmaceutical products and pharmaceutical preparations,unita_locali,3
017029,Brescia,2020,22,manufacture of rubber and plastic products,unita_locali,29
017029,Brescia,2020,23,manufacture of other non-metallic mineral products,unita_locali,28
017029,Brescia,2020,24,manufacture of basic metals,unita_locali,26
017029,Brescia,2020,25,"manufacture of fabricated metal products, except machinery and equipment",unita_locali,302
017029,Brescia,2020,26,"manufacture of computer, electronic and optical products",unita_locali,24
017029,Brescia,2020,27,manufacture of electrical equipment and of non-electric domestic appliances,unita_locali,38
017029,Brescia,2020,28,manufacture of machinery and equipment n.e.c.,unita_locali,108
017029,Brescia,2020,29,"manufacture of motor vehicles, trailers and semi-trailers",unita_locali,16
017029,Brescia,2020,30,manufacture of other transport equipment,unita_locali,12
017029,Brescia,2020,31,manufacture of furniture,unita_locali,29
017029,Brescia,2020,32,other manufacturing,unita_locali,139
017029,Brescia,2020,33,repair and installation of machinery and equipment,unita_locali,154
017029,Brescia,2020,35,"electricity, gas, steam and air conditioning supply",unita_locali,61
017029,Brescia,2020,36,"water collection, treatment and supply",unita_locali,4
017029,Brescia,2020,37,sewerage,unita_locali,3
017029,Brescia,2020,38,"waste collection, treatment and disposal activities, materials recovery",unita_locali,43
017029,Brescia,2020,39,remediation activities and other waste management services,unita_locali,8
017029,Brescia,2020,41,construction of buildings,unita_locali,428
017029,Brescia,2020,42,civil engineering,unita_locali,20
017029,Brescia,2020,43,specialised construction activities,unita_locali,907
017029,Brescia,2020,45,wholesale and retail trade and repair of motor vehicles and motorcycles,unita_locali,506
017029,Brescia,2020,46,"wholesale trade, except of motor vehicles and motorcycles",unita_locali,1992
017029,Brescia,2020,47,"retail trade, except of motor vehicles and motorcycles",unita_locali,2143
017029,Brescia,2020,49,land transport and transport via pipelines,unita_locali,340
017029,Brescia,2020,50,water transport,unita_locali,1
017029,Brescia,2020,51,air transport,unita_locali,1
017029,Brescia,2020,52,warehousing and support activities for transportation,unita_locali,142
017029,Brescia,2020,53,postal and courier activities,unita_locali,40
017029,Brescia,2020,55,accommodation,unita_locali,76
017029,Brescia,2020,56,food service activities,unita_locali,1384
017029,Brescia,2020,58,publishing activities,unita_locali,28
017029,Brescia,2020,59,"motion picture, video and television programme production, sound recording and music publishing activities",unita_locali,37
017029,Brescia,2020,60,programming and broadcasting activities,unita_locali,4
017029,Brescia,2020,61,telecommunications,unita_locali,59
017029,Brescia,2020,62,"computer programming, consultancy and related activities",unita_locali,448
017029,Brescia,2020,63,information service activities,unita_locali,328
017029,Brescia,2020,64,"financial service activities, except insurance and pension funding",unita_locali,390
017029,Brescia,2020,65,"insurance, reinsurance and pension funding, except compulsory social security",unita_locali,14
017029,Brescia,2020,66,activities auxiliary to financial services and insurance activities,unita_locali,677
017029,Brescia,2020,68,real estate activities,unita_locali,2122
017029,Brescia,2020,69,legal and accounting activities,unita_locali,2623
017029,Brescia,2020,70,"activities of head offices, management consultancy activities",unita_locali,808
017029,Brescia,2020,71,"architectural and engineering activities, technical testing and analysis",unita_locali,1220
017029,Brescia,2020,72,scientific research and development,unita_locali,78
017029,Brescia,2020,73,advertising and market research,unita_locali,182
017029,Brescia,2020,74,"other professional, scientific and technical activities",unita_locali,976
017029,Brescia,2020,75,veterinary activities,unita_locali,55
017029,Brescia,2020,77,rental and leasing activities,unita_locali,70
017029,Brescia,2020,78,employment activities,unita_locali,68
017029,Brescia,2020,79,"travel agency, tour operator and other reservation service and related activities",unita_locali,72
017029,Brescia,2020,80,security and investigation activities,unita_locali,26
017029,Brescia,2020,81,services to buildings and landscape activities,unita_locali,290
017029,Brescia,2020,82,"office administrative, office support and other business support activities",unita_locali,482
017029,Brescia,2020,85,education,unita_locali,236
017029,Brescia,2020,86,human health activities,unita_locali,2183
017029,Brescia,2020,87,residential care activities,unita_locali,16
017029,Brescia,2020,88,social work activities without accommodation,unita_locali,67
017029,Brescia,2020,90,"creative, arts and entertainment activities",unita_locali,184
017029,Brescia,2020,91,"libraries, archives, museums and other cultural activities",unita_locali,7
017029,Brescia,2020,92,gambling and betting activities,unita_locali,25
017029,Brescia,2020,93,sports activities and amusement and recreation activities,unita_locali,137
017029,Brescia,2020,95,repair of computers and personal and household goods,unita_locali,162
017029,Brescia,2020,96,other personal service activities,unita_locali,916
017029,Brescia,2021,08,other mining and quarrying,unita_locali,12
017029,Brescia,2021,10,manufacture of food products,unita_locali,114
017029,Brescia,2021,11,manufacture of beverages,unita_locali,6
017029,Brescia,2021,13,manufacture of textiles,unita_locali,19
017029,Brescia,2021,14,manufacture of wearing apparel,unita_locali,106
017029,Brescia,2021,15,manufacture of leather and related products,unita_locali,12
017029,Brescia,2021,16,"manufacture of wood and of products of wood and cork, except furniture, manufacture of articles of straw and plaiting materials",unita_locali,28
017029,Brescia,2021,17,manufacture of paper and paper products,unita_locali,8
017029,Brescia,2021,18,printing and reproduction of recorded media,unita_locali,51
017029,Brescia,2021,19,manufacture of coke and refined petroleum products,unita_locali,2
017029,Brescia,2021,20,manufacture of chemicals and chemical products,unita_locali,23
017029,Brescia,2021,21,manufacture of basic pharmaceutical products and pharmaceutical preparations,unita_locali,2
017029,Brescia,2021,22,manufacture of rubber and plastic products,unita_locali,31
017029,Brescia,2021,23,manufacture of other non-metallic mineral products,unita_locali,27
017029,Brescia,2021,24,manufacture of basic metals,unita_locali,28
017029,Brescia,2021,25,"manufacture of fabricated metal products, except machinery and equipment",unita_locali,288
017029,Brescia,2021,26,"manufacture of computer, electronic and optical products",unita_locali,26
017029,Brescia,2021,27,manufacture of electrical equipment and of non-electric domestic appliances,unita_locali,37
017029,Brescia,2021,28,manufacture of machinery and equipment n.e.c.,unita_locali,107
017029,Brescia,2021,29,"manufacture of motor vehicles, trailers and semi-trailers",unita_locali,12
017029,Brescia,2021,30,manufacture of other transport equipment,unita_locali,12
017029,Brescia,2021,31,manufacture of furniture,unita_locali,25
017029,Brescia,2021,32,other manufacturing,unita_locali,138
017029,Brescia,2021,33,repair and installation of machinery and equipment,unita_locali,158
017029,Brescia,2021,35,"electricity, gas, steam and air conditioning supply",unita_locali,62
017029,Brescia,2021,36,"water collection, treatment and supply",unita_locali,4
017029,Brescia,2021,37,sewerage,unita_locali,2
017029,Brescia,2021,38,"waste collection, treatment and disposal activities, materials recovery",unita_locali,41
017029,Brescia,2021,39,remediation activities and other waste management services,unita_locali,8
017029,Brescia,2021,41,construction of buildings,unita_locali,488
017029,Brescia,2021,42,civil engineering,unita_locali,33
017029,Brescia,2021,43,specialised construction activities,unita_locali,990
017029,Brescia,2021,45,wholesale and retail trade and repair of motor vehicles and motorcycles,unita_locali,491
017029,Brescia,2021,46,"wholesale trade, except of motor vehicles and motorcycles",unita_locali,1966
017029,Brescia,2021,47,"retail trade, except of motor vehicles and motorcycles",unita_locali,2101
017029,Brescia,2021,49,land transport and transport via pipelines,unita_locali,358
017029,Brescia,2021,50,water transport,unita_locali,1
017029,Brescia,2021,51,air transport,unita_locali,1
017029,Brescia,2021,52,warehousing and support activities for transportation,unita_locali,137
017029,Brescia,2021,53,postal and courier activities,unita_locali,46
017029,Brescia,2021,55,accommodation,unita_locali,71
017029,Brescia,2021,56,food service activities,unita_locali,1363
017029,Brescia,2021,58,publishing activities,unita_locali,30
017029,Brescia,2021,59,"motion picture, video and television programme production, sound recording and music publishing activities",unita_locali,38
017029,Brescia,2021,60,programming and broadcasting activities,unita_locali,5
017029,Brescia,2021,61,telecommunications,unita_locali,52
017029,Brescia,2021,62,"computer programming, consultancy and related activities",unita_locali,462
017029,Brescia,2021,63,information service activities,unita_locali,334
017029,Brescia,2021,64,"financial service activities, except insurance and pension funding",unita_locali,400
017029,Brescia,2021,65,"insurance, reinsurance and pension funding, except compulsory social security",unita_locali,10
017029,Brescia,2021,66,activities auxiliary to financial services and insurance activities,unita_locali,677
017029,Brescia,2021,68,real estate activities,unita_locali,2146
017029,Brescia,2021,69,legal and accounting activities,unita_locali,2652
017029,Brescia,2021,70,"activities of head offices, management consultancy activities",unita_locali,882
017029,Brescia,2021,71,"architectural and engineering activities, technical testing and analysis",unita_locali,1289
017029,Brescia,2021,72,scientific research and development,unita_locali,87
017029,Brescia,2021,73,advertising and market research,unita_locali,218
017029,Brescia,2021,74,"other professional, scientific and technical activities",unita_locali,996
017029,Brescia,2021,75,veterinary activities,unita_locali,55
017029,Brescia,2021,77,rental and leasing activities,unita_locali,73
017029,Brescia,2021,78,employment activities,unita_locali,75
017029,Brescia,2021,79,"travel agency, tour operator and other reservation service and related activities",unita_locali,68
017029,Brescia,2021,80,security and investigation activities,unita_locali,31
017029,Brescia,2021,81,services to buildings and landscape activities,unita_locali,349
017029,Brescia,2021,82,"office administrative, office support and other business support activities",unita_locali,485
017029,Brescia,2021,85,education,unita_locali,246
017029,Brescia,2021,86,human health activities,unita_locali,2317
017029,Brescia,2021,87,residential care activities,unita_locali,25
017029,Brescia,2021,88,social work activities without accommodation,unita_locali,68
017029,Brescia,2021,90,"creative, arts and entertainment activities",unita_locali,210
017029,Brescia,2021,91,"libraries, archives, museums and other cultural activities",unita_locali,7
017029,Brescia,2021,92,gambling and betting activities,unita_locali,28
017029,Brescia,2021,93,sports activities and amusement and recreation activities,unita_locali,134
017029,Brescia,2021,95,repair of computers and personal and household goods,unita_locali,158
017029,Brescia,2021,96,other personal service activities,unita_locali,889
017029,Brescia,2022,08,other mining and quarrying,unita_locali,9
017029,Brescia,2022,10,manufacture of food products,unita_locali,109
017029,Brescia,2022,11,manufacture of beverages,unita_locali,3
017029,Brescia,2022,13,manufacture of textiles,unita_locali,19
017029,Brescia,2022,14,manufacture of wearing apparel,unita_locali,121
017029,Brescia,2022,15,manufacture of leather and related products,unita_locali,9
017029,Brescia,2022,16,"manufacture of wood and of products of wood and cork, except furniture, manufacture of articles of straw and plaiting materials",unita_locali,30
017029,Brescia,2022,17,manufacture of paper and paper products,unita_locali,7
017029,Brescia,2022,18,printing and reproduction of recorded media,unita_locali,51
017029,Brescia,2022,19,manufacture of coke and refined petroleum products,unita_locali,2
017029,Brescia,2022,20,manufacture of chemicals and chemical products,unita_locali,23
017029,Brescia,2022,21,manufacture of basic pharmaceutical products and pharmaceutical preparations,unita_locali,3
017029,Brescia,2022,22,manufacture of rubber and plastic products,unita_locali,32
017029,Brescia,2022,23,manufacture of other non-metallic mineral products,unita_locali,29
017029,Brescia,2022,24,manufacture of basic metals,unita_locali,25
017029,Brescia,2022,25,"manufacture of fabricated metal products, except machinery and equipment",unita_locali,290
017029,Brescia,2022,26,"manufacture of computer, electronic and optical products",unita_locali,28
017029,Brescia,2022,27,manufacture of electrical equipment and of non-electric domestic appliances,unita_locali,37
017029,Brescia,2022,28,manufacture of machinery and equipment n.e.c.,unita_locali,119
017029,Brescia,2022,29,"manufacture of motor vehicles, trailers and semi-trailers",unita_locali,15
017029,Brescia,2022,30,manufacture of other transport equipment,unita_locali,9
017029,Brescia,2022,31,manufacture of furniture,unita_locali,25
017029,Brescia,2022,32,other manufacturing,unita_locali,144
017029,Brescia,2022,33,repair and installation of machinery and equipment,unita_locali,159
017029,Brescia,2022,35,"electricity, gas, steam and air conditioning supply",unita_locali,66
017029,Brescia,2022,36,"water collection, treatment and supply",unita_locali,4
017029,Brescia,2022,37,sewerage,unita_locali,2
017029,Brescia,2022,38,"waste collection, treatment and disposal activities, materials recovery",unita_locali,41
017029,Brescia,2022,39,remediation activities and other waste management services,unita_locali,6
017029,Brescia,2022,41,construction of buildings,unita_locali,581
017029,Brescia,2022,42,civil engineering,unita_locali,45
017029,Brescia,2022,43,specialised construction activities,unita_locali,1186
017029,Brescia,2022,45,wholesale and retail trade and repair of motor vehicles and motorcycles,unita_locali,502
017029,Brescia,2022,46,"wholesale trade, except of motor vehicles and motorcycles",unita_locali,1970
017029,Brescia,2022,47,"retail trade, except of motor vehicles and motorcycles",unita_locali,2130
017029,Brescia,2022,49,land transport and transport via pipelines,unita_locali,364
017029,Brescia,2022,52,warehousing and support activities for transportation,unita_locali,152
017029,Brescia,2022,53,postal and courier activities,unita_locali,46
017029,Brescia,2022,55,accommodation,unita_locali,78
017029,Brescia,2022,56,food service activities,unita_locali,1362
017029,Brescia,2022,58,publishing activities,unita_locali,28
017029,Brescia,2022,59,"motion picture, video and television programme production, sound recording and music publishing activities",unita_locali,37
017029,Brescia,2022,60,programming and broadcasting activities,unita_locali,7
017029,Brescia,2022,61,telecommunications,unita_locali,49
017029,Brescia,2022,62,"computer programming, consultancy and related activities",unita_locali,476
017029,Brescia,2022,63,information service activities,unita_locali,352
017029,Brescia,2022,64,"financial service activities, except insurance and pension funding",unita_locali,474
017029,Brescia,2022,65,"insurance, reinsurance and pension funding, except compulsory social security",unita_locali,10
017029,Brescia,2022,66,activities auxiliary to financial services and insurance activities,unita_locali,702
017029,Brescia,2022,68,real estate activities,unita_locali,2139
017029,Brescia,2022,69,legal and accounting activities,unita_locali,2690
017029,Brescia,2022,70,"activities of head offices, management consultancy activities",unita_locali,1026
017029,Brescia,2022,71,"architectural and engineering activities, technical testing and analysis",unita_locali,1395
017029,Brescia,2022,72,scientific research and development,unita_locali,87
017029,Brescia,2022,73,advertising and market research,unita_locali,230
017029,Brescia,2022,74,"other professional, scientific and technical activities",unita_locali,1099
017029,Brescia,2022,75,veterinary activities,unita_locali,61
017029,Brescia,2022,77,rental and leasing activities,unita_locali,75
017029,Brescia,2022,78,employment activities,unita_locali,77
017029,Brescia,2022,79,"travel agency, tour operator and other reservation service and related activities",unita_locali,68
017029,Brescia,2022,80,security and investigation activities,unita_locali,27
017029,Brescia,2022,81,services to buildings and landscape activities,unita_locali,362
017029,Brescia,2022,82,"office administrative, office support and other business support activities",unita_locali,503
017029,Brescia,2022,85,education,unita_locali,275
017029,Brescia,2022,86,human health activities,unita_locali,2373
017029,Brescia,2022,87,residential care activities,unita_locali,24
017029,Brescia,2022,88,social work activities without accommodation,unita_locali,69
017029,Brescia,2022,90,"creative, arts and entertainment activities",unita_locali,236
017029,Brescia,2022,91,"libraries, archives, museums and other cultural activities",unita_locali,5
017029,Brescia,2022,92,gambling and betting activities,unita_locali,23
017029,Brescia,2022,93,sports activities and amusement and recreation activities,unita_locali,143
017029,Brescia,2022,95,repair of computers and personal and household goods,unita_locali,162
017029,Brescia,2022,96,other personal service activities,unita_locali,959
017029,Brescia,2023,08,other mining and quarrying,unita_locali,8
017029,Brescia,2023,10,manufacture of food products,unita_locali,97
017029,Brescia,2023,11,manufacture of beverages,unita_locali,4
017029,Brescia,2023,13,manufacture of textiles,unita_locali,20
017029,Brescia,2023,14,manufacture of wearing apparel,unita_locali,113
017029,Brescia,2023,15,manufacture of leather and related products,unita_locali,9
017029,Brescia,2023,16,"manufacture of wood and of products of wood and cork, except furniture, manufacture of articles of straw and plaiting materials",unita_locali,35
017029,Brescia,2023,17,manufacture of paper and paper products,unita_locali,6
017029,Brescia,2023,18,printing and reproduction of recorded media,unita_locali,51
017029,Brescia,2023,19,manufacture of coke and refined petroleum products,unita_locali,1
017029,Brescia,2023,20,manufacture of chemicals and chemical products,unita_locali,24
017029,Brescia,2023,21,manufacture of basic pharmaceutical products and pharmaceutical preparations,unita_locali,2
017029,Brescia,2023,22,manufacture of rubber and plastic products,unita_locali,31
017029,Brescia,2023,23,manufacture of other non-metallic mineral products,unita_locali,32
017029,Brescia,2023,24,manufacture of basic metals,unita_locali,25
017029,Brescia,2023,25,"manufacture of fabricated metal products, except machinery and equipment",unita_locali,293
017029,Brescia,2023,26,"manufacture of computer, electronic and optical products",unita_locali,25
017029,Brescia,2023,27,manufacture of electrical equipment and of non-electric domestic appliances,unita_locali,38
017029,Brescia,2023,28,manufacture of machinery and equipment n.e.c.,unita_locali,120
017029,Brescia,2023,29,"manufacture of motor vehicles, trailers and semi-trailers",unita_locali,15
017029,Brescia,2023,30,manufacture of other transport equipment,unita_locali,8
017029,Brescia,2023,31,manufacture of furniture,unita_locali,21
017029,Brescia,2023,32,other manufacturing,unita_locali,132
017029,Brescia,2023,33,repair and installation of machinery and equipment,unita_locali,169
017029,Brescia,2023,35,"electricity, gas, steam and air conditioning supply",unita_locali,68
017029,Brescia,2023,36,"water collection, treatment and supply",unita_locali,5
017029,Brescia,2023,37,sewerage,unita_locali,3
017029,Brescia,2023,38,"waste collection, treatment and disposal activities, materials recovery",unita_locali,41
017029,Brescia,2023,39,remediation activities and other waste management services,unita_locali,3
017029,Brescia,2023,41,construction of buildings,unita_locali,535
017029,Brescia,2023,42,civil engineering,unita_locali,38
017029,Brescia,2023,43,specialised construction activities,unita_locali,1220
017029,Brescia,2023,45,wholesale and retail trade and repair of motor vehicles and motorcycles,unita_locali,500
017029,Brescia,2023,46,"wholesale trade, except of motor vehicles and motorcycles",unita_locali,1919
017029,Brescia,2023,47,"retail trade, except of motor vehicles and motorcycles",unita_locali,2061
017029,Brescia,2023,49,land transport and transport via pipelines,unita_locali,380
017029,Brescia,2023,50,water transport,unita_locali,1
017029,Brescia,2023,51,air transport,unita_locali,1
017029,Brescia,2023,52,warehousing and support activities for transportation,unita_locali,149
017029,Brescia,2023,53,postal and courier activities,unita_locali,51
017029,Brescia,2023,55,accommodation,unita_locali,78
017029,Brescia,2023,56,food service activities,unita_locali,1358
017029,Brescia,2023,58,publishing activities,unita_locali,30
017029,Brescia,2023,59,"motion picture, video and television programme production, sound recording and music publishing activities",unita_locali,43
017029,Brescia,2023,60,programming and broadcasting activities,unita_locali,6
017029,Brescia,2023,61,telecommunications,unita_locali,45
017029,Brescia,2023,62,"computer programming, consultancy and related activities",unita_locali,468
017029,Brescia,2023,63,information service activities,unita_locali,350
017029,Brescia,2023,64,"financial service activities, except insurance and pension funding",unita_locali,510
017029,Brescia,2023,65,"insurance, reinsurance and pension funding, except compulsory social security",unita_locali,13
017029,Brescia,2023,66,activities auxiliary to financial services and insurance activities,unita_locali,669
017029,Brescia,2023,68,real estate activities,unita_locali,2143
017029,Brescia,2023,69,legal and accounting activities,unita_locali,2721
017029,Brescia,2023,70,"activities of head offices, management consultancy activities",unita_locali,1114
017029,Brescia,2023,71,"architectural and engineering activities, technical testing and analysis",unita_locali,1360
017029,Brescia,2023,72,scientific research and development,unita_locali,97
017029,Brescia,2023,73,advertising and market research,unita_locali,241
017029,Brescia,2023,74,"other professional, scientific and technical activities",unita_locali,1134
017029,Brescia,2023,75,veterinary activities,unita_locali,68
017029,Brescia,2023,77,rental and leasing activities,unita_locali,76
017029,Brescia,2023,78,employment activities,unita_locali,86
017029,Brescia,2023,79,"travel agency, tour operator and other reservation service and related activities",unita_locali,69
017029,Brescia,2023,80,security and investigation activities,unita_locali,29
017029,Brescia,2023,81,services to buildings and landscape activities,unita_locali,391
017029,Brescia,2023,82,"office administrative, office support and other business support activities",unita_locali,509
017029,Brescia,2023,85,education,unita_locali,303
017029,Brescia,2023,86,human health activities,unita_locali,2469
017029,Brescia,2023,87,residential care activities,unita_locali,25
017029,Brescia,2023,88,social work activities without accommodation,unita_locali,74
017029,Brescia,2023,90,"creative, arts and entertainment activities",unita_locali,260
017029,Brescia,2023,91,"libraries, archives, museums and other cultural activities",unita_locali,4
017029,Brescia,2023,92,gambling and betting activities,unita_locali,20
017029,Brescia,2023,93,sports activities and amusement and recreation activities,unita_locali,149
017029,Brescia,2023,95,repair of computers and personal and household goods,unita_locali,165
017029,Brescia,2023,96,other personal service activities,unita_locali,956
ITC47,Provincia di Brescia,2018,08,other mining and quarrying,addetti,643.1
ITC47,Provincia di Brescia,2018,10,manufacture of food products,addetti,7930.7
ITC47,Provincia di Brescia,2018,11,manufacture of beverages,addetti,743.7
ITC47,Provincia di Brescia,2018,13,manufacture of textiles,addetti,2978.9
ITC47,Provincia di Brescia,2018,14,manufacture of wearing apparel,addetti,5246.2
ITC47,Provincia di Brescia,2018,15,manufacture of leather and related products,addetti,1105.2
ITC47,Provincia di Brescia,2018,16,"manufacture of wood and of products of wood and cork, except furniture, manufacture of articles of straw and plaiting materials",addetti,2877.7
ITC47,Provincia di Brescia,2018,17,manufacture of paper and paper products,addetti,1986.7
ITC47,Provincia di Brescia,2018,18,printing and reproduction of recorded media,addetti,1734.5
ITC47,Provincia di Brescia,2018,19,manufacture of coke and refined petroleum products,addetti,62.2
ITC47,Provincia di Brescia,2018,20,manufacture of chemicals and chemical products,addetti,2434.0
ITC47,Provincia di Brescia,2018,21,manufacture of basic pharmaceutical products and pharmaceutical preparations,addetti,264.8
ITC47,Provincia di Brescia,2018,22,manufacture of rubber and plastic products,addetti,8644.1
ITC47,Provincia di Brescia,2018,23,manufacture of other non-metallic mineral products,addetti,3904.2
ITC47,Provincia di Brescia,2018,24,manufacture of basic metals,addetti,16311.3
ITC47,Provincia di Brescia,2018,25,"manufacture of fabricated metal products, except machinery and equipment",addetti,38656.3
ITC47,Provincia di Brescia,2018,26,"manufacture of computer, electronic and optical products",addetti,2128.0
ITC47,Provincia di Brescia,2018,27,manufacture of electrical equipment and of non-electric domestic appliances,addetti,6078.5
ITC47,Provincia di Brescia,2018,28,manufacture of machinery and equipment n.e.c.,addetti,24231.8
ITC47,Provincia di Brescia,2018,29,"manufacture of motor vehicles, trailers and semi-trailers",addetti,7938.3
ITC47,Provincia di Brescia,2018,30,manufacture of other transport equipment,addetti,632.6
ITC47,Provincia di Brescia,2018,31,manufacture of furniture,addetti,2177.6
ITC47,Provincia di Brescia,2018,32,other manufacturing,addetti,2464.8
ITC47,Provincia di Brescia,2018,33,repair and installation of machinery and equipment,addetti,5901.0
ITC47,Provincia di Brescia,2018,35,"electricity, gas, steam and air conditioning supply",addetti,2134.1
ITC47,Provincia di Brescia,2018,36,"water collection, treatment and supply",addetti,512.8
ITC47,Provincia di Brescia,2018,37,sewerage,addetti,157.1
ITC47,Provincia di Brescia,2018,38,"waste collection, treatment and disposal activities, materials recovery",addetti,3979.1
ITC47,Provincia di Brescia,2018,39,remediation activities and other waste management services,addetti,128.1
ITC47,Provincia di Brescia,2018,41,construction of buildings,addetti,8792.2
ITC47,Provincia di Brescia,2018,42,civil engineering,addetti,1828.8
ITC47,Provincia di Brescia,2018,43,specialised construction activities,addetti,24935.2
ITC47,Provincia di Brescia,2018,45,wholesale and retail trade and repair of motor vehicles and motorcycles,addetti,9827.2
ITC47,Provincia di Brescia,2018,46,"wholesale trade, except of motor vehicles and motorcycles",addetti,27262.6
ITC47,Provincia di Brescia,2018,47,"retail trade, except of motor vehicles and motorcycles",addetti,39370.8
ITC47,Provincia di Brescia,2018,49,land transport and transport via pipelines,addetti,9802.1
ITC47,Provincia di Brescia,2018,50,water transport,addetti,66.2
ITC47,Provincia di Brescia,2018,51,air transport,addetti,18.6
ITC47,Provincia di Brescia,2018,52,warehousing and support activities for transportation,addetti,3720.4
ITC47,Provincia di Brescia,2018,53,postal and courier activities,addetti,2195.4
ITC47,Provincia di Brescia,2018,55,accommodation,addetti,5976.3
ITC47,Provincia di Brescia,2018,56,food service activities,addetti,29593.1
ITC47,Provincia di Brescia,2018,58,publishing activities,addetti,294.1
ITC47,Provincia di Brescia,2018,59,"motion picture, video and television programme production, sound recording and music publishing activities",addetti,235.9
ITC47,Provincia di Brescia,2018,60,programming and broadcasting activities,addetti,81.5
ITC47,Provincia di Brescia,2018,61,telecommunications,addetti,803.7
ITC47,Provincia di Brescia,2018,62,"computer programming, consultancy and related activities",addetti,3907.8
ITC47,Provincia di Brescia,2018,63,information service activities,addetti,3163.4
ITC47,Provincia di Brescia,2018,64,"financial service activities, except insurance and pension funding",addetti,7997.2
ITC47,Provincia di Brescia,2018,65,"insurance, reinsurance and pension funding, except compulsory social security",addetti,204.5
ITC47,Provincia di Brescia,2018,66,activities auxiliary to financial services and insurance activities,addetti,4113.6
ITC47,Provincia di Brescia,2018,68,real estate activities,addetti,8498.8
ITC47,Provincia di Brescia,2018,69,legal and accounting activities,addetti,10238.5
ITC47,Provincia di Brescia,2018,70,"activities of head offices, management consultancy activities",addetti,3461.3
ITC47,Provincia di Brescia,2018,71,"architectural and engineering activities, technical testing and analysis",addetti,6816.0
ITC47,Provincia di Brescia,2018,72,scientific research and development,addetti,418.8
ITC47,Provincia di Brescia,2018,73,advertising and market research,addetti,1032.4
ITC47,Provincia di Brescia,2018,74,"other professional, scientific and technical activities",addetti,5159.1
ITC47,Provincia di Brescia,2018,75,veterinary activities,addetti,393.5
ITC47,Provincia di Brescia,2018,77,rental and leasing activities,addetti,1012.0
ITC47,Provincia di Brescia,2018,78,employment activities,addetti,17781.8
ITC47,Provincia di Brescia,2018,79,"travel agency, tour operator and other reservation service and related activities",addetti,776.1
ITC47,Provincia di Brescia,2018,80,security and investigation activities,addetti,1207.8
ITC47,Provincia di Brescia,2018,81,services to buildings and landscape activities,addetti,12698.5
ITC47,Provincia di Brescia,2018,82,"office administrative, office support and other business support activities",addetti,5478.4
ITC47,Provincia di Brescia,2018,85,education,addetti,2267.7
ITC47,Provincia di Brescia,2018,86,human health activities,addetti,11832.9
ITC47,Provincia di Brescia,2018,87,residential care activities,addetti,2353.3
ITC47,Provincia di Brescia,2018,88,social work activities without accommodation,addetti,5193.9
ITC47,Provincia di Brescia,2018,90,"creative, arts and entertainment activities",addetti,796.1
ITC47,Provincia di Brescia,2018,91,"libraries, archives, museums and other cultural activities",addetti,276.4
ITC47,Provincia di Brescia,2018,92,gambling and betting activities,addetti,961.7
ITC47,Provincia di Brescia,2018,93,sports activities and amusement and recreation activities,addetti,1556.4
ITC47,Provincia di Brescia,2018,95,repair of computers and personal and household goods,addetti,956.8
ITC47,Provincia di Brescia,2018,96,other personal service activities,addetti,10651.3
ITC47,Provincia di Brescia,2019,08,other mining and quarrying,addetti,629.9
ITC47,Provincia di Brescia,2019,10,manufacture of food products,addetti,7980.0
ITC47,Provincia di Brescia,2019,11,manufacture of beverages,addetti,754.3
ITC47,Provincia di Brescia,2019,13,manufacture of textiles,addetti,2886.7
ITC47,Provincia di Brescia,2019,14,manufacture of wearing apparel,addetti,5493.0
ITC47,Provincia di Brescia,2019,15,manufacture of leather and related products,addetti,1065.1
ITC47,Provincia di Brescia,2019,16,"manufacture of wood and of products of wood and cork, except furniture, manufacture of articles of straw and plaiting materials",addetti,2746.0
ITC47,Provincia di Brescia,2019,17,manufacture of paper and paper products,addetti,1981.0
ITC47,Provincia di Brescia,2019,18,printing and reproduction of recorded media,addetti,1723.8
ITC47,Provincia di Brescia,2019,19,manufacture of coke and refined petroleum products,addetti,67.1
ITC47,Provincia di Brescia,2019,20,manufacture of chemicals and chemical products,addetti,2416.1
ITC47,Provincia di Brescia,2019,21,manufacture of basic pharmaceutical products and pharmaceutical preparations,addetti,282.6
ITC47,Provincia di Brescia,2019,22,manufacture of rubber and plastic products,addetti,8894.6
ITC47,Provincia di Brescia,2019,23,manufacture of other non-metallic mineral products,addetti,3835.4
ITC47,Provincia di Brescia,2019,24,manufacture of basic metals,addetti,16690.7
ITC47,Provincia di Brescia,2019,25,"manufacture of fabricated metal products, except machinery and equipment",addetti,39463.6
ITC47,Provincia di Brescia,2019,26,"manufacture of computer, electronic and optical products",addetti,2363.2
ITC47,Provincia di Brescia,2019,27,manufacture of electrical equipment and of non-electric domestic appliances,addetti,6339.0
ITC47,Provincia di Brescia,2019,28,manufacture of machinery and equipment n.e.c.,addetti,25026.5
ITC47,Provincia di Brescia,2019,29,"manufacture of motor vehicles, trailers and semi-trailers",addetti,7789.1
ITC47,Provincia di Brescia,2019,30,manufacture of other transport equipment,addetti,621.5
ITC47,Provincia di Brescia,2019,31,manufacture of furniture,addetti,2057.9
ITC47,Provincia di Brescia,2019,32,other manufacturing,addetti,2620.4
ITC47,Provincia di Brescia,2019,33,repair and installation of machinery and equipment,addetti,6572.0
ITC47,Provincia di Brescia,2019,35,"electricity, gas, steam and air conditioning supply",addetti,2178.2
ITC47,Provincia di Brescia,2019,36,"water collection, treatment and supply",addetti,553.5
ITC47,Provincia di Brescia,2019,37,sewerage,addetti,181.3
ITC47,Provincia di Brescia,2019,38,"waste collection, treatment and disposal activities, materials recovery",addetti,4172.2
ITC47,Provincia di Brescia,2019,39,remediation activities and other waste management services,addetti,94.4
ITC47,Provincia di Brescia,2019,41,construction of buildings,addetti,9246.7
ITC47,Provincia di Brescia,2019,42,civil engineering,addetti,2182.1
ITC47,Provincia di Brescia,2019,43,specialised construction activities,addetti,25399.9
ITC47,Provincia di Brescia,2019,45,wholesale and retail trade and repair of motor vehicles and motorcycles,addetti,10347.0
ITC47,Provincia di Brescia,2019,46,"wholesale trade, except of motor vehicles and motorcycles",addetti,27126.7
ITC47,Provincia di Brescia,2019,47,"retail trade, except of motor vehicles and motorcycles",addetti,38087.2
ITC47,Provincia di Brescia,2019,49,land transport and transport via pipelines,addetti,10062.9
ITC47,Provincia di Brescia,2019,50,water transport,addetti,62.9
ITC47,Provincia di Brescia,2019,51,air transport,addetti,139.4
ITC47,Provincia di Brescia,2019,52,warehousing and support activities for transportation,addetti,3736.1
ITC47,Provincia di Brescia,2019,53,postal and courier activities,addetti,2145.4
ITC47,Provincia di Brescia,2019,55,accommodation,addetti,6313.0
ITC47,Provincia di Brescia,2019,56,food service activities,addetti,30461.7
ITC47,Provincia di Brescia,2019,58,publishing activities,addetti,265.0
ITC47,Provincia di Brescia,2019,59,"motion picture, video and television programme production, sound recording and music publishing activities",addetti,268.2
ITC47,Provincia di Brescia,2019,60,programming and broadcasting activities,addetti,81.0
ITC47,Provincia di Brescia,2019,61,telecommunications,addetti,828.9
ITC47,Provincia di Brescia,2019,62,"computer programming, consultancy and related activities",addetti,4355.4
ITC47,Provincia di Brescia,2019,63,information service activities,addetti,3388.6
ITC47,Provincia di Brescia,2019,64,"financial service activities, except insurance and pension funding",addetti,7794.3
ITC47,Provincia di Brescia,2019,65,"insurance, reinsurance and pension funding, except compulsory social security",addetti,196.0
ITC47,Provincia di Brescia,2019,66,activities auxiliary to financial services and insurance activities,addetti,3979.4
ITC47,Provincia di Brescia,2019,68,real estate activities,addetti,8755.8
ITC47,Provincia di Brescia,2019,69,legal and accounting activities,addetti,9860.3
ITC47,Provincia di Brescia,2019,70,"activities of head offices, management consultancy activities",addetti,3634.1
ITC47,Provincia di Brescia,2019,71,"architectural and engineering activities, technical testing and analysis",addetti,6389.6
ITC47,Provincia di Brescia,2019,72,scientific research and development,addetti,430.2
ITC47,Provincia di Brescia,2019,73,advertising and market research,addetti,981.8
ITC47,Provincia di Brescia,2019,74,"other professional, scientific and technical activities",addetti,5417.1
ITC47,Provincia di Brescia,2019,75,veterinary activities,addetti,399.5
ITC47,Provincia di Brescia,2019,77,rental and leasing activities,addetti,1167.4
ITC47,Provincia di Brescia,2019,78,employment activities,addetti,17256.9
ITC47,Provincia di Brescia,2019,79,"travel agency, tour operator and other reservation service and related activities",addetti,764.2
ITC47,Provincia di Brescia,2019,80,security and investigation activities,addetti,1776.3
ITC47,Provincia di Brescia,2019,81,services to buildings and landscape activities,addetti,12352.0
ITC47,Provincia di Brescia,2019,82,"office administrative, office support and other business support activities",addetti,5155.2
ITC47,Provincia di Brescia,2019,85,education,addetti,2407.6
ITC47,Provincia di Brescia,2019,86,human health activities,addetti,11671.5
ITC47,Provincia di Brescia,2019,87,residential care activities,addetti,1947.2
ITC47,Provincia di Brescia,2019,88,social work activities without accommodation,addetti,4552.7
ITC47,Provincia di Brescia,2019,90,"creative, arts and entertainment activities",addetti,787.5
ITC47,Provincia di Brescia,2019,91,"libraries, archives, museums and other cultural activities",addetti,288.4
ITC47,Provincia di Brescia,2019,92,gambling and betting activities,addetti,798.2
ITC47,Provincia di Brescia,2019,93,sports activities and amusement and recreation activities,addetti,1594.4
ITC47,Provincia di Brescia,2019,95,repair of computers and personal and household goods,addetti,925.5
ITC47,Provincia di Brescia,2019,96,other personal service activities,addetti,10613.9
ITC47,Provincia di Brescia,2020,08,other mining and quarrying,addetti,570.9
ITC47,Provincia di Brescia,2020,09,mining support service activities,addetti,0.0
ITC47,Provincia di Brescia,2020,10,manufacture of food products,addetti,8035.4
ITC47,Provincia di Brescia,2020,11,manufacture of beverages,addetti,827.0
ITC47,Provincia di Brescia,2020,13,manufacture of textiles,addetti,2736.7
ITC47,Provincia di Brescia,2020,14,manufacture of wearing apparel,addetti,5091.7
ITC47,Provincia di Brescia,2020,15,manufacture of leather and related products,addetti,925.8
ITC47,Provincia di Brescia,2020,16,"manufacture of wood and of products of wood and cork, except furniture, manufacture of articles of straw and plaiting materials",addetti,2516.7
ITC47,Provincia di Brescia,2020,17,manufacture of paper and paper products,addetti,1961.8
ITC47,Provincia di Brescia,2020,18,printing and reproduction of recorded media,addetti,1609.2
ITC47,Provincia di Brescia,2020,19,manufacture of coke and refined petroleum products,addetti,97.0
ITC47,Provincia di Brescia,2020,20,manufacture of chemicals and chemical products,addetti,2464.1
ITC47,Provincia di Brescia,2020,21,manufacture of basic pharmaceutical products and pharmaceutical preparations,addetti,314.7
ITC47,Provincia di Brescia,2020,22,manufacture of rubber and plastic products,addetti,8813.0
ITC47,Provincia di Brescia,2020,23,manufacture of other non-metallic mineral products,addetti,3863.2
ITC47,Provincia di Brescia,2020,24,manufacture of basic metals,addetti,15021.9
ITC47,Provincia di Brescia,2020,25,"manufacture of fabricated metal products, except machinery and equipment",addetti,40493.1
ITC47,Provincia di Brescia,2020,26,"manufacture of computer, electronic and optical products",addetti,2392.1
ITC47,Provincia di Brescia,2020,27,manufacture of electrical equipment and of non-electric domestic appliances,addetti,6128.6
ITC47,Provincia di Brescia,2020,28,manufacture of machinery and equipment n.e.c.,addetti,24525.3
ITC47,Provincia di Brescia,2020,29,"manufacture of motor vehicles, trailers and semi-trailers",addetti,8178.9
ITC47,Provincia di Brescia,2020,30,manufacture of other transport equipment,addetti,709.9
ITC47,Provincia di Brescia,2020,31,manufacture of furniture,addetti,1797.2
ITC47,Provincia di Brescia,2020,32,other manufacturing,addetti,2432.4
ITC47,Provincia di Brescia,2020,33,repair and installation of machinery and equipment,addetti,6032.2
ITC47,Provincia di Brescia,2020,35,"electricity, gas, steam and air conditioning supply",addetti,2219.3
ITC47,Provincia di Brescia,2020,36,"water collection, treatment and supply",addetti,579.7
ITC47,Provincia di Brescia,2020,37,sewerage,addetti,188.0
ITC47,Provincia di Brescia,2020,38,"waste collection, treatment and disposal activities, materials recovery",addetti,4127.5
ITC47,Provincia di Brescia,2020,39,remediation activities and other waste management services,addetti,112.1
ITC47,Provincia di Brescia,2020,41,construction of buildings,addetti,10235.9
ITC47,Provincia di Brescia,2020,42,civil engineering,addetti,2409.8
ITC47,Provincia di Brescia,2020,43,specialised construction activities,addetti,25472.2
ITC47,Provincia di Brescia,2020,45,wholesale and retail trade and repair of motor vehicles and motorcycles,addetti,10014.0
ITC47,Provincia di Brescia,2020,46,"wholesale trade, except of motor vehicles and motorcycles",addetti,26266.7
ITC47,Provincia di Brescia,2020,47,"retail trade, except of motor vehicles and motorcycles",addetti,37780.1
ITC47,Provincia di Brescia,2020,49,land transport and transport via pipelines,addetti,9775.9
ITC47,Provincia di Brescia,2020,50,water transport,addetti,54.9
ITC47,Provincia di Brescia,2020,51,air transport,addetti,74.8
ITC47,Provincia di Brescia,2020,52,warehousing and support activities for transportation,addetti,3627.5
ITC47,Provincia di Brescia,2020,53,postal and courier activities,addetti,2056.2
ITC47,Provincia di Brescia,2020,55,accommodation,addetti,4649.5
ITC47,Provincia di Brescia,2020,56,food service activities,addetti,27609.2
ITC47,Provincia di Brescia,2020,58,publishing activities,addetti,271.4
ITC47,Provincia di Brescia,2020,59,"motion picture, video and television programme production, sound recording and music publishing activities",addetti,262.2
ITC47,Provincia di Brescia,2020,60,programming and broadcasting activities,addetti,82.7
ITC47,Provincia di Brescia,2020,61,telecommunications,addetti,878.1
ITC47,Provincia di Brescia,2020,62,"computer programming, consultancy and related activities",addetti,4294.7
ITC47,Provincia di Brescia,2020,63,information service activities,addetti,3368.2
ITC47,Provincia di Brescia,2020,64,"financial service activities, except insurance and pension funding",addetti,7537.7
ITC47,Provincia di Brescia,2020,65,"insurance, reinsurance and pension funding, except compulsory social security",addetti,187.1
ITC47,Provincia di Brescia,2020,66,activities auxiliary to financial services and insurance activities,addetti,4066.8
ITC47,Provincia di Brescia,2020,68,real estate activities,addetti,8101.9
ITC47,Provincia di Brescia,2020,69,legal and accounting activities,addetti,10198.9
ITC47,Provincia di Brescia,2020,70,"activities of head offices, management consultancy activities",addetti,3508.4
ITC47,Provincia di Brescia,2020,71,"architectural and engineering activities, technical testing and analysis",addetti,6732.0
ITC47,Provincia di Brescia,2020,72,scientific research and development,addetti,496.2
ITC47,Provincia di Brescia,2020,73,advertising and market research,addetti,1004.5
ITC47,Provincia di Brescia,2020,74,"other professional, scientific and technical activities",addetti,5421.8
ITC47,Provincia di Brescia,2020,75,veterinary activities,addetti,422.6
ITC47,Provincia di Brescia,2020,77,rental and leasing activities,addetti,987.5
ITC47,Provincia di Brescia,2020,78,employment activities,addetti,14432.1
ITC47,Provincia di Brescia,2020,79,"travel agency, tour operator and other reservation service and related activities",addetti,713.3
ITC47,Provincia di Brescia,2020,80,security and investigation activities,addetti,1651.3
ITC47,Provincia di Brescia,2020,81,services to buildings and landscape activities,addetti,10735.8
ITC47,Provincia di Brescia,2020,82,"office administrative, office support and other business support activities",addetti,4547.2
ITC47,Provincia di Brescia,2020,85,education,addetti,2636.4
ITC47,Provincia di Brescia,2020,86,human health activities,addetti,11875.8
ITC47,Provincia di Brescia,2020,87,residential care activities,addetti,2393.4
ITC47,Provincia di Brescia,2020,88,social work activities without accommodation,addetti,5360.3
ITC47,Provincia di Brescia,2020,90,"creative, arts and entertainment activities",addetti,786.4
ITC47,Provincia di Brescia,2020,91,"libraries, archives, museums and other cultural activities",addetti,249.0
ITC47,Provincia di Brescia,2020,92,gambling and betting activities,addetti,652.0
ITC47,Provincia di Brescia,2020,93,sports activities and amusement and recreation activities,addetti,1466.0
ITC47,Provincia di Brescia,2020,95,repair of computers and personal and household goods,addetti,879.0
ITC47,Provincia di Brescia,2020,96,other personal service activities,addetti,10677.8
ITC47,Provincia di Brescia,2021,08,other mining and quarrying,addetti,551.6
ITC47,Provincia di Brescia,2021,10,manufacture of food products,addetti,8275.5
ITC47,Provincia di Brescia,2021,11,manufacture of beverages,addetti,876.0
ITC47,Provincia di Brescia,2021,13,manufacture of textiles,addetti,2743.3
ITC47,Provincia di Brescia,2021,14,manufacture of wearing apparel,addetti,5058.2
ITC47,Provincia di Brescia,2021,15,manufacture of leather and related products,addetti,974.4
ITC47,Provincia di Brescia,2021,16,"manufacture of wood and of products of wood and cork, except furniture, manufacture of articles of straw and plaiting materials",addetti,2622.5
ITC47,Provincia di Brescia,2021,17,manufacture of paper and paper products,addetti,2003.0
ITC47,Provincia di Brescia,2021,18,printing and reproduction of recorded media,addetti,1572.7
ITC47,Provincia di Brescia,2021,19,manufacture of coke and refined petroleum products,addetti,66.8
ITC47,Provincia di Brescia,2021,20,manufacture of chemicals and chemical products,addetti,2584.2
ITC47,Provincia di Brescia,2021,21,manufacture of basic pharmaceutical products and pharmaceutical preparations,addetti,301.6
ITC47,Provincia di Brescia,2021,22,manufacture of rubber and plastic products,addetti,8903.0
ITC47,Provincia di Brescia,2021,23,manufacture of other non-metallic mineral products,addetti,3813.8
ITC47,Provincia di Brescia,2021,24,manufacture of basic metals,addetti,15211.0
ITC47,Provincia di Brescia,2021,25,"manufacture of fabricated metal products, except machinery and equipment",addetti,41978.5
ITC47,Provincia di Brescia,2021,26,"manufacture of computer, electronic and optical products",addetti,2478.8
ITC47,Provincia di Brescia,2021,27,manufacture of electrical equipment and of non-electric domestic appliances,addetti,6273.5
ITC47,Provincia di Brescia,2021,28,manufacture of machinery and equipment n.e.c.,addetti,24657.2
ITC47,Provincia di Brescia,2021,29,"manufacture of motor vehicles, trailers and semi-trailers",addetti,6916.6
ITC47,Provincia di Brescia,2021,30,manufacture of other transport equipment,addetti,726.4
ITC47,Provincia di Brescia,2021,31,manufacture of furniture,addetti,1801.3
ITC47,Provincia di Brescia,2021,32,other manufacturing,addetti,2507.6
ITC47,Provincia di Brescia,2021,33,repair and installation of machinery and equipment,addetti,5817.2
ITC47,Provincia di Brescia,2021,35,"electricity, gas, steam and air conditioning supply",addetti,2198.3
ITC47,Provincia di Brescia,2021,36,"water collection, treatment and supply",addetti,627.7
ITC47,Provincia di Brescia,2021,37,sewerage,addetti,184.5
ITC47,Provincia di Brescia,2021,38,"waste collection, treatment and disposal activities, materials recovery",addetti,4470.4
ITC47,Provincia di Brescia,2021,39,remediation activities and other waste management services,addetti,105.4
ITC47,Provincia di Brescia,2021,41,construction of buildings,addetti,11215.9
ITC47,Provincia di Brescia,2021,42,civil engineering,addetti,2647.9
ITC47,Provincia di Brescia,2021,43,specialised construction activities,addetti,26947.8
ITC47,Provincia di Brescia,2021,45,wholesale and retail trade and repair of motor vehicles and motorcycles,addetti,10038.7
ITC47,Provincia di Brescia,2021,46,"wholesale trade, except of motor vehicles and motorcycles",addetti,26862.5
ITC47,Provincia di Brescia,2021,47,"retail trade, except of motor vehicles and motorcycles",addetti,38302.1
ITC47,Provincia di Brescia,2021,49,land transport and transport via pipelines,addetti,10722.9
ITC47,Provincia di Brescia,2021,50,water transport,addetti,65.0
ITC47,Provincia di Brescia,2021,51,air transport,addetti,51.3
ITC47,Provincia di Brescia,2021,52,warehousing and support activities for transportation,addetti,3959.7
ITC47,Provincia di Brescia,2021,53,postal and courier activities,addetti,2118.6
ITC47,Provincia di Brescia,2021,55,accommodation,addetti,5153.6
ITC47,Provincia di Brescia,2021,56,food service activities,addetti,27941.0
ITC47,Provincia di Brescia,2021,58,publishing activities,addetti,268.5
ITC47,Provincia di Brescia,2021,59,"motion picture, video and television programme production, sound recording and music publishing activities",addetti,266.9
ITC47,Provincia di Brescia,2021,60,programming and broadcasting activities,addetti,87.7
ITC47,Provincia di Brescia,2021,61,telecommunications,addetti,724.3
ITC47,Provincia di Brescia,2021,62,"computer programming, consultancy and related activities",addetti,4658.8
ITC47,Provincia di Brescia,2021,63,information service activities,addetti,3615.5
ITC47,Provincia di Brescia,2021,64,"financial service activities, except insurance and pension funding",addetti,7702.5
ITC47,Provincia di Brescia,2021,65,"insurance, reinsurance and pension funding, except compulsory social security",addetti,172.1
ITC47,Provincia di Brescia,2021,66,activities auxiliary to financial services and insurance activities,addetti,4167.8
ITC47,Provincia di Brescia,2021,68,real estate activities,addetti,7575.2
ITC47,Provincia di Brescia,2021,69,legal and accounting activities,addetti,10280.1
ITC47,Provincia di Brescia,2021,70,"activities of head offices, management consultancy activities",addetti,4342.3
ITC47,Provincia di Brescia,2021,71,"architectural and engineering activities, technical testing and analysis",addetti,7246.7
ITC47,Provincia di Brescia,2021,72,scientific research and development,addetti,554.3
ITC47,Provincia di Brescia,2021,73,advertising and market research,addetti,1138.9
ITC47,Provincia di Brescia,2021,74,"other professional, scientific and technical activities",addetti,5617.4
ITC47,Provincia di Brescia,2021,75,veterinary activities,addetti,468.9
ITC47,Provincia di Brescia,2021,77,rental and leasing activities,addetti,973.1
ITC47,Provincia di Brescia,2021,78,employment activities,addetti,18070.2
ITC47,Provincia di Brescia,2021,79,"travel agency, tour operator and other reservation service and related activities",addetti,739.9
ITC47,Provincia di Brescia,2021,80,security and investigation activities,addetti,1619.1
ITC47,Provincia di Brescia,2021,81,services to buildings and landscape activities,addetti,11495.0
ITC47,Provincia di Brescia,2021,82,"office administrative, office support and other business support activities",addetti,4872.2
ITC47,Provincia di Brescia,2021,85,education,addetti,2879.0
ITC47,Provincia di Brescia,2021,86,human health activities,addetti,12318.4
ITC47,Provincia di Brescia,2021,87,residential care activities,addetti,2291.5
ITC47,Provincia di Brescia,2021,88,social work activities without accommodation,addetti,5789.7
ITC47,Provincia di Brescia,2021,90,"creative, arts and entertainment activities",addetti,938.4
ITC47,Provincia di Brescia,2021,91,"libraries, archives, museums and other cultural activities",addetti,207.9
ITC47,Provincia di Brescia,2021,92,gambling and betting activities,addetti,561.1
ITC47,Provincia di Brescia,2021,93,sports activities and amusement and recreation activities,addetti,1353.9
ITC47,Provincia di Brescia,2021,95,repair of computers and personal and household goods,addetti,917.5
ITC47,Provincia di Brescia,2021,96,other personal service activities,addetti,10453.0
ITC47,Provincia di Brescia,2022,08,other mining and quarrying,addetti,509.0
ITC47,Provincia di Brescia,2022,10,manufacture of food products,addetti,8364.9
ITC47,Provincia di Brescia,2022,11,manufacture of beverages,addetti,768.5
ITC47,Provincia di Brescia,2022,13,manufacture of textiles,addetti,2803.7
ITC47,Provincia di Brescia,2022,14,manufacture of wearing apparel,addetti,5022.5
ITC47,Provincia di Brescia,2022,15,manufacture of leather and related products,addetti,1012.5
ITC47,Provincia di Brescia,2022,16,"manufacture of wood and of products of wood and cork, except furniture, manufacture of articles of straw and plaiting materials",addetti,2805.1
ITC47,Provincia di Brescia,2022,17,manufacture of paper and paper products,addetti,2127.9
ITC47,Provincia di Brescia,2022,18,printing and reproduction of recorded media,addetti,1627.9
ITC47,Provincia di Brescia,2022,19,manufacture of coke and refined petroleum products,addetti,71.2
ITC47,Provincia di Brescia,2022,20,manufacture of chemicals and chemical products,addetti,2697.9
ITC47,Provincia di Brescia,2022,21,manufacture of basic pharmaceutical products and pharmaceutical preparations,addetti,293.4
ITC47,Provincia di Brescia,2022,22,manufacture of rubber and plastic products,addetti,9062.3
ITC47,Provincia di Brescia,2022,23,manufacture of other non-metallic mineral products,addetti,3803.2
ITC47,Provincia di Brescia,2022,24,manufacture of basic metals,addetti,15559.0
ITC47,Provincia di Brescia,2022,25,"manufacture of fabricated metal products, except machinery and equipment",addetti,43195.4
ITC47,Provincia di Brescia,2022,26,"manufacture of computer, electronic and optical products",addetti,2873.2
ITC47,Provincia di Brescia,2022,27,manufacture of electrical equipment and of non-electric domestic appliances,addetti,6727.5
ITC47,Provincia di Brescia,2022,28,manufacture of machinery and equipment n.e.c.,addetti,25282.8
ITC47,Provincia di Brescia,2022,29,"manufacture of motor vehicles, trailers and semi-trailers",addetti,8067.8
ITC47,Provincia di Brescia,2022,30,manufacture of other transport equipment,addetti,750.2
ITC47,Provincia di Brescia,2022,31,manufacture of furniture,addetti,1856.9
ITC47,Provincia di Brescia,2022,32,other manufacturing,addetti,2451.4
ITC47,Provincia di Brescia,2022,33,repair and installation of machinery and equipment,addetti,5862.6
ITC47,Provincia di Brescia,2022,35,"electricity, gas, steam and air conditioning supply",addetti,2303.5
ITC47,Provincia di Brescia,2022,36,"water collection, treatment and supply",addetti,664.1
ITC47,Provincia di Brescia,2022,37,sewerage,addetti,197.5
ITC47,Provincia di Brescia,2022,38,"waste collection, treatment and disposal activities, materials recovery",addetti,4693.3
ITC47,Provincia di Brescia,2022,39,remediation activities and other waste management services,addetti,124.0
ITC47,Provincia di Brescia,2022,41,construction of buildings,addetti,10473.9
ITC47,Provincia di Brescia,2022,42,civil engineering,addetti,2743.7
ITC47,Provincia di Brescia,2022,43,specialised construction activities,addetti,27952.6
ITC47,Provincia di Brescia,2022,45,wholesale and retail trade and repair of motor vehicles and motorcycles,addetti,10103.6
ITC47,Provincia di Brescia,2022,46,"wholesale trade, except of motor vehicles and motorcycles",addetti,26838.8
ITC47,Provincia di Brescia,2022,47,"retail trade, except of motor vehicles and motorcycles",addetti,38275.3
ITC47,Provincia di Brescia,2022,49,land transport and transport via pipelines,addetti,10976.8
ITC47,Provincia di Brescia,2022,50,water transport,addetti,76.2
ITC47,Provincia di Brescia,2022,51,air transport,addetti,15.3
ITC47,Provincia di Brescia,2022,52,warehousing and support activities for transportation,addetti,4394.4
ITC47,Provincia di Brescia,2022,53,postal and courier activities,addetti,2049.2
ITC47,Provincia di Brescia,2022,55,accommodation,addetti,6261.1
ITC47,Provincia di Brescia,2022,56,food service activities,addetti,30742.7
ITC47,Provincia di Brescia,2022,58,publishing activities,addetti,278.1
ITC47,Provincia di Brescia,2022,59,"motion picture, video and television programme production, sound recording and music publishing activities",addetti,263.8
ITC47,Provincia di Brescia,2022,60,programming and broadcasting activities,addetti,97.1
ITC47,Provincia di Brescia,2022,61,telecommunications,addetti,734.7
ITC47,Provincia di Brescia,2022,62,"computer programming, consultancy and related activities",addetti,4719.2
ITC47,Provincia di Brescia,2022,63,information service activities,addetti,3795.0
ITC47,Provincia di Brescia,2022,64,"financial service activities, except insurance and pension funding",addetti,7064.6
ITC47,Provincia di Brescia,2022,65,"insurance, reinsurance and pension funding, except compulsory social security",addetti,164.8
ITC47,Provincia di Brescia,2022,66,activities auxiliary to financial services and insurance activities,addetti,4342.8
ITC47,Provincia di Brescia,2022,68,real estate activities,addetti,8493.0
ITC47,Provincia di Brescia,2022,69,legal and accounting activities,addetti,10359.0
ITC47,Provincia di Brescia,2022,70,"activities of head offices, management consultancy activities",addetti,5181.2
ITC47,Provincia di Brescia,2022,71,"architectural and engineering activities, technical testing and analysis",addetti,7548.6
ITC47,Provincia di Brescia,2022,72,scientific research and development,addetti,581.6
ITC47,Provincia di Brescia,2022,73,advertising and market research,addetti,1215.5
ITC47,Provincia di Brescia,2022,74,"other professional, scientific and technical activities",addetti,6059.0
ITC47,Provincia di Brescia,2022,75,veterinary activities,addetti,477.8
ITC47,Provincia di Brescia,2022,77,rental and leasing activities,addetti,1109.9
ITC47,Provincia di Brescia,2022,78,employment activities,addetti,18594.4
ITC47,Provincia di Brescia,2022,79,"travel agency, tour operator and other reservation service and related activities",addetti,714.3
ITC47,Provincia di Brescia,2022,80,security and investigation activities,addetti,1041.5
ITC47,Provincia di Brescia,2022,81,services to buildings and landscape activities,addetti,11539.0
ITC47,Provincia di Brescia,2022,82,"office administrative, office support and other business support activities",addetti,4732.1
ITC47,Provincia di Brescia,2022,85,education,addetti,3073.8
ITC47,Provincia di Brescia,2022,86,human health activities,addetti,12744.2
ITC47,Provincia di Brescia,2022,87,residential care activities,addetti,2307.9
ITC47,Provincia di Brescia,2022,88,social work activities without accommodation,addetti,6267.8
ITC47,Provincia di Brescia,2022,90,"creative, arts and entertainment activities",addetti,996.3
ITC47,Provincia di Brescia,2022,91,"libraries, archives, museums and other cultural activities",addetti,202.5
ITC47,Provincia di Brescia,2022,92,gambling and betting activities,addetti,614.2
ITC47,Provincia di Brescia,2022,93,sports activities and amusement and recreation activities,addetti,1633.4
ITC47,Provincia di Brescia,2022,95,repair of computers and personal and household goods,addetti,932.4
ITC47,Provincia di Brescia,2022,96,other personal service activities,addetti,10862.5
ITC47,Provincia di Brescia,2023,08,other mining and quarrying,addetti,489.5
ITC47,Provincia di Brescia,2023,10,manufacture of food products,addetti,8776.4
ITC47,Provincia di Brescia,2023,11,manufacture of beverages,addetti,804.6
ITC47,Provincia di Brescia,2023,13,manufacture of textiles,addetti,2864.6
ITC47,Provincia di Brescia,2023,14,manufacture of wearing apparel,addetti,4940.2
ITC47,Provincia di Brescia,2023,15,manufacture of leather and related products,addetti,1015.4
ITC47,Provincia di Brescia,2023,16,"manufacture of wood and of products of wood and cork, except furniture, manufacture of articles of straw and plaiting materials",addetti,2824.1
ITC47,Provincia di Brescia,2023,17,manufacture of paper and paper products,addetti,2173.6
ITC47,Provincia di Brescia,2023,18,printing and reproduction of recorded media,addetti,1740.2
ITC47,Provincia di Brescia,2023,19,manufacture of coke and refined petroleum products,addetti,61.6
ITC47,Provincia di Brescia,2023,20,manufacture of chemicals and chemical products,addetti,2765.6
ITC47,Provincia di Brescia,2023,21,manufacture of basic pharmaceutical products and pharmaceutical preparations,addetti,275.6
ITC47,Provincia di Brescia,2023,22,manufacture of rubber and plastic products,addetti,8608.5
ITC47,Provincia di Brescia,2023,23,manufacture of other non-metallic mineral products,addetti,3834.6
ITC47,Provincia di Brescia,2023,24,manufacture of basic metals,addetti,15902.2
ITC47,Provincia di Brescia,2023,25,"manufacture of fabricated metal products, except machinery and equipment",addetti,44004.1
ITC47,Provincia di Brescia,2023,26,"manufacture of computer, electronic and optical products",addetti,2886.9
ITC47,Provincia di Brescia,2023,27,manufacture of electrical equipment and of non-electric domestic appliances,addetti,6960.6
ITC47,Provincia di Brescia,2023,28,manufacture of machinery and equipment n.e.c.,addetti,25449.7
ITC47,Provincia di Brescia,2023,29,"manufacture of motor vehicles, trailers and semi-trailers",addetti,8253.3
ITC47,Provincia di Brescia,2023,30,manufacture of other transport equipment,addetti,773.6
ITC47,Provincia di Brescia,2023,31,manufacture of furniture,addetti,1835.3
ITC47,Provincia di Brescia,2023,32,other manufacturing,addetti,2277.7
ITC47,Provincia di Brescia,2023,33,repair and installation of machinery and equipment,addetti,6136.9
ITC47,Provincia di Brescia,2023,35,"electricity, gas, steam and air conditioning supply",addetti,2231.5
ITC47,Provincia di Brescia,2023,36,"water collection, treatment and supply",addetti,698.5
ITC47,Provincia di Brescia,2023,37,sewerage,addetti,193.3
ITC47,Provincia di Brescia,2023,38,"waste collection, treatment and disposal activities, materials recovery",addetti,5092.8
ITC47,Provincia di Brescia,2023,39,remediation activities and other waste management services,addetti,124.9
ITC47,Provincia di Brescia,2023,41,construction of buildings,addetti,10884.0
ITC47,Provincia di Brescia,2023,42,civil engineering,addetti,2963.5
ITC47,Provincia di Brescia,2023,43,specialised construction activities,addetti,28941.3
ITC47,Provincia di Brescia,2023,45,wholesale and retail trade and repair of motor vehicles and motorcycles,addetti,10351.4
ITC47,Provincia di Brescia,2023,46,"wholesale trade, except of motor vehicles and motorcycles",addetti,27394.3
ITC47,Provincia di Brescia,2023,47,"retail trade, except of motor vehicles and motorcycles",addetti,38390.2
ITC47,Provincia di Brescia,2023,49,land transport and transport via pipelines,addetti,11643.6
ITC47,Provincia di Brescia,2023,50,water transport,addetti,82.7
ITC47,Provincia di Brescia,2023,51,air transport,addetti,16.8
ITC47,Provincia di Brescia,2023,52,warehousing and support activities for transportation,addetti,4140.0
ITC47,Provincia di Brescia,2023,53,postal and courier activities,addetti,2137.9
ITC47,Provincia di Brescia,2023,55,accommodation,addetti,6696.4
ITC47,Provincia di Brescia,2023,56,food service activities,addetti,31648.1
ITC47,Provincia di Brescia,2023,58,publishing activities,addetti,280.4
ITC47,Provincia di Brescia,2023,59,"motion picture, video and television programme production, sound recording and music publishing activities",addetti,275.3
ITC47,Provincia di Brescia,2023,60,programming and broadcasting activities,addetti,110.5
ITC47,Provincia di Brescia,2023,61,telecommunications,addetti,690.8
ITC47,Provincia di Brescia,2023,62,"computer programming, consultancy and related activities",addetti,5021.9
ITC47,Provincia di Brescia,2023,63,information service activities,addetti,3630.9
ITC47,Provincia di Brescia,2023,64,"financial service activities, except insurance and pension funding",addetti,6999.1
ITC47,Provincia di Brescia,2023,65,"insurance, reinsurance and pension funding, except compulsory social security",addetti,158.4
ITC47,Provincia di Brescia,2023,66,activities auxiliary to financial services and insurance activities,addetti,4358.2
ITC47,Provincia di Brescia,2023,68,real estate activities,addetti,8361.8
ITC47,Provincia di Brescia,2023,69,legal and accounting activities,addetti,10515.2
ITC47,Provincia di Brescia,2023,70,"activities of head offices, management consultancy activities",addetti,5255.6
ITC47,Provincia di Brescia,2023,71,"architectural and engineering activities, technical testing and analysis",addetti,7629.8
ITC47,Provincia di Brescia,2023,72,scientific research and development,addetti,612.3
ITC47,Provincia di Brescia,2023,73,advertising and market research,addetti,1284.1
ITC47,Provincia di Brescia,2023,74,"other professional, scientific and technical activities",addetti,6491.7
ITC47,Provincia di Brescia,2023,75,veterinary activities,addetti,490.5
ITC47,Provincia di Brescia,2023,77,rental and leasing activities,addetti,1115.2
ITC47,Provincia di Brescia,2023,78,employment activities,addetti,16900.0
ITC47,Provincia di Brescia,2023,79,"travel agency, tour operator and other reservation service and related activities",addetti,732.3
ITC47,Provincia di Brescia,2023,80,security and investigation activities,addetti,1746.6
ITC47,Provincia di Brescia,2023,81,services to buildings and landscape activities,addetti,12162.4
ITC47,Provincia di Brescia,2023,82,"office administrative, office support and other business support activities",addetti,4787.5
ITC47,Provincia di Brescia,2023,85,education,addetti,3298.2
ITC47,Provincia di Brescia,2023,86,human health activities,addetti,13061.2
ITC47,Provincia di Brescia,2023,87,residential care activities,addetti,2294.1
ITC47,Provincia di Brescia,2023,88,social work activities without accommodation,addetti,6672.9
ITC47,Provincia di Brescia,2023,90,"creative, arts and entertainment activities",addetti,1108.4
ITC47,Provincia di Brescia,2023,91,"libraries, archives, museums and other cultural activities",addetti,205.2
ITC47,Provincia di Brescia,2023,92,gambling and betting activities,addetti,576.9
ITC47,Provincia di Brescia,2023,93,sports activities and amusement and recreation activities,addetti,1743.9
ITC47,Provincia di Brescia,2023,95,repair of computers and personal and household goods,addetti,990.2
ITC47,Provincia di Brescia,2023,96,other personal service activities,addetti,10570.7
ITC47,Provincia di Brescia,2018,08,other mining and quarrying,unita_locali,129
ITC47,Provincia di Brescia,2018,10,manufacture of food products,unita_locali,896
ITC47,Provincia di Brescia,2018,11,manufacture of beverages,unita_locali,80
ITC47,Provincia di Brescia,2018,13,manufacture of textiles,unita_locali,311
ITC47,Provincia di Brescia,2018,14,manufacture of wearing apparel,unita_locali,843
ITC47,Provincia di Brescia,2018,15,manufacture of leather and related products,unita_locali,104
ITC47,Provincia di Brescia,2018,16,"manufacture of wood and of products of wood and cork, except furniture, manufacture of articles of straw and plaiting materials",unita_locali,737
ITC47,Provincia di Brescia,2018,17,manufacture of paper and paper products,unita_locali,115
ITC47,Provincia di Brescia,2018,18,printing and reproduction of recorded media,unita_locali,280
ITC47,Provincia di Brescia,2018,19,manufacture of coke and refined petroleum products,unita_locali,8
ITC47,Provincia di Brescia,2018,20,manufacture of chemicals and chemical products,unita_locali,131
ITC47,Provincia di Brescia,2018,21,manufacture of basic pharmaceutical products and pharmaceutical preparations,unita_locali,6
ITC47,Provincia di Brescia,2018,22,manufacture of rubber and plastic products,unita_locali,511
ITC47,Provincia di Brescia,2018,23,manufacture of other non-metallic mineral products,unita_locali,429
ITC47,Provincia di Brescia,2018,24,manufacture of basic metals,unita_locali,405
ITC47,Provincia di Brescia,2018,25,"manufacture of fabricated metal products, except machinery and equipment",unita_locali,4140
ITC47,Provincia di Brescia,2018,26,"manufacture of computer, electronic and optical products",unita_locali,162
ITC47,Provincia di Brescia,2018,27,manufacture of electrical equipment and of non-electric domestic appliances,unita_locali,411
ITC47,Provincia di Brescia,2018,28,manufacture of machinery and equipment n.e.c.,unita_locali,1263
ITC47,Provincia di Brescia,2018,29,"manufacture of motor vehicles, trailers and semi-trailers",unita_locali,150
ITC47,Provincia di Brescia,2018,30,manufacture of other transport equipment,unita_locali,95
ITC47,Provincia di Brescia,2018,31,manufacture of furniture,unita_locali,371
ITC47,Provincia di Brescia,2018,32,other manufacturing,unita_locali,557
ITC47,Provincia di Brescia,2018,33,repair and installation of machinery and equipment,unita_locali,1325
ITC47,Provincia di Brescia,2018,35,"electricity, gas, steam and air conditioning supply",unita_locali,313
ITC47,Provincia di Brescia,2018,36,"water collection, treatment and supply",unita_locali,23
ITC47,Provincia di Brescia,2018,37,sewerage,unita_locali,20
ITC47,Provincia di Brescia,2018,38,"waste collection, treatment and disposal activities, materials recovery",unita_locali,277
ITC47,Provincia di Brescia,2018,39,remediation activities and other waste management services,unita_locali,33
ITC47,Provincia di Brescia,2018,41,construction of buildings,unita_locali,3046
ITC47,Provincia di Brescia,2018,42,civil engineering,unita_locali,124
ITC47,Provincia di Brescia,2018,43,specialised construction activities,unita_locali,9881
ITC47,Provincia di Brescia,2018,45,wholesale and retail trade and repair of motor vehicles and motorcycles,unita_locali,2823
ITC47,Provincia di Brescia,2018,46,"wholesale trade, except of motor vehicles and motorcycles",unita_locali,9154
ITC47,Provincia di Brescia,2018,47,"retail trade, except of motor vehicles and motorcycles",unita_locali,12200
ITC47,Provincia di Brescia,2018,49,land transport and transport via pipelines,unita_locali,2069
ITC47,Provincia di Brescia,2018,50,water transport,unita_locali,32
ITC47,Provincia di Brescia,2018,51,air transport,unita_locali,7
ITC47,Provincia di Brescia,2018,52,warehousing and support activities for transportation,unita_locali,410
ITC47,Provincia di Brescia,2018,53,postal and courier activities,unita_locali,287
ITC47,Provincia di Brescia,2018,55,accommodation,unita_locali,1009
ITC47,Provincia di Brescia,2018,56,food service activities,unita_locali,6899
ITC47,Provincia di Brescia,2018,58,publishing activities,unita_locali,63
ITC47,Provincia di Brescia,2018,59,"motion picture, video and television programme production, sound recording and music publishing activities",unita_locali,97
ITC47,Provincia di Brescia,2018,60,programming and broadcasting activities,unita_locali,14
ITC47,Provincia di Brescia,2018,61,telecommunications,unita_locali,122
ITC47,Provincia di Brescia,2018,62,"computer programming, consultancy and related activities",unita_locali,1266
ITC47,Provincia di Brescia,2018,63,information service activities,unita_locali,1029
ITC47,Provincia di Brescia,2018,64,"financial service activities, except insurance and pension funding",unita_locali,1154
ITC47,Provincia di Brescia,2018,65,"insurance, reinsurance and pension funding, except compulsory social security",unita_locali,24
ITC47,Provincia di Brescia,2018,66,activities auxiliary to financial services and insurance activities,unita_locali,2488
ITC47,Provincia di Brescia,2018,68,real estate activities,unita_locali,7154
ITC47,Provincia di Brescia,2018,69,legal and accounting activities,unita_locali,5204
ITC47,Provincia di Brescia,2018,70,"activities of head offices, management consultancy activities",unita_locali,1909
ITC47,Provincia di Brescia,2018,71,"architectural and engineering activities, technical testing and analysis",unita_locali,5265
ITC47,Provincia di Brescia,2018,72,scientific research and development,unita_locali,166
ITC47,Provincia di Brescia,2018,73,advertising and market research,unita_locali,591
ITC47,Provincia di Brescia,2018,74,"other professional, scientific and technical activities",unita_locali,3626
ITC47,Provincia di Brescia,2018,75,veterinary activities,unita_locali,322
ITC47,Provincia di Brescia,2018,77,rental and leasing activities,unita_locali,359
ITC47,Provincia di Brescia,2018,78,employment activities,unita_locali,289
ITC47,Provincia di Brescia,2018,79,"travel agency, tour operator and other reservation service and related activities",unita_locali,291
ITC47,Provincia di Brescia,2018,80,security and investigation activities,unita_locali,48
ITC47,Provincia di Brescia,2018,81,services to buildings and landscape activities,unita_locali,1275
ITC47,Provincia di Brescia,2018,82,"office administrative, office support and other business support activities",unita_locali,1422
ITC47,Provincia di Brescia,2018,85,education,unita_locali,721
ITC47,Provincia di Brescia,2018,86,human health activities,unita_locali,6465
ITC47,Provincia di Brescia,2018,87,residential care activities,unita_locali,97
ITC47,Provincia di Brescia,2018,88,social work activities without accommodation,unita_locali,224
ITC47,Provincia di Brescia,2018,90,"creative, arts and entertainment activities",unita_locali,518
ITC47,Provincia di Brescia,2018,91,"libraries, archives, museums and other cultural activities",unita_locali,20
ITC47,Provincia di Brescia,2018,92,gambling and betting activities,unita_locali,223
ITC47,Provincia di Brescia,2018,93,sports activities and amusement and recreation activities,unita_locali,584
ITC47,Provincia di Brescia,2018,95,repair of computers and personal and household goods,unita_locali,619
ITC47,Provincia di Brescia,2018,96,other personal service activities,unita_locali,4492
ITC47,Provincia di Brescia,2019,08,other mining and quarrying,unita_locali,131
ITC47,Provincia di Brescia,2019,10,manufacture of food products,unita_locali,881
ITC47,Provincia di Brescia,2019,11,manufacture of beverages,unita_locali,80
ITC47,Provincia di Brescia,2019,13,manufacture of textiles,unita_locali,293
ITC47,Provincia di Brescia,2019,14,manufacture of wearing apparel,unita_locali,873
ITC47,Provincia di Brescia,2019,15,manufacture of leather and related products,unita_locali,109
ITC47,Provincia di Brescia,2019,16,"manufacture of wood and of products of wood and cork, except furniture, manufacture of articles of straw and plaiting materials",unita_locali,690
ITC47,Provincia di Brescia,2019,17,manufacture of paper and paper products,unita_locali,111
ITC47,Provincia di Brescia,2019,18,printing and reproduction of recorded media,unita_locali,274
ITC47,Provincia di Brescia,2019,19,manufacture of coke and refined petroleum products,unita_locali,10
ITC47,Provincia di Brescia,2019,20,manufacture of chemicals and chemical products,unita_locali,133
ITC47,Provincia di Brescia,2019,21,manufacture of basic pharmaceutical products and pharmaceutical preparations,unita_locali,7
ITC47,Provincia di Brescia,2019,22,manufacture of rubber and plastic products,unita_locali,526
ITC47,Provincia di Brescia,2019,23,manufacture of other non-metallic mineral products,unita_locali,420
ITC47,Provincia di Brescia,2019,24,manufacture of basic metals,unita_locali,406
ITC47,Provincia di Brescia,2019,25,"manufacture of fabricated metal products, except machinery and equipment",unita_locali,4107
ITC47,Provincia di Brescia,2019,26,"manufacture of computer, electronic and optical products",unita_locali,168
ITC47,Provincia di Brescia,2019,27,manufacture of electrical equipment and of non-electric domestic appliances,unita_locali,434
ITC47,Provincia di Brescia,2019,28,manufacture of machinery and equipment n.e.c.,unita_locali,1305
ITC47,Provincia di Brescia,2019,29,"manufacture of motor vehicles, trailers and semi-trailers",unita_locali,146
ITC47,Provincia di Brescia,2019,30,manufacture of other transport equipment,unita_locali,93
ITC47,Provincia di Brescia,2019,31,manufacture of furniture,unita_locali,345
ITC47,Provincia di Brescia,2019,32,other manufacturing,unita_locali,563
ITC47,Provincia di Brescia,2019,33,repair and installation of machinery and equipment,unita_locali,1390
ITC47,Provincia di Brescia,2019,35,"electricity, gas, steam and air conditioning supply",unita_locali,334
ITC47,Provincia di Brescia,2019,36,"water collection, treatment and supply",unita_locali,20
ITC47,Provincia di Brescia,2019,37,sewerage,unita_locali,23
ITC47,Provincia di Brescia,2019,38,"waste collection, treatment and disposal activities, materials recovery",unita_locali,277
ITC47,Provincia di Brescia,2019,39,remediation activities and other waste management services,unita_locali,26
ITC47,Provincia di Brescia,2019,41,construction of buildings,unita_locali,2989
ITC47,Provincia di Brescia,2019,42,civil engineering,unita_locali,128
ITC47,Provincia di Brescia,2019,43,specialised construction activities,unita_locali,9825
ITC47,Provincia di Brescia,2019,45,wholesale and retail trade and repair of motor vehicles and motorcycles,unita_locali,3001
ITC47,Provincia di Brescia,2019,46,"wholesale trade, except of motor vehicles and motorcycles",unita_locali,9048
ITC47,Provincia di Brescia,2019,47,"retail trade, except of motor vehicles and motorcycles",unita_locali,11833
ITC47,Provincia di Brescia,2019,49,land transport and transport via pipelines,unita_locali,2106
ITC47,Provincia di Brescia,2019,50,water transport,unita_locali,28
ITC47,Provincia di Brescia,2019,51,air transport,unita_locali,6
ITC47,Provincia di Brescia,2019,52,warehousing and support activities for transportation,unita_locali,409
ITC47,Provincia di Brescia,2019,53,postal and courier activities,unita_locali,293
ITC47,Provincia di Brescia,2019,55,accommodation,unita_locali,1061
ITC47,Provincia di Brescia,2019,56,food service activities,unita_locali,6954
ITC47,Provincia di Brescia,2019,58,publishing activities,unita_locali,63
ITC47,Provincia di Brescia,2019,59,"motion picture, video and television programme production, sound recording and music publishing activities",unita_locali,104
ITC47,Provincia di Brescia,2019,60,programming and broadcasting activities,unita_locali,14
ITC47,Provincia di Brescia,2019,61,telecommunications,unita_locali,129
ITC47,Provincia di Brescia,2019,62,"computer programming, consultancy and related activities",unita_locali,1316
ITC47,Provincia di Brescia,2019,63,information service activities,unita_locali,1012
ITC47,Provincia di Brescia,2019,64,"financial service activities, except insurance and pension funding",unita_locali,1149
ITC47,Provincia di Brescia,2019,65,"insurance, reinsurance and pension funding, except compulsory social security",unita_locali,22
ITC47,Provincia di Brescia,2019,66,activities auxiliary to financial services and insurance activities,unita_locali,2271
ITC47,Provincia di Brescia,2019,68,real estate activities,unita_locali,7120
ITC47,Provincia di Brescia,2019,69,legal and accounting activities,unita_locali,4900
ITC47,Provincia di Brescia,2019,70,"activities of head offices, management consultancy activities",unita_locali,2064
ITC47,Provincia di Brescia,2019,71,"architectural and engineering activities, technical testing and analysis",unita_locali,4824
ITC47,Provincia di Brescia,2019,72,scientific research and development,unita_locali,167
ITC47,Provincia di Brescia,2019,73,advertising and market research,unita_locali,602
ITC47,Provincia di Brescia,2019,74,"other professional, scientific and technical activities",unita_locali,3637
ITC47,Provincia di Brescia,2019,75,veterinary activities,unita_locali,317
ITC47,Provincia di Brescia,2019,77,rental and leasing activities,unita_locali,369
ITC47,Provincia di Brescia,2019,78,employment activities,unita_locali,273
ITC47,Provincia di Brescia,2019,79,"travel agency, tour operator and other reservation service and related activities",unita_locali,286
ITC47,Provincia di Brescia,2019,80,security and investigation activities,unita_locali,51
ITC47,Provincia di Brescia,2019,81,services to buildings and landscape activities,unita_locali,1260
ITC47,Provincia di Brescia,2019,82,"office administrative, office support and other business support activities",unita_locali,1420
ITC47,Provincia di Brescia,2019,85,education,unita_locali,734
ITC47,Provincia di Brescia,2019,86,human health activities,unita_locali,6164
ITC47,Provincia di Brescia,2019,87,residential care activities,unita_locali,84
ITC47,Provincia di Brescia,2019,88,social work activities without accommodation,unita_locali,234
ITC47,Provincia di Brescia,2019,90,"creative, arts and entertainment activities",unita_locali,516
ITC47,Provincia di Brescia,2019,91,"libraries, archives, museums and other cultural activities",unita_locali,22
ITC47,Provincia di Brescia,2019,92,gambling and betting activities,unita_locali,222
ITC47,Provincia di Brescia,2019,93,sports activities and amusement and recreation activities,unita_locali,618
ITC47,Provincia di Brescia,2019,95,repair of computers and personal and household goods,unita_locali,581
ITC47,Provincia di Brescia,2019,96,other personal service activities,unita_locali,4354
ITC47,Provincia di Brescia,2020,08,other mining and quarrying,unita_locali,125
ITC47,Provincia di Brescia,2020,09,mining support service activities,unita_locali,2
ITC47,Provincia di Brescia,2020,10,manufacture of food products,unita_locali,872
ITC47,Provincia di Brescia,2020,11,manufacture of beverages,unita_locali,81
ITC47,Provincia di Brescia,2020,13,manufacture of textiles,unita_locali,291
ITC47,Provincia di Brescia,2020,14,manufacture of wearing apparel,unita_locali,822
ITC47,Provincia di Brescia,2020,15,manufacture of leather and related products,unita_locali,101
ITC47,Provincia di Brescia,2020,16,"manufacture of wood and of products of wood and cork, except furniture, manufacture of articles of straw and plaiting materials",unita_locali,630
ITC47,Provincia di Brescia,2020,17,manufacture of paper and paper products,unita_locali,108
ITC47,Provincia di Brescia,2020,18,printing and reproduction of recorded media,unita_locali,259
ITC47,Provincia di Brescia,2020,19,manufacture of coke and refined petroleum products,unita_locali,11
ITC47,Provincia di Brescia,2020,20,manufacture of chemicals and chemical products,unita_locali,134
ITC47,Provincia di Brescia,2020,21,manufacture of basic pharmaceutical products and pharmaceutical preparations,unita_locali,9
ITC47,Provincia di Brescia,2020,22,manufacture of rubber and plastic products,unita_locali,524
ITC47,Provincia di Brescia,2020,23,manufacture of other non-metallic mineral products,unita_locali,406
ITC47,Provincia di Brescia,2020,24,manufacture of basic metals,unita_locali,396
ITC47,Provincia di Brescia,2020,25,"manufacture of fabricated metal products, except machinery and equipment",unita_locali,4421
ITC47,Provincia di Brescia,2020,26,"manufacture of computer, electronic and optical products",unita_locali,177
ITC47,Provincia di Brescia,2020,27,manufacture of electrical equipment and of non-electric domestic appliances,unita_locali,417
ITC47,Provincia di Brescia,2020,28,manufacture of machinery and equipment n.e.c.,unita_locali,1168
ITC47,Provincia di Brescia,2020,29,"manufacture of motor vehicles, trailers and semi-trailers",unita_locali,160
ITC47,Provincia di Brescia,2020,30,manufacture of other transport equipment,unita_locali,92
ITC47,Provincia di Brescia,2020,31,manufacture of furniture,unita_locali,315
ITC47,Provincia di Brescia,2020,32,other manufacturing,unita_locali,562
ITC47,Provincia di Brescia,2020,33,repair and installation of machinery and equipment,unita_locali,1267
ITC47,Provincia di Brescia,2020,35,"electricity, gas, steam and air conditioning supply",unita_locali,321
ITC47,Provincia di Brescia,2020,36,"water collection, treatment and supply",unita_locali,20
ITC47,Provincia di Brescia,2020,37,sewerage,unita_locali,23
ITC47,Provincia di Brescia,2020,38,"waste collection, treatment and disposal activities, materials recovery",unita_locali,288
ITC47,Provincia di Brescia,2020,39,remediation activities and other waste management services,unita_locali,29
ITC47,Provincia di Brescia,2020,41,construction of buildings,unita_locali,2988
ITC47,Provincia di Brescia,2020,42,civil engineering,unita_locali,146
ITC47,Provincia di Brescia,2020,43,specialised construction activities,unita_locali,10136
ITC47,Provincia di Brescia,2020,45,wholesale and retail trade and repair of motor vehicles and motorcycles,unita_locali,2945
ITC47,Provincia di Brescia,2020,46,"wholesale trade, except of motor vehicles and motorcycles",unita_locali,9057
ITC47,Provincia di Brescia,2020,47,"retail trade, except of motor vehicles and motorcycles",unita_locali,11561
ITC47,Provincia di Brescia,2020,49,land transport and transport via pipelines,unita_locali,2099
ITC47,Provincia di Brescia,2020,50,water transport,unita_locali,28
ITC47,Provincia di Brescia,2020,51,air transport,unita_locali,6
ITC47,Provincia di Brescia,2020,52,warehousing and support activities for transportation,unita_locali,405
ITC47,Provincia di Brescia,2020,53,postal and courier activities,unita_locali,282
ITC47,Provincia di Brescia,2020,55,accommodation,unita_locali,1053
ITC47,Provincia di Brescia,2020,56,food service activities,unita_locali,6869
ITC47,Provincia di Brescia,2020,58,publishing activities,unita_locali,55
ITC47,Provincia di Brescia,2020,59,"motion picture, video and television programme production, sound recording and music publishing activities",unita_locali,105
ITC47,Provincia di Brescia,2020,60,programming and broadcasting activities,unita_locali,17
ITC47,Provincia di Brescia,2020,61,telecommunications,unita_locali,124
ITC47,Provincia di Brescia,2020,62,"computer programming, consultancy and related activities",unita_locali,1365
ITC47,Provincia di Brescia,2020,63,information service activities,unita_locali,1028
ITC47,Provincia di Brescia,2020,64,"financial service activities, except insurance and pension funding",unita_locali,1159
ITC47,Provincia di Brescia,2020,65,"insurance, reinsurance and pension funding, except compulsory social security",unita_locali,22
ITC47,Provincia di Brescia,2020,66,activities auxiliary to financial services and insurance activities,unita_locali,2416
ITC47,Provincia di Brescia,2020,68,real estate activities,unita_locali,7182
ITC47,Provincia di Brescia,2020,69,legal and accounting activities,unita_locali,5152
ITC47,Provincia di Brescia,2020,70,"activities of head offices, management consultancy activities",unita_locali,2275
ITC47,Provincia di Brescia,2020,71,"architectural and engineering activities, technical testing and analysis",unita_locali,5166
ITC47,Provincia di Brescia,2020,72,scientific research and development,unita_locali,195
ITC47,Provincia di Brescia,2020,73,advertising and market research,unita_locali,667
ITC47,Provincia di Brescia,2020,74,"other professional, scientific and technical activities",unita_locali,3778
ITC47,Provincia di Brescia,2020,75,veterinary activities,unita_locali,343
ITC47,Provincia di Brescia,2020,77,rental and leasing activities,unita_locali,379
ITC47,Provincia di Brescia,2020,78,employment activities,unita_locali,1078
ITC47,Provincia di Brescia,2020,79,"travel agency, tour operator and other reservation service and related activities",unita_locali,257
ITC47,Provincia di Brescia,2020,80,security and investigation activities,unita_locali,54
ITC47,Provincia di Brescia,2020,81,services to buildings and landscape activities,unita_locali,1657
ITC47,Provincia di Brescia,2020,82,"office administrative, office support and other business support activities",unita_locali,1412
ITC47,Provincia di Brescia,2020,85,education,unita_locali,736
ITC47,Provincia di Brescia,2020,86,human health activities,unita_locali,6762
ITC47,Provincia di Brescia,2020,87,residential care activities,unita_locali,102
ITC47,Provincia di Brescia,2020,88,social work activities without accommodation,unita_locali,295
ITC47,Provincia di Brescia,2020,90,"creative, arts and entertainment activities",unita_locali,524
ITC47,Provincia di Brescia,2020,91,"libraries, archives, museums and other cultural activities",unita_locali,22
ITC47,Provincia di Brescia,2020,92,gambling and betting activities,unita_locali,218
ITC47,Provincia di Brescia,2020,93,sports activities and amusement and recreation activities,unita_locali,591
ITC47,Provincia di Brescia,2020,95,repair of computers and personal and household goods,unita_locali,579
ITC47,Provincia di Brescia,2020,96,other personal service activities,unita_locali,4484
ITC47,Provincia di Brescia,2021,08,other mining and quarrying,unita_locali,113
ITC47,Provincia di Brescia,2021,10,manufacture of food products,unita_locali,841
ITC47,Provincia di Brescia,2021,11,manufacture of beverages,unita_locali,86
ITC47,Provincia di Brescia,2021,13,manufacture of textiles,unita_locali,275
ITC47,Provincia di Brescia,2021,14,manufacture of wearing apparel,unita_locali,783
ITC47,Provincia di Brescia,2021,15,manufacture of leather and related products,unita_locali,102
ITC47,Provincia di Brescia,2021,16,"manufacture of wood and of products of wood and cork, except furniture, manufacture of articles of straw and plaiting materials",unita_locali,612
ITC47,Provincia di Brescia,2021,17,manufacture of paper and paper products,unita_locali,107
ITC47,Provincia di Brescia,2021,18,printing and reproduction of recorded media,unita_locali,255
ITC47,Provincia di Brescia,2021,19,manufacture of coke and refined petroleum products,unita_locali,10
ITC47,Provincia di Brescia,2021,20,manufacture of chemicals and chemical products,unita_locali,127
ITC47,Provincia di Brescia,2021,21,manufacture of basic pharmaceutical products and pharmaceutical preparations,unita_locali,8
ITC47,Provincia di Brescia,2021,22,manufacture of rubber and plastic products,unita_locali,501
ITC47,Provincia di Brescia,2021,23,manufacture of other non-metallic mineral products,unita_locali,399
ITC47,Provincia di Brescia,2021,24,manufacture of basic metals,unita_locali,386
ITC47,Provincia di Brescia,2021,25,"manufacture of fabricated metal products, except machinery and equipment",unita_locali,4390
ITC47,Provincia di Brescia,2021,26,"manufacture of computer, electronic and optical products",unita_locali,179
ITC47,Provincia di Brescia,2021,27,manufacture of electrical equipment and of non-electric domestic appliances,unita_locali,419
ITC47,Provincia di Brescia,2021,28,manufacture of machinery and equipment n.e.c.,unita_locali,1146
ITC47,Provincia di Brescia,2021,29,"manufacture of motor vehicles, trailers and semi-trailers",unita_locali,158
ITC47,Provincia di Brescia,2021,30,manufacture of other transport equipment,unita_locali,93
ITC47,Provincia di Brescia,2021,31,manufacture of furniture,unita_locali,308
ITC47,Provincia di Brescia,2021,32,other manufacturing,unita_locali,552
ITC47,Provincia di Brescia,2021,33,repair and installation of machinery and equipment,unita_locali,1252
ITC47,Provincia di Brescia,2021,35,"electricity, gas, steam and air conditioning supply",unita_locali,324
ITC47,Provincia di Brescia,2021,36,"water collection, treatment and supply",unita_locali,23
ITC47,Provincia di Brescia,2021,37,sewerage,unita_locali,22
ITC47,Provincia di Brescia,2021,38,"waste collection, treatment and disposal activities, materials recovery",unita_locali,298
ITC47,Provincia di Brescia,2021,39,remediation activities and other waste management services,unita_locali,31
ITC47,Provincia di Brescia,2021,41,construction of buildings,unita_locali,3318
ITC47,Provincia di Brescia,2021,42,civil engineering,unita_locali,181
ITC47,Provincia di Brescia,2021,43,specialised construction activities,unita_locali,10723
ITC47,Provincia di Brescia,2021,45,wholesale and retail trade and repair of motor vehicles and motorcycles,unita_locali,2876
ITC47,Provincia di Brescia,2021,46,"wholesale trade, except of motor vehicles and motorcycles",unita_locali,8956
ITC47,Provincia di Brescia,2021,47,"retail trade, except of motor vehicles and motorcycles",unita_locali,11269
ITC47,Provincia di Brescia,2021,49,land transport and transport via pipelines,unita_locali,2088
ITC47,Provincia di Brescia,2021,50,water transport,unita_locali,30
ITC47,Provincia di Brescia,2021,51,air transport,unita_locali,5
ITC47,Provincia di Brescia,2021,52,warehousing and support activities for transportation,unita_locali,405
ITC47,Provincia di Brescia,2021,53,postal and courier activities,unita_locali,296
ITC47,Provincia di Brescia,2021,55,accommodation,unita_locali,1046
ITC47,Provincia di Brescia,2021,56,food service activities,unita_locali,6778
ITC47,Provincia di Brescia,2021,58,publishing activities,unita_locali,55
ITC47,Provincia di Brescia,2021,59,"motion picture, video and television programme production, sound recording and music publishing activities",unita_locali,107
ITC47,Provincia di Brescia,2021,60,programming and broadcasting activities,unita_locali,16
ITC47,Provincia di Brescia,2021,61,telecommunications,unita_locali,113
ITC47,Provincia di Brescia,2021,62,"computer programming, consultancy and related activities",unita_locali,1428
ITC47,Provincia di Brescia,2021,63,information service activities,unita_locali,1051
ITC47,Provincia di Brescia,2021,64,"financial service activities, except insurance and pension funding",unita_locali,1121
ITC47,Provincia di Brescia,2021,65,"insurance, reinsurance and pension funding, except compulsory social security",unita_locali,18
ITC47,Provincia di Brescia,2021,66,activities auxiliary to financial services and insurance activities,unita_locali,2419
ITC47,Provincia di Brescia,2021,68,real estate activities,unita_locali,7335
ITC47,Provincia di Brescia,2021,69,legal and accounting activities,unita_locali,5252
ITC47,Provincia di Brescia,2021,70,"activities of head offices, management consultancy activities",unita_locali,2555
ITC47,Provincia di Brescia,2021,71,"architectural and engineering activities, technical testing and analysis",unita_locali,5509
ITC47,Provincia di Brescia,2021,72,scientific research and development,unita_locali,223
ITC47,Provincia di Brescia,2021,73,advertising and market research,unita_locali,783
ITC47,Provincia di Brescia,2021,74,"other professional, scientific and technical activities",unita_locali,4028
ITC47,Provincia di Brescia,2021,75,veterinary activities,unita_locali,362
ITC47,Provincia di Brescia,2021,77,rental and leasing activities,unita_locali,366
ITC47,Provincia di Brescia,2021,78,employment activities,unita_locali,1192
ITC47,Provincia di Brescia,2021,79,"travel agency, tour operator and other reservation service and related activities",unita_locali,240
ITC47,Provincia di Brescia,2021,80,security and investigation activities,unita_locali,77
ITC47,Provincia di Brescia,2021,81,services to buildings and landscape activities,unita_locali,1936
ITC47,Provincia di Brescia,2021,82,"office administrative, office support and other business support activities",unita_locali,1460
ITC47,Provincia di Brescia,2021,85,education,unita_locali,783
ITC47,Provincia di Brescia,2021,86,human health activities,unita_locali,7384
ITC47,Provincia di Brescia,2021,87,residential care activities,unita_locali,126
ITC47,Provincia di Brescia,2021,88,social work activities without accommodation,unita_locali,346
ITC47,Provincia di Brescia,2021,90,"creative, arts and entertainment activities",unita_locali,604
ITC47,Provincia di Brescia,2021,91,"libraries, archives, museums and other cultural activities",unita_locali,23
ITC47,Provincia di Brescia,2021,92,gambling and betting activities,unita_locali,209
ITC47,Provincia di Brescia,2021,93,sports activities and amusement and recreation activities,unita_locali,598
ITC47,Provincia di Brescia,2021,95,repair of computers and personal and household goods,unita_locali,586
ITC47,Provincia di Brescia,2021,96,other personal service activities,unita_locali,4439
ITC47,Provincia di Brescia,2022,08,other mining and quarrying,unita_locali,108
ITC47,Provincia di Brescia,2022,10,manufacture of food products,unita_locali,830
ITC47,Provincia di Brescia,2022,11,manufacture of beverages,unita_locali,85
ITC47,Provincia di Brescia,2022,13,manufacture of textiles,unita_locali,279
ITC47,Provincia di Brescia,2022,14,manufacture of wearing apparel,unita_locali,781
ITC47,Provincia di Brescia,2022,15,manufacture of leather and related products,unita_locali,99
ITC47,Provincia di Brescia,2022,16,"manufacture of wood and of products of wood and cork, except furniture, manufacture of articles of straw and plaiting materials",unita_locali,646
ITC47,Provincia di Brescia,2022,17,manufacture of paper and paper products,unita_locali,103
ITC47,Provincia di Brescia,2022,18,printing and reproduction of recorded media,unita_locali,249
ITC47,Provincia di Brescia,2022,19,manufacture of coke and refined petroleum products,unita_locali,11
ITC47,Provincia di Brescia,2022,20,manufacture of chemicals and chemical products,unita_locali,138
ITC47,Provincia di Brescia,2022,21,manufacture of basic pharmaceutical products and pharmaceutical preparations,unita_locali,10
ITC47,Provincia di Brescia,2022,22,manufacture of rubber and plastic products,unita_locali,497
ITC47,Provincia di Brescia,2022,23,manufacture of other non-metallic mineral products,unita_locali,406
ITC47,Provincia di Brescia,2022,24,manufacture of basic metals,unita_locali,377
ITC47,Provincia di Brescia,2022,25,"manufacture of fabricated metal products, except machinery and equipment",unita_locali,4434
ITC47,Provincia di Brescia,2022,26,"manufacture of computer, electronic and optical products",unita_locali,182
ITC47,Provincia di Brescia,2022,27,manufacture of electrical equipment and of non-electric domestic appliances,unita_locali,420
ITC47,Provincia di Brescia,2022,28,manufacture of machinery and equipment n.e.c.,unita_locali,1151
ITC47,Provincia di Brescia,2022,29,"manufacture of motor vehicles, trailers and semi-trailers",unita_locali,165
ITC47,Provincia di Brescia,2022,30,manufacture of other transport equipment,unita_locali,92
ITC47,Provincia di Brescia,2022,31,manufacture of furniture,unita_locali,302
ITC47,Provincia di Brescia,2022,32,other manufacturing,unita_locali,573
ITC47,Provincia di Brescia,2022,33,repair and installation of machinery and equipment,unita_locali,1287
ITC47,Provincia di Brescia,2022,35,"electricity, gas, steam and air conditioning supply",unita_locali,351
ITC47,Provincia di Brescia,2022,36,"water collection, treatment and supply",unita_locali,25
ITC47,Provincia di Brescia,2022,37,sewerage,unita_locali,25
ITC47,Provincia di Brescia,2022,38,"waste collection, treatment and disposal activities, materials recovery",unita_locali,300
ITC47,Provincia di Brescia,2022,39,remediation activities and other waste management services,unita_locali,33
ITC47,Provincia di Brescia,2022,41,construction of buildings,unita_locali,3567
ITC47,Provincia di Brescia,2022,42,civil engineering,unita_locali,227
ITC47,Provincia di Brescia,2022,43,specialised construction activities,unita_locali,11258
ITC47,Provincia di Brescia,2022,45,wholesale and retail trade and repair of motor vehicles and motorcycles,unita_locali,2984
ITC47,Provincia di Brescia,2022,46,"wholesale trade, except of motor vehicles and motorcycles",unita_locali,8947
ITC47,Provincia di Brescia,2022,47,"retail trade, except of motor vehicles and motorcycles",unita_locali,11238
ITC47,Provincia di Brescia,2022,49,land transport and transport via pipelines,unita_locali,2134
ITC47,Provincia di Brescia,2022,50,water transport,unita_locali,29
ITC47,Provincia di Brescia,2022,51,air transport,unita_locali,2
ITC47,Provincia di Brescia,2022,52,warehousing and support activities for transportation,unita_locali,436
ITC47,Provincia di Brescia,2022,53,postal and courier activities,unita_locali,298
ITC47,Provincia di Brescia,2022,55,accommodation,unita_locali,1083
ITC47,Provincia di Brescia,2022,56,food service activities,unita_locali,6933
ITC47,Provincia di Brescia,2022,58,publishing activities,unita_locali,54
ITC47,Provincia di Brescia,2022,59,"motion picture, video and television programme production, sound recording and music publishing activities",unita_locali,114
ITC47,Provincia di Brescia,2022,60,programming and broadcasting activities,unita_locali,20
ITC47,Provincia di Brescia,2022,61,telecommunications,unita_locali,108
ITC47,Provincia di Brescia,2022,62,"computer programming, consultancy and related activities",unita_locali,1481
ITC47,Provincia di Brescia,2022,63,information service activities,unita_locali,1108
ITC47,Provincia di Brescia,2022,64,"financial service activities, except insurance and pension funding",unita_locali,1269
ITC47,Provincia di Brescia,2022,65,"insurance, reinsurance and pension funding, except compulsory social security",unita_locali,17
ITC47,Provincia di Brescia,2022,66,activities auxiliary to financial services and insurance activities,unita_locali,2536
ITC47,Provincia di Brescia,2022,68,real estate activities,unita_locali,7415
ITC47,Provincia di Brescia,2022,69,legal and accounting activities,unita_locali,5329
ITC47,Provincia di Brescia,2022,70,"activities of head offices, management consultancy activities",unita_locali,2952
ITC47,Provincia di Brescia,2022,71,"architectural and engineering activities, technical testing and analysis",unita_locali,5752
ITC47,Provincia di Brescia,2022,72,scientific research and development,unita_locali,237
ITC47,Provincia di Brescia,2022,73,advertising and market research,unita_locali,878
ITC47,Provincia di Brescia,2022,74,"other professional, scientific and technical activities",unita_locali,4376
ITC47,Provincia di Brescia,2022,75,veterinary activities,unita_locali,376
ITC47,Provincia di Brescia,2022,77,rental and leasing activities,unita_locali,360
ITC47,Provincia di Brescia,2022,78,employment activities,unita_locali,1403
ITC47,Provincia di Brescia,2022,79,"travel agency, tour operator and other reservation service and related activities",unita_locali,259
ITC47,Provincia di Brescia,2022,80,security and investigation activities,unita_locali,62
ITC47,Provincia di Brescia,2022,81,services to buildings and landscape activities,unita_locali,1948
ITC47,Provincia di Brescia,2022,82,"office administrative, office support and other business support activities",unita_locali,1537
ITC47,Provincia di Brescia,2022,85,education,unita_locali,921
ITC47,Provincia di Brescia,2022,86,human health activities,unita_locali,7675
ITC47,Provincia di Brescia,2022,87,residential care activities,unita_locali,124
ITC47,Provincia di Brescia,2022,88,social work activities without accommodation,unita_locali,353
ITC47,Provincia di Brescia,2022,90,"creative, arts and entertainment activities",unita_locali,693
ITC47,Provincia di Brescia,2022,91,"libraries, archives, museums and other cultural activities",unita_locali,19
ITC47,Provincia di Brescia,2022,92,gambling and betting activities,unita_locali,210
ITC47,Provincia di Brescia,2022,93,sports activities and amusement and recreation activities,unita_locali,672
ITC47,Provincia di Brescia,2022,95,repair of computers and personal and household goods,unita_locali,592
ITC47,Provincia di Brescia,2022,96,other personal service activities,unita_locali,4690
ITC47,Provincia di Brescia,2023,08,other mining and quarrying,unita_locali,97
ITC47,Provincia di Brescia,2023,10,manufacture of food products,unita_locali,811
ITC47,Provincia di Brescia,2023,11,manufacture of beverages,unita_locali,77
ITC47,Provincia di Brescia,2023,13,manufacture of textiles,unita_locali,270
ITC47,Provincia di Brescia,2023,14,manufacture of wearing apparel,unita_locali,747
ITC47,Provincia di Brescia,2023,15,manufacture of leather and related products,unita_locali,89
ITC47,Provincia di Brescia,2023,16,"manufacture of wood and of products of wood and cork, except furniture, manufacture of articles of straw and plaiting materials",unita_locali,631
ITC47,Provincia di Brescia,2023,17,manufacture of paper and paper products,unita_locali,102
ITC47,Provincia di Brescia,2023,18,printing and reproduction of recorded media,unita_locali,250
ITC47,Provincia di Brescia,2023,19,manufacture of coke and refined petroleum products,unita_locali,10
ITC47,Provincia di Brescia,2023,20,manufacture of chemicals and chemical products,unita_locali,139
ITC47,Provincia di Brescia,2023,21,manufacture of basic pharmaceutical products and pharmaceutical preparations,unita_locali,8
ITC47,Provincia di Brescia,2023,22,manufacture of rubber and plastic products,unita_locali,479
ITC47,Provincia di Brescia,2023,23,manufacture of other non-metallic mineral products,unita_locali,398
ITC47,Provincia di Brescia,2023,24,manufacture of basic metals,unita_locali,378
ITC47,Provincia di Brescia,2023,25,"manufacture of fabricated metal products, except machinery and equipment",unita_locali,4460
ITC47,Provincia di Brescia,2023,26,"manufacture of computer, electronic and optical products",unita_locali,166
ITC47,Provincia di Brescia,2023,27,manufacture of electrical equipment and of non-electric domestic appliances,unita_locali,398
ITC47,Provincia di Brescia,2023,28,manufacture of machinery and equipment n.e.c.,unita_locali,1123
ITC47,Provincia di Brescia,2023,29,"manufacture of motor vehicles, trailers and semi-trailers",unita_locali,165
ITC47,Provincia di Brescia,2023,30,manufacture of other transport equipment,unita_locali,87
ITC47,Provincia di Brescia,2023,31,manufacture of furniture,unita_locali,275
ITC47,Provincia di Brescia,2023,32,other manufacturing,unita_locali,550
ITC47,Provincia di Brescia,2023,33,repair and installation of machinery and equipment,unita_locali,1304
ITC47,Provincia di Brescia,2023,35,"electricity, gas, steam and air conditioning supply",unita_locali,347
ITC47,Provincia di Brescia,2023,36,"water collection, treatment and supply",unita_locali,25
ITC47,Provincia di Brescia,2023,37,sewerage,unita_locali,24
ITC47,Provincia di Brescia,2023,38,"waste collection, treatment and disposal activities, materials recovery",unita_locali,283
ITC47,Provincia di Brescia,2023,39,remediation activities and other waste management services,unita_locali,28
ITC47,Provincia di Brescia,2023,41,construction of buildings,unita_locali,3434
ITC47,Provincia di Brescia,2023,42,civil engineering,unita_locali,214
ITC47,Provincia di Brescia,2023,43,specialised construction activities,unita_locali,11427
ITC47,Provincia di Brescia,2023,45,wholesale and retail trade and repair of motor vehicles and motorcycles,unita_locali,2984
ITC47,Provincia di Brescia,2023,46,"wholesale trade, except of motor vehicles and motorcycles",unita_locali,8813
ITC47,Provincia di Brescia,2023,47,"retail trade, except of motor vehicles and motorcycles",unita_locali,10928
ITC47,Provincia di Brescia,2023,49,land transport and transport via pipelines,unita_locali,2134
ITC47,Provincia di Brescia,2023,50,water transport,unita_locali,35
ITC47,Provincia di Brescia,2023,51,air transport,unita_locali,3
ITC47,Provincia di Brescia,2023,52,warehousing and support activities for transportation,unita_locali,426
ITC47,Provincia di Brescia,2023,53,postal and courier activities,unita_locali,310
ITC47,Provincia di Brescia,2023,55,accommodation,unita_locali,1111
ITC47,Provincia di Brescia,2023,56,food service activities,unita_locali,6891
ITC47,Provincia di Brescia,2023,58,publishing activities,unita_locali,59
ITC47,Provincia di Brescia,2023,59,"motion picture, video and television programme production, sound recording and music publishing activities",unita_locali,124
ITC47,Provincia di Brescia,2023,60,programming and broadcasting activities,unita_locali,18
ITC47,Provincia di Brescia,2023,61,telecommunications,unita_locali,96
ITC47,Provincia di Brescia,2023,62,"computer programming, consultancy and related activities",unita_locali,1505
ITC47,Provincia di Brescia,2023,63,information service activities,unita_locali,1112
ITC47,Provincia di Brescia,2023,64,"financial service activities, except insurance and pension funding",unita_locali,1363
ITC47,Provincia di Brescia,2023,65,"insurance, reinsurance and pension funding, except compulsory social security",unita_locali,20
ITC47,Provincia di Brescia,2023,66,activities auxiliary to financial services and insurance activities,unita_locali,2461
ITC47,Provincia di Brescia,2023,68,real estate activities,unita_locali,7463
ITC47,Provincia di Brescia,2023,69,legal and accounting activities,unita_locali,5404
ITC47,Provincia di Brescia,2023,70,"activities of head offices, management consultancy activities",unita_locali,3314
ITC47,Provincia di Brescia,2023,71,"architectural and engineering activities, technical testing and analysis",unita_locali,5760
ITC47,Provincia di Brescia,2023,72,scientific research and development,unita_locali,258
ITC47,Provincia di Brescia,2023,73,advertising and market research,unita_locali,935
ITC47,Provincia di Brescia,2023,74,"other professional, scientific and technical activities",unita_locali,4553
ITC47,Provincia di Brescia,2023,75,veterinary activities,unita_locali,392
ITC47,Provincia di Brescia,2023,77,rental and leasing activities,unita_locali,368
ITC47,Provincia di Brescia,2023,78,employment activities,unita_locali,1449
ITC47,Provincia di Brescia,2023,79,"travel agency, tour operator and other reservation service and related activities",unita_locali,269
ITC47,Provincia di Brescia,2023,80,security and investigation activities,unita_locali,78
ITC47,Provincia di Brescia,2023,81,services to buildings and landscape activities,unita_locali,1987
ITC47,Provincia di Brescia,2023,82,"office administrative, office support and other business support activities",unita_locali,1577
ITC47,Provincia di Brescia,2023,85,education,unita_locali,1048
ITC47,Provincia di Brescia,2023,86,human health activities,unita_locali,7989
ITC47,Provincia di Brescia,2023,87,residential care activities,unita_locali,121
ITC47,Provincia di Brescia,2023,88,social work activities without accommodation,unita_locali,364
ITC47,Provincia di Brescia,2023,90,"creative, arts and entertainment activities",unita_locali,765
ITC47,Provincia di Brescia,2023,91,"libraries, archives, museums and other cultural activities",unita_locali,18
ITC47,Provincia di Brescia,2023,92,gambling and betting activities,unita_locali,205
ITC47,Provincia di Brescia,2023,93,sports activities and amusement and recreation activities,unita_locali,701
ITC47,Provincia di Brescia,2023,95,repair of computers and personal and household goods,unita_locali,613
ITC47,Provincia di Brescia,2023,96,other personal service activities,unita_locali,4745
