id_sensore,stazione,parametro,mese,media,n_misure
107,Edolo Parnigò,Temperatura,2001-12,-1.92,713
107,Edolo Parnigò,Temperatura,2002-10,9.27,1086
107,Edolo Parnigò,Temperatura,2002-11,6.27,1434
107,Edolo Parnigò,Temperatura,2002-12,2.51,1027
107,Edolo Parnigò,Temperatura,2003-01,-0.35,1482
107,Edolo Parnigò,Temperatura,2003-02,-1.67,1344
107,Edolo Parnigò,Temperatura,2003-03,6.30,1488
107,Edolo Parnigò,Temperatura,2003-04,9.10,1440
107,Edolo Parnigò,Temperatura,2003-05,14.60,1440
107,Edolo Parnigò,Temperatura,2003-06,20.93,1200
107,Edolo Parnigò,Temperatura,2003-07,19.45,1487
107,Edolo Parnigò,Temperatura,2003-08,22.02,1488
107,Edolo Parnigò,Temperatura,2003-09,14.39,1440
107,Edolo Parnigò,Temperatura,2003-10,7.54,1464
107,Edolo Parnigò,Temperatura,2003-11,4.50,1426
107,Edolo Parnigò,Temperatura,2003-12,1.17,1374
107,Edolo Parnigò,Temperatura,2004-01,-0.36,1218
107,Edolo Parnigò,Temperatura,2004-02,1.99,1323
107,Edolo Parnigò,Temperatura,2004-03,4.70,1487
107,Edolo Parnigò,Temperatura,2004-04,8.34,907
107,Edolo Parnigò,Temperatura,2004-05,11.63,1488
107,Edolo Parnigò,Temperatura,2004-06,16.95,1440
107,Edolo Parnigò,Temperatura,2004-07,17.64,1488
107,Edolo Parnigò,Temperatura,2004-08,19.40,865
107,Edolo Parnigò,Temperatura,2004-09,14.48,653
107,Edolo Parnigò,Temperatura,2004-10,11.47,1333
107,Edolo Parnigò,Temperatura,2004-11,4.75,1197
107,Edolo Parnigò,Temperatura,2004-12,0.82,1338
107,Edolo Parnigò,Temperatura,2005-01,-0.46,727
107,Edolo Parnigò,Temperatura,2005-02,-0.32,1140
107,Edolo Parnigò,Temperatura,2005-03,4.87,1241
107,Edolo Parnigò,Temperatura,2005-04,9.03,1012
107,Edolo Parnigò,Temperatura,2005-05,14.22,1194
107,Edolo Parnigò,Temperatura,2005-06,17.98,978
107,Edolo Parnigò,Temperatura,2005-07,18.43,985
107,Edolo Parnigò,Temperatura,2005-08,17.16,1083
107,Edolo Parnigò,Temperatura,2005-09,14.59,991
107,Edolo Parnigò,Temperatura,2005-10,9.46,1212
107,Edolo Parnigò,Temperatura,2005-11,3.01,1260
107,Edolo Parnigò,Temperatura,2005-12,-2.91,859
107,Edolo Parnigò,Temperatura,2006-01,-2.56,1300
107,Edolo Parnigò,Temperatura,2006-02,-0.06,1209
107,Edolo Parnigò,Temperatura,2006-03,3.88,1333
107,Edolo Parnigò,Temperatura,2006-04,10.15,1266
107,Edolo Parnigò,Temperatura,2006-05,13.98,1302
107,Edolo Parnigò,Temperatura,2006-06,18.75,1290
107,Edolo Parnigò,Temperatura,2006-07,21.05,1147
107,Edolo Parnigò,Temperatura,2006-08,16.09,1308
107,Edolo Parnigò,Temperatura,2006-09,16.35,1290
107,Edolo Parnigò,Temperatura,2006-10,11.27,1333
107,Edolo Parnigò,Temperatura,2006-11,5.93,1295
107,Edolo Parnigò,Temperatura,2006-12,1.39,1296
107,Edolo Parnigò,Temperatura,2007-01,2.85,1331
107,Edolo Parnigò,Temperatura,2007-02,4.18,1198
107,Edolo Parnigò,Temperatura,2007-03,7.23,1327
107,Edolo Parnigò,Temperatura,2007-04,13.52,1290
107,Edolo Parnigò,Temperatura,2007-05,15.11,1333
107,Edolo Parnigò,Temperatura,2007-06,18.77,1290
107,Edolo Parnigò,Temperatura,2007-07,19.93,1333
107,Edolo Parnigò,Temperatura,2007-08,17.33,1321
107,Edolo Parnigò,Temperatura,2007-09,13.23,1266
107,Edolo Parnigò,Temperatura,2007-10,9.93,1302
107,Edolo Parnigò,Temperatura,2007-11,3.45,1283
107,Edolo Parnigò,Temperatura,2007-12,0.60,1120
107,Edolo Parnigò,Temperatura,2008-01,0.89,1111
107,Edolo Parnigò,Temperatura,2008-02,2.28,1149
107,Edolo Parnigò,Temperatura,2008-03,6.54,887
107,Edolo Parnigò,Temperatura,2008-04,9.08,1254
107,Edolo Parnigò,Temperatura,2008-05,14.13,1296
107,Edolo Parnigò,Temperatura,2008-06,17.26,1354
107,Edolo Parnigò,Temperatura,2008-07,17.64,1468
107,Edolo Parnigò,Temperatura,2008-08,18.21,1477
107,Edolo Parnigò,Temperatura,2008-09,12.21,1431
107,Edolo Parnigò,Temperatura,2008-10,9.75,1488
107,Edolo Parnigò,Temperatura,2008-11,3.27,1435
107,Edolo Parnigò,Temperatura,2008-12,0.75,898
107,Edolo Parnigò,Temperatura,2009-12,-0.95,2035
107,Edolo Parnigò,Temperatura,2010-01,-1.93,4464
107,Edolo Parnigò,Temperatura,2010-02,0.40,3985
107,Edolo Parnigò,Temperatura,2010-03,4.56,4464
107,Edolo Parnigò,Temperatura,2010-04,9.52,4317
107,Edolo Parnigò,Temperatura,2010-05,12.50,4271
107,Edolo Parnigò,Temperatura,2010-06,17.87,1442
107,Edolo Parnigò,Temperatura,2010-07,20.68,1488
107,Edolo Parnigò,Temperatura,2010-08,17.57,1488
107,Edolo Parnigò,Temperatura,2010-09,13.11,1440
107,Edolo Parnigò,Temperatura,2010-10,7.58,1488
107,Edolo Parnigò,Temperatura,2010-11,3.88,1440
107,Edolo Parnigò,Temperatura,2010-12,-1.60,1489
107,Edolo Parnigò,Temperatura,2011-01,-4.20,1
107,Edolo Parnigò,Temperatura,2011-01,-0.61,4463
107,Edolo Parnigò,Temperatura,2011-02,2.03,4032
107,Edolo Parnigò,Temperatura,2011-03,5.68,4464
107,Edolo Parnigò,Temperatura,2011-04,12.30,4320
107,Edolo Parnigò,Temperatura,2011-05,14.55,4464
107,Edolo Parnigò,Temperatura,2011-06,15.71,4317
107,Edolo Parnigò,Temperatura,2011-07,16.97,4460
107,Edolo Parnigò,Temperatura,2011-08,18.98,4464
107,Edolo Parnigò,Temperatura,2011-09,15.63,4320
107,Edolo Parnigò,Temperatura,2011-10,8.39,4463
107,Edolo Parnigò,Temperatura,2011-11,3.43,4320
107,Edolo Parnigò,Temperatura,2011-12,0.58,4464
107,Edolo Parnigò,Temperatura,2012-01,-0.15,4464
107,Edolo Parnigò,Temperatura,2012-02,-1.20,4168
107,Edolo Parnigò,Temperatura,2012-03,8.56,4464
107,Edolo Parnigò,Temperatura,2012-04,8.27,4320
107,Edolo Parnigò,Temperatura,2012-05,12.97,4464
107,Edolo Parnigò,Temperatura,2012-06,17.61,4320
107,Edolo Parnigò,Temperatura,2012-07,18.16,4460
107,Edolo Parnigò,Temperatura,2012-08,19.36,4464
107,Edolo Parnigò,Temperatura,2012-09,13.47,4316
107,Edolo Parnigò,Temperatura,2012-10,8.38,4459
107,Edolo Parnigò,Temperatura,2012-11,4.07,4305
107,Edolo Parnigò,Temperatura,2012-12,-0.85,4453
107,Edolo Parnigò,Temperatura,2013-01,0.59,4448
107,Edolo Parnigò,Temperatura,2013-02,-0.36,4025
107,Edolo Parnigò,Temperatura,2013-03,3.18,4453
107,Edolo Parnigò,Temperatura,2013-04,9.34,4317
107,Edolo Parnigò,Temperatura,2013-05,10.92,4464
107,Edolo Parnigò,Temperatura,2013-06,16.12,4320
107,Edolo Parnigò,Temperatura,2013-07,19.44,4452
107,Edolo Parnigò,Temperatura,2013-08,18.43,4464
107,Edolo Parnigò,Temperatura,2013-09,14.03,4312
107,Edolo Parnigò,Temperatura,2013-10,9.32,4459
107,Edolo Parnigò,Temperatura,2013-11,4.56,4309
107,Edolo Parnigò,Temperatura,2013-12,1.05,4456
107,Edolo Parnigò,Temperatura,2014-01,0.90,4463
107,Edolo Parnigò,Temperatura,2014-02,2.37,4032
107,Edolo Parnigò,Temperatura,2014-03,7.27,4464
107,Edolo Parnigò,Temperatura,2014-04,10.77,4320
107,Edolo Parnigò,Temperatura,2014-05,12.75,4464
107,Edolo Parnigò,Temperatura,2014-06,16.39,4319
107,Edolo Parnigò,Temperatura,2014-07,16.55,4460
107,Edolo Parnigò,Temperatura,2014-08,15.35,4464
107,Edolo Parnigò,Temperatura,2014-09,13.80,4317
107,Edolo Parnigò,Temperatura,2014-10,10.43,4462
107,Edolo Parnigò,Temperatura,2014-11,6.23,4318
107,Edolo Parnigò,Temperatura,2014-12,2.29,4461
107,Edolo Parnigò,Temperatura,2015-01,0.76,4463
107,Edolo Parnigò,Temperatura,2015-02,1.28,4031
107,Edolo Parnigò,Temperatura,2015-03,6.49,4459
107,Edolo Parnigò,Temperatura,2015-04,10.24,4107
107,Edolo Parnigò,Temperatura,2015-05,14.07,4459
107,Edolo Parnigò,Temperatura,2015-06,16.97,4312
107,Edolo Parnigò,Temperatura,2015-07,21.73,4456
107,Edolo Parnigò,Temperatura,2015-08,18.98,4459
107,Edolo Parnigò,Temperatura,2015-09,12.74,4314
107,Edolo Parnigò,Temperatura,2015-10,8.22,4459
107,Edolo Parnigò,Temperatura,2015-11,4.24,4076
107,Edolo Parnigò,Temperatura,2015-12,-0.48,4458
107,Edolo Parnigò,Temperatura,2016-01,-2.14,4461
107,Edolo Parnigò,Temperatura,2016-02,1.35,4165
107,Edolo Parnigò,Temperatura,2016-03,4.30,4455
107,Edolo Parnigò,Temperatura,2016-04,9.15,4306
107,Edolo Parnigò,Temperatura,2016-05,10.36,4451
107,Edolo Parnigò,Temperatura,2016-06,13.44,4315
107,Edolo Parnigò,Temperatura,2016-07,17.09,4452
107,Edolo Parnigò,Temperatura,2016-08,15.99,4454
107,Edolo Parnigò,Temperatura,2016-09,14.43,4313
107,Edolo Parnigò,Temperatura,2016-10,6.40,4459
107,Edolo Parnigò,Temperatura,2016-11,2.32,4309
107,Edolo Parnigò,Temperatura,2016-12,-0.96,4459
107,Edolo Parnigò,Temperatura,2017-01,-5.66,4464
107,Edolo Parnigò,Temperatura,2017-02,0.18,4032
107,Edolo Parnigò,Temperatura,2017-03,5.82,4464
107,Edolo Parnigò,Temperatura,2017-04,7.06,4320
107,Edolo Parnigò,Temperatura,2017-05,13.97,4464
107,Edolo Parnigò,Temperatura,2017-06,18.50,4320
107,Edolo Parnigò,Temperatura,2017-07,19.04,4464
107,Edolo Parnigò,Temperatura,2017-08,19.10,4464
107,Edolo Parnigò,Temperatura,2017-09,12.41,4320
107,Edolo Parnigò,Temperatura,2017-10,9.78,4464
107,Edolo Parnigò,Temperatura,2017-11,3.41,4320
107,Edolo Parnigò,Temperatura,2017-12,-1.10,4464
107,Edolo Parnigò,Temperatura,2018-01,1.01,4464
107,Edolo Parnigò,Temperatura,2018-02,-0.78,4032
107,Edolo Parnigò,Temperatura,2018-03,3.83,4463
107,Edolo Parnigò,Temperatura,2018-04,11.86,4320
107,Edolo Parnigò,Temperatura,2018-05,13.91,4464
107,Edolo Parnigò,Temperatura,2018-06,18.13,4320
107,Edolo Parnigò,Temperatura,2018-07,19.76,4464
107,Edolo Parnigò,Temperatura,2018-08,19.11,4464
107,Edolo Parnigò,Temperatura,2018-09,15.84,4320
107,Edolo Parnigò,Temperatura,2018-10,11.16,4461
107,Edolo Parnigò,Temperatura,2018-11,5.92,4315
107,Edolo Parnigò,Temperatura,2018-12,-0.09,4464
107,Edolo Parnigò,Temperatura,2019-01,-0.31,4462
107,Edolo Parnigò,Temperatura,2019-02,1.58,4032
107,Edolo Parnigò,Temperatura,2019-03,6.25,4464
107,Edolo Parnigò,Temperatura,2019-04,9.40,4320
107,Edolo Parnigò,Temperatura,2019-05,11.38,4464
107,Edolo Parnigò,Temperatura,2019-06,19.33,4320
107,Edolo Parnigò,Temperatura,2019-07,19.87,4464
107,Edolo Parnigò,Temperatura,2019-08,19.06,4441
107,Edolo Parnigò,Temperatura,2019-09,14.72,4320
107,Edolo Parnigò,Temperatura,2019-10,10.82,4464
107,Edolo Parnigò,Temperatura,2019-11,4.96,4320
107,Edolo Parnigò,Temperatura,2019-12,1.72,4464
107,Edolo Parnigò,Temperatura,2020-01,0.56,4464
107,Edolo Parnigò,Temperatura,2020-02,3.93,4176
107,Edolo Parnigò,Temperatura,2020-03,5.29,4463
107,Edolo Parnigò,Temperatura,2020-04,10.98,4320
107,Edolo Parnigò,Temperatura,2020-05,13.84,4464
107,Edolo Parnigò,Temperatura,2020-06,16.28,4320
107,Edolo Parnigò,Temperatura,2020-07,19.47,4464
107,Edolo Parnigò,Temperatura,2020-08,18.60,4463
107,Edolo Parnigò,Temperatura,2020-09,15.01,4320
107,Edolo Parnigò,Temperatura,2020-10,8.37,4464
107,Edolo Parnigò,Temperatura,2020-11,4.39,4319
107,Edolo Parnigò,Temperatura,2020-12,0.79,4464
107,Edolo Parnigò,Temperatura,2021-01,-2.07,1
107,Edolo Parnigò,Temperatura,2021-01,-1.09,4463
107,Edolo Parnigò,Temperatura,2021-02,2.05,289
110,Ponte di Legno Corso Trieste,Temperatura,2002-04,6.21,609
110,Ponte di Legno Corso Trieste,Temperatura,2002-05,9.34,713
110,Ponte di Legno Corso Trieste,Temperatura,2002-06,12.75,690
110,Ponte di Legno Corso Trieste,Temperatura,2002-07,13.34,627
110,Ponte di Legno Corso Trieste,Temperatura,2002-08,12.72,713
110,Ponte di Legno Corso Trieste,Temperatura,2002-09,9.63,690
110,Ponte di Legno Corso Trieste,Temperatura,2002-10,6.69,1217
110,Ponte di Legno Corso Trieste,Temperatura,2002-11,3.81,1440
110,Ponte di Legno Corso Trieste,Temperatura,2002-12,0.91,643
110,Ponte di Legno Corso Trieste,Temperatura,2003-01,-1.42,1115
110,Ponte di Legno Corso Trieste,Temperatura,2003-02,-2.90,1344
110,Ponte di Legno Corso Trieste,Temperatura,2003-03,4.62,1482
110,Ponte di Legno Corso Trieste,Temperatura,2003-04,5.95,1440
110,Ponte di Legno Corso Trieste,Temperatura,2003-05,10.25,1453
110,Ponte di Legno Corso Trieste,Temperatura,2003-06,14.85,1200
110,Ponte di Legno Corso Trieste,Temperatura,2003-07,14.67,1487
110,Ponte di Legno Corso Trieste,Temperatura,2003-08,16.32,1480
110,Ponte di Legno Corso Trieste,Temperatura,2003-09,10.87,1440
110,Ponte di Legno Corso Trieste,Temperatura,2003-10,5.34,1434
110,Ponte di Legno Corso Trieste,Temperatura,2003-11,3.12,1419
110,Ponte di Legno Corso Trieste,Temperatura,2003-12,0.13,1380
110,Ponte di Legno Corso Trieste,Temperatura,2004-01,-2.15,1481
110,Ponte di Legno Corso Trieste,Temperatura,2004-02,-0.03,1392
110,Ponte di Legno Corso Trieste,Temperatura,2004-03,2.12,1487
110,Ponte di Legno Corso Trieste,Temperatura,2004-04,6.31,1428
110,Ponte di Legno Corso Trieste,Temperatura,2004-05,8.26,1488
110,Ponte di Legno Corso Trieste,Temperatura,2004-06,11.87,1429
110,Ponte di Legno Corso Trieste,Temperatura,2004-07,12.70,1478
110,Ponte di Legno Corso Trieste,Temperatura,2004-08,13.65,1360
110,Ponte di Legno Corso Trieste,Temperatura,2004-09,11.97,1290
110,Ponte di Legno Corso Trieste,Temperatura,2004-10,8.26,1333
110,Ponte di Legno Corso Trieste,Temperatura,2004-11,3.11,1204
110,Ponte di Legno Corso Trieste,Temperatura,2004-12,0.15,1338
110,Ponte di Legno Corso Trieste,Temperatura,2005-01,-1.97,1205
110,Ponte di Legno Corso Trieste,Temperatura,2005-02,-2.93,1208
110,Ponte di Legno Corso Trieste,Temperatura,2005-03,2.30,1288
110,Ponte di Legno Corso Trieste,Temperatura,2005-04,6.61,1238
110,Ponte di Legno Corso Trieste,Temperatura,2005-05,10.80,1330
110,Ponte di Legno Corso Trieste,Temperatura,2005-06,13.22,1290
110,Ponte di Legno Corso Trieste,Temperatura,2005-07,14.45,1321
110,Ponte di Legno Corso Trieste,Temperatura,2005-08,13.03,1343
110,Ponte di Legno Corso Trieste,Temperatura,2005-09,11.66,1290
110,Ponte di Legno Corso Trieste,Temperatura,2005-10,7.02,1314
110,Ponte di Legno Corso Trieste,Temperatura,2005-11,2.03,1259
110,Ponte di Legno Corso Trieste,Temperatura,2005-12,-2.56,1033
110,Ponte di Legno Corso Trieste,Temperatura,2006-01,-3.30,1323
110,Ponte di Legno Corso Trieste,Temperatura,2006-02,-1.33,679
110,Ponte di Legno Corso Trieste,Temperatura,2006-03,0.89,1333
110,Ponte di Legno Corso Trieste,Temperatura,2006-04,6.58,1246
110,Ponte di Legno Corso Trieste,Temperatura,2006-05,9.56,1333
110,Ponte di Legno Corso Trieste,Temperatura,2006-06,12.69,1290
110,Ponte di Legno Corso Trieste,Temperatura,2006-07,15.35,1327
110,Ponte di Legno Corso Trieste,Temperatura,2006-08,11.24,1338
110,Ponte di Legno Corso Trieste,Temperatura,2006-09,12.31,1290
110,Ponte di Legno Corso Trieste,Temperatura,2006-10,8.21,1333
110,Ponte di Legno Corso Trieste,Temperatura,2006-11,4.15,1295
110,Ponte di Legno Corso Trieste,Temperatura,2006-12,1.10,1303
110,Ponte di Legno Corso Trieste,Temperatura,2007-01,1.21,1331
110,Ponte di Legno Corso Trieste,Temperatura,2007-02,1.87,1198
110,Ponte di Legno Corso Trieste,Temperatura,2007-03,4.21,1317
110,Ponte di Legno Corso Trieste,Temperatura,2007-04,10.36,1263
110,Ponte di Legno Corso Trieste,Temperatura,2007-05,11.09,1302
110,Ponte di Legno Corso Trieste,Temperatura,2007-06,12.80,1260
110,Ponte di Legno Corso Trieste,Temperatura,2007-07,14.37,1302
110,Ponte di Legno Corso Trieste,Temperatura,2007-08,13.27,1304
110,Ponte di Legno Corso Trieste,Temperatura,2007-09,10.19,1236
110,Ponte di Legno Corso Trieste,Temperatura,2007-10,7.50,1290
110,Ponte di Legno Corso Trieste,Temperatura,2007-11,2.02,1257
110,Ponte di Legno Corso Trieste,Temperatura,2007-12,-0.76,1328
110,Ponte di Legno Corso Trieste,Temperatura,2008-01,0.20,1331
110,Ponte di Legno Corso Trieste,Temperatura,2008-02,0.90,1247
110,Ponte di Legno Corso Trieste,Temperatura,2008-03,3.23,1338
110,Ponte di Legno Corso Trieste,Temperatura,2008-04,5.59,1252
110,Ponte di Legno Corso Trieste,Temperatura,2008-05,9.94,1296
110,Ponte di Legno Corso Trieste,Temperatura,2008-06,11.62,1354
110,Ponte di Legno Corso Trieste,Temperatura,2008-07,12.67,1488
110,Ponte di Legno Corso Trieste,Temperatura,2008-08,13.78,1488
110,Ponte di Legno Corso Trieste,Temperatura,2008-09,9.80,1434
110,Ponte di Legno Corso Trieste,Temperatura,2008-10,6.57,355
110,Ponte di Legno Corso Trieste,Temperatura,2010-03,5.17,1729
110,Ponte di Legno Corso Trieste,Temperatura,2010-04,6.65,4319
110,Ponte di Legno Corso Trieste,Temperatura,2010-05,8.69,4265
110,Ponte di Legno Corso Trieste,Temperatura,2010-06,11.94,1442
110,Ponte di Legno Corso Trieste,Temperatura,2010-07,14.82,1488
110,Ponte di Legno Corso Trieste,Temperatura,2010-08,13.30,1488
110,Ponte di Legno Corso Trieste,Temperatura,2010-09,10.22,1439
110,Ponte di Legno Corso Trieste,Temperatura,2010-10,5.95,1488
110,Ponte di Legno Corso Trieste,Temperatura,2010-11,2.80,1440
110,Ponte di Legno Corso Trieste,Temperatura,2010-12,-2.08,1490
110,Ponte di Legno Corso Trieste,Temperatura,2011-01,-3.20,1
110,Ponte di Legno Corso Trieste,Temperatura,2011-01,-0.98,4463
110,Ponte di Legno Corso Trieste,Temperatura,2011-02,1.32,4032
110,Ponte di Legno Corso Trieste,Temperatura,2011-03,4.06,4464
110,Ponte di Legno Corso Trieste,Temperatura,2011-04,8.88,4320
110,Ponte di Legno Corso Trieste,Temperatura,2011-05,10.59,4464
110,Ponte di Legno Corso Trieste,Temperatura,2011-06,11.66,4317
110,Ponte di Legno Corso Trieste,Temperatura,2011-07,12.70,4460
110,Ponte di Legno Corso Trieste,Temperatura,2011-08,14.58,4464
110,Ponte di Legno Corso Trieste,Temperatura,2011-09,12.81,4320
110,Ponte di Legno Corso Trieste,Temperatura,2011-10,7.11,4464
110,Ponte di Legno Corso Trieste,Temperatura,2011-11,3.63,4320
110,Ponte di Legno Corso Trieste,Temperatura,2011-12,0.00,4464
110,Ponte di Legno Corso Trieste,Temperatura,2012-01,-1.32,4464
110,Ponte di Legno Corso Trieste,Temperatura,2012-02,-2.27,4168
110,Ponte di Legno Corso Trieste,Temperatura,2012-03,6.38,4464
110,Ponte di Legno Corso Trieste,Temperatura,2012-04,6.06,4320
110,Ponte di Legno Corso Trieste,Temperatura,2012-05,9.83,4464
110,Ponte di Legno Corso Trieste,Temperatura,2012-06,13.21,4320
110,Ponte di Legno Corso Trieste,Temperatura,2012-07,14.30,4464
110,Ponte di Legno Corso Trieste,Temperatura,2012-08,15.57,4464
110,Ponte di Legno Corso Trieste,Temperatura,2012-09,11.26,4316
110,Ponte di Legno Corso Trieste,Temperatura,2012-10,7.49,4459
110,Ponte di Legno Corso Trieste,Temperatura,2012-11,3.98,4301
110,Ponte di Legno Corso Trieste,Temperatura,2012-12,-0.93,4454
110,Ponte di Legno Corso Trieste,Temperatura,2013-01,-0.22,4447
110,Ponte di Legno Corso Trieste,Temperatura,2013-02,-1.98,4021
110,Ponte di Legno Corso Trieste,Temperatura,2013-03,1.97,4457
110,Ponte di Legno Corso Trieste,Temperatura,2013-04,6.98,4317
110,Ponte di Legno Corso Trieste,Temperatura,2013-05,7.93,4464
110,Ponte di Legno Corso Trieste,Temperatura,2013-06,11.17,4320
110,Ponte di Legno Corso Trieste,Temperatura,2013-07,14.27,4452
110,Ponte di Legno Corso Trieste,Temperatura,2013-08,14.01,4464
110,Ponte di Legno Corso Trieste,Temperatura,2013-09,11.29,4311
110,Ponte di Legno Corso Trieste,Temperatura,2013-10,7.25,3252
110,Ponte di Legno Corso Trieste,Temperatura,2013-11,3.20,4306
110,Ponte di Legno Corso Trieste,Temperatura,2013-12,1.19,4458
110,Ponte di Legno Corso Trieste,Temperatura,2014-01,0.37,4464
110,Ponte di Legno Corso Trieste,Temperatura,2014-02,1.11,3999
110,Ponte di Legno Corso Trieste,Temperatura,2014-03,4.54,4464
110,Ponte di Legno Corso Trieste,Temperatura,2014-04,7.52,4320
110,Ponte di Legno Corso Trieste,Temperatura,2014-05,8.95,4462
110,Ponte di Legno Corso Trieste,Temperatura,2014-06,11.33,4315
110,Ponte di Legno Corso Trieste,Temperatura,2014-07,12.13,4455
110,Ponte di Legno Corso Trieste,Temperatura,2014-08,11.58,4455
110,Ponte di Legno Corso Trieste,Temperatura,2014-09,10.77,4306
110,Ponte di Legno Corso Trieste,Temperatura,2014-10,8.32,4453
110,Ponte di Legno Corso Trieste,Temperatura,2014-11,5.34,4316
110,Ponte di Legno Corso Trieste,Temperatura,2014-12,1.62,4458
110,Ponte di Legno Corso Trieste,Temperatura,2015-01,0.25,4454
110,Ponte di Legno Corso Trieste,Temperatura,2015-02,0.15,4028
110,Ponte di Legno Corso Trieste,Temperatura,2015-03,4.10,4452
110,Ponte di Legno Corso Trieste,Temperatura,2015-04,7.79,4307
110,Ponte di Legno Corso Trieste,Temperatura,2015-05,10.37,4456
110,Ponte di Legno Corso Trieste,Temperatura,2015-06,12.67,4310
110,Ponte di Legno Corso Trieste,Temperatura,2015-07,16.74,4448
110,Ponte di Legno Corso Trieste,Temperatura,2015-08,15.04,4450
110,Ponte di Legno Corso Trieste,Temperatura,2015-09,10.27,4310
110,Ponte di Legno Corso Trieste,Temperatura,2015-10,6.97,4461
110,Ponte di Legno Corso Trieste,Temperatura,2015-11,4.48,4312
110,Ponte di Legno Corso Trieste,Temperatura,2015-12,1.58,4457
110,Ponte di Legno Corso Trieste,Temperatura,2016-01,-0.61,4458
110,Ponte di Legno Corso Trieste,Temperatura,2016-02,1.67,4167
110,Ponte di Legno Corso Trieste,Temperatura,2016-03,3.80,4455
110,Ponte di Legno Corso Trieste,Temperatura,2016-04,7.62,4309
110,Ponte di Legno Corso Trieste,Temperatura,2016-05,9.11,4453
110,Ponte di Legno Corso Trieste,Temperatura,2016-06,11.50,4313
110,Ponte di Legno Corso Trieste,Temperatura,2016-07,14.19,4459
110,Ponte di Legno Corso Trieste,Temperatura,2016-08,13.73,4459
110,Ponte di Legno Corso Trieste,Temperatura,2016-09,12.32,4312
110,Ponte di Legno Corso Trieste,Temperatura,2016-10,6.56,4458
110,Ponte di Legno Corso Trieste,Temperatura,2016-11,3.12,4316
110,Ponte di Legno Corso Trieste,Temperatura,2016-12,1.11,4459
110,Ponte di Legno Corso Trieste,Temperatura,2017-01,-2.42,4459
110,Ponte di Legno Corso Trieste,Temperatura,2017-02,1.80,4029
110,Ponte di Legno Corso Trieste,Temperatura,2017-03,5.81,4460
110,Ponte di Legno Corso Trieste,Temperatura,2017-04,7.35,4319
110,Ponte di Legno Corso Trieste,Temperatura,2017-05,10.29,4462
110,Ponte di Legno Corso Trieste,Temperatura,2017-06,13.45,4318
110,Ponte di Legno Corso Trieste,Temperatura,2017-07,14.28,4460
110,Ponte di Legno Corso Trieste,Temperatura,2017-08,14.82,4462
110,Ponte di Legno Corso Trieste,Temperatura,2017-09,9.58,4314
110,Ponte di Legno Corso Trieste,Temperatura,2017-10,7.67,4462
110,Ponte di Legno Corso Trieste,Temperatura,2017-11,2.62,4318
110,Ponte di Legno Corso Trieste,Temperatura,2017-12,-1.48,4460
110,Ponte di Legno Corso Trieste,Temperatura,2018-01,0.51,4463
110,Ponte di Legno Corso Trieste,Temperatura,2018-02,-1.74,4031
110,Ponte di Legno Corso Trieste,Temperatura,2018-03,2.00,4460
110,Ponte di Legno Corso Trieste,Temperatura,2018-04,8.08,4317
110,Ponte di Legno Corso Trieste,Temperatura,2018-05,9.86,4460
110,Ponte di Legno Corso Trieste,Temperatura,2018-06,12.99,4315
110,Ponte di Legno Corso Trieste,Temperatura,2018-07,14.74,4461
110,Ponte di Legno Corso Trieste,Temperatura,2018-08,14.82,4461
110,Ponte di Legno Corso Trieste,Temperatura,2018-09,12.58,4313
110,Ponte di Legno Corso Trieste,Temperatura,2018-10,8.56,4462
110,Ponte di Legno Corso Trieste,Temperatura,2018-11,4.36,4319
110,Ponte di Legno Corso Trieste,Temperatura,2018-12,0.44,4460
110,Ponte di Legno Corso Trieste,Temperatura,2019-01,-0.87,4460
110,Ponte di Legno Corso Trieste,Temperatura,2019-02,1.53,4026
110,Ponte di Legno Corso Trieste,Temperatura,2019-03,4.81,4460
110,Ponte di Legno Corso Trieste,Temperatura,2019-04,6.41,4308
110,Ponte di Legno Corso Trieste,Temperatura,2019-05,8.04,4463
110,Ponte di Legno Corso Trieste,Temperatura,2019-06,12.94,4317
110,Ponte di Legno Corso Trieste,Temperatura,2019-07,14.47,4459
110,Ponte di Legno Corso Trieste,Temperatura,2019-08,14.60,4457
110,Ponte di Legno Corso Trieste,Temperatura,2019-09,11.52,4315
110,Ponte di Legno Corso Trieste,Temperatura,2019-10,8.40,4459
110,Ponte di Legno Corso Trieste,Temperatura,2019-11,2.90,4316
110,Ponte di Legno Corso Trieste,Temperatura,2019-12,1.03,4458
110,Ponte di Legno Corso Trieste,Temperatura,2020-01,0.53,4461
110,Ponte di Legno Corso Trieste,Temperatura,2020-02,2.44,4172
110,Ponte di Legno Corso Trieste,Temperatura,2020-03,3.31,4463
110,Ponte di Legno Corso Trieste,Temperatura,2020-04,8.00,4320
110,Ponte di Legno Corso Trieste,Temperatura,2020-05,10.08,4464
110,Ponte di Legno Corso Trieste,Temperatura,2020-06,11.81,4320
110,Ponte di Legno Corso Trieste,Temperatura,2020-07,14.43,4464
110,Ponte di Legno Corso Trieste,Temperatura,2020-08,14.33,4463
110,Ponte di Legno Corso Trieste,Temperatura,2020-09,11.56,4320
110,Ponte di Legno Corso Trieste,Temperatura,2020-10,6.26,4464
110,Ponte di Legno Corso Trieste,Temperatura,2020-11,4.03,4320
110,Ponte di Legno Corso Trieste,Temperatura,2020-12,-0.03,4463
110,Ponte di Legno Corso Trieste,Temperatura,2021-01,-2.39,1
110,Ponte di Legno Corso Trieste,Temperatura,2021-01,-2.04,4462
110,Ponte di Legno Corso Trieste,Temperatura,2021-02,1.66,4030
110,Ponte di Legno Corso Trieste,Temperatura,2021-03,3.55,4464
110,Ponte di Legno Corso Trieste,Temperatura,2021-04,5.10,4320
110,Ponte di Legno Corso Trieste,Temperatura,2021-05,8.33,4464
110,Ponte di Legno Corso Trieste,Temperatura,2021-06,13.45,4320
110,Ponte di Legno Corso Trieste,Temperatura,2021-07,14.14,4464
110,Ponte di Legno Corso Trieste,Temperatura,2021-08,13.60,4463
110,Ponte di Legno Corso Trieste,Temperatura,2021-09,12.76,4320
110,Ponte di Legno Corso Trieste,Temperatura,2021-10,6.93,4464
110,Ponte di Legno Corso Trieste,Temperatura,2021-11,3.38,4320
110,Ponte di Legno Corso Trieste,Temperatura,2021-12,0.23,4464
110,Ponte di Legno Corso Trieste,Temperatura,2022-01,0.69,4449
110,Ponte di Legno Corso Trieste,Temperatura,2022-02,1.63,4032
110,Ponte di Legno Corso Trieste,Temperatura,2022-03,3.66,4464
110,Ponte di Legno Corso Trieste,Temperatura,2022-04,6.44,4320
110,Ponte di Legno Corso Trieste,Temperatura,2022-05,12.03,4464
110,Ponte di Legno Corso Trieste,Temperatura,2022-06,15.12,4320
110,Ponte di Legno Corso Trieste,Temperatura,2022-07,17.52,4463
110,Ponte di Legno Corso Trieste,Temperatura,2022-08,16.55,3313
118,Saviore dell'Adamello Rifugio Lissone,Temperatura,2001-12,-6.56,713
118,Saviore dell'Adamello Rifugio Lissone,Temperatura,2002-01,-4.15,713
118,Saviore dell'Adamello Rifugio Lissone,Temperatura,2002-02,-2.63,644
118,Saviore dell'Adamello Rifugio Lissone,Temperatura,2002-03,-0.17,713
118,Saviore dell'Adamello Rifugio Lissone,Temperatura,2002-04,1.05,690
118,Saviore dell'Adamello Rifugio Lissone,Temperatura,2002-05,5.50,713
118,Saviore dell'Adamello Rifugio Lissone,Temperatura,2002-06,11.04,690
118,Saviore dell'Adamello Rifugio Lissone,Temperatura,2002-07,10.98,713
118,Saviore dell'Adamello Rifugio Lissone,Temperatura,2002-08,10.25,713
118,Saviore dell'Adamello Rifugio Lissone,Temperatura,2002-09,6.41,690
118,Saviore dell'Adamello Rifugio Lissone,Temperatura,2002-10,3.36,1023
118,Saviore dell'Adamello Rifugio Lissone,Temperatura,2002-11,0.11,1440
118,Saviore dell'Adamello Rifugio Lissone,Temperatura,2002-12,-3.91,457
118,Saviore dell'Adamello Rifugio Lissone,Temperatura,2003-10,1.92,29
118,Saviore dell'Adamello Rifugio Lissone,Temperatura,2003-11,-0.28,1426
118,Saviore dell'Adamello Rifugio Lissone,Temperatura,2003-12,-3.91,1368
118,Saviore dell'Adamello Rifugio Lissone,Temperatura,2004-01,-7.29,1471
118,Saviore dell'Adamello Rifugio Lissone,Temperatura,2004-02,-4.14,1377
118,Saviore dell'Adamello Rifugio Lissone,Temperatura,2004-03,-4.11,1481
118,Saviore dell'Adamello Rifugio Lissone,Temperatura,2004-04,0.09,1422
118,Saviore dell'Adamello Rifugio Lissone,Temperatura,2004-05,2.86,1457
118,Saviore dell'Adamello Rifugio Lissone,Temperatura,2004-06,9.39,1390
118,Saviore dell'Adamello Rifugio Lissone,Temperatura,2004-07,10.68,1431
118,Saviore dell'Adamello Rifugio Lissone,Temperatura,2004-08,10.84,1422
118,Saviore dell'Adamello Rifugio Lissone,Temperatura,2004-09,8.00,1440
118,Saviore dell'Adamello Rifugio Lissone,Temperatura,2004-10,4.74,1488
118,Saviore dell'Adamello Rifugio Lissone,Temperatura,2004-11,-0.99,1345
118,Saviore dell'Adamello Rifugio Lissone,Temperatura,2004-12,-3.91,1485
118,Saviore dell'Adamello Rifugio Lissone,Temperatura,2005-01,-6.67,1345
118,Saviore dell'Adamello Rifugio Lissone,Temperatura,2005-02,-10.47,1204
118,Saviore dell'Adamello Rifugio Lissone,Temperatura,2005-03,-3.95,1441
118,Saviore dell'Adamello Rifugio Lissone,Temperatura,2005-04,0.73,1382
118,Saviore dell'Adamello Rifugio Lissone,Temperatura,2005-05,6.37,1451
118,Saviore dell'Adamello Rifugio Lissone,Temperatura,2005-06,9.91,1440
118,Saviore dell'Adamello Rifugio Lissone,Temperatura,2005-07,11.14,1477
118,Saviore dell'Adamello Rifugio Lissone,Temperatura,2005-08,9.45,1488
118,Saviore dell'Adamello Rifugio Lissone,Temperatura,2005-09,7.72,1441
118,Saviore dell'Adamello Rifugio Lissone,Temperatura,2005-10,4.44,1464
118,Saviore dell'Adamello Rifugio Lissone,Temperatura,2005-11,-0.51,1121
118,Saviore dell'Adamello Rifugio Lissone,Temperatura,2005-12,-8.98,797
118,Saviore dell'Adamello Rifugio Lissone,Temperatura,2006-01,-8.20,1471
118,Saviore dell'Adamello Rifugio Lissone,Temperatura,2006-02,-6.54,462
118,Saviore dell'Adamello Rifugio Lissone,Temperatura,2006-03,-1.57,701
118,Saviore dell'Adamello Rifugio Lissone,Temperatura,2006-04,0.58,1434
118,Saviore dell'Adamello Rifugio Lissone,Temperatura,2006-05,4.90,1489
118,Saviore dell'Adamello Rifugio Lissone,Temperatura,2006-06,9.76,1427
118,Saviore dell'Adamello Rifugio Lissone,Temperatura,2006-07,13.07,1483
118,Saviore dell'Adamello Rifugio Lissone,Temperatura,2006-08,8.17,1489
118,Saviore dell'Adamello Rifugio Lissone,Temperatura,2006-09,9.65,1436
118,Saviore dell'Adamello Rifugio Lissone,Temperatura,2006-10,5.90,1488
118,Saviore dell'Adamello Rifugio Lissone,Temperatura,2006-11,0.85,1386
118,Saviore dell'Adamello Rifugio Lissone,Temperatura,2006-12,-1.84,1441
118,Saviore dell'Adamello Rifugio Lissone,Temperatura,2007-01,-2.13,1481
118,Saviore dell'Adamello Rifugio Lissone,Temperatura,2007-02,-2.92,1338
118,Saviore dell'Adamello Rifugio Lissone,Temperatura,2007-03,-1.71,1482
118,Saviore dell'Adamello Rifugio Lissone,Temperatura,2007-04,4.44,1440
118,Saviore dell'Adamello Rifugio Lissone,Temperatura,2007-05,6.54,1488
118,Saviore dell'Adamello Rifugio Lissone,Temperatura,2007-06,9.59,1440
118,Saviore dell'Adamello Rifugio Lissone,Temperatura,2007-07,11.43,1440
118,Saviore dell'Adamello Rifugio Lissone,Temperatura,2007-08,10.35,1488
118,Saviore dell'Adamello Rifugio Lissone,Temperatura,2007-09,6.07,1440
118,Saviore dell'Adamello Rifugio Lissone,Temperatura,2007-10,3.61,1488
118,Saviore dell'Adamello Rifugio Lissone,Temperatura,2007-11,-1.93,1429
118,Saviore dell'Adamello Rifugio Lissone,Temperatura,2007-12,-4.87,1477
118,Saviore dell'Adamello Rifugio Lissone,Temperatura,2008-01,-2.87,1481
118,Saviore dell'Adamello Rifugio Lissone,Temperatura,2008-02,-3.45,1392
118,Saviore dell'Adamello Rifugio Lissone,Temperatura,2008-03,-2.91,1488
118,Saviore dell'Adamello Rifugio Lissone,Temperatura,2008-04,0.12,1362
118,Saviore dell'Adamello Rifugio Lissone,Temperatura,2008-05,5.14,1441
118,Saviore dell'Adamello Rifugio Lissone,Temperatura,2008-06,9.67,1434
118,Saviore dell'Adamello Rifugio Lissone,Temperatura,2008-07,10.96,1480
118,Saviore dell'Adamello Rifugio Lissone,Temperatura,2008-08,11.19,1488
118,Saviore dell'Adamello Rifugio Lissone,Temperatura,2008-09,6.23,1434
118,Saviore dell'Adamello Rifugio Lissone,Temperatura,2008-10,4.41,1488
118,Saviore dell'Adamello Rifugio Lissone,Temperatura,2008-11,-1.65,1435
118,Saviore dell'Adamello Rifugio Lissone,Temperatura,2008-12,-4.71,1473
118,Saviore dell'Adamello Rifugio Lissone,Temperatura,2009-01,-6.39,1487
118,Saviore dell'Adamello Rifugio Lissone,Temperatura,2009-02,-6.79,1344
118,Saviore dell'Adamello Rifugio Lissone,Temperatura,2009-03,-2.08,98
118,Saviore dell'Adamello Rifugio Lissone,Temperatura,2009-04,1.40,1280
118,Saviore dell'Adamello Rifugio Lissone,Temperatura,2009-05,7.04,1488
118,Saviore dell'Adamello Rifugio Lissone,Temperatura,2009-06,9.70,1440
118,Saviore dell'Adamello Rifugio Lissone,Temperatura,2009-07,11.98,1488
118,Saviore dell'Adamello Rifugio Lissone,Temperatura,2009-08,13.46,1476
118,Saviore dell'Adamello Rifugio Lissone,Temperatura,2009-09,8.96,1434
118,Saviore dell'Adamello Rifugio Lissone,Temperatura,2009-10,3.91,1488
118,Saviore dell'Adamello Rifugio Lissone,Temperatura,2009-11,0.68,1428
118,Saviore dell'Adamello Rifugio Lissone,Temperatura,2009-12,-6.40,1482
118,Saviore dell'Adamello Rifugio Lissone,Temperatura,2010-01,-8.50,1487
118,Saviore dell'Adamello Rifugio Lissone,Temperatura,2010-02,-5.96,1344
118,Saviore dell'Adamello Rifugio Lissone,Temperatura,2010-03,-2.83,1488
118,Saviore dell'Adamello Rifugio Lissone,Temperatura,2010-04,0.35,1440
118,Saviore dell'Adamello Rifugio Lissone,Temperatura,2010-05,4.38,1487
118,Saviore dell'Adamello Rifugio Lissone,Temperatura,2010-06,10.20,1440
118,Saviore dell'Adamello Rifugio Lissone,Temperatura,2010-07,13.76,1488
118,Saviore dell'Adamello Rifugio Lissone,Temperatura,2010-08,11.44,1488
118,Saviore dell'Adamello Rifugio Lissone,Temperatura,2010-09,8.46,1026
118,Saviore dell'Adamello Rifugio Lissone,Temperatura,2010-11,-6.69,547
118,Saviore dell'Adamello Rifugio Lissone,Temperatura,2010-12,-6.77,1474
118,Saviore dell'Adamello Rifugio Lissone,Temperatura,2011-01,-5.50,1
118,Saviore dell'Adamello Rifugio Lissone,Temperatura,2011-01,-5.83,4463
118,Saviore dell'Adamello Rifugio Lissone,Temperatura,2011-02,-3.36,4032
118,Saviore dell'Adamello Rifugio Lissone,Temperatura,2011-03,-1.31,4464
118,Saviore dell'Adamello Rifugio Lissone,Temperatura,2011-04,3.12,4320
118,Saviore dell'Adamello Rifugio Lissone,Temperatura,2011-05,6.84,4464
118,Saviore dell'Adamello Rifugio Lissone,Temperatura,2011-06,9.77,4164
118,Saviore dell'Adamello Rifugio Lissone,Temperatura,2011-07,10.27,4459
118,Saviore dell'Adamello Rifugio Lissone,Temperatura,2011-08,12.86,4464
118,Saviore dell'Adamello Rifugio Lissone,Temperatura,2011-09,10.48,4320
118,Saviore dell'Adamello Rifugio Lissone,Temperatura,2011-10,4.26,4464
118,Saviore dell'Adamello Rifugio Lissone,Temperatura,2011-11,1.40,4319
118,Saviore dell'Adamello Rifugio Lissone,Temperatura,2011-12,-3.82,4241
118,Saviore dell'Adamello Rifugio Lissone,Temperatura,2012-01,-5.57,4464
118,Saviore dell'Adamello Rifugio Lissone,Temperatura,2012-02,-7.14,4170
118,Saviore dell'Adamello Rifugio Lissone,Temperatura,2012-03,1.82,4464
118,Saviore dell'Adamello Rifugio Lissone,Temperatura,2012-04,1.14,4320
118,Saviore dell'Adamello Rifugio Lissone,Temperatura,2012-05,5.98,4464
118,Saviore dell'Adamello Rifugio Lissone,Temperatura,2012-06,11.14,4320
118,Saviore dell'Adamello Rifugio Lissone,Temperatura,2012-07,12.53,4464
118,Saviore dell'Adamello Rifugio Lissone,Temperatura,2012-08,13.50,4464
118,Saviore dell'Adamello Rifugio Lissone,Temperatura,2012-09,8.39,4316
118,Saviore dell'Adamello Rifugio Lissone,Temperatura,2012-10,4.84,4457
118,Saviore dell'Adamello Rifugio Lissone,Temperatura,2012-11,0.78,4306
118,Saviore dell'Adamello Rifugio Lissone,Temperatura,2012-12,-6.26,4453
118,Saviore dell'Adamello Rifugio Lissone,Temperatura,2013-01,-4.66,4448
118,Saviore dell'Adamello Rifugio Lissone,Temperatura,2013-02,-7.94,4022
118,Saviore dell'Adamello Rifugio Lissone,Temperatura,2013-03,-3.23,4452
118,Saviore dell'Adamello Rifugio Lissone,Temperatura,2013-04,2.06,4317
118,Saviore dell'Adamello Rifugio Lissone,Temperatura,2013-05,3.65,4464
118,Saviore dell'Adamello Rifugio Lissone,Temperatura,2013-06,8.88,4316
118,Saviore dell'Adamello Rifugio Lissone,Temperatura,2013-07,12.84,4449
118,Saviore dell'Adamello Rifugio Lissone,Temperatura,2013-08,12.03,4464
118,Saviore dell'Adamello Rifugio Lissone,Temperatura,2013-09,8.68,4314
118,Saviore dell'Adamello Rifugio Lissone,Temperatura,2013-10,4.90,4462
118,Saviore dell'Adamello Rifugio Lissone,Temperatura,2013-11,-1.10,4310
118,Saviore dell'Adamello Rifugio Lissone,Temperatura,2013-12,-2.17,4364
118,Saviore dell'Adamello Rifugio Lissone,Temperatura,2014-01,-3.53,4464
118,Saviore dell'Adamello Rifugio Lissone,Temperatura,2014-02,-3.12,4031
118,Saviore dell'Adamello Rifugio Lissone,Temperatura,2014-03,-0.42,4464
118,Saviore dell'Adamello Rifugio Lissone,Temperatura,2014-04,2.40,4320
118,Saviore dell'Adamello Rifugio Lissone,Temperatura,2014-05,4.37,4460
118,Saviore dell'Adamello Rifugio Lissone,Temperatura,2014-06,9.32,4304
118,Saviore dell'Adamello Rifugio Lissone,Temperatura,2014-07,10.52,4454
118,Saviore dell'Adamello Rifugio Lissone,Temperatura,2014-08,9.70,4458
118,Saviore dell'Adamello Rifugio Lissone,Temperatura,2014-09,8.16,4308
118,Saviore dell'Adamello Rifugio Lissone,Temperatura,2014-10,5.69,4455
118,Saviore dell'Adamello Rifugio Lissone,Temperatura,2014-11,2.05,4307
118,Saviore dell'Adamello Rifugio Lissone,Temperatura,2014-12,-3.07,4461
118,Saviore dell'Adamello Rifugio Lissone,Temperatura,2015-01,-4.90,3436
118,Saviore dell'Adamello Rifugio Lissone,Temperatura,2015-02,-4.95,4024
118,Saviore dell'Adamello Rifugio Lissone,Temperatura,2015-03,-1.18,4458
118,Saviore dell'Adamello Rifugio Lissone,Temperatura,2015-04,2.22,4314
118,Saviore dell'Adamello Rifugio Lissone,Temperatura,2015-05,7.14,4456
118,Saviore dell'Adamello Rifugio Lissone,Temperatura,2015-06,10.36,4316
118,Saviore dell'Adamello Rifugio Lissone,Temperatura,2015-07,15.26,4452
118,Saviore dell'Adamello Rifugio Lissone,Temperatura,2015-08,12.48,4452
118,Saviore dell'Adamello Rifugio Lissone,Temperatura,2015-09,6.64,4313
118,Saviore dell'Adamello Rifugio Lissone,Temperatura,2015-10,3.87,4025
118,Saviore dell'Adamello Rifugio Lissone,Temperatura,2015-11,2.15,4019
118,Saviore dell'Adamello Rifugio Lissone,Temperatura,2015-12,0.34,4451
118,Saviore dell'Adamello Rifugio Lissone,Temperatura,2016-01,-4.97,4453
118,Saviore dell'Adamello Rifugio Lissone,Temperatura,2016-02,-2.76,4166
118,Saviore dell'Adamello Rifugio Lissone,Temperatura,2016-03,-2.39,4450
118,Saviore dell'Adamello Rifugio Lissone,Temperatura,2016-04,2.90,4304
118,Saviore dell'Adamello Rifugio Lissone,Temperatura,2016-05,4.85,4446
118,Saviore dell'Adamello Rifugio Lissone,Temperatura,2016-06,9.22,4277
118,Saviore dell'Adamello Rifugio Lissone,Temperatura,2016-07,12.76,4399
118,Saviore dell'Adamello Rifugio Lissone,Temperatura,2016-08,11.80,4237
118,Saviore dell'Adamello Rifugio Lissone,Temperatura,2016-09,9.30,4309
118,Saviore dell'Adamello Rifugio Lissone,Temperatura,2016-10,3.39,4454
118,Saviore dell'Adamello Rifugio Lissone,Temperatura,2016-11,-0.84,4277
118,Saviore dell'Adamello Rifugio Lissone,Temperatura,2016-12,-1.54,4448
118,Saviore dell'Adamello Rifugio Lissone,Temperatura,2017-01,-7.43,4459
118,Saviore dell'Adamello Rifugio Lissone,Temperatura,2017-02,-2.62,4029
118,Saviore dell'Adamello Rifugio Lissone,Temperatura,2017-03,1.15,4460
118,Saviore dell'Adamello Rifugio Lissone,Temperatura,2017-04,2.05,4320
118,Saviore dell'Adamello Rifugio Lissone,Temperatura,2017-05,6.56,4464
118,Saviore dell'Adamello Rifugio Lissone,Temperatura,2017-06,12.07,4320
118,Saviore dell'Adamello Rifugio Lissone,Temperatura,2017-07,12.77,4464
118,Saviore dell'Adamello Rifugio Lissone,Temperatura,2017-08,13.46,4462
118,Saviore dell'Adamello Rifugio Lissone,Temperatura,2017-09,6.09,4320
118,Saviore dell'Adamello Rifugio Lissone,Temperatura,2017-10,5.52,4464
118,Saviore dell'Adamello Rifugio Lissone,Temperatura,2017-11,-1.94,4317
118,Saviore dell'Adamello Rifugio Lissone,Temperatura,2017-12,-7.95,1985
118,Saviore dell'Adamello Rifugio Lissone,Temperatura,2018-03,0.01,671
118,Saviore dell'Adamello Rifugio Lissone,Temperatura,2018-04,3.35,4320
118,Saviore dell'Adamello Rifugio Lissone,Temperatura,2018-05,6.67,4091
118,Saviore dell'Adamello Rifugio Lissone,Temperatura,2018-06,10.98,2954
118,Saviore dell'Adamello Rifugio Lissone,Temperatura,2018-07,15.82,1
118,Saviore dell'Adamello Rifugio Lissone,Temperatura,2018-08,12.36,2
14058,Limone sul Garda,Temperatura,2012-03,14.18,2632
14058,Limone sul Garda,Temperatura,2012-04,13.07,4319
14058,Limone sul Garda,Temperatura,2012-05,18.13,4464
14058,Limone sul Garda,Temperatura,2012-06,23.47,4319
14058,Limone sul Garda,Temperatura,2012-07,25.03,4463
14058,Limone sul Garda,Temperatura,2012-08,26.40,4463
14058,Limone sul Garda,Temperatura,2012-09,20.51,4319
14058,Limone sul Garda,Temperatura,2012-10,15.84,4457
14058,Limone sul Garda,Temperatura,2012-11,11.02,4318
14058,Limone sul Garda,Temperatura,2012-12,5.39,4454
14058,Limone sul Garda,Temperatura,2013-01,6.17,4458
14058,Limone sul Garda,Temperatura,2013-02,5.66,4023
14058,Limone sul Garda,Temperatura,2013-03,8.57,4457
14058,Limone sul Garda,Temperatura,2013-04,13.61,4304
14058,Limone sul Garda,Temperatura,2013-05,16.40,4455
14058,Limone sul Garda,Temperatura,2013-06,21.94,4312
14058,Limone sul Garda,Temperatura,2013-07,25.45,4452
14058,Limone sul Garda,Temperatura,2013-08,25.02,4457
14058,Limone sul Garda,Temperatura,2013-09,20.99,4318
14058,Limone sul Garda,Temperatura,2013-10,16.21,4457
14058,Limone sul Garda,Temperatura,2013-11,11.07,4312
14058,Limone sul Garda,Temperatura,2013-12,7.45,4460
14058,Limone sul Garda,Temperatura,2014-01,7.16,4462
14058,Limone sul Garda,Temperatura,2014-02,8.50,4023
14058,Limone sul Garda,Temperatura,2014-03,11.88,4461
14058,Limone sul Garda,Temperatura,2014-04,15.41,4315
14058,Limone sul Garda,Temperatura,2014-05,18.35,4419
14058,Limone sul Garda,Temperatura,2014-06,22.84,4290
14058,Limone sul Garda,Temperatura,2014-07,22.91,4462
14058,Limone sul Garda,Temperatura,2014-08,22.36,4459
14058,Limone sul Garda,Temperatura,2014-09,20.56,4316
14058,Limone sul Garda,Temperatura,2014-10,17.32,4458
14058,Limone sul Garda,Temperatura,2014-11,12.57,4319
14058,Limone sul Garda,Temperatura,2014-12,8.26,4460
14058,Limone sul Garda,Temperatura,2015-01,6.73,4441
14058,Limone sul Garda,Temperatura,2015-02,7.41,4014
14058,Limone sul Garda,Temperatura,2015-03,11.11,4292
14058,Limone sul Garda,Temperatura,2015-04,15.14,4235
14058,Limone sul Garda,Temperatura,2015-05,19.33,4441
14058,Limone sul Garda,Temperatura,2015-06,23.61,4314
14058,Limone sul Garda,Temperatura,2015-07,28.34,4440
14058,Limone sul Garda,Temperatura,2015-08,25.63,4447
14058,Limone sul Garda,Temperatura,2015-09,20.64,4288
14058,Limone sul Garda,Temperatura,2015-10,15.30,4456
14058,Limone sul Garda,Temperatura,2015-11,11.35,4302
14058,Limone sul Garda,Temperatura,2015-12,7.44,4412
14058,Limone sul Garda,Temperatura,2016-01,5.71,4434
14058,Limone sul Garda,Temperatura,2016-02,8.25,4159
14058,Limone sul Garda,Temperatura,2016-03,10.77,4461
14058,Limone sul Garda,Temperatura,2016-04,15.48,4261
14058,Limone sul Garda,Temperatura,2016-05,17.41,4464
14058,Limone sul Garda,Temperatura,2016-06,22.37,4319
14058,Limone sul Garda,Temperatura,2016-07,25.74,4462
14058,Limone sul Garda,Temperatura,2016-08,24.23,4463
14058,Limone sul Garda,Temperatura,2016-09,22.72,4312
14058,Limone sul Garda,Temperatura,2016-10,15.17,4230
14058,Limone sul Garda,Temperatura,2016-11,10.70,4293
14058,Limone sul Garda,Temperatura,2016-12,7.27,4453
14058,Limone sul Garda,Temperatura,2017-01,3.87,4464
14058,Limone sul Garda,Temperatura,2017-02,7.98,3983
14058,Limone sul Garda,Temperatura,2017-03,12.33,4433
14058,Limone sul Garda,Temperatura,2017-04,14.99,4314
14058,Limone sul Garda,Temperatura,2017-05,18.98,4464
14058,Limone sul Garda,Temperatura,2017-06,24.66,4251
14058,Limone sul Garda,Temperatura,2017-07,25.86,4462
14058,Limone sul Garda,Temperatura,2017-08,25.77,4457
14058,Limone sul Garda,Temperatura,2017-09,18.76,4317
14058,Limone sul Garda,Temperatura,2017-10,16.36,4457
14058,Limone sul Garda,Temperatura,2017-11,9.98,4318
14058,Limone sul Garda,Temperatura,2017-12,5.56,4464
14058,Limone sul Garda,Temperatura,2018-01,7.14,4461
14058,Limone sul Garda,Temperatura,2018-02,5.58,4023
14058,Limone sul Garda,Temperatura,2018-03,8.57,4457
14058,Limone sul Garda,Temperatura,2018-04,16.33,4319
14058,Limone sul Garda,Temperatura,2018-05,19.21,4463
14058,Limone sul Garda,Temperatura,2018-06,23.87,4319
14058,Limone sul Garda,Temperatura,2018-07,25.59,4463
14058,Limone sul Garda,Temperatura,2018-08,25.96,4455
14058,Limone sul Garda,Temperatura,2018-09,22.24,4319
14058,Limone sul Garda,Temperatura,2018-10,17.74,4444
14058,Limone sul Garda,Temperatura,2018-11,12.12,4318
14058,Limone sul Garda,Temperatura,2018-12,6.58,4464
14058,Limone sul Garda,Temperatura,2019-01,5.58,4464
14058,Limone sul Garda,Temperatura,2019-02,8.70,4031
14058,Limone sul Garda,Temperatura,2019-03,11.36,4418
14058,Limone sul Garda,Temperatura,2019-04,13.77,4317
14058,Limone sul Garda,Temperatura,2019-05,15.67,4464
14058,Limone sul Garda,Temperatura,2019-06,25.09,4319
14058,Limone sul Garda,Temperatura,2019-07,25.79,4464
14058,Limone sul Garda,Temperatura,2019-08,25.77,4422
14058,Limone sul Garda,Temperatura,2019-09,21.09,4319
14058,Limone sul Garda,Temperatura,2019-10,17.04,4420
14058,Limone sul Garda,Temperatura,2019-11,10.29,4318
14058,Limone sul Garda,Temperatura,2019-12,7.63,4456
14058,Limone sul Garda,Temperatura,2020-01,6.85,4459
14058,Limone sul Garda,Temperatura,2020-02,8.85,4163
14058,Limone sul Garda,Temperatura,2020-03,10.18,4454
14058,Limone sul Garda,Temperatura,2020-04,15.28,4317
14058,Limone sul Garda,Temperatura,2020-05,19.46,4463
14058,Limone sul Garda,Temperatura,2020-06,22.70,4320
14058,Limone sul Garda,Temperatura,2020-07,25.17,4462
14058,Limone sul Garda,Temperatura,2020-08,25.14,4462
14058,Limone sul Garda,Temperatura,2020-09,21.55,4286
14058,Limone sul Garda,Temperatura,2020-10,14.72,4460
14058,Limone sul Garda,Temperatura,2020-11,11.13,4318
14058,Limone sul Garda,Temperatura,2020-12,7.07,4458
14058,Limone sul Garda,Temperatura,2021-01,4.60,1
14058,Limone sul Garda,Temperatura,2021-01,4.40,4463
14058,Limone sul Garda,Temperatura,2021-02,8.32,4031
14058,Limone sul Garda,Temperatura,2021-03,10.35,4434
14058,Limone sul Garda,Temperatura,2021-04,12.92,4318
14058,Limone sul Garda,Temperatura,2021-05,17.03,4463
14058,Limone sul Garda,Temperatura,2021-06,25.05,4319
14058,Limone sul Garda,Temperatura,2021-07,24.86,4463
14058,Limone sul Garda,Temperatura,2021-08,24.24,4461
14058,Limone sul Garda,Temperatura,2021-09,22.14,4317
14058,Limone sul Garda,Temperatura,2021-10,15.50,4464
14058,Limone sul Garda,Temperatura,2021-11,10.69,4318
14058,Limone sul Garda,Temperatura,2021-12,6.61,4463
14058,Limone sul Garda,Temperatura,2022-01,6.52,4450
14058,Limone sul Garda,Temperatura,2022-02,8.31,4031
14058,Limone sul Garda,Temperatura,2022-03,9.72,4460
14058,Limone sul Garda,Temperatura,2022-04,13.56,4319
14058,Limone sul Garda,Temperatura,2022-05,20.40,4463
14058,Limone sul Garda,Temperatura,2022-06,25.39,4317
14058,Limone sul Garda,Temperatura,2022-07,28.22,4464
14058,Limone sul Garda,Temperatura,2022-08,25.80,4460
14058,Limone sul Garda,Temperatura,2022-09,21.16,4320
14058,Limone sul Garda,Temperatura,2022-10,18.48,4463
14058,Limone sul Garda,Temperatura,2022-11,11.83,4317
14058,Limone sul Garda,Temperatura,2022-12,7.03,4462
14058,Limone sul Garda,Temperatura,2023-01,7.38,4460
14058,Limone sul Garda,Temperatura,2023-02,8.01,4031
14058,Limone sul Garda,Temperatura,2023-03,11.69,4463
14058,Limone sul Garda,Temperatura,2023-04,13.78,4320
14058,Limone sul Garda,Temperatura,2023-05,18.39,4461
14058,Limone sul Garda,Temperatura,2023-06,23.69,4319
14058,Limone sul Garda,Temperatura,2023-07,25.68,4462
14058,Limone sul Garda,Temperatura,2023-08,25.86,4458
14058,Limone sul Garda,Temperatura,2023-09,23.05,4315
14058,Limone sul Garda,Temperatura,2023-10,18.49,4462
14058,Limone sul Garda,Temperatura,2023-11,10.17,4314
14058,Limone sul Garda,Temperatura,2023-12,8.09,4461
14058,Limone sul Garda,Temperatura,2024-01,6.73,4458
14058,Limone sul Garda,Temperatura,2024-02,9.73,4176
14058,Limone sul Garda,Temperatura,2024-03,11.83,4462
14058,Limone sul Garda,Temperatura,2024-04,14.86,4319
14058,Limone sul Garda,Temperatura,2024-05,18.07,4459
14058,Limone sul Garda,Temperatura,2024-06,22.28,4317
14058,Limone sul Garda,Temperatura,2024-07,26.55,4417
14058,Limone sul Garda,Temperatura,2024-08,27.62,4463
14058,Limone sul Garda,Temperatura,2024-09,20.68,4303
14058,Limone sul Garda,Temperatura,2024-10,16.54,4450
14058,Limone sul Garda,Temperatura,2024-11,10.42,4312
14058,Limone sul Garda,Temperatura,2024-12,7.63,4443
14058,Limone sul Garda,Temperatura,2025-01,7.04,4458
14058,Limone sul Garda,Temperatura,2025-02,7.93,4028
14058,Limone sul Garda,Temperatura,2025-03,11.35,4464
14058,Limone sul Garda,Temperatura,2025-04,15.38,4320
14058,Limone sul Garda,Temperatura,2025-05,18.80,4463
14058,Limone sul Garda,Temperatura,2025-06,26.27,4319
14058,Limone sul Garda,Temperatura,2025-07,24.85,4464
14058,Limone sul Garda,Temperatura,2025-08,25.30,4464
14058,Limone sul Garda,Temperatura,2025-09,20.84,4320
14058,Limone sul Garda,Temperatura,2025-10,15.50,4463
14058,Limone sul Garda,Temperatura,2025-11,10.39,4318
14058,Limone sul Garda,Temperatura,2025-12,8.63,4464
14058,Limone sul Garda,Temperatura,2026-01,5.49,4464
14058,Limone sul Garda,Temperatura,2026-02,9.26,4031
14058,Limone sul Garda,Temperatura,2026-03,11.10,1
14075,Collio Memmo,Temperatura,2012-03,9.69,2377
14075,Collio Memmo,Temperatura,2012-04,6.49,4320
14075,Collio Memmo,Temperatura,2012-05,11.69,4463
14075,Collio Memmo,Temperatura,2012-06,17.05,4319
14075,Collio Memmo,Temperatura,2012-07,18.73,4462
14075,Collio Memmo,Temperatura,2012-08,20.01,4463
14075,Collio Memmo,Temperatura,2012-09,13.93,4267
14075,Collio Memmo,Temperatura,2012-10,9.66,4358
14075,Collio Memmo,Temperatura,2012-11,5.90,4214
14075,Collio Memmo,Temperatura,2012-12,0.81,4441
14075,Collio Memmo,Temperatura,2013-01,1.69,4398
14075,Collio Memmo,Temperatura,2013-02,-0.96,4029
14075,Collio Memmo,Temperatura,2013-03,2.13,4456
14075,Collio Memmo,Temperatura,2013-04,7.56,4252
14075,Collio Memmo,Temperatura,2013-05,9.62,4451
14075,Collio Memmo,Temperatura,2013-06,14.97,4107
14075,Collio Memmo,Temperatura,2013-07,18.87,4391
14075,Collio Memmo,Temperatura,2013-08,17.92,4450
14075,Collio Memmo,Temperatura,2013-09,14.09,4317
14075,Collio Memmo,Temperatura,2013-10,10.02,4460
14075,Collio Memmo,Temperatura,2013-11,4.87,4312
14075,Collio Memmo,Temperatura,2013-12,4.12,4462
14075,Collio Memmo,Temperatura,2014-01,2.14,4464
14075,Collio Memmo,Temperatura,2014-02,2.53,4028
14075,Collio Memmo,Temperatura,2014-03,6.76,4461
14075,Collio Memmo,Temperatura,2014-04,9.08,4312
14075,Collio Memmo,Temperatura,2014-05,11.17,4448
14075,Collio Memmo,Temperatura,2014-06,15.62,4302
14075,Collio Memmo,Temperatura,2014-07,15.73,4454
14075,Collio Memmo,Temperatura,2014-08,15.33,4459
14075,Collio Memmo,Temperatura,2014-09,13.60,4317
14075,Collio Memmo,Temperatura,2014-10,10.98,4461
14075,Collio Memmo,Temperatura,2014-11,7.44,4291
14075,Collio Memmo,Temperatura,2014-12,3.16,4457
14075,Collio Memmo,Temperatura,2015-01,2.51,4460
14075,Collio Memmo,Temperatura,2015-02,1.39,3952
14075,Collio Memmo,Temperatura,2015-03,5.03,4414
14075,Collio Memmo,Temperatura,2015-04,8.61,4232
14075,Collio Memmo,Temperatura,2015-05,12.66,4398
14075,Collio Memmo,Temperatura,2015-06,16.32,4266
14075,Collio Memmo,Temperatura,2015-07,21.14,4448
14075,Collio Memmo,Temperatura,2015-08,18.37,4460
14075,Collio Memmo,Temperatura,2015-09,12.87,4314
14075,Collio Memmo,Temperatura,2015-10,8.76,4408
14075,Collio Memmo,Temperatura,2015-11,7.76,4305
14075,Collio Memmo,Temperatura,2015-12,5.14,4462
14075,Collio Memmo,Temperatura,2016-01,1.26,4449
14075,Collio Memmo,Temperatura,2016-02,2.89,4169
14075,Collio Memmo,Temperatura,2016-03,4.13,4461
14075,Collio Memmo,Temperatura,2016-04,9.07,4309
14075,Collio Memmo,Temperatura,2016-05,10.90,4464
14075,Collio Memmo,Temperatura,2016-06,15.10,4318
14075,Collio Memmo,Temperatura,2016-07,18.76,4463
14075,Collio Memmo,Temperatura,2016-08,17.18,4463
14075,Collio Memmo,Temperatura,2016-09,15.24,4320
14075,Collio Memmo,Temperatura,2016-10,8.54,4293
14075,Collio Memmo,Temperatura,2016-11,4.68,4257
14075,Collio Memmo,Temperatura,2016-12,4.93,4458
14075,Collio Memmo,Temperatura,2017-01,-1.35,4460
14075,Collio Memmo,Temperatura,2017-02,2.90,4020
14075,Collio Memmo,Temperatura,2017-03,7.44,4432
14075,Collio Memmo,Temperatura,2017-04,8.56,4313
14075,Collio Memmo,Temperatura,2017-05,12.65,4464
14075,Collio Memmo,Temperatura,2017-06,17.90,4319
14075,Collio Memmo,Temperatura,2017-07,18.66,4462
14075,Collio Memmo,Temperatura,2017-08,19.52,4462
14075,Collio Memmo,Temperatura,2017-09,11.77,4316
14075,Collio Memmo,Temperatura,2017-10,11.09,4463
14075,Collio Memmo,Temperatura,2017-11,4.28,4319
14075,Collio Memmo,Temperatura,2017-12,1.08,4464
14075,Collio Memmo,Temperatura,2018-01,2.80,4464
14075,Collio Memmo,Temperatura,2018-02,-1.98,4031
14075,Collio Memmo,Temperatura,2018-03,2.27,4463
14075,Collio Memmo,Temperatura,2018-04,10.72,4315
14075,Collio Memmo,Temperatura,2018-05,12.76,4457
14075,Collio Memmo,Temperatura,2018-06,16.35,4317
14075,Collio Memmo,Temperatura,2018-07,18.57,4460
14075,Collio Memmo,Temperatura,2018-08,18.70,4461
14075,Collio Memmo,Temperatura,2018-09,15.33,4319
14075,Collio Memmo,Temperatura,2018-10,11.25,4445
14075,Collio Memmo,Temperatura,2018-11,5.72,4299
14075,Collio Memmo,Temperatura,2018-12,2.95,4462
14075,Collio Memmo,Temperatura,2019-01,0.33,4464
14075,Collio Memmo,Temperatura,2019-02,4.92,4025
14075,Collio Memmo,Temperatura,2019-03,6.38,4439
14075,Collio Memmo,Temperatura,2019-04,7.49,4317
14075,Collio Memmo,Temperatura,2019-05,8.93,4457
14075,Collio Memmo,Temperatura,2019-06,19.13,4311
14075,Collio Memmo,Temperatura,2019-07,19.38,4424
14075,Collio Memmo,Temperatura,2019-08,18.56,4450
14075,Collio Memmo,Temperatura,2019-09,14.18,4319
14075,Collio Memmo,Temperatura,2019-10,10.84,4463
14075,Collio Memmo,Temperatura,2019-11,4.89,4318
14075,Collio Memmo,Temperatura,2019-12,3.51,4462
14075,Collio Memmo,Temperatura,2020-01,3.20,4452
14075,Collio Memmo,Temperatura,2020-02,4.85,4173
14075,Collio Memmo,Temperatura,2020-03,3.82,4463
14075,Collio Memmo,Temperatura,2020-04,9.50,4316
14075,Collio Memmo,Temperatura,2020-05,12.35,4464
14075,Collio Memmo,Temperatura,2020-06,15.02,4317
14075,Collio Memmo,Temperatura,2020-07,17.91,4463
14075,Collio Memmo,Temperatura,2020-08,18.47,4463
14075,Collio Memmo,Temperatura,2020-09,14.57,4317
14075,Collio Memmo,Temperatura,2020-10,8.41,4463
14075,Collio Memmo,Temperatura,2020-11,6.31,4319
14075,Collio Memmo,Temperatura,2020-12,1.43,4459
14075,Collio Memmo,Temperatura,2021-01,-1.50,1
14075,Collio Memmo,Temperatura,2021-01,-0.39,4463
14075,Collio Memmo,Temperatura,2021-02,3.42,4030
14075,Collio Memmo,Temperatura,2021-03,4.36,4448
14075,Collio Memmo,Temperatura,2021-04,5.82,4318
14075,Collio Memmo,Temperatura,2021-05,10.20,4464
14075,Collio Memmo,Temperatura,2021-06,17.86,4318
14075,Collio Memmo,Temperatura,2021-07,18.16,4462
14075,Collio Memmo,Temperatura,2021-08,17.25,4460
14075,Collio Memmo,Temperatura,2021-09,14.81,4318
14075,Collio Memmo,Temperatura,2021-10,8.80,4463
14075,Collio Memmo,Temperatura,2021-11,5.31,4319
14075,Collio Memmo,Temperatura,2021-12,3.37,4460
14075,Collio Memmo,Temperatura,2022-01,3.66,4452
14075,Collio Memmo,Temperatura,2022-02,3.61,4031
14075,Collio Memmo,Temperatura,2022-03,3.77,4463
14075,Collio Memmo,Temperatura,2022-04,7.12,4112
14075,Collio Memmo,Temperatura,2022-05,14.11,4462
14075,Collio Memmo,Temperatura,2022-06,18.73,4318
14075,Collio Memmo,Temperatura,2022-07,21.31,4463
14075,Collio Memmo,Temperatura,2022-08,18.87,4461
14075,Collio Memmo,Temperatura,2022-09,13.43,4319
14075,Collio Memmo,Temperatura,2022-10,13.18,4463
14075,Collio Memmo,Temperatura,2022-11,6.28,4320
14075,Collio Memmo,Temperatura,2022-12,2.58,4458
14075,Collio Memmo,Temperatura,2023-01,1.97,4453
14075,Collio Memmo,Temperatura,2023-02,3.53,4028
14075,Collio Memmo,Temperatura,2023-03,6.01,4462
14075,Collio Memmo,Temperatura,2023-04,6.98,4319
14075,Collio Memmo,Temperatura,2023-05,11.47,4462
14075,Collio Memmo,Temperatura,2023-06,16.86,4311
14075,Collio Memmo,Temperatura,2023-07,18.98,4463
14075,Collio Memmo,Temperatura,2023-08,19.18,4463
14075,Collio Memmo,Temperatura,2023-09,16.21,4320
14075,Collio Memmo,Temperatura,2023-10,12.85,4462
14075,Collio Memmo,Temperatura,2023-11,5.21,4311
14075,Collio Memmo,Temperatura,2023-12,4.47,4462
14075,Collio Memmo,Temperatura,2024-01,3.09,4459
14075,Collio Memmo,Temperatura,2024-02,5.97,4175
14075,Collio Memmo,Temperatura,2024-03,6.09,4463
14075,Collio Memmo,Temperatura,2024-04,8.92,4317
14075,Collio Memmo,Temperatura,2024-05,11.19,4461
14075,Collio Memmo,Temperatura,2024-06,16.03,4316
14075,Collio Memmo,Temperatura,2024-07,19.85,4462
14075,Collio Memmo,Temperatura,2024-08,20.71,4463
14075,Collio Memmo,Temperatura,2024-09,13.85,4318
14075,Collio Memmo,Temperatura,2024-10,10.92,4460
14075,Collio Memmo,Temperatura,2024-11,6.07,4319
14075,Collio Memmo,Temperatura,2024-12,3.33,4464
14075,Collio Memmo,Temperatura,2025-01,2.03,4464
14075,Collio Memmo,Temperatura,2025-02,2.38,4031
14075,Collio Memmo,Temperatura,2025-03,5.30,4464
14075,Collio Memmo,Temperatura,2025-04,9.15,4319
14075,Collio Memmo,Temperatura,2025-05,11.67,4463
14075,Collio Memmo,Temperatura,2025-06,19.58,4319
14075,Collio Memmo,Temperatura,2025-07,17.57,4464
14075,Collio Memmo,Temperatura,2025-08,18.01,4464
14075,Collio Memmo,Temperatura,2025-09,14.08,4320
14075,Collio Memmo,Temperatura,2025-10,9.25,4455
14075,Collio Memmo,Temperatura,2025-11,5.13,4318
14075,Collio Memmo,Temperatura,2025-12,4.44,4462
14075,Collio Memmo,Temperatura,2026-01,0.66,4464
14075,Collio Memmo,Temperatura,2026-02,4.12,4032
14075,Collio Memmo,Temperatura,2026-03,5.50,1
14092,Toscolano-Maderno,Temperatura,2012-03,16.12,1344
14092,Toscolano-Maderno,Temperatura,2012-04,12.93,4319
14092,Toscolano-Maderno,Temperatura,2012-05,18.22,4461
14092,Toscolano-Maderno,Temperatura,2012-06,23.81,4319
14092,Toscolano-Maderno,Temperatura,2012-07,25.52,4462
14092,Toscolano-Maderno,Temperatura,2012-08,27.32,4464
14092,Toscolano-Maderno,Temperatura,2012-09,20.64,4320
14092,Toscolano-Maderno,Temperatura,2012-10,15.88,4460
14092,Toscolano-Maderno,Temperatura,2012-11,11.22,4317
14092,Toscolano-Maderno,Temperatura,2012-12,5.15,4459
14092,Toscolano-Maderno,Temperatura,2013-01,5.73,4459
14092,Toscolano-Maderno,Temperatura,2013-02,5.36,4027
14092,Toscolano-Maderno,Temperatura,2013-03,8.24,4462
14092,Toscolano-Maderno,Temperatura,2013-04,13.63,4313
14092,Toscolano-Maderno,Temperatura,2013-05,16.35,4460
14092,Toscolano-Maderno,Temperatura,2013-06,22.14,4314
14092,Toscolano-Maderno,Temperatura,2013-07,26.10,4460
14092,Toscolano-Maderno,Temperatura,2013-08,25.25,4459
14092,Toscolano-Maderno,Temperatura,2013-09,21.04,4315
14092,Toscolano-Maderno,Temperatura,2013-10,16.08,4460
14092,Toscolano-Maderno,Temperatura,2013-11,11.02,4318
14092,Toscolano-Maderno,Temperatura,2013-12,7.33,4462
14092,Toscolano-Maderno,Temperatura,2014-01,7.08,4462
14092,Toscolano-Maderno,Temperatura,2014-02,8.46,4021
14092,Toscolano-Maderno,Temperatura,2014-03,11.90,4458
14092,Toscolano-Maderno,Temperatura,2014-04,15.35,4312
14092,Toscolano-Maderno,Temperatura,2014-05,18.17,4462
14092,Toscolano-Maderno,Temperatura,2014-06,23.00,4318
14092,Toscolano-Maderno,Temperatura,2014-07,22.91,4456
14092,Toscolano-Maderno,Temperatura,2014-08,22.47,4456
14092,Toscolano-Maderno,Temperatura,2014-09,20.46,4318
14092,Toscolano-Maderno,Temperatura,2014-10,17.38,4460
14092,Toscolano-Maderno,Temperatura,2014-11,12.68,4317
14092,Toscolano-Maderno,Temperatura,2014-12,7.73,4459
14092,Toscolano-Maderno,Temperatura,2015-01,6.70,4463
14092,Toscolano-Maderno,Temperatura,2015-02,7.03,4026
14092,Toscolano-Maderno,Temperatura,2015-03,10.91,4451
14092,Toscolano-Maderno,Temperatura,2015-04,14.93,4310
14092,Toscolano-Maderno,Temperatura,2015-05,19.44,4426
14092,Toscolano-Maderno,Temperatura,2015-06,24.03,4251
14092,Toscolano-Maderno,Temperatura,2015-07,28.69,4464
14092,Toscolano-Maderno,Temperatura,2015-08,26.04,4433
14092,Toscolano-Maderno,Temperatura,2015-09,20.92,4312
14092,Toscolano-Maderno,Temperatura,2015-10,15.32,4457
14092,Toscolano-Maderno,Temperatura,2015-11,10.91,4285
14092,Toscolano-Maderno,Temperatura,2015-12,7.15,4380
14092,Toscolano-Maderno,Temperatura,2016-01,5.55,4027
14092,Toscolano-Maderno,Temperatura,2016-02,8.11,4130
14092,Toscolano-Maderno,Temperatura,2016-03,10.50,4402
14092,Toscolano-Maderno,Temperatura,2016-04,15.32,4249
14092,Toscolano-Maderno,Temperatura,2016-05,17.50,4462
14092,Toscolano-Maderno,Temperatura,2016-06,22.34,4317
14092,Toscolano-Maderno,Temperatura,2016-07,26.08,4463
14092,Toscolano-Maderno,Temperatura,2016-08,24.29,4463
14092,Toscolano-Maderno,Temperatura,2016-09,22.67,4315
14092,Toscolano-Maderno,Temperatura,2016-10,15.08,4266
14092,Toscolano-Maderno,Temperatura,2016-11,11.39,1678
14092,Toscolano-Maderno,Temperatura,2016-12,6.71,4461
14092,Toscolano-Maderno,Temperatura,2017-01,3.69,4462
14092,Toscolano-Maderno,Temperatura,2017-02,7.76,4019
14092,Toscolano-Maderno,Temperatura,2017-03,12.53,4424
14092,Toscolano-Maderno,Temperatura,2017-04,14.96,4311
14092,Toscolano-Maderno,Temperatura,2017-05,19.32,4462
14092,Toscolano-Maderno,Temperatura,2017-06,25.13,4259
14092,Toscolano-Maderno,Temperatura,2017-07,26.13,4142
14092,Toscolano-Maderno,Temperatura,2017-08,25.79,4070
14092,Toscolano-Maderno,Temperatura,2017-09,18.68,4320
14092,Toscolano-Maderno,Temperatura,2017-10,15.96,4444
14092,Toscolano-Maderno,Temperatura,2017-11,9.98,4320
14092,Toscolano-Maderno,Temperatura,2017-12,5.61,4462
14092,Toscolano-Maderno,Temperatura,2018-01,7.30,4463
14092,Toscolano-Maderno,Temperatura,2018-02,5.12,4032
14092,Toscolano-Maderno,Temperatura,2018-03,8.00,4452
14092,Toscolano-Maderno,Temperatura,2018-04,16.15,4319
14092,Toscolano-Maderno,Temperatura,2018-05,19.02,4462
14092,Toscolano-Maderno,Temperatura,2018-06,23.42,4320
14092,Toscolano-Maderno,Temperatura,2018-07,25.54,4463
14092,Toscolano-Maderno,Temperatura,2018-08,26.04,4451
14092,Toscolano-Maderno,Temperatura,2018-09,21.96,4320
14092,Toscolano-Maderno,Temperatura,2018-10,17.63,4443
14092,Toscolano-Maderno,Temperatura,2018-11,11.78,4278
14092,Toscolano-Maderno,Temperatura,2018-12,6.22,4463
14092,Toscolano-Maderno,Temperatura,2019-01,5.39,4463
14092,Toscolano-Maderno,Temperatura,2019-02,8.28,4031
14092,Toscolano-Maderno,Temperatura,2019-03,11.21,4464
14092,Toscolano-Maderno,Temperatura,2019-04,13.68,4281
14092,Toscolano-Maderno,Temperatura,2019-05,15.11,4418
14092,Toscolano-Maderno,Temperatura,2019-06,25.26,4281
14092,Toscolano-Maderno,Temperatura,2019-07,25.50,4449
14092,Toscolano-Maderno,Temperatura,2019-08,25.53,4462
14092,Toscolano-Maderno,Temperatura,2019-09,20.88,4318
14092,Toscolano-Maderno,Temperatura,2019-10,16.92,4462
14092,Toscolano-Maderno,Temperatura,2019-11,10.74,4320
14092,Toscolano-Maderno,Temperatura,2019-12,7.77,4464
14092,Toscolano-Maderno,Temperatura,2020-01,6.58,4463
14092,Toscolano-Maderno,Temperatura,2020-02,8.80,4175
14092,Toscolano-Maderno,Temperatura,2020-03,9.89,4463
14092,Toscolano-Maderno,Temperatura,2020-04,15.20,4319
14092,Toscolano-Maderno,Temperatura,2020-05,18.83,4464
14092,Toscolano-Maderno,Temperatura,2020-06,21.93,4308
14092,Toscolano-Maderno,Temperatura,2020-07,24.68,4422
14092,Toscolano-Maderno,Temperatura,2020-08,24.87,4461
14092,Toscolano-Maderno,Temperatura,2020-09,21.21,4315
14092,Toscolano-Maderno,Temperatura,2020-10,14.57,4457
14092,Toscolano-Maderno,Temperatura,2020-11,10.94,4314
14092,Toscolano-Maderno,Temperatura,2020-12,7.21,4463
14092,Toscolano-Maderno,Temperatura,2021-01,6.10,1
14092,Toscolano-Maderno,Temperatura,2021-01,4.61,4462
14092,Toscolano-Maderno,Temperatura,2021-02,8.00,3997
14092,Toscolano-Maderno,Temperatura,2021-03,10.07,4462
14092,Toscolano-Maderno,Temperatura,2021-04,12.58,4320
14092,Toscolano-Maderno,Temperatura,2021-05,16.61,4464
14092,Toscolano-Maderno,Temperatura,2021-06,24.50,4319
14092,Toscolano-Maderno,Temperatura,2021-07,24.66,4461
14092,Toscolano-Maderno,Temperatura,2021-08,24.13,4461
14092,Toscolano-Maderno,Temperatura,2021-09,21.91,4320
14092,Toscolano-Maderno,Temperatura,2021-10,15.24,4463
14092,Toscolano-Maderno,Temperatura,2021-11,10.43,4320
14092,Toscolano-Maderno,Temperatura,2021-12,6.26,4463
14092,Toscolano-Maderno,Temperatura,2022-01,5.76,4458
14092,Toscolano-Maderno,Temperatura,2022-02,8.13,3997
14092,Toscolano-Maderno,Temperatura,2022-03,9.73,4464
14092,Toscolano-Maderno,Temperatura,2022-04,13.22,4319
14092,Toscolano-Maderno,Temperatura,2022-05,20.22,4446
14092,Toscolano-Maderno,Temperatura,2022-06,25.29,4315
14092,Toscolano-Maderno,Temperatura,2022-07,27.79,4463
14092,Toscolano-Maderno,Temperatura,2022-08,25.60,4463
14092,Toscolano-Maderno,Temperatura,2022-09,20.62,4320
14092,Toscolano-Maderno,Temperatura,2022-10,18.58,4456
14092,Toscolano-Maderno,Temperatura,2022-11,11.77,4318
14092,Toscolano-Maderno,Temperatura,2022-12,7.36,4455
14092,Toscolano-Maderno,Temperatura,2023-01,7.28,4459
14092,Toscolano-Maderno,Temperatura,2023-02,7.72,4028
14092,Toscolano-Maderno,Temperatura,2023-03,11.73,4463
14092,Toscolano-Maderno,Temperatura,2023-04,13.45,4318
14092,Toscolano-Maderno,Temperatura,2023-05,18.07,4464
14092,Toscolano-Maderno,Temperatura,2023-06,23.43,4316
14092,Toscolano-Maderno,Temperatura,2023-07,25.42,4463
14092,Toscolano-Maderno,Temperatura,2023-08,25.68,4461
14092,Toscolano-Maderno,Temperatura,2023-09,23.06,4318
14092,Toscolano-Maderno,Temperatura,2023-10,18.58,4464
14092,Toscolano-Maderno,Temperatura,2023-11,10.40,4314
14092,Toscolano-Maderno,Temperatura,2023-12,8.10,4251
14092,Toscolano-Maderno,Temperatura,2024-01,6.48,4461
14092,Toscolano-Maderno,Temperatura,2024-02,9.60,4176
14092,Toscolano-Maderno,Temperatura,2024-03,11.56,4462
14092,Toscolano-Maderno,Temperatura,2024-04,14.35,4319
14092,Toscolano-Maderno,Temperatura,2024-05,17.76,4461
14092,Toscolano-Maderno,Temperatura,2024-06,22.02,4320
14092,Toscolano-Maderno,Temperatura,2024-07,26.37,4463
14092,Toscolano-Maderno,Temperatura,2024-08,27.47,4464
14092,Toscolano-Maderno,Temperatura,2024-09,20.53,4319
14092,Toscolano-Maderno,Temperatura,2024-10,16.37,4463
14092,Toscolano-Maderno,Temperatura,2024-11,10.48,4318
14092,Toscolano-Maderno,Temperatura,2024-12,7.27,4462
14092,Toscolano-Maderno,Temperatura,2025-01,6.82,4464
14092,Toscolano-Maderno,Temperatura,2025-02,7.56,4030
14092,Toscolano-Maderno,Temperatura,2025-03,11.21,4463
14092,Toscolano-Maderno,Temperatura,2025-04,15.15,4320
14092,Toscolano-Maderno,Temperatura,2025-05,18.44,4043
14092,Toscolano-Maderno,Temperatura,2025-06,26.11,4212
14092,Toscolano-Maderno,Temperatura,2025-07,24.49,4460
14092,Toscolano-Maderno,Temperatura,2025-08,24.98,4463
14092,Toscolano-Maderno,Temperatura,2025-09,20.82,4316
14092,Toscolano-Maderno,Temperatura,2025-10,15.38,4464
14092,Toscolano-Maderno,Temperatura,2025-11,10.49,4318
14092,Toscolano-Maderno,Temperatura,2025-12,8.61,4462
14092,Toscolano-Maderno,Temperatura,2026-01,5.46,4432
14092,Toscolano-Maderno,Temperatura,2026-02,9.48,3591
14092,Toscolano-Maderno,Temperatura,2026-03,11.80,1
14348,Breno Lago Della Vacca,Temperatura,2012-12,-5.63,3203
14348,Breno Lago Della Vacca,Temperatura,2013-01,-4.96,4371
14348,Breno Lago Della Vacca,Temperatura,2013-02,-9.48,4004
14348,Breno Lago Della Vacca,Temperatura,2013-03,-5.42,3429
14348,Breno Lago Della Vacca,Temperatura,2013-04,0.65,3507
14348,Breno Lago Della Vacca,Temperatura,2013-05,1.02,4135
14348,Breno Lago Della Vacca,Temperatura,2013-06,5.65,4290
14348,Breno Lago Della Vacca,Temperatura,2013-07,10.07,2668
14348,Breno Lago Della Vacca,Temperatura,2013-08,9.62,4116
14348,Breno Lago Della Vacca,Temperatura,2013-09,6.71,4289
14348,Breno Lago Della Vacca,Temperatura,2013-10,3.05,3715
14348,Breno Lago Della Vacca,Temperatura,2013-11,-2.28,4289
14348,Breno Lago Della Vacca,Temperatura,2013-12,-1.80,4305
14348,Breno Lago Della Vacca,Temperatura,2014-01,-4.01,4433
14348,Breno Lago Della Vacca,Temperatura,2014-02,-4.82,4006
14348,Breno Lago Della Vacca,Temperatura,2014-03,-1.14,4187
14348,Breno Lago Della Vacca,Temperatura,2014-04,0.63,4089
14348,Breno Lago Della Vacca,Temperatura,2014-05,2.20,4431
14348,Breno Lago Della Vacca,Temperatura,2014-06,7.27,3373
14348,Breno Lago Della Vacca,Temperatura,2014-07,7.76,4427
14348,Breno Lago Della Vacca,Temperatura,2014-08,6.96,4248
14348,Breno Lago Della Vacca,Temperatura,2014-09,6.15,4244
14348,Breno Lago Della Vacca,Temperatura,2014-10,3.40,3292
14348,Breno Lago Della Vacca,Temperatura,2014-11,0.74,4286
14348,Breno Lago Della Vacca,Temperatura,2014-12,-4.00,4403
14348,Breno Lago Della Vacca,Temperatura,2015-01,-5.00,3665
14348,Breno Lago Della Vacca,Temperatura,2015-02,-6.00,3878
14348,Breno Lago Della Vacca,Temperatura,2015-03,-3.15,4413
14348,Breno Lago Della Vacca,Temperatura,2015-04,-0.28,4141
14348,Breno Lago Della Vacca,Temperatura,2015-05,4.38,3965
14348,Breno Lago Della Vacca,Temperatura,2015-06,7.64,3482
14348,Breno Lago Della Vacca,Temperatura,2015-07,12.89,4261
14348,Breno Lago Della Vacca,Temperatura,2015-08,9.96,3927
14348,Breno Lago Della Vacca,Temperatura,2015-09,4.04,4107
14348,Breno Lago Della Vacca,Temperatura,2015-10,2.09,4380
14348,Breno Lago Della Vacca,Temperatura,2015-11,2.22,4043
14348,Breno Lago Della Vacca,Temperatura,2015-12,1.87,3921
14348,Breno Lago Della Vacca,Temperatura,2016-01,-5.05,3177
14348,Breno Lago Della Vacca,Temperatura,2016-02,-3.14,1676
14348,Breno Lago Della Vacca,Temperatura,2016-03,-4.53,4128
14348,Breno Lago Della Vacca,Temperatura,2016-04,0.32,3544
14348,Breno Lago Della Vacca,Temperatura,2016-05,1.96,4433
14348,Breno Lago Della Vacca,Temperatura,2016-06,6.48,4285
14348,Breno Lago Della Vacca,Temperatura,2016-07,10.19,4428
14348,Breno Lago Della Vacca,Temperatura,2016-08,9.88,4418
14348,Breno Lago Della Vacca,Temperatura,2016-09,7.82,3448
14348,Breno Lago Della Vacca,Temperatura,2016-10,1.78,1843
14348,Breno Lago Della Vacca,Temperatura,2016-11,-2.68,3426
14348,Breno Lago Della Vacca,Temperatura,2016-12,-0.84,4364
14348,Breno Lago Della Vacca,Temperatura,2017-01,-7.58,4337
14348,Breno Lago Della Vacca,Temperatura,2017-02,-3.50,3947
14348,Breno Lago Della Vacca,Temperatura,2017-03,-0.52,4347
14348,Breno Lago Della Vacca,Temperatura,2017-04,-0.51,4222
14348,Breno Lago Della Vacca,Temperatura,2017-05,4.03,4297
14348,Breno Lago Della Vacca,Temperatura,2017-06,9.53,4075
14348,Breno Lago Della Vacca,Temperatura,2017-07,10.04,4345
14348,Breno Lago Della Vacca,Temperatura,2017-08,11.10,4392
14348,Breno Lago Della Vacca,Temperatura,2017-09,3.78,4174
14348,Breno Lago Della Vacca,Temperatura,2017-10,4.73,4412
14348,Breno Lago Della Vacca,Temperatura,2017-11,-2.57,4199
14348,Breno Lago Della Vacca,Temperatura,2017-12,-6.19,4136
14348,Breno Lago Della Vacca,Temperatura,2018-01,-3.94,3784
14348,Breno Lago Della Vacca,Temperatura,2018-02,-8.70,3603
14348,Breno Lago Della Vacca,Temperatura,2018-03,-5.13,4422
14348,Breno Lago Della Vacca,Temperatura,2018-04,2.14,4258
14348,Breno Lago Della Vacca,Temperatura,2018-05,4.22,4372
14348,Breno Lago Della Vacca,Temperatura,2018-06,7.80,4278
14348,Breno Lago Della Vacca,Temperatura,2018-07,10.29,4423
14348,Breno Lago Della Vacca,Temperatura,2018-08,10.35,4401
14348,Breno Lago Della Vacca,Temperatura,2018-09,7.96,4259
14348,Breno Lago Della Vacca,Temperatura,2018-10,3.79,4417
14348,Breno Lago Della Vacca,Temperatura,2018-11,-1.01,3866
14348,Breno Lago Della Vacca,Temperatura,2018-12,-2.04,1846
14348,Breno Lago Della Vacca,Temperatura,2019-01,-8.62,3535
14348,Breno Lago Della Vacca,Temperatura,2019-02,-1.30,3960
14348,Breno Lago Della Vacca,Temperatura,2019-03,-2.30,4323
14348,Breno Lago Della Vacca,Temperatura,2019-04,-0.97,4279
14348,Breno Lago Della Vacca,Temperatura,2019-05,0.55,4198
14348,Breno Lago Della Vacca,Temperatura,2019-06,10.31,3994
14348,Breno Lago Della Vacca,Temperatura,2019-07,10.68,4413
14348,Breno Lago Della Vacca,Temperatura,2019-08,10.26,4336
14348,Breno Lago Della Vacca,Temperatura,2019-09,7.11,4244
14348,Breno Lago Della Vacca,Temperatura,2019-10,4.52,4386
14348,Breno Lago Della Vacca,Temperatura,2019-11,-2.73,4258
14348,Breno Lago Della Vacca,Temperatura,2019-12,-2.90,4418
14348,Breno Lago Della Vacca,Temperatura,2020-01,-2.00,4428
14348,Breno Lago Della Vacca,Temperatura,2020-02,-3.00,4120
14348,Breno Lago Della Vacca,Temperatura,2020-03,-3.34,4426
14348,Breno Lago Della Vacca,Temperatura,2020-04,1.93,4287
14348,Breno Lago Della Vacca,Temperatura,2020-05,3.77,4386
14348,Breno Lago Della Vacca,Temperatura,2020-06,6.04,4287
14348,Breno Lago Della Vacca,Temperatura,2020-07,10.05,4427
14348,Breno Lago Della Vacca,Temperatura,2020-08,10.09,4423
14348,Breno Lago Della Vacca,Temperatura,2020-09,6.69,4281
14348,Breno Lago Della Vacca,Temperatura,2020-10,1.27,3691
14348,Breno Lago Della Vacca,Temperatura,2020-11,2.14,4254
14348,Breno Lago Della Vacca,Temperatura,2020-12,-4.33,3820
14348,Breno Lago Della Vacca,Temperatura,2021-01,-7.87,3417
14348,Breno Lago Della Vacca,Temperatura,2021-02,-2.54,3692
14348,Breno Lago Della Vacca,Temperatura,2021-03,-4.23,4424
14348,Breno Lago Della Vacca,Temperatura,2021-04,-2.92,4286
14348,Breno Lago Della Vacca,Temperatura,2021-05,0.99,4388
14348,Breno Lago Della Vacca,Temperatura,2021-06,8.68,4283
14348,Breno Lago Della Vacca,Temperatura,2021-07,9.36,4427
14348,Breno Lago Della Vacca,Temperatura,2021-08,8.66,4386
14348,Breno Lago Della Vacca,Temperatura,2021-09,7.09,4287
14348,Breno Lago Della Vacca,Temperatura,2021-10,2.42,4348
14348,Breno Lago Della Vacca,Temperatura,2021-11,-1.26,4280
14348,Breno Lago Della Vacca,Temperatura,2021-12,-3.10,4426
14348,Breno Lago Della Vacca,Temperatura,2022-01,-3.36,4199
14348,Breno Lago Della Vacca,Temperatura,2022-02,-4.06,3998
14348,Breno Lago Della Vacca,Temperatura,2022-03,-3.22,4369
14348,Breno Lago Della Vacca,Temperatura,2022-04,-0.83,4282
14348,Breno Lago Della Vacca,Temperatura,2022-05,5.56,4343
14348,Breno Lago Della Vacca,Temperatura,2022-06,10.06,4283
14348,Breno Lago Della Vacca,Temperatura,2022-07,11.71,4428
14348,Breno Lago Della Vacca,Temperatura,2022-08,10.24,4145
14348,Breno Lago Della Vacca,Temperatura,2022-09,6.71,2749
14348,Breno Lago Della Vacca,Temperatura,2022-10,8.95,572
14348,Breno Lago Della Vacca,Temperatura,2022-11,1.55,2266
14348,Breno Lago Della Vacca,Temperatura,2023-08,11.73,2684
14348,Breno Lago Della Vacca,Temperatura,2023-09,9.50,3910
14348,Breno Lago Della Vacca,Temperatura,2023-10,5.86,4376
14348,Breno Lago Della Vacca,Temperatura,2023-11,-2.90,4134
14348,Breno Lago Della Vacca,Temperatura,2023-12,-5.82,604
14348,Breno Lago Della Vacca,Temperatura,2024-01,1.13,852
14348,Breno Lago Della Vacca,Temperatura,2024-02,-1.44,4087
14348,Breno Lago Della Vacca,Temperatura,2024-03,-2.27,4359
14348,Breno Lago Della Vacca,Temperatura,2024-04,0.36,4222
14348,Breno Lago Della Vacca,Temperatura,2024-05,2.71,3712
14348,Breno Lago Della Vacca,Temperatura,2024-07,12.05,3765
14348,Breno Lago Della Vacca,Temperatura,2024-08,12.46,4354
14348,Breno Lago Della Vacca,Temperatura,2024-09,4.90,4148
14348,Breno Lago Della Vacca,Temperatura,2024-10,3.88,4349
14348,Breno Lago Della Vacca,Temperatura,2024-11,0.66,3968
14348,Breno Lago Della Vacca,Temperatura,2024-12,-2.65,4150
14348,Breno Lago Della Vacca,Temperatura,2025-01,-4.33,4160
14348,Breno Lago Della Vacca,Temperatura,2025-02,-2.96,3864
14348,Breno Lago Della Vacca,Temperatura,2025-03,-2.23,4327
14348,Breno Lago Della Vacca,Temperatura,2025-04,1.24,4168
14348,Breno Lago Della Vacca,Temperatura,2025-05,3.30,4290
14348,Breno Lago Della Vacca,Temperatura,2025-06,11.23,4198
14348,Breno Lago Della Vacca,Temperatura,2025-07,8.84,4343
14348,Breno Lago Della Vacca,Temperatura,2025-08,10.30,4318
14348,Breno Lago Della Vacca,Temperatura,2025-09,6.82,4195
14348,Breno Lago Della Vacca,Temperatura,2025-10,2.29,4286
14348,Breno Lago Della Vacca,Temperatura,2025-11,-1.15,4000
14348,Breno Lago Della Vacca,Temperatura,2025-12,-1.08,4359
14348,Breno Lago Della Vacca,Temperatura,2026-01,-6.51,4368
14348,Breno Lago Della Vacca,Temperatura,2026-02,-4.81,2988
14399,Bione,Temperatura,2012-11,6.42,1872
14399,Bione,Temperatura,2012-12,1.32,4416
14399,Bione,Temperatura,2013-01,2.22,4463
14399,Bione,Temperatura,2013-02,0.11,4029
14399,Bione,Temperatura,2013-03,3.33,4461
14399,Bione,Temperatura,2013-04,9.01,4313
14399,Bione,Temperatura,2013-05,11.05,4456
14399,Bione,Temperatura,2013-06,16.84,4315
14399,Bione,Temperatura,2013-07,20.75,4386
14399,Bione,Temperatura,2013-08,19.88,4454
14399,Bione,Temperatura,2013-09,15.62,4282
14399,Bione,Temperatura,2013-10,10.96,4460
14399,Bione,Temperatura,2013-11,5.68,4319
14399,Bione,Temperatura,2013-12,4.98,4457
14399,Bione,Temperatura,2014-01,3.00,4461
14399,Bione,Temperatura,2014-02,3.57,4027
14399,Bione,Temperatura,2014-03,8.05,4458
14399,Bione,Temperatura,2014-04,10.52,4314
14399,Bione,Temperatura,2014-05,12.83,4461
14399,Bione,Temperatura,2014-06,17.38,4319
14399,Bione,Temperatura,2014-07,17.36,4462
14399,Bione,Temperatura,2014-08,16.95,4461
14399,Bione,Temperatura,2014-09,15.04,4320
14399,Bione,Temperatura,2014-10,12.29,4450
14399,Bione,Temperatura,2014-11,8.24,4319
14399,Bione,Temperatura,2014-12,4.04,4461
14399,Bione,Temperatura,2015-01,3.41,4464
14399,Bione,Temperatura,2015-02,2.24,4013
14399,Bione,Temperatura,2015-03,6.27,4447
14399,Bione,Temperatura,2015-04,10.12,4291
14399,Bione,Temperatura,2015-05,14.29,4461
14399,Bione,Temperatura,2015-06,18.30,4302
14399,Bione,Temperatura,2015-07,23.57,4450
14399,Bione,Temperatura,2015-08,20.39,4405
14399,Bione,Temperatura,2015-09,14.66,4251
14399,Bione,Temperatura,2015-10,10.00,4451
14399,Bione,Temperatura,2015-11,8.58,4318
14399,Bione,Temperatura,2015-12,6.02,4461
14399,Bione,Temperatura,2016-01,2.22,4398
14399,Bione,Temperatura,2016-02,3.63,4160
14399,Bione,Temperatura,2016-03,5.42,4463
14399,Bione,Temperatura,2016-04,10.54,4316
14399,Bione,Temperatura,2016-05,12.39,4464
14399,Bione,Temperatura,2016-06,16.92,4317
14399,Bione,Temperatura,2016-07,20.57,4462
14399,Bione,Temperatura,2016-08,19.06,4462
14399,Bione,Temperatura,2016-09,17.25,4314
14399,Bione,Temperatura,2016-10,9.74,4271
14399,Bione,Temperatura,2016-11,5.50,4291
14399,Bione,Temperatura,2016-12,5.57,4455
14399,Bione,Temperatura,2017-01,-0.42,4463
14399,Bione,Temperatura,2017-02,3.96,4019
14399,Bione,Temperatura,2017-03,8.89,4428
14399,Bione,Temperatura,2017-04,10.06,4320
14399,Bione,Temperatura,2017-05,14.37,4464
14399,Bione,Temperatura,2017-06,19.96,4298
14399,Bione,Temperatura,2017-07,20.65,4463
14399,Bione,Temperatura,2017-08,21.58,4455
14399,Bione,Temperatura,2017-09,13.30,4318
14399,Bione,Temperatura,2017-10,12.20,4463
14399,Bione,Temperatura,2017-11,5.32,4318
14399,Bione,Temperatura,2017-12,2.05,4463
14399,Bione,Temperatura,2018-01,3.80,4462
14399,Bione,Temperatura,2018-02,-0.87,4031
14399,Bione,Temperatura,2018-03,3.33,4452
14399,Bione,Temperatura,2018-04,12.24,4319
14399,Bione,Temperatura,2018-05,14.48,4462
14399,Bione,Temperatura,2018-06,18.39,4318
14399,Bione,Temperatura,2018-07,20.36,4463
14399,Bione,Temperatura,2018-08,20.86,4462
14399,Bione,Temperatura,2018-09,17.22,4314
14399,Bione,Temperatura,2018-10,12.71,4452
14399,Bione,Temperatura,2018-11,6.65,4305
14399,Bione,Temperatura,2018-12,3.92,4398
14399,Bione,Temperatura,2019-01,1.20,4414
14399,Bione,Temperatura,2019-02,5.84,4028
14399,Bione,Temperatura,2019-03,8.06,4462
14399,Bione,Temperatura,2019-04,8.96,4310
14399,Bione,Temperatura,2019-05,10.31,4464
14399,Bione,Temperatura,2019-06,21.36,4319
14399,Bione,Temperatura,2019-07,21.50,4462
14399,Bione,Temperatura,2019-08,21.60,3454
14399,Bione,Temperatura,2019-09,15.84,4320
14399,Bione,Temperatura,2019-10,12.13,4464
14399,Bione,Temperatura,2019-11,5.52,4320
14399,Bione,Temperatura,2019-12,4.44,4464
14399,Bione,Temperatura,2020-01,4.32,4463
14399,Bione,Temperatura,2020-02,6.19,4176
14399,Bione,Temperatura,2020-03,5.19,4462
14399,Bione,Temperatura,2020-04,11.49,4319
14399,Bione,Temperatura,2020-05,14.19,4464
14399,Bione,Temperatura,2020-06,16.89,4320
14399,Bione,Temperatura,2020-07,19.99,4464
14399,Bione,Temperatura,2020-08,20.27,4463
14399,Bione,Temperatura,2020-09,16.35,4320
14399,Bione,Temperatura,2020-10,9.76,4461
14399,Bione,Temperatura,2020-11,7.20,4320
14399,Bione,Temperatura,2020-12,2.28,4463
14399,Bione,Temperatura,2021-01,-0.40,1
14399,Bione,Temperatura,2021-01,0.33,4463
14399,Bione,Temperatura,2021-02,4.47,4032
14399,Bione,Temperatura,2021-03,6.02,4408
14399,Bione,Temperatura,2021-04,7.50,4316
14399,Bione,Temperatura,2021-05,11.94,4463
14399,Bione,Temperatura,2021-06,19.97,4318
14399,Bione,Temperatura,2021-07,20.05,4461
14399,Bione,Temperatura,2021-08,19.40,4458
14399,Bione,Temperatura,2021-09,16.84,4319
14399,Bione,Temperatura,2021-10,10.24,4458
14399,Bione,Temperatura,2021-11,6.06,4319
14399,Bione,Temperatura,2021-12,3.85,4463
14399,Bione,Temperatura,2022-01,4.41,4459
14399,Bione,Temperatura,2022-02,4.87,4032
14399,Bione,Temperatura,2022-03,5.50,4462
14399,Bione,Temperatura,2022-04,8.65,4320
14399,Bione,Temperatura,2022-05,16.14,4463
14399,Bione,Temperatura,2022-06,20.73,4318
14399,Bione,Temperatura,2022-07,23.75,4464
14399,Bione,Temperatura,2022-08,21.28,4463
14399,Bione,Temperatura,2022-09,15.29,4320
14399,Bione,Temperatura,2022-10,14.56,4462
14399,Bione,Temperatura,2022-11,7.19,4317
14399,Bione,Temperatura,2022-12,3.23,4461
14399,Bione,Temperatura,2023-01,2.63,4460
14399,Bione,Temperatura,2023-02,4.61,4029
14399,Bione,Temperatura,2023-03,7.67,4463
14399,Bione,Temperatura,2023-04,8.61,4317
14399,Bione,Temperatura,2023-05,13.37,4462
14399,Bione,Temperatura,2023-06,18.81,4317
14399,Bione,Temperatura,2023-07,20.82,4462
14399,Bione,Temperatura,2023-08,20.96,4463
14399,Bione,Temperatura,2023-09,18.18,4319
14399,Bione,Temperatura,2023-10,14.18,4461
14399,Bione,Temperatura,2023-11,6.08,4317
14399,Bione,Temperatura,2023-12,5.25,4464
14399,Bione,Temperatura,2024-01,3.86,4459
14399,Bione,Temperatura,2024-02,6.73,4174
14399,Bione,Temperatura,2024-03,7.25,4462
14399,Bione,Temperatura,2024-04,10.41,4317
14399,Bione,Temperatura,2024-05,13.04,4461
14399,Bione,Temperatura,2024-06,17.83,4319
14399,Bione,Temperatura,2024-07,22.03,4462
14399,Bione,Temperatura,2024-08,22.83,4460
14399,Bione,Temperatura,2024-09,15.44,4320
14399,Bione,Temperatura,2024-10,11.97,4464
14399,Bione,Temperatura,2024-11,7.25,4319
14399,Bione,Temperatura,2024-12,4.23,4463
14399,Bione,Temperatura,2025-01,3.12,4462
14399,Bione,Temperatura,2025-02,3.32,4031
14399,Bione,Temperatura,2025-03,6.78,4461
14399,Bione,Temperatura,2025-04,10.73,4320
14399,Bione,Temperatura,2025-05,13.55,4464
14399,Bione,Temperatura,2025-06,21.80,4317
14399,Bione,Temperatura,2025-07,19.59,4463
14399,Bione,Temperatura,2025-08,20.03,4464
14399,Bione,Temperatura,2025-09,15.68,4319
14399,Bione,Temperatura,2025-10,10.58,4459
14399,Bione,Temperatura,2025-11,6.15,4318
14399,Bione,Temperatura,2025-12,5.40,4464
14399,Bione,Temperatura,2026-01,1.66,4464
14399,Bione,Temperatura,2026-02,5.00,4029
14399,Bione,Temperatura,2026-03,6.10,1
14478,Bagolino SP669,Temperatura,2012-12,0.66,2876
14478,Bagolino SP669,Temperatura,2013-01,1.53,4460
14478,Bagolino SP669,Temperatura,2013-02,0.16,4031
14478,Bagolino SP669,Temperatura,2013-03,3.37,4460
14478,Bagolino SP669,Temperatura,2013-04,9.51,4300
14478,Bagolino SP669,Temperatura,2013-05,11.01,4450
14478,Bagolino SP669,Temperatura,2013-06,15.95,4306
14478,Bagolino SP669,Temperatura,2013-07,19.57,4277
14478,Bagolino SP669,Temperatura,2013-08,18.89,4458
14478,Bagolino SP669,Temperatura,2013-09,15.01,4319
14478,Bagolino SP669,Temperatura,2013-10,11.08,4457
14478,Bagolino SP669,Temperatura,2013-11,5.46,4310
14478,Bagolino SP669,Temperatura,2013-12,3.24,4438
14478,Bagolino SP669,Temperatura,2014-01,2.36,4209
14478,Bagolino SP669,Temperatura,2014-02,3.31,3961
14478,Bagolino SP669,Temperatura,2014-03,7.69,4410
14478,Bagolino SP669,Temperatura,2014-04,10.57,4316
14478,Bagolino SP669,Temperatura,2014-05,12.33,4458
14478,Bagolino SP669,Temperatura,2014-06,16.47,4216
14478,Bagolino SP669,Temperatura,2014-07,16.70,4397
14478,Bagolino SP669,Temperatura,2014-08,16.27,4308
14478,Bagolino SP669,Temperatura,2014-09,14.47,4282
14478,Bagolino SP669,Temperatura,2014-10,11.87,4268
14478,Bagolino SP669,Temperatura,2014-11,7.89,4319
14478,Bagolino SP669,Temperatura,2014-12,3.22,4430
14478,Bagolino SP669,Temperatura,2015-01,1.97,4073
14478,Bagolino SP669,Temperatura,2015-02,1.97,3885
14478,Bagolino SP669,Temperatura,2015-03,6.13,4396
14478,Bagolino SP669,Temperatura,2015-04,10.37,4281
14478,Bagolino SP669,Temperatura,2015-05,14.12,4458
14478,Bagolino SP669,Temperatura,2015-06,17.30,4300
14478,Bagolino SP669,Temperatura,2015-07,22.40,4404
14478,Bagolino SP669,Temperatura,2015-08,19.44,4456
14478,Bagolino SP669,Temperatura,2015-09,13.98,4285
14478,Bagolino SP669,Temperatura,2015-10,9.66,4459
14478,Bagolino SP669,Temperatura,2015-11,6.93,4283
14478,Bagolino SP669,Temperatura,2015-12,3.90,4454
14478,Bagolino SP669,Temperatura,2016-01,1.17,4369
14478,Bagolino SP669,Temperatura,2016-02,3.25,4136
14478,Bagolino SP669,Temperatura,2016-03,5.53,4394
14478,Bagolino SP669,Temperatura,2016-04,10.97,4157
14478,Bagolino SP669,Temperatura,2016-05,12.12,4462
14478,Bagolino SP669,Temperatura,2016-06,16.24,4319
14478,Bagolino SP669,Temperatura,2016-07,19.30,4463
14478,Bagolino SP669,Temperatura,2016-08,17.95,4463
14478,Bagolino SP669,Temperatura,2016-09,16.06,4319
14478,Bagolino SP669,Temperatura,2016-10,9.38,4188
14478,Bagolino SP669,Temperatura,2016-11,5.10,4284
14478,Bagolino SP669,Temperatura,2016-12,3.52,4460
14478,Bagolino SP669,Temperatura,2017-01,-1.50,4457
14478,Bagolino SP669,Temperatura,2017-02,3.67,4000
14478,Bagolino SP669,Temperatura,2017-03,8.45,4409
14478,Bagolino SP669,Temperatura,2017-04,9.77,4313
14478,Bagolino SP669,Temperatura,2017-05,13.99,4464
14478,Bagolino SP669,Temperatura,2017-06,18.71,4319
14478,Bagolino SP669,Temperatura,2017-07,19.45,4462
14478,Bagolino SP669,Temperatura,2017-08,19.86,4461
14478,Bagolino SP669,Temperatura,2017-09,12.62,4318
14478,Bagolino SP669,Temperatura,2017-10,10.94,4458
14478,Bagolino SP669,Temperatura,2017-11,4.32,4318
14478,Bagolino SP669,Temperatura,2017-12,0.65,4463
14478,Bagolino SP669,Temperatura,2018-01,2.70,4463
14478,Bagolino SP669,Temperatura,2018-02,0.07,4031
14478,Bagolino SP669,Temperatura,2018-03,3.72,4464
14478,Bagolino SP669,Temperatura,2018-04,12.10,4229
14478,Bagolino SP669,Temperatura,2018-05,13.79,4451
14478,Bagolino SP669,Temperatura,2018-06,17.50,4317
14478,Bagolino SP669,Temperatura,2018-07,19.21,4409
14478,Bagolino SP669,Temperatura,2018-08,19.41,4267
14478,Bagolino SP669,Temperatura,2018-09,15.99,4210
14478,Bagolino SP669,Temperatura,2018-10,11.82,4395
14478,Bagolino SP669,Temperatura,2018-11,6.52,4265
14478,Bagolino SP669,Temperatura,2018-12,1.97,4421
14478,Bagolino SP669,Temperatura,2019-01,0.17,4464
14478,Bagolino SP669,Temperatura,2019-02,4.63,4030
14478,Bagolino SP669,Temperatura,2019-03,7.39,4464
14478,Bagolino SP669,Temperatura,2019-04,9.06,4253
14478,Bagolino SP669,Temperatura,2019-05,10.64,4438
14478,Bagolino SP669,Temperatura,2019-06,19.97,4270
14478,Bagolino SP669,Temperatura,2019-07,20.18,4453
14478,Bagolino SP669,Temperatura,2019-08,19.50,4439
14478,Bagolino SP669,Temperatura,2019-09,15.21,4319
14478,Bagolino SP669,Temperatura,2019-10,11.66,4426
14478,Bagolino SP669,Temperatura,2019-11,5.39,4276
14478,Bagolino SP669,Temperatura,2019-12,2.69,4427
14478,Bagolino SP669,Temperatura,2020-01,2.58,4457
14478,Bagolino SP669,Temperatura,2020-02,5.14,4157
14478,Bagolino SP669,Temperatura,2020-03,5.31,4464
14478,Bagolino SP669,Temperatura,2020-04,11.14,4320
14478,Bagolino SP669,Temperatura,2020-05,13.89,4439
14478,Bagolino SP669,Temperatura,2020-06,16.19,4315
14478,Bagolino SP669,Temperatura,2020-07,18.76,4464
14478,Bagolino SP669,Temperatura,2020-08,18.86,4458
14478,Bagolino SP669,Temperatura,2020-09,15.43,4164
14478,Bagolino SP669,Temperatura,2020-10,8.92,4460
14478,Bagolino SP669,Temperatura,2020-11,6.13,4313
14478,Bagolino SP669,Temperatura,2020-12,1.59,4398
14478,Bagolino SP669,Temperatura,2021-01,-1.10,1
14478,Bagolino SP669,Temperatura,2021-01,-0.69,4461
14478,Bagolino SP669,Temperatura,2021-02,3.95,4031
14478,Bagolino SP669,Temperatura,2021-03,5.60,4463
14478,Bagolino SP669,Temperatura,2021-04,7.69,4318
14478,Bagolino SP669,Temperatura,2021-05,11.67,4461
14478,Bagolino SP669,Temperatura,2021-06,19.01,4311
14478,Bagolino SP669,Temperatura,2021-07,18.98,4463
14478,Bagolino SP669,Temperatura,2021-08,18.10,4464
14478,Bagolino SP669,Temperatura,2021-09,15.67,4318
14478,Bagolino SP669,Temperatura,2021-10,9.25,4462
14478,Bagolino SP669,Temperatura,2021-11,5.37,4316
14478,Bagolino SP669,Temperatura,2021-12,2.20,4462
14478,Bagolino SP669,Temperatura,2022-01,2.63,4459
14478,Bagolino SP669,Temperatura,2022-02,3.75,4027
14478,Bagolino SP669,Temperatura,2022-03,5.38,4407
14478,Bagolino SP669,Temperatura,2022-04,8.97,4319
14478,Bagolino SP669,Temperatura,2022-05,15.21,4458
14478,Bagolino SP669,Temperatura,2022-06,19.49,4320
14478,Bagolino SP669,Temperatura,2022-07,22.29,4462
14478,Bagolino SP669,Temperatura,2022-08,19.59,4463
14478,Bagolino SP669,Temperatura,2022-09,14.42,4318
14478,Bagolino SP669,Temperatura,2022-10,13.29,4461
14478,Bagolino SP669,Temperatura,2022-11,6.15,4320
14478,Bagolino SP669,Temperatura,2022-12,2.09,4458
14478,Bagolino SP669,Temperatura,2023-01,1.88,4446
14478,Bagolino SP669,Temperatura,2023-02,4.10,4026
14478,Bagolino SP669,Temperatura,2023-03,7.43,4456
14478,Bagolino SP669,Temperatura,2023-04,8.67,4318
14478,Bagolino SP669,Temperatura,2023-05,12.86,4458
14478,Bagolino SP669,Temperatura,2023-06,17.80,4281
14478,Bagolino SP669,Temperatura,2023-07,20.01,4214
14478,Bagolino SP669,Temperatura,2023-08,19.73,4449
14478,Bagolino SP669,Temperatura,2023-09,16.80,4308
14478,Bagolino SP669,Temperatura,2023-10,13.12,4458
14478,Bagolino SP669,Temperatura,2023-11,4.57,4298
14478,Bagolino SP669,Temperatura,2023-12,3.68,4199
14478,Bagolino SP669,Temperatura,2024-01,2.57,4458
14478,Bagolino SP669,Temperatura,2024-02,6.11,4156
14478,Bagolino SP669,Temperatura,2024-03,7.28,4455
14478,Bagolino SP669,Temperatura,2024-04,10.19,4312
14478,Bagolino SP669,Temperatura,2024-05,12.65,4414
14478,Bagolino SP669,Temperatura,2024-06,17.00,4234
14478,Bagolino SP669,Temperatura,2024-07,20.89,4460
14478,Bagolino SP669,Temperatura,2024-08,21.08,4447
14478,Bagolino SP669,Temperatura,2024-09,14.19,4310
14478,Bagolino SP669,Temperatura,2024-10,11.54,4367
14478,Bagolino SP669,Temperatura,2024-11,5.56,4303
14478,Bagolino SP669,Temperatura,2024-12,2.34,4458
14478,Bagolino SP669,Temperatura,2025-01,2.17,4461
14478,Bagolino SP669,Temperatura,2025-02,3.50,4029
14478,Bagolino SP669,Temperatura,2025-03,6.71,4463
14478,Bagolino SP669,Temperatura,2025-04,10.87,4317
14478,Bagolino SP669,Temperatura,2025-05,12.99,4464
14478,Bagolino SP669,Temperatura,2025-06,20.71,4318
14478,Bagolino SP669,Temperatura,2025-07,17.99,4460
14478,Bagolino SP669,Temperatura,2025-08,18.82,4463
14478,Bagolino SP669,Temperatura,2025-09,14.88,4318
14478,Bagolino SP669,Temperatura,2025-10,10.15,4408
14478,Bagolino SP669,Temperatura,2025-11,4.74,4319
14478,Bagolino SP669,Temperatura,2025-12,4.04,4464
14478,Bagolino SP669,Temperatura,2026-01,0.65,4461
14478,Bagolino SP669,Temperatura,2026-02,4.56,4030
14478,Bagolino SP669,Temperatura,2026-03,7.70,1
14546,Puegnago del Garda,Temperatura,2013-04,14.05,1633
14546,Puegnago del Garda,Temperatura,2013-05,14.66,4319
14546,Puegnago del Garda,Temperatura,2013-06,20.20,4238
14546,Puegnago del Garda,Temperatura,2013-07,24.33,4367
14546,Puegnago del Garda,Temperatura,2013-08,23.20,4413
14546,Puegnago del Garda,Temperatura,2013-09,18.79,4303
14546,Puegnago del Garda,Temperatura,2013-10,14.58,4399
14546,Puegnago del Garda,Temperatura,2013-11,8.96,4316
14546,Puegnago del Garda,Temperatura,2013-12,5.52,4461
14546,Puegnago del Garda,Temperatura,2014-01,5.73,4240
14546,Puegnago del Garda,Temperatura,2014-02,7.31,4004
14546,Puegnago del Garda,Temperatura,2014-03,10.96,4439
14546,Puegnago del Garda,Temperatura,2014-04,14.19,4309
14546,Puegnago del Garda,Temperatura,2014-05,16.43,4456
14546,Puegnago del Garda,Temperatura,2014-06,21.24,4318
14546,Puegnago del Garda,Temperatura,2014-07,21.00,4449
14546,Puegnago del Garda,Temperatura,2014-08,20.48,4455
14546,Puegnago del Garda,Temperatura,2014-09,18.31,4317
14546,Puegnago del Garda,Temperatura,2014-10,15.31,4462
14546,Puegnago del Garda,Temperatura,2014-11,11.10,4318
14546,Puegnago del Garda,Temperatura,2014-12,5.84,4459
14546,Puegnago del Garda,Temperatura,2015-01,4.89,4461
14546,Puegnago del Garda,Temperatura,2015-02,5.12,4025
14546,Puegnago del Garda,Temperatura,2015-03,9.47,4429
14546,Puegnago del Garda,Temperatura,2015-04,13.17,4294
14546,Puegnago del Garda,Temperatura,2015-05,17.59,4459
14546,Puegnago del Garda,Temperatura,2015-06,21.77,4294
14546,Puegnago del Garda,Temperatura,2015-07,26.90,4449
14546,Puegnago del Garda,Temperatura,2015-08,23.89,4442
14546,Puegnago del Garda,Temperatura,2015-09,18.52,4317
14546,Puegnago del Garda,Temperatura,2015-10,13.19,4460
14546,Puegnago del Garda,Temperatura,2015-11,8.98,4318
14546,Puegnago del Garda,Temperatura,2015-12,5.17,4463
14546,Puegnago del Garda,Temperatura,2016-01,3.63,4370
14546,Puegnago del Garda,Temperatura,2016-02,6.50,4170
14546,Puegnago del Garda,Temperatura,2016-03,9.07,4462
14546,Puegnago del Garda,Temperatura,2016-04,13.72,4280
14546,Puegnago del Garda,Temperatura,2016-05,15.88,4463
14546,Puegnago del Garda,Temperatura,2016-06,20.48,4317
14546,Puegnago del Garda,Temperatura,2016-07,24.16,4461
14546,Puegnago del Garda,Temperatura,2016-08,22.06,4461
14546,Puegnago del Garda,Temperatura,2016-09,20.00,4315
14546,Puegnago del Garda,Temperatura,2016-10,12.91,4315
14546,Puegnago del Garda,Temperatura,2016-11,8.60,4288
14546,Puegnago del Garda,Temperatura,2016-12,4.95,4461
14546,Puegnago del Garda,Temperatura,2017-01,1.17,4457
14546,Puegnago del Garda,Temperatura,2017-02,6.27,4018
14546,Puegnago del Garda,Temperatura,2017-03,11.41,4433
14546,Puegnago del Garda,Temperatura,2017-04,13.17,4318
14546,Puegnago del Garda,Temperatura,2017-05,17.51,4463
14546,Puegnago del Garda,Temperatura,2017-06,22.80,4276
14546,Puegnago del Garda,Temperatura,2017-07,23.60,4460
14546,Puegnago del Garda,Temperatura,2017-08,24.01,4463
14546,Puegnago del Garda,Temperatura,2017-09,16.49,4320
14546,Puegnago del Garda,Temperatura,2017-10,13.60,4455
14546,Puegnago del Garda,Temperatura,2017-11,7.65,4318
14546,Puegnago del Garda,Temperatura,2017-12,3.43,4458
14546,Puegnago del Garda,Temperatura,2018-01,5.79,4461
14546,Puegnago del Garda,Temperatura,2018-02,3.22,4032
14546,Puegnago del Garda,Temperatura,2018-03,6.65,4463
14546,Puegnago del Garda,Temperatura,2018-04,15.14,4316
14546,Puegnago del Garda,Temperatura,2018-05,17.91,4463
14546,Puegnago del Garda,Temperatura,2018-06,21.86,4319
14546,Puegnago del Garda,Temperatura,2018-07,23.93,4464
14546,Puegnago del Garda,Temperatura,2018-08,24.31,4460
14546,Puegnago del Garda,Temperatura,2018-09,19.67,4307
14546,Puegnago del Garda,Temperatura,2018-10,15.33,4391
14546,Puegnago del Garda,Temperatura,2018-11,9.87,4309
14546,Puegnago del Garda,Temperatura,2018-12,4.16,4462
14546,Puegnago del Garda,Temperatura,2019-01,3.16,4453
14546,Puegnago del Garda,Temperatura,2019-02,6.88,4029
14546,Puegnago del Garda,Temperatura,2019-03,10.18,4461
14546,Puegnago del Garda,Temperatura,2019-04,12.52,4317
14546,Puegnago del Garda,Temperatura,2019-05,13.87,4463
14546,Puegnago del Garda,Temperatura,2019-06,24.08,4319
14546,Puegnago del Garda,Temperatura,2019-07,24.28,4464
14546,Puegnago del Garda,Temperatura,2019-08,23.60,4462
14546,Puegnago del Garda,Temperatura,2019-09,18.62,4318
14546,Puegnago del Garda,Temperatura,2019-10,14.93,4463
14546,Puegnago del Garda,Temperatura,2019-11,9.10,4320
14546,Puegnago del Garda,Temperatura,2019-12,6.01,4463
14546,Puegnago del Garda,Temperatura,2020-01,4.80,4463
14546,Puegnago del Garda,Temperatura,2020-02,7.56,4175
14546,Puegnago del Garda,Temperatura,2020-03,8.76,4464
14546,Puegnago del Garda,Temperatura,2020-04,14.06,4317
14546,Puegnago del Garda,Temperatura,2020-05,17.35,4462
14546,Puegnago del Garda,Temperatura,2020-06,20.37,4319
14546,Puegnago del Garda,Temperatura,2020-07,23.05,4205
14546,Puegnago del Garda,Temperatura,2020-08,22.94,4463
14546,Puegnago del Garda,Temperatura,2020-09,18.90,4307
14546,Puegnago del Garda,Temperatura,2020-10,12.03,4421
14546,Puegnago del Garda,Temperatura,2020-11,8.44,4316
14546,Puegnago del Garda,Temperatura,2020-12,4.81,4461
14546,Puegnago del Garda,Temperatura,2021-01,1.80,1
14546,Puegnago del Garda,Temperatura,2021-01,1.96,4461
14546,Puegnago del Garda,Temperatura,2021-02,6.52,4032
14546,Puegnago del Garda,Temperatura,2021-03,8.31,4464
14546,Puegnago del Garda,Temperatura,2021-04,10.82,4319
14546,Puegnago del Garda,Temperatura,2021-05,15.01,4464
14546,Puegnago del Garda,Temperatura,2021-06,23.16,4318
14546,Puegnago del Garda,Temperatura,2021-07,24.17,4458
14546,Puegnago del Garda,Temperatura,2021-08,22.37,4457
14546,Puegnago del Garda,Temperatura,2021-09,19.77,4318
14546,Puegnago del Garda,Temperatura,2021-10,12.46,4461
14546,Puegnago del Garda,Temperatura,2021-11,8.03,4317
14546,Puegnago del Garda,Temperatura,2021-12,4.79,4464
14546,Puegnago del Garda,Temperatura,2022-01,3.91,4457
14546,Puegnago del Garda,Temperatura,2022-02,6.26,4028
14546,Puegnago del Garda,Temperatura,2022-03,7.92,4463
14546,Puegnago del Garda,Temperatura,2022-04,11.48,4319
14546,Puegnago del Garda,Temperatura,2022-05,19.29,4461
14546,Puegnago del Garda,Temperatura,2022-06,24.03,4316
14546,Puegnago del Garda,Temperatura,2022-07,26.62,4459
14546,Puegnago del Garda,Temperatura,2022-08,24.01,4461
14546,Puegnago del Garda,Temperatura,2022-09,18.27,4320
14546,Puegnago del Garda,Temperatura,2022-10,16.33,4284
14546,Puegnago del Garda,Temperatura,2022-11,9.00,4318
14546,Puegnago del Garda,Temperatura,2022-12,5.12,4462
14546,Puegnago del Garda,Temperatura,2023-01,4.97,4458
14546,Puegnago del Garda,Temperatura,2023-02,5.77,4027
14546,Puegnago del Garda,Temperatura,2023-03,10.02,4459
14546,Puegnago del Garda,Temperatura,2023-04,11.73,4319
14546,Puegnago del Garda,Temperatura,2023-05,16.80,4463
14546,Puegnago del Garda,Temperatura,2023-06,21.90,4319
14546,Puegnago del Garda,Temperatura,2023-07,23.70,4464
14546,Puegnago del Garda,Temperatura,2023-08,23.54,4461
14546,Puegnago del Garda,Temperatura,2023-09,20.65,4317
14546,Puegnago del Garda,Temperatura,2023-10,16.20,4460
14546,Puegnago del Garda,Temperatura,2023-11,7.52,4314
14546,Puegnago del Garda,Temperatura,2023-12,6.04,4460
14546,Puegnago del Garda,Temperatura,2024-01,4.12,4455
14546,Puegnago del Garda,Temperatura,2024-02,8.10,4173
14546,Puegnago del Garda,Temperatura,2024-03,10.17,4461
14546,Puegnago del Garda,Temperatura,2024-04,12.91,4316
14546,Puegnago del Garda,Temperatura,2024-05,16.32,4458
14546,Puegnago del Garda,Temperatura,2024-06,20.88,4320
14546,Puegnago del Garda,Temperatura,2024-07,25.06,4460
14546,Puegnago del Garda,Temperatura,2024-08,25.82,4463
14546,Puegnago del Garda,Temperatura,2024-09,18.41,4313
14546,Puegnago del Garda,Temperatura,2024-10,14.62,4463
14546,Puegnago del Garda,Temperatura,2024-11,7.68,4218
14546,Puegnago del Garda,Temperatura,2024-12,4.78,4462
14546,Puegnago del Garda,Temperatura,2025-01,4.63,4463
14546,Puegnago del Garda,Temperatura,2025-02,5.61,4032
14546,Puegnago del Garda,Temperatura,2025-03,9.62,4464
14546,Puegnago del Garda,Temperatura,2025-04,13.66,4315
14546,Puegnago del Garda,Temperatura,2025-05,16.73,4463
14546,Puegnago del Garda,Temperatura,2025-06,24.55,4319
14546,Puegnago del Garda,Temperatura,2025-07,22.98,4464
14546,Puegnago del Garda,Temperatura,2025-08,23.01,4464
14546,Puegnago del Garda,Temperatura,2025-09,18.50,4320
14546,Puegnago del Garda,Temperatura,2025-10,12.79,4463
14546,Puegnago del Garda,Temperatura,2025-11,7.57,4317
14546,Puegnago del Garda,Temperatura,2025-12,6.39,4463
14546,Puegnago del Garda,Temperatura,2026-01,2.78,4462
14546,Puegnago del Garda,Temperatura,2026-02,7.15,4032
14546,Puegnago del Garda,Temperatura,2026-03,9.60,1
14568,Tignale Oldesio,Temperatura,2013-07,26.49,1228
14568,Tignale Oldesio,Temperatura,2013-08,23.83,4464
14568,Tignale Oldesio,Temperatura,2013-09,18.97,4318
14568,Tignale Oldesio,Temperatura,2013-10,14.16,4458
14568,Tignale Oldesio,Temperatura,2013-11,9.16,4312
14568,Tignale Oldesio,Temperatura,2013-12,6.15,4462
14568,Tignale Oldesio,Temperatura,2014-01,5.84,4463
14568,Tignale Oldesio,Temperatura,2014-02,7.09,4025
14568,Tignale Oldesio,Temperatura,2014-03,10.91,4460
14568,Tignale Oldesio,Temperatura,2014-04,14.16,4317
14568,Tignale Oldesio,Temperatura,2014-05,16.55,4459
14568,Tignale Oldesio,Temperatura,2014-06,21.41,4319
14568,Tignale Oldesio,Temperatura,2014-07,20.98,4462
14568,Tignale Oldesio,Temperatura,2014-08,20.49,4461
14568,Tignale Oldesio,Temperatura,2014-09,18.41,4320
14568,Tignale Oldesio,Temperatura,2014-10,15.39,4458
14568,Tignale Oldesio,Temperatura,2014-11,11.00,4319
14568,Tignale Oldesio,Temperatura,2014-12,6.08,4461
14568,Tignale Oldesio,Temperatura,2015-01,5.24,4463
14568,Tignale Oldesio,Temperatura,2015-02,5.46,4027
14568,Tignale Oldesio,Temperatura,2015-03,9.48,4457
14568,Tignale Oldesio,Temperatura,2015-04,13.61,4312
14568,Tignale Oldesio,Temperatura,2015-05,18.05,4464
14568,Tignale Oldesio,Temperatura,2015-06,22.49,4317
14568,Tignale Oldesio,Temperatura,2015-07,27.24,4455
14568,Tignale Oldesio,Temperatura,2015-08,24.31,4422
14568,Tignale Oldesio,Temperatura,2015-09,18.80,4319
14568,Tignale Oldesio,Temperatura,2015-10,13.40,4460
14568,Tignale Oldesio,Temperatura,2015-11,9.44,4316
14568,Tignale Oldesio,Temperatura,2015-12,5.90,4458
14568,Tignale Oldesio,Temperatura,2016-01,4.05,4447
14568,Tignale Oldesio,Temperatura,2016-02,6.55,4173
14568,Tignale Oldesio,Temperatura,2016-03,8.77,4461
14568,Tignale Oldesio,Temperatura,2016-04,13.83,4304
14568,Tignale Oldesio,Temperatura,2016-05,15.99,4462
14568,Tignale Oldesio,Temperatura,2016-06,20.70,4318
14568,Tignale Oldesio,Temperatura,2016-07,24.65,4463
14568,Tignale Oldesio,Temperatura,2016-08,22.50,4464
14568,Tignale Oldesio,Temperatura,2016-09,21.18,4239
14568,Tignale Oldesio,Temperatura,2016-10,13.14,4241
14568,Tignale Oldesio,Temperatura,2016-11,8.74,4195
14568,Tignale Oldesio,Temperatura,2016-12,5.82,4454
14568,Tignale Oldesio,Temperatura,2017-01,1.95,4462
14568,Tignale Oldesio,Temperatura,2017-02,6.30,4025
14568,Tignale Oldesio,Temperatura,2017-03,11.46,4434
14568,Tignale Oldesio,Temperatura,2017-04,13.60,4320
14568,Tignale Oldesio,Temperatura,2017-05,17.82,4464
14568,Tignale Oldesio,Temperatura,2017-06,23.12,4276
14568,Tignale Oldesio,Temperatura,2017-07,24.27,4455
14568,Tignale Oldesio,Temperatura,2017-08,24.72,4459
14568,Tignale Oldesio,Temperatura,2017-09,16.91,4318
14568,Tignale Oldesio,Temperatura,2017-10,14.61,4462
14568,Tignale Oldesio,Temperatura,2017-11,8.06,4317
14568,Tignale Oldesio,Temperatura,2017-12,4.15,4463
14568,Tignale Oldesio,Temperatura,2018-01,6.04,4464
14568,Tignale Oldesio,Temperatura,2018-02,3.06,4018
14568,Tignale Oldesio,Temperatura,2018-03,6.63,4463
14568,Tignale Oldesio,Temperatura,2018-04,15.45,4318
14568,Tignale Oldesio,Temperatura,2018-05,18.14,4464
14568,Tignale Oldesio,Temperatura,2018-06,22.10,4319
14568,Tignale Oldesio,Temperatura,2018-07,24.23,4463
14568,Tignale Oldesio,Temperatura,2018-08,24.77,4441
14568,Tignale Oldesio,Temperatura,2018-09,20.46,4313
14568,Tignale Oldesio,Temperatura,2018-10,15.99,4432
14568,Tignale Oldesio,Temperatura,2018-11,10.11,4237
14568,Tignale Oldesio,Temperatura,2018-12,4.94,4463
14568,Tignale Oldesio,Temperatura,2019-01,3.87,4462
14568,Tignale Oldesio,Temperatura,2019-02,7.64,4021
14568,Tignale Oldesio,Temperatura,2019-03,10.37,4457
14568,Tignale Oldesio,Temperatura,2019-04,12.37,4241
14568,Tignale Oldesio,Temperatura,2019-05,13.94,4281
14568,Tignale Oldesio,Temperatura,2019-06,24.53,4318
14568,Tignale Oldesio,Temperatura,2019-07,24.84,4464
14568,Tignale Oldesio,Temperatura,2019-08,24.34,4463
14568,Tignale Oldesio,Temperatura,2019-09,19.31,4241
14568,Tignale Oldesio,Temperatura,2019-10,15.16,4464
14568,Tignale Oldesio,Temperatura,2019-11,9.17,4320
14568,Tignale Oldesio,Temperatura,2019-12,6.53,4462
14568,Tignale Oldesio,Temperatura,2020-01,5.52,4464
14568,Tignale Oldesio,Temperatura,2020-02,7.62,4163
14568,Tignale Oldesio,Temperatura,2020-03,8.61,4464
14568,Tignale Oldesio,Temperatura,2020-04,14.33,4318
14568,Tignale Oldesio,Temperatura,2020-05,17.52,4463
14568,Tignale Oldesio,Temperatura,2020-06,20.52,4319
14568,Tignale Oldesio,Temperatura,2020-07,23.45,4464
14568,Tignale Oldesio,Temperatura,2020-08,23.92,4123
14568,Tignale Oldesio,Temperatura,2020-09,19.54,4316
14568,Tignale Oldesio,Temperatura,2020-10,12.82,4464
14568,Tignale Oldesio,Temperatura,2020-11,9.36,4317
14568,Tignale Oldesio,Temperatura,2020-12,5.35,4464
14568,Tignale Oldesio,Temperatura,2021-01,3.40,1
14568,Tignale Oldesio,Temperatura,2021-01,3.11,4463
14568,Tignale Oldesio,Temperatura,2021-02,7.08,4032
14568,Tignale Oldesio,Temperatura,2021-03,8.97,4462
14568,Tignale Oldesio,Temperatura,2021-04,11.28,4320
14568,Tignale Oldesio,Temperatura,2021-05,15.46,4464
14568,Tignale Oldesio,Temperatura,2021-06,23.71,4319
14568,Tignale Oldesio,Temperatura,2021-07,23.88,4464
14568,Tignale Oldesio,Temperatura,2021-08,22.80,4463
14568,Tignale Oldesio,Temperatura,2021-09,20.50,4319
14568,Tignale Oldesio,Temperatura,2021-10,13.39,4463
14568,Tignale Oldesio,Temperatura,2021-11,8.84,4319
14568,Tignale Oldesio,Temperatura,2021-12,5.15,4462
14568,Tignale Oldesio,Temperatura,2022-01,5.04,4455
14568,Tignale Oldesio,Temperatura,2022-02,7.03,4012
14568,Tignale Oldesio,Temperatura,2022-03,8.40,4463
14568,Tignale Oldesio,Temperatura,2022-04,11.86,4320
14568,Tignale Oldesio,Temperatura,2022-05,19.57,4464
14568,Tignale Oldesio,Temperatura,2022-06,24.27,4246
14568,Tignale Oldesio,Temperatura,2022-07,27.11,4461
14568,Tignale Oldesio,Temperatura,2022-08,24.56,4452
14568,Tignale Oldesio,Temperatura,2022-09,19.03,4311
14568,Tignale Oldesio,Temperatura,2022-10,17.19,4458
14568,Tignale Oldesio,Temperatura,2022-11,10.10,4271
14568,Tignale Oldesio,Temperatura,2022-12,5.54,4462
14568,Tignale Oldesio,Temperatura,2023-01,5.67,4460
14568,Tignale Oldesio,Temperatura,2023-02,6.68,4030
14568,Tignale Oldesio,Temperatura,2023-03,10.48,4463
14568,Tignale Oldesio,Temperatura,2023-04,12.13,4320
14568,Tignale Oldesio,Temperatura,2023-05,17.06,4464
14568,Tignale Oldesio,Temperatura,2023-06,22.20,4320
14568,Tignale Oldesio,Temperatura,2023-07,24.30,4461
14568,Tignale Oldesio,Temperatura,2023-08,24.75,4376
14568,Tignale Oldesio,Temperatura,2023-09,21.44,4300
14568,Tignale Oldesio,Temperatura,2023-10,17.09,4462
14568,Tignale Oldesio,Temperatura,2023-11,8.81,4320
14568,Tignale Oldesio,Temperatura,2023-12,7.09,4464
14568,Tignale Oldesio,Temperatura,2024-01,5.31,4422
14568,Tignale Oldesio,Temperatura,2024-02,9.03,4176
14568,Tignale Oldesio,Temperatura,2024-03,10.67,4463
14568,Tignale Oldesio,Temperatura,2024-04,13.56,4319
14568,Tignale Oldesio,Temperatura,2024-05,16.57,4464
14568,Tignale Oldesio,Temperatura,2024-06,21.09,4318
14568,Tignale Oldesio,Temperatura,2024-07,25.42,3931
14568,Tignale Oldesio,Temperatura,2024-08,26.39,4463
14568,Tignale Oldesio,Temperatura,2024-09,18.97,4320
14568,Tignale Oldesio,Temperatura,2024-10,14.90,4464
14568,Tignale Oldesio,Temperatura,2024-11,8.62,4320
14568,Tignale Oldesio,Temperatura,2024-12,6.10,4464
14568,Tignale Oldesio,Temperatura,2025-01,5.29,4464
14568,Tignale Oldesio,Temperatura,2025-02,6.04,4032
14568,Tignale Oldesio,Temperatura,2025-03,9.91,4464
14568,Tignale Oldesio,Temperatura,2025-04,14.02,4320
14568,Tignale Oldesio,Temperatura,2025-05,17.31,2888
14568,Tignale Oldesio,Temperatura,2025-06,25.10,4318
14568,Tignale Oldesio,Temperatura,2025-07,23.48,4464
14568,Tignale Oldesio,Temperatura,2025-08,23.52,4463
14568,Tignale Oldesio,Temperatura,2025-09,19.03,4319
14568,Tignale Oldesio,Temperatura,2025-10,13.37,4461
14568,Tignale Oldesio,Temperatura,2025-11,8.65,4318
14568,Tignale Oldesio,Temperatura,2025-12,7.27,4463
14568,Tignale Oldesio,Temperatura,2026-01,3.56,4464
14568,Tignale Oldesio,Temperatura,2026-02,7.77,4031
14568,Tignale Oldesio,Temperatura,2026-03,10.10,1
14587,Gargnano,Temperatura,2015-07,23.44,2351
14587,Gargnano,Temperatura,2015-08,20.65,4455
14587,Gargnano,Temperatura,2015-09,14.72,4316
14587,Gargnano,Temperatura,2015-10,10.03,4460
14587,Gargnano,Temperatura,2015-11,8.72,4318
14587,Gargnano,Temperatura,2015-12,6.30,4462
14587,Gargnano,Temperatura,2016-01,1.67,3965
14587,Gargnano,Temperatura,2016-02,3.53,4103
14587,Gargnano,Temperatura,2016-03,5.21,4463
14587,Gargnano,Temperatura,2016-04,10.16,4314
14587,Gargnano,Temperatura,2016-05,12.18,4464
14587,Gargnano,Temperatura,2016-06,16.78,4319
14587,Gargnano,Temperatura,2016-07,20.45,4460
14587,Gargnano,Temperatura,2016-08,18.81,4460
14587,Gargnano,Temperatura,2016-09,17.33,4292
14587,Gargnano,Temperatura,2016-10,9.76,4355
14587,Gargnano,Temperatura,2016-11,5.71,4314
14587,Gargnano,Temperatura,2016-12,6.12,4451
14587,Gargnano,Temperatura,2017-01,-0.37,4456
14587,Gargnano,Temperatura,2017-02,3.88,4015
14587,Gargnano,Temperatura,2017-03,8.59,4430
14587,Gargnano,Temperatura,2017-04,9.81,4308
14587,Gargnano,Temperatura,2017-05,14.08,4462
14587,Gargnano,Temperatura,2017-06,19.58,4313
14587,Gargnano,Temperatura,2017-07,20.53,4461
14587,Gargnano,Temperatura,2017-08,21.27,4450
14587,Gargnano,Temperatura,2017-09,13.19,4267
14587,Gargnano,Temperatura,2017-10,12.13,4457
14587,Gargnano,Temperatura,2017-11,5.25,4319
14587,Gargnano,Temperatura,2017-12,2.42,4463
14587,Gargnano,Temperatura,2018-01,3.79,4462
14587,Gargnano,Temperatura,2018-02,-0.82,4030
14587,Gargnano,Temperatura,2018-03,3.23,4454
14587,Gargnano,Temperatura,2018-04,12.17,4320
14587,Gargnano,Temperatura,2018-05,14.79,4434
14587,Gargnano,Temperatura,2018-06,18.49,4320
14587,Gargnano,Temperatura,2018-07,20.72,4461
14587,Gargnano,Temperatura,2018-08,21.35,4463
14587,Gargnano,Temperatura,2018-09,17.28,4314
14587,Gargnano,Temperatura,2018-10,12.85,4443
14587,Gargnano,Temperatura,2018-11,6.91,4313
14587,Gargnano,Temperatura,2018-12,3.87,4460
14587,Gargnano,Temperatura,2019-01,1.24,4461
14587,Gargnano,Temperatura,2019-02,6.05,4028
14587,Gargnano,Temperatura,2019-03,7.55,4462
14587,Gargnano,Temperatura,2019-04,8.75,4317
14587,Gargnano,Temperatura,2019-05,9.99,4457
14587,Gargnano,Temperatura,2019-06,21.17,4317
14587,Gargnano,Temperatura,2019-07,21.30,4448
14587,Gargnano,Temperatura,2019-08,20.73,4324
14587,Gargnano,Temperatura,2019-09,15.92,4320
14587,Gargnano,Temperatura,2019-10,12.10,4451
14587,Gargnano,Temperatura,2019-11,5.93,4320
14587,Gargnano,Temperatura,2019-12,4.44,4464
14587,Gargnano,Temperatura,2020-01,4.46,4464
14587,Gargnano,Temperatura,2020-02,5.85,4176
14587,Gargnano,Temperatura,2020-03,5.01,4464
14587,Gargnano,Temperatura,2020-04,11.08,4319
14587,Gargnano,Temperatura,2020-05,13.87,4463
14587,Gargnano,Temperatura,2020-06,16.79,4319
14587,Gargnano,Temperatura,2020-07,19.64,4463
14587,Gargnano,Temperatura,2020-08,20.21,4460
14587,Gargnano,Temperatura,2020-09,16.21,4318
14587,Gargnano,Temperatura,2020-10,9.63,4462
14587,Gargnano,Temperatura,2020-11,7.37,4319
14587,Gargnano,Temperatura,2020-12,2.48,4464
14587,Gargnano,Temperatura,2021-01,-0.20,1
14587,Gargnano,Temperatura,2021-01,0.46,4463
14587,Gargnano,Temperatura,2021-02,4.40,4032
14587,Gargnano,Temperatura,2021-03,5.62,4464
14587,Gargnano,Temperatura,2021-04,7.21,4320
14587,Gargnano,Temperatura,2021-05,11.49,4463
14587,Gargnano,Temperatura,2021-06,19.77,4319
14587,Gargnano,Temperatura,2021-07,20.07,4464
14587,Gargnano,Temperatura,2021-08,19.11,4464
14587,Gargnano,Temperatura,2021-09,16.74,4320
14587,Gargnano,Temperatura,2021-10,10.13,4457
14587,Gargnano,Temperatura,2021-11,6.32,4320
14587,Gargnano,Temperatura,2021-12,4.18,4464
14587,Gargnano,Temperatura,2022-01,4.64,4462
14587,Gargnano,Temperatura,2022-02,4.61,4031
14587,Gargnano,Temperatura,2022-03,5.00,4464
14587,Gargnano,Temperatura,2022-04,8.00,4319
14587,Gargnano,Temperatura,2022-05,15.91,4461
14587,Gargnano,Temperatura,2022-06,20.53,4318
14587,Gargnano,Temperatura,2022-07,23.22,4463
14587,Gargnano,Temperatura,2022-08,20.89,4463
14587,Gargnano,Temperatura,2022-09,14.93,4318
14587,Gargnano,Temperatura,2022-10,14.65,4463
14587,Gargnano,Temperatura,2022-11,7.41,4319
14587,Gargnano,Temperatura,2022-12,3.37,4462
14587,Gargnano,Temperatura,2023-01,2.78,4460
14587,Gargnano,Temperatura,2023-02,4.33,4031
14587,Gargnano,Temperatura,2023-03,7.00,4463
14587,Gargnano,Temperatura,2023-04,8.11,4320
14587,Gargnano,Temperatura,2023-05,13.29,4464
14587,Gargnano,Temperatura,2023-06,18.53,4320
14587,Gargnano,Temperatura,2023-07,20.70,4463
14587,Gargnano,Temperatura,2023-08,20.84,4462
14587,Gargnano,Temperatura,2023-09,18.11,4316
14587,Gargnano,Temperatura,2023-10,14.23,4464
14587,Gargnano,Temperatura,2023-11,6.20,4314
14587,Gargnano,Temperatura,2023-12,5.29,4463
14587,Gargnano,Temperatura,2024-01,4.08,4457
14587,Gargnano,Temperatura,2024-02,6.89,4171
14587,Gargnano,Temperatura,2024-03,7.19,4444
14587,Gargnano,Temperatura,2024-04,10.18,4319
14587,Gargnano,Temperatura,2024-05,12.87,4462
14587,Gargnano,Temperatura,2024-06,17.73,4312
14587,Gargnano,Temperatura,2024-07,21.74,4460
14587,Gargnano,Temperatura,2024-08,22.87,4463
14587,Gargnano,Temperatura,2024-09,15.33,4319
14587,Gargnano,Temperatura,2024-10,11.96,4464
14587,Gargnano,Temperatura,2024-11,7.12,4320
14587,Gargnano,Temperatura,2024-12,4.38,4464
14587,Gargnano,Temperatura,2025-01,3.04,4464
14587,Gargnano,Temperatura,2025-02,3.13,4031
14587,Gargnano,Temperatura,2025-03,6.57,4464
14587,Gargnano,Temperatura,2025-04,10.49,4320
14587,Gargnano,Temperatura,2025-05,13.25,4464
14587,Gargnano,Temperatura,2025-06,21.47,4315
14587,Gargnano,Temperatura,2025-07,19.58,4464
14587,Gargnano,Temperatura,2025-08,19.91,4464
14587,Gargnano,Temperatura,2025-09,15.75,4320
14587,Gargnano,Temperatura,2025-10,10.30,4460
14587,Gargnano,Temperatura,2025-11,6.14,4318
14587,Gargnano,Temperatura,2025-12,5.70,4464
14587,Gargnano,Temperatura,2026-01,1.54,4464
14587,Gargnano,Temperatura,2026-02,4.73,4032
14587,Gargnano,Temperatura,2026-03,5.60,1
14665,Sarezzo v.della Fonte,Temperatura,2012-11,8.62,4139
14665,Sarezzo v.della Fonte,Temperatura,2012-12,0.81,4456
14665,Sarezzo v.della Fonte,Temperatura,2013-01,2.44,4449
14665,Sarezzo v.della Fonte,Temperatura,2013-02,2.07,4025
14665,Sarezzo v.della Fonte,Temperatura,2013-03,6.29,4458
14665,Sarezzo v.della Fonte,Temperatura,2013-04,12.42,4313
14665,Sarezzo v.della Fonte,Temperatura,2013-05,14.59,4451
14665,Sarezzo v.della Fonte,Temperatura,2013-06,19.86,4312
14665,Sarezzo v.della Fonte,Temperatura,2013-07,23.51,4459
14665,Sarezzo v.della Fonte,Temperatura,2013-08,22.26,4461
14665,Sarezzo v.della Fonte,Temperatura,2013-09,18.23,4316
14665,Sarezzo v.della Fonte,Temperatura,2013-10,13.80,4457
14665,Sarezzo v.della Fonte,Temperatura,2013-11,7.28,4317
14665,Sarezzo v.della Fonte,Temperatura,2013-12,3.12,4141
14665,Sarezzo v.della Fonte,Temperatura,2014-01,4.92,4453
14665,Sarezzo v.della Fonte,Temperatura,2014-02,6.58,3987
14665,Sarezzo v.della Fonte,Temperatura,2014-03,9.97,4437
14665,Sarezzo v.della Fonte,Temperatura,2014-04,13.49,4298
14665,Sarezzo v.della Fonte,Temperatura,2014-05,15.84,4463
14665,Sarezzo v.della Fonte,Temperatura,2014-06,20.37,4316
14665,Sarezzo v.della Fonte,Temperatura,2014-07,20.64,4461
14665,Sarezzo v.della Fonte,Temperatura,2014-08,19.93,4461
14665,Sarezzo v.della Fonte,Temperatura,2014-09,17.73,4319
14665,Sarezzo v.della Fonte,Temperatura,2014-10,14.64,4412
14665,Sarezzo v.della Fonte,Temperatura,2014-11,10.20,4319
14665,Sarezzo v.della Fonte,Temperatura,2014-12,4.35,4459
14665,Sarezzo v.della Fonte,Temperatura,2015-01,2.63,4462
14665,Sarezzo v.della Fonte,Temperatura,2015-02,3.66,4027
14665,Sarezzo v.della Fonte,Temperatura,2015-03,8.86,4444
14665,Sarezzo v.della Fonte,Temperatura,2015-04,12.85,4314
14665,Sarezzo v.della Fonte,Temperatura,2015-05,17.51,4457
14665,Sarezzo v.della Fonte,Temperatura,2015-06,21.38,4314
14665,Sarezzo v.della Fonte,Temperatura,2015-07,26.48,4462
14665,Sarezzo v.della Fonte,Temperatura,2015-08,22.95,4429
14665,Sarezzo v.della Fonte,Temperatura,2015-09,17.68,4316
14665,Sarezzo v.della Fonte,Temperatura,2015-10,12.43,4457
14665,Sarezzo v.della Fonte,Temperatura,2015-11,7.15,4314
14665,Sarezzo v.della Fonte,Temperatura,2015-12,3.20,4400
14665,Sarezzo v.della Fonte,Temperatura,2016-01,1.83,4408
14665,Sarezzo v.della Fonte,Temperatura,2016-02,5.87,4146
14665,Sarezzo v.della Fonte,Temperatura,2016-03,8.47,4462
14665,Sarezzo v.della Fonte,Temperatura,2016-04,13.76,4279
14665,Sarezzo v.della Fonte,Temperatura,2016-05,15.49,4460
14665,Sarezzo v.della Fonte,Temperatura,2016-06,19.99,4316
14665,Sarezzo v.della Fonte,Temperatura,2016-07,23.61,4463
14665,Sarezzo v.della Fonte,Temperatura,2016-08,21.36,4463
14665,Sarezzo v.della Fonte,Temperatura,2016-09,19.38,4309
14665,Sarezzo v.della Fonte,Temperatura,2016-10,11.99,4223
14665,Sarezzo v.della Fonte,Temperatura,2016-11,7.61,4302
14665,Sarezzo v.della Fonte,Temperatura,2016-12,2.32,4457
14665,Sarezzo v.della Fonte,Temperatura,2017-01,-1.21,4449
14665,Sarezzo v.della Fonte,Temperatura,2017-02,5.65,4019
14665,Sarezzo v.della Fonte,Temperatura,2017-03,10.64,4445
14665,Sarezzo v.della Fonte,Temperatura,2017-04,12.91,4319
14665,Sarezzo v.della Fonte,Temperatura,2017-05,17.18,4463
14665,Sarezzo v.della Fonte,Temperatura,2017-06,22.79,4320
14665,Sarezzo v.della Fonte,Temperatura,2017-07,23.45,4460
14665,Sarezzo v.della Fonte,Temperatura,2017-08,24.04,4359
14665,Sarezzo v.della Fonte,Temperatura,2017-09,16.90,4318
14665,Sarezzo v.della Fonte,Temperatura,2017-10,13.33,4462
14665,Sarezzo v.della Fonte,Temperatura,2017-11,6.87,4133
14665,Sarezzo v.della Fonte,Temperatura,2017-12,2.02,4360
14665,Sarezzo v.della Fonte,Temperatura,2018-01,4.77,4388
14665,Sarezzo v.della Fonte,Temperatura,2018-02,2.84,4029
14665,Sarezzo v.della Fonte,Temperatura,2018-03,6.52,4463
14665,Sarezzo v.della Fonte,Temperatura,2018-04,15.21,4316
14665,Sarezzo v.della Fonte,Temperatura,2018-05,17.55,4458
14665,Sarezzo v.della Fonte,Temperatura,2018-06,21.47,4316
14665,Sarezzo v.della Fonte,Temperatura,2018-07,23.37,4462
14665,Sarezzo v.della Fonte,Temperatura,2018-08,23.27,4457
14665,Sarezzo v.della Fonte,Temperatura,2018-09,19.64,4304
14665,Sarezzo v.della Fonte,Temperatura,2018-10,15.17,4104
14665,Sarezzo v.della Fonte,Temperatura,2018-11,8.87,3878
14665,Sarezzo v.della Fonte,Temperatura,2018-12,1.58,4365
14665,Sarezzo v.della Fonte,Temperatura,2019-01,0.96,4399
14665,Sarezzo v.della Fonte,Temperatura,2019-02,5.83,4027
14665,Sarezzo v.della Fonte,Temperatura,2019-03,10.04,4452
14665,Sarezzo v.della Fonte,Temperatura,2019-04,12.23,4319
14665,Sarezzo v.della Fonte,Temperatura,2019-05,13.76,4463
14665,Sarezzo v.della Fonte,Temperatura,2019-06,23.48,4320
14665,Sarezzo v.della Fonte,Temperatura,2019-07,24.52,4449
14665,Sarezzo v.della Fonte,Temperatura,2019-08,23.32,4433
14665,Sarezzo v.della Fonte,Temperatura,2019-09,18.52,4317
14665,Sarezzo v.della Fonte,Temperatura,2019-10,14.64,4462
14665,Sarezzo v.della Fonte,Temperatura,2019-11,8.46,4304
14665,Sarezzo v.della Fonte,Temperatura,2019-12,4.00,4456
14665,Sarezzo v.della Fonte,Temperatura,2020-01,2.33,4451
14665,Sarezzo v.della Fonte,Temperatura,2020-02,6.56,4172
14665,Sarezzo v.della Fonte,Temperatura,2020-03,8.55,4460
14665,Sarezzo v.della Fonte,Temperatura,2020-04,13.77,4315
14665,Sarezzo v.della Fonte,Temperatura,2020-05,17.39,4461
14665,Sarezzo v.della Fonte,Temperatura,2020-06,19.54,4320
14665,Sarezzo v.della Fonte,Temperatura,2020-07,22.87,4463
14665,Sarezzo v.della Fonte,Temperatura,2020-08,22.83,4462
14665,Sarezzo v.della Fonte,Temperatura,2020-09,18.53,4319
14665,Sarezzo v.della Fonte,Temperatura,2020-10,11.80,4460
14665,Sarezzo v.della Fonte,Temperatura,2020-11,7.33,4319
14665,Sarezzo v.della Fonte,Temperatura,2020-12,4.36,4463
14665,Sarezzo v.della Fonte,Temperatura,2021-01,1.70,1
14665,Sarezzo v.della Fonte,Temperatura,2021-01,1.41,4463
14665,Sarezzo v.della Fonte,Temperatura,2021-02,6.66,4031
14665,Sarezzo v.della Fonte,Temperatura,2021-03,8.59,4444
14665,Sarezzo v.della Fonte,Temperatura,2021-04,10.85,4319
14665,Sarezzo v.della Fonte,Temperatura,2021-05,15.20,4426
14665,Sarezzo v.della Fonte,Temperatura,2021-06,22.48,4319
14665,Sarezzo v.della Fonte,Temperatura,2021-07,22.77,4464
14665,Sarezzo v.della Fonte,Temperatura,2021-08,21.68,4462
14665,Sarezzo v.della Fonte,Temperatura,2021-09,19.31,4311
14665,Sarezzo v.della Fonte,Temperatura,2021-10,11.65,4462
14665,Sarezzo v.della Fonte,Temperatura,2021-11,7.27,4318
14665,Sarezzo v.della Fonte,Temperatura,2021-12,2.23,4462
14665,Sarezzo v.della Fonte,Temperatura,2022-01,1.60,4456
14665,Sarezzo v.della Fonte,Temperatura,2022-02,5.31,4029
14665,Sarezzo v.della Fonte,Temperatura,2022-03,7.34,4460
14665,Sarezzo v.della Fonte,Temperatura,2022-04,11.48,4320
14665,Sarezzo v.della Fonte,Temperatura,2022-05,18.44,4464
14665,Sarezzo v.della Fonte,Temperatura,2022-06,22.65,4316
14665,Sarezzo v.della Fonte,Temperatura,2022-07,25.90,4461
14665,Sarezzo v.della Fonte,Temperatura,2022-08,23.30,4464
14665,Sarezzo v.della Fonte,Temperatura,2022-09,17.28,4314
14665,Sarezzo v.della Fonte,Temperatura,2022-10,15.41,4463
14665,Sarezzo v.della Fonte,Temperatura,2022-11,7.72,4319
14665,Sarezzo v.della Fonte,Temperatura,2022-12,4.71,4459
14665,Sarezzo v.della Fonte,Temperatura,2023-01,3.85,4457
14665,Sarezzo v.della Fonte,Temperatura,2023-02,4.98,4028
14665,Sarezzo v.della Fonte,Temperatura,2023-03,9.68,4457
14665,Sarezzo v.della Fonte,Temperatura,2023-04,11.52,4317
14665,Sarezzo v.della Fonte,Temperatura,2023-05,16.15,4463
14665,Sarezzo v.della Fonte,Temperatura,2023-06,21.35,4319
14665,Sarezzo v.della Fonte,Temperatura,2023-07,23.05,4464
14665,Sarezzo v.della Fonte,Temperatura,2023-08,22.93,4460
14665,Sarezzo v.della Fonte,Temperatura,2023-09,19.54,4317
14665,Sarezzo v.della Fonte,Temperatura,2023-10,15.46,4463
14665,Sarezzo v.della Fonte,Temperatura,2023-11,6.06,4312
14665,Sarezzo v.della Fonte,Temperatura,2023-12,4.12,4092
14665,Sarezzo v.della Fonte,Temperatura,2024-01,2.98,4455
14665,Sarezzo v.della Fonte,Temperatura,2024-02,7.78,4173
14665,Sarezzo v.della Fonte,Temperatura,2024-03,10.01,4462
14665,Sarezzo v.della Fonte,Temperatura,2024-04,12.64,4320
14665,Sarezzo v.della Fonte,Temperatura,2024-05,15.81,4462
14665,Sarezzo v.della Fonte,Temperatura,2024-06,20.05,4319
14665,Sarezzo v.della Fonte,Temperatura,2024-07,23.96,4463
14665,Sarezzo v.della Fonte,Temperatura,2024-08,24.63,4463
14665,Sarezzo v.della Fonte,Temperatura,2024-09,17.48,4320
14665,Sarezzo v.della Fonte,Temperatura,2024-10,14.28,4460
14665,Sarezzo v.della Fonte,Temperatura,2024-11,6.45,4317
14665,Sarezzo v.della Fonte,Temperatura,2024-12,2.30,4373
14665,Sarezzo v.della Fonte,Temperatura,2025-01,3.36,4463
14665,Sarezzo v.della Fonte,Temperatura,2025-02,5.38,4032
14665,Sarezzo v.della Fonte,Temperatura,2025-03,8.93,4462
14665,Sarezzo v.della Fonte,Temperatura,2025-04,13.39,4315
14665,Sarezzo v.della Fonte,Temperatura,2025-05,16.21,4464
14665,Sarezzo v.della Fonte,Temperatura,2025-06,23.56,4319
14665,Sarezzo v.della Fonte,Temperatura,2025-07,22.01,4463
14665,Sarezzo v.della Fonte,Temperatura,2025-08,22.13,4462
14665,Sarezzo v.della Fonte,Temperatura,2025-09,17.86,4320
14665,Sarezzo v.della Fonte,Temperatura,2025-10,12.46,4462
14665,Sarezzo v.della Fonte,Temperatura,2025-11,6.57,4318
14665,Sarezzo v.della Fonte,Temperatura,2025-12,5.41,3817
14665,Sarezzo v.della Fonte,Temperatura,2026-01,2.15,4461
14665,Sarezzo v.della Fonte,Temperatura,2026-02,6.90,4004
14665,Sarezzo v.della Fonte,Temperatura,2026-03,9.80,1
16463,Sonico Pal alta,Temperatura,2012-10,9.07,3971
16463,Sonico Pal alta,Temperatura,2012-11,5.78,2230
16463,Sonico Pal alta,Temperatura,2012-12,0.54,1488
16463,Sonico Pal alta,Temperatura,2013-01,1.84,1487
16463,Sonico Pal alta,Temperatura,2013-02,-1.25,1340
16463,Sonico Pal alta,Temperatura,2013-03,2.00,1487
16463,Sonico Pal alta,Temperatura,2013-04,7.74,1439
16463,Sonico Pal alta,Temperatura,2013-05,9.34,1488
16463,Sonico Pal alta,Temperatura,2013-06,15.00,1440
16463,Sonico Pal alta,Temperatura,2013-07,18.78,1484
16463,Sonico Pal alta,Temperatura,2013-08,18.01,1488
16463,Sonico Pal alta,Temperatura,2013-09,14.52,1439
16463,Sonico Pal alta,Temperatura,2013-10,9.55,1488
16463,Sonico Pal alta,Temperatura,2013-11,4.41,1434
16463,Sonico Pal alta,Temperatura,2013-12,4.39,1481
16463,Sonico Pal alta,Temperatura,2014-01,1.76,1488
16463,Sonico Pal alta,Temperatura,2014-02,1.99,1344
16463,Sonico Pal alta,Temperatura,2014-03,6.41,1488
16463,Sonico Pal alta,Temperatura,2014-04,9.36,1440
16463,Sonico Pal alta,Temperatura,2014-05,11.15,1488
16463,Sonico Pal alta,Temperatura,2014-06,15.28,1440
16463,Sonico Pal alta,Temperatura,2014-07,15.72,1488
16463,Sonico Pal alta,Temperatura,2014-08,14.69,1482
16463,Sonico Pal alta,Temperatura,2014-09,13.65,1440
16463,Sonico Pal alta,Temperatura,2014-10,10.75,1488
16463,Sonico Pal alta,Temperatura,2014-11,7.28,1440
16463,Sonico Pal alta,Temperatura,2014-12,3.30,1488
16463,Sonico Pal alta,Temperatura,2015-01,2.44,1488
16463,Sonico Pal alta,Temperatura,2015-02,1.17,1344
16463,Sonico Pal alta,Temperatura,2015-03,4.99,1488
16463,Sonico Pal alta,Temperatura,2015-04,8.92,1440
16463,Sonico Pal alta,Temperatura,2015-05,12.57,1488
16463,Sonico Pal alta,Temperatura,2015-06,16.03,1440
16463,Sonico Pal alta,Temperatura,2015-07,21.19,1488
16463,Sonico Pal alta,Temperatura,2015-08,18.30,1488
16463,Sonico Pal alta,Temperatura,2015-09,12.31,1440
16463,Sonico Pal alta,Temperatura,2015-10,8.76,1488
16463,Sonico Pal alta,Temperatura,2015-11,8.58,1440
16463,Sonico Pal alta,Temperatura,2015-12,5.91,1488
16463,Sonico Pal alta,Temperatura,2016-01,1.45,1488
16463,Sonico Pal alta,Temperatura,2016-02,2.73,1391
16463,Sonico Pal alta,Temperatura,2016-03,4.09,1488
16463,Sonico Pal alta,Temperatura,2016-04,8.71,1440
16463,Sonico Pal alta,Temperatura,2016-05,10.67,1487
16463,Sonico Pal alta,Temperatura,2016-06,14.51,1440
16463,Sonico Pal alta,Temperatura,2016-07,17.87,1488
16463,Sonico Pal alta,Temperatura,2016-08,17.10,1488
16463,Sonico Pal alta,Temperatura,2016-09,15.51,1440
16463,Sonico Pal alta,Temperatura,2016-10,8.49,1488
16463,Sonico Pal alta,Temperatura,2016-11,4.58,1440
16463,Sonico Pal alta,Temperatura,2016-12,5.61,1488
16463,Sonico Pal alta,Temperatura,2017-01,-1.03,1488
16463,Sonico Pal alta,Temperatura,2017-02,2.95,1344
16463,Sonico Pal alta,Temperatura,2017-03,7.46,1488
16463,Sonico Pal alta,Temperatura,2017-04,8.87,1440
16463,Sonico Pal alta,Temperatura,2017-05,12.58,1488
16463,Sonico Pal alta,Temperatura,2017-06,17.79,1440
16463,Sonico Pal alta,Temperatura,2017-07,18.22,1488
16463,Sonico Pal alta,Temperatura,2017-08,18.95,1488
16463,Sonico Pal alta,Temperatura,2017-09,11.42,1440
16463,Sonico Pal alta,Temperatura,2017-10,11.52,1488
16463,Sonico Pal alta,Temperatura,2017-11,4.17,1440
16463,Sonico Pal alta,Temperatura,2017-12,0.85,1488
16463,Sonico Pal alta,Temperatura,2018-01,2.74,1488
16463,Sonico Pal alta,Temperatura,2018-02,-1.87,1344
16463,Sonico Pal alta,Temperatura,2018-03,2.13,1488
16463,Sonico Pal alta,Temperatura,2018-04,10.34,1440
16463,Sonico Pal alta,Temperatura,2018-05,12.15,1488
16463,Sonico Pal alta,Temperatura,2018-06,16.76,1440
16463,Sonico Pal alta,Temperatura,2018-07,18.49,1488
16463,Sonico Pal alta,Temperatura,2018-08,18.11,1488
16463,Sonico Pal alta,Temperatura,2018-09,15.59,1440
16463,Sonico Pal alta,Temperatura,2018-10,11.29,1488
16463,Sonico Pal alta,Temperatura,2018-11,5.49,1400
16463,Sonico Pal alta,Temperatura,2018-12,3.33,1488
16463,Sonico Pal alta,Temperatura,2019-01,0.46,1487
16463,Sonico Pal alta,Temperatura,2019-02,4.75,1341
16463,Sonico Pal alta,Temperatura,2019-03,6.27,1440
16463,Sonico Pal alta,Temperatura,2019-04,7.05,1428
16463,Sonico Pal alta,Temperatura,2019-05,8.93,1480
16463,Sonico Pal alta,Temperatura,2019-06,18.65,1439
16463,Sonico Pal alta,Temperatura,2019-07,19.02,1488
16463,Sonico Pal alta,Temperatura,2019-08,18.22,1488
16463,Sonico Pal alta,Temperatura,2019-09,14.27,1440
16463,Sonico Pal alta,Temperatura,2019-10,10.87,1488
16463,Sonico Pal alta,Temperatura,2019-11,3.87,1384
16463,Sonico Pal alta,Temperatura,2019-12,3.50,1484
16463,Sonico Pal alta,Temperatura,2020-01,3.32,1482
16463,Sonico Pal alta,Temperatura,2020-02,4.75,1391
16463,Sonico Pal alta,Temperatura,2020-03,3.59,1488
16463,Sonico Pal alta,Temperatura,2020-04,9.74,1440
16463,Sonico Pal alta,Temperatura,2020-05,12.38,1488
16463,Sonico Pal alta,Temperatura,2020-06,14.76,1413
16463,Sonico Pal alta,Temperatura,2020-07,18.09,1488
16463,Sonico Pal alta,Temperatura,2020-08,18.08,1475
16463,Sonico Pal alta,Temperatura,2020-09,14.53,1440
16463,Sonico Pal alta,Temperatura,2020-10,8.14,1488
16463,Sonico Pal alta,Temperatura,2020-11,6.95,1440
16463,Sonico Pal alta,Temperatura,2020-12,1.03,1434
16463,Sonico Pal alta,Temperatura,2021-01,-2.11,1
16463,Sonico Pal alta,Temperatura,2021-01,-0.59,1487
16463,Sonico Pal alta,Temperatura,2021-02,3.36,1344
16463,Sonico Pal alta,Temperatura,2021-03,4.67,1488
16463,Sonico Pal alta,Temperatura,2021-04,6.00,1440
16463,Sonico Pal alta,Temperatura,2021-05,9.92,1488
16463,Sonico Pal alta,Temperatura,2021-06,17.79,1440
16463,Sonico Pal alta,Temperatura,2021-07,17.62,1488
16463,Sonico Pal alta,Temperatura,2021-08,16.97,1488
16463,Sonico Pal alta,Temperatura,2021-09,14.98,1438
16463,Sonico Pal alta,Temperatura,2021-10,8.88,1488
16463,Sonico Pal alta,Temperatura,2021-11,5.22,1440
16463,Sonico Pal alta,Temperatura,2021-12,3.63,1488
16463,Sonico Pal alta,Temperatura,2022-01,4.28,1483
16463,Sonico Pal alta,Temperatura,2022-02,3.68,1332
16463,Sonico Pal alta,Temperatura,2022-03,3.97,1342
16463,Sonico Pal alta,Temperatura,2022-04,8.15,1229
16463,Sonico Pal alta,Temperatura,2022-05,14.05,1488
16463,Sonico Pal alta,Temperatura,2022-06,18.52,1440
16463,Sonico Pal alta,Temperatura,2022-07,21.50,1488
16463,Sonico Pal alta,Temperatura,2022-08,19.52,1487
16463,Sonico Pal alta,Temperatura,2022-09,13.45,1440
16463,Sonico Pal alta,Temperatura,2022-10,13.34,1402
16463,Sonico Pal alta,Temperatura,2022-11,6.01,1439
16463,Sonico Pal alta,Temperatura,2022-12,2.52,1485
16463,Sonico Pal alta,Temperatura,2023-01,2.07,1480
16463,Sonico Pal alta,Temperatura,2023-02,4.10,1344
16463,Sonico Pal alta,Temperatura,2023-03,5.88,1488
16463,Sonico Pal alta,Temperatura,2023-04,7.26,1439
16463,Sonico Pal alta,Temperatura,2023-05,11.59,1488
16463,Sonico Pal alta,Temperatura,2023-06,16.83,1439
16463,Sonico Pal alta,Temperatura,2023-07,18.63,1488
16463,Sonico Pal alta,Temperatura,2023-08,19.30,1442
16463,Sonico Pal alta,Temperatura,2023-09,16.21,1440
16463,Sonico Pal alta,Temperatura,2023-10,12.78,1488
16463,Sonico Pal alta,Temperatura,2023-11,4.86,1433
16463,Sonico Pal alta,Temperatura,2023-12,4.59,1488
16463,Sonico Pal alta,Temperatura,2024-01,3.18,1488
16463,Sonico Pal alta,Temperatura,2024-02,5.95,1392
16463,Sonico Pal alta,Temperatura,2024-03,5.79,1482
16463,Sonico Pal alta,Temperatura,2024-04,8.89,1440
16463,Sonico Pal alta,Temperatura,2024-05,10.91,1487
16463,Sonico Pal alta,Temperatura,2024-06,15.64,1440
16463,Sonico Pal alta,Temperatura,2024-07,19.55,1488
16463,Sonico Pal alta,Temperatura,2024-08,21.13,1488
16463,Sonico Pal alta,Temperatura,2024-09,13.55,1440
16463,Sonico Pal alta,Temperatura,2024-10,10.74,1488
16463,Sonico Pal alta,Temperatura,2024-11,6.35,1439
16463,Sonico Pal alta,Temperatura,2024-12,3.04,1335
16463,Sonico Pal alta,Temperatura,2025-01,0.64,1480
16463,Sonico Pal alta,Temperatura,2025-02,1.18,1341
16463,Sonico Pal alta,Temperatura,2025-03,4.08,1483
16463,Sonico Pal alta,Temperatura,2025-04,7.88,1437
16463,Sonico Pal alta,Temperatura,2025-05,10.70,1484
16463,Sonico Pal alta,Temperatura,2025-06,17.69,1429
16463,Sonico Pal alta,Temperatura,2025-07,15.94,1485
16463,Sonico Pal alta,Temperatura,2025-08,16.67,1481
16463,Sonico Pal alta,Temperatura,2025-09,12.38,1438
16463,Sonico Pal alta,Temperatura,2025-10,8.04,1476
16463,Sonico Pal alta,Temperatura,2025-11,3.43,1432
16463,Sonico Pal alta,Temperatura,2025-12,3.15,1484
16463,Sonico Pal alta,Temperatura,2026-01,-0.85,1487
16463,Sonico Pal alta,Temperatura,2026-02,2.83,1341
16463,Sonico Pal alta,Temperatura,2026-03,4.70,1
17360,Gianico Val Vedetta,Temperatura,2015-05,13.22,3570
17360,Gianico Val Vedetta,Temperatura,2015-06,16.59,4320
17360,Gianico Val Vedetta,Temperatura,2015-07,21.44,4463
17360,Gianico Val Vedetta,Temperatura,2015-08,18.42,4464
17360,Gianico Val Vedetta,Temperatura,2015-09,13.00,4320
17360,Gianico Val Vedetta,Temperatura,2015-10,8.74,4463
17360,Gianico Val Vedetta,Temperatura,2015-11,7.93,4318
17360,Gianico Val Vedetta,Temperatura,2015-12,5.28,4464
17360,Gianico Val Vedetta,Temperatura,2016-01,1.29,4464
17360,Gianico Val Vedetta,Temperatura,2016-02,2.99,4176
17360,Gianico Val Vedetta,Temperatura,2016-03,4.27,4464
17360,Gianico Val Vedetta,Temperatura,2016-04,9.15,4318
17360,Gianico Val Vedetta,Temperatura,2016-05,11.03,4464
17360,Gianico Val Vedetta,Temperatura,2016-06,15.06,4318
17360,Gianico Val Vedetta,Temperatura,2016-07,18.81,4464
17360,Gianico Val Vedetta,Temperatura,2016-08,17.21,4463
17360,Gianico Val Vedetta,Temperatura,2016-09,15.25,4320
17360,Gianico Val Vedetta,Temperatura,2016-10,8.50,4354
17360,Gianico Val Vedetta,Temperatura,2016-11,4.96,4320
17360,Gianico Val Vedetta,Temperatura,2016-12,4.92,4459
17360,Gianico Val Vedetta,Temperatura,2017-01,-1.36,4450
17360,Gianico Val Vedetta,Temperatura,2017-02,3.02,4030
17360,Gianico Val Vedetta,Temperatura,2017-03,7.55,4460
17360,Gianico Val Vedetta,Temperatura,2017-04,8.92,4319
17360,Gianico Val Vedetta,Temperatura,2017-05,12.80,4461
17360,Gianico Val Vedetta,Temperatura,2017-06,17.98,3901
17360,Gianico Val Vedetta,Temperatura,2017-07,18.69,4464
17360,Gianico Val Vedetta,Temperatura,2017-08,19.54,4464
17360,Gianico Val Vedetta,Temperatura,2017-09,11.90,4320
17360,Gianico Val Vedetta,Temperatura,2017-10,11.01,4464
17360,Gianico Val Vedetta,Temperatura,2017-11,4.47,4320
17360,Gianico Val Vedetta,Temperatura,2017-12,1.35,4464
17360,Gianico Val Vedetta,Temperatura,2018-01,2.90,4464
17360,Gianico Val Vedetta,Temperatura,2018-02,-1.76,4032
17360,Gianico Val Vedetta,Temperatura,2018-03,2.37,4460
17360,Gianico Val Vedetta,Temperatura,2018-04,10.77,4320
17360,Gianico Val Vedetta,Temperatura,2018-05,12.58,4464
17360,Gianico Val Vedetta,Temperatura,2018-06,16.64,4116
17360,Gianico Val Vedetta,Temperatura,2018-07,18.74,4464
17360,Gianico Val Vedetta,Temperatura,2018-08,18.64,4022
17360,Gianico Val Vedetta,Temperatura,2018-09,15.33,4320
17360,Gianico Val Vedetta,Temperatura,2018-10,11.14,4464
17360,Gianico Val Vedetta,Temperatura,2018-11,5.82,4313
17360,Gianico Val Vedetta,Temperatura,2018-12,2.76,4367
17360,Gianico Val Vedetta,Temperatura,2019-01,0.50,4425
17360,Gianico Val Vedetta,Temperatura,2019-02,5.15,3847
17360,Gianico Val Vedetta,Temperatura,2019-03,6.32,4464
17360,Gianico Val Vedetta,Temperatura,2019-04,7.70,4320
17360,Gianico Val Vedetta,Temperatura,2019-05,9.13,4464
17360,Gianico Val Vedetta,Temperatura,2019-06,18.80,4320
17360,Gianico Val Vedetta,Temperatura,2019-07,19.28,4430
17360,Gianico Val Vedetta,Temperatura,2019-08,18.50,4462
17360,Gianico Val Vedetta,Temperatura,2019-09,14.16,4319
17360,Gianico Val Vedetta,Temperatura,2019-10,10.81,4461
17360,Gianico Val Vedetta,Temperatura,2019-11,5.00,4320
17360,Gianico Val Vedetta,Temperatura,2019-12,3.51,4464
17360,Gianico Val Vedetta,Temperatura,2020-01,3.20,4464
17360,Gianico Val Vedetta,Temperatura,2020-02,4.76,4176
17360,Gianico Val Vedetta,Temperatura,2020-03,4.02,4464
17360,Gianico Val Vedetta,Temperatura,2020-04,9.56,4319
17360,Gianico Val Vedetta,Temperatura,2020-05,12.40,4464
17360,Gianico Val Vedetta,Temperatura,2020-06,14.95,4320
17360,Gianico Val Vedetta,Temperatura,2020-07,17.78,4155
17360,Gianico Val Vedetta,Temperatura,2020-08,18.36,4462
17360,Gianico Val Vedetta,Temperatura,2020-09,14.38,4319
17360,Gianico Val Vedetta,Temperatura,2020-10,8.33,4464
17360,Gianico Val Vedetta,Temperatura,2020-11,6.31,4319
17360,Gianico Val Vedetta,Temperatura,2020-12,1.70,4464
17360,Gianico Val Vedetta,Temperatura,2021-01,-1.03,1
17360,Gianico Val Vedetta,Temperatura,2021-01,-0.33,4463
17360,Gianico Val Vedetta,Temperatura,2021-02,3.50,4032
17360,Gianico Val Vedetta,Temperatura,2021-03,4.58,4463
17360,Gianico Val Vedetta,Temperatura,2021-04,6.34,4320
17360,Gianico Val Vedetta,Temperatura,2021-05,10.45,4464
17360,Gianico Val Vedetta,Temperatura,2021-06,18.03,4102
17360,Gianico Val Vedetta,Temperatura,2021-07,18.09,4217
17360,Gianico Val Vedetta,Temperatura,2021-08,17.28,4460
17360,Gianico Val Vedetta,Temperatura,2021-09,14.82,4317
17360,Gianico Val Vedetta,Temperatura,2021-10,8.57,4460
17360,Gianico Val Vedetta,Temperatura,2021-11,5.20,4319
17360,Gianico Val Vedetta,Temperatura,2021-12,3.40,4464
17360,Gianico Val Vedetta,Temperatura,2022-01,3.67,4435
17360,Gianico Val Vedetta,Temperatura,2022-02,3.58,4032
17360,Gianico Val Vedetta,Temperatura,2022-03,3.93,4464
17360,Gianico Val Vedetta,Temperatura,2022-04,7.29,4320
17360,Gianico Val Vedetta,Temperatura,2022-05,14.17,4462
17360,Gianico Val Vedetta,Temperatura,2022-06,18.56,4313
17360,Gianico Val Vedetta,Temperatura,2022-07,21.19,4460
17360,Gianico Val Vedetta,Temperatura,2022-08,19.17,4462
17360,Gianico Val Vedetta,Temperatura,2022-09,13.46,4319
17360,Gianico Val Vedetta,Temperatura,2022-10,12.97,4460
17360,Gianico Val Vedetta,Temperatura,2022-11,6.33,4316
17360,Gianico Val Vedetta,Temperatura,2022-12,2.72,4464
17360,Gianico Val Vedetta,Temperatura,2023-01,2.14,4458
17360,Gianico Val Vedetta,Temperatura,2023-02,3.44,4032
17360,Gianico Val Vedetta,Temperatura,2023-03,6.03,4461
17360,Gianico Val Vedetta,Temperatura,2023-04,7.37,4320
17360,Gianico Val Vedetta,Temperatura,2023-05,11.64,4382
17360,Gianico Val Vedetta,Temperatura,2023-06,16.89,4314
17360,Gianico Val Vedetta,Temperatura,2023-07,18.79,4453
17360,Gianico Val Vedetta,Temperatura,2023-08,18.98,4280
17360,Gianico Val Vedetta,Temperatura,2023-09,15.80,4252
17360,Gianico Val Vedetta,Temperatura,2023-10,12.44,4464
17360,Gianico Val Vedetta,Temperatura,2023-11,4.99,4319
17360,Gianico Val Vedetta,Temperatura,2023-12,4.40,4394
17360,Gianico Val Vedetta,Temperatura,2024-01,2.99,4464
17360,Gianico Val Vedetta,Temperatura,2024-02,5.97,4174
17360,Gianico Val Vedetta,Temperatura,2024-03,6.30,4462
17360,Gianico Val Vedetta,Temperatura,2024-04,9.03,4292
17360,Gianico Val Vedetta,Temperatura,2024-05,11.17,4165
17360,Gianico Val Vedetta,Temperatura,2024-06,15.96,3869
17360,Gianico Val Vedetta,Temperatura,2024-07,19.36,3361
17360,Gianico Val Vedetta,Temperatura,2024-08,20.65,3776
17360,Gianico Val Vedetta,Temperatura,2024-09,13.58,4301
17360,Gianico Val Vedetta,Temperatura,2024-10,10.85,4458
17360,Gianico Val Vedetta,Temperatura,2024-11,5.79,4312
17360,Gianico Val Vedetta,Temperatura,2024-12,3.32,4459
17360,Gianico Val Vedetta,Temperatura,2025-01,2.06,4448
17360,Gianico Val Vedetta,Temperatura,2025-02,2.32,4030
17360,Gianico Val Vedetta,Temperatura,2025-03,5.44,4454
17360,Gianico Val Vedetta,Temperatura,2025-04,9.34,4312
17360,Gianico Val Vedetta,Temperatura,2025-05,11.82,4224
17360,Gianico Val Vedetta,Temperatura,2025-06,19.24,4169
17360,Gianico Val Vedetta,Temperatura,2025-07,17.36,4446
17360,Gianico Val Vedetta,Temperatura,2025-08,18.04,4292
17360,Gianico Val Vedetta,Temperatura,2025-09,14.10,3933
17360,Gianico Val Vedetta,Temperatura,2025-10,9.08,4399
17360,Gianico Val Vedetta,Temperatura,2025-11,4.97,4305
17360,Gianico Val Vedetta,Temperatura,2025-12,4.42,4463
17360,Gianico Val Vedetta,Temperatura,2026-01,0.60,4462
17360,Gianico Val Vedetta,Temperatura,2026-02,3.94,4031
17360,Gianico Val Vedetta,Temperatura,2026-03,5.94,1
17443,Bienno Piazze,Temperatura,2018-07,22.81,2625
17443,Bienno Piazze,Temperatura,2018-08,22.45,4189
17443,Bienno Piazze,Temperatura,2018-09,19.31,4286
17443,Bienno Piazze,Temperatura,2018-10,14.52,4233
17443,Bienno Piazze,Temperatura,2018-11,8.65,3922
17443,Bienno Piazze,Temperatura,2018-12,3.85,4400
17443,Bienno Piazze,Temperatura,2019-01,2.74,4254
17443,Bienno Piazze,Temperatura,2019-02,6.74,3952
17443,Bienno Piazze,Temperatura,2019-03,9.84,4284
17443,Bienno Piazze,Temperatura,2019-04,11.73,4191
17443,Bienno Piazze,Temperatura,2019-05,13.22,4229
17443,Bienno Piazze,Temperatura,2019-06,22.58,4196
17443,Bienno Piazze,Temperatura,2019-07,23.29,4350
17443,Bienno Piazze,Temperatura,2019-08,22.61,4317
17443,Bienno Piazze,Temperatura,2019-09,18.00,4250
17443,Bienno Piazze,Temperatura,2019-10,14.02,4398
17443,Bienno Piazze,Temperatura,2019-11,7.69,4253
17443,Bienno Piazze,Temperatura,2019-12,5.08,4267
17443,Bienno Piazze,Temperatura,2020-01,4.26,4244
17443,Bienno Piazze,Temperatura,2020-02,7.02,3963
17443,Bienno Piazze,Temperatura,2020-03,7.77,4325
17443,Bienno Piazze,Temperatura,2020-04,13.48,4299
17443,Bienno Piazze,Temperatura,2020-05,16.69,4464
17443,Bienno Piazze,Temperatura,2020-06,19.08,4320
17443,Bienno Piazze,Temperatura,2020-07,22.10,4464
17443,Bienno Piazze,Temperatura,2020-08,22.11,4464
17443,Bienno Piazze,Temperatura,2020-09,18.38,4320
17443,Bienno Piazze,Temperatura,2020-10,11.43,4464
17443,Bienno Piazze,Temperatura,2020-11,8.01,4320
17443,Bienno Piazze,Temperatura,2020-12,3.82,4463
17443,Bienno Piazze,Temperatura,2021-01,1.00,1
17443,Bienno Piazze,Temperatura,2021-01,1.94,4462
17443,Bienno Piazze,Temperatura,2021-02,6.42,4032
17443,Bienno Piazze,Temperatura,2021-03,8.19,4463
17443,Bienno Piazze,Temperatura,2021-04,10.57,4320
17443,Bienno Piazze,Temperatura,2021-05,14.38,4464
17443,Bienno Piazze,Temperatura,2021-06,22.21,4320
17443,Bienno Piazze,Temperatura,2021-07,22.12,4464
17443,Bienno Piazze,Temperatura,2021-08,21.19,4463
17443,Bienno Piazze,Temperatura,2021-09,18.77,4320
17443,Bienno Piazze,Temperatura,2021-10,11.88,4464
17443,Bienno Piazze,Temperatura,2021-11,7.37,4320
17443,Bienno Piazze,Temperatura,2021-12,3.90,4464
17443,Bienno Piazze,Temperatura,2022-01,4.23,4461
17443,Bienno Piazze,Temperatura,2022-02,6.38,4031
17443,Bienno Piazze,Temperatura,2022-03,7.73,4464
17443,Bienno Piazze,Temperatura,2022-04,11.34,4320
17443,Bienno Piazze,Temperatura,2022-05,18.43,4464
17443,Bienno Piazze,Temperatura,2022-06,22.80,4320
17443,Bienno Piazze,Temperatura,2022-07,25.82,4464
17443,Bienno Piazze,Temperatura,2022-08,23.28,4464
17443,Bienno Piazze,Temperatura,2022-09,17.49,4319
17443,Bienno Piazze,Temperatura,2022-10,15.90,4464
17443,Bienno Piazze,Temperatura,2022-11,8.64,4292
17443,Bienno Piazze,Temperatura,2022-12,4.20,4462
17443,Bienno Piazze,Temperatura,2023-01,4.09,4460
17443,Bienno Piazze,Temperatura,2023-02,6.29,4031
17443,Bienno Piazze,Temperatura,2023-03,9.86,4462
17443,Bienno Piazze,Temperatura,2023-04,11.45,4319
17443,Bienno Piazze,Temperatura,2023-05,15.73,4464
17443,Bienno Piazze,Temperatura,2023-06,21.31,4319
17443,Bienno Piazze,Temperatura,2023-07,22.80,4463
17443,Bienno Piazze,Temperatura,2023-08,23.07,4464
17443,Bienno Piazze,Temperatura,2023-09,19.77,4320
17443,Bienno Piazze,Temperatura,2023-10,15.59,4464
17443,Bienno Piazze,Temperatura,2023-11,7.07,4314
17443,Bienno Piazze,Temperatura,2023-12,5.62,4464
17443,Bienno Piazze,Temperatura,2024-01,4.26,4458
17443,Bienno Piazze,Temperatura,2024-02,8.28,4175
17443,Bienno Piazze,Temperatura,2024-03,9.76,4464
17443,Bienno Piazze,Temperatura,2024-04,12.72,4319
17443,Bienno Piazze,Temperatura,2024-05,15.14,4461
17443,Bienno Piazze,Temperatura,2024-06,19.73,4320
17443,Bienno Piazze,Temperatura,2024-07,24.02,4464
17443,Bienno Piazze,Temperatura,2024-08,24.89,4464
17443,Bienno Piazze,Temperatura,2024-09,17.54,4320
17443,Bienno Piazze,Temperatura,2024-10,13.90,4464
17443,Bienno Piazze,Temperatura,2024-11,7.43,4319
17443,Bienno Piazze,Temperatura,2024-12,4.82,4464
17443,Bienno Piazze,Temperatura,2025-01,3.82,4464
17443,Bienno Piazze,Temperatura,2025-02,5.42,4032
17443,Bienno Piazze,Temperatura,2025-03,9.18,4464
17443,Bienno Piazze,Temperatura,2025-04,13.39,4320
17443,Bienno Piazze,Temperatura,2025-05,16.08,4464
17443,Bienno Piazze,Temperatura,2025-06,23.56,4319
17443,Bienno Piazze,Temperatura,2025-07,21.49,4464
17443,Bienno Piazze,Temperatura,2025-08,21.94,4464
17443,Bienno Piazze,Temperatura,2025-09,17.64,4320
17443,Bienno Piazze,Temperatura,2025-10,12.64,4461
17443,Bienno Piazze,Temperatura,2025-11,7.40,4300
17443,Bienno Piazze,Temperatura,2025-12,6.04,4463
17443,Bienno Piazze,Temperatura,2026-01,2.64,4464
17443,Bienno Piazze,Temperatura,2026-02,6.93,4031
17443,Bienno Piazze,Temperatura,2026-03,10.00,1
17562,Montichiari Boschetti,Temperatura,2018-12,1.38,2656
17562,Montichiari Boschetti,Temperatura,2019-01,2.31,4464
17562,Montichiari Boschetti,Temperatura,2019-02,6.06,4026
17562,Montichiari Boschetti,Temperatura,2019-03,10.23,4431
17562,Montichiari Boschetti,Temperatura,2019-04,13.49,4284
17562,Montichiari Boschetti,Temperatura,2019-05,15.38,4464
17562,Montichiari Boschetti,Temperatura,2019-06,26.08,4320
17562,Montichiari Boschetti,Temperatura,2019-07,26.42,4464
17562,Montichiari Boschetti,Temperatura,2019-08,25.62,4440
17562,Montichiari Boschetti,Temperatura,2019-09,20.14,4320
17562,Montichiari Boschetti,Temperatura,2019-10,16.11,4464
17562,Montichiari Boschetti,Temperatura,2019-11,11.18,4320
17562,Montichiari Boschetti,Temperatura,2019-12,6.02,4464
17562,Montichiari Boschetti,Temperatura,2020-01,3.78,4464
17562,Montichiari Boschetti,Temperatura,2020-02,7.94,4174
17562,Montichiari Boschetti,Temperatura,2020-03,9.47,4464
17562,Montichiari Boschetti,Temperatura,2020-04,15.05,4320
17562,Montichiari Boschetti,Temperatura,2020-05,19.26,4464
17562,Montichiari Boschetti,Temperatura,2020-06,21.99,4320
17562,Montichiari Boschetti,Temperatura,2020-07,24.98,4464
17562,Montichiari Boschetti,Temperatura,2020-08,25.40,4464
17562,Montichiari Boschetti,Temperatura,2020-09,20.98,4320
17562,Montichiari Boschetti,Temperatura,2020-10,13.47,4464
17562,Montichiari Boschetti,Temperatura,2020-11,8.70,4320
17562,Montichiari Boschetti,Temperatura,2020-12,5.34,4463
17562,Montichiari Boschetti,Temperatura,2021-01,3.30,1
17562,Montichiari Boschetti,Temperatura,2021-01,2.66,4463
17562,Montichiari Boschetti,Temperatura,2021-02,7.33,4032
17562,Montichiari Boschetti,Temperatura,2021-03,9.39,4463
17562,Montichiari Boschetti,Temperatura,2021-04,12.44,4320
17562,Montichiari Boschetti,Temperatura,2021-05,17.21,4464
17562,Montichiari Boschetti,Temperatura,2021-06,24.83,4320
17562,Montichiari Boschetti,Temperatura,2021-07,25.08,4464
17562,Montichiari Boschetti,Temperatura,2021-08,24.63,4463
17562,Montichiari Boschetti,Temperatura,2021-09,21.76,4320
17562,Montichiari Boschetti,Temperatura,2021-10,13.91,4463
17562,Montichiari Boschetti,Temperatura,2021-11,9.21,4320
17562,Montichiari Boschetti,Temperatura,2021-12,3.43,4464
17562,Montichiari Boschetti,Temperatura,2022-01,2.66,4456
17562,Montichiari Boschetti,Temperatura,2022-02,7.01,4032
17562,Montichiari Boschetti,Temperatura,2022-03,8.72,4463
17562,Montichiari Boschetti,Temperatura,2022-04,13.34,4320
17562,Montichiari Boschetti,Temperatura,2022-05,21.36,4464
17562,Montichiari Boschetti,Temperatura,2022-06,25.89,4320
17562,Montichiari Boschetti,Temperatura,2022-07,28.05,4464
17562,Montichiari Boschetti,Temperatura,2022-08,26.87,4464
17562,Montichiari Boschetti,Temperatura,2022-09,21.21,4320
17562,Montichiari Boschetti,Temperatura,2022-10,18.82,4452
17562,Montichiari Boschetti,Temperatura,2022-11,10.38,4319
17562,Montichiari Boschetti,Temperatura,2022-12,6.29,4462
17562,Montichiari Boschetti,Temperatura,2023-01,6.01,4460
17562,Montichiari Boschetti,Temperatura,2023-02,5.99,4031
17562,Montichiari Boschetti,Temperatura,2023-03,11.08,4461
17562,Montichiari Boschetti,Temperatura,2023-04,13.52,4319
17562,Montichiari Boschetti,Temperatura,2023-05,19.26,4463
17562,Montichiari Boschetti,Temperatura,2023-06,24.53,4319
17562,Montichiari Boschetti,Temperatura,2023-07,27.46,4463
17562,Montichiari Boschetti,Temperatura,2023-08,26.76,4464
17562,Montichiari Boschetti,Temperatura,2023-09,23.63,4320
17562,Montichiari Boschetti,Temperatura,2023-10,18.80,4464
17562,Montichiari Boschetti,Temperatura,2023-11,9.51,4314
17562,Montichiari Boschetti,Temperatura,2023-12,6.42,4464
17562,Montichiari Boschetti,Temperatura,2024-01,4.07,4458
17562,Montichiari Boschetti,Temperatura,2024-02,9.18,4176
17562,Montichiari Boschetti,Temperatura,2024-03,11.76,4463
17562,Montichiari Boschetti,Temperatura,2024-04,14.53,4320
17562,Montichiari Boschetti,Temperatura,2024-05,19.12,4461
17562,Montichiari Boschetti,Temperatura,2024-06,23.64,4319
17562,Montichiari Boschetti,Temperatura,2024-07,27.79,4464
17562,Montichiari Boschetti,Temperatura,2024-08,28.13,4463
17562,Montichiari Boschetti,Temperatura,2024-09,21.50,4320
17562,Montichiari Boschetti,Temperatura,2024-10,17.40,4464
17562,Montichiari Boschetti,Temperatura,2024-11,8.06,4320
17562,Montichiari Boschetti,Temperatura,2024-12,4.36,4464
17562,Montichiari Boschetti,Temperatura,2025-01,5.35,4464
17562,Montichiari Boschetti,Temperatura,2025-02,6.80,4032
17562,Montichiari Boschetti,Temperatura,2025-03,10.98,4464
17562,Montichiari Boschetti,Temperatura,2025-04,15.50,4320
17562,Montichiari Boschetti,Temperatura,2025-05,19.59,4464
17562,Montichiari Boschetti,Temperatura,2025-06,26.63,4319
17562,Montichiari Boschetti,Temperatura,2025-07,25.54,4464
17562,Montichiari Boschetti,Temperatura,2025-08,26.03,4464
17562,Montichiari Boschetti,Temperatura,2025-09,21.78,4320
17562,Montichiari Boschetti,Temperatura,2025-10,15.15,4462
17562,Montichiari Boschetti,Temperatura,2025-11,8.88,4292
17562,Montichiari Boschetti,Temperatura,2025-12,5.88,4463
17562,Montichiari Boschetti,Temperatura,2026-01,2.70,4464
17562,Montichiari Boschetti,Temperatura,2026-02,7.43,4032
17562,Montichiari Boschetti,Temperatura,2026-03,9.00,1
19345,Padenghe sul Garda v.Fondrini,Temperatura,2016-07,24.47,2419
19345,Padenghe sul Garda v.Fondrini,Temperatura,2016-08,22.79,4343
19345,Padenghe sul Garda v.Fondrini,Temperatura,2016-09,20.73,4320
19345,Padenghe sul Garda v.Fondrini,Temperatura,2016-10,13.00,4462
19345,Padenghe sul Garda v.Fondrini,Temperatura,2016-11,8.63,4320
19345,Padenghe sul Garda v.Fondrini,Temperatura,2016-12,3.83,4464
19345,Padenghe sul Garda v.Fondrini,Temperatura,2017-01,0.77,4427
19345,Padenghe sul Garda v.Fondrini,Temperatura,2017-02,6.10,3659
19345,Padenghe sul Garda v.Fondrini,Temperatura,2017-03,11.05,4446
19345,Padenghe sul Garda v.Fondrini,Temperatura,2017-04,13.31,4320
19345,Padenghe sul Garda v.Fondrini,Temperatura,2017-05,17.56,4463
19345,Padenghe sul Garda v.Fondrini,Temperatura,2017-06,23.14,4317
19345,Padenghe sul Garda v.Fondrini,Temperatura,2017-07,24.07,4462
19345,Padenghe sul Garda v.Fondrini,Temperatura,2017-08,24.07,3559
19345,Padenghe sul Garda v.Fondrini,Temperatura,2017-09,17.38,1043
19345,Padenghe sul Garda v.Fondrini,Temperatura,2017-10,13.19,4457
19345,Padenghe sul Garda v.Fondrini,Temperatura,2017-11,6.96,4320
19345,Padenghe sul Garda v.Fondrini,Temperatura,2017-12,2.35,4168
19345,Padenghe sul Garda v.Fondrini,Temperatura,2018-01,4.96,4464
19345,Padenghe sul Garda v.Fondrini,Temperatura,2018-02,2.74,3833
19345,Padenghe sul Garda v.Fondrini,Temperatura,2018-03,6.59,3959
19345,Padenghe sul Garda v.Fondrini,Temperatura,2018-04,14.79,4320
19345,Padenghe sul Garda v.Fondrini,Temperatura,2018-05,17.93,4464
19345,Padenghe sul Garda v.Fondrini,Temperatura,2018-06,22.21,4314
19345,Padenghe sul Garda v.Fondrini,Temperatura,2018-07,24.35,4464
19345,Padenghe sul Garda v.Fondrini,Temperatura,2018-08,24.61,4458
19345,Padenghe sul Garda v.Fondrini,Temperatura,2018-09,19.95,4314
19345,Padenghe sul Garda v.Fondrini,Temperatura,2018-10,15.08,4458
19345,Padenghe sul Garda v.Fondrini,Temperatura,2018-11,9.55,4320
19345,Padenghe sul Garda v.Fondrini,Temperatura,2018-12,3.33,4307
19345,Padenghe sul Garda v.Fondrini,Temperatura,2019-01,2.49,4278
19345,Padenghe sul Garda v.Fondrini,Temperatura,2019-02,5.94,3701
19345,Padenghe sul Garda v.Fondrini,Temperatura,2019-03,9.39,4464
19345,Padenghe sul Garda v.Fondrini,Temperatura,2019-04,12.11,4313
19345,Padenghe sul Garda v.Fondrini,Temperatura,2019-05,13.81,4464
19345,Padenghe sul Garda v.Fondrini,Temperatura,2019-06,24.31,4320
19345,Padenghe sul Garda v.Fondrini,Temperatura,2019-07,25.06,4457
19345,Padenghe sul Garda v.Fondrini,Temperatura,2019-08,24.57,4256
19345,Padenghe sul Garda v.Fondrini,Temperatura,2019-09,19.52,3712
19345,Padenghe sul Garda v.Fondrini,Temperatura,2019-10,14.97,4259
19345,Padenghe sul Garda v.Fondrini,Temperatura,2019-11,9.18,4320
19345,Padenghe sul Garda v.Fondrini,Temperatura,2019-12,5.62,4463
19345,Padenghe sul Garda v.Fondrini,Temperatura,2020-01,4.04,4464
19345,Padenghe sul Garda v.Fondrini,Temperatura,2020-02,7.14,4176
19345,Padenghe sul Garda v.Fondrini,Temperatura,2020-03,8.51,4464
19345,Padenghe sul Garda v.Fondrini,Temperatura,2020-04,13.78,4320
19345,Padenghe sul Garda v.Fondrini,Temperatura,2020-05,18.05,4464
19345,Padenghe sul Garda v.Fondrini,Temperatura,2020-06,21.11,4320
19345,Padenghe sul Garda v.Fondrini,Temperatura,2020-07,24.07,4464
19345,Padenghe sul Garda v.Fondrini,Temperatura,2020-08,24.03,4463
19345,Padenghe sul Garda v.Fondrini,Temperatura,2020-09,19.79,4320
19345,Padenghe sul Garda v.Fondrini,Temperatura,2020-10,12.64,4428
19345,Padenghe sul Garda v.Fondrini,Temperatura,2020-11,8.58,4318
19345,Padenghe sul Garda v.Fondrini,Temperatura,2020-12,5.15,4457
19345,Padenghe sul Garda v.Fondrini,Temperatura,2021-01,4.33,1
19345,Padenghe sul Garda v.Fondrini,Temperatura,2021-01,2.47,4444
19345,Padenghe sul Garda v.Fondrini,Temperatura,2021-02,6.75,4031
19345,Padenghe sul Garda v.Fondrini,Temperatura,2021-03,8.53,4460
19345,Padenghe sul Garda v.Fondrini,Temperatura,2021-04,11.51,4304
19345,Padenghe sul Garda v.Fondrini,Temperatura,2021-05,16.16,4458
19345,Padenghe sul Garda v.Fondrini,Temperatura,2021-06,24.21,4319
19345,Padenghe sul Garda v.Fondrini,Temperatura,2021-07,24.76,4464
19345,Padenghe sul Garda v.Fondrini,Temperatura,2021-08,24.03,4461
19345,Padenghe sul Garda v.Fondrini,Temperatura,2021-09,21.10,4317
19345,Padenghe sul Garda v.Fondrini,Temperatura,2021-10,13.58,4457
19345,Padenghe sul Garda v.Fondrini,Temperatura,2021-11,9.03,4317
19345,Padenghe sul Garda v.Fondrini,Temperatura,2021-12,4.07,4459
19345,Padenghe sul Garda v.Fondrini,Temperatura,2022-01,3.64,4452
19345,Padenghe sul Garda v.Fondrini,Temperatura,2022-02,6.81,4032
19345,Padenghe sul Garda v.Fondrini,Temperatura,2022-03,8.51,4463
19345,Padenghe sul Garda v.Fondrini,Temperatura,2022-04,12.52,4320
19345,Padenghe sul Garda v.Fondrini,Temperatura,2022-05,20.43,4464
19345,Padenghe sul Garda v.Fondrini,Temperatura,2022-06,25.53,3744
19345,Padenghe sul Garda v.Fondrini,Temperatura,2022-07,27.93,4461
19345,Padenghe sul Garda v.Fondrini,Temperatura,2022-08,25.65,4425
19345,Padenghe sul Garda v.Fondrini,Temperatura,2022-09,19.79,4313
19345,Padenghe sul Garda v.Fondrini,Temperatura,2022-10,17.27,4461
19345,Padenghe sul Garda v.Fondrini,Temperatura,2022-11,9.85,4319
19345,Padenghe sul Garda v.Fondrini,Temperatura,2022-12,6.72,2621
19345,Padenghe sul Garda v.Fondrini,Temperatura,2023-01,5.70,4433
19345,Padenghe sul Garda v.Fondrini,Temperatura,2023-02,5.92,4032
19345,Padenghe sul Garda v.Fondrini,Temperatura,2023-03,10.59,4464
19345,Padenghe sul Garda v.Fondrini,Temperatura,2023-04,12.86,4320
19345,Padenghe sul Garda v.Fondrini,Temperatura,2023-05,18.11,4464
19345,Padenghe sul Garda v.Fondrini,Temperatura,2023-06,23.40,4315
19345,Padenghe sul Garda v.Fondrini,Temperatura,2023-07,25.32,4461
19345,Padenghe sul Garda v.Fondrini,Temperatura,2023-08,25.17,4464
19345,Padenghe sul Garda v.Fondrini,Temperatura,2023-09,21.97,4320
19345,Padenghe sul Garda v.Fondrini,Temperatura,2023-10,17.14,4464
19345,Padenghe sul Garda v.Fondrini,Temperatura,2023-11,8.66,4320
19345,Padenghe sul Garda v.Fondrini,Temperatura,2023-12,6.24,4464
19345,Padenghe sul Garda v.Fondrini,Temperatura,2024-01,4.39,4460
19345,Padenghe sul Garda v.Fondrini,Temperatura,2024-02,8.47,4171
19345,Padenghe sul Garda v.Fondrini,Temperatura,2024-03,11.00,4463
19345,Padenghe sul Garda v.Fondrini,Temperatura,2024-04,13.78,4320
19345,Padenghe sul Garda v.Fondrini,Temperatura,2024-05,17.53,4461
19345,Padenghe sul Garda v.Fondrini,Temperatura,2024-06,22.25,4320
19345,Padenghe sul Garda v.Fondrini,Temperatura,2024-07,26.65,4463
19345,Padenghe sul Garda v.Fondrini,Temperatura,2024-08,27.57,4464
19345,Padenghe sul Garda v.Fondrini,Temperatura,2024-09,19.83,4319
19345,Padenghe sul Garda v.Fondrini,Temperatura,2024-10,15.56,4464
19345,Padenghe sul Garda v.Fondrini,Temperatura,2024-11,8.04,4319
19345,Padenghe sul Garda v.Fondrini,Temperatura,2024-12,4.78,4464
19345,Padenghe sul Garda v.Fondrini,Temperatura,2025-01,4.98,4463
19345,Padenghe sul Garda v.Fondrini,Temperatura,2025-02,6.16,4006
19345,Padenghe sul Garda v.Fondrini,Temperatura,2025-03,10.27,4301
19345,Padenghe sul Garda v.Fondrini,Temperatura,2025-04,14.49,4131
19345,Padenghe sul Garda v.Fondrini,Temperatura,2025-05,18.19,4427
19345,Padenghe sul Garda v.Fondrini,Temperatura,2025-06,26.09,4190
19345,Padenghe sul Garda v.Fondrini,Temperatura,2025-07,24.84,4438
19345,Padenghe sul Garda v.Fondrini,Temperatura,2025-08,24.61,4355
19345,Padenghe sul Garda v.Fondrini,Temperatura,2025-09,19.88,4318
19345,Padenghe sul Garda v.Fondrini,Temperatura,2025-10,13.83,4458
19345,Padenghe sul Garda v.Fondrini,Temperatura,2025-11,8.27,4315
19345,Padenghe sul Garda v.Fondrini,Temperatura,2025-12,6.52,4462
19345,Padenghe sul Garda v.Fondrini,Temperatura,2026-01,3.28,4463
19345,Padenghe sul Garda v.Fondrini,Temperatura,2026-02,7.76,4028
19345,Padenghe sul Garda v.Fondrini,Temperatura,2026-03,9.80,1
22003,Tavernole sul Mella Monte Guglielmo,Temperatura,2019-10,8.02,2095
22003,Tavernole sul Mella Monte Guglielmo,Temperatura,2019-11,0.75,3635
22003,Tavernole sul Mella Monte Guglielmo,Temperatura,2019-12,0.85,3824
22003,Tavernole sul Mella Monte Guglielmo,Temperatura,2020-01,0.48,3760
22003,Tavernole sul Mella Monte Guglielmo,Temperatura,2020-02,0.88,3549
22003,Tavernole sul Mella Monte Guglielmo,Temperatura,2020-03,-0.54,3831
22003,Tavernole sul Mella Monte Guglielmo,Temperatura,2020-04,4.65,3908
22003,Tavernole sul Mella Monte Guglielmo,Temperatura,2020-05,7.38,3830
22003,Tavernole sul Mella Monte Guglielmo,Temperatura,2020-06,10.12,3873
22003,Tavernole sul Mella Monte Guglielmo,Temperatura,2020-07,13.29,4365
22003,Tavernole sul Mella Monte Guglielmo,Temperatura,2020-08,14.04,4359
22003,Tavernole sul Mella Monte Guglielmo,Temperatura,2020-09,10.44,4219
22003,Tavernole sul Mella Monte Guglielmo,Temperatura,2020-10,5.21,3361
22003,Tavernole sul Mella Monte Guglielmo,Temperatura,2020-11,4.52,3786
22003,Tavernole sul Mella Monte Guglielmo,Temperatura,2020-12,-0.70,3112
22003,Tavernole sul Mella Monte Guglielmo,Temperatura,2021-01,-3.79,3361
22003,Tavernole sul Mella Monte Guglielmo,Temperatura,2021-02,0.34,3686
22003,Tavernole sul Mella Monte Guglielmo,Temperatura,2021-03,-0.19,4335
22003,Tavernole sul Mella Monte Guglielmo,Temperatura,2021-04,0.40,4216
22003,Tavernole sul Mella Monte Guglielmo,Temperatura,2021-05,4.87,4359
22003,Tavernole sul Mella Monte Guglielmo,Temperatura,2021-06,12.55,4217
22003,Tavernole sul Mella Monte Guglielmo,Temperatura,2021-07,13.32,4358
22003,Tavernole sul Mella Monte Guglielmo,Temperatura,2021-08,12.64,4317
22003,Tavernole sul Mella Monte Guglielmo,Temperatura,2021-09,10.56,4209
22003,Tavernole sul Mella Monte Guglielmo,Temperatura,2021-10,5.48,4283
22003,Tavernole sul Mella Monte Guglielmo,Temperatura,2021-11,2.20,4220
22003,Tavernole sul Mella Monte Guglielmo,Temperatura,2021-12,0.66,4364
22003,Tavernole sul Mella Monte Guglielmo,Temperatura,2022-01,1.17,4132
22003,Tavernole sul Mella Monte Guglielmo,Temperatura,2022-02,-0.14,3931
22003,Tavernole sul Mella Monte Guglielmo,Temperatura,2022-03,-0.80,4306
22003,Tavernole sul Mella Monte Guglielmo,Temperatura,2022-04,2.08,4212
22003,Tavernole sul Mella Monte Guglielmo,Temperatura,2022-05,9.14,4264
22003,Tavernole sul Mella Monte Guglielmo,Temperatura,2022-06,13.74,4222
22003,Tavernole sul Mella Monte Guglielmo,Temperatura,2022-07,15.71,4357
22003,Tavernole sul Mella Monte Guglielmo,Temperatura,2022-08,14.24,3715
22003,Tavernole sul Mella Monte Guglielmo,Temperatura,2022-09,8.64,4214
22003,Tavernole sul Mella Monte Guglielmo,Temperatura,2022-10,9.84,4353
22003,Tavernole sul Mella Monte Guglielmo,Temperatura,2022-11,2.46,3804
22003,Tavernole sul Mella Monte Guglielmo,Temperatura,2022-12,-0.41,4258
22003,Tavernole sul Mella Monte Guglielmo,Temperatura,2023-01,-1.38,4139
22003,Tavernole sul Mella Monte Guglielmo,Temperatura,2023-02,0.58,3799
22003,Tavernole sul Mella Monte Guglielmo,Temperatura,2023-03,1.24,4271
22003,Tavernole sul Mella Monte Guglielmo,Temperatura,2023-04,1.67,4157
22003,Tavernole sul Mella Monte Guglielmo,Temperatura,2023-05,6.60,4103
22003,Tavernole sul Mella Monte Guglielmo,Temperatura,2023-06,11.34,3384
22003,Tavernole sul Mella Monte Guglielmo,Temperatura,2023-07,14.26,4169
22003,Tavernole sul Mella Monte Guglielmo,Temperatura,2023-08,14.24,3794
22003,Tavernole sul Mella Monte Guglielmo,Temperatura,2023-09,11.82,3318
22003,Tavernole sul Mella Monte Guglielmo,Temperatura,2023-10,10.06,3463
22003,Tavernole sul Mella Monte Guglielmo,Temperatura,2023-11,1.78,3804
22003,Tavernole sul Mella Monte Guglielmo,Temperatura,2023-12,1.95,4248
22003,Tavernole sul Mella Monte Guglielmo,Temperatura,2024-01,0.60,4426
22003,Tavernole sul Mella Monte Guglielmo,Temperatura,2024-02,2.34,4149
22003,Tavernole sul Mella Monte Guglielmo,Temperatura,2024-03,1.38,4400
22003,Tavernole sul Mella Monte Guglielmo,Temperatura,2024-04,4.11,4282
22003,Tavernole sul Mella Monte Guglielmo,Temperatura,2024-05,6.11,4417
22003,Tavernole sul Mella Monte Guglielmo,Temperatura,2024-06,11.25,3728
22003,Tavernole sul Mella Monte Guglielmo,Temperatura,2024-07,14.82,4384
22003,Tavernole sul Mella Monte Guglielmo,Temperatura,2024-08,16.33,4376
22003,Tavernole sul Mella Monte Guglielmo,Temperatura,2024-09,8.90,3864
22003,Tavernole sul Mella Monte Guglielmo,Temperatura,2024-10,7.39,4366
22003,Tavernole sul Mella Monte Guglielmo,Temperatura,2024-11,3.64,4009
22003,Tavernole sul Mella Monte Guglielmo,Temperatura,2024-12,1.06,4083
22003,Tavernole sul Mella Monte Guglielmo,Temperatura,2025-01,-1.09,4157
22003,Tavernole sul Mella Monte Guglielmo,Temperatura,2025-02,-0.61,3928
22003,Tavernole sul Mella Monte Guglielmo,Temperatura,2025-03,0.36,3813
22003,Tavernole sul Mella Monte Guglielmo,Temperatura,2025-04,4.12,4195
22003,Tavernole sul Mella Monte Guglielmo,Temperatura,2025-05,6.83,4350
22003,Tavernole sul Mella Monte Guglielmo,Temperatura,2025-06,14.45,4171
22003,Tavernole sul Mella Monte Guglielmo,Temperatura,2025-07,12.97,4344
22003,Tavernole sul Mella Monte Guglielmo,Temperatura,2025-08,13.79,4352
22003,Tavernole sul Mella Monte Guglielmo,Temperatura,2025-09,10.12,4189
22003,Tavernole sul Mella Monte Guglielmo,Temperatura,2025-10,5.44,4152
22003,Tavernole sul Mella Monte Guglielmo,Temperatura,2025-11,1.94,4007
22003,Tavernole sul Mella Monte Guglielmo,Temperatura,2025-12,1.88,4361
22003,Tavernole sul Mella Monte Guglielmo,Temperatura,2026-01,-3.19,4356
22003,Tavernole sul Mella Monte Guglielmo,Temperatura,2026-02,0.64,3932
2245,Edolo Ist.Meneghini,Temperatura,1998-01,1.60,728
2245,Edolo Ist.Meneghini,Temperatura,1998-02,5.74,644
2245,Edolo Ist.Meneghini,Temperatura,1998-03,6.93,713
2245,Edolo Ist.Meneghini,Temperatura,1998-04,8.59,669
2245,Edolo Ist.Meneghini,Temperatura,1998-05,14.18,731
2245,Edolo Ist.Meneghini,Temperatura,1998-06,18.21,690
2245,Edolo Ist.Meneghini,Temperatura,1998-07,19.96,721
2245,Edolo Ist.Meneghini,Temperatura,1998-08,20.13,717
2245,Edolo Ist.Meneghini,Temperatura,1998-09,14.42,702
2245,Edolo Ist.Meneghini,Temperatura,1998-10,9.53,740
2245,Edolo Ist.Meneghini,Temperatura,1998-11,2.84,694
2245,Edolo Ist.Meneghini,Temperatura,1998-12,0.85,728
2245,Edolo Ist.Meneghini,Temperatura,1999-01,1.70,742
2245,Edolo Ist.Meneghini,Temperatura,1999-02,1.46,655
2245,Edolo Ist.Meneghini,Temperatura,1999-03,6.25,733
2245,Edolo Ist.Meneghini,Temperatura,1999-04,9.80,720
2245,Edolo Ist.Meneghini,Temperatura,1999-05,15.16,744
2245,Edolo Ist.Meneghini,Temperatura,1999-06,16.41,708
2245,Edolo Ist.Meneghini,Temperatura,1999-07,19.25,77
2245,Edolo Ist.Meneghini,Temperatura,1999-08,18.44,720
2245,Edolo Ist.Meneghini,Temperatura,1999-09,16.14,720
2245,Edolo Ist.Meneghini,Temperatura,1999-10,10.63,744
2245,Edolo Ist.Meneghini,Temperatura,1999-11,4.37,720
2245,Edolo Ist.Meneghini,Temperatura,1999-12,0.28,744
2245,Edolo Ist.Meneghini,Temperatura,2000-01,-0.18,686
2245,Edolo Ist.Meneghini,Temperatura,2000-02,3.69,696
2245,Edolo Ist.Meneghini,Temperatura,2000-03,7.35,744
2245,Edolo Ist.Meneghini,Temperatura,2000-04,10.03,720
2245,Edolo Ist.Meneghini,Temperatura,2000-05,15.20,744
2245,Edolo Ist.Meneghini,Temperatura,2000-06,18.47,709
2245,Edolo Ist.Meneghini,Temperatura,2000-07,17.50,744
2245,Edolo Ist.Meneghini,Temperatura,2000-08,19.03,744
2245,Edolo Ist.Meneghini,Temperatura,2000-09,15.31,720
2245,Edolo Ist.Meneghini,Temperatura,2000-10,10.76,744
2245,Edolo Ist.Meneghini,Temperatura,2000-11,5.07,670
2245,Edolo Ist.Meneghini,Temperatura,2000-12,5.31,373
2245,Edolo Ist.Meneghini,Temperatura,2001-01,0.52,5
2245,Edolo Ist.Meneghini,Temperatura,2001-02,0.32,672
2245,Edolo Ist.Meneghini,Temperatura,2001-03,2.85,743
2245,Edolo Ist.Meneghini,Temperatura,2001-04,8.75,720
2245,Edolo Ist.Meneghini,Temperatura,2001-05,15.53,731
2245,Edolo Ist.Meneghini,Temperatura,2001-06,16.80,720
2245,Edolo Ist.Meneghini,Temperatura,2001-07,19.41,744
2245,Edolo Ist.Meneghini,Temperatura,2001-08,19.96,744
2245,Edolo Ist.Meneghini,Temperatura,2001-09,12.48,720
2245,Edolo Ist.Meneghini,Temperatura,2001-10,12.78,731
2245,Edolo Ist.Meneghini,Temperatura,2001-11,4.81,692
2245,Edolo Ist.Meneghini,Temperatura,2001-12,-0.64,742
2245,Edolo Ist.Meneghini,Temperatura,2002-01,-0.02,743
2245,Edolo Ist.Meneghini,Temperatura,2002-02,4.46,646
2245,Edolo Ist.Meneghini,Temperatura,2002-03,8.26,720
2245,Edolo Ist.Meneghini,Temperatura,2002-04,9.79,670
2245,Edolo Ist.Meneghini,Temperatura,2002-05,13.75,743
2245,Edolo Ist.Meneghini,Temperatura,2002-06,18.93,720
2245,Edolo Ist.Meneghini,Temperatura,2002-07,18.95,744
2245,Edolo Ist.Meneghini,Temperatura,2002-08,18.09,744
2245,Edolo Ist.Meneghini,Temperatura,2002-09,14.24,720
2245,Edolo Ist.Meneghini,Temperatura,2002-10,10.97,696
2245,Edolo Ist.Meneghini,Temperatura,2002-11,7.21,432
2245,Edolo Ist.Meneghini,Temperatura,2002-12,2.66,732
2245,Edolo Ist.Meneghini,Temperatura,2003-01,0.84,744
2245,Edolo Ist.Meneghini,Temperatura,2003-02,-0.18,672
2245,Edolo Ist.Meneghini,Temperatura,2003-03,7.54,744
2245,Edolo Ist.Meneghini,Temperatura,2003-04,9.80,720
2245,Edolo Ist.Meneghini,Temperatura,2003-05,15.91,744
2245,Edolo Ist.Meneghini,Temperatura,2003-06,21.91,720
2245,Edolo Ist.Meneghini,Temperatura,2003-07,20.78,744
2245,Edolo Ist.Meneghini,Temperatura,2003-08,23.40,744
2245,Edolo Ist.Meneghini,Temperatura,2003-09,15.63,696
2245,Edolo Ist.Meneghini,Temperatura,2003-10,8.64,744
2245,Edolo Ist.Meneghini,Temperatura,2003-11,5.56,720
2245,Edolo Ist.Meneghini,Temperatura,2003-12,2.16,744
2245,Edolo Ist.Meneghini,Temperatura,2004-01,0.52,4464
2245,Edolo Ist.Meneghini,Temperatura,2004-02,3.13,4176
2245,Edolo Ist.Meneghini,Temperatura,2004-03,5.47,4464
2245,Edolo Ist.Meneghini,Temperatura,2004-04,9.76,4311
2245,Edolo Ist.Meneghini,Temperatura,2004-05,12.23,4457
2245,Edolo Ist.Meneghini,Temperatura,2004-06,17.88,4318
2245,Edolo Ist.Meneghini,Temperatura,2004-07,18.53,4460
2245,Edolo Ist.Meneghini,Temperatura,2004-08,19.27,4463
2245,Edolo Ist.Meneghini,Temperatura,2004-09,16.25,4315
2245,Edolo Ist.Meneghini,Temperatura,2004-10,11.64,4463
2245,Edolo Ist.Meneghini,Temperatura,2004-11,5.37,4310
2245,Edolo Ist.Meneghini,Temperatura,2004-12,1.43,4462
2245,Edolo Ist.Meneghini,Temperatura,2005-01,0.35,4460
2245,Edolo Ist.Meneghini,Temperatura,2005-02,0.49,4028
2245,Edolo Ist.Meneghini,Temperatura,2005-03,5.86,4451
2245,Edolo Ist.Meneghini,Temperatura,2005-04,9.32,4014
2245,Edolo Ist.Meneghini,Temperatura,2005-05,14.84,4304
2245,Edolo Ist.Meneghini,Temperatura,2005-06,19.18,4266
2245,Edolo Ist.Meneghini,Temperatura,2005-07,20.02,4387
2245,Edolo Ist.Meneghini,Temperatura,2005-08,18.14,4464
2245,Edolo Ist.Meneghini,Temperatura,2005-09,15.92,4319
2245,Edolo Ist.Meneghini,Temperatura,2005-10,10.36,4464
2245,Edolo Ist.Meneghini,Temperatura,2005-11,4.09,4320
2245,Edolo Ist.Meneghini,Temperatura,2005-12,-1.07,4462
2245,Edolo Ist.Meneghini,Temperatura,2006-01,-0.91,4463
2245,Edolo Ist.Meneghini,Temperatura,2006-02,1.17,4030
2245,Edolo Ist.Meneghini,Temperatura,2006-03,4.55,4464
2245,Edolo Ist.Meneghini,Temperatura,2006-04,10.48,4313
2245,Edolo Ist.Meneghini,Temperatura,2006-05,14.49,4464
2245,Edolo Ist.Meneghini,Temperatura,2006-06,19.43,4319
2245,Edolo Ist.Meneghini,Temperatura,2006-07,21.86,4463
2245,Edolo Ist.Meneghini,Temperatura,2006-08,16.87,4463
2245,Edolo Ist.Meneghini,Temperatura,2006-09,17.37,4320
2245,Edolo Ist.Meneghini,Temperatura,2006-10,12.39,4463
2245,Edolo Ist.Meneghini,Temperatura,2006-11,7.06,4320
2245,Edolo Ist.Meneghini,Temperatura,2006-12,2.27,4463
2245,Edolo Ist.Meneghini,Temperatura,2007-01,4.01,4464
2245,Edolo Ist.Meneghini,Temperatura,2007-02,5.31,4031
2245,Edolo Ist.Meneghini,Temperatura,2007-03,7.88,4464
2245,Edolo Ist.Meneghini,Temperatura,2007-04,14.23,4320
2245,Edolo Ist.Meneghini,Temperatura,2007-05,15.82,4464
2245,Edolo Ist.Meneghini,Temperatura,2007-06,18.02,4314
2245,Edolo Ist.Meneghini,Temperatura,2007-07,20.43,4460
2245,Edolo Ist.Meneghini,Temperatura,2007-08,18.03,4464
2245,Edolo Ist.Meneghini,Temperatura,2007-09,14.46,4320
2245,Edolo Ist.Meneghini,Temperatura,2007-10,10.97,4463
2245,Edolo Ist.Meneghini,Temperatura,2007-11,4.67,4319
2245,Edolo Ist.Meneghini,Temperatura,2007-12,1.26,4463
2245,Edolo Ist.Meneghini,Temperatura,2008-01,2.80,4464
2245,Edolo Ist.Meneghini,Temperatura,2008-02,3.70,4174
2245,Edolo Ist.Meneghini,Temperatura,2008-03,6.47,4464
2245,Edolo Ist.Meneghini,Temperatura,2008-04,9.40,4320
2245,Edolo Ist.Meneghini,Temperatura,2008-05,14.84,4462
2245,Edolo Ist.Meneghini,Temperatura,2008-06,18.15,4320
2245,Edolo Ist.Meneghini,Temperatura,2008-07,19.28,4464
2245,Edolo Ist.Meneghini,Temperatura,2008-08,19.70,4464
2245,Edolo Ist.Meneghini,Temperatura,2008-09,14.03,4319
2245,Edolo Ist.Meneghini,Temperatura,2008-10,11.30,4462
2245,Edolo Ist.Meneghini,Temperatura,2008-11,4.92,4320
2245,Edolo Ist.Meneghini,Temperatura,2008-12,1.63,4464
2245,Edolo Ist.Meneghini,Temperatura,2009-01,0.07,4460
2245,Edolo Ist.Meneghini,Temperatura,2009-02,2.30,4032
2245,Edolo Ist.Meneghini,Temperatura,2009-03,6.93,4464
2245,Edolo Ist.Meneghini,Temperatura,2009-04,11.57,4318
2245,Edolo Ist.Meneghini,Temperatura,2009-05,16.96,4462
2245,Edolo Ist.Meneghini,Temperatura,2009-06,18.18,4320
2245,Edolo Ist.Meneghini,Temperatura,2009-07,19.87,4464
2245,Edolo Ist.Meneghini,Temperatura,2009-08,21.16,4464
2245,Edolo Ist.Meneghini,Temperatura,2009-09,16.59,4319
2245,Edolo Ist.Meneghini,Temperatura,2009-10,11.04,4464
2245,Edolo Ist.Meneghini,Temperatura,2009-11,6.04,4320
2245,Edolo Ist.Meneghini,Temperatura,2009-12,0.41,4463
2245,Edolo Ist.Meneghini,Temperatura,2010-01,-0.78,4464
2245,Edolo Ist.Meneghini,Temperatura,2010-02,1.84,4032
2245,Edolo Ist.Meneghini,Temperatura,2010-03,5.69,4464
2245,Edolo Ist.Meneghini,Temperatura,2010-04,10.45,4320
2245,Edolo Ist.Meneghini,Temperatura,2010-05,13.57,4463
2245,Edolo Ist.Meneghini,Temperatura,2010-06,19.00,4320
2245,Edolo Ist.Meneghini,Temperatura,2010-07,22.03,4464
2245,Edolo Ist.Meneghini,Temperatura,2010-08,18.86,4453
2245,Edolo Ist.Meneghini,Temperatura,2010-09,14.67,4320
2245,Edolo Ist.Meneghini,Temperatura,2010-10,9.30,4464
2245,Edolo Ist.Meneghini,Temperatura,2010-11,5.30,4320
2245,Edolo Ist.Meneghini,Temperatura,2010-12,-0.47,4461
2245,Edolo Ist.Meneghini,Temperatura,2011-01,-3.20,1
2245,Edolo Ist.Meneghini,Temperatura,2011-01,0.85,4463
2245,Edolo Ist.Meneghini,Temperatura,2011-02,3.94,4031
2245,Edolo Ist.Meneghini,Temperatura,2011-03,6.84,4464
2245,Edolo Ist.Meneghini,Temperatura,2011-04,13.48,4315
2245,Edolo Ist.Meneghini,Temperatura,2011-05,15.84,4464
2245,Edolo Ist.Meneghini,Temperatura,2011-06,17.24,4319
2245,Edolo Ist.Meneghini,Temperatura,2011-07,18.27,4464
2245,Edolo Ist.Meneghini,Temperatura,2011-08,20.53,4462
2245,Edolo Ist.Meneghini,Temperatura,2011-09,17.74,4320
2245,Edolo Ist.Meneghini,Temperatura,2011-10,10.87,4464
2245,Edolo Ist.Meneghini,Temperatura,2011-11,5.84,4187
2245,Edolo Ist.Meneghini,Temperatura,2011-12,2.44,4463
2245,Edolo Ist.Meneghini,Temperatura,2012-01,1.70,4463
2245,Edolo Ist.Meneghini,Temperatura,2012-02,0.70,4173
2245,Edolo Ist.Meneghini,Temperatura,2012-03,10.25,4461
2245,Edolo Ist.Meneghini,Temperatura,2012-04,9.51,4320
2245,Edolo Ist.Meneghini,Temperatura,2012-05,14.43,4462
2245,Edolo Ist.Meneghini,Temperatura,2012-06,19.19,4319
2245,Edolo Ist.Meneghini,Temperatura,2012-07,19.91,4464
2245,Edolo Ist.Meneghini,Temperatura,2012-08,21.13,4464
2245,Edolo Ist.Meneghini,Temperatura,2012-09,15.78,4320
2245,Edolo Ist.Meneghini,Temperatura,2012-10,11.26,4462
2245,Edolo Ist.Meneghini,Temperatura,2012-11,6.68,4320
2245,Edolo Ist.Meneghini,Temperatura,2012-12,1.09,4459
2245,Edolo Ist.Meneghini,Temperatura,2013-01,2.58,4458
2245,Edolo Ist.Meneghini,Temperatura,2013-02,1.32,4031
2245,Edolo Ist.Meneghini,Temperatura,2013-03,4.85,4459
2245,Edolo Ist.Meneghini,Temperatura,2013-04,11.01,4314
2245,Edolo Ist.Meneghini,Temperatura,2013-05,12.84,4459
2245,Edolo Ist.Meneghini,Temperatura,2013-06,18.05,4320
2245,Edolo Ist.Meneghini,Temperatura,2013-07,21.37,4464
2245,Edolo Ist.Meneghini,Temperatura,2013-08,20.39,4464
2245,Edolo Ist.Meneghini,Temperatura,2013-09,16.50,4311
2245,Edolo Ist.Meneghini,Temperatura,2013-10,11.87,4459
2245,Edolo Ist.Meneghini,Temperatura,2013-11,6.44,4319
2245,Edolo Ist.Meneghini,Temperatura,2013-12,3.51,4462
2245,Edolo Ist.Meneghini,Temperatura,2014-01,3.02,4432
2245,Edolo Ist.Meneghini,Temperatura,2014-02,4.48,4009
2245,Edolo Ist.Meneghini,Temperatura,2014-03,9.08,4457
2245,Edolo Ist.Meneghini,Temperatura,2014-04,12.34,4304
2245,Edolo Ist.Meneghini,Temperatura,2014-05,14.59,3716
2245,Edolo Ist.Meneghini,Temperatura,2014-06,18.83,2338
2245,Edolo Ist.Meneghini,Temperatura,2014-08,18.30,1
2245,Edolo Ist.Meneghini,Temperatura,2014-11,2.70,1
2245,Edolo Ist.Meneghini,Temperatura,2014-12,6.04,5
2245,Edolo Ist.Meneghini,Temperatura,2015-01,2.19,1367
2245,Edolo Ist.Meneghini,Temperatura,2015-02,3.30,4029
2245,Edolo Ist.Meneghini,Temperatura,2015-03,8.09,4435
2245,Edolo Ist.Meneghini,Temperatura,2015-04,12.06,4314
2245,Edolo Ist.Meneghini,Temperatura,2015-05,15.96,4460
2245,Edolo Ist.Meneghini,Temperatura,2015-06,18.98,4289
2245,Edolo Ist.Meneghini,Temperatura,2015-07,23.70,4455
2245,Edolo Ist.Meneghini,Temperatura,2015-08,21.18,4369
2245,Edolo Ist.Meneghini,Temperatura,2015-09,15.17,4307
2245,Edolo Ist.Meneghini,Temperatura,2015-10,10.94,4450
2245,Edolo Ist.Meneghini,Temperatura,2015-11,8.03,4250
2245,Edolo Ist.Meneghini,Temperatura,2015-12,3.84,4433
2245,Edolo Ist.Meneghini,Temperatura,2016-01,1.79,4401
2245,Edolo Ist.Meneghini,Temperatura,2016-02,4.98,4163
2245,Edolo Ist.Meneghini,Temperatura,2016-03,7.52,4427
2245,Edolo Ist.Meneghini,Temperatura,2016-04,12.26,4241
2245,Edolo Ist.Meneghini,Temperatura,2016-05,14.14,4464
2245,Edolo Ist.Meneghini,Temperatura,2016-06,17.90,4320
2245,Edolo Ist.Meneghini,Temperatura,2016-07,21.05,4464
2245,Edolo Ist.Meneghini,Temperatura,2016-08,19.83,4464
2245,Edolo Ist.Meneghini,Temperatura,2016-09,18.16,4320
2245,Edolo Ist.Meneghini,Temperatura,2016-10,10.72,4231
2245,Edolo Ist.Meneghini,Temperatura,2016-11,6.35,4306
2245,Edolo Ist.Meneghini,Temperatura,2016-12,3.82,4462
2245,Edolo Ist.Meneghini,Temperatura,2017-01,-0.87,4464
2245,Edolo Ist.Meneghini,Temperatura,2017-02,4.79,4026
2245,Edolo Ist.Meneghini,Temperatura,2017-03,9.95,4434
2245,Edolo Ist.Meneghini,Temperatura,2017-04,11.87,4314
2245,Edolo Ist.Meneghini,Temperatura,2017-05,15.75,4464
2245,Edolo Ist.Meneghini,Temperatura,2017-06,20.53,4319
2245,Edolo Ist.Meneghini,Temperatura,2017-07,21.11,4464
2245,Edolo Ist.Meneghini,Temperatura,2017-08,21.28,4464
2245,Edolo Ist.Meneghini,Temperatura,2017-09,14.03,4295
2245,Edolo Ist.Meneghini,Temperatura,2017-10,12.57,4458
2245,Edolo Ist.Meneghini,Temperatura,2017-11,5.58,4320
2245,Edolo Ist.Meneghini,Temperatura,2017-12,3.49,4014
2245,Edolo Ist.Meneghini,Temperatura,2018-01,3.47,4463
2245,Edolo Ist.Meneghini,Temperatura,2018-02,1.14,4032
2245,Edolo Ist.Meneghini,Temperatura,2018-03,5.36,4464
2245,Edolo Ist.Meneghini,Temperatura,2018-04,13.58,4320
2245,Edolo Ist.Meneghini,Temperatura,2018-05,15.65,4464
2245,Edolo Ist.Meneghini,Temperatura,2018-06,19.81,4319
2245,Edolo Ist.Meneghini,Temperatura,2018-07,21.43,4464
2245,Edolo Ist.Meneghini,Temperatura,2018-08,21.00,4373
2245,Edolo Ist.Meneghini,Temperatura,2018-09,18.03,4320
2245,Edolo Ist.Meneghini,Temperatura,2018-10,13.48,4446
2245,Edolo Ist.Meneghini,Temperatura,2018-11,7.69,4143
2245,Edolo Ist.Meneghini,Temperatura,2018-12,2.90,4464
2245,Edolo Ist.Meneghini,Temperatura,2019-01,2.22,4464
2245,Edolo Ist.Meneghini,Temperatura,2019-02,5.50,4031
2245,Edolo Ist.Meneghini,Temperatura,2019-03,8.82,4408
2245,Edolo Ist.Meneghini,Temperatura,2019-04,10.93,4320
2245,Edolo Ist.Meneghini,Temperatura,2019-05,13.03,4464
2245,Edolo Ist.Meneghini,Temperatura,2019-06,21.48,4320
2245,Edolo Ist.Meneghini,Temperatura,2019-07,21.78,4464
2245,Edolo Ist.Meneghini,Temperatura,2019-08,21.14,4464
2245,Edolo Ist.Meneghini,Temperatura,2019-09,16.79,4320
2245,Edolo Ist.Meneghini,Temperatura,2019-10,12.90,4464
2245,Edolo Ist.Meneghini,Temperatura,2019-11,6.37,4320
2245,Edolo Ist.Meneghini,Temperatura,2019-12,3.67,4458
2245,Edolo Ist.Meneghini,Temperatura,2020-01,3.00,4464
2245,Edolo Ist.Meneghini,Temperatura,2020-02,6.32,4176
2245,Edolo Ist.Meneghini,Temperatura,2020-03,6.91,4464
2245,Edolo Ist.Meneghini,Temperatura,2020-04,12.74,4320
2245,Edolo Ist.Meneghini,Temperatura,2020-05,15.73,4464
2245,Edolo Ist.Meneghini,Temperatura,2020-06,18.21,4320
2245,Edolo Ist.Meneghini,Temperatura,2020-07,21.25,4464
2245,Edolo Ist.Meneghini,Temperatura,2020-08,20.70,4464
2245,Edolo Ist.Meneghini,Temperatura,2020-09,17.13,4320
2245,Edolo Ist.Meneghini,Temperatura,2020-10,10.48,4464
2245,Edolo Ist.Meneghini,Temperatura,2020-11,7.01,4320
2245,Edolo Ist.Meneghini,Temperatura,2020-12,2.30,4464
2245,Edolo Ist.Meneghini,Temperatura,2021-01,-1.10,1
2245,Edolo Ist.Meneghini,Temperatura,2021-01,0.70,4463
2245,Edolo Ist.Meneghini,Temperatura,2021-02,5.43,4032
2245,Edolo Ist.Meneghini,Temperatura,2021-03,7.60,4464
2245,Edolo Ist.Meneghini,Temperatura,2021-04,9.85,4320
2245,Edolo Ist.Meneghini,Temperatura,2021-05,13.74,4464
2245,Edolo Ist.Meneghini,Temperatura,2021-06,21.01,4320
2245,Edolo Ist.Meneghini,Temperatura,2021-07,21.01,4464
2245,Edolo Ist.Meneghini,Temperatura,2021-08,19.89,4463
2245,Edolo Ist.Meneghini,Temperatura,2021-09,17.85,4320
2245,Edolo Ist.Meneghini,Temperatura,2021-10,10.82,4464
2245,Edolo Ist.Meneghini,Temperatura,2021-11,6.44,4320
2245,Edolo Ist.Meneghini,Temperatura,2021-12,3.06,4464
2245,Edolo Ist.Meneghini,Temperatura,2022-01,3.76,4454
2245,Edolo Ist.Meneghini,Temperatura,2022-02,5.46,4032
2245,Edolo Ist.Meneghini,Temperatura,2022-03,7.06,4463
2245,Edolo Ist.Meneghini,Temperatura,2022-04,10.67,4320
2245,Edolo Ist.Meneghini,Temperatura,2022-05,17.56,4464
2245,Edolo Ist.Meneghini,Temperatura,2022-06,21.59,4320
2245,Edolo Ist.Meneghini,Temperatura,2022-07,24.57,4464
2245,Edolo Ist.Meneghini,Temperatura,2022-08,22.59,4464
2245,Edolo Ist.Meneghini,Temperatura,2022-09,16.42,4320
2245,Edolo Ist.Meneghini,Temperatura,2022-10,14.83,4464
2245,Edolo Ist.Meneghini,Temperatura,2022-11,7.44,4320
2245,Edolo Ist.Meneghini,Temperatura,2022-12,2.88,4461
2245,Edolo Ist.Meneghini,Temperatura,2023-01,3.21,4459
2245,Edolo Ist.Meneghini,Temperatura,2023-02,5.86,4032
2245,Edolo Ist.Meneghini,Temperatura,2023-03,9.09,4463
2245,Edolo Ist.Meneghini,Temperatura,2023-04,11.08,4320
2245,Edolo Ist.Meneghini,Temperatura,2023-05,15.85,4464
2245,Edolo Ist.Meneghini,Temperatura,2023-06,21.39,4319
2245,Edolo Ist.Meneghini,Temperatura,2023-07,22.46,4464
2245,Edolo Ist.Meneghini,Temperatura,2023-08,22.12,4455
2245,Edolo Ist.Meneghini,Temperatura,2023-09,18.86,4308
2245,Edolo Ist.Meneghini,Temperatura,2023-10,14.52,4464
2245,Edolo Ist.Meneghini,Temperatura,2023-11,6.16,4320
2245,Edolo Ist.Meneghini,Temperatura,2023-12,4.78,4464
2245,Edolo Ist.Meneghini,Temperatura,2024-01,3.51,4461
2245,Edolo Ist.Meneghini,Temperatura,2024-02,7.69,4176
2245,Edolo Ist.Meneghini,Temperatura,2024-03,9.03,4464
2245,Edolo Ist.Meneghini,Temperatura,2024-04,12.40,4320
2245,Edolo Ist.Meneghini,Temperatura,2024-05,14.90,4462
2245,Edolo Ist.Meneghini,Temperatura,2024-06,19.21,4320
2245,Edolo Ist.Meneghini,Temperatura,2024-07,22.75,4464
2245,Edolo Ist.Meneghini,Temperatura,2024-08,23.84,4464
2245,Edolo Ist.Meneghini,Temperatura,2024-09,16.94,4320
2245,Edolo Ist.Meneghini,Temperatura,2024-10,13.16,4464
2245,Edolo Ist.Meneghini,Temperatura,2024-11,6.49,4320
2245,Edolo Ist.Meneghini,Temperatura,2024-12,3.58,4464
2245,Edolo Ist.Meneghini,Temperatura,2025-01,2.79,4464
2245,Edolo Ist.Meneghini,Temperatura,2025-02,5.06,4032
2245,Edolo Ist.Meneghini,Temperatura,2025-03,8.89,4464
2245,Edolo Ist.Meneghini,Temperatura,2025-04,12.99,4320
2245,Edolo Ist.Meneghini,Temperatura,2025-05,15.82,4464
2245,Edolo Ist.Meneghini,Temperatura,2025-06,22.16,4320
2245,Edolo Ist.Meneghini,Temperatura,2025-07,20.70,4464
2245,Edolo Ist.Meneghini,Temperatura,2025-08,21.07,4463
2245,Edolo Ist.Meneghini,Temperatura,2025-09,16.68,4320
2245,Edolo Ist.Meneghini,Temperatura,2025-10,12.15,4463
2245,Edolo Ist.Meneghini,Temperatura,2025-11,6.23,4265
2245,Edolo Ist.Meneghini,Temperatura,2025-12,4.59,4464
2245,Edolo Ist.Meneghini,Temperatura,2026-01,1.65,4464
2245,Edolo Ist.Meneghini,Temperatura,2026-02,6.52,4017
2245,Edolo Ist.Meneghini,Temperatura,2026-03,9.10,1
22576,Magasa Malga Corva,Temperatura,2023-06,15.44,1976
22576,Magasa Malga Corva,Temperatura,2023-07,17.97,3535
22576,Magasa Malga Corva,Temperatura,2023-08,18.22,4356
22576,Magasa Malga Corva,Temperatura,2023-09,15.34,4279
22576,Magasa Malga Corva,Temperatura,2023-10,12.03,4461
22576,Magasa Malga Corva,Temperatura,2023-11,4.57,4315
22576,Magasa Malga Corva,Temperatura,2023-12,3.76,4462
22576,Magasa Malga Corva,Temperatura,2024-01,2.47,4461
22576,Magasa Malga Corva,Temperatura,2024-02,5.15,4176
22576,Magasa Malga Corva,Temperatura,2024-03,4.93,4440
22576,Magasa Malga Corva,Temperatura,2024-04,7.87,4318
22576,Magasa Malga Corva,Temperatura,2024-05,10.25,4458
22576,Magasa Malga Corva,Temperatura,2024-06,15.07,4282
22576,Magasa Malga Corva,Temperatura,2024-07,18.74,4455
22576,Magasa Malga Corva,Temperatura,2024-08,19.95,4417
22576,Magasa Malga Corva,Temperatura,2024-09,12.77,4314
22576,Magasa Malga Corva,Temperatura,2024-10,10.10,4462
22576,Magasa Malga Corva,Temperatura,2024-11,5.42,4319
22576,Magasa Malga Corva,Temperatura,2024-12,2.36,4149
22576,Magasa Malga Corva,Temperatura,2025-01,1.49,4441
22576,Magasa Malga Corva,Temperatura,2025-02,1.37,4032
22576,Magasa Malga Corva,Temperatura,2025-03,4.36,4461
22576,Magasa Malga Corva,Temperatura,2025-04,8.07,4320
22576,Magasa Malga Corva,Temperatura,2025-05,10.49,4463
22576,Magasa Malga Corva,Temperatura,2025-06,18.41,4317
22576,Magasa Malga Corva,Temperatura,2025-07,16.71,4459
22576,Magasa Malga Corva,Temperatura,2025-08,17.24,4460
22576,Magasa Malga Corva,Temperatura,2025-09,13.29,4320
22576,Magasa Malga Corva,Temperatura,2025-10,8.15,4458
22576,Magasa Malga Corva,Temperatura,2025-11,4.25,4314
22576,Magasa Malga Corva,Temperatura,2025-12,3.85,4463
22576,Magasa Malga Corva,Temperatura,2026-01,-0.25,4461
22576,Magasa Malga Corva,Temperatura,2026-02,2.96,4029
22576,Magasa Malga Corva,Temperatura,2026-03,3.70,1
22599,Darfo Boario Terme Cappellino,Temperatura,2025-08,20.94,1356
22599,Darfo Boario Terme Cappellino,Temperatura,2025-09,19.05,4319
22599,Darfo Boario Terme Cappellino,Temperatura,2025-10,13.82,4123
22599,Darfo Boario Terme Cappellino,Temperatura,2025-11,7.98,4317
22599,Darfo Boario Terme Cappellino,Temperatura,2025-12,6.19,4445
22599,Darfo Boario Terme Cappellino,Temperatura,2026-01,3.20,4464
22599,Darfo Boario Terme Cappellino,Temperatura,2026-02,7.72,4032
22599,Darfo Boario Terme Cappellino,Temperatura,2026-03,10.90,1
2400,Capo di Ponte v.Briscioli,Temperatura,2002-10,10.13,38
2400,Capo di Ponte v.Briscioli,Temperatura,2002-11,7.64,720
2400,Capo di Ponte v.Briscioli,Temperatura,2002-12,4.71,205
2400,Capo di Ponte v.Briscioli,Temperatura,2003-01,2.00,396
2400,Capo di Ponte v.Briscioli,Temperatura,2003-02,0.95,179
2400,Capo di Ponte v.Briscioli,Temperatura,2003-05,18.62,273
2400,Capo di Ponte v.Briscioli,Temperatura,2003-06,23.59,720
2400,Capo di Ponte v.Briscioli,Temperatura,2003-07,22.46,744
2400,Capo di Ponte v.Briscioli,Temperatura,2003-08,24.34,744
2400,Capo di Ponte v.Briscioli,Temperatura,2003-09,16.25,696
2400,Capo di Ponte v.Briscioli,Temperatura,2003-10,9.93,744
2400,Capo di Ponte v.Briscioli,Temperatura,2003-11,6.13,720
2400,Capo di Ponte v.Briscioli,Temperatura,2003-12,2.63,744
2400,Capo di Ponte v.Briscioli,Temperatura,2004-01,1.18,4461
2400,Capo di Ponte v.Briscioli,Temperatura,2004-02,2.53,4175
2400,Capo di Ponte v.Briscioli,Temperatura,2004-03,5.70,4464
2400,Capo di Ponte v.Briscioli,Temperatura,2004-04,10.89,4320
2400,Capo di Ponte v.Briscioli,Temperatura,2004-05,13.84,4422
2400,Capo di Ponte v.Briscioli,Temperatura,2004-06,19.37,4314
2400,Capo di Ponte v.Briscioli,Temperatura,2004-07,20.15,4462
2400,Capo di Ponte v.Briscioli,Temperatura,2004-08,20.42,4438
2400,Capo di Ponte v.Briscioli,Temperatura,2004-09,15.75,3236
2400,Capo di Ponte v.Briscioli,Temperatura,2004-10,13.37,3678
2400,Capo di Ponte v.Briscioli,Temperatura,2004-11,5.30,3945
2400,Capo di Ponte v.Briscioli,Temperatura,2004-12,2.14,4456
2400,Capo di Ponte v.Briscioli,Temperatura,2005-01,0.47,4449
2400,Capo di Ponte v.Briscioli,Temperatura,2005-02,1.00,3917
2400,Capo di Ponte v.Briscioli,Temperatura,2005-03,6.43,4399
2400,Capo di Ponte v.Briscioli,Temperatura,2005-04,10.23,4056
2400,Capo di Ponte v.Briscioli,Temperatura,2005-05,16.32,4356
2400,Capo di Ponte v.Briscioli,Temperatura,2005-06,21.27,4230
2400,Capo di Ponte v.Briscioli,Temperatura,2005-07,21.77,4307
2400,Capo di Ponte v.Briscioli,Temperatura,2005-08,19.67,4460
2400,Capo di Ponte v.Briscioli,Temperatura,2005-09,17.34,4317
2400,Capo di Ponte v.Briscioli,Temperatura,2005-10,11.29,4437
2400,Capo di Ponte v.Briscioli,Temperatura,2005-11,4.91,4319
2400,Capo di Ponte v.Briscioli,Temperatura,2005-12,0.10,4430
2400,Capo di Ponte v.Briscioli,Temperatura,2006-01,-1.01,4461
2400,Capo di Ponte v.Briscioli,Temperatura,2006-02,1.69,4029
2400,Capo di Ponte v.Briscioli,Temperatura,2006-03,5.85,4464
2400,Capo di Ponte v.Briscioli,Temperatura,2006-04,11.37,4319
2400,Capo di Ponte v.Briscioli,Temperatura,2006-05,15.61,4463
2400,Capo di Ponte v.Briscioli,Temperatura,2006-06,20.82,4318
2400,Capo di Ponte v.Briscioli,Temperatura,2006-07,23.70,4462
2400,Capo di Ponte v.Briscioli,Temperatura,2006-08,17.83,4463
2400,Capo di Ponte v.Briscioli,Temperatura,2006-09,17.88,4320
2400,Capo di Ponte v.Briscioli,Temperatura,2006-10,12.97,4463
2400,Capo di Ponte v.Briscioli,Temperatura,2006-11,7.45,4314
2400,Capo di Ponte v.Briscioli,Temperatura,2006-12,2.89,4463
2400,Capo di Ponte v.Briscioli,Temperatura,2007-01,3.83,4459
2400,Capo di Ponte v.Briscioli,Temperatura,2007-02,5.34,4029
2400,Capo di Ponte v.Briscioli,Temperatura,2007-03,8.35,4460
2400,Capo di Ponte v.Briscioli,Temperatura,2007-04,14.72,4317
2400,Capo di Ponte v.Briscioli,Temperatura,2007-05,16.91,4462
2400,Capo di Ponte v.Briscioli,Temperatura,2007-06,19.42,4311
2400,Capo di Ponte v.Briscioli,Temperatura,2007-07,21.54,4460
2400,Capo di Ponte v.Briscioli,Temperatura,2007-08,19.43,4461
2400,Capo di Ponte v.Briscioli,Temperatura,2007-09,15.22,4309
2400,Capo di Ponte v.Briscioli,Temperatura,2007-10,11.55,4455
2400,Capo di Ponte v.Briscioli,Temperatura,2007-11,5.21,4314
2400,Capo di Ponte v.Briscioli,Temperatura,2007-12,1.18,4452
2400,Capo di Ponte v.Briscioli,Temperatura,2008-01,3.25,4456
2400,Capo di Ponte v.Briscioli,Temperatura,2008-02,3.45,4175
2400,Capo di Ponte v.Briscioli,Temperatura,2008-03,7.76,4464
2400,Capo di Ponte v.Briscioli,Temperatura,2008-04,10.85,4320
2400,Capo di Ponte v.Briscioli,Temperatura,2008-05,16.10,4462
2400,Capo di Ponte v.Briscioli,Temperatura,2008-06,19.23,4318
2400,Capo di Ponte v.Briscioli,Temperatura,2008-07,20.71,4324
2400,Capo di Ponte v.Briscioli,Temperatura,2008-08,20.73,4463
2400,Capo di Ponte v.Briscioli,Temperatura,2008-09,15.63,4315
2400,Capo di Ponte v.Briscioli,Temperatura,2008-10,12.30,4463
2400,Capo di Ponte v.Briscioli,Temperatura,2008-11,5.95,4317
2400,Capo di Ponte v.Briscioli,Temperatura,2008-12,2.59,4462
2400,Capo di Ponte v.Briscioli,Temperatura,2009-01,0.48,4449
2400,Capo di Ponte v.Briscioli,Temperatura,2009-02,3.07,4026
2400,Capo di Ponte v.Briscioli,Temperatura,2009-03,7.50,4463
2400,Capo di Ponte v.Briscioli,Temperatura,2009-04,12.42,4320
2400,Capo di Ponte v.Briscioli,Temperatura,2009-05,18.26,4463
2400,Capo di Ponte v.Briscioli,Temperatura,2009-06,19.55,4320
2400,Capo di Ponte v.Briscioli,Temperatura,2009-07,21.37,2931
2400,Capo di Ponte v.Briscioli,Temperatura,2009-08,22.14,4464
2400,Capo di Ponte v.Briscioli,Temperatura,2009-09,17.18,4320
2400,Capo di Ponte v.Briscioli,Temperatura,2009-10,11.22,4464
2400,Capo di Ponte v.Briscioli,Temperatura,2009-11,6.47,4320
2400,Capo di Ponte v.Briscioli,Temperatura,2009-12,1.37,4464
2400,Capo di Ponte v.Briscioli,Temperatura,2010-01,0.01,4464
2400,Capo di Ponte v.Briscioli,Temperatura,2010-02,2.58,4032
2400,Capo di Ponte v.Briscioli,Temperatura,2010-03,6.38,4464
2400,Capo di Ponte v.Briscioli,Temperatura,2010-04,11.35,4320
2400,Capo di Ponte v.Briscioli,Temperatura,2010-05,14.82,4458
2400,Capo di Ponte v.Briscioli,Temperatura,2010-06,19.90,4320
2400,Capo di Ponte v.Briscioli,Temperatura,2010-07,22.90,4462
2400,Capo di Ponte v.Briscioli,Temperatura,2010-08,19.49,4464
2400,Capo di Ponte v.Briscioli,Temperatura,2010-09,15.49,4320
2400,Capo di Ponte v.Briscioli,Temperatura,2010-10,9.71,4452
2400,Capo di Ponte v.Briscioli,Temperatura,2010-11,6.46,2372
2400,Capo di Ponte v.Briscioli,Temperatura,2010-12,0.54,2805
2400,Capo di Ponte v.Briscioli,Temperatura,2011-01,-9.10,1
2400,Capo di Ponte v.Briscioli,Temperatura,2011-01,-0.11,4457
2400,Capo di Ponte v.Briscioli,Temperatura,2011-02,3.79,4026
2400,Capo di Ponte v.Briscioli,Temperatura,2011-03,7.67,4463
2400,Capo di Ponte v.Briscioli,Temperatura,2011-04,14.23,4320
2400,Capo di Ponte v.Briscioli,Temperatura,2011-05,16.92,4452
2400,Capo di Ponte v.Briscioli,Temperatura,2011-06,18.54,4139
2400,Capo di Ponte v.Briscioli,Temperatura,2011-07,20.32,4409
2400,Capo di Ponte v.Briscioli,Temperatura,2011-08,21.89,4442
2400,Capo di Ponte v.Briscioli,Temperatura,2011-09,18.76,4318
2400,Capo di Ponte v.Briscioli,Temperatura,2011-10,11.62,4457
2400,Capo di Ponte v.Briscioli,Temperatura,2011-11,5.61,4313
2400,Capo di Ponte v.Briscioli,Temperatura,2011-12,2.82,4464
2400,Capo di Ponte v.Briscioli,Temperatura,2012-01,1.78,4462
2400,Capo di Ponte v.Briscioli,Temperatura,2012-02,0.46,4175
2400,Capo di Ponte v.Briscioli,Temperatura,2012-03,10.24,4461
2400,Capo di Ponte v.Briscioli,Temperatura,2012-04,10.83,4319
2400,Capo di Ponte v.Briscioli,Temperatura,2012-05,15.58,4463
2400,Capo di Ponte v.Briscioli,Temperatura,2012-06,20.61,4319
2400,Capo di Ponte v.Briscioli,Temperatura,2012-07,21.39,4463
2400,Capo di Ponte v.Briscioli,Temperatura,2012-08,22.31,4463
2400,Capo di Ponte v.Briscioli,Temperatura,2012-09,16.68,4320
2400,Capo di Ponte v.Briscioli,Temperatura,2012-10,12.23,4461
2400,Capo di Ponte v.Briscioli,Temperatura,2012-11,7.49,4320
2400,Capo di Ponte v.Briscioli,Temperatura,2012-12,1.33,4463
2400,Capo di Ponte v.Briscioli,Temperatura,2013-01,2.54,4461
2400,Capo di Ponte v.Briscioli,Temperatura,2013-02,1.97,4031
2400,Capo di Ponte v.Briscioli,Temperatura,2013-03,5.55,4460
2400,Capo di Ponte v.Briscioli,Temperatura,2013-04,11.99,4314
2400,Capo di Ponte v.Briscioli,Temperatura,2013-05,14.05,4459
2400,Capo di Ponte v.Briscioli,Temperatura,2013-06,19.39,4320
2400,Capo di Ponte v.Briscioli,Temperatura,2013-07,22.59,4461
2400,Capo di Ponte v.Briscioli,Temperatura,2013-08,21.38,4426
2400,Capo di Ponte v.Briscioli,Temperatura,2013-09,17.17,4318
2400,Capo di Ponte v.Briscioli,Temperatura,2013-10,12.81,4464
2400,Capo di Ponte v.Briscioli,Temperatura,2013-11,7.40,4318
2400,Capo di Ponte v.Briscioli,Temperatura,2013-12,2.82,4462
2400,Capo di Ponte v.Briscioli,Temperatura,2014-01,4.05,4428
2400,Capo di Ponte v.Briscioli,Temperatura,2014-02,5.79,4009
2400,Capo di Ponte v.Briscioli,Temperatura,2014-03,9.32,4464
2400,Capo di Ponte v.Briscioli,Temperatura,2014-04,12.78,4300
2400,Capo di Ponte v.Briscioli,Temperatura,2014-05,15.57,3980
2400,Capo di Ponte v.Briscioli,Temperatura,2014-06,19.47,4024
2400,Capo di Ponte v.Briscioli,Temperatura,2014-07,19.96,4459
2400,Capo di Ponte v.Briscioli,Temperatura,2014-08,18.58,4460
2400,Capo di Ponte v.Briscioli,Temperatura,2014-09,16.84,4318
2400,Capo di Ponte v.Briscioli,Temperatura,2014-10,13.80,4462
2400,Capo di Ponte v.Briscioli,Temperatura,2014-11,8.82,4319
2400,Capo di Ponte v.Briscioli,Temperatura,2014-12,4.70,4462
2400,Capo di Ponte v.Briscioli,Temperatura,2015-01,2.81,4462
2400,Capo di Ponte v.Briscioli,Temperatura,2015-02,3.29,4030
2400,Capo di Ponte v.Briscioli,Temperatura,2015-03,8.31,4447
2400,Capo di Ponte v.Briscioli,Temperatura,2015-04,12.32,4308
2400,Capo di Ponte v.Briscioli,Temperatura,2015-05,16.85,4460
2400,Capo di Ponte v.Briscioli,Temperatura,2015-06,20.43,4309
2400,Capo di Ponte v.Briscioli,Temperatura,2015-07,24.75,4456
2400,Capo di Ponte v.Briscioli,Temperatura,2015-08,21.70,4458
2400,Capo di Ponte v.Briscioli,Temperatura,2015-09,16.19,4308
2400,Capo di Ponte v.Briscioli,Temperatura,2015-10,11.20,4458
2400,Capo di Ponte v.Briscioli,Temperatura,2015-11,6.52,4319
2400,Capo di Ponte v.Briscioli,Temperatura,2015-12,2.43,4456
2400,Capo di Ponte v.Briscioli,Temperatura,2016-01,2.00,4413
2400,Capo di Ponte v.Briscioli,Temperatura,2016-02,5.56,4164
2400,Capo di Ponte v.Briscioli,Temperatura,2016-03,7.78,4454
2400,Capo di Ponte v.Briscioli,Temperatura,2016-04,12.91,4311
2400,Capo di Ponte v.Briscioli,Temperatura,2016-05,14.64,4462
2400,Capo di Ponte v.Briscioli,Temperatura,2016-06,18.95,4319
2400,Capo di Ponte v.Briscioli,Temperatura,2016-07,22.15,4459
2400,Capo di Ponte v.Briscioli,Temperatura,2016-08,20.70,4413
2400,Capo di Ponte v.Briscioli,Temperatura,2016-09,18.62,4319
2400,Capo di Ponte v.Briscioli,Temperatura,2016-10,11.36,4272
2400,Capo di Ponte v.Briscioli,Temperatura,2016-11,6.91,4234
2400,Capo di Ponte v.Briscioli,Temperatura,2016-12,2.08,4458
2400,Capo di Ponte v.Briscioli,Temperatura,2017-01,-1.23,4464
2400,Capo di Ponte v.Briscioli,Temperatura,2017-02,4.72,4025
2400,Capo di Ponte v.Briscioli,Temperatura,2017-03,9.78,4426
2400,Capo di Ponte v.Briscioli,Temperatura,2017-04,12.22,4318
2400,Capo di Ponte v.Briscioli,Temperatura,2017-05,16.70,4463
2400,Capo di Ponte v.Briscioli,Temperatura,2017-06,21.54,4318
2400,Capo di Ponte v.Briscioli,Temperatura,2017-07,22.44,4453
2400,Capo di Ponte v.Briscioli,Temperatura,2017-08,22.24,4463
2400,Capo di Ponte v.Briscioli,Temperatura,2017-09,15.37,4317
2400,Capo di Ponte v.Briscioli,Temperatura,2017-10,11.85,4456
2400,Capo di Ponte v.Briscioli,Temperatura,2017-11,6.02,4314
2400,Capo di Ponte v.Briscioli,Temperatura,2017-12,1.44,4459
2400,Capo di Ponte v.Briscioli,Temperatura,2018-01,3.81,4461
2400,Capo di Ponte v.Briscioli,Temperatura,2018-02,2.24,4029
2400,Capo di Ponte v.Briscioli,Temperatura,2018-03,6.17,4463
2400,Capo di Ponte v.Briscioli,Temperatura,2018-04,14.32,4320
2400,Capo di Ponte v.Briscioli,Temperatura,2018-05,16.69,4462
2400,Capo di Ponte v.Briscioli,Temperatura,2018-06,21.16,4318
2400,Capo di Ponte v.Briscioli,Temperatura,2018-07,22.63,4462
2400,Capo di Ponte v.Briscioli,Temperatura,2018-08,22.67,4461
2400,Capo di Ponte v.Briscioli,Temperatura,2018-09,18.44,4312
2400,Capo di Ponte v.Briscioli,Temperatura,2018-10,13.52,4446
2400,Capo di Ponte v.Briscioli,Temperatura,2018-11,8.44,4319
2400,Capo di Ponte v.Briscioli,Temperatura,2018-12,2.31,4462
2400,Capo di Ponte v.Briscioli,Temperatura,2019-01,1.90,4460
2400,Capo di Ponte v.Briscioli,Temperatura,2019-02,4.69,4028
2400,Capo di Ponte v.Briscioli,Temperatura,2019-03,8.58,4461
2400,Capo di Ponte v.Briscioli,Temperatura,2019-04,11.75,4317
2400,Capo di Ponte v.Briscioli,Temperatura,2019-05,13.58,4460
2400,Capo di Ponte v.Briscioli,Temperatura,2019-06,22.05,4318
2400,Capo di Ponte v.Briscioli,Temperatura,2019-07,23.00,4461
2400,Capo di Ponte v.Briscioli,Temperatura,2019-08,22.40,4458
2400,Capo di Ponte v.Briscioli,Temperatura,2019-09,17.27,4319
2400,Capo di Ponte v.Briscioli,Temperatura,2019-10,13.51,4376
2400,Capo di Ponte v.Briscioli,Temperatura,2019-11,6.94,3591
2400,Capo di Ponte v.Briscioli,Temperatura,2019-12,3.83,4462
2400,Capo di Ponte v.Briscioli,Temperatura,2020-01,2.03,4451
2400,Capo di Ponte v.Briscioli,Temperatura,2020-02,5.61,4175
2400,Capo di Ponte v.Briscioli,Temperatura,2020-03,7.41,4460
2400,Capo di Ponte v.Briscioli,Temperatura,2020-04,12.41,4316
2400,Capo di Ponte v.Briscioli,Temperatura,2020-05,16.65,4463
2400,Capo di Ponte v.Briscioli,Temperatura,2020-06,19.06,4319
2400,Capo di Ponte v.Briscioli,Temperatura,2020-07,21.84,4461
2400,Capo di Ponte v.Briscioli,Temperatura,2020-08,21.63,4462
2400,Capo di Ponte v.Briscioli,Temperatura,2020-09,17.83,4319
2400,Capo di Ponte v.Briscioli,Temperatura,2020-10,10.62,4462
2400,Capo di Ponte v.Briscioli,Temperatura,2020-11,5.98,4316
2400,Capo di Ponte v.Briscioli,Temperatura,2020-12,3.13,4426
2400,Capo di Ponte v.Briscioli,Temperatura,2021-01,1.10,1
2400,Capo di Ponte v.Briscioli,Temperatura,2021-01,1.37,4460
2400,Capo di Ponte v.Briscioli,Temperatura,2021-02,5.54,4032
2400,Capo di Ponte v.Briscioli,Temperatura,2021-03,6.86,4447
2400,Capo di Ponte v.Briscioli,Temperatura,2021-04,10.49,4320
2400,Capo di Ponte v.Briscioli,Temperatura,2021-05,14.31,4461
2400,Capo di Ponte v.Briscioli,Temperatura,2021-06,22.12,4317
2400,Capo di Ponte v.Briscioli,Temperatura,2021-07,21.86,4463
2400,Capo di Ponte v.Briscioli,Temperatura,2021-08,20.36,4461
2400,Capo di Ponte v.Briscioli,Temperatura,2021-09,17.97,4313
2400,Capo di Ponte v.Briscioli,Temperatura,2021-10,10.66,4462
2400,Capo di Ponte v.Briscioli,Temperatura,2021-11,6.85,4001
2400,Capo di Ponte v.Briscioli,Temperatura,2021-12,2.23,4427
2400,Capo di Ponte v.Briscioli,Temperatura,2022-01,2.05,4457
2400,Capo di Ponte v.Briscioli,Temperatura,2022-02,4.81,4018
2400,Capo di Ponte v.Briscioli,Temperatura,2022-03,6.59,4461
2400,Capo di Ponte v.Briscioli,Temperatura,2022-04,10.92,4319
2400,Capo di Ponte v.Briscioli,Temperatura,2022-05,18.23,4461
2400,Capo di Ponte v.Briscioli,Temperatura,2022-06,22.71,4319
2400,Capo di Ponte v.Briscioli,Temperatura,2022-07,25.51,4463
2400,Capo di Ponte v.Briscioli,Temperatura,2022-08,23.03,4462
2400,Capo di Ponte v.Briscioli,Temperatura,2022-09,16.89,4318
2400,Capo di Ponte v.Briscioli,Temperatura,2022-10,14.30,4463
2400,Capo di Ponte v.Briscioli,Temperatura,2022-11,7.52,4319
2400,Capo di Ponte v.Briscioli,Temperatura,2022-12,3.47,4461
2400,Capo di Ponte v.Briscioli,Temperatura,2023-01,3.21,4455
2400,Capo di Ponte v.Briscioli,Temperatura,2023-02,4.98,4025
2400,Capo di Ponte v.Briscioli,Temperatura,2023-03,8.96,4463
2400,Capo di Ponte v.Briscioli,Temperatura,2023-04,11.04,4318
2400,Capo di Ponte v.Briscioli,Temperatura,2023-05,16.22,4460
2400,Capo di Ponte v.Briscioli,Temperatura,2023-06,21.56,4319
2400,Capo di Ponte v.Briscioli,Temperatura,2023-07,22.62,4463
2400,Capo di Ponte v.Briscioli,Temperatura,2023-08,22.64,4444
2400,Capo di Ponte v.Briscioli,Temperatura,2023-09,19.12,4317
2400,Capo di Ponte v.Briscioli,Temperatura,2023-10,14.58,4463
2400,Capo di Ponte v.Briscioli,Temperatura,2023-11,6.02,4316
2400,Capo di Ponte v.Briscioli,Temperatura,2023-12,4.22,4463
2400,Capo di Ponte v.Briscioli,Temperatura,2024-01,2.80,4458
2400,Capo di Ponte v.Briscioli,Temperatura,2024-02,7.16,4175
2400,Capo di Ponte v.Briscioli,Temperatura,2024-03,9.49,4462
2400,Capo di Ponte v.Briscioli,Temperatura,2024-04,12.09,4320
2400,Capo di Ponte v.Briscioli,Temperatura,2024-05,15.48,4458
2400,Capo di Ponte v.Briscioli,Temperatura,2024-06,19.83,4319
2400,Capo di Ponte v.Briscioli,Temperatura,2024-07,23.57,4463
2400,Capo di Ponte v.Briscioli,Temperatura,2024-08,24.05,4461
2400,Capo di Ponte v.Briscioli,Temperatura,2024-09,17.38,4317
2400,Capo di Ponte v.Briscioli,Temperatura,2024-10,13.48,4460
2400,Capo di Ponte v.Briscioli,Temperatura,2024-11,5.60,4232
2400,Capo di Ponte v.Briscioli,Temperatura,2024-12,3.10,4463
2400,Capo di Ponte v.Briscioli,Temperatura,2025-01,2.62,4463
2400,Capo di Ponte v.Briscioli,Temperatura,2025-02,4.90,4032
2400,Capo di Ponte v.Briscioli,Temperatura,2025-03,8.75,4464
2400,Capo di Ponte v.Briscioli,Temperatura,2025-04,13.03,4320
2400,Capo di Ponte v.Briscioli,Temperatura,2025-05,16.07,4463
2400,Capo di Ponte v.Briscioli,Temperatura,2025-06,23.51,4317
2400,Capo di Ponte v.Briscioli,Temperatura,2025-07,21.70,4463
2400,Capo di Ponte v.Briscioli,Temperatura,2025-08,21.90,4461
2400,Capo di Ponte v.Briscioli,Temperatura,2025-09,17.28,4320
2400,Capo di Ponte v.Briscioli,Temperatura,2025-10,12.05,4462
2400,Capo di Ponte v.Briscioli,Temperatura,2025-11,5.99,4320
2400,Capo di Ponte v.Briscioli,Temperatura,2025-12,4.17,4451
2400,Capo di Ponte v.Briscioli,Temperatura,2026-01,1.67,4464
2400,Capo di Ponte v.Briscioli,Temperatura,2026-02,6.26,4032
2400,Capo di Ponte v.Briscioli,Temperatura,2026-03,9.70,1
2414,Brescia ITAS Pastori,Temperatura,1995-01,1.82,712
2414,Brescia ITAS Pastori,Temperatura,1995-02,5.76,665
2414,Brescia ITAS Pastori,Temperatura,1995-03,8.13,738
2414,Brescia ITAS Pastori,Temperatura,1995-04,13.53,539
2414,Brescia ITAS Pastori,Temperatura,1995-05,17.03,720
2414,Brescia ITAS Pastori,Temperatura,1995-06,20.64,182
2414,Brescia ITAS Pastori,Temperatura,1995-07,26.98,514
2414,Brescia ITAS Pastori,Temperatura,1995-08,22.43,710
2414,Brescia ITAS Pastori,Temperatura,1995-09,17.85,656
2414,Brescia ITAS Pastori,Temperatura,1995-10,14.89,713
2414,Brescia ITAS Pastori,Temperatura,1995-11,8.07,711
2414,Brescia ITAS Pastori,Temperatura,1995-12,4.73,649
2414,Brescia ITAS Pastori,Temperatura,1996-01,1.46,1
2414,Brescia ITAS Pastori,Temperatura,1998-01,7.80,288
2414,Brescia ITAS Pastori,Temperatura,1998-02,10.14,431
2414,Brescia ITAS Pastori,Temperatura,1998-03,9.93,740
2414,Brescia ITAS Pastori,Temperatura,1998-04,13.19,714
2414,Brescia ITAS Pastori,Temperatura,1998-05,17.97,646
2414,Brescia ITAS Pastori,Temperatura,1998-06,22.92,690
2414,Brescia ITAS Pastori,Temperatura,1998-07,24.88,513
2414,Brescia ITAS Pastori,Temperatura,1998-08,25.22,740
2414,Brescia ITAS Pastori,Temperatura,1998-09,19.36,698
2414,Brescia ITAS Pastori,Temperatura,1998-10,13.66,599
2414,Brescia ITAS Pastori,Temperatura,1998-11,6.32,701
2414,Brescia ITAS Pastori,Temperatura,1998-12,2.24,724
2414,Brescia ITAS Pastori,Temperatura,1999-01,3.75,739
2414,Brescia ITAS Pastori,Temperatura,1999-02,4.79,660
2414,Brescia ITAS Pastori,Temperatura,1999-03,9.94,732
2414,Brescia ITAS Pastori,Temperatura,1999-04,13.93,720
2414,Brescia ITAS Pastori,Temperatura,1999-05,19.39,469
2414,Brescia ITAS Pastori,Temperatura,1999-06,21.95,720
2414,Brescia ITAS Pastori,Temperatura,1999-07,25.25,521
2414,Brescia ITAS Pastori,Temperatura,1999-09,20.82,421
2414,Brescia ITAS Pastori,Temperatura,1999-10,14.71,744
2414,Brescia ITAS Pastori,Temperatura,1999-11,6.99,720
2414,Brescia ITAS Pastori,Temperatura,1999-12,2.70,730
2414,Brescia ITAS Pastori,Temperatura,2000-01,1.75,720
2414,Brescia ITAS Pastori,Temperatura,2000-02,6.15,684
2414,Brescia ITAS Pastori,Temperatura,2000-03,10.43,744
2414,Brescia ITAS Pastori,Temperatura,2000-04,14.64,720
2414,Brescia ITAS Pastori,Temperatura,2000-05,20.23,744
2414,Brescia ITAS Pastori,Temperatura,2000-06,23.79,708
2414,Brescia ITAS Pastori,Temperatura,2000-07,23.02,743
2414,Brescia ITAS Pastori,Temperatura,2000-08,24.04,578
2414,Brescia ITAS Pastori,Temperatura,2000-09,19.92,584
2414,Brescia ITAS Pastori,Temperatura,2000-11,8.09,561
2414,Brescia ITAS Pastori,Temperatura,2000-12,5.30,744
2414,Brescia ITAS Pastori,Temperatura,2001-01,3.70,718
2414,Brescia ITAS Pastori,Temperatura,2001-02,6.00,669
2414,Brescia ITAS Pastori,Temperatura,2001-03,10.46,744
2414,Brescia ITAS Pastori,Temperatura,2001-04,12.36,720
2414,Brescia ITAS Pastori,Temperatura,2001-05,19.80,744
2414,Brescia ITAS Pastori,Temperatura,2001-06,21.96,720
2414,Brescia ITAS Pastori,Temperatura,2001-07,24.51,744
2414,Brescia ITAS Pastori,Temperatura,2001-08,25.25,744
2414,Brescia ITAS Pastori,Temperatura,2001-09,16.70,720
2414,Brescia ITAS Pastori,Temperatura,2001-10,16.08,730
2414,Brescia ITAS Pastori,Temperatura,2001-11,6.71,706
2414,Brescia ITAS Pastori,Temperatura,2001-12,1.08,741
2414,Brescia ITAS Pastori,Temperatura,2002-01,1.03,738
2414,Brescia ITAS Pastori,Temperatura,2002-02,6.09,644
2414,Brescia ITAS Pastori,Temperatura,2002-03,11.10,720
2414,Brescia ITAS Pastori,Temperatura,2002-04,12.98,667
2414,Brescia ITAS Pastori,Temperatura,2002-05,18.53,743
2414,Brescia ITAS Pastori,Temperatura,2002-06,24.13,712
2414,Brescia ITAS Pastori,Temperatura,2002-07,23.73,671
2414,Brescia ITAS Pastori,Temperatura,2002-08,22.57,725
2414,Brescia ITAS Pastori,Temperatura,2002-09,18.19,714
2414,Brescia ITAS Pastori,Temperatura,2002-10,14.15,727
2414,Brescia ITAS Pastori,Temperatura,2002-11,10.87,719
2414,Brescia ITAS Pastori,Temperatura,2002-12,5.38,744
2414,Brescia ITAS Pastori,Temperatura,2003-01,2.67,744
2414,Brescia ITAS Pastori,Temperatura,2003-02,2.13,657
2414,Brescia ITAS Pastori,Temperatura,2003-03,9.92,744
2414,Brescia ITAS Pastori,Temperatura,2003-04,12.57,720
2414,Brescia ITAS Pastori,Temperatura,2003-05,20.75,744
2414,Brescia ITAS Pastori,Temperatura,2003-06,26.74,720
2414,Brescia ITAS Pastori,Temperatura,2003-07,26.38,718
2414,Brescia ITAS Pastori,Temperatura,2003-08,28.53,744
2414,Brescia ITAS Pastori,Temperatura,2003-09,19.28,693
2414,Brescia ITAS Pastori,Temperatura,2003-10,12.51,729
2414,Brescia ITAS Pastori,Temperatura,2003-11,9.07,685
2414,Brescia ITAS Pastori,Temperatura,2003-12,4.54,743
2414,Brescia ITAS Pastori,Temperatura,2004-01,2.86,4464
2414,Brescia ITAS Pastori,Temperatura,2004-02,4.28,4176
2414,Brescia ITAS Pastori,Temperatura,2004-03,8.02,4464
2414,Brescia ITAS Pastori,Temperatura,2004-04,13.35,4317
2414,Brescia ITAS Pastori,Temperatura,2004-05,16.75,4460
2414,Brescia ITAS Pastori,Temperatura,2004-06,22.57,4315
2414,Brescia ITAS Pastori,Temperatura,2004-07,24.30,4461
2414,Brescia ITAS Pastori,Temperatura,2004-08,24.70,4459
2414,Brescia ITAS Pastori,Temperatura,2004-09,20.14,4317
2414,Brescia ITAS Pastori,Temperatura,2004-10,15.80,4459
2414,Brescia ITAS Pastori,Temperatura,2004-11,8.59,4312
2414,Brescia ITAS Pastori,Temperatura,2004-12,4.40,4461
2414,Brescia ITAS Pastori,Temperatura,2005-01,1.36,4450
2414,Brescia ITAS Pastori,Temperatura,2005-02,2.48,4025
2414,Brescia ITAS Pastori,Temperatura,2005-03,8.62,4459
2414,Brescia ITAS Pastori,Temperatura,2005-04,12.52,4098
2414,Brescia ITAS Pastori,Temperatura,2005-05,19.01,4355
2414,Brescia ITAS Pastori,Temperatura,2005-06,23.75,4285
2414,Brescia ITAS Pastori,Temperatura,2005-07,24.54,4399
2414,Brescia ITAS Pastori,Temperatura,2005-08,21.90,4461
2414,Brescia ITAS Pastori,Temperatura,2005-09,19.61,4318
2414,Brescia ITAS Pastori,Temperatura,2005-10,13.26,4460
2414,Brescia ITAS Pastori,Temperatura,2005-11,6.95,4259
2414,Brescia ITAS Pastori,Temperatura,2005-12,0.56,2646
2414,Brescia ITAS Pastori,Temperatura,2006-01,0.62,4464
2414,Brescia ITAS Pastori,Temperatura,2006-02,3.29,4027
2414,Brescia ITAS Pastori,Temperatura,2006-03,7.82,4464
2414,Brescia ITAS Pastori,Temperatura,2006-04,13.17,4320
2414,Brescia ITAS Pastori,Temperatura,2006-05,17.99,4464
2414,Brescia ITAS Pastori,Temperatura,2006-06,22.70,4320
2414,Brescia ITAS Pastori,Temperatura,2006-07,26.20,4463
2414,Brescia ITAS Pastori,Temperatura,2006-08,21.07,4464
2414,Brescia ITAS Pastori,Temperatura,2006-09,20.38,4315
2414,Brescia ITAS Pastori,Temperatura,2006-10,15.02,4464
2414,Brescia ITAS Pastori,Temperatura,2006-11,8.65,4320
2414,Brescia ITAS Pastori,Temperatura,2006-12,4.80,4464
2414,Brescia ITAS Pastori,Temperatura,2007-01,5.40,4464
2414,Brescia ITAS Pastori,Temperatura,2007-02,6.60,4026
2414,Brescia ITAS Pastori,Temperatura,2007-03,9.99,4464
2414,Brescia ITAS Pastori,Temperatura,2007-04,16.61,4290
2414,Brescia ITAS Pastori,Temperatura,2007-05,19.35,4464
2414,Brescia ITAS Pastori,Temperatura,2007-06,21.89,4320
2414,Brescia ITAS Pastori,Temperatura,2007-07,24.79,4464
2414,Brescia ITAS Pastori,Temperatura,2007-08,22.61,4458
2414,Brescia ITAS Pastori,Temperatura,2007-09,18.15,4320
2414,Brescia ITAS Pastori,Temperatura,2007-10,12.75,4451
2414,Brescia ITAS Pastori,Temperatura,2007-11,6.90,4317
2414,Brescia ITAS Pastori,Temperatura,2007-12,2.38,4464
2414,Brescia ITAS Pastori,Temperatura,2008-01,4.41,4464
2414,Brescia ITAS Pastori,Temperatura,2008-02,5.11,4176
2414,Brescia ITAS Pastori,Temperatura,2008-03,9.53,4452
2414,Brescia ITAS Pastori,Temperatura,2008-04,12.54,4320
2414,Brescia ITAS Pastori,Temperatura,2008-05,18.18,4463
2414,Brescia ITAS Pastori,Temperatura,2008-06,21.56,4318
2414,Brescia ITAS Pastori,Temperatura,2008-07,24.11,4464
2414,Brescia ITAS Pastori,Temperatura,2008-08,24.17,4464
2414,Brescia ITAS Pastori,Temperatura,2008-09,18.35,4318
2414,Brescia ITAS Pastori,Temperatura,2008-10,14.48,4464
2414,Brescia ITAS Pastori,Temperatura,2008-11,8.37,4315
2414,Brescia ITAS Pastori,Temperatura,2008-12,3.33,4464
2414,Brescia ITAS Pastori,Temperatura,2009-01,1.37,4463
2414,Brescia ITAS Pastori,Temperatura,2009-02,4.45,4032
2414,Brescia ITAS Pastori,Temperatura,2009-03,9.19,4464
2414,Brescia ITAS Pastori,Temperatura,2009-04,13.84,4320
2414,Brescia ITAS Pastori,Temperatura,2009-05,19.97,4464
2414,Brescia ITAS Pastori,Temperatura,2009-06,22.18,4318
2414,Brescia ITAS Pastori,Temperatura,2009-07,24.49,4464
2414,Brescia ITAS Pastori,Temperatura,2009-08,25.64,4464
2414,Brescia ITAS Pastori,Temperatura,2009-09,20.26,4320
2414,Brescia ITAS Pastori,Temperatura,2009-10,13.30,4464
2414,Brescia ITAS Pastori,Temperatura,2009-11,8.75,4320
2414,Brescia ITAS Pastori,Temperatura,2009-12,1.82,4464
2414,Brescia ITAS Pastori,Temperatura,2010-01,1.03,4463
2414,Brescia ITAS Pastori,Temperatura,2010-02,4.07,4031
2414,Brescia ITAS Pastori,Temperatura,2010-03,7.83,4464
2414,Brescia ITAS Pastori,Temperatura,2010-04,13.14,4320
2414,Brescia ITAS Pastori,Temperatura,2010-05,16.86,4464
2414,Brescia ITAS Pastori,Temperatura,2010-06,22.31,4320
2414,Brescia ITAS Pastori,Temperatura,2010-07,25.28,4464
2414,Brescia ITAS Pastori,Temperatura,2010-08,22.10,4464
2414,Brescia ITAS Pastori,Temperatura,2010-09,17.72,4317
2414,Brescia ITAS Pastori,Temperatura,2010-10,11.40,4464
2414,Brescia ITAS Pastori,Temperatura,2010-11,8.23,4320
2414,Brescia ITAS Pastori,Temperatura,2010-12,0.83,4464
2414,Brescia ITAS Pastori,Temperatura,2011-01,-3.20,1
2414,Brescia ITAS Pastori,Temperatura,2011-01,1.41,4463
2414,Brescia ITAS Pastori,Temperatura,2011-02,4.83,4031
2414,Brescia ITAS Pastori,Temperatura,2011-03,8.71,4464
2414,Brescia ITAS Pastori,Temperatura,2011-04,15.66,4320
2414,Brescia ITAS Pastori,Temperatura,2011-05,20.31,4402
2414,Brescia ITAS Pastori,Temperatura,2011-06,22.42,4318
2414,Brescia ITAS Pastori,Temperatura,2011-07,23.86,4464
2414,Brescia ITAS Pastori,Temperatura,2011-08,25.67,4462
2414,Brescia ITAS Pastori,Temperatura,2011-09,22.05,4319
2414,Brescia ITAS Pastori,Temperatura,2011-10,13.74,4462
2414,Brescia ITAS Pastori,Temperatura,2011-11,7.63,4319
2414,Brescia ITAS Pastori,Temperatura,2011-12,4.15,4464
2414,Brescia ITAS Pastori,Temperatura,2012-01,2.42,4463
2414,Brescia ITAS Pastori,Temperatura,2012-02,2.32,4175
2414,Brescia ITAS Pastori,Temperatura,2012-03,12.62,4461
2414,Brescia ITAS Pastori,Temperatura,2012-04,13.25,4319
2414,Brescia ITAS Pastori,Temperatura,2012-05,18.62,4462
2414,Brescia ITAS Pastori,Temperatura,2012-06,24.80,4320
2414,Brescia ITAS Pastori,Temperatura,2012-07,26.04,4463
2414,Brescia ITAS Pastori,Temperatura,2012-08,27.57,4460
2414,Brescia ITAS Pastori,Temperatura,2012-09,20.03,4318
2414,Brescia ITAS Pastori,Temperatura,2012-10,14.75,4463
2414,Brescia ITAS Pastori,Temperatura,2012-11,9.97,4319
2414,Brescia ITAS Pastori,Temperatura,2012-12,2.03,4464
2414,Brescia ITAS Pastori,Temperatura,2013-01,3.55,4464
2414,Brescia ITAS Pastori,Temperatura,2013-02,3.51,4031
2414,Brescia ITAS Pastori,Temperatura,2013-03,7.74,4464
2414,Brescia ITAS Pastori,Temperatura,2013-04,14.15,4317
2414,Brescia ITAS Pastori,Temperatura,2013-05,16.74,4462
2414,Brescia ITAS Pastori,Temperatura,2013-06,22.72,4320
2414,Brescia ITAS Pastori,Temperatura,2013-07,26.39,4464
2414,Brescia ITAS Pastori,Temperatura,2013-08,24.66,4463
2414,Brescia ITAS Pastori,Temperatura,2013-09,20.59,4320
2414,Brescia ITAS Pastori,Temperatura,2013-10,15.64,4464
2414,Brescia ITAS Pastori,Temperatura,2013-11,9.22,4273
2414,Brescia ITAS Pastori,Temperatura,2013-12,4.23,4462
2414,Brescia ITAS Pastori,Temperatura,2014-01,6.01,4434
2414,Brescia ITAS Pastori,Temperatura,2014-02,7.98,4013
2414,Brescia ITAS Pastori,Temperatura,2014-03,11.60,4461
2414,Brescia ITAS Pastori,Temperatura,2014-04,15.71,4298
2414,Brescia ITAS Pastori,Temperatura,2014-05,18.40,4008
2414,Brescia ITAS Pastori,Temperatura,2014-06,23.68,4021
2414,Brescia ITAS Pastori,Temperatura,2014-07,23.13,4464
2414,Brescia ITAS Pastori,Temperatura,2014-08,22.70,4459
2414,Brescia ITAS Pastori,Temperatura,2014-09,20.39,4317
2414,Brescia ITAS Pastori,Temperatura,2014-10,16.43,4459
2414,Brescia ITAS Pastori,Temperatura,2014-11,11.66,4320
2414,Brescia ITAS Pastori,Temperatura,2014-12,6.04,4463
2414,Brescia ITAS Pastori,Temperatura,2015-01,4.58,4464
2414,Brescia ITAS Pastori,Temperatura,2015-02,5.18,4028
2414,Brescia ITAS Pastori,Temperatura,2015-03,10.60,4449
2414,Brescia ITAS Pastori,Temperatura,2015-04,14.93,4169
2414,Brescia ITAS Pastori,Temperatura,2015-05,20.10,4265
2414,Brescia ITAS Pastori,Temperatura,2015-06,24.39,4303
2414,Brescia ITAS Pastori,Temperatura,2015-07,29.64,4455
2414,Brescia ITAS Pastori,Temperatura,2015-08,26.13,4434
2414,Brescia ITAS Pastori,Temperatura,2015-09,21.05,4319
2414,Brescia ITAS Pastori,Temperatura,2015-10,14.48,4464
2414,Brescia ITAS Pastori,Temperatura,2015-11,8.72,4284
2414,Brescia ITAS Pastori,Temperatura,2015-12,4.57,4461
2414,Brescia ITAS Pastori,Temperatura,2016-01,3.87,4433
2414,Brescia ITAS Pastori,Temperatura,2016-02,7.99,4168
2414,Brescia ITAS Pastori,Temperatura,2016-03,10.50,4461
2414,Brescia ITAS Pastori,Temperatura,2016-04,15.93,4316
2414,Brescia ITAS Pastori,Temperatura,2016-05,17.83,4464
2414,Brescia ITAS Pastori,Temperatura,2016-06,22.83,4320
2414,Brescia ITAS Pastori,Temperatura,2016-07,26.93,4457
2414,Brescia ITAS Pastori,Temperatura,2016-08,24.27,4464
2414,Brescia ITAS Pastori,Temperatura,2016-09,21.82,4320
2414,Brescia ITAS Pastori,Temperatura,2016-10,13.69,4330
2414,Brescia ITAS Pastori,Temperatura,2016-11,9.37,4292
2414,Brescia ITAS Pastori,Temperatura,2016-12,3.71,4461
2414,Brescia ITAS Pastori,Temperatura,2017-01,0.90,4452
2414,Brescia ITAS Pastori,Temperatura,2017-02,7.16,4026
2414,Brescia ITAS Pastori,Temperatura,2017-03,12.80,4428
2414,Brescia ITAS Pastori,Temperatura,2017-04,15.46,4319
2414,Brescia ITAS Pastori,Temperatura,2017-05,20.09,4464
2414,Brescia ITAS Pastori,Temperatura,2017-06,26.08,4318
2414,Brescia ITAS Pastori,Temperatura,2017-07,26.54,4464
2414,Brescia ITAS Pastori,Temperatura,2017-08,27.38,4464
2414,Brescia ITAS Pastori,Temperatura,2017-09,18.87,4319
2414,Brescia ITAS Pastori,Temperatura,2017-10,14.65,4458
2414,Brescia ITAS Pastori,Temperatura,2017-11,8.16,4319
2414,Brescia ITAS Pastori,Temperatura,2017-12,3.06,4463
2414,Brescia ITAS Pastori,Temperatura,2018-01,6.10,4458
2414,Brescia ITAS Pastori,Temperatura,2018-02,4.23,4032
2414,Brescia ITAS Pastori,Temperatura,2018-03,7.99,4464
2414,Brescia ITAS Pastori,Temperatura,2018-04,16.50,4320
2414,Brescia ITAS Pastori,Temperatura,2018-05,19.84,4463
2414,Brescia ITAS Pastori,Temperatura,2018-06,24.09,4320
2414,Brescia ITAS Pastori,Temperatura,2018-07,26.24,4464
2414,Brescia ITAS Pastori,Temperatura,2018-08,25.92,4464
2414,Brescia ITAS Pastori,Temperatura,2018-09,21.45,4320
2414,Brescia ITAS Pastori,Temperatura,2018-10,16.40,4446
2414,Brescia ITAS Pastori,Temperatura,2018-11,10.64,4320
2414,Brescia ITAS Pastori,Temperatura,2018-12,3.28,4464
2414,Brescia ITAS Pastori,Temperatura,2019-01,2.69,4464
2414,Brescia ITAS Pastori,Temperatura,2019-02,6.40,4031
2414,Brescia ITAS Pastori,Temperatura,2019-03,11.18,4463
2414,Brescia ITAS Pastori,Temperatura,2019-04,13.87,4319
2414,Brescia ITAS Pastori,Temperatura,2019-05,15.66,4458
2414,Brescia ITAS Pastori,Temperatura,2019-06,26.34,4314
2414,Brescia ITAS Pastori,Temperatura,2019-07,27.23,4461
2414,Brescia ITAS Pastori,Temperatura,2019-08,26.39,4464
2414,Brescia ITAS Pastori,Temperatura,2019-09,20.79,4319
2414,Brescia ITAS Pastori,Temperatura,2019-10,16.51,4463
2414,Brescia ITAS Pastori,Temperatura,2019-11,10.46,4319
2414,Brescia ITAS Pastori,Temperatura,2019-12,5.90,4463
2414,Brescia ITAS Pastori,Temperatura,2020-01,3.92,4463
2414,Brescia ITAS Pastori,Temperatura,2020-02,8.03,4175
2414,Brescia ITAS Pastori,Temperatura,2020-03,9.72,4462
2414,Brescia ITAS Pastori,Temperatura,2020-04,15.16,4318
2414,Brescia ITAS Pastori,Temperatura,2020-05,19.90,4464
2414,Brescia ITAS Pastori,Temperatura,2020-06,22.32,4319
2414,Brescia ITAS Pastori,Temperatura,2020-07,25.96,4464
2414,Brescia ITAS Pastori,Temperatura,2020-08,25.75,4463
2414,Brescia ITAS Pastori,Temperatura,2020-09,20.82,4320
2414,Brescia ITAS Pastori,Temperatura,2020-10,13.62,4463
2414,Brescia ITAS Pastori,Temperatura,2020-11,9.22,4309
2414,Brescia ITAS Pastori,Temperatura,2020-12,6.52,2375
2414,Brescia ITAS Pastori,Temperatura,2021-01,4.10,1
2414,Brescia ITAS Pastori,Temperatura,2021-01,3.26,4462
2414,Brescia ITAS Pastori,Temperatura,2021-02,8.02,4031
2414,Brescia ITAS Pastori,Temperatura,2021-03,9.81,4461
2414,Brescia ITAS Pastori,Temperatura,2021-04,13.01,4318
2414,Brescia ITAS Pastori,Temperatura,2021-05,18.12,4464
2414,Brescia ITAS Pastori,Temperatura,2021-06,26.05,4320
2414,Brescia ITAS Pastori,Temperatura,2021-07,26.65,4464
2414,Brescia ITAS Pastori,Temperatura,2021-08,25.65,4463
2414,Brescia ITAS Pastori,Temperatura,2021-09,21.95,4313
2414,Brescia ITAS Pastori,Temperatura,2021-10,13.57,4464
2414,Brescia ITAS Pastori,Temperatura,2021-11,8.86,4320
2414,Brescia ITAS Pastori,Temperatura,2021-12,3.62,4464
2414,Brescia ITAS Pastori,Temperatura,2022-01,2.91,4458
2414,Brescia ITAS Pastori,Temperatura,2022-02,7.19,4032
2414,Brescia ITAS Pastori,Temperatura,2022-03,9.12,4464
2414,Brescia ITAS Pastori,Temperatura,2022-04,13.90,4320
2414,Brescia ITAS Pastori,Temperatura,2022-05,21.34,4461
2414,Brescia ITAS Pastori,Temperatura,2022-06,26.17,4320
2414,Brescia ITAS Pastori,Temperatura,2022-07,29.11,4464
2414,Brescia ITAS Pastori,Temperatura,2022-08,26.53,4464
2414,Brescia ITAS Pastori,Temperatura,2022-09,20.66,4320
2414,Brescia ITAS Pastori,Temperatura,2022-10,17.49,4463
2414,Brescia ITAS Pastori,Temperatura,2022-11,9.31,4318
2414,Brescia ITAS Pastori,Temperatura,2022-12,5.72,4462
2414,Brescia ITAS Pastori,Temperatura,2023-01,5.57,4459
2414,Brescia ITAS Pastori,Temperatura,2023-02,6.84,4031
2414,Brescia ITAS Pastori,Temperatura,2023-03,11.52,4464
2414,Brescia ITAS Pastori,Temperatura,2023-04,13.95,4320
2414,Brescia ITAS Pastori,Temperatura,2023-05,18.60,4464
2414,Brescia ITAS Pastori,Temperatura,2023-06,24.35,4315
2414,Brescia ITAS Pastori,Temperatura,2023-07,26.41,4464
2414,Brescia ITAS Pastori,Temperatura,2023-08,26.29,4412
2414,Brescia ITAS Pastori,Temperatura,2023-09,22.35,4316
2414,Brescia ITAS Pastori,Temperatura,2023-10,17.83,4464
2414,Brescia ITAS Pastori,Temperatura,2023-11,8.44,4320
2414,Brescia ITAS Pastori,Temperatura,2023-12,5.94,4463
2414,Brescia ITAS Pastori,Temperatura,2024-01,3.93,4459
2414,Brescia ITAS Pastori,Temperatura,2024-02,9.11,4176
2414,Brescia ITAS Pastori,Temperatura,2024-03,11.92,4464
2414,Brescia ITAS Pastori,Temperatura,2024-04,14.39,4318
2414,Brescia ITAS Pastori,Temperatura,2024-05,18.28,4462
2414,Brescia ITAS Pastori,Temperatura,2024-06,22.86,4319
2414,Brescia ITAS Pastori,Temperatura,2024-07,27.46,4464
2414,Brescia ITAS Pastori,Temperatura,2024-08,27.48,4464
2414,Brescia ITAS Pastori,Temperatura,2024-09,20.24,4317
2414,Brescia ITAS Pastori,Temperatura,2024-10,15.94,4464
2414,Brescia ITAS Pastori,Temperatura,2024-11,7.51,3743
2414,Brescia ITAS Pastori,Temperatura,2024-12,3.55,4464
2414,Brescia ITAS Pastori,Temperatura,2025-01,4.95,4464
2414,Brescia ITAS Pastori,Temperatura,2025-02,6.58,4032
2414,Brescia ITAS Pastori,Temperatura,2025-03,10.83,4464
2414,Brescia ITAS Pastori,Temperatura,2025-04,15.44,4316
2414,Brescia ITAS Pastori,Temperatura,2025-05,19.16,4464
2414,Brescia ITAS Pastori,Temperatura,2025-06,26.69,4320
2414,Brescia ITAS Pastori,Temperatura,2025-07,25.56,4464
2414,Brescia ITAS Pastori,Temperatura,2025-08,25.11,4463
2414,Brescia ITAS Pastori,Temperatura,2025-09,20.07,4320
2414,Brescia ITAS Pastori,Temperatura,2025-10,13.97,4463
2414,Brescia ITAS Pastori,Temperatura,2025-11,7.73,4320
2414,Brescia ITAS Pastori,Temperatura,2025-12,5.95,4464
2414,Brescia ITAS Pastori,Temperatura,2026-01,3.24,4435
2414,Brescia ITAS Pastori,Temperatura,2026-02,8.32,4032
2414,Brescia ITAS Pastori,Temperatura,2026-03,12.90,1
2459,Corzano Bargnano,Temperatura,1998-05,17.83,685
2459,Corzano Bargnano,Temperatura,1998-06,21.08,720
2459,Corzano Bargnano,Temperatura,1998-07,23.09,742
2459,Corzano Bargnano,Temperatura,1998-08,23.51,717
2459,Corzano Bargnano,Temperatura,1998-09,17.60,675
2459,Corzano Bargnano,Temperatura,1998-10,12.12,736
2459,Corzano Bargnano,Temperatura,1998-11,4.39,694
2459,Corzano Bargnano,Temperatura,1998-12,0.19,727
2459,Corzano Bargnano,Temperatura,1999-01,1.76,740
2459,Corzano Bargnano,Temperatura,1999-02,2.76,662
2459,Corzano Bargnano,Temperatura,1999-03,7.97,732
2459,Corzano Bargnano,Temperatura,1999-04,12.58,720
2459,Corzano Bargnano,Temperatura,1999-05,18.57,744
2459,Corzano Bargnano,Temperatura,1999-06,20.13,540
2459,Corzano Bargnano,Temperatura,1999-07,22.56,727
2459,Corzano Bargnano,Temperatura,1999-08,21.72,744
2459,Corzano Bargnano,Temperatura,1999-09,19.05,715
2459,Corzano Bargnano,Temperatura,1999-10,12.57,650
2459,Corzano Bargnano,Temperatura,1999-11,5.02,720
2459,Corzano Bargnano,Temperatura,1999-12,0.69,730
2459,Corzano Bargnano,Temperatura,2000-01,0.02,720
2459,Corzano Bargnano,Temperatura,2000-02,4.35,680
2459,Corzano Bargnano,Temperatura,2000-03,8.46,744
2459,Corzano Bargnano,Temperatura,2000-04,12.95,696
2459,Corzano Bargnano,Temperatura,2000-05,18.68,553
2459,Corzano Bargnano,Temperatura,2000-06,21.87,608
2459,Corzano Bargnano,Temperatura,2000-07,21.36,744
2459,Corzano Bargnano,Temperatura,2000-08,22.66,743
2459,Corzano Bargnano,Temperatura,2000-09,17.74,500
2459,Corzano Bargnano,Temperatura,2000-10,13.11,744
2459,Corzano Bargnano,Temperatura,2000-11,7.40,704
2459,Corzano Bargnano,Temperatura,2000-12,4.70,744
2459,Corzano Bargnano,Temperatura,2001-01,3.15,742
2459,Corzano Bargnano,Temperatura,2001-02,4.88,669
2459,Corzano Bargnano,Temperatura,2001-03,9.51,614
2459,Corzano Bargnano,Temperatura,2001-04,10.96,493
2459,Corzano Bargnano,Temperatura,2001-05,19.57,735
2459,Corzano Bargnano,Temperatura,2001-06,21.17,709
2459,Corzano Bargnano,Temperatura,2001-07,23.26,744
2459,Corzano Bargnano,Temperatura,2001-08,23.98,743
2459,Corzano Bargnano,Temperatura,2001-09,15.62,720
2459,Corzano Bargnano,Temperatura,2001-10,15.11,731
2459,Corzano Bargnano,Temperatura,2001-11,5.60,719
2459,Corzano Bargnano,Temperatura,2001-12,-0.24,741
2459,Corzano Bargnano,Temperatura,2002-01,-0.38,743
2459,Corzano Bargnano,Temperatura,2002-02,5.05,646
2459,Corzano Bargnano,Temperatura,2002-03,10.21,719
2459,Corzano Bargnano,Temperatura,2002-04,12.61,720
2459,Corzano Bargnano,Temperatura,2002-05,17.77,743
2459,Corzano Bargnano,Temperatura,2002-06,22.84,720
2459,Corzano Bargnano,Temperatura,2002-07,22.57,744
2459,Corzano Bargnano,Temperatura,2002-08,22.47,149
2459,Corzano Bargnano,Temperatura,2002-12,4.64,647
2459,Corzano Bargnano,Temperatura,2003-01,1.91,744
2459,Corzano Bargnano,Temperatura,2003-02,1.37,672
2459,Corzano Bargnano,Temperatura,2003-03,9.06,744
2459,Corzano Bargnano,Temperatura,2003-04,12.33,707
2459,Corzano Bargnano,Temperatura,2003-05,20.24,744
2459,Corzano Bargnano,Temperatura,2003-06,25.56,720
2459,Corzano Bargnano,Temperatura,2003-07,24.53,744
2459,Corzano Bargnano,Temperatura,2003-08,26.44,744
2459,Corzano Bargnano,Temperatura,2003-09,18.91,696
2459,Corzano Bargnano,Temperatura,2003-10,12.25,744
2459,Corzano Bargnano,Temperatura,2003-11,9.12,720
2459,Corzano Bargnano,Temperatura,2003-12,4.20,744
2459,Corzano Bargnano,Temperatura,2004-01,2.50,4464
2459,Corzano Bargnano,Temperatura,2004-02,3.85,4176
2459,Corzano Bargnano,Temperatura,2004-03,6.84,3504
2459,Corzano Bargnano,Temperatura,2004-04,13.06,3390
2459,Corzano Bargnano,Temperatura,2004-05,17.01,4065
2459,Corzano Bargnano,Temperatura,2004-06,21.94,4128
2459,Corzano Bargnano,Temperatura,2004-07,22.61,1699
2459,Corzano Bargnano,Temperatura,2004-08,22.14,698
2459,Corzano Bargnano,Temperatura,2004-09,18.99,4320
2459,Corzano Bargnano,Temperatura,2004-10,15.05,4401
2459,Corzano Bargnano,Temperatura,2004-11,7.68,4314
2459,Corzano Bargnano,Temperatura,2004-12,3.96,3313
2459,Corzano Bargnano,Temperatura,2005-01,1.04,2999
2459,Corzano Bargnano,Temperatura,2005-04,12.15,3682
2459,Corzano Bargnano,Temperatura,2005-05,18.91,4384
2459,Corzano Bargnano,Temperatura,2005-06,23.14,4251
2459,Corzano Bargnano,Temperatura,2005-07,23.67,3971
2459,Corzano Bargnano,Temperatura,2005-08,20.83,4454
2459,Corzano Bargnano,Temperatura,2005-09,19.74,3200
2459,Corzano Bargnano,Temperatura,2006-01,-1.33,2205
2459,Corzano Bargnano,Temperatura,2006-02,1.57,4017
2459,Corzano Bargnano,Temperatura,2006-03,6.25,4463
2459,Corzano Bargnano,Temperatura,2006-04,12.05,4320
2459,Corzano Bargnano,Temperatura,2006-05,16.85,4463
2459,Corzano Bargnano,Temperatura,2006-06,21.16,4319
2459,Corzano Bargnano,Temperatura,2006-07,24.06,4463
2459,Corzano Bargnano,Temperatura,2006-08,19.30,4427
2459,Corzano Bargnano,Temperatura,2006-09,18.40,4319
2459,Corzano Bargnano,Temperatura,2006-10,13.58,4464
2459,Corzano Bargnano,Temperatura,2006-11,7.21,4320
2459,Corzano Bargnano,Temperatura,2006-12,3.52,4461
2459,Corzano Bargnano,Temperatura,2007-01,4.01,4462
2459,Corzano Bargnano,Temperatura,2007-02,4.73,4019
2459,Corzano Bargnano,Temperatura,2007-03,8.56,4464
2459,Corzano Bargnano,Temperatura,2007-04,15.50,4301
2459,Corzano Bargnano,Temperatura,2007-05,17.79,4446
2459,Corzano Bargnano,Temperatura,2007-06,20.21,4320
2459,Corzano Bargnano,Temperatura,2007-07,22.72,4050
2459,Corzano Bargnano,Temperatura,2007-08,20.51,4462
2459,Corzano Bargnano,Temperatura,2007-09,16.14,4319
2459,Corzano Bargnano,Temperatura,2007-10,11.45,4464
2459,Corzano Bargnano,Temperatura,2007-11,5.36,4320
2459,Corzano Bargnano,Temperatura,2007-12,0.78,4463
2459,Corzano Bargnano,Temperatura,2008-01,2.99,4407
2459,Corzano Bargnano,Temperatura,2008-02,3.61,4165
2459,Corzano Bargnano,Temperatura,2008-03,8.08,4460
2459,Corzano Bargnano,Temperatura,2008-04,11.09,4317
2459,Corzano Bargnano,Temperatura,2008-05,16.89,4452
2459,Corzano Bargnano,Temperatura,2008-06,20.42,4319
2459,Corzano Bargnano,Temperatura,2008-07,22.22,4464
2459,Corzano Bargnano,Temperatura,2008-08,21.96,4463
2459,Corzano Bargnano,Temperatura,2008-09,16.47,4309
2459,Corzano Bargnano,Temperatura,2008-10,12.97,4463
2459,Corzano Bargnano,Temperatura,2008-11,6.31,3661
2459,Corzano Bargnano,Temperatura,2008-12,1.77,4335
2459,Corzano Bargnano,Temperatura,2009-01,-0.72,4367
2459,Corzano Bargnano,Temperatura,2009-02,2.68,3905
2459,Corzano Bargnano,Temperatura,2009-03,7.21,2544
2459,Corzano Bargnano,Temperatura,2009-04,12.64,3822
2459,Corzano Bargnano,Temperatura,2009-05,18.88,4454
2459,Corzano Bargnano,Temperatura,2009-06,20.40,4315
2459,Corzano Bargnano,Temperatura,2009-07,22.42,4459
2459,Corzano Bargnano,Temperatura,2009-08,23.12,4461
2459,Corzano Bargnano,Temperatura,2009-09,17.89,4025
2459,Corzano Bargnano,Temperatura,2009-10,8.70,252
2459,Corzano Bargnano,Temperatura,2009-11,5.71,189
2459,Corzano Bargnano,Temperatura,2009-12,3.05,473
2459,Corzano Bargnano,Temperatura,2010-01,0.20,393
2459,Corzano Bargnano,Temperatura,2010-02,5.04,2814
2459,Corzano Bargnano,Temperatura,2010-03,7.64,4460
2459,Corzano Bargnano,Temperatura,2010-04,12.19,3499
2459,Corzano Bargnano,Temperatura,2010-10,11.84,4353
2459,Corzano Bargnano,Temperatura,2010-11,8.53,4285
2459,Corzano Bargnano,Temperatura,2010-12,-0.25,1677
2459,Corzano Bargnano,Temperatura,2011-01,1.99,1042
2459,Corzano Bargnano,Temperatura,2011-02,4.53,3845
2459,Corzano Bargnano,Temperatura,2011-03,9.00,4462
2459,Corzano Bargnano,Temperatura,2011-04,16.19,4318
2459,Corzano Bargnano,Temperatura,2011-05,19.68,4462
2459,Corzano Bargnano,Temperatura,2011-06,21.63,4312
2459,Corzano Bargnano,Temperatura,2011-07,22.67,4464
2459,Corzano Bargnano,Temperatura,2011-08,24.18,4392
2459,Corzano Bargnano,Temperatura,2011-09,20.86,4319
2459,Corzano Bargnano,Temperatura,2011-10,12.42,4462
2459,Corzano Bargnano,Temperatura,2011-11,6.71,4319
2459,Corzano Bargnano,Temperatura,2011-12,3.00,4464
2459,Corzano Bargnano,Temperatura,2012-01,0.84,4464
2459,Corzano Bargnano,Temperatura,2012-02,0.81,4175
2459,Corzano Bargnano,Temperatura,2012-03,11.49,4457
2459,Corzano Bargnano,Temperatura,2012-04,12.65,4319
2459,Corzano Bargnano,Temperatura,2012-05,18.22,4463
2459,Corzano Bargnano,Temperatura,2012-06,23.43,4320
2459,Corzano Bargnano,Temperatura,2012-07,24.60,4464
2459,Corzano Bargnano,Temperatura,2012-08,25.35,4464
2459,Corzano Bargnano,Temperatura,2012-09,19.21,4315
2459,Corzano Bargnano,Temperatura,2012-10,14.10,4463
2459,Corzano Bargnano,Temperatura,2012-11,9.41,4318
2459,Corzano Bargnano,Temperatura,2012-12,0.93,4458
2459,Corzano Bargnano,Temperatura,2013-01,2.61,4462
2459,Corzano Bargnano,Temperatura,2013-02,2.52,4031
2459,Corzano Bargnano,Temperatura,2013-03,6.83,4458
2459,Corzano Bargnano,Temperatura,2013-04,13.30,4313
2459,Corzano Bargnano,Temperatura,2013-05,16.28,4461
2459,Corzano Bargnano,Temperatura,2013-06,22.30,4310
2459,Corzano Bargnano,Temperatura,2013-07,25.38,4408
2459,Corzano Bargnano,Temperatura,2013-08,23.03,4457
2459,Corzano Bargnano,Temperatura,2013-09,18.97,4320
2459,Corzano Bargnano,Temperatura,2013-10,14.92,4460
2459,Corzano Bargnano,Temperatura,2013-11,8.27,4315
2459,Corzano Bargnano,Temperatura,2013-12,3.18,4460
2459,Corzano Bargnano,Temperatura,2014-01,5.28,4423
2459,Corzano Bargnano,Temperatura,2014-02,7.19,4007
2459,Corzano Bargnano,Temperatura,2014-03,10.83,4457
2459,Corzano Bargnano,Temperatura,2014-04,15.11,4290
2459,Corzano Bargnano,Temperatura,2014-05,18.04,3322
2459,Corzano Bargnano,Temperatura,2014-06,22.77,4011
2459,Corzano Bargnano,Temperatura,2014-07,22.25,4460
2459,Corzano Bargnano,Temperatura,2014-08,21.76,4459
2459,Corzano Bargnano,Temperatura,2014-09,19.04,4319
2459,Corzano Bargnano,Temperatura,2014-10,15.43,4459
2459,Corzano Bargnano,Temperatura,2014-11,10.87,4311
2459,Corzano Bargnano,Temperatura,2014-12,5.23,4462
2459,Corzano Bargnano,Temperatura,2015-01,3.38,4454
2459,Corzano Bargnano,Temperatura,2015-02,3.49,4014
2459,Corzano Bargnano,Temperatura,2015-03,9.40,4391
2459,Corzano Bargnano,Temperatura,2015-04,14.16,4298
2459,Corzano Bargnano,Temperatura,2015-05,19.66,3832
2459,Corzano Bargnano,Temperatura,2015-06,23.33,3460
2459,Corzano Bargnano,Temperatura,2015-07,27.85,4283
2459,Corzano Bargnano,Temperatura,2015-08,24.46,3940
2459,Corzano Bargnano,Temperatura,2015-09,19.56,4140
2459,Corzano Bargnano,Temperatura,2015-10,13.62,4463
2459,Corzano Bargnano,Temperatura,2015-11,8.11,4318
2459,Corzano Bargnano,Temperatura,2015-12,4.18,4459
2459,Corzano Bargnano,Temperatura,2016-01,2.97,4448
2459,Corzano Bargnano,Temperatura,2016-02,6.66,4171
2459,Corzano Bargnano,Temperatura,2016-03,9.26,4448
2459,Corzano Bargnano,Temperatura,2016-04,15.05,4282
2459,Corzano Bargnano,Temperatura,2016-05,17.40,4458
2459,Corzano Bargnano,Temperatura,2016-06,22.08,4318
2459,Corzano Bargnano,Temperatura,2016-07,25.44,4463
2459,Corzano Bargnano,Temperatura,2016-08,23.32,4463
2459,Corzano Bargnano,Temperatura,2016-09,21.13,4319
2459,Corzano Bargnano,Temperatura,2016-10,13.07,4314
2459,Corzano Bargnano,Temperatura,2016-11,8.46,4300
2459,Corzano Bargnano,Temperatura,2016-12,2.85,4460
2459,Corzano Bargnano,Temperatura,2017-01,-0.05,4463
2459,Corzano Bargnano,Temperatura,2017-02,6.19,4025
2459,Corzano Bargnano,Temperatura,2017-03,11.32,4416
2459,Corzano Bargnano,Temperatura,2017-04,14.59,4319
2459,Corzano Bargnano,Temperatura,2017-05,19.06,4463
2459,Corzano Bargnano,Temperatura,2017-06,24.66,4317
2459,Corzano Bargnano,Temperatura,2017-07,25.06,4462
2459,Corzano Bargnano,Temperatura,2017-08,25.63,4461
2459,Corzano Bargnano,Temperatura,2017-09,18.04,4314
2459,Corzano Bargnano,Temperatura,2017-10,14.34,4454
2459,Corzano Bargnano,Temperatura,2017-11,7.68,4320
2459,Corzano Bargnano,Temperatura,2017-12,1.78,4463
2459,Corzano Bargnano,Temperatura,2018-01,5.32,4447
2459,Corzano Bargnano,Temperatura,2018-02,3.90,4029
2459,Corzano Bargnano,Temperatura,2018-03,7.46,4461
2459,Corzano Bargnano,Temperatura,2018-04,16.08,4319
2459,Corzano Bargnano,Temperatura,2018-05,19.84,4462
2459,Corzano Bargnano,Temperatura,2018-06,23.77,4308
2459,Corzano Bargnano,Temperatura,2018-07,25.33,4462
2459,Corzano Bargnano,Temperatura,2018-08,25.09,4462
2459,Corzano Bargnano,Temperatura,2018-09,21.01,4318
2459,Corzano Bargnano,Temperatura,2018-10,15.75,4422
2459,Corzano Bargnano,Temperatura,2018-11,10.27,4306
2459,Corzano Bargnano,Temperatura,2018-12,2.74,4463
2459,Corzano Bargnano,Temperatura,2019-01,1.68,4463
2459,Corzano Bargnano,Temperatura,2019-02,5.67,4031
2459,Corzano Bargnano,Temperatura,2019-03,10.35,4455
2459,Corzano Bargnano,Temperatura,2019-04,13.79,4317
2459,Corzano Bargnano,Temperatura,2019-05,15.77,4464
2459,Corzano Bargnano,Temperatura,2019-06,25.47,4311
2459,Corzano Bargnano,Temperatura,2019-07,25.94,4462
2459,Corzano Bargnano,Temperatura,2019-08,25.05,4463
2459,Corzano Bargnano,Temperatura,2019-09,19.98,4320
2459,Corzano Bargnano,Temperatura,2019-10,15.85,4463
2459,Corzano Bargnano,Temperatura,2019-11,9.65,4319
2459,Corzano Bargnano,Temperatura,2019-12,5.17,4462
2459,Corzano Bargnano,Temperatura,2020-01,3.16,4464
2459,Corzano Bargnano,Temperatura,2020-02,7.31,4174
2459,Corzano Bargnano,Temperatura,2020-03,9.06,4463
2459,Corzano Bargnano,Temperatura,2020-04,14.52,4320
2459,Corzano Bargnano,Temperatura,2020-05,19.53,4464
2459,Corzano Bargnano,Temperatura,2020-06,21.92,4320
2459,Corzano Bargnano,Temperatura,2020-07,25.23,4464
2459,Corzano Bargnano,Temperatura,2020-08,24.76,4463
2459,Corzano Bargnano,Temperatura,2020-09,20.29,4320
2459,Corzano Bargnano,Temperatura,2020-10,13.19,4462
2459,Corzano Bargnano,Temperatura,2020-11,8.40,4319
2459,Corzano Bargnano,Temperatura,2020-12,4.80,4462
2459,Corzano Bargnano,Temperatura,2021-01,1.60,1
2459,Corzano Bargnano,Temperatura,2021-01,2.21,4463
2459,Corzano Bargnano,Temperatura,2021-02,7.37,4031
2459,Corzano Bargnano,Temperatura,2021-03,9.55,4463
2459,Corzano Bargnano,Temperatura,2021-04,12.49,4318
2459,Corzano Bargnano,Temperatura,2021-05,17.14,4464
2459,Corzano Bargnano,Temperatura,2021-06,24.55,4320
2459,Corzano Bargnano,Temperatura,2021-07,24.75,4463
2459,Corzano Bargnano,Temperatura,2021-08,23.73,4463
2459,Corzano Bargnano,Temperatura,2021-09,20.75,4319
2459,Corzano Bargnano,Temperatura,2021-10,13.31,4462
2459,Corzano Bargnano,Temperatura,2021-11,8.54,4318
2459,Corzano Bargnano,Temperatura,2021-12,2.76,4464
2459,Corzano Bargnano,Temperatura,2022-01,2.72,4462
2459,Corzano Bargnano,Temperatura,2022-02,6.50,4031
2459,Corzano Bargnano,Temperatura,2022-03,8.39,4463
2459,Corzano Bargnano,Temperatura,2022-04,13.53,4319
2459,Corzano Bargnano,Temperatura,2022-05,21.35,4463
2459,Corzano Bargnano,Temperatura,2022-06,25.69,4314
2459,Corzano Bargnano,Temperatura,2022-07,28.09,4461
2459,Corzano Bargnano,Temperatura,2022-08,26.29,4457
2459,Corzano Bargnano,Temperatura,2022-09,21.00,4074
2459,Corzano Bargnano,Temperatura,2022-10,17.73,4457
2459,Corzano Bargnano,Temperatura,2022-11,9.18,4319
2459,Corzano Bargnano,Temperatura,2022-12,5.66,4459
2459,Corzano Bargnano,Temperatura,2023-01,5.22,4420
2459,Corzano Bargnano,Temperatura,2023-02,5.90,4029
2459,Corzano Bargnano,Temperatura,2023-03,10.86,4463
2459,Corzano Bargnano,Temperatura,2023-04,13.56,4320
2459,Corzano Bargnano,Temperatura,2023-05,18.80,4464
2459,Corzano Bargnano,Temperatura,2023-06,24.29,4316
2459,Corzano Bargnano,Temperatura,2023-07,26.08,4460
2459,Corzano Bargnano,Temperatura,2023-08,25.88,4459
2459,Corzano Bargnano,Temperatura,2023-09,22.31,4319
2459,Corzano Bargnano,Temperatura,2023-10,17.79,4460
2459,Corzano Bargnano,Temperatura,2023-11,8.49,4320
2459,Corzano Bargnano,Temperatura,2023-12,5.72,4461
2459,Corzano Bargnano,Temperatura,2024-01,3.65,4458
2459,Corzano Bargnano,Temperatura,2024-02,8.62,4173
2459,Corzano Bargnano,Temperatura,2024-03,11.52,4461
2459,Corzano Bargnano,Temperatura,2024-04,14.45,4317
2459,Corzano Bargnano,Temperatura,2024-05,18.75,4460
2459,Corzano Bargnano,Temperatura,2024-06,23.19,4320
2459,Corzano Bargnano,Temperatura,2024-07,27.74,4463
2459,Corzano Bargnano,Temperatura,2024-08,27.48,4463
2459,Corzano Bargnano,Temperatura,2024-09,20.25,4319
2459,Corzano Bargnano,Temperatura,2024-10,16.29,4463
2459,Corzano Bargnano,Temperatura,2024-11,7.69,4320
2459,Corzano Bargnano,Temperatura,2024-12,3.69,4464
2459,Corzano Bargnano,Temperatura,2025-01,4.91,4464
2459,Corzano Bargnano,Temperatura,2025-02,6.51,4032
2459,Corzano Bargnano,Temperatura,2025-03,10.78,4463
2459,Corzano Bargnano,Temperatura,2025-04,15.61,4318
2459,Corzano Bargnano,Temperatura,2025-05,19.48,4464
2459,Corzano Bargnano,Temperatura,2025-06,26.45,4320
2459,Corzano Bargnano,Temperatura,2025-07,25.21,4464
2459,Corzano Bargnano,Temperatura,2025-08,24.82,4462
2459,Corzano Bargnano,Temperatura,2025-09,20.45,4320
2459,Corzano Bargnano,Temperatura,2025-10,14.13,4461
2459,Corzano Bargnano,Temperatura,2025-11,8.08,4320
2459,Corzano Bargnano,Temperatura,2025-12,6.08,4463
2459,Corzano Bargnano,Temperatura,2026-01,2.78,4432
2459,Corzano Bargnano,Temperatura,2026-02,7.42,4032
2459,Corzano Bargnano,Temperatura,2026-03,8.40,1
2548,Idro Frana,Temperatura,2006-12,0.08,2735
2548,Idro Frana,Temperatura,2007-01,2.77,4456
2548,Idro Frana,Temperatura,2007-02,5.15,4032
2548,Idro Frana,Temperatura,2007-03,8.03,4464
2548,Idro Frana,Temperatura,2007-04,14.04,4320
2548,Idro Frana,Temperatura,2007-05,16.60,4464
2548,Idro Frana,Temperatura,2007-06,19.47,4018
2548,Idro Frana,Temperatura,2007-07,17.85,2
2548,Idro Frana,Temperatura,2007-08,19.80,4266
2548,Idro Frana,Temperatura,2007-09,15.36,4320
2548,Idro Frana,Temperatura,2007-10,11.72,4464
2548,Idro Frana,Temperatura,2007-11,4.91,4320
2548,Idro Frana,Temperatura,2007-12,0.56,4464
2548,Idro Frana,Temperatura,2008-01,2.76,4464
2548,Idro Frana,Temperatura,2008-02,3.60,4176
2548,Idro Frana,Temperatura,2008-03,7.31,4464
2548,Idro Frana,Temperatura,2008-04,10.50,4315
2548,Idro Frana,Temperatura,2008-05,16.01,4464
2548,Idro Frana,Temperatura,2008-06,19.10,4130
2548,Idro Frana,Temperatura,2008-07,21.36,4460
2548,Idro Frana,Temperatura,2008-08,21.56,4464
2548,Idro Frana,Temperatura,2008-09,15.89,4319
2548,Idro Frana,Temperatura,2008-10,12.73,4464
2548,Idro Frana,Temperatura,2008-11,6.61,4320
2548,Idro Frana,Temperatura,2008-12,2.41,4463
2548,Idro Frana,Temperatura,2009-01,1.37,4464
2548,Idro Frana,Temperatura,2009-02,2.88,4031
2548,Idro Frana,Temperatura,2009-03,6.95,4462
2548,Idro Frana,Temperatura,2009-04,11.97,4320
2548,Idro Frana,Temperatura,2009-05,17.52,4463
2548,Idro Frana,Temperatura,2009-06,19.51,4315
2548,Idro Frana,Temperatura,2009-07,20.65,4441
2548,Idro Frana,Temperatura,2009-08,21.70,4461
2548,Idro Frana,Temperatura,2009-09,16.87,3473
2548,Idro Frana,Temperatura,2009-10,11.17,4460
2548,Idro Frana,Temperatura,2009-11,7.15,3181
2548,Idro Frana,Temperatura,2009-12,0.91,3965
2548,Idro Frana,Temperatura,2010-01,0.52,4462
2548,Idro Frana,Temperatura,2010-02,2.44,4032
2548,Idro Frana,Temperatura,2010-03,5.88,4463
2548,Idro Frana,Temperatura,2010-04,10.39,4318
2548,Idro Frana,Temperatura,2010-05,14.15,4271
2548,Idro Frana,Temperatura,2010-06,18.88,3991
2548,Idro Frana,Temperatura,2010-07,22.11,4254
2548,Idro Frana,Temperatura,2010-08,19.12,4464
2548,Idro Frana,Temperatura,2010-09,15.37,4319
2548,Idro Frana,Temperatura,2010-10,9.88,4464
2548,Idro Frana,Temperatura,2010-11,6.85,4204
2548,Idro Frana,Temperatura,2010-12,-0.11,4464
2548,Idro Frana,Temperatura,2011-01,-3.50,1
2548,Idro Frana,Temperatura,2011-01,0.52,4463
2548,Idro Frana,Temperatura,2011-02,2.81,4028
2548,Idro Frana,Temperatura,2011-03,6.88,4464
2548,Idro Frana,Temperatura,2011-04,13.01,4320
2548,Idro Frana,Temperatura,2011-05,15.89,4464
2548,Idro Frana,Temperatura,2011-06,18.18,4317
2548,Idro Frana,Temperatura,2011-07,19.25,4460
2548,Idro Frana,Temperatura,2011-08,20.89,4348
2548,Idro Frana,Temperatura,2011-09,18.24,4320
2548,Idro Frana,Temperatura,2011-10,11.09,4464
2548,Idro Frana,Temperatura,2011-11,5.36,4320
2548,Idro Frana,Temperatura,2011-12,1.32,4464
2548,Idro Frana,Temperatura,2012-01,-0.35,4464
2548,Idro Frana,Temperatura,2012-02,-0.42,4168
2548,Idro Frana,Temperatura,2012-03,8.78,4464
2548,Idro Frana,Temperatura,2012-04,10.02,4320
2548,Idro Frana,Temperatura,2012-05,14.42,4464
2548,Idro Frana,Temperatura,2012-06,19.70,4320
2548,Idro Frana,Temperatura,2012-07,20.62,4449
2548,Idro Frana,Temperatura,2012-08,22.18,4464
2548,Idro Frana,Temperatura,2012-09,16.24,4312
2548,Idro Frana,Temperatura,2012-10,12.26,4448
2548,Idro Frana,Temperatura,2012-11,7.64,4292
2548,Idro Frana,Temperatura,2012-12,-0.09,4441
2548,Idro Frana,Temperatura,2013-01,1.84,4437
2548,Idro Frana,Temperatura,2013-02,1.52,4020
2548,Idro Frana,Temperatura,2013-03,5.36,4449
2548,Idro Frana,Temperatura,2013-04,11.08,4318
2548,Idro Frana,Temperatura,2013-05,12.98,4464
2548,Idro Frana,Temperatura,2013-06,17.76,4320
2548,Idro Frana,Temperatura,2013-07,21.36,4451
2548,Idro Frana,Temperatura,2013-08,20.36,4464
2548,Idro Frana,Temperatura,2013-09,16.86,4311
2548,Idro Frana,Temperatura,2013-10,13.00,4460
2548,Idro Frana,Temperatura,2013-11,7.27,4302
2548,Idro Frana,Temperatura,2013-12,1.56,4456
2548,Idro Frana,Temperatura,2014-01,3.34,4464
2548,Idro Frana,Temperatura,2014-02,5.38,4032
2548,Idro Frana,Temperatura,2014-03,8.41,4464
2548,Idro Frana,Temperatura,2014-04,11.99,4320
2548,Idro Frana,Temperatura,2014-05,14.03,4462
2548,Idro Frana,Temperatura,2014-06,18.54,4305
2548,Idro Frana,Temperatura,2014-07,19.02,4457
2548,Idro Frana,Temperatura,2014-08,18.38,4454
2548,Idro Frana,Temperatura,2014-09,16.41,4312
2548,Idro Frana,Temperatura,2014-10,13.91,4462
2548,Idro Frana,Temperatura,2014-11,8.95,4310
2548,Idro Frana,Temperatura,2014-12,3.84,4457
2548,Idro Frana,Temperatura,2015-01,1.65,4453
2548,Idro Frana,Temperatura,2015-02,3.21,4024
2548,Idro Frana,Temperatura,2015-03,7.39,4452
2548,Idro Frana,Temperatura,2015-04,11.04,4312
2548,Idro Frana,Temperatura,2015-05,15.82,4447
2548,Idro Frana,Temperatura,2015-06,19.51,4310
2548,Idro Frana,Temperatura,2015-07,24.21,4453
2548,Idro Frana,Temperatura,2015-08,21.43,4456
2548,Idro Frana,Temperatura,2015-09,16.07,4304
2548,Idro Frana,Temperatura,2015-10,11.35,4453
2548,Idro Frana,Temperatura,2015-11,5.79,4088
2548,Idro Frana,Temperatura,2015-12,1.49,4461
2548,Idro Frana,Temperatura,2016-01,0.99,4130
2548,Idro Frana,Temperatura,2016-02,4.69,4170
2548,Idro Frana,Temperatura,2016-03,7.12,4457
2548,Idro Frana,Temperatura,2016-04,12.20,4317
2548,Idro Frana,Temperatura,2016-05,14.01,4430
2548,Idro Frana,Temperatura,2016-06,18.30,4295
2548,Idro Frana,Temperatura,2016-07,21.10,4349
2548,Idro Frana,Temperatura,2016-08,19.33,3599
2548,Idro Frana,Temperatura,2016-09,17.12,4319
2548,Idro Frana,Temperatura,2016-10,10.58,4318
2548,Idro Frana,Temperatura,2016-11,6.68,4289
2548,Idro Frana,Temperatura,2016-12,2.86,4258
2548,Idro Frana,Temperatura,2017-01,-1.00,4424
2548,Idro Frana,Temperatura,2017-02,4.85,4029
2548,Idro Frana,Temperatura,2017-03,9.70,4459
2548,Idro Frana,Temperatura,2017-04,11.31,4229
2548,Idro Frana,Temperatura,2017-05,15.20,4462
2548,Idro Frana,Temperatura,2017-06,20.30,4318
2548,Idro Frana,Temperatura,2017-07,20.92,4460
2548,Idro Frana,Temperatura,2017-08,21.02,4454
2548,Idro Frana,Temperatura,2017-09,14.22,4319
2548,Idro Frana,Temperatura,2017-10,11.36,4459
2548,Idro Frana,Temperatura,2017-11,5.48,4314
2548,Idro Frana,Temperatura,2017-12,1.01,4461
2548,Idro Frana,Temperatura,2018-01,3.38,4463
2548,Idro Frana,Temperatura,2018-02,1.48,4028
2548,Idro Frana,Temperatura,2018-03,5.40,4086
2548,Idro Frana,Temperatura,2018-04,13.39,4317
2548,Idro Frana,Temperatura,2018-05,15.28,4454
2548,Idro Frana,Temperatura,2018-06,18.83,4008
2548,Idro Frana,Temperatura,2018-07,20.54,4071
2548,Idro Frana,Temperatura,2018-08,20.70,4463
2548,Idro Frana,Temperatura,2018-09,16.92,4320
2548,Idro Frana,Temperatura,2018-10,12.33,4037
2548,Idro Frana,Temperatura,2018-11,7.63,4278
2548,Idro Frana,Temperatura,2018-12,1.31,4344
2548,Idro Frana,Temperatura,2019-01,0.36,4446
2548,Idro Frana,Temperatura,2019-02,4.41,4029
2548,Idro Frana,Temperatura,2019-03,8.11,4464
2548,Idro Frana,Temperatura,2019-04,10.41,4303
2548,Idro Frana,Temperatura,2019-05,11.99,4459
2548,Idro Frana,Temperatura,2019-06,20.69,4277
2548,Idro Frana,Temperatura,2019-07,21.66,4460
2548,Idro Frana,Temperatura,2019-08,20.86,4457
2548,Idro Frana,Temperatura,2019-09,16.25,4319
2548,Idro Frana,Temperatura,2019-10,12.76,4462
2548,Idro Frana,Temperatura,2019-11,6.73,4319
2548,Idro Frana,Temperatura,2019-12,2.97,4457
2548,Idro Frana,Temperatura,2020-01,2.20,4460
2548,Idro Frana,Temperatura,2020-02,5.51,4175
2548,Idro Frana,Temperatura,2020-03,6.72,4462
2548,Idro Frana,Temperatura,2020-04,12.15,4316
2548,Idro Frana,Temperatura,2020-05,15.13,4463
2548,Idro Frana,Temperatura,2020-06,17.62,4318
2548,Idro Frana,Temperatura,2020-07,20.27,4461
2548,Idro Frana,Temperatura,2020-08,20.00,4458
2548,Idro Frana,Temperatura,2020-09,16.12,4320
2548,Idro Frana,Temperatura,2020-10,9.71,4460
2548,Idro Frana,Temperatura,2020-11,6.23,4317
2548,Idro Frana,Temperatura,2020-12,3.02,4462
2548,Idro Frana,Temperatura,2021-01,0.20,1
2548,Idro Frana,Temperatura,2021-01,0.22,4454
2548,Idro Frana,Temperatura,2021-02,4.98,4032
2548,Idro Frana,Temperatura,2021-03,6.73,4455
2548,Idro Frana,Temperatura,2021-04,9.34,4048
2548,Idro Frana,Temperatura,2021-05,12.87,4462
2548,Idro Frana,Temperatura,2021-06,20.03,4320
2548,Idro Frana,Temperatura,2021-07,20.12,4464
2548,Idro Frana,Temperatura,2021-08,18.86,4452
2548,Idro Frana,Temperatura,2021-09,16.65,4317
2548,Idro Frana,Temperatura,2021-10,9.95,4463
2548,Idro Frana,Temperatura,2021-11,6.02,4317
2548,Idro Frana,Temperatura,2021-12,1.78,4447
2548,Idro Frana,Temperatura,2022-01,1.50,4447
2548,Idro Frana,Temperatura,2022-02,4.19,4028
2548,Idro Frana,Temperatura,2022-03,6.13,4464
2548,Idro Frana,Temperatura,2022-04,9.96,4317
2548,Idro Frana,Temperatura,2022-05,16.66,4464
2548,Idro Frana,Temperatura,2022-06,20.68,4319
2548,Idro Frana,Temperatura,2022-07,23.58,4460
2548,Idro Frana,Temperatura,2022-08,20.88,4464
2548,Idro Frana,Temperatura,2022-09,15.50,4318
2548,Idro Frana,Temperatura,2022-10,13.72,4464
2548,Idro Frana,Temperatura,2022-11,6.71,4317
2548,Idro Frana,Temperatura,2022-12,3.23,4463
2548,Idro Frana,Temperatura,2023-01,2.65,4460
2548,Idro Frana,Temperatura,2023-02,4.21,4032
2548,Idro Frana,Temperatura,2023-03,8.49,4457
2548,Idro Frana,Temperatura,2023-04,10.03,4314
2548,Idro Frana,Temperatura,2023-05,14.27,4462
2548,Idro Frana,Temperatura,2023-06,18.91,4318
2548,Idro Frana,Temperatura,2023-07,20.93,4142
2548,Idro Frana,Temperatura,2023-08,20.53,3611
2548,Idro Frana,Temperatura,2023-09,17.62,4191
2548,Idro Frana,Temperatura,2023-10,13.78,4223
2548,Idro Frana,Temperatura,2023-11,4.49,4310
2548,Idro Frana,Temperatura,2023-12,2.56,4463
2548,Idro Frana,Temperatura,2024-01,1.67,4455
2548,Idro Frana,Temperatura,2024-02,5.70,4176
2548,Idro Frana,Temperatura,2024-03,7.50,4463
2548,Idro Frana,Temperatura,2024-04,10.82,4320
2548,Idro Frana,Temperatura,2024-05,13.44,4207
2548,Idro Frana,Temperatura,2024-06,17.74,4277
2548,Idro Frana,Temperatura,2024-07,21.39,4463
2548,Idro Frana,Temperatura,2024-08,21.57,4350
2548,Idro Frana,Temperatura,2024-09,15.05,4320
2548,Idro Frana,Temperatura,2024-10,12.28,4443
2548,Idro Frana,Temperatura,2024-11,5.51,4317
2548,Idro Frana,Temperatura,2024-12,1.91,4464
2548,Idro Frana,Temperatura,2025-01,2.40,4439
2548,Idro Frana,Temperatura,2025-02,4.08,4031
2548,Idro Frana,Temperatura,2025-03,7.39,4446
2548,Idro Frana,Temperatura,2025-04,11.79,4319
2548,Idro Frana,Temperatura,2025-05,13.96,4460
2548,Idro Frana,Temperatura,2025-06,21.53,4294
2548,Idro Frana,Temperatura,2025-07,19.09,4332
2548,Idro Frana,Temperatura,2025-08,19.75,3978
2548,Idro Frana,Temperatura,2025-09,15.69,3949
2548,Idro Frana,Temperatura,2025-10,10.63,4440
2548,Idro Frana,Temperatura,2025-11,5.28,4272
2548,Idro Frana,Temperatura,2025-12,3.94,4464
2548,Idro Frana,Temperatura,2026-01,1.20,4463
2548,Idro Frana,Temperatura,2026-02,5.18,4027
2548,Idro Frana,Temperatura,2026-03,9.00,1
30997,Paisco Loveno Grumello,Temperatura,2016-10,7.12,3736
30997,Paisco Loveno Grumello,Temperatura,2016-11,3.84,4316
30997,Paisco Loveno Grumello,Temperatura,2016-12,4.58,4329
30997,Paisco Loveno Grumello,Temperatura,2017-01,-2.12,4462
30997,Paisco Loveno Grumello,Temperatura,2017-02,2.22,4031
30997,Paisco Loveno Grumello,Temperatura,2017-03,6.66,4461
30997,Paisco Loveno Grumello,Temperatura,2017-04,7.87,4314
30997,Paisco Loveno Grumello,Temperatura,2017-05,11.73,4461
30997,Paisco Loveno Grumello,Temperatura,2017-06,16.49,4318
30997,Paisco Loveno Grumello,Temperatura,2017-07,17.25,4461
30997,Paisco Loveno Grumello,Temperatura,2017-08,18.08,4462
30997,Paisco Loveno Grumello,Temperatura,2017-09,10.62,4317
30997,Paisco Loveno Grumello,Temperatura,2017-10,10.51,4463
30997,Paisco Loveno Grumello,Temperatura,2017-11,3.38,4317
30997,Paisco Loveno Grumello,Temperatura,2017-12,0.03,4464
30997,Paisco Loveno Grumello,Temperatura,2018-01,1.78,4461
30997,Paisco Loveno Grumello,Temperatura,2018-02,-2.71,4029
30997,Paisco Loveno Grumello,Temperatura,2018-03,1.46,4386
30997,Paisco Loveno Grumello,Temperatura,2018-04,9.70,4312
30997,Paisco Loveno Grumello,Temperatura,2018-05,11.50,4456
30997,Paisco Loveno Grumello,Temperatura,2018-06,15.58,4315
30997,Paisco Loveno Grumello,Temperatura,2018-07,17.23,4452
30997,Paisco Loveno Grumello,Temperatura,2018-08,17.27,4461
30997,Paisco Loveno Grumello,Temperatura,2018-09,14.33,4319
30997,Paisco Loveno Grumello,Temperatura,2018-10,10.27,4450
30997,Paisco Loveno Grumello,Temperatura,2018-11,4.79,4317
30997,Paisco Loveno Grumello,Temperatura,2018-12,2.16,4455
30997,Paisco Loveno Grumello,Temperatura,2019-01,-0.44,4447
30997,Paisco Loveno Grumello,Temperatura,2019-02,4.31,4026
30997,Paisco Loveno Grumello,Temperatura,2019-03,5.33,4461
30997,Paisco Loveno Grumello,Temperatura,2019-04,6.62,4320
30997,Paisco Loveno Grumello,Temperatura,2019-05,8.34,4448
30997,Paisco Loveno Grumello,Temperatura,2019-06,17.80,4282
30997,Paisco Loveno Grumello,Temperatura,2019-07,17.88,4434
30997,Paisco Loveno Grumello,Temperatura,2019-08,17.29,4064
30997,Paisco Loveno Grumello,Temperatura,2019-09,13.17,4317
30997,Paisco Loveno Grumello,Temperatura,2019-10,9.96,4454
30997,Paisco Loveno Grumello,Temperatura,2019-11,3.48,4320
30997,Paisco Loveno Grumello,Temperatura,2019-12,2.52,4454
30997,Paisco Loveno Grumello,Temperatura,2020-01,2.25,4455
30997,Paisco Loveno Grumello,Temperatura,2020-02,3.60,4175
30997,Paisco Loveno Grumello,Temperatura,2020-03,2.99,4439
30997,Paisco Loveno Grumello,Temperatura,2020-04,8.81,4317
30997,Paisco Loveno Grumello,Temperatura,2020-05,11.50,4464
30997,Paisco Loveno Grumello,Temperatura,2020-06,13.89,4320
30997,Paisco Loveno Grumello,Temperatura,2020-07,16.90,4344
30997,Paisco Loveno Grumello,Temperatura,2020-08,17.14,4463
30997,Paisco Loveno Grumello,Temperatura,2020-09,13.41,4320
30997,Paisco Loveno Grumello,Temperatura,2020-10,7.38,4461
30997,Paisco Loveno Grumello,Temperatura,2020-11,5.95,4320
30997,Paisco Loveno Grumello,Temperatura,2020-12,0.41,4461
30997,Paisco Loveno Grumello,Temperatura,2021-01,-2.50,1
30997,Paisco Loveno Grumello,Temperatura,2021-01,-1.52,4460
30997,Paisco Loveno Grumello,Temperatura,2021-02,2.52,4032
30997,Paisco Loveno Grumello,Temperatura,2021-03,3.64,4464
30997,Paisco Loveno Grumello,Temperatura,2021-04,5.10,4317
30997,Paisco Loveno Grumello,Temperatura,2021-05,9.23,4464
30997,Paisco Loveno Grumello,Temperatura,2021-06,16.78,4320
30997,Paisco Loveno Grumello,Temperatura,2021-07,16.95,4441
30997,Paisco Loveno Grumello,Temperatura,2021-08,15.91,4459
30997,Paisco Loveno Grumello,Temperatura,2021-09,13.75,4319
30997,Paisco Loveno Grumello,Temperatura,2021-10,7.89,4462
30997,Paisco Loveno Grumello,Temperatura,2021-11,4.50,4310
30997,Paisco Loveno Grumello,Temperatura,2021-12,2.66,4461
30997,Paisco Loveno Grumello,Temperatura,2022-01,3.13,4442
30997,Paisco Loveno Grumello,Temperatura,2022-02,2.70,4032
30997,Paisco Loveno Grumello,Temperatura,2022-03,3.05,4462
30997,Paisco Loveno Grumello,Temperatura,2022-04,6.28,4320
30997,Paisco Loveno Grumello,Temperatura,2022-05,13.04,4461
30997,Paisco Loveno Grumello,Temperatura,2022-06,17.52,4320
30997,Paisco Loveno Grumello,Temperatura,2022-07,20.16,4464
30997,Paisco Loveno Grumello,Temperatura,2022-08,18.08,4460
30997,Paisco Loveno Grumello,Temperatura,2022-09,12.19,4319
30997,Paisco Loveno Grumello,Temperatura,2022-10,12.20,4464
30997,Paisco Loveno Grumello,Temperatura,2022-11,5.21,4320
30997,Paisco Loveno Grumello,Temperatura,2022-12,1.49,4460
30997,Paisco Loveno Grumello,Temperatura,2023-01,1.12,4461
30997,Paisco Loveno Grumello,Temperatura,2023-02,2.99,4019
30997,Paisco Loveno Grumello,Temperatura,2023-03,4.86,4462
30997,Paisco Loveno Grumello,Temperatura,2023-04,6.47,4320
30997,Paisco Loveno Grumello,Temperatura,2023-05,10.92,4464
30997,Paisco Loveno Grumello,Temperatura,2023-06,15.72,4320
30997,Paisco Loveno Grumello,Temperatura,2023-07,17.42,4464
30997,Paisco Loveno Grumello,Temperatura,2023-08,17.88,4414
30997,Paisco Loveno Grumello,Temperatura,2023-09,15.13,4293
30997,Paisco Loveno Grumello,Temperatura,2023-10,11.70,4461
30997,Paisco Loveno Grumello,Temperatura,2023-11,3.94,4306
30997,Paisco Loveno Grumello,Temperatura,2023-12,3.41,4464
30997,Paisco Loveno Grumello,Temperatura,2024-01,2.15,4456
30997,Paisco Loveno Grumello,Temperatura,2024-02,5.07,4176
30997,Paisco Loveno Grumello,Temperatura,2024-03,4.99,4464
30997,Paisco Loveno Grumello,Temperatura,2024-04,8.04,4314
30997,Paisco Loveno Grumello,Temperatura,2024-05,10.01,4455
30997,Paisco Loveno Grumello,Temperatura,2024-06,14.80,4317
30997,Paisco Loveno Grumello,Temperatura,2024-07,18.43,4464
30997,Paisco Loveno Grumello,Temperatura,2024-08,19.70,4463
30997,Paisco Loveno Grumello,Temperatura,2024-09,12.58,4273
30997,Paisco Loveno Grumello,Temperatura,2024-10,9.72,4034
30997,Paisco Loveno Grumello,Temperatura,2024-11,5.22,4188
30997,Paisco Loveno Grumello,Temperatura,2024-12,2.53,4419
30997,Paisco Loveno Grumello,Temperatura,2025-01,0.86,4358
30997,Paisco Loveno Grumello,Temperatura,2025-02,1.41,3974
30997,Paisco Loveno Grumello,Temperatura,2025-03,4.50,4371
30997,Paisco Loveno Grumello,Temperatura,2025-04,8.30,4294
30997,Paisco Loveno Grumello,Temperatura,2025-05,10.78,4449
30997,Paisco Loveno Grumello,Temperatura,2025-06,17.85,4282
30997,Paisco Loveno Grumello,Temperatura,2025-07,16.23,4453
30997,Paisco Loveno Grumello,Temperatura,2025-08,16.88,4443
30997,Paisco Loveno Grumello,Temperatura,2025-09,12.60,4306
30997,Paisco Loveno Grumello,Temperatura,2025-10,8.09,4413
30997,Paisco Loveno Grumello,Temperatura,2025-11,3.90,4270
30997,Paisco Loveno Grumello,Temperatura,2025-12,3.36,4423
30997,Paisco Loveno Grumello,Temperatura,2026-01,-0.67,4430
30997,Paisco Loveno Grumello,Temperatura,2026-02,3.15,4006
30997,Paisco Loveno Grumello,Temperatura,2026-03,4.90,1
31290,Pian Camuno Roncaglia SCM2,Temperatura,2017-12,3.32,3678
31290,Pian Camuno Roncaglia SCM2,Temperatura,2018-01,4.62,4447
31290,Pian Camuno Roncaglia SCM2,Temperatura,2018-02,1.01,4028
31290,Pian Camuno Roncaglia SCM2,Temperatura,2018-03,4.94,4371
31290,Pian Camuno Roncaglia SCM2,Temperatura,2018-04,13.32,4320
31290,Pian Camuno Roncaglia SCM2,Temperatura,2018-05,15.00,4463
31290,Pian Camuno Roncaglia SCM2,Temperatura,2018-06,19.23,4313
31290,Pian Camuno Roncaglia SCM2,Temperatura,2018-07,20.99,4463
31290,Pian Camuno Roncaglia SCM2,Temperatura,2018-08,20.98,4464
31290,Pian Camuno Roncaglia SCM2,Temperatura,2018-09,17.86,4320
31290,Pian Camuno Roncaglia SCM2,Temperatura,2018-10,13.54,4460
31290,Pian Camuno Roncaglia SCM2,Temperatura,2018-11,8.03,4320
31290,Pian Camuno Roncaglia SCM2,Temperatura,2018-12,4.40,4464
31290,Pian Camuno Roncaglia SCM2,Temperatura,2019-01,2.59,4462
31290,Pian Camuno Roncaglia SCM2,Temperatura,2019-02,6.52,4030
31290,Pian Camuno Roncaglia SCM2,Temperatura,2019-03,8.95,4464
31290,Pian Camuno Roncaglia SCM2,Temperatura,2019-04,10.36,4318
31290,Pian Camuno Roncaglia SCM2,Temperatura,2019-05,11.75,4452
31290,Pian Camuno Roncaglia SCM2,Temperatura,2019-06,21.12,4313
31290,Pian Camuno Roncaglia SCM2,Temperatura,2019-07,21.79,4460
31290,Pian Camuno Roncaglia SCM2,Temperatura,2019-08,20.92,4460
31290,Pian Camuno Roncaglia SCM2,Temperatura,2019-09,16.67,4313
31290,Pian Camuno Roncaglia SCM2,Temperatura,2019-10,13.02,4460
31290,Pian Camuno Roncaglia SCM2,Temperatura,2019-11,7.11,4311
31290,Pian Camuno Roncaglia SCM2,Temperatura,2019-12,5.20,4459
31290,Pian Camuno Roncaglia SCM2,Temperatura,2020-01,4.78,4461
31290,Pian Camuno Roncaglia SCM2,Temperatura,2020-02,6.69,4169
31290,Pian Camuno Roncaglia SCM2,Temperatura,2020-03,6.75,4462
31290,Pian Camuno Roncaglia SCM2,Temperatura,2020-04,12.28,4317
31290,Pian Camuno Roncaglia SCM2,Temperatura,2020-05,15.22,4462
31290,Pian Camuno Roncaglia SCM2,Temperatura,2020-06,17.46,4316
31290,Pian Camuno Roncaglia SCM2,Temperatura,2020-07,20.46,4461
31290,Pian Camuno Roncaglia SCM2,Temperatura,2020-08,20.64,4451
31290,Pian Camuno Roncaglia SCM2,Temperatura,2020-09,16.89,4315
31290,Pian Camuno Roncaglia SCM2,Temperatura,2020-10,10.50,4460
31290,Pian Camuno Roncaglia SCM2,Temperatura,2020-11,7.93,4319
31290,Pian Camuno Roncaglia SCM2,Temperatura,2020-12,3.74,4464
31290,Pian Camuno Roncaglia SCM2,Temperatura,2021-01,1.50,1
31290,Pian Camuno Roncaglia SCM2,Temperatura,2021-01,1.76,4463
31290,Pian Camuno Roncaglia SCM2,Temperatura,2021-02,5.75,4027
31290,Pian Camuno Roncaglia SCM2,Temperatura,2021-03,7.27,4462
31290,Pian Camuno Roncaglia SCM2,Temperatura,2021-04,9.16,4319
31290,Pian Camuno Roncaglia SCM2,Temperatura,2021-05,13.11,4464
31290,Pian Camuno Roncaglia SCM2,Temperatura,2021-06,20.52,4319
31290,Pian Camuno Roncaglia SCM2,Temperatura,2021-07,20.57,4464
31290,Pian Camuno Roncaglia SCM2,Temperatura,2021-08,19.71,4463
31290,Pian Camuno Roncaglia SCM2,Temperatura,2021-09,17.42,4320
31290,Pian Camuno Roncaglia SCM2,Temperatura,2021-10,10.98,4464
31290,Pian Camuno Roncaglia SCM2,Temperatura,2021-11,7.01,4319
31290,Pian Camuno Roncaglia SCM2,Temperatura,2021-12,4.48,4460
31290,Pian Camuno Roncaglia SCM2,Temperatura,2022-01,4.68,4448
31290,Pian Camuno Roncaglia SCM2,Temperatura,2022-02,5.92,4031
31290,Pian Camuno Roncaglia SCM2,Temperatura,2022-03,6.83,4463
31290,Pian Camuno Roncaglia SCM2,Temperatura,2022-04,10.20,4320
31290,Pian Camuno Roncaglia SCM2,Temperatura,2022-05,16.91,4463
31290,Pian Camuno Roncaglia SCM2,Temperatura,2022-06,21.06,4318
31290,Pian Camuno Roncaglia SCM2,Temperatura,2022-07,24.09,4464
31290,Pian Camuno Roncaglia SCM2,Temperatura,2022-08,21.97,4463
31290,Pian Camuno Roncaglia SCM2,Temperatura,2022-09,16.35,4320
31290,Pian Camuno Roncaglia SCM2,Temperatura,2022-10,15.12,4464
31290,Pian Camuno Roncaglia SCM2,Temperatura,2022-11,8.18,4171
31290,Pian Camuno Roncaglia SCM2,Temperatura,2022-12,4.31,4463
31290,Pian Camuno Roncaglia SCM2,Temperatura,2023-01,3.92,4453
31290,Pian Camuno Roncaglia SCM2,Temperatura,2023-02,5.73,4030
31290,Pian Camuno Roncaglia SCM2,Temperatura,2023-03,8.94,4462
31290,Pian Camuno Roncaglia SCM2,Temperatura,2023-04,10.30,4320
31290,Pian Camuno Roncaglia SCM2,Temperatura,2023-05,14.42,4463
31290,Pian Camuno Roncaglia SCM2,Temperatura,2023-06,19.62,4317
31290,Pian Camuno Roncaglia SCM2,Temperatura,2023-07,21.32,4464
31290,Pian Camuno Roncaglia SCM2,Temperatura,2023-08,21.63,4370
31290,Pian Camuno Roncaglia SCM2,Temperatura,2023-09,18.54,4292
31290,Pian Camuno Roncaglia SCM2,Temperatura,2023-10,14.80,4464
31290,Pian Camuno Roncaglia SCM2,Temperatura,2023-11,6.87,4319
31290,Pian Camuno Roncaglia SCM2,Temperatura,2023-12,6.17,4462
31290,Pian Camuno Roncaglia SCM2,Temperatura,2024-01,4.61,4455
31290,Pian Camuno Roncaglia SCM2,Temperatura,2024-02,7.95,4175
31290,Pian Camuno Roncaglia SCM2,Temperatura,2024-03,8.92,4464
31290,Pian Camuno Roncaglia SCM2,Temperatura,2024-04,11.61,4317
31290,Pian Camuno Roncaglia SCM2,Temperatura,2024-05,13.78,4271
31290,Pian Camuno Roncaglia SCM2,Temperatura,2024-06,18.23,4319
31290,Pian Camuno Roncaglia SCM2,Temperatura,2024-07,22.26,4462
31290,Pian Camuno Roncaglia SCM2,Temperatura,2024-08,22.98,4464
31290,Pian Camuno Roncaglia SCM2,Temperatura,2024-09,16.18,4136
31290,Pian Camuno Roncaglia SCM2,Temperatura,2024-10,13.08,4462
31290,Pian Camuno Roncaglia SCM2,Temperatura,2024-11,7.27,3957
31290,Pian Camuno Roncaglia SCM2,Temperatura,2024-12,5.20,4463
31290,Pian Camuno Roncaglia SCM2,Temperatura,2025-01,3.99,4385
31290,Pian Camuno Roncaglia SCM2,Temperatura,2025-02,4.96,3831
31290,Pian Camuno Roncaglia SCM2,Temperatura,2025-03,7.91,4129
31290,Pian Camuno Roncaglia SCM2,Temperatura,2025-04,12.01,3863
31290,Pian Camuno Roncaglia SCM2,Temperatura,2025-05,14.73,4256
31290,Pian Camuno Roncaglia SCM2,Temperatura,2025-06,21.97,4273
31290,Pian Camuno Roncaglia SCM2,Temperatura,2025-07,20.15,3833
31290,Pian Camuno Roncaglia SCM2,Temperatura,2025-08,20.58,3988
31290,Pian Camuno Roncaglia SCM2,Temperatura,2025-09,16.29,4320
31290,Pian Camuno Roncaglia SCM2,Temperatura,2025-10,11.57,4440
31290,Pian Camuno Roncaglia SCM2,Temperatura,2025-11,6.98,4317
31290,Pian Camuno Roncaglia SCM2,Temperatura,2025-12,6.32,4463
31290,Pian Camuno Roncaglia SCM2,Temperatura,2026-01,2.55,4463
31290,Pian Camuno Roncaglia SCM2,Temperatura,2026-02,6.37,4029
31290,Pian Camuno Roncaglia SCM2,Temperatura,2026-03,9.60,1
31506,Sellero Zinvill S1,Temperatura,2017-12,0.45,3669
31506,Sellero Zinvill S1,Temperatura,2018-01,1.77,4414
31506,Sellero Zinvill S1,Temperatura,2018-02,-2.13,3376
31506,Sellero Zinvill S1,Temperatura,2018-03,2.40,4343
31506,Sellero Zinvill S1,Temperatura,2018-04,10.61,4234
31506,Sellero Zinvill S1,Temperatura,2018-05,12.96,4460
31506,Sellero Zinvill S1,Temperatura,2018-06,16.83,4315
31506,Sellero Zinvill S1,Temperatura,2018-07,18.52,4460
31506,Sellero Zinvill S1,Temperatura,2018-08,18.53,4463
31506,Sellero Zinvill S1,Temperatura,2018-09,15.21,4310
31506,Sellero Zinvill S1,Temperatura,2018-10,10.84,4462
31506,Sellero Zinvill S1,Temperatura,2018-11,5.25,4291
31506,Sellero Zinvill S1,Temperatura,2018-12,1.20,4461
31506,Sellero Zinvill S1,Temperatura,2019-01,-0.03,4429
31506,Sellero Zinvill S1,Temperatura,2019-02,3.34,4024
31506,Sellero Zinvill S1,Temperatura,2019-03,5.70,4458
31506,Sellero Zinvill S1,Temperatura,2019-04,7.89,4319
31506,Sellero Zinvill S1,Temperatura,2019-05,9.71,4438
31506,Sellero Zinvill S1,Temperatura,2019-06,18.41,4319
31506,Sellero Zinvill S1,Temperatura,2019-07,18.94,4464
31506,Sellero Zinvill S1,Temperatura,2019-08,18.38,4426
31506,Sellero Zinvill S1,Temperatura,2019-09,13.86,4315
31506,Sellero Zinvill S1,Temperatura,2019-10,10.30,4449
31506,Sellero Zinvill S1,Temperatura,2019-11,4.41,4312
31506,Sellero Zinvill S1,Temperatura,2019-12,2.02,4461
31506,Sellero Zinvill S1,Temperatura,2020-01,1.47,4459
31506,Sellero Zinvill S1,Temperatura,2020-02,3.54,4171
31506,Sellero Zinvill S1,Temperatura,2020-03,3.94,4461
31506,Sellero Zinvill S1,Temperatura,2020-04,9.52,4311
31506,Sellero Zinvill S1,Temperatura,2020-05,12.68,4463
31506,Sellero Zinvill S1,Temperatura,2020-06,15.25,4317
31506,Sellero Zinvill S1,Temperatura,2020-07,17.97,4461
31506,Sellero Zinvill S1,Temperatura,2020-08,17.93,4461
31506,Sellero Zinvill S1,Temperatura,2020-09,14.24,4317
31506,Sellero Zinvill S1,Temperatura,2020-10,7.81,4462
31506,Sellero Zinvill S1,Temperatura,2020-11,4.51,4319
31506,Sellero Zinvill S1,Temperatura,2020-12,0.87,4436
31506,Sellero Zinvill S1,Temperatura,2021-01,-2.00,1
31506,Sellero Zinvill S1,Temperatura,2021-01,-0.98,4450
31506,Sellero Zinvill S1,Temperatura,2021-02,2.40,3975
31506,Sellero Zinvill S1,Temperatura,2021-03,4.14,4420
31506,Sellero Zinvill S1,Temperatura,2021-04,6.64,4303
31506,Sellero Zinvill S1,Temperatura,2021-05,10.44,4451
31506,Sellero Zinvill S1,Temperatura,2021-06,17.96,4303
31506,Sellero Zinvill S1,Temperatura,2021-07,17.89,4458
31506,Sellero Zinvill S1,Temperatura,2021-08,16.96,4442
31506,Sellero Zinvill S1,Temperatura,2021-09,16.03,4177
31506,Sellero Zinvill S1,Temperatura,2021-10,8.13,4455
31506,Sellero Zinvill S1,Temperatura,2021-11,4.42,4319
31506,Sellero Zinvill S1,Temperatura,2021-12,1.87,4462
31506,Sellero Zinvill S1,Temperatura,2022-01,2.05,4449
31506,Sellero Zinvill S1,Temperatura,2022-02,2.45,4032
31506,Sellero Zinvill S1,Temperatura,2022-03,3.58,4462
31506,Sellero Zinvill S1,Temperatura,2022-04,7.30,4320
31506,Sellero Zinvill S1,Temperatura,2022-05,14.28,4453
31506,Sellero Zinvill S1,Temperatura,2022-06,18.18,4208
31506,Sellero Zinvill S1,Temperatura,2022-07,20.86,4464
31506,Sellero Zinvill S1,Temperatura,2022-08,18.93,4464
31506,Sellero Zinvill S1,Temperatura,2022-09,12.99,4319
31506,Sellero Zinvill S1,Temperatura,2022-10,12.06,4464
31506,Sellero Zinvill S1,Temperatura,2022-11,5.22,4318
31506,Sellero Zinvill S1,Temperatura,2022-12,1.52,4459
31506,Sellero Zinvill S1,Temperatura,2023-01,1.28,4453
31506,Sellero Zinvill S1,Temperatura,2023-02,2.68,4032
31506,Sellero Zinvill S1,Temperatura,2023-03,5.67,4462
31506,Sellero Zinvill S1,Temperatura,2023-04,7.57,4311
31506,Sellero Zinvill S1,Temperatura,2023-05,12.29,4460
31506,Sellero Zinvill S1,Temperatura,2023-06,17.07,4243
31506,Sellero Zinvill S1,Temperatura,2023-07,18.37,4368
31506,Sellero Zinvill S1,Temperatura,2023-08,18.62,4262
31506,Sellero Zinvill S1,Temperatura,2023-09,15.56,4289
31506,Sellero Zinvill S1,Temperatura,2023-10,11.78,4463
31506,Sellero Zinvill S1,Temperatura,2023-11,4.20,4320
31506,Sellero Zinvill S1,Temperatura,2023-12,3.22,4462
31506,Sellero Zinvill S1,Temperatura,2024-01,1.68,4456
31506,Sellero Zinvill S1,Temperatura,2024-02,5.11,4172
31506,Sellero Zinvill S1,Temperatura,2024-03,6.03,4464
31506,Sellero Zinvill S1,Temperatura,2024-04,8.94,4319
31506,Sellero Zinvill S1,Temperatura,2024-05,11.48,4460
31506,Sellero Zinvill S1,Temperatura,2024-06,15.85,4319
31506,Sellero Zinvill S1,Temperatura,2024-07,19.32,4463
31506,Sellero Zinvill S1,Temperatura,2024-08,20.22,4464
31506,Sellero Zinvill S1,Temperatura,2024-09,13.52,4318
31506,Sellero Zinvill S1,Temperatura,2024-10,10.52,4463
31506,Sellero Zinvill S1,Temperatura,2024-11,4.37,4318
31506,Sellero Zinvill S1,Temperatura,2024-12,1.94,4464
31506,Sellero Zinvill S1,Temperatura,2025-01,0.87,4443
31506,Sellero Zinvill S1,Temperatura,2025-02,1.86,4032
31506,Sellero Zinvill S1,Temperatura,2025-03,5.27,4459
31506,Sellero Zinvill S1,Temperatura,2025-04,9.51,4320
31506,Sellero Zinvill S1,Temperatura,2025-05,12.09,4460
31506,Sellero Zinvill S1,Temperatura,2025-06,18.95,4291
31506,Sellero Zinvill S1,Temperatura,2025-07,17.18,4463
31506,Sellero Zinvill S1,Temperatura,2025-08,17.84,4460
31506,Sellero Zinvill S1,Temperatura,2025-09,13.54,4317
31506,Sellero Zinvill S1,Temperatura,2025-10,8.81,4438
31506,Sellero Zinvill S1,Temperatura,2025-11,3.79,4313
31506,Sellero Zinvill S1,Temperatura,2025-12,3.14,4464
31506,Sellero Zinvill S1,Temperatura,2026-01,-0.07,4464
31506,Sellero Zinvill S1,Temperatura,2026-02,3.56,4029
31506,Sellero Zinvill S1,Temperatura,2026-03,6.60,1
32391,Manerba del Garda Dusano,Temperatura,2017-11,8.07,2304
32391,Manerba del Garda Dusano,Temperatura,2017-12,5.19,4464
32391,Manerba del Garda Dusano,Temperatura,2018-01,7.10,4462
32391,Manerba del Garda Dusano,Temperatura,2018-02,4.89,4032
32391,Manerba del Garda Dusano,Temperatura,2018-03,7.75,4464
32391,Manerba del Garda Dusano,Temperatura,2018-04,15.69,4320
32391,Manerba del Garda Dusano,Temperatura,2018-05,18.52,4464
32391,Manerba del Garda Dusano,Temperatura,2018-06,22.91,4320
32391,Manerba del Garda Dusano,Temperatura,2018-07,24.82,4464
32391,Manerba del Garda Dusano,Temperatura,2018-08,25.30,4462
32391,Manerba del Garda Dusano,Temperatura,2018-09,21.41,4318
32391,Manerba del Garda Dusano,Temperatura,2018-10,17.10,4435
32391,Manerba del Garda Dusano,Temperatura,2018-11,12.07,4095
32391,Manerba del Garda Dusano,Temperatura,2018-12,5.78,4170
32391,Manerba del Garda Dusano,Temperatura,2019-01,5.02,4420
32391,Manerba del Garda Dusano,Temperatura,2019-02,7.62,3448
32391,Manerba del Garda Dusano,Temperatura,2019-03,10.43,4450
32391,Manerba del Garda Dusano,Temperatura,2019-04,13.29,4318
32391,Manerba del Garda Dusano,Temperatura,2019-05,14.74,4463
32391,Manerba del Garda Dusano,Temperatura,2019-06,24.47,4320
32391,Manerba del Garda Dusano,Temperatura,2019-07,25.02,4464
32391,Manerba del Garda Dusano,Temperatura,2019-08,24.92,4389
32391,Manerba del Garda Dusano,Temperatura,2019-09,20.30,4319
32391,Manerba del Garda Dusano,Temperatura,2019-10,16.57,4463
32391,Manerba del Garda Dusano,Temperatura,2019-11,10.85,4320
32391,Manerba del Garda Dusano,Temperatura,2019-12,7.64,4464
32391,Manerba del Garda Dusano,Temperatura,2020-01,6.01,4462
32391,Manerba del Garda Dusano,Temperatura,2020-02,8.38,4176
32391,Manerba del Garda Dusano,Temperatura,2020-03,9.46,4463
32391,Manerba del Garda Dusano,Temperatura,2020-04,14.30,4319
32391,Manerba del Garda Dusano,Temperatura,2020-05,18.34,4463
32391,Manerba del Garda Dusano,Temperatura,2020-06,21.43,4319
32391,Manerba del Garda Dusano,Temperatura,2020-07,24.09,4463
32391,Manerba del Garda Dusano,Temperatura,2020-08,24.33,4464
32391,Manerba del Garda Dusano,Temperatura,2020-09,20.68,4319
32391,Manerba del Garda Dusano,Temperatura,2020-10,14.30,4462
32391,Manerba del Garda Dusano,Temperatura,2020-11,10.56,4319
32391,Manerba del Garda Dusano,Temperatura,2020-12,7.16,4464
32391,Manerba del Garda Dusano,Temperatura,2021-01,6.20,1
32391,Manerba del Garda Dusano,Temperatura,2021-01,4.49,4462
32391,Manerba del Garda Dusano,Temperatura,2021-02,7.85,4032
32391,Manerba del Garda Dusano,Temperatura,2021-03,9.44,4460
32391,Manerba del Garda Dusano,Temperatura,2021-04,11.94,4319
32391,Manerba del Garda Dusano,Temperatura,2021-05,16.26,4457
32391,Manerba del Garda Dusano,Temperatura,2021-06,23.68,4318
32391,Manerba del Garda Dusano,Temperatura,2021-07,24.11,4463
32391,Manerba del Garda Dusano,Temperatura,2021-08,23.61,4461
32391,Manerba del Garda Dusano,Temperatura,2021-09,21.31,4319
32391,Manerba del Garda Dusano,Temperatura,2021-10,14.81,4463
32391,Manerba del Garda Dusano,Temperatura,2021-11,10.35,4320
32391,Manerba del Garda Dusano,Temperatura,2021-12,5.79,4462
32391,Manerba del Garda Dusano,Temperatura,2022-01,5.06,4464
32391,Manerba del Garda Dusano,Temperatura,2022-02,7.57,4030
32391,Manerba del Garda Dusano,Temperatura,2022-03,9.08,4464
32391,Manerba del Garda Dusano,Temperatura,2022-04,12.51,4319
32391,Manerba del Garda Dusano,Temperatura,2022-05,19.59,4457
32391,Manerba del Garda Dusano,Temperatura,2022-06,24.52,4320
32391,Manerba del Garda Dusano,Temperatura,2022-07,26.85,4462
32391,Manerba del Garda Dusano,Temperatura,2022-08,24.98,4463
32391,Manerba del Garda Dusano,Temperatura,2022-09,20.33,4320
32391,Manerba del Garda Dusano,Temperatura,2022-10,18.09,4460
32391,Manerba del Garda Dusano,Temperatura,2022-11,11.50,4318
32391,Manerba del Garda Dusano,Temperatura,2022-12,7.36,4461
32391,Manerba del Garda Dusano,Temperatura,2023-01,7.11,4460
32391,Manerba del Garda Dusano,Temperatura,2023-02,6.91,4032
32391,Manerba del Garda Dusano,Temperatura,2023-03,10.95,4460
32391,Manerba del Garda Dusano,Temperatura,2023-04,12.82,4320
32391,Manerba del Garda Dusano,Temperatura,2023-05,17.63,4463
32391,Manerba del Garda Dusano,Temperatura,2023-06,22.73,4307
32391,Manerba del Garda Dusano,Temperatura,2023-07,24.82,4462
32391,Manerba del Garda Dusano,Temperatura,2023-08,24.96,4462
32391,Manerba del Garda Dusano,Temperatura,2023-09,22.25,4267
32391,Manerba del Garda Dusano,Temperatura,2023-10,18.05,4463
32391,Manerba del Garda Dusano,Temperatura,2023-11,10.25,4312
32391,Manerba del Garda Dusano,Temperatura,2023-12,7.74,4464
32391,Manerba del Garda Dusano,Temperatura,2024-01,5.83,4457
32391,Manerba del Garda Dusano,Temperatura,2024-02,9.10,4176
32391,Manerba del Garda Dusano,Temperatura,2024-03,11.31,4464
32391,Manerba del Garda Dusano,Temperatura,2024-04,13.75,4318
32391,Manerba del Garda Dusano,Temperatura,2024-05,17.37,4456
32391,Manerba del Garda Dusano,Temperatura,2024-06,21.76,4320
32391,Manerba del Garda Dusano,Temperatura,2024-07,25.82,4462
32391,Manerba del Garda Dusano,Temperatura,2024-08,26.80,4464
32391,Manerba del Garda Dusano,Temperatura,2024-09,20.43,4318
32391,Manerba del Garda Dusano,Temperatura,2024-10,16.46,4464
32391,Manerba del Garda Dusano,Temperatura,2024-11,10.04,4320
32391,Manerba del Garda Dusano,Temperatura,2024-12,6.82,4462
32391,Manerba del Garda Dusano,Temperatura,2025-01,6.63,4462
32391,Manerba del Garda Dusano,Temperatura,2025-02,7.36,4031
32391,Manerba del Garda Dusano,Temperatura,2025-03,10.74,4464
32391,Manerba del Garda Dusano,Temperatura,2025-04,14.73,4320
32391,Manerba del Garda Dusano,Temperatura,2025-05,18.12,4464
32391,Manerba del Garda Dusano,Temperatura,2025-06,25.42,4318
32391,Manerba del Garda Dusano,Temperatura,2025-07,24.26,4464
32391,Manerba del Garda Dusano,Temperatura,2025-08,24.66,4188
32391,Manerba del Garda Dusano,Temperatura,2025-09,20.46,4313
32391,Manerba del Garda Dusano,Temperatura,2025-10,15.08,4450
32391,Manerba del Garda Dusano,Temperatura,2025-11,10.19,4310
32391,Manerba del Garda Dusano,Temperatura,2025-12,8.31,4457
32391,Manerba del Garda Dusano,Temperatura,2026-01,5.05,4427
32391,Manerba del Garda Dusano,Temperatura,2026-02,8.72,4030
32391,Manerba del Garda Dusano,Temperatura,2026-03,11.50,1
4042,Darfo Boario Terme,Temperatura,2002-12,5.40,660
4042,Darfo Boario Terme,Temperatura,2003-01,3.55,692
4042,Darfo Boario Terme,Temperatura,2003-02,2.89,413
4042,Darfo Boario Terme,Temperatura,2003-03,9.92,744
4042,Darfo Boario Terme,Temperatura,2003-04,12.86,634
4042,Darfo Boario Terme,Temperatura,2003-05,19.63,216
4042,Darfo Boario Terme,Temperatura,2003-06,25.88,471
4042,Darfo Boario Terme,Temperatura,2003-07,25.46,657
4042,Darfo Boario Terme,Temperatura,2003-08,27.44,118
4042,Darfo Boario Terme,Temperatura,2003-09,18.56,427
4042,Darfo Boario Terme,Temperatura,2003-10,8.13,16
4042,Darfo Boario Terme,Temperatura,2003-11,8.43,720
4042,Darfo Boario Terme,Temperatura,2003-12,4.64,744
4042,Darfo Boario Terme,Temperatura,2004-01,3.21,744
4042,Darfo Boario Terme,Temperatura,2004-02,4.83,696
4042,Darfo Boario Terme,Temperatura,2004-03,8.01,648
4042,Darfo Boario Terme,Temperatura,2004-04,13.77,577
4042,Darfo Boario Terme,Temperatura,2004-05,15.91,673
4042,Darfo Boario Terme,Temperatura,2004-06,21.94,308
4042,Darfo Boario Terme,Temperatura,2004-07,22.22,321
4042,Darfo Boario Terme,Temperatura,2004-08,22.96,358
4042,Darfo Boario Terme,Temperatura,2004-09,19.19,711
4042,Darfo Boario Terme,Temperatura,2004-10,15.03,732
4042,Darfo Boario Terme,Temperatura,2004-11,8.15,718
4042,Darfo Boario Terme,Temperatura,2004-12,4.64,744
4042,Darfo Boario Terme,Temperatura,2005-01,2.30,718
4042,Darfo Boario Terme,Temperatura,2005-02,3.30,646
4042,Darfo Boario Terme,Temperatura,2005-03,8.57,744
4042,Darfo Boario Terme,Temperatura,2005-04,12.51,720
4042,Darfo Boario Terme,Temperatura,2005-05,17.04,469
4042,Darfo Boario Terme,Temperatura,2005-07,23.46,734
4042,Darfo Boario Terme,Temperatura,2005-08,24.27,601
4042,Darfo Boario Terme,Temperatura,2005-10,20.60,1
4042,Darfo Boario Terme,Temperatura,2005-12,1.07,303
4042,Darfo Boario Terme,Temperatura,2006-01,1.61,743
4042,Darfo Boario Terme,Temperatura,2006-02,4.25,664
4042,Darfo Boario Terme,Temperatura,2006-03,8.14,744
4042,Darfo Boario Terme,Temperatura,2006-04,13.63,698
4042,Darfo Boario Terme,Temperatura,2006-05,17.88,744
4042,Darfo Boario Terme,Temperatura,2006-06,21.49,487
4042,Darfo Boario Terme,Temperatura,2006-07,25.96,744
4042,Darfo Boario Terme,Temperatura,2006-08,20.34,744
4042,Darfo Boario Terme,Temperatura,2006-09,20.46,720
4042,Darfo Boario Terme,Temperatura,2006-10,15.19,744
4042,Darfo Boario Terme,Temperatura,2006-11,9.27,720
4042,Darfo Boario Terme,Temperatura,2006-12,4.79,744
4042,Darfo Boario Terme,Temperatura,2007-01,5.21,744
4042,Darfo Boario Terme,Temperatura,2007-02,7.02,672
4042,Darfo Boario Terme,Temperatura,2007-03,10.08,674
4042,Darfo Boario Terme,Temperatura,2007-04,16.43,720
4042,Darfo Boario Terme,Temperatura,2007-05,18.53,744
4042,Darfo Boario Terme,Temperatura,2007-06,20.95,720
4042,Darfo Boario Terme,Temperatura,2007-07,23.95,744
4042,Darfo Boario Terme,Temperatura,2007-08,21.18,744
4042,Darfo Boario Terme,Temperatura,2007-09,17.18,720
4042,Darfo Boario Terme,Temperatura,2007-10,13.07,744
4042,Darfo Boario Terme,Temperatura,2007-11,6.66,688
4042,Darfo Boario Terme,Temperatura,2007-12,2.97,695
4042,Darfo Boario Terme,Temperatura,2008-01,4.58,744
4042,Darfo Boario Terme,Temperatura,2008-02,5.39,696
4042,Darfo Boario Terme,Temperatura,2008-03,9.19,744
4042,Darfo Boario Terme,Temperatura,2008-04,12.06,720
4042,Darfo Boario Terme,Temperatura,2008-05,17.41,744
4042,Darfo Boario Terme,Temperatura,2008-06,20.83,720
4042,Darfo Boario Terme,Temperatura,2008-07,22.43,744
4042,Darfo Boario Terme,Temperatura,2008-08,22.40,679
4042,Darfo Boario Terme,Temperatura,2008-09,15.24,345
4042,Darfo Boario Terme,Temperatura,2008-10,14.07,744
4042,Darfo Boario Terme,Temperatura,2008-11,7.94,720
4042,Darfo Boario Terme,Temperatura,2008-12,4.05,744
4042,Darfo Boario Terme,Temperatura,2009-01,2.96,736
4042,Darfo Boario Terme,Temperatura,2009-02,4.31,2553
4042,Darfo Boario Terme,Temperatura,2009-03,9.33,4462
4042,Darfo Boario Terme,Temperatura,2009-04,14.18,4317
4042,Darfo Boario Terme,Temperatura,2009-05,20.25,4463
4042,Darfo Boario Terme,Temperatura,2009-06,21.58,4319
4042,Darfo Boario Terme,Temperatura,2009-07,23.63,4187
4042,Darfo Boario Terme,Temperatura,2009-08,24.62,4340
4042,Darfo Boario Terme,Temperatura,2009-09,19.78,4319
4042,Darfo Boario Terme,Temperatura,2009-10,13.56,4464
4042,Darfo Boario Terme,Temperatura,2009-11,8.52,4319
4042,Darfo Boario Terme,Temperatura,2009-12,2.94,4464
4042,Darfo Boario Terme,Temperatura,2010-01,1.91,4464
4042,Darfo Boario Terme,Temperatura,2010-02,4.38,4032
4042,Darfo Boario Terme,Temperatura,2010-03,8.36,4464
4042,Darfo Boario Terme,Temperatura,2010-04,13.16,4320
4042,Darfo Boario Terme,Temperatura,2010-05,16.74,4464
4042,Darfo Boario Terme,Temperatura,2010-06,21.87,4320
4042,Darfo Boario Terme,Temperatura,2010-07,25.28,4464
4042,Darfo Boario Terme,Temperatura,2010-08,21.79,4464
4042,Darfo Boario Terme,Temperatura,2010-09,17.66,4319
4042,Darfo Boario Terme,Temperatura,2010-10,11.83,4461
4042,Darfo Boario Terme,Temperatura,2010-11,8.24,4319
4042,Darfo Boario Terme,Temperatura,2010-12,1.79,4464
4042,Darfo Boario Terme,Temperatura,2011-01,-1.70,1
4042,Darfo Boario Terme,Temperatura,2011-01,2.30,4463
4042,Darfo Boario Terme,Temperatura,2011-02,5.46,4029
4042,Darfo Boario Terme,Temperatura,2011-03,9.14,4462
4042,Darfo Boario Terme,Temperatura,2011-04,15.97,4319
4042,Darfo Boario Terme,Temperatura,2011-05,18.81,4462
4042,Darfo Boario Terme,Temperatura,2011-06,20.56,4283
4042,Darfo Boario Terme,Temperatura,2011-07,21.96,4438
4042,Darfo Boario Terme,Temperatura,2011-08,23.81,4462
4042,Darfo Boario Terme,Temperatura,2011-09,20.73,4320
4042,Darfo Boario Terme,Temperatura,2011-10,13.25,4462
4042,Darfo Boario Terme,Temperatura,2011-11,7.61,4320
4042,Darfo Boario Terme,Temperatura,2011-12,3.76,4463
4042,Darfo Boario Terme,Temperatura,2012-01,2.61,4464
4042,Darfo Boario Terme,Temperatura,2012-02,1.81,4175
4042,Darfo Boario Terme,Temperatura,2012-03,11.68,4462
4042,Darfo Boario Terme,Temperatura,2012-04,12.04,4318
4042,Darfo Boario Terme,Temperatura,2012-05,17.06,4463
4042,Darfo Boario Terme,Temperatura,2012-06,22.51,4319
4042,Darfo Boario Terme,Temperatura,2012-07,23.72,4463
4042,Darfo Boario Terme,Temperatura,2012-08,24.73,4463
4042,Darfo Boario Terme,Temperatura,2012-09,18.39,4315
4042,Darfo Boario Terme,Temperatura,2012-10,13.75,4451
4042,Darfo Boario Terme,Temperatura,2012-11,9.21,4319
4042,Darfo Boario Terme,Temperatura,2012-12,3.18,4455
4042,Darfo Boario Terme,Temperatura,2013-01,4.25,4461
4042,Darfo Boario Terme,Temperatura,2013-02,3.89,4030
4042,Darfo Boario Terme,Temperatura,2013-03,7.27,4455
4042,Darfo Boario Terme,Temperatura,2013-04,13.29,4314
4042,Darfo Boario Terme,Temperatura,2013-05,15.29,4455
4042,Darfo Boario Terme,Temperatura,2013-06,20.90,4308
4042,Darfo Boario Terme,Temperatura,2013-07,24.51,4437
4042,Darfo Boario Terme,Temperatura,2013-08,23.94,3531
4042,Darfo Boario Terme,Temperatura,2013-09,18.19,3425
4042,Darfo Boario Terme,Temperatura,2013-10,14.06,4417
4042,Darfo Boario Terme,Temperatura,2013-11,8.76,4318
4042,Darfo Boario Terme,Temperatura,2013-12,4.40,4462
4042,Darfo Boario Terme,Temperatura,2014-01,5.80,4462
4042,Darfo Boario Terme,Temperatura,2014-02,7.24,4030
4042,Darfo Boario Terme,Temperatura,2014-03,10.72,4460
4042,Darfo Boario Terme,Temperatura,2014-04,14.29,4315
4042,Darfo Boario Terme,Temperatura,2014-05,17.01,4461
4042,Darfo Boario Terme,Temperatura,2014-06,20.90,4319
4042,Darfo Boario Terme,Temperatura,2014-07,21.25,4462
4042,Darfo Boario Terme,Temperatura,2014-08,20.38,4462
4042,Darfo Boario Terme,Temperatura,2014-09,18.54,4318
4042,Darfo Boario Terme,Temperatura,2014-10,15.20,4462
4042,Darfo Boario Terme,Temperatura,2014-11,10.24,4320
4042,Darfo Boario Terme,Temperatura,2014-12,5.60,4463
4042,Darfo Boario Terme,Temperatura,2015-01,4.58,4463
4042,Darfo Boario Terme,Temperatura,2015-02,5.07,3582
4042,Darfo Boario Terme,Temperatura,2015-03,9.83,4370
4042,Darfo Boario Terme,Temperatura,2015-04,13.63,4179
4042,Darfo Boario Terme,Temperatura,2015-05,18.31,4269
4042,Darfo Boario Terme,Temperatura,2015-06,22.71,2369
4042,Darfo Boario Terme,Temperatura,2015-07,27.26,4423
4042,Darfo Boario Terme,Temperatura,2015-08,23.74,4463
4042,Darfo Boario Terme,Temperatura,2015-09,17.98,4312
4042,Darfo Boario Terme,Temperatura,2015-10,12.92,4457
4042,Darfo Boario Terme,Temperatura,2015-11,8.11,4294
4042,Darfo Boario Terme,Temperatura,2015-12,4.58,4458
4042,Darfo Boario Terme,Temperatura,2016-01,3.72,4446
4042,Darfo Boario Terme,Temperatura,2016-02,6.78,4174
4042,Darfo Boario Terme,Temperatura,2016-03,9.41,4463
4042,Darfo Boario Terme,Temperatura,2016-04,14.35,4310
4042,Darfo Boario Terme,Temperatura,2016-05,16.19,4463
4042,Darfo Boario Terme,Temperatura,2016-06,20.64,4319
4042,Darfo Boario Terme,Temperatura,2016-07,24.07,4462
4042,Darfo Boario Terme,Temperatura,2016-08,22.18,4463
4042,Darfo Boario Terme,Temperatura,2016-09,20.16,4317
4042,Darfo Boario Terme,Temperatura,2016-10,12.78,4419
4042,Darfo Boario Terme,Temperatura,2016-11,8.22,4249
4042,Darfo Boario Terme,Temperatura,2016-12,3.99,4458
4042,Darfo Boario Terme,Temperatura,2017-01,0.94,4464
4042,Darfo Boario Terme,Temperatura,2017-02,6.36,4026
4042,Darfo Boario Terme,Temperatura,2017-03,11.24,4438
4042,Darfo Boario Terme,Temperatura,2017-04,13.54,4320
4042,Darfo Boario Terme,Temperatura,2017-05,17.80,4299
4042,Darfo Boario Terme,Temperatura,2017-06,23.04,4318
4042,Darfo Boario Terme,Temperatura,2017-07,24.10,4460
4042,Darfo Boario Terme,Temperatura,2017-08,24.22,4463
4042,Darfo Boario Terme,Temperatura,2017-09,17.12,4320
4042,Darfo Boario Terme,Temperatura,2017-10,13.45,4456
4042,Darfo Boario Terme,Temperatura,2017-11,7.33,4317
4042,Darfo Boario Terme,Temperatura,2017-12,3.09,4462
4042,Darfo Boario Terme,Temperatura,2018-01,5.37,4464
4042,Darfo Boario Terme,Temperatura,2018-02,3.97,4032
4042,Darfo Boario Terme,Temperatura,2018-03,7.40,4461
4042,Darfo Boario Terme,Temperatura,2018-04,15.61,4319
4042,Darfo Boario Terme,Temperatura,2018-05,17.77,4461
4042,Darfo Boario Terme,Temperatura,2018-06,22.56,4319
4042,Darfo Boario Terme,Temperatura,2018-07,24.10,4461
4042,Darfo Boario Terme,Temperatura,2018-08,23.72,4461
4042,Darfo Boario Terme,Temperatura,2018-09,20.36,4316
4042,Darfo Boario Terme,Temperatura,2018-10,15.17,4448
4042,Darfo Boario Terme,Temperatura,2018-11,9.37,4273
4042,Darfo Boario Terme,Temperatura,2018-12,3.10,4464
4042,Darfo Boario Terme,Temperatura,2019-01,2.27,4463
4042,Darfo Boario Terme,Temperatura,2019-02,5.97,4030
4042,Darfo Boario Terme,Temperatura,2019-03,10.18,4459
4042,Darfo Boario Terme,Temperatura,2019-04,12.63,4318
4042,Darfo Boario Terme,Temperatura,2019-05,14.49,4464
4042,Darfo Boario Terme,Temperatura,2019-06,23.90,4317
4042,Darfo Boario Terme,Temperatura,2019-07,24.90,4461
4042,Darfo Boario Terme,Temperatura,2019-08,23.89,4458
4042,Darfo Boario Terme,Temperatura,2019-09,19.03,4316
4042,Darfo Boario Terme,Temperatura,2019-10,14.83,4459
4042,Darfo Boario Terme,Temperatura,2019-11,8.40,4318
4042,Darfo Boario Terme,Temperatura,2019-12,4.56,4461
4042,Darfo Boario Terme,Temperatura,2020-01,3.20,4463
4042,Darfo Boario Terme,Temperatura,2020-02,6.88,4174
4042,Darfo Boario Terme,Temperatura,2020-03,8.70,4464
4042,Darfo Boario Terme,Temperatura,2020-04,14.04,4318
4042,Darfo Boario Terme,Temperatura,2020-05,18.13,4454
4042,Darfo Boario Terme,Temperatura,2020-06,20.53,4317
4042,Darfo Boario Terme,Temperatura,2020-07,23.57,4463
4042,Darfo Boario Terme,Temperatura,2020-08,23.37,4461
4042,Darfo Boario Terme,Temperatura,2020-09,19.21,4320
4042,Darfo Boario Terme,Temperatura,2020-10,12.09,4464
4042,Darfo Boario Terme,Temperatura,2020-11,7.61,4319
4042,Darfo Boario Terme,Temperatura,2020-12,4.38,4459
4042,Darfo Boario Terme,Temperatura,2021-01,1.40,1
4042,Darfo Boario Terme,Temperatura,2021-01,2.18,4461
4042,Darfo Boario Terme,Temperatura,2021-02,6.97,4032
4042,Darfo Boario Terme,Temperatura,2021-03,8.71,4461
4042,Darfo Boario Terme,Temperatura,2021-04,11.53,4318
4042,Darfo Boario Terme,Temperatura,2021-05,15.76,4463
4042,Darfo Boario Terme,Temperatura,2021-06,23.62,4320
4042,Darfo Boario Terme,Temperatura,2021-07,23.55,4463
4042,Darfo Boario Terme,Temperatura,2021-08,22.30,4461
4042,Darfo Boario Terme,Temperatura,2021-09,19.84,4318
4042,Darfo Boario Terme,Temperatura,2021-10,12.44,4433
4042,Darfo Boario Terme,Temperatura,2021-11,7.66,4317
4042,Darfo Boario Terme,Temperatura,2021-12,2.80,4459
4042,Darfo Boario Terme,Temperatura,2022-01,2.76,4453
4042,Darfo Boario Terme,Temperatura,2022-02,6.08,4030
4042,Darfo Boario Terme,Temperatura,2022-03,8.27,4460
4042,Darfo Boario Terme,Temperatura,2022-04,12.42,4316
4042,Darfo Boario Terme,Temperatura,2022-05,19.71,4464
4042,Darfo Boario Terme,Temperatura,2022-06,24.21,4316
4042,Darfo Boario Terme,Temperatura,2022-07,27.42,4462
4042,Darfo Boario Terme,Temperatura,2022-08,24.93,4462
4042,Darfo Boario Terme,Temperatura,2022-09,18.83,4319
4042,Darfo Boario Terme,Temperatura,2022-10,16.12,4463
4042,Darfo Boario Terme,Temperatura,2022-11,8.59,4317
4042,Darfo Boario Terme,Temperatura,2022-12,4.66,4459
4042,Darfo Boario Terme,Temperatura,2023-01,4.17,4455
4042,Darfo Boario Terme,Temperatura,2023-02,5.83,4028
4042,Darfo Boario Terme,Temperatura,2023-03,10.44,4464
4042,Darfo Boario Terme,Temperatura,2023-04,12.44,4317
4042,Darfo Boario Terme,Temperatura,2023-05,17.29,4462
4042,Darfo Boario Terme,Temperatura,2023-06,22.79,4318
4042,Darfo Boario Terme,Temperatura,2023-07,24.60,2448
6795,Brescia v.Ziziola,Temperatura,1997-10,9.94,316
6795,Brescia v.Ziziola,Temperatura,1997-11,8.15,701
6795,Brescia v.Ziziola,Temperatura,1997-12,3.84,742
6795,Brescia v.Ziziola,Temperatura,1998-01,3.31,733
6795,Brescia v.Ziziola,Temperatura,1998-02,7.84,502
6795,Brescia v.Ziziola,Temperatura,1998-03,9.32,744
6795,Brescia v.Ziziola,Temperatura,1998-04,12.44,720
6795,Brescia v.Ziziola,Temperatura,1998-05,18.03,675
6795,Brescia v.Ziziola,Temperatura,1998-06,22.96,689
6795,Brescia v.Ziziola,Temperatura,1998-07,24.45,611
6795,Brescia v.Ziziola,Temperatura,1998-08,25.17,645
6795,Brescia v.Ziziola,Temperatura,1998-09,18.95,720
6795,Brescia v.Ziziola,Temperatura,1998-10,14.10,528
6795,Brescia v.Ziziola,Temperatura,1998-11,5.85,720
6795,Brescia v.Ziziola,Temperatura,1998-12,1.54,742
6795,Brescia v.Ziziola,Temperatura,1999-01,2.74,744
6795,Brescia v.Ziziola,Temperatura,1999-02,4.09,661
6795,Brescia v.Ziziola,Temperatura,1999-03,9.24,673
6795,Brescia v.Ziziola,Temperatura,1999-04,13.45,720
6795,Brescia v.Ziziola,Temperatura,1999-05,19.53,742
6795,Brescia v.Ziziola,Temperatura,1999-06,21.97,720
6795,Brescia v.Ziziola,Temperatura,1999-07,24.93,729
6795,Brescia v.Ziziola,Temperatura,1999-08,24.17,694
6795,Brescia v.Ziziola,Temperatura,1999-09,21.63,400
6795,Brescia v.Ziziola,Temperatura,1999-10,14.35,727
6795,Brescia v.Ziziola,Temperatura,1999-11,5.79,621
6795,Brescia v.Ziziola,Temperatura,1999-12,2.08,595
6795,Brescia v.Ziziola,Temperatura,2000-01,1.40,651
6795,Brescia v.Ziziola,Temperatura,2000-02,5.56,696
6795,Brescia v.Ziziola,Temperatura,2000-03,9.82,706
6795,Brescia v.Ziziola,Temperatura,2000-04,15.29,495
6795,Brescia v.Ziziola,Temperatura,2000-05,19.81,458
6795,Brescia v.Ziziola,Temperatura,2000-06,24.07,634
6795,Brescia v.Ziziola,Temperatura,2000-07,23.34,577
6795,Brescia v.Ziziola,Temperatura,2000-08,22.47,232
6795,Brescia v.Ziziola,Temperatura,2000-09,20.62,634
6795,Brescia v.Ziziola,Temperatura,2000-10,14.57,744
6795,Brescia v.Ziziola,Temperatura,2000-11,8.47,720
6795,Brescia v.Ziziola,Temperatura,2000-12,5.00,741
6795,Brescia v.Ziziola,Temperatura,2001-01,3.46,744
6795,Brescia v.Ziziola,Temperatura,2001-02,6.21,607
6795,Brescia v.Ziziola,Temperatura,2001-03,10.85,533
6795,Brescia v.Ziziola,Temperatura,2001-04,13.34,404
6795,Brescia v.Ziziola,Temperatura,2001-05,20.24,744
6795,Brescia v.Ziziola,Temperatura,2001-06,22.35,701
6795,Brescia v.Ziziola,Temperatura,2001-07,24.97,555
6795,Brescia v.Ziziola,Temperatura,2001-08,26.34,699
6795,Brescia v.Ziziola,Temperatura,2001-09,16.63,196
6795,Brescia v.Ziziola,Temperatura,2001-10,16.36,720
6795,Brescia v.Ziziola,Temperatura,2001-11,6.17,606
6795,Brescia v.Ziziola,Temperatura,2001-12,0.86,682
6795,Brescia v.Ziziola,Temperatura,2002-01,1.02,743
6795,Brescia v.Ziziola,Temperatura,2002-02,5.74,663
6795,Brescia v.Ziziola,Temperatura,2002-03,11.36,744
6795,Brescia v.Ziziola,Temperatura,2002-04,13.10,720
6795,Brescia v.Ziziola,Temperatura,2002-05,18.67,742
6795,Brescia v.Ziziola,Temperatura,2002-06,24.59,703
6795,Brescia v.Ziziola,Temperatura,2002-07,24.42,700
6795,Brescia v.Ziziola,Temperatura,2002-08,23.94,610
6795,Brescia v.Ziziola,Temperatura,2002-09,18.78,677
6795,Brescia v.Ziziola,Temperatura,2002-10,14.29,738
6795,Brescia v.Ziziola,Temperatura,2002-11,10.67,699
6795,Brescia v.Ziziola,Temperatura,2002-12,5.06,733
6795,Brescia v.Ziziola,Temperatura,2003-01,2.56,713
6795,Brescia v.Ziziola,Temperatura,2003-02,2.28,224
6795,Brescia v.Ziziola,Temperatura,2003-03,13.12,22
6795,Brescia v.Ziziola,Temperatura,2003-04,15.86,15
6795,Brescia v.Ziziola,Temperatura,2003-08,35.56,7
6795,Brescia v.Ziziola,Temperatura,2003-09,28.29,7
6795,Brescia v.Ziziola,Temperatura,2003-11,9.09,287
6795,Brescia v.Ziziola,Temperatura,2003-12,4.30,740
6795,Brescia v.Ziziola,Temperatura,2004-01,2.35,732
6795,Brescia v.Ziziola,Temperatura,2004-02,3.78,516
6795,Brescia v.Ziziola,Temperatura,2004-03,8.06,679
6795,Brescia v.Ziziola,Temperatura,2004-04,13.18,610
6795,Brescia v.Ziziola,Temperatura,2004-05,17.31,712
6795,Brescia v.Ziziola,Temperatura,2004-06,22.87,668
6795,Brescia v.Ziziola,Temperatura,2004-07,24.94,698
6795,Brescia v.Ziziola,Temperatura,2004-08,25.44,693
6795,Brescia v.Ziziola,Temperatura,2004-09,20.71,719
6795,Brescia v.Ziziola,Temperatura,2004-10,15.94,669
6795,Brescia v.Ziziola,Temperatura,2004-11,8.53,719
6795,Brescia v.Ziziola,Temperatura,2004-12,4.31,713
6795,Brescia v.Ziziola,Temperatura,2005-01,1.25,708
6795,Brescia v.Ziziola,Temperatura,2005-02,2.77,649
6795,Brescia v.Ziziola,Temperatura,2005-03,8.94,700
6795,Brescia v.Ziziola,Temperatura,2005-04,12.33,719
6795,Brescia v.Ziziola,Temperatura,2005-05,19.43,672
6795,Brescia v.Ziziola,Temperatura,2005-06,23.82,675
6795,Brescia v.Ziziola,Temperatura,2005-07,25.87,515
6795,Brescia v.Ziziola,Temperatura,2005-08,22.19,670
6795,Brescia v.Ziziola,Temperatura,2005-09,19.93,719
6795,Brescia v.Ziziola,Temperatura,2005-10,13.48,744
6795,Brescia v.Ziziola,Temperatura,2005-11,6.89,720
6795,Brescia v.Ziziola,Temperatura,2005-12,1.37,743
6795,Brescia v.Ziziola,Temperatura,2006-01,0.82,712
6795,Brescia v.Ziziola,Temperatura,2006-02,3.35,672
6795,Brescia v.Ziziola,Temperatura,2006-03,7.81,744
6795,Brescia v.Ziziola,Temperatura,2006-04,13.69,720
6795,Brescia v.Ziziola,Temperatura,2006-05,18.48,744
6795,Brescia v.Ziziola,Temperatura,2006-06,23.63,720
6795,Brescia v.Ziziola,Temperatura,2006-07,27.45,744
6795,Brescia v.Ziziola,Temperatura,2006-08,21.60,743
6795,Brescia v.Ziziola,Temperatura,2006-09,21.91,553
6795,Brescia v.Ziziola,Temperatura,2006-10,15.67,695
6795,Brescia v.Ziziola,Temperatura,2006-11,8.99,720
6795,Brescia v.Ziziola,Temperatura,2006-12,5.22,686
6795,Brescia v.Ziziola,Temperatura,2007-01,5.20,744
6795,Brescia v.Ziziola,Temperatura,2007-02,6.51,672
6795,Brescia v.Ziziola,Temperatura,2007-03,10.37,744
6795,Brescia v.Ziziola,Temperatura,2007-04,17.43,720
6795,Brescia v.Ziziola,Temperatura,2007-05,20.16,732
6795,Brescia v.Ziziola,Temperatura,2007-06,22.96,699
6795,Brescia v.Ziziola,Temperatura,2007-07,26.55,744
6795,Brescia v.Ziziola,Temperatura,2007-08,23.75,744
6795,Brescia v.Ziziola,Temperatura,2007-09,19.07,716
6795,Brescia v.Ziziola,Temperatura,2007-10,13.59,730
6795,Brescia v.Ziziola,Temperatura,2007-11,7.06,693
6795,Brescia v.Ziziola,Temperatura,2007-12,2.59,742
6795,Brescia v.Ziziola,Temperatura,2008-01,4.45,740
6795,Brescia v.Ziziola,Temperatura,2008-02,5.38,696
6795,Brescia v.Ziziola,Temperatura,2008-03,9.78,730
6795,Brescia v.Ziziola,Temperatura,2008-04,12.80,719
6795,Brescia v.Ziziola,Temperatura,2008-05,18.94,744
6795,Brescia v.Ziziola,Temperatura,2008-06,22.60,720
6795,Brescia v.Ziziola,Temperatura,2008-07,25.38,743
6795,Brescia v.Ziziola,Temperatura,2008-08,25.50,744
6795,Brescia v.Ziziola,Temperatura,2008-09,19.50,705
6795,Brescia v.Ziziola,Temperatura,2008-10,15.39,738
6795,Brescia v.Ziziola,Temperatura,2008-11,8.54,720
6795,Brescia v.Ziziola,Temperatura,2008-12,3.34,744
6795,Brescia v.Ziziola,Temperatura,2009-01,1.23,744
6795,Brescia v.Ziziola,Temperatura,2009-02,4.58,672
6795,Brescia v.Ziziola,Temperatura,2009-03,9.60,722
6795,Brescia v.Ziziola,Temperatura,2009-04,14.46,720
6795,Brescia v.Ziziola,Temperatura,2009-05,21.31,744
6795,Brescia v.Ziziola,Temperatura,2009-06,23.25,720
6795,Brescia v.Ziziola,Temperatura,2009-07,26.66,738
6795,Brescia v.Ziziola,Temperatura,2009-08,28.01,741
6795,Brescia v.Ziziola,Temperatura,2009-09,22.58,720
6795,Brescia v.Ziziola,Temperatura,2009-10,15.02,744
6795,Brescia v.Ziziola,Temperatura,2009-11,9.87,720
6795,Brescia v.Ziziola,Temperatura,2009-12,2.70,743
6795,Brescia v.Ziziola,Temperatura,2010-01,1.83,744
6795,Brescia v.Ziziola,Temperatura,2010-02,4.94,671
6795,Brescia v.Ziziola,Temperatura,2010-03,8.85,739
6795,Brescia v.Ziziola,Temperatura,2010-04,14.61,720
6795,Brescia v.Ziziola,Temperatura,2010-05,18.54,744
6795,Brescia v.Ziziola,Temperatura,2010-06,24.19,720
6795,Brescia v.Ziziola,Temperatura,2010-07,28.01,744
6795,Brescia v.Ziziola,Temperatura,2010-08,24.37,744
6795,Brescia v.Ziziola,Temperatura,2010-09,19.91,720
6795,Brescia v.Ziziola,Temperatura,2010-10,13.35,734
6795,Brescia v.Ziziola,Temperatura,2010-11,9.29,720
6795,Brescia v.Ziziola,Temperatura,2010-12,1.46,744
6795,Brescia v.Ziziola,Temperatura,2011-01,-1.48,1
6795,Brescia v.Ziziola,Temperatura,2011-01,2.31,743
6795,Brescia v.Ziziola,Temperatura,2011-02,5.66,672
6795,Brescia v.Ziziola,Temperatura,2011-03,10.05,744
6795,Brescia v.Ziziola,Temperatura,2011-04,17.68,720
6795,Brescia v.Ziziola,Temperatura,2011-05,21.73,744
6795,Brescia v.Ziziola,Temperatura,2011-06,23.22,718
6795,Brescia v.Ziziola,Temperatura,2011-07,24.90,744
6795,Brescia v.Ziziola,Temperatura,2011-08,27.35,744
6795,Brescia v.Ziziola,Temperatura,2011-09,23.79,704
6795,Brescia v.Ziziola,Temperatura,2011-10,14.82,744
6795,Brescia v.Ziziola,Temperatura,2011-11,7.89,719
6795,Brescia v.Ziziola,Temperatura,2011-12,4.30,744
6795,Brescia v.Ziziola,Temperatura,2012-01,2.23,743
6795,Brescia v.Ziziola,Temperatura,2012-02,2.43,696
6795,Brescia v.Ziziola,Temperatura,2012-03,13.38,744
6795,Brescia v.Ziziola,Temperatura,2012-04,13.38,720
6795,Brescia v.Ziziola,Temperatura,2012-05,19.31,709
6795,Brescia v.Ziziola,Temperatura,2012-06,25.43,620
6795,Brescia v.Ziziola,Temperatura,2012-07,27.57,743
6795,Brescia v.Ziziola,Temperatura,2012-08,28.97,744
6795,Brescia v.Ziziola,Temperatura,2012-09,21.02,719
6795,Brescia v.Ziziola,Temperatura,2012-10,15.38,722
6795,Brescia v.Ziziola,Temperatura,2012-11,10.39,703
6795,Brescia v.Ziziola,Temperatura,2012-12,2.10,720
6795,Brescia v.Ziziola,Temperatura,2013-01,3.39,722
6795,Brescia v.Ziziola,Temperatura,2013-02,3.34,655
6795,Brescia v.Ziziola,Temperatura,2013-03,7.54,723
6795,Brescia v.Ziziola,Temperatura,2013-04,14.15,699
6795,Brescia v.Ziziola,Temperatura,2013-05,16.91,735
6795,Brescia v.Ziziola,Temperatura,2013-06,23.43,720
6795,Brescia v.Ziziola,Temperatura,2013-07,26.76,738
6795,Brescia v.Ziziola,Temperatura,2013-08,24.73,739
6795,Brescia v.Ziziola,Temperatura,2013-09,20.10,713
6795,Brescia v.Ziziola,Temperatura,2013-10,14.74,740
6795,Brescia v.Ziziola,Temperatura,2013-11,11.43,343
6795,Brescia v.Ziziola,Temperatura,2013-12,4.41,2829
6795,Brescia v.Ziziola,Temperatura,2014-01,4.96,4462
6795,Brescia v.Ziziola,Temperatura,2014-02,6.96,4032
6795,Brescia v.Ziziola,Temperatura,2014-03,11.41,4464
6795,Brescia v.Ziziola,Temperatura,2014-04,15.14,4320
6795,Brescia v.Ziziola,Temperatura,2014-05,17.98,4464
6795,Brescia v.Ziziola,Temperatura,2014-06,23.00,4184
6795,Brescia v.Ziziola,Temperatura,2014-07,22.47,4462
6795,Brescia v.Ziziola,Temperatura,2014-08,22.29,4464
6795,Brescia v.Ziziola,Temperatura,2014-09,19.71,4320
6795,Brescia v.Ziziola,Temperatura,2014-10,15.75,4452
6795,Brescia v.Ziziola,Temperatura,2014-11,10.68,4320
6795,Brescia v.Ziziola,Temperatura,2014-12,4.88,4415
6795,Brescia v.Ziziola,Temperatura,2015-01,3.66,4408
6795,Brescia v.Ziziola,Temperatura,2015-02,4.21,4032
6795,Brescia v.Ziziola,Temperatura,2015-03,9.85,4464
6795,Brescia v.Ziziola,Temperatura,2015-04,14.60,4320
6795,Brescia v.Ziziola,Temperatura,2015-05,21.20,2592
6795,Brescia v.Ziziola,Temperatura,2015-06,26.22,1098
6795,Brescia v.Ziziola,Temperatura,2015-07,29.49,4385
6795,Brescia v.Ziziola,Temperatura,2015-08,26.31,4452
6795,Brescia v.Ziziola,Temperatura,2015-09,20.42,4314
6795,Brescia v.Ziziola,Temperatura,2015-10,13.62,4464
6795,Brescia v.Ziziola,Temperatura,2015-11,8.27,4320
6795,Brescia v.Ziziola,Temperatura,2015-12,3.60,4446
6795,Brescia v.Ziziola,Temperatura,2016-01,3.07,4464
6795,Brescia v.Ziziola,Temperatura,2016-02,6.65,4176
6795,Brescia v.Ziziola,Temperatura,2016-03,9.42,4464
6795,Brescia v.Ziziola,Temperatura,2016-04,14.82,4320
6795,Brescia v.Ziziola,Temperatura,2016-05,17.03,4464
6795,Brescia v.Ziziola,Temperatura,2016-06,21.92,4320
6795,Brescia v.Ziziola,Temperatura,2016-07,26.06,4463
6795,Brescia v.Ziziola,Temperatura,2016-08,23.89,4464
6795,Brescia v.Ziziola,Temperatura,2016-09,21.89,4318
6795,Brescia v.Ziziola,Temperatura,2016-10,13.03,4464
6795,Brescia v.Ziziola,Temperatura,2016-11,8.22,4320
6795,Brescia v.Ziziola,Temperatura,2016-12,2.64,4464
6795,Brescia v.Ziziola,Temperatura,2017-01,0.32,4464
6795,Brescia v.Ziziola,Temperatura,2017-02,5.93,4032
6795,Brescia v.Ziziola,Temperatura,2017-03,11.76,4434
6795,Brescia v.Ziziola,Temperatura,2017-04,14.72,4308
6795,Brescia v.Ziziola,Temperatura,2017-05,19.96,4458
6795,Brescia v.Ziziola,Temperatura,2017-06,25.67,4320
6795,Brescia v.Ziziola,Temperatura,2017-07,26.47,4462
6795,Brescia v.Ziziola,Temperatura,2017-08,27.11,4464
6795,Brescia v.Ziziola,Temperatura,2017-09,18.70,4320
6795,Brescia v.Ziziola,Temperatura,2017-10,15.16,4452
6795,Brescia v.Ziziola,Temperatura,2017-11,8.35,4320
6795,Brescia v.Ziziola,Temperatura,2017-12,2.96,4458
6795,Brescia v.Ziziola,Temperatura,2018-01,6.16,4458
6795,Brescia v.Ziziola,Temperatura,2018-02,4.40,4025
6795,Brescia v.Ziziola,Temperatura,2018-03,7.84,4464
6795,Brescia v.Ziziola,Temperatura,2018-04,16.87,4314
6795,Brescia v.Ziziola,Temperatura,2018-05,19.85,4460
6795,Brescia v.Ziziola,Temperatura,2018-06,24.24,4320
6795,Brescia v.Ziziola,Temperatura,2018-07,26.33,4462
6795,Brescia v.Ziziola,Temperatura,2018-08,26.39,4464
6795,Brescia v.Ziziola,Temperatura,2018-09,22.09,4320
6795,Brescia v.Ziziola,Temperatura,2018-10,16.94,4458
6795,Brescia v.Ziziola,Temperatura,2018-11,10.75,4320
6795,Brescia v.Ziziola,Temperatura,2018-12,3.57,4464
6795,Brescia v.Ziziola,Temperatura,2019-01,3.14,4464
6795,Brescia v.Ziziola,Temperatura,2019-02,7.19,4031
6795,Brescia v.Ziziola,Temperatura,2019-03,11.76,4464
6795,Brescia v.Ziziola,Temperatura,2019-04,14.01,4307
6795,Brescia v.Ziziola,Temperatura,2019-05,16.53,4464
6795,Brescia v.Ziziola,Temperatura,2019-06,27.95,4320
6795,Brescia v.Ziziola,Temperatura,2019-07,28.45,4464
6795,Brescia v.Ziziola,Temperatura,2019-08,27.54,4464
6795,Brescia v.Ziziola,Temperatura,2019-09,22.35,4320
6795,Brescia v.Ziziola,Temperatura,2019-10,17.89,4464
6795,Brescia v.Ziziola,Temperatura,2019-11,11.38,3905
6795,Brescia v.Ziziola,Temperatura,2019-12,7.25,4462
6795,Brescia v.Ziziola,Temperatura,2020-01,5.57,4464
6795,Brescia v.Ziziola,Temperatura,2020-02,9.48,4176
6795,Brescia v.Ziziola,Temperatura,2020-03,11.09,4464
6795,Brescia v.Ziziola,Temperatura,2020-04,16.64,4320
6795,Brescia v.Ziziola,Temperatura,2020-05,20.71,4464
6795,Brescia v.Ziziola,Temperatura,2020-06,22.97,4320
6795,Brescia v.Ziziola,Temperatura,2020-07,26.54,4464
6795,Brescia v.Ziziola,Temperatura,2020-08,25.99,4463
6795,Brescia v.Ziziola,Temperatura,2020-09,21.94,4319
6795,Brescia v.Ziziola,Temperatura,2020-10,13.96,4140
6795,Brescia v.Ziziola,Temperatura,2020-11,10.17,4320
6795,Brescia v.Ziziola,Temperatura,2020-12,5.53,4458
6795,Brescia v.Ziziola,Temperatura,2021-01,3.73,1
6795,Brescia v.Ziziola,Temperatura,2021-01,3.37,4463
6795,Brescia v.Ziziola,Temperatura,2021-02,8.74,4026
6795,Brescia v.Ziziola,Temperatura,2021-03,10.87,4464
6795,Brescia v.Ziziola,Temperatura,2021-04,13.07,4320
6795,Brescia v.Ziziola,Temperatura,2021-05,17.98,4464
6795,Brescia v.Ziziola,Temperatura,2021-06,25.77,4320
6795,Brescia v.Ziziola,Temperatura,2021-07,26.09,4464
6795,Brescia v.Ziziola,Temperatura,2021-08,25.58,4457
6795,Brescia v.Ziziola,Temperatura,2021-09,22.71,4318
6795,Brescia v.Ziziola,Temperatura,2021-10,15.00,4464
6795,Brescia v.Ziziola,Temperatura,2021-11,9.40,4318
6795,Brescia v.Ziziola,Temperatura,2021-12,4.06,4462
6795,Brescia v.Ziziola,Temperatura,2022-01,3.86,4457
6795,Brescia v.Ziziola,Temperatura,2022-02,7.67,4032
6795,Brescia v.Ziziola,Temperatura,2022-03,10.26,4460
6795,Brescia v.Ziziola,Temperatura,2022-04,13.99,4320
6795,Brescia v.Ziziola,Temperatura,2022-05,21.75,4461
6795,Brescia v.Ziziola,Temperatura,2022-06,26.75,4320
6795,Brescia v.Ziziola,Temperatura,2022-07,29.53,4462
6795,Brescia v.Ziziola,Temperatura,2022-08,26.88,4464
6795,Brescia v.Ziziola,Temperatura,2022-09,20.86,4320
6795,Brescia v.Ziziola,Temperatura,2022-10,18.50,4463
6795,Brescia v.Ziziola,Temperatura,2022-11,9.92,4319
6795,Brescia v.Ziziola,Temperatura,2022-12,5.86,4464
6795,Brescia v.Ziziola,Temperatura,2023-01,5.78,4461
6795,Brescia v.Ziziola,Temperatura,2023-02,7.12,4032
6795,Brescia v.Ziziola,Temperatura,2023-03,11.71,4455
6795,Brescia v.Ziziola,Temperatura,2023-04,14.11,4320
6795,Brescia v.Ziziola,Temperatura,2023-05,18.81,4464
6795,Brescia v.Ziziola,Temperatura,2023-06,24.67,4316
6795,Brescia v.Ziziola,Temperatura,2023-07,26.60,4461
6795,Brescia v.Ziziola,Temperatura,2023-08,27.17,2644
6795,Brescia v.Ziziola,Temperatura,2023-09,23.93,4320
6795,Brescia v.Ziziola,Temperatura,2023-10,18.80,4464
6795,Brescia v.Ziziola,Temperatura,2023-11,9.42,4320
6795,Brescia v.Ziziola,Temperatura,2023-12,7.04,4464
6795,Brescia v.Ziziola,Temperatura,2024-01,4.89,4461
6795,Brescia v.Ziziola,Temperatura,2024-02,9.94,4176
6795,Brescia v.Ziziola,Temperatura,2024-03,12.41,4464
6795,Brescia v.Ziziola,Temperatura,2024-04,15.42,4320
6795,Brescia v.Ziziola,Temperatura,2024-05,19.14,4461
6795,Brescia v.Ziziola,Temperatura,2024-06,23.65,4320
6795,Brescia v.Ziziola,Temperatura,2024-07,28.64,4464
6795,Brescia v.Ziziola,Temperatura,2024-08,28.90,4464
6795,Brescia v.Ziziola,Temperatura,2024-09,21.36,4317
6795,Brescia v.Ziziola,Temperatura,2024-10,16.92,4463
6795,Brescia v.Ziziola,Temperatura,2024-11,8.87,4311
6795,Brescia v.Ziziola,Temperatura,2024-12,4.96,4464
6795,Brescia v.Ziziola,Temperatura,2025-01,5.98,4443
6795,Brescia v.Ziziola,Temperatura,2025-02,7.64,4032
6795,Brescia v.Ziziola,Temperatura,2025-03,11.87,4456
6795,Brescia v.Ziziola,Temperatura,2025-04,16.54,4320
6795,Brescia v.Ziziola,Temperatura,2025-05,19.96,4464
6795,Brescia v.Ziziola,Temperatura,2025-06,27.93,4316
6795,Brescia v.Ziziola,Temperatura,2025-07,26.36,4462
6795,Brescia v.Ziziola,Temperatura,2025-08,26.26,4463
6795,Brescia v.Ziziola,Temperatura,2025-09,21.57,4320
6795,Brescia v.Ziziola,Temperatura,2025-10,15.24,4461
6795,Brescia v.Ziziola,Temperatura,2025-11,9.22,4316
6795,Brescia v.Ziziola,Temperatura,2025-12,7.15,4459
6795,Brescia v.Ziziola,Temperatura,2026-01,3.89,4464
6795,Brescia v.Ziziola,Temperatura,2026-02,9.23,4030
6795,Brescia v.Ziziola,Temperatura,2026-03,12.65,1
6823,Gambara v.Parma,Temperatura,1990-01,-3.08,373
6823,Gambara v.Parma,Temperatura,1990-02,9.36,328
6823,Gambara v.Parma,Temperatura,1990-03,9.76,635
6823,Gambara v.Parma,Temperatura,1990-04,11.28,655
6823,Gambara v.Parma,Temperatura,1990-05,19.54,511
6823,Gambara v.Parma,Temperatura,1990-06,21.36,693
6823,Gambara v.Parma,Temperatura,1990-07,24.01,742
6823,Gambara v.Parma,Temperatura,1990-08,23.48,740
6823,Gambara v.Parma,Temperatura,1990-09,18.74,708
6823,Gambara v.Parma,Temperatura,1990-10,14.63,740
6823,Gambara v.Parma,Temperatura,1990-11,6.28,692
6823,Gambara v.Parma,Temperatura,1990-12,1.03,739
6823,Gambara v.Parma,Temperatura,1991-01,1.79,728
6823,Gambara v.Parma,Temperatura,1991-02,0.41,667
6823,Gambara v.Parma,Temperatura,1991-03,11.18,690
6823,Gambara v.Parma,Temperatura,1991-04,11.73,719
6823,Gambara v.Parma,Temperatura,1991-05,15.26,743
6823,Gambara v.Parma,Temperatura,1991-06,21.85,716
6823,Gambara v.Parma,Temperatura,1991-07,26.01,715
6823,Gambara v.Parma,Temperatura,1991-08,24.92,742
6823,Gambara v.Parma,Temperatura,1991-09,21.06,671
6823,Gambara v.Parma,Temperatura,1991-10,12.25,744
6823,Gambara v.Parma,Temperatura,1991-11,6.10,720
6823,Gambara v.Parma,Temperatura,1991-12,-0.44,425
6823,Gambara v.Parma,Temperatura,1992-01,9.66,360
6823,Gambara v.Parma,Temperatura,1992-02,3.83,670
6823,Gambara v.Parma,Temperatura,1992-03,8.44,711
6823,Gambara v.Parma,Temperatura,1992-04,12.60,713
6823,Gambara v.Parma,Temperatura,1992-05,19.37,727
6823,Gambara v.Parma,Temperatura,1992-06,20.22,708
6823,Gambara v.Parma,Temperatura,1992-07,17.56,7
6823,Gambara v.Parma,Temperatura,1992-08,25.94,621
6823,Gambara v.Parma,Temperatura,1992-09,19.79,650
6823,Gambara v.Parma,Temperatura,1992-10,12.52,479
6823,Gambara v.Parma,Temperatura,1992-11,8.01,706
6823,Gambara v.Parma,Temperatura,1992-12,3.89,738
6823,Gambara v.Parma,Temperatura,1993-01,2.60,720
6823,Gambara v.Parma,Temperatura,1993-02,3.56,660
6823,Gambara v.Parma,Temperatura,1993-03,7.78,363
6823,Gambara v.Parma,Temperatura,1993-04,13.84,615
6823,Gambara v.Parma,Temperatura,1993-05,20.79,609
6823,Gambara v.Parma,Temperatura,1993-06,23.67,700
6823,Gambara v.Parma,Temperatura,1993-07,24.23,738
6823,Gambara v.Parma,Temperatura,1993-08,25.67,736
6823,Gambara v.Parma,Temperatura,1993-09,19.06,704
6823,Gambara v.Parma,Temperatura,1993-10,13.81,740
6823,Gambara v.Parma,Temperatura,1993-11,6.86,720
6823,Gambara v.Parma,Temperatura,1993-12,3.97,740
6823,Gambara v.Parma,Temperatura,1994-01,4.95,738
6823,Gambara v.Parma,Temperatura,1994-02,4.53,664
6823,Gambara v.Parma,Temperatura,1994-03,12.58,738
6823,Gambara v.Parma,Temperatura,1994-04,12.74,715
6823,Gambara v.Parma,Temperatura,1994-05,19.01,738
6823,Gambara v.Parma,Temperatura,1994-06,22.67,713
6823,Gambara v.Parma,Temperatura,1994-07,27.02,737
6823,Gambara v.Parma,Temperatura,1994-08,25.99,743
6823,Gambara v.Parma,Temperatura,1994-09,19.18,708
6823,Gambara v.Parma,Temperatura,1994-10,12.69,718
6823,Gambara v.Parma,Temperatura,1994-11,9.63,669
6823,Gambara v.Parma,Temperatura,1994-12,5.59,611
6823,Gambara v.Parma,Temperatura,1995-01,1.38,708
6823,Gambara v.Parma,Temperatura,1995-02,5.51,644
6823,Gambara v.Parma,Temperatura,1995-03,8.10,740
6823,Gambara v.Parma,Temperatura,1995-04,13.32,700
6823,Gambara v.Parma,Temperatura,1995-05,17.98,707
6823,Gambara v.Parma,Temperatura,1995-06,19.92,651
6823,Gambara v.Parma,Temperatura,1995-07,26.61,701
6823,Gambara v.Parma,Temperatura,1995-08,22.09,644
6823,Gambara v.Parma,Temperatura,1995-09,18.23,694
6823,Gambara v.Parma,Temperatura,1995-10,14.89,735
6823,Gambara v.Parma,Temperatura,1995-11,9.65,635
6823,Gambara v.Parma,Temperatura,1995-12,5.92,648
6823,Gambara v.Parma,Temperatura,1996-01,5.09,643
6823,Gambara v.Parma,Temperatura,1996-02,5.26,677
6823,Gambara v.Parma,Temperatura,1996-03,9.05,682
6823,Gambara v.Parma,Temperatura,1996-04,13.94,718
6823,Gambara v.Parma,Temperatura,1996-05,17.72,741
6823,Gambara v.Parma,Temperatura,1996-06,21.32,661
6823,Gambara v.Parma,Temperatura,1996-07,23.90,602
6823,Gambara v.Parma,Temperatura,1996-08,23.63,602
6823,Gambara v.Parma,Temperatura,1996-09,18.05,715
6823,Gambara v.Parma,Temperatura,1996-10,14.51,579
6823,Gambara v.Parma,Temperatura,1996-11,10.14,643
6823,Gambara v.Parma,Temperatura,1996-12,5.61,637
6823,Gambara v.Parma,Temperatura,1997-01,4.49,685
6823,Gambara v.Parma,Temperatura,1997-02,4.31,668
6823,Gambara v.Parma,Temperatura,1997-03,9.79,737
6823,Gambara v.Parma,Temperatura,1997-04,12.96,693
6823,Gambara v.Parma,Temperatura,1997-05,19.29,717
6823,Gambara v.Parma,Temperatura,1997-06,21.55,714
6823,Gambara v.Parma,Temperatura,1997-07,23.70,624
6823,Gambara v.Parma,Temperatura,1997-08,24.16,609
6823,Gambara v.Parma,Temperatura,1997-09,20.97,712
6823,Gambara v.Parma,Temperatura,1997-10,14.26,733
6823,Gambara v.Parma,Temperatura,1997-11,8.29,717
6823,Gambara v.Parma,Temperatura,1997-12,4.05,741
6823,Gambara v.Parma,Temperatura,1998-01,3.71,717
6823,Gambara v.Parma,Temperatura,1998-02,7.89,541
6823,Gambara v.Parma,Temperatura,1998-03,8.96,706
6823,Gambara v.Parma,Temperatura,1998-04,12.69,716
6823,Gambara v.Parma,Temperatura,1998-05,19.02,739
6823,Gambara v.Parma,Temperatura,1998-06,23.52,718
6823,Gambara v.Parma,Temperatura,1998-07,25.29,668
6823,Gambara v.Parma,Temperatura,1998-08,25.75,592
6823,Gambara v.Parma,Temperatura,1998-09,18.18,695
6823,Gambara v.Parma,Temperatura,1998-10,14.80,741
6823,Gambara v.Parma,Temperatura,1998-11,6.55,669
6823,Gambara v.Parma,Temperatura,1998-12,1.20,742
6823,Gambara v.Parma,Temperatura,1999-01,2.54,743
6823,Gambara v.Parma,Temperatura,1999-02,3.96,668
6823,Gambara v.Parma,Temperatura,1999-03,8.95,695
6823,Gambara v.Parma,Temperatura,1999-04,12.93,593
6823,Gambara v.Parma,Temperatura,1999-05,18.28,552
6823,Gambara v.Parma,Temperatura,1999-06,21.20,691
6823,Gambara v.Parma,Temperatura,1999-07,24.25,744
6823,Gambara v.Parma,Temperatura,1999-08,23.19,743
6823,Gambara v.Parma,Temperatura,1999-09,20.21,718
6823,Gambara v.Parma,Temperatura,1999-10,13.95,743
6823,Gambara v.Parma,Temperatura,1999-11,6.54,692
6823,Gambara v.Parma,Temperatura,1999-12,2.13,744
6823,Gambara v.Parma,Temperatura,2000-01,3.56,417
6823,Gambara v.Parma,Temperatura,2000-02,6.10,616
6823,Gambara v.Parma,Temperatura,2000-03,9.94,629
6823,Gambara v.Parma,Temperatura,2000-04,13.56,570
6823,Gambara v.Parma,Temperatura,2000-05,20.30,703
6823,Gambara v.Parma,Temperatura,2000-06,23.16,675
6823,Gambara v.Parma,Temperatura,2000-07,22.79,724
6823,Gambara v.Parma,Temperatura,2000-08,24.24,744
6823,Gambara v.Parma,Temperatura,2000-09,19.81,720
6823,Gambara v.Parma,Temperatura,2000-10,14.94,742
6823,Gambara v.Parma,Temperatura,2000-11,9.38,720
6823,Gambara v.Parma,Temperatura,2000-12,5.84,742
6823,Gambara v.Parma,Temperatura,2001-01,4.34,743
6823,Gambara v.Parma,Temperatura,2001-02,6.04,672
6823,Gambara v.Parma,Temperatura,2001-03,10.63,743
6823,Gambara v.Parma,Temperatura,2001-04,12.88,719
6823,Gambara v.Parma,Temperatura,2001-05,20.21,744
6823,Gambara v.Parma,Temperatura,2001-06,22.09,720
6823,Gambara v.Parma,Temperatura,2001-07,24.42,744
6823,Gambara v.Parma,Temperatura,2001-08,25.40,744
6823,Gambara v.Parma,Temperatura,2001-09,16.90,524
6823,Gambara v.Parma,Temperatura,2001-10,16.22,744
6823,Gambara v.Parma,Temperatura,2001-11,7.01,720
6823,Gambara v.Parma,Temperatura,2001-12,1.84,735
6823,Gambara v.Parma,Temperatura,2002-01,1.11,737
6823,Gambara v.Parma,Temperatura,2002-02,6.59,670
6823,Gambara v.Parma,Temperatura,2002-03,11.43,742
6823,Gambara v.Parma,Temperatura,2002-04,13.55,717
6823,Gambara v.Parma,Temperatura,2002-05,18.68,742
6823,Gambara v.Parma,Temperatura,2002-06,24.16,720
6823,Gambara v.Parma,Temperatura,2002-07,24.04,740
6823,Gambara v.Parma,Temperatura,2002-08,23.16,744
6823,Gambara v.Parma,Temperatura,2002-09,18.97,720
6823,Gambara v.Parma,Temperatura,2002-10,14.13,744
6823,Gambara v.Parma,Temperatura,2002-11,10.70,720
6823,Gambara v.Parma,Temperatura,2002-12,5.52,744
6823,Gambara v.Parma,Temperatura,2003-01,3.95,743
6823,Gambara v.Parma,Temperatura,2003-02,4.39,509
6823,Gambara v.Parma,Temperatura,2003-03,9.38,707
6823,Gambara v.Parma,Temperatura,2003-04,13.34,652
6823,Gambara v.Parma,Temperatura,2003-05,22.78,594
6823,Gambara v.Parma,Temperatura,2003-06,28.30,514
6823,Gambara v.Parma,Temperatura,2003-07,27.79,628
6823,Gambara v.Parma,Temperatura,2003-08,30.84,265
6823,Gambara v.Parma,Temperatura,2003-09,20.86,565
6823,Gambara v.Parma,Temperatura,2003-10,12.34,625
6823,Gambara v.Parma,Temperatura,2003-11,10.95,682
6823,Gambara v.Parma,Temperatura,2003-12,6.61,744
6823,Gambara v.Parma,Temperatura,2004-01,4.56,744
6823,Gambara v.Parma,Temperatura,2004-02,5.55,695
6823,Gambara v.Parma,Temperatura,2004-03,9.80,744
6823,Gambara v.Parma,Temperatura,2004-04,14.93,718
6823,Gambara v.Parma,Temperatura,2004-05,18.78,744
6823,Gambara v.Parma,Temperatura,2004-06,24.37,720
6823,Gambara v.Parma,Temperatura,2004-07,25.89,727
6823,Gambara v.Parma,Temperatura,2004-08,41.04,643
6823,Gambara v.Parma,Temperatura,2004-09,20.31,665
6823,Gambara v.Parma,Temperatura,2004-10,17.10,743
6823,Gambara v.Parma,Temperatura,2004-11,10.66,719
6823,Gambara v.Parma,Temperatura,2004-12,7.57,743
6823,Gambara v.Parma,Temperatura,2005-01,3.90,670
6823,Gambara v.Parma,Temperatura,2005-02,0.94,653
6823,Gambara v.Parma,Temperatura,2005-03,6.78,738
6823,Gambara v.Parma,Temperatura,2005-04,10.53,720
6823,Gambara v.Parma,Temperatura,2005-05,17.18,743
6823,Gambara v.Parma,Temperatura,2005-06,21.47,718
6823,Gambara v.Parma,Temperatura,2005-07,22.55,739
6823,Gambara v.Parma,Temperatura,2005-08,19.37,743
6823,Gambara v.Parma,Temperatura,2005-09,17.56,719
6823,Gambara v.Parma,Temperatura,2005-10,11.66,744
6823,Gambara v.Parma,Temperatura,2005-11,5.93,719
6823,Gambara v.Parma,Temperatura,2005-12,-0.02,744
6823,Gambara v.Parma,Temperatura,2006-01,-0.87,743
6823,Gambara v.Parma,Temperatura,2006-02,2.46,671
6823,Gambara v.Parma,Temperatura,2006-03,6.25,741
6823,Gambara v.Parma,Temperatura,2006-04,11.92,719
6823,Gambara v.Parma,Temperatura,2006-05,16.50,741
6823,Gambara v.Parma,Temperatura,2006-06,21.02,714
6823,Gambara v.Parma,Temperatura,2006-07,24.19,743
6823,Gambara v.Parma,Temperatura,2006-08,19.15,685
6823,Gambara v.Parma,Temperatura,2006-09,18.35,713
6823,Gambara v.Parma,Temperatura,2006-10,13.48,742
6823,Gambara v.Parma,Temperatura,2006-11,7.13,720
6823,Gambara v.Parma,Temperatura,2006-12,3.37,737
6823,Gambara v.Parma,Temperatura,2007-01,4.45,733
6823,Gambara v.Parma,Temperatura,2007-02,7.02,648
6823,Gambara v.Parma,Temperatura,2007-03,10.93,716
6823,Gambara v.Parma,Temperatura,2007-04,17.28,719
6823,Gambara v.Parma,Temperatura,2007-05,20.74,662
6823,Gambara v.Parma,Temperatura,2007-06,21.62,716
6823,Gambara v.Parma,Temperatura,2007-07,23.52,744
6823,Gambara v.Parma,Temperatura,2007-08,21.18,742
6823,Gambara v.Parma,Temperatura,2007-09,16.15,716
6823,Gambara v.Parma,Temperatura,2007-10,10.24,729
6823,Gambara v.Parma,Temperatura,2007-11,4.53,720
6823,Gambara v.Parma,Temperatura,2007-12,2.18,741
6823,Gambara v.Parma,Temperatura,2008-01,4.30,740
6823,Gambara v.Parma,Temperatura,2008-02,5.29,696
6823,Gambara v.Parma,Temperatura,2008-03,9.62,742
6823,Gambara v.Parma,Temperatura,2008-04,12.95,719
6823,Gambara v.Parma,Temperatura,2008-05,18.85,674
6823,Gambara v.Parma,Temperatura,2008-06,21.85,708
6823,Gambara v.Parma,Temperatura,2008-07,24.06,687
6823,Gambara v.Parma,Temperatura,2008-08,24.14,744
6823,Gambara v.Parma,Temperatura,2008-09,18.32,720
6823,Gambara v.Parma,Temperatura,2008-10,14.85,744
6823,Gambara v.Parma,Temperatura,2008-11,8.48,718
6823,Gambara v.Parma,Temperatura,2008-12,3.30,744
6823,Gambara v.Parma,Temperatura,2009-01,0.37,684
6823,Gambara v.Parma,Temperatura,2009-02,4.69,632
6823,Gambara v.Parma,Temperatura,2009-03,9.40,721
6823,Gambara v.Parma,Temperatura,2009-04,14.13,702
6823,Gambara v.Parma,Temperatura,2009-05,20.77,744
6823,Gambara v.Parma,Temperatura,2009-06,22.58,693
6823,Gambara v.Parma,Temperatura,2009-07,25.26,631
6823,Gambara v.Parma,Temperatura,2009-08,26.59,730
6823,Gambara v.Parma,Temperatura,2009-09,21.48,720
6823,Gambara v.Parma,Temperatura,2009-10,14.42,744
6823,Gambara v.Parma,Temperatura,2009-11,10.00,720
6823,Gambara v.Parma,Temperatura,2009-12,2.69,743
6823,Gambara v.Parma,Temperatura,2010-01,1.75,744
6823,Gambara v.Parma,Temperatura,2010-02,4.86,671
6823,Gambara v.Parma,Temperatura,2010-03,8.67,726
6823,Gambara v.Parma,Temperatura,2010-04,14.47,720
6823,Gambara v.Parma,Temperatura,2010-05,18.47,722
6823,Gambara v.Parma,Temperatura,2010-06,23.44,719
6823,Gambara v.Parma,Temperatura,2010-07,26.63,723
6823,Gambara v.Parma,Temperatura,2010-08,23.81,742
6823,Gambara v.Parma,Temperatura,2010-09,18.92,720
6823,Gambara v.Parma,Temperatura,2010-10,12.75,744
6823,Gambara v.Parma,Temperatura,2010-11,9.29,719
6823,Gambara v.Parma,Temperatura,2010-12,1.59,715
6823,Gambara v.Parma,Temperatura,2011-01,-0.63,1
6823,Gambara v.Parma,Temperatura,2011-01,2.58,743
6823,Gambara v.Parma,Temperatura,2011-02,5.31,661
6823,Gambara v.Parma,Temperatura,2011-03,9.99,744
6823,Gambara v.Parma,Temperatura,2011-04,16.94,720
6823,Gambara v.Parma,Temperatura,2011-05,20.72,744
6823,Gambara v.Parma,Temperatura,2011-06,22.59,718
6823,Gambara v.Parma,Temperatura,2011-07,24.31,698
6823,Gambara v.Parma,Temperatura,2011-08,26.01,739
6823,Gambara v.Parma,Temperatura,2011-09,22.75,673
6823,Gambara v.Parma,Temperatura,2011-10,12.91,744
6823,Gambara v.Parma,Temperatura,2011-11,6.69,677
6823,Gambara v.Parma,Temperatura,2011-12,3.48,724
6823,Gambara v.Parma,Temperatura,2012-01,1.06,743
6823,Gambara v.Parma,Temperatura,2012-02,1.39,696
6823,Gambara v.Parma,Temperatura,2012-03,11.95,675
6823,Gambara v.Parma,Temperatura,2012-04,12.36,720
6823,Gambara v.Parma,Temperatura,2012-05,18.01,742
6823,Gambara v.Parma,Temperatura,2012-06,23.64,709
6823,Gambara v.Parma,Temperatura,2012-07,25.15,743
6823,Gambara v.Parma,Temperatura,2012-08,25.83,744
6823,Gambara v.Parma,Temperatura,2012-09,19.28,719
6823,Gambara v.Parma,Temperatura,2012-10,14.36,744
6823,Gambara v.Parma,Temperatura,2012-11,9.46,684
6823,Gambara v.Parma,Temperatura,2012-12,1.28,742
6823,Gambara v.Parma,Temperatura,2013-01,2.83,739
6823,Gambara v.Parma,Temperatura,2013-02,2.64,655
6823,Gambara v.Parma,Temperatura,2013-03,6.86,726
6823,Gambara v.Parma,Temperatura,2013-04,13.17,710
6823,Gambara v.Parma,Temperatura,2013-05,16.27,734
6823,Gambara v.Parma,Temperatura,2013-06,22.62,660
6823,Gambara v.Parma,Temperatura,2013-07,25.56,728
6823,Gambara v.Parma,Temperatura,2013-08,23.56,736
6823,Gambara v.Parma,Temperatura,2013-09,19.56,719
6823,Gambara v.Parma,Temperatura,2013-10,14.77,712
6823,Gambara v.Parma,Temperatura,2013-11,9.00,690
6823,Gambara v.Parma,Temperatura,2013-12,3.89,3132
6823,Gambara v.Parma,Temperatura,2014-01,5.61,4180
6823,Gambara v.Parma,Temperatura,2014-02,7.44,4032
6823,Gambara v.Parma,Temperatura,2014-03,11.00,4461
6823,Gambara v.Parma,Temperatura,2014-04,14.83,4320
6823,Gambara v.Parma,Temperatura,2014-05,18.10,4459
6823,Gambara v.Parma,Temperatura,2014-06,22.74,4172
6823,Gambara v.Parma,Temperatura,2014-07,22.05,3961
6823,Gambara v.Parma,Temperatura,2014-08,21.84,4461
6823,Gambara v.Parma,Temperatura,2014-09,19.24,4136
6823,Gambara v.Parma,Temperatura,2014-10,15.55,4460
6823,Gambara v.Parma,Temperatura,2014-11,10.84,4316
6823,Gambara v.Parma,Temperatura,2014-12,5.16,4374
6823,Gambara v.Parma,Temperatura,2015-01,3.66,4461
6823,Gambara v.Parma,Temperatura,2015-02,4.32,3586
6823,Gambara v.Parma,Temperatura,2015-03,9.55,4463
6823,Gambara v.Parma,Temperatura,2015-04,14.06,4320
6823,Gambara v.Parma,Temperatura,2015-05,19.25,4464
6823,Gambara v.Parma,Temperatura,2015-06,23.68,4096
6823,Gambara v.Parma,Temperatura,2015-07,27.93,4389
6823,Gambara v.Parma,Temperatura,2015-08,24.57,4080
6823,Gambara v.Parma,Temperatura,2015-09,19.42,4101
6823,Gambara v.Parma,Temperatura,2015-10,13.79,4219
6823,Gambara v.Parma,Temperatura,2015-11,8.38,4201
6823,Gambara v.Parma,Temperatura,2015-12,4.10,4327
6823,Gambara v.Parma,Temperatura,2016-01,3.13,4346
6823,Gambara v.Parma,Temperatura,2016-02,6.86,4166
6823,Gambara v.Parma,Temperatura,2016-03,9.78,4462
6823,Gambara v.Parma,Temperatura,2016-04,14.80,4320
6823,Gambara v.Parma,Temperatura,2016-05,17.16,4455
6823,Gambara v.Parma,Temperatura,2016-06,22.08,4314
6823,Gambara v.Parma,Temperatura,2016-07,25.71,4461
6823,Gambara v.Parma,Temperatura,2016-08,23.51,4463
6823,Gambara v.Parma,Temperatura,2016-09,21.19,4320
6823,Gambara v.Parma,Temperatura,2016-10,13.14,4242
6823,Gambara v.Parma,Temperatura,2016-11,8.72,4320
6823,Gambara v.Parma,Temperatura,2016-12,3.05,4464
6823,Gambara v.Parma,Temperatura,2017-01,0.81,4464
6823,Gambara v.Parma,Temperatura,2017-02,6.32,3762
6823,Gambara v.Parma,Temperatura,2017-03,12.04,4247
6823,Gambara v.Parma,Temperatura,2017-04,14.55,4320
6823,Gambara v.Parma,Temperatura,2017-05,19.09,4443
6823,Gambara v.Parma,Temperatura,2017-06,24.68,4319
6823,Gambara v.Parma,Temperatura,2017-07,25.35,4463
6823,Gambara v.Parma,Temperatura,2017-08,25.59,4440
6823,Gambara v.Parma,Temperatura,2017-09,17.86,4319
6823,Gambara v.Parma,Temperatura,2017-10,14.40,4457
6823,Gambara v.Parma,Temperatura,2017-11,7.80,4320
6823,Gambara v.Parma,Temperatura,2017-12,2.28,4326
6823,Gambara v.Parma,Temperatura,2018-01,5.30,4463
6823,Gambara v.Parma,Temperatura,2018-02,3.65,4032
6823,Gambara v.Parma,Temperatura,2018-03,7.12,4464
6823,Gambara v.Parma,Temperatura,2018-04,16.01,4320
6823,Gambara v.Parma,Temperatura,2018-05,19.33,4464
6823,Gambara v.Parma,Temperatura,2018-06,23.74,4316
6823,Gambara v.Parma,Temperatura,2018-07,25.62,3893
6823,Gambara v.Parma,Temperatura,2018-08,25.39,4458
6823,Gambara v.Parma,Temperatura,2018-09,21.00,4289
6823,Gambara v.Parma,Temperatura,2018-10,15.70,4458
6823,Gambara v.Parma,Temperatura,2018-11,10.25,4320
6823,Gambara v.Parma,Temperatura,2018-12,3.00,4463
6823,Gambara v.Parma,Temperatura,2019-01,1.88,4459
6823,Gambara v.Parma,Temperatura,2019-02,6.54,3480
6823,Gambara v.Parma,Temperatura,2019-03,10.47,4464
6823,Gambara v.Parma,Temperatura,2019-04,13.37,3911
6823,Gambara v.Parma,Temperatura,2019-05,14.69,4043
6823,Gambara v.Parma,Temperatura,2019-06,25.40,4069
6823,Gambara v.Parma,Temperatura,2019-07,25.39,4462
6823,Gambara v.Parma,Temperatura,2019-08,24.74,4323
6823,Gambara v.Parma,Temperatura,2019-09,19.35,4121
6823,Gambara v.Parma,Temperatura,2019-10,15.50,4463
6823,Gambara v.Parma,Temperatura,2019-11,9.30,4187
6823,Gambara v.Parma,Temperatura,2019-12,5.23,4459
6823,Gambara v.Parma,Temperatura,2020-01,3.36,4464
6823,Gambara v.Parma,Temperatura,2020-02,7.66,4176
6823,Gambara v.Parma,Temperatura,2020-03,9.02,4464
6823,Gambara v.Parma,Temperatura,2020-04,14.63,4320
6823,Gambara v.Parma,Temperatura,2020-05,18.92,4463
6823,Gambara v.Parma,Temperatura,2020-06,21.91,4316
6823,Gambara v.Parma,Temperatura,2020-07,24.60,4460
6823,Gambara v.Parma,Temperatura,2020-08,24.83,4264
6823,Gambara v.Parma,Temperatura,2020-09,20.33,4313
6823,Gambara v.Parma,Temperatura,2020-10,13.00,4463
6823,Gambara v.Parma,Temperatura,2020-11,8.56,4301
6823,Gambara v.Parma,Temperatura,2020-12,4.41,4458
6823,Gambara v.Parma,Temperatura,2021-01,1.49,1
6823,Gambara v.Parma,Temperatura,2021-01,2.37,4463
6823,Gambara v.Parma,Temperatura,2021-02,7.02,4029
6823,Gambara v.Parma,Temperatura,2021-03,9.27,4464
6823,Gambara v.Parma,Temperatura,2021-04,11.97,4271
6823,Gambara v.Parma,Temperatura,2021-05,16.79,4464
6823,Gambara v.Parma,Temperatura,2021-06,24.38,4319
6823,Gambara v.Parma,Temperatura,2021-07,24.49,4332
6823,Gambara v.Parma,Temperatura,2021-08,23.66,4459
6823,Gambara v.Parma,Temperatura,2021-09,20.50,4318
6823,Gambara v.Parma,Temperatura,2021-10,13.13,4464
6823,Gambara v.Parma,Temperatura,2021-11,8.56,4241
6823,Gambara v.Parma,Temperatura,2021-12,2.60,4342
6823,Gambara v.Parma,Temperatura,2022-01,2.34,4313
6823,Gambara v.Parma,Temperatura,2022-02,7.02,3324
6823,Gambara v.Parma,Temperatura,2022-03,8.61,4394
6823,Gambara v.Parma,Temperatura,2022-04,12.82,4314
6823,Gambara v.Parma,Temperatura,2022-05,20.58,4422
6823,Gambara v.Parma,Temperatura,2022-06,25.17,4306
6823,Gambara v.Parma,Temperatura,2022-07,27.01,4447
6823,Gambara v.Parma,Temperatura,2022-08,25.16,4453
6823,Gambara v.Parma,Temperatura,2022-09,19.60,4188
6823,Gambara v.Parma,Temperatura,2022-10,17.26,4456
6823,Gambara v.Parma,Temperatura,2022-11,9.15,4311
6823,Gambara v.Parma,Temperatura,2022-12,5.46,3782
6823,Gambara v.Parma,Temperatura,2023-01,5.81,2981
6823,Gambara v.Parma,Temperatura,2023-03,11.75,3220
6823,Gambara v.Parma,Temperatura,2023-04,12.94,4308
6823,Gambara v.Parma,Temperatura,2023-05,17.99,4453
6823,Gambara v.Parma,Temperatura,2023-06,23.33,4308
6823,Gambara v.Parma,Temperatura,2023-07,24.89,2671
6823,Gambara v.Parma,Temperatura,2023-08,26.80,2662
6823,Gambara v.Parma,Temperatura,2023-09,20.47,2360
6823,Gambara v.Parma,Temperatura,2023-10,17.05,4309
6823,Gambara v.Parma,Temperatura,2023-11,8.17,4200
6823,Gambara v.Parma,Temperatura,2023-12,5.12,4375
6823,Gambara v.Parma,Temperatura,2024-01,3.30,4442
6823,Gambara v.Parma,Temperatura,2024-02,8.11,4167
6823,Gambara v.Parma,Temperatura,2024-03,11.27,4052
6823,Gambara v.Parma,Temperatura,2024-04,13.79,4312
6823,Gambara v.Parma,Temperatura,2024-05,17.67,4346
6823,Gambara v.Parma,Temperatura,2024-06,22.38,4312
6823,Gambara v.Parma,Temperatura,2024-07,26.80,4455
6823,Gambara v.Parma,Temperatura,2024-08,26.62,4440
6823,Gambara v.Parma,Temperatura,2024-09,19.40,4312
6823,Gambara v.Parma,Temperatura,2024-10,15.39,4454
6823,Gambara v.Parma,Temperatura,2024-11,7.20,4304
6823,Gambara v.Parma,Temperatura,2024-12,3.42,4441
6823,Gambara v.Parma,Temperatura,2025-01,4.59,4425
6823,Gambara v.Parma,Temperatura,2025-02,6.44,3583
6823,Gambara v.Parma,Temperatura,2025-03,10.31,4453
6823,Gambara v.Parma,Temperatura,2025-04,14.71,4312
6823,Gambara v.Parma,Temperatura,2025-05,18.55,4455
6823,Gambara v.Parma,Temperatura,2025-06,26.45,4300
6823,Gambara v.Parma,Temperatura,2025-07,25.12,4455
6823,Gambara v.Parma,Temperatura,2025-08,24.61,4447
6823,Gambara v.Parma,Temperatura,2025-09,20.37,4313
6823,Gambara v.Parma,Temperatura,2025-10,13.88,4454
6823,Gambara v.Parma,Temperatura,2025-11,8.23,4304
6823,Gambara v.Parma,Temperatura,2025-12,6.41,3833
6823,Gambara v.Parma,Temperatura,2026-01,3.36,4082
6823,Gambara v.Parma,Temperatura,2026-02,7.80,4017
6823,Gambara v.Parma,Temperatura,2026-03,8.99,1
6834,Lonato del Garda v.del Marchesino,Temperatura,1990-01,1.36,666
6834,Lonato del Garda v.del Marchesino,Temperatura,1990-02,11.79,332
6834,Lonato del Garda v.del Marchesino,Temperatura,1990-03,11.49,693
6834,Lonato del Garda v.del Marchesino,Temperatura,1990-04,12.42,597
6834,Lonato del Garda v.del Marchesino,Temperatura,1990-05,21.91,583
6834,Lonato del Garda v.del Marchesino,Temperatura,1990-06,24.89,649
6834,Lonato del Garda v.del Marchesino,Temperatura,1990-07,25.72,742
6834,Lonato del Garda v.del Marchesino,Temperatura,1990-08,28.89,729
6834,Lonato del Garda v.del Marchesino,Temperatura,1990-09,20.54,669
6834,Lonato del Garda v.del Marchesino,Temperatura,1990-10,16.99,591
6834,Lonato del Garda v.del Marchesino,Temperatura,1990-12,2.48,263
6834,Lonato del Garda v.del Marchesino,Temperatura,1991-01,3.97,694
6834,Lonato del Garda v.del Marchesino,Temperatura,1991-02,3.31,643
6834,Lonato del Garda v.del Marchesino,Temperatura,1991-03,12.10,633
6834,Lonato del Garda v.del Marchesino,Temperatura,1991-04,12.87,689
6834,Lonato del Garda v.del Marchesino,Temperatura,1991-05,16.07,703
6834,Lonato del Garda v.del Marchesino,Temperatura,1991-06,22.54,720
6834,Lonato del Garda v.del Marchesino,Temperatura,1991-07,27.35,680
6834,Lonato del Garda v.del Marchesino,Temperatura,1991-08,28.14,485
6834,Lonato del Garda v.del Marchesino,Temperatura,1991-09,22.87,680
6834,Lonato del Garda v.del Marchesino,Temperatura,1991-10,13.78,743
6834,Lonato del Garda v.del Marchesino,Temperatura,1991-11,8.10,710
6834,Lonato del Garda v.del Marchesino,Temperatura,1991-12,2.74,739
6834,Lonato del Garda v.del Marchesino,Temperatura,1992-01,4.61,446
6834,Lonato del Garda v.del Marchesino,Temperatura,1992-02,5.87,679
6834,Lonato del Garda v.del Marchesino,Temperatura,1992-03,10.23,636
6834,Lonato del Garda v.del Marchesino,Temperatura,1992-04,13.44,719
6834,Lonato del Garda v.del Marchesino,Temperatura,1992-05,20.44,742
6834,Lonato del Garda v.del Marchesino,Temperatura,1992-06,20.91,716
6834,Lonato del Garda v.del Marchesino,Temperatura,1992-07,25.27,691
6834,Lonato del Garda v.del Marchesino,Temperatura,1992-08,27.47,636
6834,Lonato del Garda v.del Marchesino,Temperatura,1992-09,15.12,642
6834,Lonato del Garda v.del Marchesino,Temperatura,1992-10,10.77,735
6834,Lonato del Garda v.del Marchesino,Temperatura,1992-11,6.42,715
6834,Lonato del Garda v.del Marchesino,Temperatura,1992-12,4.38,714
6834,Lonato del Garda v.del Marchesino,Temperatura,1993-01,3.71,736
6834,Lonato del Garda v.del Marchesino,Temperatura,1993-02,5.61,670
6834,Lonato del Garda v.del Marchesino,Temperatura,1993-03,9.46,695
6834,Lonato del Garda v.del Marchesino,Temperatura,1993-04,14.02,683
6834,Lonato del Garda v.del Marchesino,Temperatura,1993-05,20.60,711
6834,Lonato del Garda v.del Marchesino,Temperatura,1993-06,23.90,716
6834,Lonato del Garda v.del Marchesino,Temperatura,1993-07,24.50,741
6834,Lonato del Garda v.del Marchesino,Temperatura,1993-08,26.74,666
6834,Lonato del Garda v.del Marchesino,Temperatura,1993-09,19.88,655
6834,Lonato del Garda v.del Marchesino,Temperatura,1993-10,13.59,741
6834,Lonato del Garda v.del Marchesino,Temperatura,1993-11,6.54,719
6834,Lonato del Garda v.del Marchesino,Temperatura,1993-12,4.16,723
6834,Lonato del Garda v.del Marchesino,Temperatura,1994-01,5.05,738
6834,Lonato del Garda v.del Marchesino,Temperatura,1994-02,4.27,660
6834,Lonato del Garda v.del Marchesino,Temperatura,1994-03,12.67,738
6834,Lonato del Garda v.del Marchesino,Temperatura,1994-04,12.01,701
6834,Lonato del Garda v.del Marchesino,Temperatura,1994-05,17.87,680
6834,Lonato del Garda v.del Marchesino,Temperatura,1994-06,22.53,700
6834,Lonato del Garda v.del Marchesino,Temperatura,1994-07,27.47,729
6834,Lonato del Garda v.del Marchesino,Temperatura,1994-08,27.31,723
6834,Lonato del Garda v.del Marchesino,Temperatura,1994-09,22.82,336
6834,Lonato del Garda v.del Marchesino,Temperatura,1994-10,14.95,698
6834,Lonato del Garda v.del Marchesino,Temperatura,1994-11,10.77,678
6834,Lonato del Garda v.del Marchesino,Temperatura,1994-12,5.65,683
6834,Lonato del Garda v.del Marchesino,Temperatura,1995-01,3.92,655
6834,Lonato del Garda v.del Marchesino,Temperatura,1995-02,7.57,637
6834,Lonato del Garda v.del Marchesino,Temperatura,1995-03,9.38,737
6834,Lonato del Garda v.del Marchesino,Temperatura,1995-04,14.14,679
6834,Lonato del Garda v.del Marchesino,Temperatura,1995-05,18.95,667
6834,Lonato del Garda v.del Marchesino,Temperatura,1995-06,21.42,584
6834,Lonato del Garda v.del Marchesino,Temperatura,1995-07,29.54,701
6834,Lonato del Garda v.del Marchesino,Temperatura,1995-08,25.80,628
6834,Lonato del Garda v.del Marchesino,Temperatura,1995-09,20.83,697
6834,Lonato del Garda v.del Marchesino,Temperatura,1995-10,18.20,720
6834,Lonato del Garda v.del Marchesino,Temperatura,1995-11,11.62,671
6834,Lonato del Garda v.del Marchesino,Temperatura,1995-12,8.65,734
6834,Lonato del Garda v.del Marchesino,Temperatura,1996-01,6.74,691
6834,Lonato del Garda v.del Marchesino,Temperatura,1996-02,5.54,681
6834,Lonato del Garda v.del Marchesino,Temperatura,1996-03,11.67,663
6834,Lonato del Garda v.del Marchesino,Temperatura,1996-04,17.38,692
6834,Lonato del Garda v.del Marchesino,Temperatura,1996-05,21.82,731
6834,Lonato del Garda v.del Marchesino,Temperatura,1996-06,26.65,705
6834,Lonato del Garda v.del Marchesino,Temperatura,1996-07,25.67,728
6834,Lonato del Garda v.del Marchesino,Temperatura,1996-08,24.51,728
6834,Lonato del Garda v.del Marchesino,Temperatura,1996-09,19.00,623
6834,Lonato del Garda v.del Marchesino,Temperatura,1996-10,16.19,613
6834,Lonato del Garda v.del Marchesino,Temperatura,1996-11,10.67,701
6834,Lonato del Garda v.del Marchesino,Temperatura,1996-12,6.08,653
6834,Lonato del Garda v.del Marchesino,Temperatura,1997-01,6.45,658
6834,Lonato del Garda v.del Marchesino,Temperatura,1997-02,8.35,667
6834,Lonato del Garda v.del Marchesino,Temperatura,1997-03,13.04,742
6834,Lonato del Garda v.del Marchesino,Temperatura,1997-04,13.08,694
6834,Lonato del Garda v.del Marchesino,Temperatura,1997-05,16.28,739
6834,Lonato del Garda v.del Marchesino,Temperatura,1997-06,18.54,717
6834,Lonato del Garda v.del Marchesino,Temperatura,1997-07,20.93,743
6834,Lonato del Garda v.del Marchesino,Temperatura,1997-08,21.67,648
6834,Lonato del Garda v.del Marchesino,Temperatura,1997-09,19.22,717
6834,Lonato del Garda v.del Marchesino,Temperatura,1997-10,11.92,741
6834,Lonato del Garda v.del Marchesino,Temperatura,1997-11,6.02,716
6834,Lonato del Garda v.del Marchesino,Temperatura,1997-12,2.11,744
6834,Lonato del Garda v.del Marchesino,Temperatura,1998-01,1.30,743
6834,Lonato del Garda v.del Marchesino,Temperatura,1998-02,6.98,541
6834,Lonato del Garda v.del Marchesino,Temperatura,1998-03,6.66,526
6834,Lonato del Garda v.del Marchesino,Temperatura,1998-04,10.03,701
6834,Lonato del Garda v.del Marchesino,Temperatura,1998-05,16.43,740
6834,Lonato del Garda v.del Marchesino,Temperatura,1998-06,21.14,720
6834,Lonato del Garda v.del Marchesino,Temperatura,1998-07,23.53,672
6834,Lonato del Garda v.del Marchesino,Temperatura,1998-08,23.99,617
6834,Lonato del Garda v.del Marchesino,Temperatura,1998-09,17.42,696
6834,Lonato del Garda v.del Marchesino,Temperatura,1998-10,13.16,741
6834,Lonato del Garda v.del Marchesino,Temperatura,1998-11,5.98,671
6834,Lonato del Garda v.del Marchesino,Temperatura,1998-12,2.06,744
6834,Lonato del Garda v.del Marchesino,Temperatura,1999-01,3.48,742
6834,Lonato del Garda v.del Marchesino,Temperatura,1999-02,4.06,672
6834,Lonato del Garda v.del Marchesino,Temperatura,1999-03,9.08,720
6834,Lonato del Garda v.del Marchesino,Temperatura,1999-04,12.85,628
6834,Lonato del Garda v.del Marchesino,Temperatura,1999-05,18.45,172
6834,Lonato del Garda v.del Marchesino,Temperatura,1999-06,22.59,224
6834,Lonato del Garda v.del Marchesino,Temperatura,1999-07,26.03,735
6834,Lonato del Garda v.del Marchesino,Temperatura,1999-08,25.19,663
6834,Lonato del Garda v.del Marchesino,Temperatura,1999-09,22.20,671
6834,Lonato del Garda v.del Marchesino,Temperatura,1999-10,14.68,671
6834,Lonato del Garda v.del Marchesino,Temperatura,1999-11,7.56,703
6834,Lonato del Garda v.del Marchesino,Temperatura,1999-12,2.98,744
6834,Lonato del Garda v.del Marchesino,Temperatura,2000-01,3.82,496
6834,Lonato del Garda v.del Marchesino,Temperatura,2000-02,6.68,663
6834,Lonato del Garda v.del Marchesino,Temperatura,2000-03,10.81,611
6834,Lonato del Garda v.del Marchesino,Temperatura,2000-04,14.62,619
6834,Lonato del Garda v.del Marchesino,Temperatura,2000-05,22.86,316
6834,Lonato del Garda v.del Marchesino,Temperatura,2000-06,47.86,8
6834,Lonato del Garda v.del Marchesino,Temperatura,2000-07,23.73,522
6834,Lonato del Garda v.del Marchesino,Temperatura,2000-08,27.11,550
6834,Lonato del Garda v.del Marchesino,Temperatura,2000-09,21.58,711
6834,Lonato del Garda v.del Marchesino,Temperatura,2000-10,15.18,691
6834,Lonato del Garda v.del Marchesino,Temperatura,2000-11,9.52,720
6834,Lonato del Garda v.del Marchesino,Temperatura,2000-12,6.01,744
6834,Lonato del Garda v.del Marchesino,Temperatura,2001-01,5.22,736
6834,Lonato del Garda v.del Marchesino,Temperatura,2001-02,7.49,672
6834,Lonato del Garda v.del Marchesino,Temperatura,2001-03,11.16,742
6834,Lonato del Garda v.del Marchesino,Temperatura,2001-04,13.73,720
6834,Lonato del Garda v.del Marchesino,Temperatura,2001-05,21.38,744
6834,Lonato del Garda v.del Marchesino,Temperatura,2001-06,23.61,719
6834,Lonato del Garda v.del Marchesino,Temperatura,2001-07,26.20,742
6834,Lonato del Garda v.del Marchesino,Temperatura,2001-08,27.73,726
6834,Lonato del Garda v.del Marchesino,Temperatura,2001-09,18.47,657
6834,Lonato del Garda v.del Marchesino,Temperatura,2001-10,17.67,705
6834,Lonato del Garda v.del Marchesino,Temperatura,2001-11,8.00,720
6834,Lonato del Garda v.del Marchesino,Temperatura,2001-12,2.66,742
6834,Lonato del Garda v.del Marchesino,Temperatura,2002-01,2.78,739
6834,Lonato del Garda v.del Marchesino,Temperatura,2002-02,6.50,671
6834,Lonato del Garda v.del Marchesino,Temperatura,2002-03,12.35,743
6834,Lonato del Garda v.del Marchesino,Temperatura,2002-04,14.02,718
6834,Lonato del Garda v.del Marchesino,Temperatura,2002-05,19.29,743
6834,Lonato del Garda v.del Marchesino,Temperatura,2002-06,25.34,720
6834,Lonato del Garda v.del Marchesino,Temperatura,2002-07,25.42,744
6834,Lonato del Garda v.del Marchesino,Temperatura,2002-08,24.29,742
6834,Lonato del Garda v.del Marchesino,Temperatura,2002-09,19.62,720
6834,Lonato del Garda v.del Marchesino,Temperatura,2002-10,15.28,696
6834,Lonato del Garda v.del Marchesino,Temperatura,2002-11,11.06,720
6834,Lonato del Garda v.del Marchesino,Temperatura,2002-12,5.84,743
6834,Lonato del Garda v.del Marchesino,Temperatura,2003-01,3.40,744
6834,Lonato del Garda v.del Marchesino,Temperatura,2003-02,4.27,560
6834,Lonato del Garda v.del Marchesino,Temperatura,2003-03,11.33,709
6834,Lonato del Garda v.del Marchesino,Temperatura,2003-04,13.87,651
6834,Lonato del Garda v.del Marchesino,Temperatura,2003-05,22.88,562
6834,Lonato del Garda v.del Marchesino,Temperatura,2003-06,28.70,514
6834,Lonato del Garda v.del Marchesino,Temperatura,2003-07,28.35,619
6834,Lonato del Garda v.del Marchesino,Temperatura,2003-08,32.19,265
6834,Lonato del Garda v.del Marchesino,Temperatura,2003-09,21.10,527
6834,Lonato del Garda v.del Marchesino,Temperatura,2003-10,12.16,637
6834,Lonato del Garda v.del Marchesino,Temperatura,2003-11,9.90,678
6834,Lonato del Garda v.del Marchesino,Temperatura,2003-12,5.26,744
6834,Lonato del Garda v.del Marchesino,Temperatura,2004-01,2.88,743
6834,Lonato del Garda v.del Marchesino,Temperatura,2004-02,3.90,696
6834,Lonato del Garda v.del Marchesino,Temperatura,2004-03,8.45,731
6834,Lonato del Garda v.del Marchesino,Temperatura,2004-04,13.31,718
6834,Lonato del Garda v.del Marchesino,Temperatura,2004-05,17.01,744
6834,Lonato del Garda v.del Marchesino,Temperatura,2004-06,23.71,719
6834,Lonato del Garda v.del Marchesino,Temperatura,2004-07,25.59,744
6834,Lonato del Garda v.del Marchesino,Temperatura,2004-08,25.63,683
6834,Lonato del Garda v.del Marchesino,Temperatura,2004-09,20.91,720
6834,Lonato del Garda v.del Marchesino,Temperatura,2004-10,15.99,742
6834,Lonato del Garda v.del Marchesino,Temperatura,2004-11,8.33,720
6834,Lonato del Garda v.del Marchesino,Temperatura,2004-12,5.75,743
6834,Lonato del Garda v.del Marchesino,Temperatura,2005-01,1.83,743
6834,Lonato del Garda v.del Marchesino,Temperatura,2005-02,3.54,672
6834,Lonato del Garda v.del Marchesino,Temperatura,2005-03,9.56,742
6834,Lonato del Garda v.del Marchesino,Temperatura,2005-04,13.49,720
6834,Lonato del Garda v.del Marchesino,Temperatura,2005-05,20.42,743
6834,Lonato del Garda v.del Marchesino,Temperatura,2005-06,25.29,718
6834,Lonato del Garda v.del Marchesino,Temperatura,2005-07,26.11,714
6834,Lonato del Garda v.del Marchesino,Temperatura,2005-08,22.96,744
6834,Lonato del Garda v.del Marchesino,Temperatura,2005-09,20.92,720
6834,Lonato del Garda v.del Marchesino,Temperatura,2005-10,14.37,744
6834,Lonato del Garda v.del Marchesino,Temperatura,2005-11,7.49,719
6834,Lonato del Garda v.del Marchesino,Temperatura,2005-12,2.41,743
6834,Lonato del Garda v.del Marchesino,Temperatura,2006-01,1.83,744
6834,Lonato del Garda v.del Marchesino,Temperatura,2006-02,4.31,672
6834,Lonato del Garda v.del Marchesino,Temperatura,2006-03,8.24,741
6834,Lonato del Garda v.del Marchesino,Temperatura,2006-04,14.68,719
6834,Lonato del Garda v.del Marchesino,Temperatura,2006-05,19.02,739
6834,Lonato del Garda v.del Marchesino,Temperatura,2006-06,24.66,720
6834,Lonato del Garda v.del Marchesino,Temperatura,2006-07,28.80,741
6834,Lonato del Garda v.del Marchesino,Temperatura,2006-08,22.59,649
6834,Lonato del Garda v.del Marchesino,Temperatura,2006-09,22.29,717
6834,Lonato del Garda v.del Marchesino,Temperatura,2006-10,16.70,741
6834,Lonato del Garda v.del Marchesino,Temperatura,2006-11,9.90,720
6834,Lonato del Garda v.del Marchesino,Temperatura,2006-12,6.04,741
6834,Lonato del Garda v.del Marchesino,Temperatura,2007-01,5.58,733
6834,Lonato del Garda v.del Marchesino,Temperatura,2007-02,6.30,671
6834,Lonato del Garda v.del Marchesino,Temperatura,2007-03,10.20,743
6834,Lonato del Garda v.del Marchesino,Temperatura,2007-04,16.91,646
6834,Lonato del Garda v.del Marchesino,Temperatura,2007-05,19.74,723
6834,Lonato del Garda v.del Marchesino,Temperatura,2007-06,20.96,658
6834,Lonato del Garda v.del Marchesino,Temperatura,2007-07,23.75,614
6834,Lonato del Garda v.del Marchesino,Temperatura,2007-08,20.67,650
6834,Lonato del Garda v.del Marchesino,Temperatura,2007-11,5.74,415
6834,Lonato del Garda v.del Marchesino,Temperatura,2007-12,2.93,691
6834,Lonato del Garda v.del Marchesino,Temperatura,2008-01,4.33,740
6834,Lonato del Garda v.del Marchesino,Temperatura,2008-02,4.97,696
6834,Lonato del Garda v.del Marchesino,Temperatura,2008-03,8.51,744
6834,Lonato del Garda v.del Marchesino,Temperatura,2008-04,11.58,719
6834,Lonato del Garda v.del Marchesino,Temperatura,2008-05,17.22,739
6834,Lonato del Garda v.del Marchesino,Temperatura,2008-06,20.88,720
6834,Lonato del Garda v.del Marchesino,Temperatura,2008-07,23.18,743
6834,Lonato del Garda v.del Marchesino,Temperatura,2008-08,23.12,744
6834,Lonato del Garda v.del Marchesino,Temperatura,2008-09,17.27,720
6834,Lonato del Garda v.del Marchesino,Temperatura,2008-10,14.12,744
6834,Lonato del Garda v.del Marchesino,Temperatura,2008-11,9.20,720
6834,Lonato del Garda v.del Marchesino,Temperatura,2008-12,5.58,743
6834,Lonato del Garda v.del Marchesino,Temperatura,2009-01,4.01,743
6834,Lonato del Garda v.del Marchesino,Temperatura,2009-02,6.47,672
6834,Lonato del Garda v.del Marchesino,Temperatura,2009-03,10.59,744
6834,Lonato del Garda v.del Marchesino,Temperatura,2009-04,14.87,720
6834,Lonato del Garda v.del Marchesino,Temperatura,2009-05,20.75,744
6834,Lonato del Garda v.del Marchesino,Temperatura,2009-06,22.15,720
6834,Lonato del Garda v.del Marchesino,Temperatura,2009-07,24.81,744
6834,Lonato del Garda v.del Marchesino,Temperatura,2009-08,26.44,729
6834,Lonato del Garda v.del Marchesino,Temperatura,2009-09,21.79,720
6834,Lonato del Garda v.del Marchesino,Temperatura,2009-10,15.51,744
6834,Lonato del Garda v.del Marchesino,Temperatura,2009-11,10.61,720
6834,Lonato del Garda v.del Marchesino,Temperatura,2009-12,4.64,742
6834,Lonato del Garda v.del Marchesino,Temperatura,2010-01,3.43,744
6834,Lonato del Garda v.del Marchesino,Temperatura,2010-02,5.67,671
6834,Lonato del Garda v.del Marchesino,Temperatura,2010-03,9.10,726
6834,Lonato del Garda v.del Marchesino,Temperatura,2010-04,14.01,720
6834,Lonato del Garda v.del Marchesino,Temperatura,2010-05,16.93,744
6834,Lonato del Garda v.del Marchesino,Temperatura,2010-06,21.39,679
6834,Lonato del Garda v.del Marchesino,Temperatura,2010-07,25.65,460
6834,Lonato del Garda v.del Marchesino,Temperatura,2010-08,22.06,700
6834,Lonato del Garda v.del Marchesino,Temperatura,2010-09,18.90,720
6834,Lonato del Garda v.del Marchesino,Temperatura,2010-10,13.05,744
6834,Lonato del Garda v.del Marchesino,Temperatura,2010-11,9.13,720
6834,Lonato del Garda v.del Marchesino,Temperatura,2010-12,2.30,742
6834,Lonato del Garda v.del Marchesino,Temperatura,2011-01,0.96,1
6834,Lonato del Garda v.del Marchesino,Temperatura,2011-01,2.70,742
6834,Lonato del Garda v.del Marchesino,Temperatura,2011-02,5.98,670
6834,Lonato del Garda v.del Marchesino,Temperatura,2011-03,9.82,744
6834,Lonato del Garda v.del Marchesino,Temperatura,2011-04,16.89,664
6834,Lonato del Garda v.del Marchesino,Temperatura,2011-05,20.23,725
6834,Lonato del Garda v.del Marchesino,Temperatura,2011-06,22.13,683
6834,Lonato del Garda v.del Marchesino,Temperatura,2011-07,23.45,742
6834,Lonato del Garda v.del Marchesino,Temperatura,2011-08,26.12,743
6834,Lonato del Garda v.del Marchesino,Temperatura,2011-09,22.90,720
6834,Lonato del Garda v.del Marchesino,Temperatura,2011-10,14.61,744
6834,Lonato del Garda v.del Marchesino,Temperatura,2011-11,8.44,720
6834,Lonato del Garda v.del Marchesino,Temperatura,2011-12,5.51,744
6834,Lonato del Garda v.del Marchesino,Temperatura,2012-01,3.18,719
6834,Lonato del Garda v.del Marchesino,Temperatura,2012-02,2.65,696
6834,Lonato del Garda v.del Marchesino,Temperatura,2012-03,13.74,744
6834,Lonato del Garda v.del Marchesino,Temperatura,2012-04,12.86,720
6834,Lonato del Garda v.del Marchesino,Temperatura,2012-05,18.69,694
6834,Lonato del Garda v.del Marchesino,Temperatura,2012-06,24.20,719
6834,Lonato del Garda v.del Marchesino,Temperatura,2012-07,26.18,665
6834,Lonato del Garda v.del Marchesino,Temperatura,2012-08,27.14,740
6834,Lonato del Garda v.del Marchesino,Temperatura,2012-09,20.21,719
6834,Lonato del Garda v.del Marchesino,Temperatura,2012-10,15.25,744
6834,Lonato del Garda v.del Marchesino,Temperatura,2012-11,10.56,718
6834,Lonato del Garda v.del Marchesino,Temperatura,2012-12,3.19,742
6834,Lonato del Garda v.del Marchesino,Temperatura,2013-01,4.24,723
6834,Lonato del Garda v.del Marchesino,Temperatura,2013-02,4.00,655
6834,Lonato del Garda v.del Marchesino,Temperatura,2013-03,7.81,744
6834,Lonato del Garda v.del Marchesino,Temperatura,2013-04,13.86,710
6834,Lonato del Garda v.del Marchesino,Temperatura,2013-05,16.68,701
6834,Lonato del Garda v.del Marchesino,Temperatura,2013-06,22.39,713
6834,Lonato del Garda v.del Marchesino,Temperatura,2013-07,26.42,741
6834,Lonato del Garda v.del Marchesino,Temperatura,2013-08,25.07,737
6834,Lonato del Garda v.del Marchesino,Temperatura,2013-09,20.78,709
6834,Lonato del Garda v.del Marchesino,Temperatura,2013-10,15.46,718
6834,Lonato del Garda v.del Marchesino,Temperatura,2013-11,10.04,690
6834,Lonato del Garda v.del Marchesino,Temperatura,2013-12,5.78,3127
6834,Lonato del Garda v.del Marchesino,Temperatura,2014-01,6.34,4423
6834,Lonato del Garda v.del Marchesino,Temperatura,2014-02,7.99,4032
6834,Lonato del Garda v.del Marchesino,Temperatura,2014-03,12.25,4463
6834,Lonato del Garda v.del Marchesino,Temperatura,2014-04,15.63,4319
6834,Lonato del Garda v.del Marchesino,Temperatura,2014-05,17.91,4190
6834,Lonato del Garda v.del Marchesino,Temperatura,2014-06,23.01,4313
6834,Lonato del Garda v.del Marchesino,Temperatura,2014-07,22.65,4462
6834,Lonato del Garda v.del Marchesino,Temperatura,2014-08,22.25,4463
6834,Lonato del Garda v.del Marchesino,Temperatura,2014-09,19.98,4319
6834,Lonato del Garda v.del Marchesino,Temperatura,2014-10,16.62,4464
6834,Lonato del Garda v.del Marchesino,Temperatura,2014-11,11.79,4320
6834,Lonato del Garda v.del Marchesino,Temperatura,2014-12,6.21,4463
6834,Lonato del Garda v.del Marchesino,Temperatura,2015-01,5.38,4464
6834,Lonato del Garda v.del Marchesino,Temperatura,2015-02,5.81,4032
6834,Lonato del Garda v.del Marchesino,Temperatura,2015-03,10.88,4464
6834,Lonato del Garda v.del Marchesino,Temperatura,2015-04,15.12,4193
6834,Lonato del Garda v.del Marchesino,Temperatura,2015-05,19.36,4463
6834,Lonato del Garda v.del Marchesino,Temperatura,2015-06,23.84,4320
6834,Lonato del Garda v.del Marchesino,Temperatura,2015-07,28.54,4452
6834,Lonato del Garda v.del Marchesino,Temperatura,2015-08,25.67,4452
6834,Lonato del Garda v.del Marchesino,Temperatura,2015-09,20.45,4212
6834,Lonato del Garda v.del Marchesino,Temperatura,2015-10,14.62,4446
6834,Lonato del Garda v.del Marchesino,Temperatura,2015-11,9.70,4314
6834,Lonato del Garda v.del Marchesino,Temperatura,2015-12,5.11,4446
6834,Lonato del Garda v.del Marchesino,Temperatura,2016-01,4.34,4464
6834,Lonato del Garda v.del Marchesino,Temperatura,2016-02,7.57,4176
6834,Lonato del Garda v.del Marchesino,Temperatura,2016-03,10.46,4463
6834,Lonato del Garda v.del Marchesino,Temperatura,2016-04,15.30,4320
6834,Lonato del Garda v.del Marchesino,Temperatura,2016-05,17.20,4462
6834,Lonato del Garda v.del Marchesino,Temperatura,2016-06,22.05,4320
6834,Lonato del Garda v.del Marchesino,Temperatura,2016-07,25.97,4394
6834,Lonato del Garda v.del Marchesino,Temperatura,2016-08,24.10,4464
6834,Lonato del Garda v.del Marchesino,Temperatura,2016-09,22.39,4320
6834,Lonato del Garda v.del Marchesino,Temperatura,2016-10,14.25,4464
6834,Lonato del Garda v.del Marchesino,Temperatura,2016-11,9.43,4320
6834,Lonato del Garda v.del Marchesino,Temperatura,2016-12,4.41,4464
6834,Lonato del Garda v.del Marchesino,Temperatura,2017-01,2.05,4464
6834,Lonato del Garda v.del Marchesino,Temperatura,2017-02,7.19,4020
6834,Lonato del Garda v.del Marchesino,Temperatura,2017-03,12.96,4440
6834,Lonato del Garda v.del Marchesino,Temperatura,2017-04,14.99,4319
6834,Lonato del Garda v.del Marchesino,Temperatura,2017-05,19.18,4462
6834,Lonato del Garda v.del Marchesino,Temperatura,2017-06,25.10,4212
6834,Lonato del Garda v.del Marchesino,Temperatura,2017-07,25.75,4463
6834,Lonato del Garda v.del Marchesino,Temperatura,2017-08,26.06,4452
6834,Lonato del Garda v.del Marchesino,Temperatura,2017-09,18.28,4320
6834,Lonato del Garda v.del Marchesino,Temperatura,2017-10,15.78,4451
6834,Lonato del Garda v.del Marchesino,Temperatura,2017-11,8.81,4320
6834,Lonato del Garda v.del Marchesino,Temperatura,2017-12,3.77,4464
6834,Lonato del Garda v.del Marchesino,Temperatura,2018-01,6.53,4452
6834,Lonato del Garda v.del Marchesino,Temperatura,2018-02,4.35,4032
6834,Lonato del Garda v.del Marchesino,Temperatura,2018-03,7.71,4464
6834,Lonato del Garda v.del Marchesino,Temperatura,2018-04,16.86,4320
6834,Lonato del Garda v.del Marchesino,Temperatura,2018-05,19.33,4462
6834,Lonato del Garda v.del Marchesino,Temperatura,2018-06,23.84,4314
6834,Lonato del Garda v.del Marchesino,Temperatura,2018-07,26.30,4464
6834,Lonato del Garda v.del Marchesino,Temperatura,2018-08,26.59,4458
6834,Lonato del Garda v.del Marchesino,Temperatura,2018-09,22.19,4188
6834,Lonato del Garda v.del Marchesino,Temperatura,2018-10,17.05,4403
6834,Lonato del Garda v.del Marchesino,Temperatura,2018-11,10.84,4320
6834,Lonato del Garda v.del Marchesino,Temperatura,2018-12,4.24,4463
6834,Lonato del Garda v.del Marchesino,Temperatura,2019-01,3.85,4463
6834,Lonato del Garda v.del Marchesino,Temperatura,2019-02,8.29,4025
6834,Lonato del Garda v.del Marchesino,Temperatura,2019-03,12.06,4462
6834,Lonato del Garda v.del Marchesino,Temperatura,2019-04,13.45,3743
6834,Lonato del Garda v.del Marchesino,Temperatura,2019-05,15.43,4344
6834,Lonato del Garda v.del Marchesino,Temperatura,2019-06,26.13,4319
6834,Lonato del Garda v.del Marchesino,Temperatura,2019-07,26.16,4464
6834,Lonato del Garda v.del Marchesino,Temperatura,2019-08,25.60,4463
6834,Lonato del Garda v.del Marchesino,Temperatura,2019-09,20.63,4320
6834,Lonato del Garda v.del Marchesino,Temperatura,2019-10,16.42,4205
6834,Lonato del Garda v.del Marchesino,Temperatura,2019-11,9.99,4320
6834,Lonato del Garda v.del Marchesino,Temperatura,2019-12,6.74,4462
6834,Lonato del Garda v.del Marchesino,Temperatura,2020-01,5.25,4463
6834,Lonato del Garda v.del Marchesino,Temperatura,2020-02,8.64,4176
6834,Lonato del Garda v.del Marchesino,Temperatura,2020-03,9.94,4464
6834,Lonato del Garda v.del Marchesino,Temperatura,2020-04,15.89,4294
6834,Lonato del Garda v.del Marchesino,Temperatura,2020-05,19.13,4464
6834,Lonato del Garda v.del Marchesino,Temperatura,2020-06,21.98,4320
6834,Lonato del Garda v.del Marchesino,Temperatura,2020-07,25.02,4462
6834,Lonato del Garda v.del Marchesino,Temperatura,2020-08,25.01,4461
6834,Lonato del Garda v.del Marchesino,Temperatura,2020-09,21.05,4319
6834,Lonato del Garda v.del Marchesino,Temperatura,2020-10,13.94,4460
6834,Lonato del Garda v.del Marchesino,Temperatura,2020-11,9.94,4320
6834,Lonato del Garda v.del Marchesino,Temperatura,2020-12,5.83,4464
6834,Lonato del Garda v.del Marchesino,Temperatura,2021-01,4.99,1
6834,Lonato del Garda v.del Marchesino,Temperatura,2021-01,3.59,4463
6834,Lonato del Garda v.del Marchesino,Temperatura,2021-02,7.95,4026
6834,Lonato del Garda v.del Marchesino,Temperatura,2021-03,10.61,4464
6834,Lonato del Garda v.del Marchesino,Temperatura,2021-04,12.69,4308
6834,Lonato del Garda v.del Marchesino,Temperatura,2021-05,16.74,4461
6834,Lonato del Garda v.del Marchesino,Temperatura,2021-06,24.81,4278
6834,Lonato del Garda v.del Marchesino,Temperatura,2021-07,24.84,4464
6834,Lonato del Garda v.del Marchesino,Temperatura,2021-08,24.45,4461
6834,Lonato del Garda v.del Marchesino,Temperatura,2021-09,21.76,4319
6834,Lonato del Garda v.del Marchesino,Temperatura,2021-10,14.64,4445
6834,Lonato del Garda v.del Marchesino,Temperatura,2021-11,9.51,4316
6834,Lonato del Garda v.del Marchesino,Temperatura,2021-12,4.31,4464
6834,Lonato del Garda v.del Marchesino,Temperatura,2022-01,4.35,4457
6834,Lonato del Garda v.del Marchesino,Temperatura,2022-02,8.00,4032
6834,Lonato del Garda v.del Marchesino,Temperatura,2022-03,10.02,4464
6834,Lonato del Garda v.del Marchesino,Temperatura,2022-04,13.48,4313
6834,Lonato del Garda v.del Marchesino,Temperatura,2022-05,20.99,3801
6834,Lonato del Garda v.del Marchesino,Temperatura,2022-06,26.83,3236
6834,Lonato del Garda v.del Marchesino,Temperatura,2022-07,28.48,4453
6834,Lonato del Garda v.del Marchesino,Temperatura,2022-08,26.24,4463
6834,Lonato del Garda v.del Marchesino,Temperatura,2022-09,20.71,4320
6834,Lonato del Garda v.del Marchesino,Temperatura,2022-10,18.88,4464
6834,Lonato del Garda v.del Marchesino,Temperatura,2022-11,11.18,4317
6834,Lonato del Garda v.del Marchesino,Temperatura,2022-12,6.62,4462
6834,Lonato del Garda v.del Marchesino,Temperatura,2023-01,6.62,4461
6834,Lonato del Garda v.del Marchesino,Temperatura,2023-02,7.57,4032
6834,Lonato del Garda v.del Marchesino,Temperatura,2023-03,12.26,4459
6834,Lonato del Garda v.del Marchesino,Temperatura,2023-04,14.10,4315
6834,Lonato del Garda v.del Marchesino,Temperatura,2023-05,18.64,4463
6834,Lonato del Garda v.del Marchesino,Temperatura,2023-06,24.12,4309
6834,Lonato del Garda v.del Marchesino,Temperatura,2023-07,25.77,4461
6834,Lonato del Garda v.del Marchesino,Temperatura,2023-08,26.08,4463
6834,Lonato del Garda v.del Marchesino,Temperatura,2023-09,23.30,4320
6834,Lonato del Garda v.del Marchesino,Temperatura,2023-10,18.76,4095
6834,Lonato del Garda v.del Marchesino,Temperatura,2023-11,9.80,4316
6834,Lonato del Garda v.del Marchesino,Temperatura,2023-12,7.37,4464
6834,Lonato del Garda v.del Marchesino,Temperatura,2024-01,5.04,4461
6834,Lonato del Garda v.del Marchesino,Temperatura,2024-02,9.62,4007
6834,Lonato del Garda v.del Marchesino,Temperatura,2024-03,12.39,4461
6834,Lonato del Garda v.del Marchesino,Temperatura,2024-04,16.11,3488
6834,Lonato del Garda v.del Marchesino,Temperatura,2024-05,18.27,3990
6834,Lonato del Garda v.del Marchesino,Temperatura,2024-06,22.85,4301
6834,Lonato del Garda v.del Marchesino,Temperatura,2024-07,27.37,4462
6834,Lonato del Garda v.del Marchesino,Temperatura,2024-08,28.29,4463
6834,Lonato del Garda v.del Marchesino,Temperatura,2024-09,20.67,4320
6834,Lonato del Garda v.del Marchesino,Temperatura,2024-10,16.40,4464
6834,Lonato del Garda v.del Marchesino,Temperatura,2024-11,12.61,1071
6834,Lonato del Garda v.del Marchesino,Temperatura,2024-12,6.01,4385
6834,Lonato del Garda v.del Marchesino,Temperatura,2025-01,5.85,3734
6834,Lonato del Garda v.del Marchesino,Temperatura,2025-02,7.57,3984
6834,Lonato del Garda v.del Marchesino,Temperatura,2025-03,11.64,4461
6834,Lonato del Garda v.del Marchesino,Temperatura,2025-04,15.83,4320
6834,Lonato del Garda v.del Marchesino,Temperatura,2025-05,19.10,4464
6834,Lonato del Garda v.del Marchesino,Temperatura,2025-06,27.94,3287
6834,Lonato del Garda v.del Marchesino,Temperatura,2025-07,25.45,4462
6834,Lonato del Garda v.del Marchesino,Temperatura,2025-08,25.71,3980
6834,Lonato del Garda v.del Marchesino,Temperatura,2025-09,20.64,3808
6834,Lonato del Garda v.del Marchesino,Temperatura,2025-10,15.26,4461
6834,Lonato del Garda v.del Marchesino,Temperatura,2025-11,11.99,1963
6834,Lonato del Garda v.del Marchesino,Temperatura,2026-01,5.34,3392
6834,Lonato del Garda v.del Marchesino,Temperatura,2026-02,8.96,4030
6834,Lonato del Garda v.del Marchesino,Temperatura,2026-03,10.33,1
6849,Odolo v.Praes,Temperatura,1990-10,12.67,66
6849,Odolo v.Praes,Temperatura,1990-11,9.50,85
6849,Odolo v.Praes,Temperatura,1990-12,1.22,69
6849,Odolo v.Praes,Temperatura,1991-01,0.99,337
6849,Odolo v.Praes,Temperatura,1991-02,1.43,658
6849,Odolo v.Praes,Temperatura,1991-03,10.86,727
6849,Odolo v.Praes,Temperatura,1991-04,11.83,408
6849,Odolo v.Praes,Temperatura,1991-05,12.09,326
6849,Odolo v.Praes,Temperatura,1991-06,25.73,344
6849,Odolo v.Praes,Temperatura,1991-07,25.66,410
6849,Odolo v.Praes,Temperatura,1991-08,20.85,38
6849,Odolo v.Praes,Temperatura,1991-09,20.88,718
6849,Odolo v.Praes,Temperatura,1991-10,12.51,694
6849,Odolo v.Praes,Temperatura,1991-11,6.90,720
6849,Odolo v.Praes,Temperatura,1991-12,0.37,742
6849,Odolo v.Praes,Temperatura,1992-01,2.17,708
6849,Odolo v.Praes,Temperatura,1992-02,4.13,260
6849,Odolo v.Praes,Temperatura,1992-03,8.88,511
6849,Odolo v.Praes,Temperatura,1992-04,10.38,232
6849,Odolo v.Praes,Temperatura,1992-05,18.54,599
6849,Odolo v.Praes,Temperatura,1992-06,18.58,497
6849,Odolo v.Praes,Temperatura,1992-07,20.26,154
6849,Odolo v.Praes,Temperatura,1992-08,24.23,481
6849,Odolo v.Praes,Temperatura,1992-09,18.48,617
6849,Odolo v.Praes,Temperatura,1992-10,11.69,713
6849,Odolo v.Praes,Temperatura,1992-11,8.04,653
6849,Odolo v.Praes,Temperatura,1992-12,2.66,599
6849,Odolo v.Praes,Temperatura,1993-01,2.44,705
6849,Odolo v.Praes,Temperatura,1993-02,3.21,655
6849,Odolo v.Praes,Temperatura,1993-03,7.22,653
6849,Odolo v.Praes,Temperatura,1993-04,11.52,674
6849,Odolo v.Praes,Temperatura,1993-05,17.99,648
6849,Odolo v.Praes,Temperatura,1993-06,20.80,699
6849,Odolo v.Praes,Temperatura,1993-07,20.67,733
6849,Odolo v.Praes,Temperatura,1993-08,23.17,734
6849,Odolo v.Praes,Temperatura,1993-09,16.56,675
6849,Odolo v.Praes,Temperatura,1993-10,12.12,735
6849,Odolo v.Praes,Temperatura,1993-11,5.85,713
6849,Odolo v.Praes,Temperatura,1993-12,2.73,731
6849,Odolo v.Praes,Temperatura,1994-01,3.05,604
6849,Odolo v.Praes,Temperatura,1994-02,2.38,478
6849,Odolo v.Praes,Temperatura,1994-03,10.47,715
6849,Odolo v.Praes,Temperatura,1994-04,10.26,697
6849,Odolo v.Praes,Temperatura,1994-05,16.37,717
6849,Odolo v.Praes,Temperatura,1994-06,20.13,681
6849,Odolo v.Praes,Temperatura,1994-07,24.40,731
6849,Odolo v.Praes,Temperatura,1994-08,23.81,714
6849,Odolo v.Praes,Temperatura,1994-09,17.70,687
6849,Odolo v.Praes,Temperatura,1994-10,12.05,713
6849,Odolo v.Praes,Temperatura,1994-11,9.21,693
6849,Odolo v.Praes,Temperatura,1994-12,4.46,716
6849,Odolo v.Praes,Temperatura,1995-01,0.81,722
6849,Odolo v.Praes,Temperatura,1995-02,4.99,631
6849,Odolo v.Praes,Temperatura,1995-03,6.79,700
6849,Odolo v.Praes,Temperatura,1995-04,9.69,684
6849,Odolo v.Praes,Temperatura,1995-05,14.60,711
6849,Odolo v.Praes,Temperatura,1995-06,17.00,691
6849,Odolo v.Praes,Temperatura,1995-07,23.58,718
6849,Odolo v.Praes,Temperatura,1995-08,20.30,644
6849,Odolo v.Praes,Temperatura,1995-09,14.93,695
6849,Odolo v.Praes,Temperatura,1995-10,16.01,720
6849,Odolo v.Praes,Temperatura,1995-11,8.63,691
6849,Odolo v.Praes,Temperatura,1995-12,6.79,675
6849,Odolo v.Praes,Temperatura,1996-01,3.65,683
6849,Odolo v.Praes,Temperatura,1996-02,1.93,679
6849,Odolo v.Praes,Temperatura,1996-03,5.68,722
6849,Odolo v.Praes,Temperatura,1996-04,12.07,696
6849,Odolo v.Praes,Temperatura,1996-05,16.68,727
6849,Odolo v.Praes,Temperatura,1996-06,21.20,698
6849,Odolo v.Praes,Temperatura,1996-07,21.54,730
6849,Odolo v.Praes,Temperatura,1996-08,20.75,684
6849,Odolo v.Praes,Temperatura,1996-09,14.77,698
6849,Odolo v.Praes,Temperatura,1996-10,12.00,729
6849,Odolo v.Praes,Temperatura,1996-11,6.93,664
6849,Odolo v.Praes,Temperatura,1996-12,2.30,629
6849,Odolo v.Praes,Temperatura,1997-01,2.92,722
6849,Odolo v.Praes,Temperatura,1997-02,4.69,655
6849,Odolo v.Praes,Temperatura,1997-03,9.46,720
6849,Odolo v.Praes,Temperatura,1997-04,10.70,682
6849,Odolo v.Praes,Temperatura,1997-05,16.69,722
6849,Odolo v.Praes,Temperatura,1997-06,19.35,664
6849,Odolo v.Praes,Temperatura,1997-07,21.56,580
6849,Odolo v.Praes,Temperatura,1997-08,21.78,587
6849,Odolo v.Praes,Temperatura,1997-09,19.40,580
6849,Odolo v.Praes,Temperatura,1997-10,11.82,701
6849,Odolo v.Praes,Temperatura,1997-11,6.74,719
6849,Odolo v.Praes,Temperatura,1997-12,3.57,743
6849,Odolo v.Praes,Temperatura,1998-01,2.18,642
6849,Odolo v.Praes,Temperatura,1998-02,6.27,526
6849,Odolo v.Praes,Temperatura,1998-03,7.59,656
6849,Odolo v.Praes,Temperatura,1998-04,11.03,718
6849,Odolo v.Praes,Temperatura,1998-05,16.77,738
6849,Odolo v.Praes,Temperatura,1998-06,21.39,719
6849,Odolo v.Praes,Temperatura,1998-07,23.14,670
6849,Odolo v.Praes,Temperatura,1998-08,23.19,742
6849,Odolo v.Praes,Temperatura,1998-09,16.79,619
6849,Odolo v.Praes,Temperatura,1998-10,11.82,744
6849,Odolo v.Praes,Temperatura,1998-11,3.51,599
6849,Odolo v.Praes,Temperatura,1998-12,0.81,728
6849,Odolo v.Praes,Temperatura,1999-01,2.34,719
6849,Odolo v.Praes,Temperatura,1999-02,2.34,669
6849,Odolo v.Praes,Temperatura,1999-03,7.57,744
6849,Odolo v.Praes,Temperatura,1999-04,11.50,719
6849,Odolo v.Praes,Temperatura,1999-05,17.20,707
6849,Odolo v.Praes,Temperatura,1999-06,20.23,491
6849,Odolo v.Praes,Temperatura,1999-07,23.08,177
6849,Odolo v.Praes,Temperatura,1999-08,22.84,645
6849,Odolo v.Praes,Temperatura,1999-09,19.40,720
6849,Odolo v.Praes,Temperatura,1999-10,13.83,742
6849,Odolo v.Praes,Temperatura,1999-11,6.41,720
6849,Odolo v.Praes,Temperatura,1999-12,2.00,558
6849,Odolo v.Praes,Temperatura,2000-01,4.64,375
6849,Odolo v.Praes,Temperatura,2000-02,6.49,539
6849,Odolo v.Praes,Temperatura,2000-03,9.43,688
6849,Odolo v.Praes,Temperatura,2000-04,13.80,688
6849,Odolo v.Praes,Temperatura,2000-05,19.14,744
6849,Odolo v.Praes,Temperatura,2000-06,22.68,570
6849,Odolo v.Praes,Temperatura,2000-07,21.64,744
6849,Odolo v.Praes,Temperatura,2000-08,22.93,744
6849,Odolo v.Praes,Temperatura,2000-09,18.44,720
6849,Odolo v.Praes,Temperatura,2000-10,14.34,742
6849,Odolo v.Praes,Temperatura,2000-11,8.99,319
6849,Odolo v.Praes,Temperatura,2001-04,11.98,572
6849,Odolo v.Praes,Temperatura,2001-05,19.19,742
6849,Odolo v.Praes,Temperatura,2001-06,21.16,720
6849,Odolo v.Praes,Temperatura,2001-07,22.95,496
6849,Odolo v.Praes,Temperatura,2001-09,15.62,455
6849,Odolo v.Praes,Temperatura,2001-10,15.73,595
6849,Odolo v.Praes,Temperatura,2001-11,8.16,606
6849,Odolo v.Praes,Temperatura,2002-01,4.45,113
6849,Odolo v.Praes,Temperatura,2002-02,7.61,439
6849,Odolo v.Praes,Temperatura,2002-03,8.71,475
6849,Odolo v.Praes,Temperatura,2002-04,15.90,330
6849,Odolo v.Praes,Temperatura,2002-05,18.25,565
6849,Odolo v.Praes,Temperatura,2002-06,22.78,527
6849,Odolo v.Praes,Temperatura,2002-07,24.19,259
6849,Odolo v.Praes,Temperatura,2003-02,8.53,32
6849,Odolo v.Praes,Temperatura,2003-03,8.21,598
6849,Odolo v.Praes,Temperatura,2003-04,9.32,540
6849,Odolo v.Praes,Temperatura,2003-05,15.03,388
6849,Odolo v.Praes,Temperatura,2003-07,22.86,8
6849,Odolo v.Praes,Temperatura,2003-08,28.50,267
6849,Odolo v.Praes,Temperatura,2003-09,18.65,405
6849,Odolo v.Praes,Temperatura,2003-10,11.39,636
6849,Odolo v.Praes,Temperatura,2003-11,9.30,658
6849,Odolo v.Praes,Temperatura,2003-12,4.38,744
6849,Odolo v.Praes,Temperatura,2004-01,3.07,662
6849,Odolo v.Praes,Temperatura,2004-02,4.78,696
6849,Odolo v.Praes,Temperatura,2004-03,7.83,737
6849,Odolo v.Praes,Temperatura,2004-04,12.38,595
6849,Odolo v.Praes,Temperatura,2004-05,16.46,654
6849,Odolo v.Praes,Temperatura,2004-06,21.71,720
6849,Odolo v.Praes,Temperatura,2004-07,23.08,646
6849,Odolo v.Praes,Temperatura,2004-08,23.70,596
6849,Odolo v.Praes,Temperatura,2004-09,18.81,681
6849,Odolo v.Praes,Temperatura,2004-10,15.68,733
6849,Odolo v.Praes,Temperatura,2004-11,8.49,720
6849,Odolo v.Praes,Temperatura,2004-12,4.17,734
6849,Odolo v.Praes,Temperatura,2005-01,1.44,744
6849,Odolo v.Praes,Temperatura,2005-02,2.75,663
6849,Odolo v.Praes,Temperatura,2005-03,8.35,714
6849,Odolo v.Praes,Temperatura,2005-04,12.21,720
6849,Odolo v.Praes,Temperatura,2005-05,18.81,704
6849,Odolo v.Praes,Temperatura,2005-06,23.09,636
6849,Odolo v.Praes,Temperatura,2005-07,24.17,730
6849,Odolo v.Praes,Temperatura,2005-08,21.49,679
6849,Odolo v.Praes,Temperatura,2005-09,19.01,699
6849,Odolo v.Praes,Temperatura,2005-10,13.60,739
6849,Odolo v.Praes,Temperatura,2005-11,7.55,720
6849,Odolo v.Praes,Temperatura,2005-12,1.80,711
6849,Odolo v.Praes,Temperatura,2006-01,1.05,744
6849,Odolo v.Praes,Temperatura,2006-02,3.41,672
6849,Odolo v.Praes,Temperatura,2006-03,8.05,740
6849,Odolo v.Praes,Temperatura,2006-04,13.46,720
6849,Odolo v.Praes,Temperatura,2006-05,17.80,741
6849,Odolo v.Praes,Temperatura,2006-06,22.43,712
6849,Odolo v.Praes,Temperatura,2006-07,25.86,741
6849,Odolo v.Praes,Temperatura,2006-08,20.65,744
6849,Odolo v.Praes,Temperatura,2006-09,20.10,698
6849,Odolo v.Praes,Temperatura,2006-10,14.99,743
6849,Odolo v.Praes,Temperatura,2006-11,9.20,720
6849,Odolo v.Praes,Temperatura,2006-12,5.22,735
6849,Odolo v.Praes,Temperatura,2007-01,5.82,709
6849,Odolo v.Praes,Temperatura,2007-04,16.66,342
6849,Odolo v.Praes,Temperatura,2007-05,17.41,729
6849,Odolo v.Praes,Temperatura,2007-06,21.15,714
6849,Odolo v.Praes,Temperatura,2007-07,24.25,744
6849,Odolo v.Praes,Temperatura,2007-08,21.90,744
6849,Odolo v.Praes,Temperatura,2007-09,17.50,717
6849,Odolo v.Praes,Temperatura,2007-10,13.58,731
6849,Odolo v.Praes,Temperatura,2007-11,6.38,720
6849,Odolo v.Praes,Temperatura,2007-12,-0.40,742
6849,Odolo v.Praes,Temperatura,2008-01,1.98,739
6849,Odolo v.Praes,Temperatura,2008-02,2.56,696
6849,Odolo v.Praes,Temperatura,2008-03,6.48,744
6849,Odolo v.Praes,Temperatura,2008-04,9.87,719
6849,Odolo v.Praes,Temperatura,2008-05,15.77,705
6849,Odolo v.Praes,Temperatura,2008-06,19.95,636
6849,Odolo v.Praes,Temperatura,2008-07,21.63,743
6849,Odolo v.Praes,Temperatura,2008-08,21.59,744
6849,Odolo v.Praes,Temperatura,2008-09,15.20,720
6849,Odolo v.Praes,Temperatura,2008-10,11.84,744
6849,Odolo v.Praes,Temperatura,2008-11,5.07,720
6849,Odolo v.Praes,Temperatura,2008-12,0.06,744
6849,Odolo v.Praes,Temperatura,2009-01,-1.26,744
6849,Odolo v.Praes,Temperatura,2009-02,0.76,672
6849,Odolo v.Praes,Temperatura,2009-03,5.31,744
6849,Odolo v.Praes,Temperatura,2009-04,10.71,720
6849,Odolo v.Praes,Temperatura,2009-05,16.94,743
6849,Odolo v.Praes,Temperatura,2009-06,18.82,720
6849,Odolo v.Praes,Temperatura,2009-07,22.14,744
6849,Odolo v.Praes,Temperatura,2009-08,23.40,744
6849,Odolo v.Praes,Temperatura,2009-09,17.99,720
6849,Odolo v.Praes,Temperatura,2009-10,11.08,744
6849,Odolo v.Praes,Temperatura,2009-11,6.78,720
6849,Odolo v.Praes,Temperatura,2009-12,0.49,743
6849,Odolo v.Praes,Temperatura,2010-01,0.06,744
6849,Odolo v.Praes,Temperatura,2010-02,2.92,671
6849,Odolo v.Praes,Temperatura,2010-03,6.79,744
6849,Odolo v.Praes,Temperatura,2010-04,12.25,720
6849,Odolo v.Praes,Temperatura,2010-05,16.57,744
6849,Odolo v.Praes,Temperatura,2010-06,22.89,718
6849,Odolo v.Praes,Temperatura,2010-07,26.01,650
6849,Odolo v.Praes,Temperatura,2010-08,22.12,742
6849,Odolo v.Praes,Temperatura,2010-09,16.26,720
6849,Odolo v.Praes,Temperatura,2010-10,10.23,744
6849,Odolo v.Praes,Temperatura,2010-11,7.46,720
6849,Odolo v.Praes,Temperatura,2010-12,-0.08,744
6849,Odolo v.Praes,Temperatura,2011-01,-3.86,1
6849,Odolo v.Praes,Temperatura,2011-01,1.02,743
6849,Odolo v.Praes,Temperatura,2011-02,3.83,672
6849,Odolo v.Praes,Temperatura,2011-03,7.59,744
6849,Odolo v.Praes,Temperatura,2011-04,14.17,720
6849,Odolo v.Praes,Temperatura,2011-05,17.50,653
6849,Odolo v.Praes,Temperatura,2011-06,19.54,718
6849,Odolo v.Praes,Temperatura,2011-07,20.76,744
6849,Odolo v.Praes,Temperatura,2011-08,22.36,743
6849,Odolo v.Praes,Temperatura,2011-09,19.43,720
6849,Odolo v.Praes,Temperatura,2011-10,11.72,742
6849,Odolo v.Praes,Temperatura,2011-11,5.99,720
6849,Odolo v.Praes,Temperatura,2011-12,1.99,744
6849,Odolo v.Praes,Temperatura,2012-01,0.39,735
6849,Odolo v.Praes,Temperatura,2012-02,0.08,696
6849,Odolo v.Praes,Temperatura,2012-03,10.26,744
6849,Odolo v.Praes,Temperatura,2012-04,10.38,648
6849,Odolo v.Praes,Temperatura,2012-05,16.04,682
6849,Odolo v.Praes,Temperatura,2012-06,21.63,719
6849,Odolo v.Praes,Temperatura,2012-07,22.80,744
6849,Odolo v.Praes,Temperatura,2012-08,24.04,744
6849,Odolo v.Praes,Temperatura,2012-09,17.28,697
6849,Odolo v.Praes,Temperatura,2012-10,12.68,743
6849,Odolo v.Praes,Temperatura,2012-11,7.53,368
6849,Odolo v.Praes,Temperatura,2012-12,-1.31,260
6849,Odolo v.Praes,Temperatura,2013-01,2.05,431
6849,Odolo v.Praes,Temperatura,2013-02,1.50,502
6849,Odolo v.Praes,Temperatura,2013-03,5.88,506
6849,Odolo v.Praes,Temperatura,2013-04,14.24,169
6849,Odolo v.Praes,Temperatura,2013-05,14.24,744
6849,Odolo v.Praes,Temperatura,2013-06,19.52,718
6849,Odolo v.Praes,Temperatura,2013-07,23.27,743
6849,Odolo v.Praes,Temperatura,2013-08,21.96,737
6849,Odolo v.Praes,Temperatura,2013-09,17.70,717
6849,Odolo v.Praes,Temperatura,2013-10,13.62,713
6849,Odolo v.Praes,Temperatura,2013-11,7.43,690
6849,Odolo v.Praes,Temperatura,2013-12,0.58,250
6849,Odolo v.Praes,Temperatura,2015-04,13.74,226
6849,Odolo v.Praes,Temperatura,2015-05,17.03,4455
6849,Odolo v.Praes,Temperatura,2015-06,21.31,4176
6849,Odolo v.Praes,Temperatura,2015-07,25.88,4196
6849,Odolo v.Praes,Temperatura,2015-08,22.62,4464
6849,Odolo v.Praes,Temperatura,2015-09,17.11,4205
6849,Odolo v.Praes,Temperatura,2015-10,12.13,4398
6849,Odolo v.Praes,Temperatura,2015-11,7.05,4320
6849,Odolo v.Praes,Temperatura,2015-12,2.54,4464
6849,Odolo v.Praes,Temperatura,2016-01,1.85,4464
6849,Odolo v.Praes,Temperatura,2016-02,6.15,4176
6849,Odolo v.Praes,Temperatura,2016-03,8.51,4462
6849,Odolo v.Praes,Temperatura,2016-04,13.40,4320
6849,Odolo v.Praes,Temperatura,2016-05,15.20,4464
6849,Odolo v.Praes,Temperatura,2016-06,19.90,4265
6849,Odolo v.Praes,Temperatura,2016-07,23.25,4420
6849,Odolo v.Praes,Temperatura,2016-08,21.18,4354
6849,Odolo v.Praes,Temperatura,2016-09,19.10,4320
6849,Odolo v.Praes,Temperatura,2016-10,12.09,4463
6849,Odolo v.Praes,Temperatura,2016-11,8.08,4320
6849,Odolo v.Praes,Temperatura,2016-12,2.96,4464
6849,Odolo v.Praes,Temperatura,2017-01,-0.14,4463
6849,Odolo v.Praes,Temperatura,2017-02,5.81,4021
6849,Odolo v.Praes,Temperatura,2017-03,10.57,4389
6849,Odolo v.Praes,Temperatura,2017-04,12.59,4320
6849,Odolo v.Praes,Temperatura,2017-05,17.13,4464
6849,Odolo v.Praes,Temperatura,2017-06,22.48,4320
6849,Odolo v.Praes,Temperatura,2017-07,23.31,3958
6849,Odolo v.Praes,Temperatura,2017-08,23.25,4463
6849,Odolo v.Praes,Temperatura,2017-09,16.18,4038
6849,Odolo v.Praes,Temperatura,2017-10,12.73,4449
6849,Odolo v.Praes,Temperatura,2017-11,6.88,4319
6849,Odolo v.Praes,Temperatura,2017-12,2.07,4464
6849,Odolo v.Praes,Temperatura,2018-01,4.87,4464
6849,Odolo v.Praes,Temperatura,2018-02,3.28,4032
6849,Odolo v.Praes,Temperatura,2018-03,6.68,4457
6849,Odolo v.Praes,Temperatura,2018-04,14.63,4317
6849,Odolo v.Praes,Temperatura,2018-05,17.63,4348
6849,Odolo v.Praes,Temperatura,2018-06,21.45,4294
6849,Odolo v.Praes,Temperatura,2018-07,23.17,3246
6849,Odolo v.Praes,Temperatura,2018-08,23.28,4366
6849,Odolo v.Praes,Temperatura,2018-09,19.11,4318
6849,Odolo v.Praes,Temperatura,2018-10,14.51,4450
6849,Odolo v.Praes,Temperatura,2018-11,9.26,4312
6849,Odolo v.Praes,Temperatura,2018-12,2.48,4464
6849,Odolo v.Praes,Temperatura,2019-01,1.59,4463
6849,Odolo v.Praes,Temperatura,2019-02,5.67,4032
6849,Odolo v.Praes,Temperatura,2019-03,9.18,4463
6849,Odolo v.Praes,Temperatura,2019-04,11.85,4313
6849,Odolo v.Praes,Temperatura,2019-05,13.80,4463
6849,Odolo v.Praes,Temperatura,2019-06,23.29,4311
6849,Odolo v.Praes,Temperatura,2019-07,24.21,4463
6849,Odolo v.Praes,Temperatura,2019-08,22.96,4462
6849,Odolo v.Praes,Temperatura,2019-09,18.62,2672
6849,Odolo v.Praes,Temperatura,2019-10,14.46,4459
6849,Odolo v.Praes,Temperatura,2019-11,8.44,4285
6849,Odolo v.Praes,Temperatura,2019-12,3.84,3853
6849,Odolo v.Praes,Temperatura,2020-01,2.70,4338
6849,Odolo v.Praes,Temperatura,2020-02,6.50,4170
6849,Odolo v.Praes,Temperatura,2020-03,7.98,4458
6849,Odolo v.Praes,Temperatura,2020-04,12.76,3797
6849,Odolo v.Praes,Temperatura,2020-05,17.07,4462
6849,Odolo v.Praes,Temperatura,2020-06,19.93,4317
6849,Odolo v.Praes,Temperatura,2020-07,22.71,4455
6849,Odolo v.Praes,Temperatura,2020-08,22.58,4462
6849,Odolo v.Praes,Temperatura,2020-09,18.27,4312
6849,Odolo v.Praes,Temperatura,2020-10,11.80,4266
6849,Odolo v.Praes,Temperatura,2020-11,7.95,4317
6849,Odolo v.Praes,Temperatura,2020-12,4.69,4460
6849,Odolo v.Praes,Temperatura,2021-01,1.36,1
6849,Odolo v.Praes,Temperatura,2021-01,1.54,4462
6849,Odolo v.Praes,Temperatura,2021-02,6.57,4031
6849,Odolo v.Praes,Temperatura,2021-03,7.87,4453
6849,Odolo v.Praes,Temperatura,2021-04,10.59,4316
6849,Odolo v.Praes,Temperatura,2021-05,14.81,4464
6849,Odolo v.Praes,Temperatura,2021-06,22.56,3918
6849,Odolo v.Praes,Temperatura,2021-07,22.50,4463
6849,Odolo v.Praes,Temperatura,2021-08,21.33,4459
6849,Odolo v.Praes,Temperatura,2021-09,18.76,4316
6849,Odolo v.Praes,Temperatura,2021-10,12.01,4461
6849,Odolo v.Praes,Temperatura,2021-11,7.88,4312
6849,Odolo v.Praes,Temperatura,2021-12,3.12,4449
6849,Odolo v.Praes,Temperatura,2022-01,2.49,4446
6849,Odolo v.Praes,Temperatura,2022-02,5.72,4031
6849,Odolo v.Praes,Temperatura,2022-03,7.31,4449
6849,Odolo v.Praes,Temperatura,2022-04,11.34,4305
6849,Odolo v.Praes,Temperatura,2022-05,18.62,4449
6849,Odolo v.Praes,Temperatura,2022-06,22.68,4218
6849,Odolo v.Praes,Temperatura,2022-07,25.42,4449
6849,Odolo v.Praes,Temperatura,2022-08,22.90,4442
6849,Odolo v.Praes,Temperatura,2022-09,17.22,4305
6849,Odolo v.Praes,Temperatura,2022-10,15.06,4463
6849,Odolo v.Praes,Temperatura,2022-11,7.96,4304
6849,Odolo v.Praes,Temperatura,2022-12,5.16,4449
6849,Odolo v.Praes,Temperatura,2023-01,4.43,4441
6849,Odolo v.Praes,Temperatura,2023-02,5.35,3936
6849,Odolo v.Praes,Temperatura,2023-03,9.36,4460
6849,Odolo v.Praes,Temperatura,2023-04,11.24,4320
6849,Odolo v.Praes,Temperatura,2023-05,15.97,3811
6849,Odolo v.Praes,Temperatura,2023-06,21.00,4301
6849,Odolo v.Praes,Temperatura,2023-07,22.96,4441
6849,Odolo v.Praes,Temperatura,2023-08,22.59,4438
6849,Odolo v.Praes,Temperatura,2023-09,19.42,4306
6849,Odolo v.Praes,Temperatura,2023-10,15.27,4450
6849,Odolo v.Praes,Temperatura,2023-11,6.37,4306
6849,Odolo v.Praes,Temperatura,2023-12,4.33,3524
6849,Odolo v.Praes,Temperatura,2024-01,3.24,4445
6849,Odolo v.Praes,Temperatura,2024-02,7.51,4164
6849,Odolo v.Praes,Temperatura,2024-03,9.80,4452
6849,Odolo v.Praes,Temperatura,2024-04,12.29,4308
6849,Odolo v.Praes,Temperatura,2024-05,15.64,4450
6849,Odolo v.Praes,Temperatura,2024-06,20.11,4307
6849,Odolo v.Praes,Temperatura,2024-07,23.85,4367
6849,Odolo v.Praes,Temperatura,2024-08,24.05,4410
6849,Odolo v.Praes,Temperatura,2024-09,17.26,4291
6849,Odolo v.Praes,Temperatura,2024-10,13.94,4323
6849,Odolo v.Praes,Temperatura,2024-11,6.36,3798
6849,Odolo v.Praes,Temperatura,2024-12,2.69,4077
6849,Odolo v.Praes,Temperatura,2025-01,3.73,4426
6849,Odolo v.Praes,Temperatura,2025-02,5.49,4013
6849,Odolo v.Praes,Temperatura,2025-03,8.86,4442
6849,Odolo v.Praes,Temperatura,2025-04,13.23,4302
6849,Odolo v.Praes,Temperatura,2025-05,16.09,4447
6849,Odolo v.Praes,Temperatura,2025-06,22.73,4302
6849,Odolo v.Praes,Temperatura,2025-07,20.95,4396
6849,Odolo v.Praes,Temperatura,2025-08,21.02,4448
6849,Odolo v.Praes,Temperatura,2025-09,16.48,4303
6849,Odolo v.Praes,Temperatura,2025-10,10.86,4445
6849,Odolo v.Praes,Temperatura,2025-11,5.13,4299
6849,Odolo v.Praes,Temperatura,2025-12,3.33,4446
6849,Odolo v.Praes,Temperatura,2026-01,0.72,4443
6849,Odolo v.Praes,Temperatura,2026-02,5.12,4010
6849,Odolo v.Praes,Temperatura,2026-03,7.12,1
8019,Edolo Pantano d`Avio,Temperatura,1993-05,5.77,745
8019,Edolo Pantano d`Avio,Temperatura,1993-06,8.84,720
8019,Edolo Pantano d`Avio,Temperatura,1993-07,9.59,733
8019,Edolo Pantano d`Avio,Temperatura,1993-08,12.62,583
8019,Edolo Pantano d`Avio,Temperatura,1993-09,1.83,90
8019,Edolo Pantano d`Avio,Temperatura,1993-10,2.68,1390
8019,Edolo Pantano d`Avio,Temperatura,1993-11,-3.59,1305
8019,Edolo Pantano d`Avio,Temperatura,1993-12,-3.26,1485
8019,Edolo Pantano d`Avio,Temperatura,1994-01,-3.21,1487
8019,Edolo Pantano d`Avio,Temperatura,1994-02,-5.57,1332
8019,Edolo Pantano d`Avio,Temperatura,1994-03,1.83,1487
8019,Edolo Pantano d`Avio,Temperatura,1994-04,-0.53,1440
8019,Edolo Pantano d`Avio,Temperatura,1994-05,5.28,1488
8019,Edolo Pantano d`Avio,Temperatura,1994-06,9.18,1440
8019,Edolo Pantano d`Avio,Temperatura,1994-07,12.67,1488
8019,Edolo Pantano d`Avio,Temperatura,1994-08,12.28,1488
8019,Edolo Pantano d`Avio,Temperatura,1994-09,6.96,1440
8019,Edolo Pantano d`Avio,Temperatura,1994-10,3.28,1488
8019,Edolo Pantano d`Avio,Temperatura,1994-11,2.70,1436
8019,Edolo Pantano d`Avio,Temperatura,1994-12,-1.66,1488
8019,Edolo Pantano d`Avio,Temperatura,1995-01,-6.49,1364
8019,Edolo Pantano d`Avio,Temperatura,1995-02,-1.89,1339
8019,Edolo Pantano d`Avio,Temperatura,1995-03,-4.16,1471
8019,Edolo Pantano d`Avio,Temperatura,1995-04,1.52,1439
8019,Edolo Pantano d`Avio,Temperatura,1995-05,4.57,1488
8019,Edolo Pantano d`Avio,Temperatura,1995-06,6.42,1440
8019,Edolo Pantano d`Avio,Temperatura,1995-07,12.47,1488
8019,Edolo Pantano d`Avio,Temperatura,1995-08,9.34,1488
8019,Edolo Pantano d`Avio,Temperatura,1995-09,4.45,1440
8019,Edolo Pantano d`Avio,Temperatura,1995-10,6.70,1488
8019,Edolo Pantano d`Avio,Temperatura,1995-11,-1.93,1440
8019,Edolo Pantano d`Avio,Temperatura,1995-12,-4.37,1488
8019,Edolo Pantano d`Avio,Temperatura,1996-01,-3.36,1446
8019,Edolo Pantano d`Avio,Temperatura,1996-02,-6.79,1392
8019,Edolo Pantano d`Avio,Temperatura,1996-03,-4.26,1488
8019,Edolo Pantano d`Avio,Temperatura,1996-04,1.43,1440
8019,Edolo Pantano d`Avio,Temperatura,1996-05,4.94,1488
8019,Edolo Pantano d`Avio,Temperatura,1996-06,9.22,1440
8019,Edolo Pantano d`Avio,Temperatura,1996-07,9.46,1488
8019,Edolo Pantano d`Avio,Temperatura,1996-08,8.85,1488
8019,Edolo Pantano d`Avio,Temperatura,1996-09,4.06,1440
8019,Edolo Pantano d`Avio,Temperatura,1996-10,3.30,1488
8019,Edolo Pantano d`Avio,Temperatura,1996-11,-1.67,1440
8019,Edolo Pantano d`Avio,Temperatura,1996-12,-3.93,1488
8019,Edolo Pantano d`Avio,Temperatura,1997-01,-2.13,1488
8019,Edolo Pantano d`Avio,Temperatura,1997-02,-2.03,1344
8019,Edolo Pantano d`Avio,Temperatura,1997-03,0.90,1488
8019,Edolo Pantano d`Avio,Temperatura,1997-04,-0.01,1440
8019,Edolo Pantano d`Avio,Temperatura,1997-05,5.39,1488
8019,Edolo Pantano d`Avio,Temperatura,1997-06,7.63,1440
8019,Edolo Pantano d`Avio,Temperatura,1997-07,9.57,1488
8019,Edolo Pantano d`Avio,Temperatura,1997-08,10.97,1488
8019,Edolo Pantano d`Avio,Temperatura,1997-09,9.80,1440
8019,Edolo Pantano d`Avio,Temperatura,1997-10,3.94,1488
8019,Edolo Pantano d`Avio,Temperatura,1997-11,-0.47,1440
8019,Edolo Pantano d`Avio,Temperatura,1997-12,-3.27,1488
8019,Edolo Pantano d`Avio,Temperatura,1998-01,-3.17,1488
8019,Edolo Pantano d`Avio,Temperatura,1998-02,0.99,1344
8019,Edolo Pantano d`Avio,Temperatura,1998-03,-1.43,1488
8019,Edolo Pantano d`Avio,Temperatura,1998-04,0.47,1440
8019,Edolo Pantano d`Avio,Temperatura,1998-05,5.65,1488
8019,Edolo Pantano d`Avio,Temperatura,1998-06,9.62,1440
8019,Edolo Pantano d`Avio,Temperatura,1998-07,11.65,1488
8019,Edolo Pantano d`Avio,Temperatura,1998-08,12.06,1488
8019,Edolo Pantano d`Avio,Temperatura,1998-09,6.26,1440
8019,Edolo Pantano d`Avio,Temperatura,1998-10,2.64,1488
8019,Edolo Pantano d`Avio,Temperatura,1998-11,-3.39,1440
8019,Edolo Pantano d`Avio,Temperatura,1998-12,-3.88,1488
8019,Edolo Pantano d`Avio,Temperatura,1999-01,-3.21,1488
8019,Edolo Pantano d`Avio,Temperatura,1999-02,-5.38,1344
8019,Edolo Pantano d`Avio,Temperatura,1999-03,-1.43,1488
8019,Edolo Pantano d`Avio,Temperatura,1999-04,1.10,1440
8019,Edolo Pantano d`Avio,Temperatura,1999-05,7.10,1488
8019,Edolo Pantano d`Avio,Temperatura,1999-06,8.05,1440
8019,Edolo Pantano d`Avio,Temperatura,1999-07,11.00,1488
8019,Edolo Pantano d`Avio,Temperatura,1999-08,10.88,1488
8019,Edolo Pantano d`Avio,Temperatura,1999-09,8.46,1440
8019,Edolo Pantano d`Avio,Temperatura,1999-10,4.52,1488
8019,Edolo Pantano d`Avio,Temperatura,1999-11,-2.55,1440
8019,Edolo Pantano d`Avio,Temperatura,1999-12,-4.67,1488
8019,Edolo Pantano d`Avio,Temperatura,2000-01,-4.02,1488
8019,Edolo Pantano d`Avio,Temperatura,2000-02,-2.55,1392
8019,Edolo Pantano d`Avio,Temperatura,2000-03,-0.66,1488
8019,Edolo Pantano d`Avio,Temperatura,2000-04,2.18,1440
8019,Edolo Pantano d`Avio,Temperatura,2000-05,6.77,1488
8019,Edolo Pantano d`Avio,Temperatura,2000-06,10.32,1440
8019,Edolo Pantano d`Avio,Temperatura,2000-07,9.02,1488
8019,Edolo Pantano d`Avio,Temperatura,2000-08,11.99,1488
8019,Edolo Pantano d`Avio,Temperatura,2000-09,8.26,1440
8019,Edolo Pantano d`Avio,Temperatura,2000-10,4.22,1488
8019,Edolo Pantano d`Avio,Temperatura,2000-11,-0.85,1440
8019,Edolo Pantano d`Avio,Temperatura,2000-12,-2.07,1488
8019,Edolo Pantano d`Avio,Temperatura,2001-01,-4.10,1488
8019,Edolo Pantano d`Avio,Temperatura,2001-02,-3.04,1344
8019,Edolo Pantano d`Avio,Temperatura,2001-03,0.39,1488
8019,Edolo Pantano d`Avio,Temperatura,2001-04,-0.09,1440
8019,Edolo Pantano d`Avio,Temperatura,2001-05,7.53,1488
8019,Edolo Pantano d`Avio,Temperatura,2001-06,8.50,1440
8019,Edolo Pantano d`Avio,Temperatura,2001-07,11.25,1488
8019,Edolo Pantano d`Avio,Temperatura,2001-08,12.55,1488
8019,Edolo Pantano d`Avio,Temperatura,2001-09,4.41,1440
8019,Edolo Pantano d`Avio,Temperatura,2001-10,6.94,1488
8019,Edolo Pantano d`Avio,Temperatura,2001-11,-0.07,1440
8019,Edolo Pantano d`Avio,Temperatura,2001-12,-5.38,1488
8019,Edolo Pantano d`Avio,Temperatura,2002-01,-2.06,1488
8019,Edolo Pantano d`Avio,Temperatura,2002-02,-1.50,1344
8019,Edolo Pantano d`Avio,Temperatura,2002-03,0.19,1488
8019,Edolo Pantano d`Avio,Temperatura,2002-04,1.06,1440
8019,Edolo Pantano d`Avio,Temperatura,2002-05,5.48,1488
8019,Edolo Pantano d`Avio,Temperatura,2002-06,11.22,1440
8019,Edolo Pantano d`Avio,Temperatura,2002-07,10.87,1488
8019,Edolo Pantano d`Avio,Temperatura,2002-08,10.00,1488
8019,Edolo Pantano d`Avio,Temperatura,2002-09,5.83,1440
8019,Edolo Pantano d`Avio,Temperatura,2002-10,4.03,1488
8019,Edolo Pantano d`Avio,Temperatura,2002-11,0.05,1440
8019,Edolo Pantano d`Avio,Temperatura,2002-12,-2.11,1488
8019,Edolo Pantano d`Avio,Temperatura,2003-01,-5.02,1488
8019,Edolo Pantano d`Avio,Temperatura,2003-02,-7.11,1344
8019,Edolo Pantano d`Avio,Temperatura,2003-03,0.19,1488
8019,Edolo Pantano d`Avio,Temperatura,2003-04,0.28,3072
8019,Edolo Pantano d`Avio,Temperatura,2003-05,2.42,4464
8019,Edolo Pantano d`Avio,Temperatura,2003-06,4.55,4320
8019,Edolo Pantano d`Avio,Temperatura,2003-07,8.71,4464
8019,Edolo Pantano d`Avio,Temperatura,2003-08,15.54,3600
8019,Edolo Pantano d`Avio,Temperatura,2003-09,8.61,3518
8019,Edolo Pantano d`Avio,Temperatura,2003-10,0.62,1628
8019,Edolo Pantano d`Avio,Temperatura,2003-11,1.05,1440
8019,Edolo Pantano d`Avio,Temperatura,2003-12,-2.51,1488
8019,Edolo Pantano d`Avio,Temperatura,2004-01,-5.55,1488
8019,Edolo Pantano d`Avio,Temperatura,2004-02,-2.41,1392
8019,Edolo Pantano d`Avio,Temperatura,2004-03,-2.33,1488
8019,Edolo Pantano d`Avio,Temperatura,2004-04,1.29,1440
8019,Edolo Pantano d`Avio,Temperatura,2004-05,4.15,1488
8019,Edolo Pantano d`Avio,Temperatura,2004-06,9.49,1440
8019,Edolo Pantano d`Avio,Temperatura,2004-07,10.89,1488
8019,Edolo Pantano d`Avio,Temperatura,2004-08,11.11,1488
8019,Edolo Pantano d`Avio,Temperatura,2004-09,8.34,1440
8019,Edolo Pantano d`Avio,Temperatura,2004-10,4.61,1488
8019,Edolo Pantano d`Avio,Temperatura,2004-11,0.01,1440
8019,Edolo Pantano d`Avio,Temperatura,2004-12,-1.90,1488
8019,Edolo Pantano d`Avio,Temperatura,2005-01,-3.80,1488
8019,Edolo Pantano d`Avio,Temperatura,2005-02,-8.28,1344
8019,Edolo Pantano d`Avio,Temperatura,2005-03,-2.08,1488
8019,Edolo Pantano d`Avio,Temperatura,2005-04,1.22,1440
8019,Edolo Pantano d`Avio,Temperatura,2005-05,6.43,1488
8019,Edolo Pantano d`Avio,Temperatura,2005-06,10.24,1440
8019,Edolo Pantano d`Avio,Temperatura,2005-07,11.43,1488
8019,Edolo Pantano d`Avio,Temperatura,2005-08,9.44,1488
8019,Edolo Pantano d`Avio,Temperatura,2005-09,7.82,1440
8019,Edolo Pantano d`Avio,Temperatura,2005-10,4.76,1488
8019,Edolo Pantano d`Avio,Temperatura,2005-11,-2.09,1440
8019,Edolo Pantano d`Avio,Temperatura,2005-12,-5.78,1488
8019,Edolo Pantano d`Avio,Temperatura,2006-01,-5.94,1488
8019,Edolo Pantano d`Avio,Temperatura,2006-02,-5.21,1344
8019,Edolo Pantano d`Avio,Temperatura,2006-03,-3.93,1488
8019,Edolo Pantano d`Avio,Temperatura,2006-04,1.76,1440
8019,Edolo Pantano d`Avio,Temperatura,2006-05,5.52,1488
8019,Edolo Pantano d`Avio,Temperatura,2006-06,10.00,1439
8019,Edolo Pantano d`Avio,Temperatura,2006-07,13.44,1269
8019,Edolo Pantano d`Avio,Temperatura,2006-08,7.88,1488
8019,Edolo Pantano d`Avio,Temperatura,2006-09,9.70,1440
8019,Edolo Pantano d`Avio,Temperatura,2006-10,6.14,1488
8019,Edolo Pantano d`Avio,Temperatura,2006-11,1.37,1440
8019,Edolo Pantano d`Avio,Temperatura,2006-12,-0.67,1488
8019,Edolo Pantano d`Avio,Temperatura,2007-01,-1.11,1488
8019,Edolo Pantano d`Avio,Temperatura,2007-02,-1.78,1344
8019,Edolo Pantano d`Avio,Temperatura,2007-03,-1.25,1488
8019,Edolo Pantano d`Avio,Temperatura,2007-04,5.19,1440
8019,Edolo Pantano d`Avio,Temperatura,2007-05,6.50,1488
8019,Edolo Pantano d`Avio,Temperatura,2007-06,9.39,1440
8019,Edolo Pantano d`Avio,Temperatura,2007-07,11.43,1488
8019,Edolo Pantano d`Avio,Temperatura,2007-08,10.11,1488
8019,Edolo Pantano d`Avio,Temperatura,2007-09,6.04,1440
8019,Edolo Pantano d`Avio,Temperatura,2007-10,3.71,1488
8019,Edolo Pantano d`Avio,Temperatura,2007-11,-1.48,1440
8019,Edolo Pantano d`Avio,Temperatura,2007-12,-3.73,1488
8019,Edolo Pantano d`Avio,Temperatura,2008-01,-1.88,1488
8019,Edolo Pantano d`Avio,Temperatura,2008-02,-1.63,1392
8019,Edolo Pantano d`Avio,Temperatura,2008-03,-2.61,1488
8019,Edolo Pantano d`Avio,Temperatura,2008-04,0.29,1440
8019,Edolo Pantano d`Avio,Temperatura,2008-05,5.90,1488
8019,Edolo Pantano d`Avio,Temperatura,2008-06,9.77,1440
8019,Edolo Pantano d`Avio,Temperatura,2008-07,10.84,1488
8019,Edolo Pantano d`Avio,Temperatura,2008-08,11.12,1488
8019,Edolo Pantano d`Avio,Temperatura,2008-09,6.06,1440
8019,Edolo Pantano d`Avio,Temperatura,2008-10,4.10,1488
8019,Edolo Pantano d`Avio,Temperatura,2008-11,-1.65,1440
8019,Edolo Pantano d`Avio,Temperatura,2008-12,-3.74,1488
8019,Edolo Pantano d`Avio,Temperatura,2009-01,-5.11,1488
8019,Edolo Pantano d`Avio,Temperatura,2009-02,-5.84,1344
8019,Edolo Pantano d`Avio,Temperatura,2009-03,-2.09,1488
8019,Edolo Pantano d`Avio,Temperatura,2009-04,2.51,1440
8019,Edolo Pantano d`Avio,Temperatura,2009-05,7.73,1488
8019,Edolo Pantano d`Avio,Temperatura,2009-06,9.03,1440
8019,Edolo Pantano d`Avio,Temperatura,2009-07,11.26,1488
8019,Edolo Pantano d`Avio,Temperatura,2009-08,12.40,1488
8019,Edolo Pantano d`Avio,Temperatura,2009-09,8.35,1440
8019,Edolo Pantano d`Avio,Temperatura,2009-10,3.21,1488
8019,Edolo Pantano d`Avio,Temperatura,2009-11,0.40,1440
8019,Edolo Pantano d`Avio,Temperatura,2009-12,-5.51,1488
8019,Edolo Pantano d`Avio,Temperatura,2010-01,-6.91,1488
8019,Edolo Pantano d`Avio,Temperatura,2010-02,-6.08,1344
8019,Edolo Pantano d`Avio,Temperatura,2010-03,-3.18,1488
8019,Edolo Pantano d`Avio,Temperatura,2010-04,1.57,1440
8019,Edolo Pantano d`Avio,Temperatura,2010-05,3.99,1488
8019,Edolo Pantano d`Avio,Temperatura,2010-06,9.26,1440
8019,Edolo Pantano d`Avio,Temperatura,2010-07,12.82,1488
8019,Edolo Pantano d`Avio,Temperatura,2010-08,9.99,1488
8019,Edolo Pantano d`Avio,Temperatura,2010-09,6.26,1440
8019,Edolo Pantano d`Avio,Temperatura,2010-10,2.21,1488
8019,Edolo Pantano d`Avio,Temperatura,2010-11,-1.84,1440
8019,Edolo Pantano d`Avio,Temperatura,2010-12,-6.03,1488
8019,Edolo Pantano d`Avio,Temperatura,2011-01,-2.50,1
8019,Edolo Pantano d`Avio,Temperatura,2011-01,-4.30,1487
8019,Edolo Pantano d`Avio,Temperatura,2011-02,-2.07,1344
8019,Edolo Pantano d`Avio,Temperatura,2011-03,-0.84,1488
8019,Edolo Pantano d`Avio,Temperatura,2011-04,3.91,1440
8019,Edolo Pantano d`Avio,Temperatura,2011-05,6.67,1488
8019,Edolo Pantano d`Avio,Temperatura,2011-06,9.27,1440
8019,Edolo Pantano d`Avio,Temperatura,2011-07,9.47,1488
8019,Edolo Pantano d`Avio,Temperatura,2011-08,12.26,1488
8019,Edolo Pantano d`Avio,Temperatura,2011-09,9.88,1741
8019,Edolo Pantano d`Avio,Temperatura,2011-10,3.94,4462
8019,Edolo Pantano d`Avio,Temperatura,2011-11,1.98,4318
8019,Edolo Pantano d`Avio,Temperatura,2011-12,-3.49,4462
8019,Edolo Pantano d`Avio,Temperatura,2012-01,-4.14,4462
8019,Edolo Pantano d`Avio,Temperatura,2012-02,-6.46,4175
8019,Edolo Pantano d`Avio,Temperatura,2012-03,2.23,4463
8019,Edolo Pantano d`Avio,Temperatura,2012-04,1.23,4318
8019,Edolo Pantano d`Avio,Temperatura,2012-05,6.03,4422
8019,Edolo Pantano d`Avio,Temperatura,2012-06,10.89,4233
8019,Edolo Pantano d`Avio,Temperatura,2012-07,11.99,4353
8019,Edolo Pantano d`Avio,Temperatura,2012-08,13.07,3651
8019,Edolo Pantano d`Avio,Temperatura,2012-09,7.71,4205
8019,Edolo Pantano d`Avio,Temperatura,2012-10,4.27,4218
8019,Edolo Pantano d`Avio,Temperatura,2012-11,0.57,4202
8019,Edolo Pantano d`Avio,Temperatura,2012-12,-5.48,4355
8019,Edolo Pantano d`Avio,Temperatura,2013-01,-3.63,3931
8019,Edolo Pantano d`Avio,Temperatura,2013-02,-7.76,3798
8019,Edolo Pantano d`Avio,Temperatura,2013-03,-3.03,4324
8019,Edolo Pantano d`Avio,Temperatura,2013-04,2.81,4177
8019,Edolo Pantano d`Avio,Temperatura,2013-05,3.70,4324
8019,Edolo Pantano d`Avio,Temperatura,2013-06,8.59,4186
8019,Edolo Pantano d`Avio,Temperatura,2013-07,12.57,4258
8019,Edolo Pantano d`Avio,Temperatura,2013-08,11.52,4265
8019,Edolo Pantano d`Avio,Temperatura,2013-09,8.38,4174
8019,Edolo Pantano d`Avio,Temperatura,2013-10,4.57,4314
8019,Edolo Pantano d`Avio,Temperatura,2013-11,-0.99,4184
8019,Edolo Pantano d`Avio,Temperatura,2013-12,-1.13,4285
8019,Edolo Pantano d`Avio,Temperatura,2014-01,-3.23,4291
8019,Edolo Pantano d`Avio,Temperatura,2014-02,-3.10,3844
8019,Edolo Pantano d`Avio,Temperatura,2014-03,0.65,4378
8019,Edolo Pantano d`Avio,Temperatura,2014-04,3.32,4255
8019,Edolo Pantano d`Avio,Temperatura,2014-05,4.76,4417
8019,Edolo Pantano d`Avio,Temperatura,2014-06,9.10,4199
8019,Edolo Pantano d`Avio,Temperatura,2014-07,10.08,4385
8019,Edolo Pantano d`Avio,Temperatura,2014-08,9.19,4350
8019,Edolo Pantano d`Avio,Temperatura,2014-09,8.04,4218
8019,Edolo Pantano d`Avio,Temperatura,2014-10,5.35,3328
8019,Edolo Pantano d`Avio,Temperatura,2014-11,2.53,4267
8019,Edolo Pantano d`Avio,Temperatura,2014-12,-1.58,4392
8019,Edolo Pantano d`Avio,Temperatura,2015-01,-2.81,4273
8019,Edolo Pantano d`Avio,Temperatura,2015-02,-3.89,3579
8019,Edolo Pantano d`Avio,Temperatura,2015-03,-0.37,4197
8019,Edolo Pantano d`Avio,Temperatura,2015-04,2.50,4111
8019,Edolo Pantano d`Avio,Temperatura,2015-05,7.28,3969
8019,Edolo Pantano d`Avio,Temperatura,2015-06,10.92,2944
8019,Edolo Pantano d`Avio,Temperatura,2015-07,15.96,4255
8019,Edolo Pantano d`Avio,Temperatura,2015-08,13.10,3917
8019,Edolo Pantano d`Avio,Temperatura,2015-09,7.68,3466
8019,Edolo Pantano d`Avio,Temperatura,2015-10,3.36,4174
8019,Edolo Pantano d`Avio,Temperatura,2015-11,2.98,4024
8019,Edolo Pantano d`Avio,Temperatura,2015-12,1.48,3889
8019,Edolo Pantano d`Avio,Temperatura,2016-01,-4.24,3171
8019,Edolo Pantano d`Avio,Temperatura,2016-02,-2.63,3527
8019,Edolo Pantano d`Avio,Temperatura,2016-03,-2.52,4129
8019,Edolo Pantano d`Avio,Temperatura,2016-04,2.68,3541
8019,Edolo Pantano d`Avio,Temperatura,2016-05,4.27,4372
8019,Edolo Pantano d`Avio,Temperatura,2016-06,8.75,4284
8019,Edolo Pantano d`Avio,Temperatura,2016-07,12.17,4407
8019,Edolo Pantano d`Avio,Temperatura,2016-08,11.52,3654
8019,Edolo Pantano d`Avio,Temperatura,2016-09,9.08,3836
8019,Edolo Pantano d`Avio,Temperatura,2016-10,3.48,1860
8019,Edolo Pantano d`Avio,Temperatura,2016-11,-1.24,3301
8019,Edolo Pantano d`Avio,Temperatura,2016-12,-0.54,4367
8019,Edolo Pantano d`Avio,Temperatura,2017-01,-6.78,4324
8019,Edolo Pantano d`Avio,Temperatura,2017-02,-1.98,3965
8019,Edolo Pantano d`Avio,Temperatura,2017-03,1.71,4315
8019,Edolo Pantano d`Avio,Temperatura,2017-04,2.08,4173
8019,Edolo Pantano d`Avio,Temperatura,2017-05,6.63,4224
8019,Edolo Pantano d`Avio,Temperatura,2017-06,11.88,3906
8019,Edolo Pantano d`Avio,Temperatura,2017-07,12.29,4070
8019,Edolo Pantano d`Avio,Temperatura,2017-08,15.19,2049
8019,Edolo Pantano d`Avio,Temperatura,2017-09,5.62,4064
8019,Edolo Pantano d`Avio,Temperatura,2017-10,5.44,4047
8019,Edolo Pantano d`Avio,Temperatura,2017-11,-1.44,4289
8019,Edolo Pantano d`Avio,Temperatura,2017-12,-5.05,4297
8019,Edolo Pantano d`Avio,Temperatura,2018-01,-2.98,4159
8019,Edolo Pantano d`Avio,Temperatura,2018-02,-7.35,3930
8019,Edolo Pantano d`Avio,Temperatura,2018-03,-2.82,4422
8019,Edolo Pantano d`Avio,Temperatura,2018-04,4.39,4218
8019,Edolo Pantano d`Avio,Temperatura,2018-05,6.76,4263
8019,Edolo Pantano d`Avio,Temperatura,2018-06,10.40,4284
8019,Edolo Pantano d`Avio,Temperatura,2018-07,12.54,4433
8019,Edolo Pantano d`Avio,Temperatura,2018-08,12.24,4210
8019,Edolo Pantano d`Avio,Temperatura,2018-09,9.53,4285
8019,Edolo Pantano d`Avio,Temperatura,2018-10,5.38,4415
8019,Edolo Pantano d`Avio,Temperatura,2018-11,0.08,4044
8019,Edolo Pantano d`Avio,Temperatura,2018-12,-2.98,4432
8019,Edolo Pantano d`Avio,Temperatura,2019-01,-6.61,4423
8019,Edolo Pantano d`Avio,Temperatura,2019-02,-0.32,3952
8019,Edolo Pantano d`Avio,Temperatura,2019-03,-0.53,4185
8019,Edolo Pantano d`Avio,Temperatura,2019-04,1.71,4275
8019,Edolo Pantano d`Avio,Temperatura,2019-05,3.43,4368
8019,Edolo Pantano d`Avio,Temperatura,2019-06,12.81,4142
8019,Edolo Pantano d`Avio,Temperatura,2019-07,12.97,4323
8019,Edolo Pantano d`Avio,Temperatura,2019-08,12.25,4432
8019,Edolo Pantano d`Avio,Temperatura,2019-09,8.42,4180
8019,Edolo Pantano d`Avio,Temperatura,2019-10,5.55,4396
8019,Edolo Pantano d`Avio,Temperatura,2019-11,-1.59,4284
8019,Edolo Pantano d`Avio,Temperatura,2019-12,-1.87,4425
8019,Edolo Pantano d`Avio,Temperatura,2020-01,-2.35,4423
8019,Edolo Pantano d`Avio,Temperatura,2020-02,-1.60,4146
8019,Edolo Pantano d`Avio,Temperatura,2020-03,-1.36,4422
8019,Edolo Pantano d`Avio,Temperatura,2020-04,3.65,4286
8019,Edolo Pantano d`Avio,Temperatura,2020-05,6.40,4380
8019,Edolo Pantano d`Avio,Temperatura,2020-06,8.50,4288
8019,Edolo Pantano d`Avio,Temperatura,2020-07,11.97,4430
8019,Edolo Pantano d`Avio,Temperatura,2020-08,11.95,4433
8019,Edolo Pantano d`Avio,Temperatura,2020-09,8.37,4280
8019,Edolo Pantano d`Avio,Temperatura,2020-10,2.25,4369
8019,Edolo Pantano d`Avio,Temperatura,2020-11,1.88,4258
8019,Edolo Pantano d`Avio,Temperatura,2020-12,-4.21,4371
8019,Edolo Pantano d`Avio,Temperatura,2021-01,-6.40,4371
8019,Edolo Pantano d`Avio,Temperatura,2021-02,-1.77,3956
8019,Edolo Pantano d`Avio,Temperatura,2021-03,-2.15,4420
8019,Edolo Pantano d`Avio,Temperatura,2021-04,-0.64,4288
8019,Edolo Pantano d`Avio,Temperatura,2021-05,3.69,4432
8019,Edolo Pantano d`Avio,Temperatura,2021-06,11.43,4279
8019,Edolo Pantano d`Avio,Temperatura,2021-07,11.62,4413
8019,Edolo Pantano d`Avio,Temperatura,2021-08,10.62,4368
8019,Edolo Pantano d`Avio,Temperatura,2021-09,8.61,4240
8019,Edolo Pantano d`Avio,Temperatura,2021-10,3.40,4345
8019,Edolo Pantano d`Avio,Temperatura,2021-11,-0.19,4288
8019,Edolo Pantano d`Avio,Temperatura,2021-12,-2.81,4431
8019,Edolo Pantano d`Avio,Temperatura,2022-01,-2.45,4424
8019,Edolo Pantano d`Avio,Temperatura,2022-02,-2.86,3997
8019,Edolo Pantano d`Avio,Temperatura,2022-03,-2.02,4378
8019,Edolo Pantano d`Avio,Temperatura,2022-04,1.35,4290
8019,Edolo Pantano d`Avio,Temperatura,2022-05,7.99,4347
8019,Edolo Pantano d`Avio,Temperatura,2022-06,12.18,4286
8019,Edolo Pantano d`Avio,Temperatura,2022-07,14.09,4430
8019,Edolo Pantano d`Avio,Temperatura,2022-08,12.37,4425
8019,Edolo Pantano d`Avio,Temperatura,2022-09,6.63,4279
8019,Edolo Pantano d`Avio,Temperatura,2022-10,7.50,4426
8019,Edolo Pantano d`Avio,Temperatura,2022-11,-0.39,4142
8019,Edolo Pantano d`Avio,Temperatura,2022-12,-2.98,4393
8019,Edolo Pantano d`Avio,Temperatura,2023-01,-4.04,4299
8019,Edolo Pantano d`Avio,Temperatura,2023-02,-1.72,3981
8019,Edolo Pantano d`Avio,Temperatura,2023-03,-0.44,4360
8019,Edolo Pantano d`Avio,Temperatura,2023-04,0.75,4275
8019,Edolo Pantano d`Avio,Temperatura,2023-05,5.68,4385
8019,Edolo Pantano d`Avio,Temperatura,2023-06,10.51,4151
8019,Edolo Pantano d`Avio,Temperatura,2023-07,12.61,4418
8019,Edolo Pantano d`Avio,Temperatura,2023-08,12.79,4307
8019,Edolo Pantano d`Avio,Temperatura,2023-09,10.31,4239
8019,Edolo Pantano d`Avio,Temperatura,2023-10,6.93,4412
8019,Edolo Pantano d`Avio,Temperatura,2023-11,-1.47,4259
8019,Edolo Pantano d`Avio,Temperatura,2023-12,-0.00,4390
8019,Edolo Pantano d`Avio,Temperatura,2024-01,-1.45,4365
8019,Edolo Pantano d`Avio,Temperatura,2024-02,1.38,4047
8019,Edolo Pantano d`Avio,Temperatura,2024-03,0.18,4250
8019,Edolo Pantano d`Avio,Temperatura,2024-04,2.65,4192
8019,Edolo Pantano d`Avio,Temperatura,2024-05,5.27,4359
8019,Edolo Pantano d`Avio,Temperatura,2024-06,10.07,4158
8019,Edolo Pantano d`Avio,Temperatura,2024-07,13.41,4358
8019,Edolo Pantano d`Avio,Temperatura,2024-08,14.31,4355
8019,Edolo Pantano d`Avio,Temperatura,2024-09,6.99,4228
8019,Edolo Pantano d`Avio,Temperatura,2024-10,5.18,4354
8019,Edolo Pantano d`Avio,Temperatura,2024-11,0.69,4214
8019,Edolo Pantano d`Avio,Temperatura,2024-12,-2.31,4349
8019,Edolo Pantano d`Avio,Temperatura,2025-01,-3.35,4348
8019,Edolo Pantano d`Avio,Temperatura,2025-02,-2.28,3946
8019,Edolo Pantano d`Avio,Temperatura,2025-03,-0.66,4290
8019,Edolo Pantano d`Avio,Temperatura,2025-04,3.42,4221
8019,Edolo Pantano d`Avio,Temperatura,2025-05,5.69,4364
8019,Edolo Pantano d`Avio,Temperatura,2025-06,13.29,4225
8019,Edolo Pantano d`Avio,Temperatura,2025-07,10.96,4368
8019,Edolo Pantano d`Avio,Temperatura,2025-08,12.02,4349
8019,Edolo Pantano d`Avio,Temperatura,2025-09,8.08,4173
8019,Edolo Pantano d`Avio,Temperatura,2025-10,3.45,3254
8019,Edolo Pantano d`Avio,Temperatura,2025-11,-3.97,536
8019,Edolo Pantano d`Avio,Temperatura,2025-12,-4.16,1814
8019,Edolo Pantano d`Avio,Temperatura,2026-01,-7.60,4463
8019,Edolo Pantano d`Avio,Temperatura,2026-02,-3.44,4032
8019,Edolo Pantano d`Avio,Temperatura,2026-03,-4.90,1
8104,Treviso Bresciano Cavacca,Temperatura,1998-01,0.52,1364
8104,Treviso Bresciano Cavacca,Temperatura,1998-02,4.09,1169
8104,Treviso Bresciano Cavacca,Temperatura,1998-03,2.55,1365
8104,Treviso Bresciano Cavacca,Temperatura,1998-04,4.71,1160
8104,Treviso Bresciano Cavacca,Temperatura,1998-05,9.32,627
8104,Treviso Bresciano Cavacca,Temperatura,1998-06,14.61,637
8104,Treviso Bresciano Cavacca,Temperatura,1998-09,11.23,464
8104,Treviso Bresciano Cavacca,Temperatura,1998-10,8.02,686
8104,Treviso Bresciano Cavacca,Temperatura,1998-11,1.61,579
8104,Treviso Bresciano Cavacca,Temperatura,1998-12,0.65,527
8104,Treviso Bresciano Cavacca,Temperatura,1999-01,1.54,554
8104,Treviso Bresciano Cavacca,Temperatura,1999-02,-0.70,399
8104,Treviso Bresciano Cavacca,Temperatura,1999-03,3.18,573
8104,Treviso Bresciano Cavacca,Temperatura,1999-04,6.44,498
8104,Treviso Bresciano Cavacca,Temperatura,1999-05,12.03,552
8104,Treviso Bresciano Cavacca,Temperatura,1999-06,13.91,607
8104,Treviso Bresciano Cavacca,Temperatura,1999-07,16.79,597
8104,Treviso Bresciano Cavacca,Temperatura,1999-08,16.44,666
8104,Treviso Bresciano Cavacca,Temperatura,1999-12,-0.47,628
8104,Treviso Bresciano Cavacca,Temperatura,2000-01,0.24,680
8104,Treviso Bresciano Cavacca,Temperatura,2000-02,1.88,597
8104,Treviso Bresciano Cavacca,Temperatura,2000-03,4.06,597
8104,Treviso Bresciano Cavacca,Temperatura,2000-04,7.32,592
8104,Treviso Bresciano Cavacca,Temperatura,2000-05,12.51,606
8104,Treviso Bresciano Cavacca,Temperatura,2000-06,16.23,669
8104,Treviso Bresciano Cavacca,Temperatura,2000-07,15.25,614
8104,Treviso Bresciano Cavacca,Temperatura,2000-08,17.64,644
8104,Treviso Bresciano Cavacca,Temperatura,2000-09,13.69,262
8104,Treviso Bresciano Cavacca,Temperatura,2000-10,8.47,621
8104,Treviso Bresciano Cavacca,Temperatura,2000-11,3.64,830
8104,Treviso Bresciano Cavacca,Temperatura,2000-12,2.35,1283
8104,Treviso Bresciano Cavacca,Temperatura,2001-01,-0.28,1354
8104,Treviso Bresciano Cavacca,Temperatura,2001-02,1.90,1139
8104,Treviso Bresciano Cavacca,Temperatura,2001-03,4.31,1265
8104,Treviso Bresciano Cavacca,Temperatura,2001-04,5.27,1040
8104,Treviso Bresciano Cavacca,Temperatura,2001-05,12.69,666
8104,Treviso Bresciano Cavacca,Temperatura,2001-06,15.27,826
8104,Treviso Bresciano Cavacca,Temperatura,2001-07,17.19,1288
8104,Treviso Bresciano Cavacca,Temperatura,2001-08,18.67,746
8104,Treviso Bresciano Cavacca,Temperatura,2001-09,9.35,1001
8104,Treviso Bresciano Cavacca,Temperatura,2001-10,11.48,1454
8104,Treviso Bresciano Cavacca,Temperatura,2001-11,3.46,1425
8104,Treviso Bresciano Cavacca,Temperatura,2001-12,-1.05,1454
8104,Treviso Bresciano Cavacca,Temperatura,2002-01,1.33,1461
8104,Treviso Bresciano Cavacca,Temperatura,2002-02,3.80,699
8104,Treviso Bresciano Cavacca,Temperatura,2002-03,1.67,232
8104,Treviso Bresciano Cavacca,Temperatura,2002-04,6.71,864
8104,Treviso Bresciano Cavacca,Temperatura,2002-05,11.17,1446
8104,Treviso Bresciano Cavacca,Temperatura,2002-06,16.57,1209
8104,Treviso Bresciano Cavacca,Temperatura,2002-07,16.39,1280
8104,Treviso Bresciano Cavacca,Temperatura,2002-08,15.58,999
8104,Treviso Bresciano Cavacca,Temperatura,2002-09,11.53,1217
8104,Treviso Bresciano Cavacca,Temperatura,2002-10,8.85,439
8104,Treviso Bresciano Cavacca,Temperatura,2002-11,14.82,299
8104,Treviso Bresciano Cavacca,Temperatura,2002-12,6.88,489
8104,Treviso Bresciano Cavacca,Temperatura,2003-01,4.51,1448
8104,Treviso Bresciano Cavacca,Temperatura,2003-02,-1.42,1304
8104,Treviso Bresciano Cavacca,Temperatura,2003-03,6.80,1057
8104,Treviso Bresciano Cavacca,Temperatura,2003-04,8.58,644
8104,Treviso Bresciano Cavacca,Temperatura,2003-05,11.36,1486
8104,Treviso Bresciano Cavacca,Temperatura,2003-06,12.47,1440
8104,Treviso Bresciano Cavacca,Temperatura,2003-07,12.13,1553
8104,Treviso Bresciano Cavacca,Temperatura,2003-08,15.72,4394
8104,Treviso Bresciano Cavacca,Temperatura,2003-09,5.69,3292
8104,Treviso Bresciano Cavacca,Temperatura,2003-10,-1.70,1541
8104,Treviso Bresciano Cavacca,Temperatura,2003-11,-0.50,1439
8104,Treviso Bresciano Cavacca,Temperatura,2003-12,0.59,1439
8104,Treviso Bresciano Cavacca,Temperatura,2004-01,-2.95,1472
8104,Treviso Bresciano Cavacca,Temperatura,2004-02,-1.20,1223
8104,Treviso Bresciano Cavacca,Temperatura,2004-03,0.06,1469
8104,Treviso Bresciano Cavacca,Temperatura,2004-04,4.78,1440
8104,Treviso Bresciano Cavacca,Temperatura,2004-05,7.43,1486
8104,Treviso Bresciano Cavacca,Temperatura,2004-06,12.94,1067
8104,Treviso Bresciano Cavacca,Temperatura,2004-07,15.25,1440
8104,Treviso Bresciano Cavacca,Temperatura,2004-08,15.84,1440
8104,Treviso Bresciano Cavacca,Temperatura,2004-09,11.92,1392
8104,Treviso Bresciano Cavacca,Temperatura,2004-10,7.56,1488
8104,Treviso Bresciano Cavacca,Temperatura,2004-11,3.23,1392
8104,Treviso Bresciano Cavacca,Temperatura,2004-12,0.73,1344
8104,Treviso Bresciano Cavacca,Temperatura,2005-01,-0.94,1487
8104,Treviso Bresciano Cavacca,Temperatura,2005-02,-3.92,1338
8104,Treviso Bresciano Cavacca,Temperatura,2005-03,0.79,1488
8104,Treviso Bresciano Cavacca,Temperatura,2005-04,3.96,1440
8104,Treviso Bresciano Cavacca,Temperatura,2005-05,10.87,1482
8104,Treviso Bresciano Cavacca,Temperatura,2005-06,15.18,1302
8104,Treviso Bresciano Cavacca,Temperatura,2005-07,16.45,1486
8104,Treviso Bresciano Cavacca,Temperatura,2005-08,13.24,1488
8104,Treviso Bresciano Cavacca,Temperatura,2005-09,10.69,1440
8104,Treviso Bresciano Cavacca,Temperatura,2005-10,5.78,1488
8104,Treviso Bresciano Cavacca,Temperatura,2005-11,0.91,1440
8104,Treviso Bresciano Cavacca,Temperatura,2005-12,-4.13,1486
8104,Treviso Bresciano Cavacca,Temperatura,2006-01,-5.15,1440
8104,Treviso Bresciano Cavacca,Temperatura,2006-02,-3.39,1296
8104,Treviso Bresciano Cavacca,Temperatura,2006-03,0.70,1477
8104,Treviso Bresciano Cavacca,Temperatura,2006-04,7.61,1440
8104,Treviso Bresciano Cavacca,Temperatura,2006-05,11.65,1488
8104,Treviso Bresciano Cavacca,Temperatura,2006-06,16.41,1438
8104,Treviso Bresciano Cavacca,Temperatura,2006-07,19.89,1488
8104,Treviso Bresciano Cavacca,Temperatura,2006-08,14.52,1488
8104,Treviso Bresciano Cavacca,Temperatura,2006-09,15.18,1440
8104,Treviso Bresciano Cavacca,Temperatura,2006-10,11.12,1488
8104,Treviso Bresciano Cavacca,Temperatura,2006-11,6.62,1440
8104,Treviso Bresciano Cavacca,Temperatura,2006-12,3.66,1488
8104,Treviso Bresciano Cavacca,Temperatura,2007-01,3.97,1488
8104,Treviso Bresciano Cavacca,Temperatura,2007-02,3.65,1344
8104,Treviso Bresciano Cavacca,Temperatura,2007-03,4.97,1488
8104,Treviso Bresciano Cavacca,Temperatura,2007-04,11.35,1440
8104,Treviso Bresciano Cavacca,Temperatura,2007-05,13.29,1488
8104,Treviso Bresciano Cavacca,Temperatura,2007-06,15.69,1440
8104,Treviso Bresciano Cavacca,Temperatura,2007-07,18.70,1488
8104,Treviso Bresciano Cavacca,Temperatura,2007-08,16.40,1488
8104,Treviso Bresciano Cavacca,Temperatura,2007-09,12.32,1440
8104,Treviso Bresciano Cavacca,Temperatura,2007-10,8.68,1486
8104,Treviso Bresciano Cavacca,Temperatura,2007-11,3.55,1440
8104,Treviso Bresciano Cavacca,Temperatura,2007-12,1.60,1485
8104,Treviso Bresciano Cavacca,Temperatura,2008-01,2.58,1488
8104,Treviso Bresciano Cavacca,Temperatura,2008-02,2.58,1392
8104,Treviso Bresciano Cavacca,Temperatura,2008-03,3.61,1488
8104,Treviso Bresciano Cavacca,Temperatura,2008-04,6.41,1440
8104,Treviso Bresciano Cavacca,Temperatura,2008-05,12.14,1488
8104,Treviso Bresciano Cavacca,Temperatura,2008-06,15.85,1440
8104,Treviso Bresciano Cavacca,Temperatura,2008-07,17.65,1488
8104,Treviso Bresciano Cavacca,Temperatura,2008-08,18.04,1488
8104,Treviso Bresciano Cavacca,Temperatura,2008-09,12.04,1440
8104,Treviso Bresciano Cavacca,Temperatura,2008-10,10.05,1488
8104,Treviso Bresciano Cavacca,Temperatura,2008-11,4.08,1440
8104,Treviso Bresciano Cavacca,Temperatura,2008-12,1.04,1488
8104,Treviso Bresciano Cavacca,Temperatura,2009-01,0.03,1488
8104,Treviso Bresciano Cavacca,Temperatura,2009-02,0.24,1344
8104,Treviso Bresciano Cavacca,Temperatura,2009-03,3.84,1488
8104,Treviso Bresciano Cavacca,Temperatura,2009-04,8.55,1440
8104,Treviso Bresciano Cavacca,Temperatura,2009-05,14.85,1488
8104,Treviso Bresciano Cavacca,Temperatura,2009-06,15.67,1440
8104,Treviso Bresciano Cavacca,Temperatura,2009-07,17.91,1488
8104,Treviso Bresciano Cavacca,Temperatura,2009-08,19.51,1487
8104,Treviso Bresciano Cavacca,Temperatura,2009-09,14.78,1440
8104,Treviso Bresciano Cavacca,Temperatura,2009-10,8.86,1488
8104,Treviso Bresciano Cavacca,Temperatura,2009-11,5.41,1440
8104,Treviso Bresciano Cavacca,Temperatura,2009-12,-0.04,1460
8104,Treviso Bresciano Cavacca,Temperatura,2010-01,-2.11,1398
8104,Treviso Bresciano Cavacca,Temperatura,2010-02,-0.20,1305
8104,Treviso Bresciano Cavacca,Temperatura,2010-03,2.80,1487
8104,Treviso Bresciano Cavacca,Temperatura,2010-04,7.67,1439
8104,Treviso Bresciano Cavacca,Temperatura,2010-05,10.92,1488
8104,Treviso Bresciano Cavacca,Temperatura,2010-06,15.87,1372
8104,Treviso Bresciano Cavacca,Temperatura,2010-07,19.35,1488
8104,Treviso Bresciano Cavacca,Temperatura,2010-08,16.41,1488
8104,Treviso Bresciano Cavacca,Temperatura,2010-09,12.37,1440
8104,Treviso Bresciano Cavacca,Temperatura,2010-10,7.41,1488
8104,Treviso Bresciano Cavacca,Temperatura,2010-11,3.72,1440
8104,Treviso Bresciano Cavacca,Temperatura,2010-12,-1.33,1488
8104,Treviso Bresciano Cavacca,Temperatura,2011-01,-1.10,1
8104,Treviso Bresciano Cavacca,Temperatura,2011-01,0.76,1487
8104,Treviso Bresciano Cavacca,Temperatura,2011-02,2.93,1344
8104,Treviso Bresciano Cavacca,Temperatura,2011-03,4.07,1488
8104,Treviso Bresciano Cavacca,Temperatura,2011-04,10.65,1438
8104,Treviso Bresciano Cavacca,Temperatura,2011-05,13.56,1488
8104,Treviso Bresciano Cavacca,Temperatura,2011-06,15.05,1440
8104,Treviso Bresciano Cavacca,Temperatura,2011-07,16.39,1488
8104,Treviso Bresciano Cavacca,Temperatura,2011-08,19.17,1485
8104,Treviso Bresciano Cavacca,Temperatura,2011-09,16.32,1438
8104,Treviso Bresciano Cavacca,Temperatura,2011-10,9.22,1488
8104,Treviso Bresciano Cavacca,Temperatura,2011-11,6.32,1114
8104,Treviso Bresciano Cavacca,Temperatura,2012-01,0.06,3076
8104,Treviso Bresciano Cavacca,Temperatura,2012-02,-1.77,4176
8104,Treviso Bresciano Cavacca,Temperatura,2012-03,7.90,4464
8104,Treviso Bresciano Cavacca,Temperatura,2012-04,6.08,4320
8104,Treviso Bresciano Cavacca,Temperatura,2012-05,11.69,4464
8104,Treviso Bresciano Cavacca,Temperatura,2012-06,17.15,4320
8104,Treviso Bresciano Cavacca,Temperatura,2012-07,18.61,4464
8104,Treviso Bresciano Cavacca,Temperatura,2012-08,20.08,4464
8104,Treviso Bresciano Cavacca,Temperatura,2012-09,13.50,4320
8104,Treviso Bresciano Cavacca,Temperatura,2012-10,9.20,4464
8104,Treviso Bresciano Cavacca,Temperatura,2012-11,5.33,4319
8104,Treviso Bresciano Cavacca,Temperatura,2012-12,-0.02,4464
8104,Treviso Bresciano Cavacca,Temperatura,2013-01,0.77,4464
8104,Treviso Bresciano Cavacca,Temperatura,2013-02,-1.67,4032
8104,Treviso Bresciano Cavacca,Temperatura,2013-03,1.62,4464
8104,Treviso Bresciano Cavacca,Temperatura,2013-04,7.32,4316
8104,Treviso Bresciano Cavacca,Temperatura,2013-05,9.49,4461
8104,Treviso Bresciano Cavacca,Temperatura,2013-06,15.30,4318
8104,Treviso Bresciano Cavacca,Temperatura,2013-07,19.05,4452
8104,Treviso Bresciano Cavacca,Temperatura,2013-08,18.07,4463
8104,Treviso Bresciano Cavacca,Temperatura,2013-09,13.67,4319
8104,Treviso Bresciano Cavacca,Temperatura,2013-10,9.46,4459
8104,Treviso Bresciano Cavacca,Temperatura,2013-11,4.03,4317
8104,Treviso Bresciano Cavacca,Temperatura,2013-12,3.80,4462
8104,Treviso Bresciano Cavacca,Temperatura,2014-01,1.55,4462
8104,Treviso Bresciano Cavacca,Temperatura,2014-02,1.99,4030
8104,Treviso Bresciano Cavacca,Temperatura,2014-03,6.24,4455
8104,Treviso Bresciano Cavacca,Temperatura,2014-04,8.89,4318
8104,Treviso Bresciano Cavacca,Temperatura,2014-05,11.02,4463
8104,Treviso Bresciano Cavacca,Temperatura,2014-06,15.73,4320
8104,Treviso Bresciano Cavacca,Temperatura,2014-07,16.03,4464
8104,Treviso Bresciano Cavacca,Temperatura,2014-08,15.37,4464
8104,Treviso Bresciano Cavacca,Temperatura,2014-09,13.21,4319
8104,Treviso Bresciano Cavacca,Temperatura,2014-10,10.53,4463
8104,Treviso Bresciano Cavacca,Temperatura,2014-11,7.09,4319
8104,Treviso Bresciano Cavacca,Temperatura,2014-12,2.51,4463
8104,Treviso Bresciano Cavacca,Temperatura,2015-01,1.72,4463
8104,Treviso Bresciano Cavacca,Temperatura,2015-02,0.67,4032
8104,Treviso Bresciano Cavacca,Temperatura,2015-03,4.22,4456
8104,Treviso Bresciano Cavacca,Temperatura,2015-04,8.30,4309
8104,Treviso Bresciano Cavacca,Temperatura,2015-05,12.55,4453
8104,Treviso Bresciano Cavacca,Temperatura,2015-06,16.63,4235
8104,Treviso Bresciano Cavacca,Temperatura,2015-07,21.54,4433
8104,Treviso Bresciano Cavacca,Temperatura,2015-08,18.64,4448
8104,Treviso Bresciano Cavacca,Temperatura,2015-09,12.79,4319
8104,Treviso Bresciano Cavacca,Temperatura,2015-10,8.42,4457
8104,Treviso Bresciano Cavacca,Temperatura,2015-11,7.28,4320
8104,Treviso Bresciano Cavacca,Temperatura,2015-12,4.94,4463
8104,Treviso Bresciano Cavacca,Temperatura,2016-01,0.73,4405
8104,Treviso Bresciano Cavacca,Temperatura,2016-02,1.98,4161
8104,Treviso Bresciano Cavacca,Temperatura,2016-03,3.51,4455
8104,Treviso Bresciano Cavacca,Temperatura,2016-04,8.74,4219
8104,Treviso Bresciano Cavacca,Temperatura,2016-05,10.58,4464
8104,Treviso Bresciano Cavacca,Temperatura,2016-06,15.17,4320
8104,Treviso Bresciano Cavacca,Temperatura,2016-07,18.77,4464
8104,Treviso Bresciano Cavacca,Temperatura,2016-08,17.14,4464
8104,Treviso Bresciano Cavacca,Temperatura,2016-09,15.21,4320
8104,Treviso Bresciano Cavacca,Temperatura,2016-10,8.05,4211
8104,Treviso Bresciano Cavacca,Temperatura,2016-11,4.08,4251
8104,Treviso Bresciano Cavacca,Temperatura,2016-12,4.47,4462
8104,Treviso Bresciano Cavacca,Temperatura,2017-01,-2.06,4464
8104,Treviso Bresciano Cavacca,Temperatura,2017-02,2.35,4012
8104,Treviso Bresciano Cavacca,Temperatura,2017-03,7.01,4434
8104,Treviso Bresciano Cavacca,Temperatura,2017-04,8.09,4314
8104,Treviso Bresciano Cavacca,Temperatura,2017-05,12.63,4463
8104,Treviso Bresciano Cavacca,Temperatura,2017-06,18.03,4241
8104,Treviso Bresciano Cavacca,Temperatura,2017-07,18.88,4463
8104,Treviso Bresciano Cavacca,Temperatura,2017-08,19.54,4464
8104,Treviso Bresciano Cavacca,Temperatura,2017-09,11.34,4319
8104,Treviso Bresciano Cavacca,Temperatura,2017-10,10.41,4457
8104,Treviso Bresciano Cavacca,Temperatura,2017-11,3.51,4320
8104,Treviso Bresciano Cavacca,Temperatura,2017-12,0.47,4464
8104,Treviso Bresciano Cavacca,Temperatura,2018-01,2.27,4464
8104,Treviso Bresciano Cavacca,Temperatura,2018-02,-2.59,4032
8104,Treviso Bresciano Cavacca,Temperatura,2018-03,1.70,4464
8104,Treviso Bresciano Cavacca,Temperatura,2018-04,10.42,4320
8104,Treviso Bresciano Cavacca,Temperatura,2018-05,12.78,4464
8104,Treviso Bresciano Cavacca,Temperatura,2018-06,16.59,4318
8104,Treviso Bresciano Cavacca,Temperatura,2018-07,18.68,4463
8104,Treviso Bresciano Cavacca,Temperatura,2018-08,19.17,4463
8104,Treviso Bresciano Cavacca,Temperatura,2018-09,15.15,4320
8104,Treviso Bresciano Cavacca,Temperatura,2018-10,10.71,4374
8104,Treviso Bresciano Cavacca,Temperatura,2018-11,5.22,4320
8104,Treviso Bresciano Cavacca,Temperatura,2018-12,2.32,4463
8104,Treviso Bresciano Cavacca,Temperatura,2019-01,-0.59,4464
8104,Treviso Bresciano Cavacca,Temperatura,2019-02,4.40,4031
8104,Treviso Bresciano Cavacca,Temperatura,2019-03,5.91,4463
8104,Treviso Bresciano Cavacca,Temperatura,2019-04,7.17,4320
8104,Treviso Bresciano Cavacca,Temperatura,2019-05,8.77,4452
8104,Treviso Bresciano Cavacca,Temperatura,2019-06,19.82,4320
8104,Treviso Bresciano Cavacca,Temperatura,2019-07,19.73,4463
8104,Treviso Bresciano Cavacca,Temperatura,2019-08,18.98,4452
8104,Treviso Bresciano Cavacca,Temperatura,2019-09,14.16,4319
8104,Treviso Bresciano Cavacca,Temperatura,2019-10,10.82,4463
8104,Treviso Bresciano Cavacca,Temperatura,2019-11,4.43,4319
8104,Treviso Bresciano Cavacca,Temperatura,2019-12,3.23,4464
8104,Treviso Bresciano Cavacca,Temperatura,2020-01,3.08,4464
8104,Treviso Bresciano Cavacca,Temperatura,2020-02,4.52,4176
8104,Treviso Bresciano Cavacca,Temperatura,2020-03,3.62,4463
8104,Treviso Bresciano Cavacca,Temperatura,2020-04,9.76,4320
8104,Treviso Bresciano Cavacca,Temperatura,2020-05,12.54,4464
8104,Treviso Bresciano Cavacca,Temperatura,2020-06,15.29,4320
8104,Treviso Bresciano Cavacca,Temperatura,2020-07,18.20,4463
8104,Treviso Bresciano Cavacca,Temperatura,2020-08,18.54,4464
8104,Treviso Bresciano Cavacca,Temperatura,2020-09,14.44,4320
8104,Treviso Bresciano Cavacca,Temperatura,2020-10,8.15,4441
8104,Treviso Bresciano Cavacca,Temperatura,2020-11,6.31,4320
8104,Treviso Bresciano Cavacca,Temperatura,2020-12,1.42,4464
8104,Treviso Bresciano Cavacca,Temperatura,2021-01,-0.90,1
8104,Treviso Bresciano Cavacca,Temperatura,2021-01,-0.82,4463
8104,Treviso Bresciano Cavacca,Temperatura,2021-02,3.09,4032
8104,Treviso Bresciano Cavacca,Temperatura,2021-03,4.25,4463
8104,Treviso Bresciano Cavacca,Temperatura,2021-04,5.97,4320
8104,Treviso Bresciano Cavacca,Temperatura,2021-05,10.25,4464
8104,Treviso Bresciano Cavacca,Temperatura,2021-06,18.26,4320
8104,Treviso Bresciano Cavacca,Temperatura,2021-07,18.52,4464
8104,Treviso Bresciano Cavacca,Temperatura,2021-08,17.59,4463
8104,Treviso Bresciano Cavacca,Temperatura,2021-09,15.05,4320
8104,Treviso Bresciano Cavacca,Temperatura,2021-10,8.56,4464
8104,Treviso Bresciano Cavacca,Temperatura,2021-11,4.98,4320
8104,Treviso Bresciano Cavacca,Temperatura,2021-12,2.98,4464
8104,Treviso Bresciano Cavacca,Temperatura,2022-01,3.44,4463
8104,Treviso Bresciano Cavacca,Temperatura,2022-02,3.23,4031
8104,Treviso Bresciano Cavacca,Temperatura,2022-03,3.74,4464
8104,Treviso Bresciano Cavacca,Temperatura,2022-04,6.81,4320
8104,Treviso Bresciano Cavacca,Temperatura,2022-05,14.50,4463
8104,Treviso Bresciano Cavacca,Temperatura,2022-06,18.98,4320
8104,Treviso Bresciano Cavacca,Temperatura,2022-07,21.59,4464
8104,Treviso Bresciano Cavacca,Temperatura,2022-08,19.13,4464
8104,Treviso Bresciano Cavacca,Temperatura,2022-09,13.33,4320
8104,Treviso Bresciano Cavacca,Temperatura,2022-10,13.07,4464
8104,Treviso Bresciano Cavacca,Temperatura,2022-11,5.89,4319
8104,Treviso Bresciano Cavacca,Temperatura,2022-12,2.32,4462
8104,Treviso Bresciano Cavacca,Temperatura,2023-01,1.71,4414
8104,Treviso Bresciano Cavacca,Temperatura,2023-02,3.16,4031
8104,Treviso Bresciano Cavacca,Temperatura,2023-03,5.76,4463
8104,Treviso Bresciano Cavacca,Temperatura,2023-04,6.87,4320
8104,Treviso Bresciano Cavacca,Temperatura,2023-05,11.76,4464
8104,Treviso Bresciano Cavacca,Temperatura,2023-06,17.07,4319
8104,Treviso Bresciano Cavacca,Temperatura,2023-07,19.11,4462
8104,Treviso Bresciano Cavacca,Temperatura,2023-08,19.23,4409
8104,Treviso Bresciano Cavacca,Temperatura,2023-09,16.15,4320
8104,Treviso Bresciano Cavacca,Temperatura,2023-10,12.60,4464
8104,Treviso Bresciano Cavacca,Temperatura,2023-11,4.70,4320
8104,Treviso Bresciano Cavacca,Temperatura,2023-12,4.16,4464
8104,Treviso Bresciano Cavacca,Temperatura,2024-01,2.69,4458
8104,Treviso Bresciano Cavacca,Temperatura,2024-02,5.54,4176
8104,Treviso Bresciano Cavacca,Temperatura,2024-03,5.76,4464
8104,Treviso Bresciano Cavacca,Temperatura,2024-04,8.86,4320
8104,Treviso Bresciano Cavacca,Temperatura,2024-05,11.39,4462
8104,Treviso Bresciano Cavacca,Temperatura,2024-06,16.13,4320
8104,Treviso Bresciano Cavacca,Temperatura,2024-07,20.00,4464
8104,Treviso Bresciano Cavacca,Temperatura,2024-08,20.85,4463
8104,Treviso Bresciano Cavacca,Temperatura,2024-09,13.53,4320
8104,Treviso Bresciano Cavacca,Temperatura,2024-10,10.67,4464
8104,Treviso Bresciano Cavacca,Temperatura,2024-11,5.78,4320
8104,Treviso Bresciano Cavacca,Temperatura,2024-12,2.91,4464
8104,Treviso Bresciano Cavacca,Temperatura,2025-01,1.83,4464
8104,Treviso Bresciano Cavacca,Temperatura,2025-02,2.03,4032
8104,Treviso Bresciano Cavacca,Temperatura,2025-03,5.07,4464
8104,Treviso Bresciano Cavacca,Temperatura,2025-04,9.06,4320
8104,Treviso Bresciano Cavacca,Temperatura,2025-05,11.71,4464
8104,Treviso Bresciano Cavacca,Temperatura,2025-06,17.37,433
8133,Lozio,Temperatura,2001-11,3.96,438
8133,Lozio,Temperatura,2001-12,0.94,1421
8133,Lozio,Temperatura,2002-01,2.89,1446
8133,Lozio,Temperatura,2002-02,5.87,691
8133,Lozio,Temperatura,2002-04,9.48,927
8133,Lozio,Temperatura,2002-05,13.15,1451
8133,Lozio,Temperatura,2002-06,18.29,1256
8133,Lozio,Temperatura,2002-07,18.08,1296
8133,Lozio,Temperatura,2002-08,17.35,1159
8133,Lozio,Temperatura,2002-09,13.50,1366
8133,Lozio,Temperatura,2002-10,10.77,1350
8133,Lozio,Temperatura,2002-11,7.57,1343
8133,Lozio,Temperatura,2002-12,3.24,1149
8133,Lozio,Temperatura,2003-04,2.12,48
8133,Lozio,Temperatura,2003-07,20.94,2995
8133,Lozio,Temperatura,2003-08,22.94,4464
8133,Lozio,Temperatura,2003-09,15.49,3496
8133,Lozio,Temperatura,2003-10,7.71,1640
8133,Lozio,Temperatura,2003-11,6.56,1440
8133,Lozio,Temperatura,2003-12,3.80,1441
8133,Lozio,Temperatura,2004-01,1.14,1488
8133,Lozio,Temperatura,2004-02,3.56,1296
8133,Lozio,Temperatura,2004-03,4.68,1488
8133,Lozio,Temperatura,2004-04,8.92,1440
8133,Lozio,Temperatura,2004-05,11.80,1488
8133,Lozio,Temperatura,2004-06,16.84,1115
8133,Lozio,Temperatura,2004-07,18.39,1440
8133,Lozio,Temperatura,2004-08,18.92,1440
8133,Lozio,Temperatura,2004-09,15.70,1392
8133,Lozio,Temperatura,2004-10,11.60,1488
8133,Lozio,Temperatura,2004-11,6.90,1392
8133,Lozio,Temperatura,2004-12,4.12,1344
8133,Lozio,Temperatura,2005-01,2.45,1487
8133,Lozio,Temperatura,2005-02,0.30,1338
8133,Lozio,Temperatura,2005-03,5.69,1488
8133,Lozio,Temperatura,2005-04,8.69,1440
8133,Lozio,Temperatura,2005-05,14.78,1488
8133,Lozio,Temperatura,2005-06,18.12,1397
8133,Lozio,Temperatura,2005-07,19.30,1485
8133,Lozio,Temperatura,2005-08,17.32,1488
8133,Lozio,Temperatura,2005-09,15.14,1440
8133,Lozio,Temperatura,2005-10,10.34,1488
8133,Lozio,Temperatura,2005-11,5.36,1440
8133,Lozio,Temperatura,2005-12,1.12,1486
8133,Lozio,Temperatura,2006-01,1.33,1488
8133,Lozio,Temperatura,2006-02,2.14,1344
8133,Lozio,Temperatura,2006-03,4.17,1488
8133,Lozio,Temperatura,2006-04,9.95,1440
8133,Lozio,Temperatura,2006-05,13.75,1488
8133,Lozio,Temperatura,2006-06,18.33,1438
8133,Lozio,Temperatura,2006-07,21.31,1488
8133,Lozio,Temperatura,2006-08,16.23,1488
8133,Lozio,Temperatura,2006-09,16.91,1440
8133,Lozio,Temperatura,2006-10,12.88,1488
8133,Lozio,Temperatura,2006-11,8.51,1440
8133,Lozio,Temperatura,2006-12,5.29,1488
8133,Lozio,Temperatura,2007-01,5.93,1488
8133,Lozio,Temperatura,2007-02,5.81,1344
8133,Lozio,Temperatura,2007-03,7.53,1488
8133,Lozio,Temperatura,2007-04,13.65,1440
8133,Lozio,Temperatura,2007-05,15.17,1488
8133,Lozio,Temperatura,2007-06,17.05,1440
8133,Lozio,Temperatura,2007-07,20.12,1488
8133,Lozio,Temperatura,2007-08,17.90,1488
8133,Lozio,Temperatura,2007-09,14.31,1440
8133,Lozio,Temperatura,2007-10,10.96,1486
8133,Lozio,Temperatura,2007-11,5.90,1440
8133,Lozio,Temperatura,2007-12,3.75,1485
8133,Lozio,Temperatura,2008-01,4.79,1488
8133,Lozio,Temperatura,2008-02,4.81,1392
8133,Lozio,Temperatura,2008-03,6.33,1488
8133,Lozio,Temperatura,2008-04,8.95,1440
8133,Lozio,Temperatura,2008-05,14.09,1488
8133,Lozio,Temperatura,2008-06,17.27,1440
8133,Lozio,Temperatura,2008-07,18.98,1488
8133,Lozio,Temperatura,2008-08,19.38,1488
8133,Lozio,Temperatura,2008-09,14.06,1440
8133,Lozio,Temperatura,2008-10,12.05,1488
8133,Lozio,Temperatura,2008-11,6.40,1440
8133,Lozio,Temperatura,2008-12,3.68,1488
8133,Lozio,Temperatura,2009-01,2.33,1488
8133,Lozio,Temperatura,2009-02,3.01,1344
8133,Lozio,Temperatura,2009-03,6.86,1488
8133,Lozio,Temperatura,2009-04,11.27,1440
8133,Lozio,Temperatura,2009-05,16.94,1488
8133,Lozio,Temperatura,2009-06,17.55,1440
8133,Lozio,Temperatura,2009-07,19.58,1488
8133,Lozio,Temperatura,2009-08,20.89,1487
8133,Lozio,Temperatura,2009-09,16.60,1440
8133,Lozio,Temperatura,2009-10,11.34,1488
8133,Lozio,Temperatura,2009-11,7.57,1440
8133,Lozio,Temperatura,2009-12,2.68,1488
8133,Lozio,Temperatura,2010-01,0.44,1487
8133,Lozio,Temperatura,2010-02,2.29,1344
8133,Lozio,Temperatura,2010-03,5.54,1488
8133,Lozio,Temperatura,2010-04,10.44,1440
8133,Lozio,Temperatura,2010-05,13.14,1488
8133,Lozio,Temperatura,2010-06,18.03,1440
8133,Lozio,Temperatura,2010-07,21.24,1488
8133,Lozio,Temperatura,2010-08,18.43,1488
8133,Lozio,Temperatura,2010-09,14.72,1440
8133,Lozio,Temperatura,2010-10,9.81,1488
8133,Lozio,Temperatura,2010-11,6.55,1440
8133,Lozio,Temperatura,2010-12,1.48,1488
8133,Lozio,Temperatura,2011-01,0.70,1
8133,Lozio,Temperatura,2011-01,3.23,1487
8133,Lozio,Temperatura,2011-02,5.63,1344
8133,Lozio,Temperatura,2011-03,7.21,1486
8133,Lozio,Temperatura,2011-04,13.49,1438
8133,Lozio,Temperatura,2011-05,15.78,1488
8133,Lozio,Temperatura,2011-06,17.17,1440
8133,Lozio,Temperatura,2011-07,16.77,3268
8133,Lozio,Temperatura,2011-08,20.01,4423
8133,Lozio,Temperatura,2011-09,17.36,4318
8133,Lozio,Temperatura,2011-10,10.46,4418
8133,Lozio,Temperatura,2011-11,6.76,4285
8133,Lozio,Temperatura,2011-12,3.38,4453
8133,Lozio,Temperatura,2012-01,2.06,4464
8133,Lozio,Temperatura,2012-02,-0.54,4176
8133,Lozio,Temperatura,2012-03,9.51,4464
8133,Lozio,Temperatura,2012-04,7.70,4320
8133,Lozio,Temperatura,2012-05,13.01,4464
8133,Lozio,Temperatura,2012-06,18.08,4320
8133,Lozio,Temperatura,2012-07,19.39,4464
8133,Lozio,Temperatura,2012-08,20.66,4464
8133,Lozio,Temperatura,2012-09,14.92,4320
8133,Lozio,Temperatura,2012-10,10.61,4464
8133,Lozio,Temperatura,2012-11,6.67,4320
8133,Lozio,Temperatura,2012-12,1.56,4464
8133,Lozio,Temperatura,2013-01,2.16,4464
8133,Lozio,Temperatura,2013-02,-0.08,4032
8133,Lozio,Temperatura,2013-03,3.03,4461
8133,Lozio,Temperatura,2013-04,9.03,4318
8133,Lozio,Temperatura,2013-05,10.97,4463
8133,Lozio,Temperatura,2013-06,16.43,4320
8133,Lozio,Temperatura,2013-07,20.13,4461
8133,Lozio,Temperatura,2013-08,19.14,4461
8133,Lozio,Temperatura,2013-09,15.43,4320
8133,Lozio,Temperatura,2013-10,10.66,4461
8133,Lozio,Temperatura,2013-11,5.70,4294
8133,Lozio,Temperatura,2013-12,5.06,4462
8133,Lozio,Temperatura,2014-01,3.16,4450
8133,Lozio,Temperatura,2014-02,3.37,4024
8133,Lozio,Temperatura,2014-03,7.98,4459
8133,Lozio,Temperatura,2014-04,10.54,4312
8133,Lozio,Temperatura,2014-05,12.70,4464
8133,Lozio,Temperatura,2014-06,16.54,4320
8133,Lozio,Temperatura,2014-07,17.00,4464
8133,Lozio,Temperatura,2014-08,16.21,4464
8133,Lozio,Temperatura,2014-09,14.79,4319
8133,Lozio,Temperatura,2014-10,11.92,4459
8133,Lozio,Temperatura,2014-11,8.27,4320
8133,Lozio,Temperatura,2014-12,4.53,4122
8133,Lozio,Temperatura,2015-01,3.19,4444
8133,Lozio,Temperatura,2015-02,2.16,4032
8133,Lozio,Temperatura,2015-03,6.11,4464
8133,Lozio,Temperatura,2015-04,10.09,4318
8133,Lozio,Temperatura,2015-05,14.01,4457
8133,Lozio,Temperatura,2015-06,17.53,4313
8133,Lozio,Temperatura,2015-07,22.38,4440
8133,Lozio,Temperatura,2015-08,19.46,4456
8133,Lozio,Temperatura,2015-09,13.97,4313
8133,Lozio,Temperatura,2015-10,9.65,4448
8133,Lozio,Temperatura,2015-11,8.72,4319
8133,Lozio,Temperatura,2015-12,6.03,4463
8133,Lozio,Temperatura,2016-01,1.98,4374
8133,Lozio,Temperatura,2016-02,3.69,4175
8133,Lozio,Temperatura,2016-03,5.33,4418
8133,Lozio,Temperatura,2016-04,10.26,4279
8133,Lozio,Temperatura,2016-05,12.07,4464
8133,Lozio,Temperatura,2016-06,16.14,4320
8133,Lozio,Temperatura,2016-07,19.67,4463
8133,Lozio,Temperatura,2016-08,18.36,4464
8133,Lozio,Temperatura,2016-09,16.58,4320
8133,Lozio,Temperatura,2016-10,9.35,4302
8133,Lozio,Temperatura,2016-11,5.58,4302
8133,Lozio,Temperatura,2016-12,5.64,4460
8133,Lozio,Temperatura,2017-01,-0.69,4464
8133,Lozio,Temperatura,2017-02,3.69,4026
8133,Lozio,Temperatura,2017-03,8.53,4434
8133,Lozio,Temperatura,2017-04,9.92,4314
8133,Lozio,Temperatura,2017-05,13.95,4464
8133,Lozio,Temperatura,2017-06,19.02,4320
8133,Lozio,Temperatura,2017-07,19.86,4457
8133,Lozio,Temperatura,2017-08,20.72,4464
8133,Lozio,Temperatura,2017-09,12.76,4319
8133,Lozio,Temperatura,2017-10,12.07,4457
8133,Lozio,Temperatura,2017-11,5.12,4320
8133,Lozio,Temperatura,2017-12,1.97,4464
8133,Lozio,Temperatura,2018-01,3.45,4464
8133,Lozio,Temperatura,2018-02,-1.11,4032
8133,Lozio,Temperatura,2018-03,3.17,4464
8133,Lozio,Temperatura,2018-04,11.84,4319
8133,Lozio,Temperatura,2018-05,13.66,4464
8133,Lozio,Temperatura,2018-06,17.92,4320
8133,Lozio,Temperatura,2018-07,19.63,4464
8133,Lozio,Temperatura,2018-08,19.72,4452
8133,Lozio,Temperatura,2018-09,16.60,4320
8133,Lozio,Temperatura,2018-10,12.27,4452
8133,Lozio,Temperatura,2018-11,6.47,4215
8133,Lozio,Temperatura,2018-12,3.52,4464
8133,Lozio,Temperatura,2019-01,1.14,4464
8133,Lozio,Temperatura,2019-02,5.65,4031
8133,Lozio,Temperatura,2019-03,7.38,4463
8133,Lozio,Temperatura,2019-04,8.67,4320
8133,Lozio,Temperatura,2019-05,10.24,4464
8133,Lozio,Temperatura,2019-06,20.10,4320
8133,Lozio,Temperatura,2019-07,20.38,4464
8133,Lozio,Temperatura,2019-08,19.69,4464
8133,Lozio,Temperatura,2019-09,15.30,4320
8133,Lozio,Temperatura,2019-10,11.76,4464
8133,Lozio,Temperatura,2019-11,5.60,4314
8133,Lozio,Temperatura,2019-12,4.09,4464
8133,Lozio,Temperatura,2020-01,3.88,4464
8133,Lozio,Temperatura,2020-02,5.40,4176
8133,Lozio,Temperatura,2020-03,4.94,4464
8133,Lozio,Temperatura,2020-04,10.89,4320
8133,Lozio,Temperatura,2020-05,13.74,4464
8133,Lozio,Temperatura,2020-06,16.11,4320
8133,Lozio,Temperatura,2020-07,19.02,4464
8133,Lozio,Temperatura,2020-08,19.48,4464
8133,Lozio,Temperatura,2020-09,15.66,4320
8133,Lozio,Temperatura,2020-10,9.26,4464
8133,Lozio,Temperatura,2020-11,7.16,4320
8133,Lozio,Temperatura,2020-12,2.26,4464
8133,Lozio,Temperatura,2021-01,-0.50,1
8133,Lozio,Temperatura,2021-01,0.36,4463
8133,Lozio,Temperatura,2021-02,4.20,4032
8133,Lozio,Temperatura,2021-03,5.52,4463
8133,Lozio,Temperatura,2021-04,7.10,4320
8133,Lozio,Temperatura,2021-05,11.28,4464
8133,Lozio,Temperatura,2021-06,19.14,4320
8133,Lozio,Temperatura,2021-07,19.16,4464
8133,Lozio,Temperatura,2021-08,18.27,4462
8133,Lozio,Temperatura,2021-09,15.94,4320
8133,Lozio,Temperatura,2021-10,9.65,4464
8133,Lozio,Temperatura,2021-11,5.87,4320
8133,Lozio,Temperatura,2021-12,4.03,4464
8133,Lozio,Temperatura,2022-01,4.35,4456
8133,Lozio,Temperatura,2022-02,4.32,4031
8133,Lozio,Temperatura,2022-03,4.99,4464
8133,Lozio,Temperatura,2022-04,8.19,4320
8133,Lozio,Temperatura,2022-05,15.23,4464
8133,Lozio,Temperatura,2022-06,19.91,4320
8133,Lozio,Temperatura,2022-07,22.40,4463
8133,Lozio,Temperatura,2022-08,20.32,4464
8133,Lozio,Temperatura,2022-09,14.48,4320
8133,Lozio,Temperatura,2022-10,14.06,4464
8133,Lozio,Temperatura,2022-11,7.05,4319
8133,Lozio,Temperatura,2022-12,3.31,4462
8133,Lozio,Temperatura,2023-01,2.75,4460
8133,Lozio,Temperatura,2023-02,4.33,4030
8133,Lozio,Temperatura,2023-03,6.91,4464
8133,Lozio,Temperatura,2023-04,8.43,4320
8133,Lozio,Temperatura,2023-05,12.72,4464
8133,Lozio,Temperatura,2023-06,18.04,4319
8133,Lozio,Temperatura,2023-07,19.82,4463
8133,Lozio,Temperatura,2023-08,20.22,4462
8133,Lozio,Temperatura,2023-09,17.24,4320
8133,Lozio,Temperatura,2023-10,13.64,4463
8133,Lozio,Temperatura,2023-11,5.88,4320
8133,Lozio,Temperatura,2023-12,5.18,4464
8133,Lozio,Temperatura,2024-01,3.66,4459
8133,Lozio,Temperatura,2024-02,6.75,4176
8133,Lozio,Temperatura,2024-03,7.15,4464
8133,Lozio,Temperatura,2024-04,9.91,4320
8133,Lozio,Temperatura,2024-05,12.05,4461
8133,Lozio,Temperatura,2024-06,16.75,4319
8133,Lozio,Temperatura,2024-07,20.80,4464
8133,Lozio,Temperatura,2024-08,22.13,4464
8133,Lozio,Temperatura,2024-09,14.81,4320
8133,Lozio,Temperatura,2024-10,11.68,4463
8133,Lozio,Temperatura,2024-11,6.67,4320
8133,Lozio,Temperatura,2024-12,4.18,4464
8133,Lozio,Temperatura,2025-01,2.70,4464
8133,Lozio,Temperatura,2025-02,3.02,4032
8133,Lozio,Temperatura,2025-03,6.41,4463
8133,Lozio,Temperatura,2025-04,10.50,4320
8133,Lozio,Temperatura,2025-05,12.92,4464
8133,Lozio,Temperatura,2025-06,20.65,4320
8133,Lozio,Temperatura,2025-07,18.65,4464
8133,Lozio,Temperatura,2025-08,19.21,4463
8133,Lozio,Temperatura,2025-09,15.06,4320
8133,Lozio,Temperatura,2025-10,10.24,4462
8133,Lozio,Temperatura,2025-11,5.83,4289
8133,Lozio,Temperatura,2025-12,5.43,4464
8133,Lozio,Temperatura,2026-01,1.50,4464
8133,Lozio,Temperatura,2026-02,5.04,4032
8133,Lozio,Temperatura,2026-03,6.70,1
8134,Pisogne,Temperatura,2001-11,3.11,441
8134,Pisogne,Temperatura,2001-12,-0.09,1437
8134,Pisogne,Temperatura,2002-01,1.60,1454
8134,Pisogne,Temperatura,2002-02,5.03,696
8134,Pisogne,Temperatura,2002-04,9.30,868
8134,Pisogne,Temperatura,2002-05,13.07,1437
8134,Pisogne,Temperatura,2002-06,18.91,1196
8134,Pisogne,Temperatura,2002-07,18.31,1054
8134,Pisogne,Temperatura,2002-08,17.47,1193
8134,Pisogne,Temperatura,2002-09,13.49,1405
8134,Pisogne,Temperatura,2002-10,10.38,490
8134,Pisogne,Temperatura,2002-11,7.32,322
8134,Pisogne,Temperatura,2002-12,3.82,504
8134,Pisogne,Temperatura,2003-04,2.28,48
8134,Pisogne,Temperatura,2003-07,21.08,2989
8134,Pisogne,Temperatura,2003-08,23.04,4427
8134,Pisogne,Temperatura,2003-09,15.26,3496
8134,Pisogne,Temperatura,2003-10,7.59,1636
8134,Pisogne,Temperatura,2003-11,6.07,1440
8134,Pisogne,Temperatura,2003-12,3.20,1441
8134,Pisogne,Temperatura,2004-01,0.52,1487
8134,Pisogne,Temperatura,2004-02,2.74,1293
8134,Pisogne,Temperatura,2004-03,4.14,1429
8134,Pisogne,Temperatura,2004-04,8.83,1398
8134,Pisogne,Temperatura,2004-05,11.56,1488
8134,Pisogne,Temperatura,2004-06,17.27,1095
8134,Pisogne,Temperatura,2004-07,18.84,1440
8134,Pisogne,Temperatura,2004-08,19.27,1426
8134,Pisogne,Temperatura,2004-09,15.57,1392
8134,Pisogne,Temperatura,2004-10,11.77,1488
8134,Pisogne,Temperatura,2004-11,6.38,1392
8134,Pisogne,Temperatura,2004-12,3.22,1344
8134,Pisogne,Temperatura,2005-01,1.38,1487
8134,Pisogne,Temperatura,2005-02,-0.18,1338
8134,Pisogne,Temperatura,2005-03,5.13,1488
8134,Pisogne,Temperatura,2005-04,8.45,1440
8134,Pisogne,Temperatura,2005-05,14.85,1488
8134,Pisogne,Temperatura,2005-06,18.98,1398
8134,Pisogne,Temperatura,2005-07,19.96,1485
8134,Pisogne,Temperatura,2005-08,17.99,1488
8134,Pisogne,Temperatura,2005-09,15.60,1440
8134,Pisogne,Temperatura,2005-10,10.32,1488
8134,Pisogne,Temperatura,2005-11,4.74,1440
8134,Pisogne,Temperatura,2005-12,0.39,1486
8134,Pisogne,Temperatura,2006-01,0.13,1488
8134,Pisogne,Temperatura,2006-02,1.43,1344
8134,Pisogne,Temperatura,2006-03,3.77,1488
8134,Pisogne,Temperatura,2006-04,9.73,1440
8134,Pisogne,Temperatura,2006-05,14.09,1488
8134,Pisogne,Temperatura,2006-06,18.88,1417
8134,Pisogne,Temperatura,2006-07,22.00,1488
8134,Pisogne,Temperatura,2006-08,16.89,1488
8134,Pisogne,Temperatura,2006-09,17.21,1440
8134,Pisogne,Temperatura,2006-10,12.91,1488
8134,Pisogne,Temperatura,2006-11,7.92,1440
8134,Pisogne,Temperatura,2006-12,4.41,1488
8134,Pisogne,Temperatura,2007-01,5.31,1488
8134,Pisogne,Temperatura,2007-02,5.43,1344
8134,Pisogne,Temperatura,2007-03,7.26,1488
8134,Pisogne,Temperatura,2007-04,13.48,1440
8134,Pisogne,Temperatura,2007-05,15.67,1488
8134,Pisogne,Temperatura,2007-06,18.01,1440
8134,Pisogne,Temperatura,2007-07,21.18,1488
8134,Pisogne,Temperatura,2007-08,18.62,1488
8134,Pisogne,Temperatura,2007-09,14.85,1439
8134,Pisogne,Temperatura,2007-10,11.10,1486
8134,Pisogne,Temperatura,2007-11,5.37,1440
8134,Pisogne,Temperatura,2007-12,3.00,1485
8134,Pisogne,Temperatura,2008-01,4.20,1488
8134,Pisogne,Temperatura,2008-02,3.97,1392
8134,Pisogne,Temperatura,2008-03,6.28,1488
8134,Pisogne,Temperatura,2008-04,9.27,1440
8134,Pisogne,Temperatura,2008-05,14.73,1488
8134,Pisogne,Temperatura,2008-06,18.16,1440
8134,Pisogne,Temperatura,2008-07,20.07,1488
8134,Pisogne,Temperatura,2008-08,20.38,1488
8134,Pisogne,Temperatura,2008-09,14.89,1440
8134,Pisogne,Temperatura,2008-10,12.33,1488
8134,Pisogne,Temperatura,2008-11,6.56,1440
8134,Pisogne,Temperatura,2008-12,3.32,1488
8134,Pisogne,Temperatura,2009-01,1.95,1488
8134,Pisogne,Temperatura,2009-02,2.78,1344
8134,Pisogne,Temperatura,2009-03,6.79,1488
8134,Pisogne,Temperatura,2009-04,11.58,1440
8134,Pisogne,Temperatura,2009-05,17.62,1488
8134,Pisogne,Temperatura,2009-06,18.76,1440
8134,Pisogne,Temperatura,2009-07,20.76,1488
8134,Pisogne,Temperatura,2009-08,21.84,1487
8134,Pisogne,Temperatura,2009-09,17.50,1440
8134,Pisogne,Temperatura,2009-10,11.63,1488
8134,Pisogne,Temperatura,2009-11,7.47,1440
8134,Pisogne,Temperatura,2009-12,2.65,1488
8134,Pisogne,Temperatura,2010-01,0.48,1487
8134,Pisogne,Temperatura,2010-02,2.45,1344
8134,Pisogne,Temperatura,2010-03,5.84,1488
8134,Pisogne,Temperatura,2010-04,10.53,1440
8134,Pisogne,Temperatura,2010-05,14.25,1488
8134,Pisogne,Temperatura,2010-06,19.25,1440
8134,Pisogne,Temperatura,2010-07,22.27,1488
8134,Pisogne,Temperatura,2010-08,19.62,1488
8134,Pisogne,Temperatura,2010-09,15.81,1440
8134,Pisogne,Temperatura,2010-10,10.41,1488
8134,Pisogne,Temperatura,2010-11,6.71,1440
8134,Pisogne,Temperatura,2010-12,1.26,1464
8134,Pisogne,Temperatura,2011-01,3.03,1313
8134,Pisogne,Temperatura,2011-02,5.33,1344
8134,Pisogne,Temperatura,2011-03,7.25,1488
8134,Pisogne,Temperatura,2011-04,14.16,1438
8134,Pisogne,Temperatura,2011-05,16.80,1488
8134,Pisogne,Temperatura,2011-06,18.60,1440
8134,Pisogne,Temperatura,2011-07,16.99,2859
8134,Pisogne,Temperatura,2011-08,20.21,4413
8134,Pisogne,Temperatura,2011-09,17.29,4292
8134,Pisogne,Temperatura,2011-10,10.23,4395
8134,Pisogne,Temperatura,2011-11,6.06,4195
8134,Pisogne,Temperatura,2011-12,2.97,3893
8134,Pisogne,Temperatura,2012-01,1.37,4293
8134,Pisogne,Temperatura,2012-02,-0.82,4176
8134,Pisogne,Temperatura,2012-03,9.00,4457
8134,Pisogne,Temperatura,2012-04,7.93,4320
8134,Pisogne,Temperatura,2012-05,13.37,4464
8134,Pisogne,Temperatura,2012-06,18.75,4320
8134,Pisogne,Temperatura,2012-07,19.99,4464
8134,Pisogne,Temperatura,2012-08,21.26,4463
8134,Pisogne,Temperatura,2012-09,15.18,4320
8134,Pisogne,Temperatura,2012-10,10.58,4464
8134,Pisogne,Temperatura,2012-11,6.44,4320
8134,Pisogne,Temperatura,2012-12,1.06,4464
8134,Pisogne,Temperatura,2013-01,1.84,4464
8134,Pisogne,Temperatura,2013-02,-0.16,4032
8134,Pisogne,Temperatura,2013-03,3.08,4463
8134,Pisogne,Temperatura,2013-04,9.17,4318
8134,Pisogne,Temperatura,2013-05,11.09,4463
8134,Pisogne,Temperatura,2013-06,16.70,4320
8134,Pisogne,Temperatura,2013-07,20.26,4454
8134,Pisogne,Temperatura,2013-08,19.19,4464
8134,Pisogne,Temperatura,2013-09,15.40,4320
8134,Pisogne,Temperatura,2013-10,10.81,4455
8134,Pisogne,Temperatura,2013-11,5.47,4319
8134,Pisogne,Temperatura,2013-12,4.18,4462
8134,Pisogne,Temperatura,2014-01,3.13,4460
8134,Pisogne,Temperatura,2014-02,3.42,3971
8134,Pisogne,Temperatura,2014-03,7.53,4462
8134,Pisogne,Temperatura,2014-04,10.50,4319
8134,Pisogne,Temperatura,2014-05,12.87,4464
8134,Pisogne,Temperatura,2014-06,16.97,4319
8134,Pisogne,Temperatura,2014-07,17.32,4464
8134,Pisogne,Temperatura,2014-08,16.58,4464
8134,Pisogne,Temperatura,2014-09,14.82,4320
8134,Pisogne,Temperatura,2014-10,11.92,4464
8134,Pisogne,Temperatura,2014-11,8.08,4320
8134,Pisogne,Temperatura,2014-12,3.78,4462
8134,Pisogne,Temperatura,2015-01,2.80,4460
8134,Pisogne,Temperatura,2015-02,1.98,4027
8134,Pisogne,Temperatura,2015-03,6.03,4449
8134,Pisogne,Temperatura,2015-04,9.95,4316
8134,Pisogne,Temperatura,2015-05,14.19,4464
8134,Pisogne,Temperatura,2015-06,17.84,4274
8134,Pisogne,Temperatura,2015-07,22.76,4458
8134,Pisogne,Temperatura,2015-08,19.61,4408
8134,Pisogne,Temperatura,2015-09,14.27,4277
8134,Pisogne,Temperatura,2015-10,9.63,4451
8134,Pisogne,Temperatura,2015-11,7.60,4319
8134,Pisogne,Temperatura,2015-12,5.01,4372
8134,Pisogne,Temperatura,2016-01,1.43,4237
8134,Pisogne,Temperatura,2016-02,3.58,4094
8134,Pisogne,Temperatura,2016-03,5.33,4437
8134,Pisogne,Temperatura,2016-04,10.30,4295
8134,Pisogne,Temperatura,2016-05,12.24,4464
8134,Pisogne,Temperatura,2016-06,16.53,4305
8134,Pisogne,Temperatura,2016-07,20.06,4463
8134,Pisogne,Temperatura,2016-08,18.50,4392
8134,Pisogne,Temperatura,2016-09,16.47,4320
8134,Pisogne,Temperatura,2016-10,9.44,4332
8134,Pisogne,Temperatura,2016-11,5.49,4255
8134,Pisogne,Temperatura,2016-12,4.59,4341
8134,Pisogne,Temperatura,2017-01,-1.49,3943
8134,Pisogne,Temperatura,2017-02,3.56,3741
8134,Pisogne,Temperatura,2017-03,8.31,4434
8134,Pisogne,Temperatura,2017-04,9.91,4319
8134,Pisogne,Temperatura,2017-05,14.02,4464
8134,Pisogne,Temperatura,2017-06,19.16,4313
8134,Pisogne,Temperatura,2017-07,20.05,4457
8134,Pisogne,Temperatura,2017-08,20.64,4464
8134,Pisogne,Temperatura,2017-09,13.06,4319
8134,Pisogne,Temperatura,2017-10,11.54,4457
8134,Pisogne,Temperatura,2017-11,4.75,4320
8134,Pisogne,Temperatura,2017-12,1.52,4458
8134,Pisogne,Temperatura,2018-01,3.13,4460
8134,Pisogne,Temperatura,2018-02,-0.83,3929
8134,Pisogne,Temperatura,2018-03,3.31,4464
8134,Pisogne,Temperatura,2018-04,11.74,4320
8134,Pisogne,Temperatura,2018-05,13.99,4432
8134,Pisogne,Temperatura,2018-06,18.14,4320
8134,Pisogne,Temperatura,2018-07,20.12,4464
8134,Pisogne,Temperatura,2018-08,20.04,4464
8134,Pisogne,Temperatura,2018-09,16.57,4320
8134,Pisogne,Temperatura,2018-10,12.23,4451
8134,Pisogne,Temperatura,2018-11,6.50,4284
8134,Pisogne,Temperatura,2018-12,2.78,4464
8134,Pisogne,Temperatura,2019-01,0.83,4398
8134,Pisogne,Temperatura,2019-02,4.95,4031
8134,Pisogne,Temperatura,2019-03,7.06,4463
8134,Pisogne,Temperatura,2019-04,8.77,4320
8134,Pisogne,Temperatura,2019-05,10.40,4464
8134,Pisogne,Temperatura,2019-06,20.31,4320
8134,Pisogne,Temperatura,2019-07,20.90,4463
8134,Pisogne,Temperatura,2019-08,20.01,4463
8134,Pisogne,Temperatura,2019-09,15.44,4320
8134,Pisogne,Temperatura,2019-10,11.74,4464
8134,Pisogne,Temperatura,2019-11,5.69,4320
8134,Pisogne,Temperatura,2019-12,3.63,4464
8134,Pisogne,Temperatura,2020-01,3.04,4463
8134,Pisogne,Temperatura,2020-02,5.05,4176
8134,Pisogne,Temperatura,2020-03,4.90,4464
8134,Pisogne,Temperatura,2020-04,10.53,4320
8134,Pisogne,Temperatura,2020-05,13.94,4463
8134,Pisogne,Temperatura,2020-06,16.45,4320
8134,Pisogne,Temperatura,2020-07,19.48,4464
8134,Pisogne,Temperatura,2020-08,19.67,4464
8134,Pisogne,Temperatura,2020-09,15.62,4320
8134,Pisogne,Temperatura,2020-10,9.14,4456
8134,Pisogne,Temperatura,2020-11,6.21,4320
8134,Pisogne,Temperatura,2020-12,2.20,4464
8134,Pisogne,Temperatura,2021-01,-0.40,1
8134,Pisogne,Temperatura,2021-01,0.02,4460
8134,Pisogne,Temperatura,2021-02,4.07,4032
8134,Pisogne,Temperatura,2021-03,5.38,4460
8134,Pisogne,Temperatura,2021-04,7.26,4318
8134,Pisogne,Temperatura,2021-05,11.71,4464
8134,Pisogne,Temperatura,2021-06,19.37,4320
8134,Pisogne,Temperatura,2021-07,19.65,4464
8134,Pisogne,Temperatura,2021-08,18.60,4464
8134,Pisogne,Temperatura,2021-09,16.07,4320
8134,Pisogne,Temperatura,2021-10,9.53,4462
8134,Pisogne,Temperatura,2021-11,5.64,4319
8134,Pisogne,Temperatura,2021-12,3.19,4464
8134,Pisogne,Temperatura,2022-01,3.36,4463
8134,Pisogne,Temperatura,2022-02,3.98,4031
8134,Pisogne,Temperatura,2022-03,4.82,4463
8134,Pisogne,Temperatura,2022-04,8.43,4320
8134,Pisogne,Temperatura,2022-05,15.70,4448
8134,Pisogne,Temperatura,2022-06,20.22,4319
8134,Pisogne,Temperatura,2022-07,23.00,4463
8134,Pisogne,Temperatura,2022-08,20.63,4464
8134,Pisogne,Temperatura,2022-09,14.87,4320
8134,Pisogne,Temperatura,2022-10,13.89,4464
8134,Pisogne,Temperatura,2022-11,6.63,4319
8134,Pisogne,Temperatura,2022-12,3.05,4263
8134,Pisogne,Temperatura,2023-01,2.36,4459
8134,Pisogne,Temperatura,2023-02,3.89,4031
8134,Pisogne,Temperatura,2023-03,7.01,4464
8134,Pisogne,Temperatura,2023-04,8.50,4319
8134,Pisogne,Temperatura,2023-05,13.07,4464
8134,Pisogne,Temperatura,2023-06,18.52,4319
8134,Pisogne,Temperatura,2023-07,20.38,4463
8134,Pisogne,Temperatura,2023-08,20.51,4464
8134,Pisogne,Temperatura,2023-09,17.24,4320
8134,Pisogne,Temperatura,2023-10,13.59,4463
8134,Pisogne,Temperatura,2023-11,5.38,4314
8134,Pisogne,Temperatura,2023-12,4.64,4296
8134,Pisogne,Temperatura,2024-01,3.08,4195
8134,Pisogne,Temperatura,2024-02,6.55,4175
8134,Pisogne,Temperatura,2024-03,7.35,4464
8134,Pisogne,Temperatura,2024-04,10.10,4320
8134,Pisogne,Temperatura,2024-05,12.61,4461
8134,Pisogne,Temperatura,2024-06,17.34,4320
8134,Pisogne,Temperatura,2024-07,21.36,4464
8134,Pisogne,Temperatura,2024-08,22.13,4464
8134,Pisogne,Temperatura,2024-09,15.03,4320
8134,Pisogne,Temperatura,2024-10,11.81,4464
8134,Pisogne,Temperatura,2024-11,5.98,4320
8134,Pisogne,Temperatura,2024-12,3.47,4463
8134,Pisogne,Temperatura,2025-01,2.44,4464
8134,Pisogne,Temperatura,2025-02,3.05,4032
8134,Pisogne,Temperatura,2025-03,6.47,4464
8134,Pisogne,Temperatura,2025-04,10.56,4320
8134,Pisogne,Temperatura,2025-05,13.43,4464
8134,Pisogne,Temperatura,2025-06,21.38,3918
8134,Pisogne,Temperatura,2025-07,19.22,4464
8134,Pisogne,Temperatura,2025-08,19.70,4463
8134,Pisogne,Temperatura,2025-09,15.22,4320
8134,Pisogne,Temperatura,2025-10,10.22,4462
8134,Pisogne,Temperatura,2025-11,5.48,4294
8134,Pisogne,Temperatura,2025-12,5.24,4323
8134,Pisogne,Temperatura,2026-01,1.45,4462
8134,Pisogne,Temperatura,2026-02,4.99,4031
8134,Pisogne,Temperatura,2026-03,7.60,1
8138,Bagolino Valle Dorizzo,Temperatura,2001-06,13.59,1161
8138,Bagolino Valle Dorizzo,Temperatura,2001-07,15.56,1359
8138,Bagolino Valle Dorizzo,Temperatura,2001-08,16.92,1401
8138,Bagolino Valle Dorizzo,Temperatura,2001-09,8.43,1240
8138,Bagolino Valle Dorizzo,Temperatura,2001-10,10.20,1463
8138,Bagolino Valle Dorizzo,Temperatura,2001-11,2.52,1428
8138,Bagolino Valle Dorizzo,Temperatura,2001-12,-1.87,1431
8138,Bagolino Valle Dorizzo,Temperatura,2002-01,-0.16,1450
8138,Bagolino Valle Dorizzo,Temperatura,2002-02,2.51,693
8138,Bagolino Valle Dorizzo,Temperatura,2002-03,0.86,232
8138,Bagolino Valle Dorizzo,Temperatura,2002-04,5.90,916
8138,Bagolino Valle Dorizzo,Temperatura,2002-05,9.82,1457
8138,Bagolino Valle Dorizzo,Temperatura,2002-06,15.25,1371
8138,Bagolino Valle Dorizzo,Temperatura,2002-07,14.86,1342
8138,Bagolino Valle Dorizzo,Temperatura,2002-08,14.33,907
8138,Bagolino Valle Dorizzo,Temperatura,2002-09,10.37,1119
8138,Bagolino Valle Dorizzo,Temperatura,2002-10,8.09,975
8138,Bagolino Valle Dorizzo,Temperatura,2002-11,4.49,1310
8138,Bagolino Valle Dorizzo,Temperatura,2002-12,0.57,1152
8138,Bagolino Valle Dorizzo,Temperatura,2003-04,-0.64,48
8138,Bagolino Valle Dorizzo,Temperatura,2003-07,15.61,381
8138,Bagolino Valle Dorizzo,Temperatura,2003-08,18.44,4464
8138,Bagolino Valle Dorizzo,Temperatura,2003-09,11.64,3483
8138,Bagolino Valle Dorizzo,Temperatura,2003-10,4.51,1640
8138,Bagolino Valle Dorizzo,Temperatura,2003-11,3.48,1440
8138,Bagolino Valle Dorizzo,Temperatura,2003-12,0.74,1441
8138,Bagolino Valle Dorizzo,Temperatura,2004-01,-2.26,1488
8138,Bagolino Valle Dorizzo,Temperatura,2004-02,0.32,1296
8138,Bagolino Valle Dorizzo,Temperatura,2004-03,1.11,1488
8138,Bagolino Valle Dorizzo,Temperatura,2004-04,5.16,1440
8138,Bagolino Valle Dorizzo,Temperatura,2004-05,8.06,1488
8138,Bagolino Valle Dorizzo,Temperatura,2004-06,13.32,1115
8138,Bagolino Valle Dorizzo,Temperatura,2004-07,14.95,1440
8138,Bagolino Valle Dorizzo,Temperatura,2004-08,15.31,1440
8138,Bagolino Valle Dorizzo,Temperatura,2004-09,12.09,1392
8138,Bagolino Valle Dorizzo,Temperatura,2004-10,8.81,1488
8138,Bagolino Valle Dorizzo,Temperatura,2004-11,3.47,1392
8138,Bagolino Valle Dorizzo,Temperatura,2004-12,0.39,1344
8138,Bagolino Valle Dorizzo,Temperatura,2005-01,-1.47,1487
8138,Bagolino Valle Dorizzo,Temperatura,2005-02,-3.54,1338
8138,Bagolino Valle Dorizzo,Temperatura,2005-03,1.68,1488
8138,Bagolino Valle Dorizzo,Temperatura,2005-04,5.06,1440
8138,Bagolino Valle Dorizzo,Temperatura,2005-05,11.05,1488
8138,Bagolino Valle Dorizzo,Temperatura,2005-06,14.64,1302
8138,Bagolino Valle Dorizzo,Temperatura,2005-07,15.83,1485
8138,Bagolino Valle Dorizzo,Temperatura,2005-08,13.84,1488
8138,Bagolino Valle Dorizzo,Temperatura,2005-09,11.85,1440
8138,Bagolino Valle Dorizzo,Temperatura,2005-10,7.45,1488
8138,Bagolino Valle Dorizzo,Temperatura,2005-11,1.92,1440
8138,Bagolino Valle Dorizzo,Temperatura,2005-12,-2.50,1486
8138,Bagolino Valle Dorizzo,Temperatura,2006-01,-2.54,1488
8138,Bagolino Valle Dorizzo,Temperatura,2006-02,-1.38,1344
8138,Bagolino Valle Dorizzo,Temperatura,2006-03,0.25,1488
8138,Bagolino Valle Dorizzo,Temperatura,2006-04,5.89,1440
8138,Bagolino Valle Dorizzo,Temperatura,2006-05,10.11,1488
8138,Bagolino Valle Dorizzo,Temperatura,2006-06,14.38,1438
8138,Bagolino Valle Dorizzo,Temperatura,2006-07,17.12,1488
8138,Bagolino Valle Dorizzo,Temperatura,2006-08,12.56,1488
8138,Bagolino Valle Dorizzo,Temperatura,2006-09,13.41,1440
8138,Bagolino Valle Dorizzo,Temperatura,2006-10,9.43,1488
8138,Bagolino Valle Dorizzo,Temperatura,2006-11,5.09,1440
8138,Bagolino Valle Dorizzo,Temperatura,2006-12,1.87,1488
8138,Bagolino Valle Dorizzo,Temperatura,2007-01,2.59,1488
8138,Bagolino Valle Dorizzo,Temperatura,2007-02,2.34,1344
8138,Bagolino Valle Dorizzo,Temperatura,2007-03,3.68,1487
8138,Bagolino Valle Dorizzo,Temperatura,2007-04,9.54,1440
8138,Bagolino Valle Dorizzo,Temperatura,2007-05,11.30,1488
8138,Bagolino Valle Dorizzo,Temperatura,2007-06,14.00,1440
8138,Bagolino Valle Dorizzo,Temperatura,2007-07,16.30,1488
8138,Bagolino Valle Dorizzo,Temperatura,2007-08,14.45,1488
8138,Bagolino Valle Dorizzo,Temperatura,2007-09,10.51,1437
8138,Bagolino Valle Dorizzo,Temperatura,2007-10,7.31,1486
8138,Bagolino Valle Dorizzo,Temperatura,2007-11,2.21,1440
8138,Bagolino Valle Dorizzo,Temperatura,2007-12,0.04,1485
8138,Bagolino Valle Dorizzo,Temperatura,2008-01,1.06,1488
8138,Bagolino Valle Dorizzo,Temperatura,2008-02,1.15,1392
8138,Bagolino Valle Dorizzo,Temperatura,2008-03,2.43,1488
8138,Bagolino Valle Dorizzo,Temperatura,2008-04,4.95,1440
8138,Bagolino Valle Dorizzo,Temperatura,2008-05,10.25,1488
8138,Bagolino Valle Dorizzo,Temperatura,2008-06,13.89,1440
8138,Bagolino Valle Dorizzo,Temperatura,2008-07,15.41,1488
8138,Bagolino Valle Dorizzo,Temperatura,2008-08,15.79,1488
8138,Bagolino Valle Dorizzo,Temperatura,2008-09,10.35,1440
8138,Bagolino Valle Dorizzo,Temperatura,2008-10,8.51,1488
8138,Bagolino Valle Dorizzo,Temperatura,2008-11,2.54,1440
8138,Bagolino Valle Dorizzo,Temperatura,2008-12,-0.82,1488
8138,Bagolino Valle Dorizzo,Temperatura,2009-01,-1.54,1488
8138,Bagolino Valle Dorizzo,Temperatura,2009-02,-1.33,1344
8138,Bagolino Valle Dorizzo,Temperatura,2009-03,2.08,1488
8138,Bagolino Valle Dorizzo,Temperatura,2009-04,6.10,1440
8138,Bagolino Valle Dorizzo,Temperatura,2009-05,12.53,1488
8138,Bagolino Valle Dorizzo,Temperatura,2009-06,13.59,1440
8138,Bagolino Valle Dorizzo,Temperatura,2009-07,15.59,1488
8138,Bagolino Valle Dorizzo,Temperatura,2009-08,17.34,1487
8138,Bagolino Valle Dorizzo,Temperatura,2009-09,12.82,1440
8138,Bagolino Valle Dorizzo,Temperatura,2009-10,7.31,1488
8138,Bagolino Valle Dorizzo,Temperatura,2009-11,4.06,1440
8138,Bagolino Valle Dorizzo,Temperatura,2009-12,-1.26,1488
8138,Bagolino Valle Dorizzo,Temperatura,2010-01,-3.16,1487
8138,Bagolino Valle Dorizzo,Temperatura,2010-02,-1.59,1344
8138,Bagolino Valle Dorizzo,Temperatura,2010-03,1.17,1488
8138,Bagolino Valle Dorizzo,Temperatura,2010-04,5.72,1440
8138,Bagolino Valle Dorizzo,Temperatura,2010-05,9.14,1488
8138,Bagolino Valle Dorizzo,Temperatura,2010-06,14.07,1440
8138,Bagolino Valle Dorizzo,Temperatura,2010-07,17.17,1488
8138,Bagolino Valle Dorizzo,Temperatura,2010-08,14.71,1488
8138,Bagolino Valle Dorizzo,Temperatura,2010-09,10.82,1440
8138,Bagolino Valle Dorizzo,Temperatura,2010-10,6.11,1488
8138,Bagolino Valle Dorizzo,Temperatura,2010-11,2.59,1440
8138,Bagolino Valle Dorizzo,Temperatura,2010-12,-2.56,1488
8138,Bagolino Valle Dorizzo,Temperatura,2011-01,-3.70,1
8138,Bagolino Valle Dorizzo,Temperatura,2011-01,-0.96,1487
8138,Bagolino Valle Dorizzo,Temperatura,2011-02,1.42,1342
8138,Bagolino Valle Dorizzo,Temperatura,2011-03,2.88,1488
8138,Bagolino Valle Dorizzo,Temperatura,2011-04,8.67,1438
8138,Bagolino Valle Dorizzo,Temperatura,2011-05,11.07,1488
8138,Bagolino Valle Dorizzo,Temperatura,2011-06,13.40,1440
8138,Bagolino Valle Dorizzo,Temperatura,2011-07,14.35,1486
8138,Bagolino Valle Dorizzo,Temperatura,2011-08,17.45,3369
8138,Bagolino Valle Dorizzo,Temperatura,2011-09,14.48,4320
8138,Bagolino Valle Dorizzo,Temperatura,2011-10,7.99,4464
8138,Bagolino Valle Dorizzo,Temperatura,2011-11,4.44,4320
8138,Bagolino Valle Dorizzo,Temperatura,2011-12,1.03,4464
8138,Bagolino Valle Dorizzo,Temperatura,2012-01,-0.19,4464
8138,Bagolino Valle Dorizzo,Temperatura,2012-02,-2.67,4175
8138,Bagolino Valle Dorizzo,Temperatura,2012-03,6.17,4464
8138,Bagolino Valle Dorizzo,Temperatura,2012-04,4.96,4320
8138,Bagolino Valle Dorizzo,Temperatura,2012-05,10.15,4464
8138,Bagolino Valle Dorizzo,Temperatura,2012-06,15.25,4320
8138,Bagolino Valle Dorizzo,Temperatura,2012-07,16.31,4464
8138,Bagolino Valle Dorizzo,Temperatura,2012-08,17.69,4464
8138,Bagolino Valle Dorizzo,Temperatura,2012-09,12.11,4313
8138,Bagolino Valle Dorizzo,Temperatura,2012-10,8.27,4462
8138,Bagolino Valle Dorizzo,Temperatura,2012-11,5.18,1797
8140,Caino,Temperatura,2001-02,5.74,1175
8140,Caino,Temperatura,2001-03,9.17,1340
8140,Caino,Temperatura,2001-04,10.93,1123
8140,Caino,Temperatura,2001-05,18.33,1118
8140,Caino,Temperatura,2001-06,20.15,1335
8140,Caino,Temperatura,2001-07,22.38,1320
8140,Caino,Temperatura,2001-08,23.66,1394
8140,Caino,Temperatura,2001-09,14.27,970
8140,Caino,Temperatura,2001-10,15.23,1443
8140,Caino,Temperatura,2001-11,6.39,1421
8140,Caino,Temperatura,2001-12,1.92,1396
8140,Caino,Temperatura,2002-01,2.73,1431
8140,Caino,Temperatura,2002-02,6.54,690
8140,Caino,Temperatura,2002-03,8.39,231
8140,Caino,Temperatura,2002-04,12.46,922
8140,Caino,Temperatura,2002-05,16.83,1456
8140,Caino,Temperatura,2002-06,22.22,1356
8140,Caino,Temperatura,2002-07,21.90,1297
8140,Caino,Temperatura,2002-08,20.88,958
8140,Caino,Temperatura,2002-09,16.79,1086
8140,Caino,Temperatura,2002-10,13.23,395
8140,Caino,Temperatura,2002-11,9.92,278
8140,Caino,Temperatura,2002-12,6.16,472
8140,Caino,Temperatura,2003-04,5.90,48
8140,Caino,Temperatura,2003-07,24.88,2989
8140,Caino,Temperatura,2003-08,26.72,4464
8140,Caino,Temperatura,2003-09,18.58,3496
8140,Caino,Temperatura,2003-10,10.57,1640
8140,Caino,Temperatura,2003-11,8.53,1440
8140,Caino,Temperatura,2003-12,4.92,1441
8140,Caino,Temperatura,2004-01,2.57,1488
8140,Caino,Temperatura,2004-02,4.53,1296
8140,Caino,Temperatura,2004-03,7.16,1488
8140,Caino,Temperatura,2004-04,12.28,1440
8140,Caino,Temperatura,2004-05,15.34,1487
8140,Caino,Temperatura,2004-06,20.55,1115
8140,Caino,Temperatura,2004-07,22.29,1440
8140,Caino,Temperatura,2004-08,22.78,1440
8140,Caino,Temperatura,2004-09,18.79,1392
8140,Caino,Temperatura,2004-10,14.83,1488
8140,Caino,Temperatura,2004-11,9.09,1392
8140,Caino,Temperatura,2004-12,5.24,1344
8140,Caino,Temperatura,2005-01,3.00,1486
8140,Caino,Temperatura,2005-02,2.60,1338
8140,Caino,Temperatura,2005-03,8.45,1488
8140,Caino,Temperatura,2005-04,11.64,1440
8140,Caino,Temperatura,2005-05,18.12,1488
8140,Caino,Temperatura,2005-06,22.31,1304
8140,Caino,Temperatura,2005-07,23.25,1485
8140,Caino,Temperatura,2005-08,20.79,1488
8140,Caino,Temperatura,2005-09,18.82,1440
8140,Caino,Temperatura,2005-10,13.05,1488
8140,Caino,Temperatura,2005-11,7.27,1440
8140,Caino,Temperatura,2005-12,2.81,1486
8140,Caino,Temperatura,2006-01,2.51,1488
8140,Caino,Temperatura,2006-02,4.34,1344
8140,Caino,Temperatura,2006-03,7.59,1488
8140,Caino,Temperatura,2006-04,13.53,1440
8140,Caino,Temperatura,2006-05,17.83,1488
8140,Caino,Temperatura,2006-06,22.11,1438
8140,Caino,Temperatura,2006-07,25.32,1488
8140,Caino,Temperatura,2006-08,20.25,1488
8140,Caino,Temperatura,2006-09,20.42,1440
8140,Caino,Temperatura,2006-10,15.62,1488
8140,Caino,Temperatura,2006-11,10.06,1440
8140,Caino,Temperatura,2006-12,6.21,1488
8140,Caino,Temperatura,2007-01,6.96,1488
8140,Caino,Temperatura,2007-02,8.12,1344
8140,Caino,Temperatura,2007-03,10.58,1488
8140,Caino,Temperatura,2007-04,17.24,1440
8140,Caino,Temperatura,2007-05,19.23,1488
8140,Caino,Temperatura,2007-06,21.63,1440
8140,Caino,Temperatura,2007-07,24.63,1488
8140,Caino,Temperatura,2007-08,21.95,1488
8140,Caino,Temperatura,2007-09,17.98,1438
8140,Caino,Temperatura,2007-10,13.41,1486
8140,Caino,Temperatura,2007-11,7.67,1440
8140,Caino,Temperatura,2007-12,4.30,1485
8140,Caino,Temperatura,2008-01,5.68,1488
8140,Caino,Temperatura,2008-02,5.97,1392
8140,Caino,Temperatura,2008-03,9.76,1488
8140,Caino,Temperatura,2008-04,12.29,1440
8140,Caino,Temperatura,2008-05,18.34,1488
8140,Caino,Temperatura,2008-06,21.86,1440
8140,Caino,Temperatura,2008-07,24.14,1488
8140,Caino,Temperatura,2008-08,24.57,1488
8140,Caino,Temperatura,2008-09,18.61,1440
8140,Caino,Temperatura,2008-10,15.69,1488
8140,Caino,Temperatura,2008-11,9.61,1440
8140,Caino,Temperatura,2008-12,5.37,1488
8140,Caino,Temperatura,2009-01,3.89,1488
8140,Caino,Temperatura,2009-02,5.66,1344
8140,Caino,Temperatura,2009-03,10.17,1488
8140,Caino,Temperatura,2009-04,14.86,1440
8140,Caino,Temperatura,2009-05,20.71,1488
8140,Caino,Temperatura,2009-06,22.12,1440
8140,Caino,Temperatura,2009-07,24.35,1488
8140,Caino,Temperatura,2009-08,25.76,1487
8140,Caino,Temperatura,2009-09,20.86,1440
8140,Caino,Temperatura,2009-10,14.46,1488
8140,Caino,Temperatura,2009-11,9.60,1440
8140,Caino,Temperatura,2009-12,4.36,1488
8140,Caino,Temperatura,2010-01,2.61,1487
8140,Caino,Temperatura,2010-02,5.33,1344
8140,Caino,Temperatura,2010-03,9.10,1488
8140,Caino,Temperatura,2010-04,14.33,1440
8140,Caino,Temperatura,2010-05,17.61,1488
8140,Caino,Temperatura,2010-06,22.74,1440
8140,Caino,Temperatura,2010-07,25.73,1488
8140,Caino,Temperatura,2010-08,23.04,1488
8140,Caino,Temperatura,2010-09,19.17,1440
8140,Caino,Temperatura,2010-10,13.38,1488
8140,Caino,Temperatura,2010-11,9.77,1440
8140,Caino,Temperatura,2010-12,1.76,1487
8140,Caino,Temperatura,2011-01,-1.10,1
8140,Caino,Temperatura,2011-01,1.84,1487
8140,Caino,Temperatura,2011-02,5.03,1344
8140,Caino,Temperatura,2011-03,7.80,1488
8140,Caino,Temperatura,2011-04,14.42,1440
8140,Caino,Temperatura,2011-05,17.37,1488
8140,Caino,Temperatura,2011-06,20.20,2145
8140,Caino,Temperatura,2011-07,20.65,4464
8140,Caino,Temperatura,2011-08,22.95,4461
8140,Caino,Temperatura,2011-09,20.11,4320
8140,Caino,Temperatura,2011-10,12.51,4464
8140,Caino,Temperatura,2011-11,7.82,4320
8140,Caino,Temperatura,2011-12,4.30,4434
8140,Caino,Temperatura,2012-01,3.33,4464
8140,Caino,Temperatura,2012-02,1.13,4174
8140,Caino,Temperatura,2012-03,11.77,4464
8140,Caino,Temperatura,2012-04,10.93,4320
8140,Caino,Temperatura,2012-05,15.70,4464
8140,Caino,Temperatura,2012-06,21.46,4320
8140,Caino,Temperatura,2012-07,22.95,4464
8140,Caino,Temperatura,2012-08,24.70,4464
8140,Caino,Temperatura,2012-09,17.75,4320
8140,Caino,Temperatura,2012-10,13.07,4464
8140,Caino,Temperatura,2012-11,8.90,4320
8140,Caino,Temperatura,2012-12,2.29,4464
8140,Caino,Temperatura,2013-01,3.33,4464
8140,Caino,Temperatura,2013-02,2.21,4032
8140,Caino,Temperatura,2013-03,5.99,4464
8140,Caino,Temperatura,2013-04,11.89,4312
8140,Caino,Temperatura,2013-05,13.87,4463
8140,Caino,Temperatura,2013-06,19.15,4317
8140,Caino,Temperatura,2013-07,23.06,4457
8140,Caino,Temperatura,2013-08,21.94,4459
8140,Caino,Temperatura,2013-09,17.82,4320
8140,Caino,Temperatura,2013-10,13.44,4454
8140,Caino,Temperatura,2013-11,7.89,4315
8140,Caino,Temperatura,2013-12,5.35,4464
8140,Caino,Temperatura,2014-01,5.21,4461
8140,Caino,Temperatura,2014-02,6.41,4028
8140,Caino,Temperatura,2014-03,10.36,4464
8140,Caino,Temperatura,2014-04,13.19,4313
8140,Caino,Temperatura,2014-05,15.29,4464
8140,Caino,Temperatura,2014-06,20.01,4315
8140,Caino,Temperatura,2014-07,20.06,4464
8140,Caino,Temperatura,2014-08,19.69,4464
8140,Caino,Temperatura,2014-09,17.60,4319
8140,Caino,Temperatura,2014-10,14.52,4421
8140,Caino,Temperatura,2014-11,10.41,4320
8140,Caino,Temperatura,2014-12,5.02,4464
8140,Caino,Temperatura,2015-01,4.56,4463
8140,Caino,Temperatura,2015-02,4.15,4029
8140,Caino,Temperatura,2015-03,8.92,4461
8140,Caino,Temperatura,2015-04,12.72,4312
8140,Caino,Temperatura,2015-05,17.02,4462
8140,Caino,Temperatura,2015-06,21.32,4191
8140,Caino,Temperatura,2015-07,26.16,4464
8140,Caino,Temperatura,2015-08,22.95,4461
8140,Caino,Temperatura,2015-09,17.69,4319
8140,Caino,Temperatura,2015-10,12.41,4463
8140,Caino,Temperatura,2015-11,8.39,4310
8140,Caino,Temperatura,2015-12,5.38,4461
8140,Caino,Temperatura,2016-01,3.36,4432
8140,Caino,Temperatura,2016-02,5.97,4156
8140,Caino,Temperatura,2016-03,8.20,4463
8140,Caino,Temperatura,2016-04,13.22,4261
8140,Caino,Temperatura,2016-05,14.95,4464
8140,Caino,Temperatura,2016-06,19.46,4320
8140,Caino,Temperatura,2016-07,23.01,4449
8140,Caino,Temperatura,2016-08,20.76,4458
8140,Caino,Temperatura,2016-09,19.31,4235
8140,Caino,Temperatura,2016-10,11.91,4171
8140,Caino,Temperatura,2016-11,7.84,4257
8140,Caino,Temperatura,2016-12,5.05,4461
8140,Caino,Temperatura,2017-01,0.51,4464
8140,Caino,Temperatura,2017-02,5.74,4025
8140,Caino,Temperatura,2017-03,10.97,4434
8140,Caino,Temperatura,2017-04,12.30,4320
8140,Caino,Temperatura,2017-05,16.48,4464
8140,Caino,Temperatura,2017-06,21.76,4246
8140,Caino,Temperatura,2017-07,22.49,4463
8140,Caino,Temperatura,2017-08,23.36,4464
8140,Caino,Temperatura,2017-09,15.69,4211
8140,Caino,Temperatura,2017-10,13.31,4463
8140,Caino,Temperatura,2017-11,6.92,4296
8140,Caino,Temperatura,2017-12,3.33,4339
8140,Caino,Temperatura,2018-01,5.17,3910
8140,Caino,Temperatura,2018-02,2.04,4032
8140,Caino,Temperatura,2018-03,5.96,4464
8140,Caino,Temperatura,2018-04,14.56,4320
8140,Caino,Temperatura,2018-05,16.84,4416
8140,Caino,Temperatura,2018-06,20.46,4320
8140,Caino,Temperatura,2018-07,22.52,4462
8140,Caino,Temperatura,2018-08,22.98,4458
8140,Caino,Temperatura,2018-09,19.09,4319
8140,Caino,Temperatura,2018-10,14.81,4452
8140,Caino,Temperatura,2018-11,9.00,4302
8140,Caino,Temperatura,2018-12,3.93,4422
8140,Caino,Temperatura,2019-01,2.66,4452
8140,Caino,Temperatura,2019-02,6.68,4031
8140,Caino,Temperatura,2019-03,9.79,4462
8140,Caino,Temperatura,2019-04,11.57,4319
8140,Caino,Temperatura,2019-05,12.71,4464
8140,Caino,Temperatura,2019-06,22.62,4320
8140,Caino,Temperatura,2019-07,23.32,4464
8140,Caino,Temperatura,2019-08,22.53,4407
8140,Caino,Temperatura,2019-09,17.91,4314
8140,Caino,Temperatura,2019-10,14.17,4464
8140,Caino,Temperatura,2019-11,8.40,4320
8140,Caino,Temperatura,2019-12,5.48,4464
8140,Caino,Temperatura,2020-01,4.72,4464
8140,Caino,Temperatura,2020-02,7.24,4176
8140,Caino,Temperatura,2020-03,7.81,4464
8140,Caino,Temperatura,2020-04,13.10,4295
8140,Caino,Temperatura,2020-05,16.27,4458
8140,Caino,Temperatura,2020-06,18.79,4320
8140,Caino,Temperatura,2020-07,21.88,4464
8140,Caino,Temperatura,2020-08,22.28,4462
8140,Caino,Temperatura,2020-09,18.08,4320
8140,Caino,Temperatura,2020-10,11.64,4324
8140,Caino,Temperatura,2020-11,8.28,4320
8140,Caino,Temperatura,2020-12,4.61,4464
8140,Caino,Temperatura,2021-01,2.90,1
8140,Caino,Temperatura,2021-01,2.25,4463
8140,Caino,Temperatura,2021-02,6.72,4032
8140,Caino,Temperatura,2021-03,8.15,4464
8140,Caino,Temperatura,2021-04,10.19,4320
8140,Caino,Temperatura,2021-05,14.27,4464
8140,Caino,Temperatura,2021-06,21.82,4301
8140,Caino,Temperatura,2021-07,22.17,4463
8140,Caino,Temperatura,2021-08,21.49,4445
8140,Caino,Temperatura,2021-09,18.98,4320
8140,Caino,Temperatura,2021-10,12.08,4464
8140,Caino,Temperatura,2021-11,7.85,4320
8140,Caino,Temperatura,2021-12,4.08,4464
8140,Caino,Temperatura,2022-01,4.14,4464
8140,Caino,Temperatura,2022-02,6.55,4031
8140,Caino,Temperatura,2022-03,7.69,4463
8140,Caino,Temperatura,2022-04,11.06,4320
8140,Caino,Temperatura,2022-05,18.11,4464
8140,Caino,Temperatura,2022-06,22.56,4320
8140,Caino,Temperatura,2022-07,25.43,4463
8140,Caino,Temperatura,2022-08,23.21,4464
8140,Caino,Temperatura,2022-09,17.56,4315
8140,Caino,Temperatura,2022-10,16.21,4464
8140,Caino,Temperatura,2022-11,8.87,4317
8140,Caino,Temperatura,2022-12,4.95,4436
8140,Caino,Temperatura,2023-01,4.53,4458
8140,Caino,Temperatura,2023-02,6.19,4031
8140,Caino,Temperatura,2023-03,9.84,4327
8140,Caino,Temperatura,2023-04,11.27,4319
8140,Caino,Temperatura,2023-05,15.73,4464
8140,Caino,Temperatura,2023-06,20.66,4292
8140,Caino,Temperatura,2023-07,22.65,4464
8140,Caino,Temperatura,2023-08,22.75,4458
8140,Caino,Temperatura,2023-09,19.82,4320
8140,Caino,Temperatura,2023-10,16.02,4464
8140,Caino,Temperatura,2023-11,7.64,4320
8140,Caino,Temperatura,2023-12,6.30,4458
8140,Caino,Temperatura,2024-01,4.59,4461
8140,Caino,Temperatura,2024-02,8.48,4176
8140,Caino,Temperatura,2024-03,10.05,4463
8140,Caino,Temperatura,2024-04,12.43,4318
8140,Caino,Temperatura,2024-05,15.15,4166
8140,Caino,Temperatura,2024-06,19.65,4318
8140,Caino,Temperatura,2024-07,23.84,4464
8140,Caino,Temperatura,2024-08,24.76,4464
8140,Caino,Temperatura,2024-09,17.61,4319
8140,Caino,Temperatura,2024-10,14.39,4464
8140,Caino,Temperatura,2024-11,7.79,4319
8140,Caino,Temperatura,2024-12,4.82,4464
8140,Caino,Temperatura,2025-01,4.44,4464
8140,Caino,Temperatura,2025-02,5.50,4032
8140,Caino,Temperatura,2025-03,9.25,4464
8140,Caino,Temperatura,2025-04,13.09,4316
8140,Caino,Temperatura,2025-05,15.73,4464
8140,Caino,Temperatura,2025-06,23.25,4320
8140,Caino,Temperatura,2025-07,21.63,4463
8140,Caino,Temperatura,2025-08,21.99,4463
8140,Caino,Temperatura,2025-09,17.85,4320
8140,Caino,Temperatura,2025-10,12.39,4448
8140,Caino,Temperatura,2025-11,7.45,4319
8140,Caino,Temperatura,2025-12,6.50,4449
8140,Caino,Temperatura,2026-01,2.69,4464
8140,Caino,Temperatura,2026-02,7.03,4032
8140,Caino,Temperatura,2026-03,9.60,1
8184,Bienno,Temperatura,2003-01,2.59,1452
8184,Bienno,Temperatura,2003-02,1.29,1259
8184,Bienno,Temperatura,2003-03,8.31,1048
8184,Bienno,Temperatura,2003-04,5.02,3057
8184,Bienno,Temperatura,2003-05,5.88,4454
8184,Bienno,Temperatura,2003-06,7.50,3641
8184,Bienno,Temperatura,2003-07,15.16,4459
8184,Bienno,Temperatura,2003-08,25.21,4464
8184,Bienno,Temperatura,2003-09,17.26,3546
8184,Bienno,Temperatura,2003-10,9.78,1634
8184,Bienno,Temperatura,2003-11,7.33,1439
8184,Bienno,Temperatura,2003-12,4.49,1441
8184,Bienno,Temperatura,2004-01,2.23,1488
8184,Bienno,Temperatura,2004-02,4.25,1392
8184,Bienno,Temperatura,2004-03,6.41,1485
8184,Bienno,Temperatura,2004-04,11.18,1388
8184,Bienno,Temperatura,2004-05,14.03,1484
8184,Bienno,Temperatura,2004-06,19.50,1242
8184,Bienno,Temperatura,2004-07,20.73,1440
8184,Bienno,Temperatura,2004-08,21.44,1439
8184,Bienno,Temperatura,2004-09,17.98,1439
8184,Bienno,Temperatura,2004-10,13.45,1487
8184,Bienno,Temperatura,2004-11,7.91,1439
8184,Bienno,Temperatura,2004-12,4.68,1344
8184,Bienno,Temperatura,2005-01,2.94,1488
8184,Bienno,Temperatura,2005-02,2.14,1338
8184,Bienno,Temperatura,2005-03,7.43,1488
8184,Bienno,Temperatura,2005-04,10.69,1440
8184,Bienno,Temperatura,2005-05,16.97,1488
8184,Bienno,Temperatura,2005-06,20.87,1302
8184,Bienno,Temperatura,2005-07,21.83,1485
8184,Bienno,Temperatura,2005-08,19.80,1488
8184,Bienno,Temperatura,2005-09,17.38,1440
8184,Bienno,Temperatura,2005-10,11.96,1488
8184,Bienno,Temperatura,2005-11,6.38,1440
8184,Bienno,Temperatura,2005-12,1.89,1486
8184,Bienno,Temperatura,2006-01,1.50,1483
8184,Bienno,Temperatura,2006-02,3.11,1344
8184,Bienno,Temperatura,2006-03,6.09,1488
8184,Bienno,Temperatura,2006-04,12.03,1440
8184,Bienno,Temperatura,2006-05,16.16,1488
8184,Bienno,Temperatura,2006-06,21.32,1438
8184,Bienno,Temperatura,2006-07,23.93,1488
8184,Bienno,Temperatura,2006-08,18.47,1488
8184,Bienno,Temperatura,2006-09,19.17,1440
8184,Bienno,Temperatura,2006-10,14.42,1488
8184,Bienno,Temperatura,2006-11,9.12,1440
8184,Bienno,Temperatura,2006-12,5.32,1488
8184,Bienno,Temperatura,2007-01,6.10,1488
8184,Bienno,Temperatura,2007-02,6.93,1344
8184,Bienno,Temperatura,2007-03,9.38,1488
8184,Bienno,Temperatura,2007-04,15.83,1440
8184,Bienno,Temperatura,2007-05,17.65,1488
8184,Bienno,Temperatura,2007-06,19.74,1440
8184,Bienno,Temperatura,2007-07,22.73,1488
8184,Bienno,Temperatura,2007-08,20.16,1488
8184,Bienno,Temperatura,2007-09,16.44,1440
8184,Bienno,Temperatura,2007-10,12.69,1486
8184,Bienno,Temperatura,2007-11,6.85,1440
8184,Bienno,Temperatura,2007-12,4.10,1485
8184,Bienno,Temperatura,2008-01,5.15,1488
8184,Bienno,Temperatura,2008-02,5.51,1392
8184,Bienno,Temperatura,2008-03,8.21,1488
8184,Bienno,Temperatura,2008-04,11.04,1440
8184,Bienno,Temperatura,2008-05,16.30,1488
8184,Bienno,Temperatura,2008-06,19.72,1440
8184,Bienno,Temperatura,2008-07,21.49,1488
8184,Bienno,Temperatura,2008-08,21.85,1488
8184,Bienno,Temperatura,2008-09,16.23,1440
8184,Bienno,Temperatura,2008-10,13.41,1488
8184,Bienno,Temperatura,2008-11,7.29,1440
8184,Bienno,Temperatura,2008-12,3.90,1488
8184,Bienno,Temperatura,2009-01,2.63,1488
8184,Bienno,Temperatura,2009-02,4.08,1344
8184,Bienno,Temperatura,2009-03,8.50,1488
8184,Bienno,Temperatura,2009-04,12.98,1440
8184,Bienno,Temperatura,2009-05,19.10,1488
8184,Bienno,Temperatura,2009-06,20.09,1440
8184,Bienno,Temperatura,2009-07,22.01,1488
8184,Bienno,Temperatura,2009-08,23.52,1487
8184,Bienno,Temperatura,2009-09,18.60,1439
8184,Bienno,Temperatura,2009-10,12.77,1488
8184,Bienno,Temperatura,2009-11,7.76,1440
8184,Bienno,Temperatura,2009-12,2.74,1488
8184,Bienno,Temperatura,2010-01,0.90,1488
8184,Bienno,Temperatura,2010-02,3.37,1344
8184,Bienno,Temperatura,2010-03,7.05,1487
8184,Bienno,Temperatura,2010-04,12.05,1440
8184,Bienno,Temperatura,2010-05,15.23,1488
8184,Bienno,Temperatura,2010-06,20.40,1440
8184,Bienno,Temperatura,2010-07,23.93,1488
8184,Bienno,Temperatura,2010-08,20.58,1488
8184,Bienno,Temperatura,2010-09,16.47,1440
8184,Bienno,Temperatura,2010-10,10.97,1488
8184,Bienno,Temperatura,2010-11,7.36,1440
8184,Bienno,Temperatura,2010-12,1.55,1488
8184,Bienno,Temperatura,2011-01,-0.40,1
8184,Bienno,Temperatura,2011-01,2.39,1487
8184,Bienno,Temperatura,2011-02,5.69,1344
8184,Bienno,Temperatura,2011-03,8.21,1488
8184,Bienno,Temperatura,2011-04,15.15,1438
8184,Bienno,Temperatura,2011-05,17.71,1488
8184,Bienno,Temperatura,2011-06,19.15,1440
8184,Bienno,Temperatura,2011-07,19.81,1965
8184,Bienno,Temperatura,2011-08,23.18,4192
8184,Bienno,Temperatura,2011-09,20.20,4314
8184,Bienno,Temperatura,2011-10,12.80,4439
8184,Bienno,Temperatura,2011-11,8.12,4320
8184,Bienno,Temperatura,2011-12,4.90,4464
8184,Bienno,Temperatura,2012-01,3.70,4464
8184,Bienno,Temperatura,2012-02,1.77,4175
8184,Bienno,Temperatura,2012-03,11.98,4458
8184,Bienno,Temperatura,2012-04,10.96,4320
8184,Bienno,Temperatura,2012-05,16.11,4464
8184,Bienno,Temperatura,2012-06,21.36,4320
8184,Bienno,Temperatura,2012-07,22.26,4464
8184,Bienno,Temperatura,2012-08,23.58,4376
8184,Bienno,Temperatura,2012-09,17.59,4316
8184,Bienno,Temperatura,2012-10,13.03,4427
8184,Bienno,Temperatura,2012-11,8.67,4320
8184,Bienno,Temperatura,2012-12,3.01,4446
8184,Bienno,Temperatura,2013-01,3.89,4463
8184,Bienno,Temperatura,2013-02,2.62,4032
8184,Bienno,Temperatura,2013-03,5.96,4462
8184,Bienno,Temperatura,2013-04,12.13,4305
8184,Bienno,Temperatura,2013-05,14.10,4460
8184,Bienno,Temperatura,2013-06,19.65,4319
8184,Bienno,Temperatura,2013-07,23.46,4457
8184,Bienno,Temperatura,2013-08,22.26,4462
8184,Bienno,Temperatura,2013-09,18.24,4320
8184,Bienno,Temperatura,2013-10,13.14,4458
8184,Bienno,Temperatura,2013-11,7.98,4318
8184,Bienno,Temperatura,2013-12,5.84,4454
8184,Bienno,Temperatura,2014-01,5.14,4462
8184,Bienno,Temperatura,2014-02,6.01,4029
8184,Bienno,Temperatura,2014-03,10.54,4458
8184,Bienno,Temperatura,2014-04,13.67,4318
8184,Bienno,Temperatura,2014-05,15.94,4032
8184,Bienno,Temperatura,2014-06,19.94,4238
8184,Bienno,Temperatura,2014-07,20.12,4451
8184,Bienno,Temperatura,2014-08,19.19,4442
8184,Bienno,Temperatura,2014-09,17.63,4309
8184,Bienno,Temperatura,2014-10,14.61,4460
8184,Bienno,Temperatura,2014-11,10.05,4222
8184,Bienno,Temperatura,2014-12,5.88,4432
8184,Bienno,Temperatura,2015-01,5.05,4053
8184,Bienno,Temperatura,2015-02,4.75,3887
8184,Bienno,Temperatura,2015-03,9.32,4464
8184,Bienno,Temperatura,2015-04,13.40,4181
8184,Bienno,Temperatura,2015-05,17.40,4270
8184,Bienno,Temperatura,2015-06,20.85,4307
8184,Bienno,Temperatura,2015-07,26.00,4453
8184,Bienno,Temperatura,2015-08,22.53,4455
8184,Bienno,Temperatura,2015-09,16.94,4313
8184,Bienno,Temperatura,2015-10,12.14,4457
8184,Bienno,Temperatura,2015-11,9.42,4281
8184,Bienno,Temperatura,2015-12,6.40,4457
8184,Bienno,Temperatura,2016-01,3.57,4378
8184,Bienno,Temperatura,2016-02,6.10,4174
8184,Bienno,Temperatura,2016-03,8.61,4427
8184,Bienno,Temperatura,2016-04,13.63,4297
8184,Bienno,Temperatura,2016-05,15.39,4464
8184,Bienno,Temperatura,2016-06,19.37,4320
8184,Bienno,Temperatura,2016-07,22.99,4463
8184,Bienno,Temperatura,2016-08,21.38,4464
8184,Bienno,Temperatura,2016-09,19.54,4320
8184,Bienno,Temperatura,2016-10,12.11,4322
8184,Bienno,Temperatura,2016-11,7.76,4310
8184,Bienno,Temperatura,2016-12,5.92,4459
8184,Bienno,Temperatura,2017-01,1.06,4464
8184,Bienno,Temperatura,2017-02,6.08,4031
8184,Bienno,Temperatura,2017-03,10.37,3025
8186,Darfo Boario Terme SS 42,Temperatura,2003-01,3.29,662
8186,Darfo Boario Terme SS 42,Temperatura,2003-02,2.43,614
8186,Darfo Boario Terme SS 42,Temperatura,2003-03,9.63,929
8186,Darfo Boario Terme SS 42,Temperatura,2003-04,12.05,1415
8186,Darfo Boario Terme SS 42,Temperatura,2003-05,19.30,1462
8186,Darfo Boario Terme SS 42,Temperatura,2003-06,24.88,1141
8186,Darfo Boario Terme SS 42,Temperatura,2003-07,25.00,2991
8186,Darfo Boario Terme SS 42,Temperatura,2003-08,26.47,4441
8186,Darfo Boario Terme SS 42,Temperatura,2003-09,18.66,3496
8186,Darfo Boario Terme SS 42,Temperatura,2003-10,11.09,1636
8186,Darfo Boario Terme SS 42,Temperatura,2003-11,8.23,1440
8186,Darfo Boario Terme SS 42,Temperatura,2003-12,4.55,1436
8186,Darfo Boario Terme SS 42,Temperatura,2004-01,3.18,1488
8186,Darfo Boario Terme SS 42,Temperatura,2004-02,4.56,1383
8186,Darfo Boario Terme SS 42,Temperatura,2004-03,7.52,1461
8186,Darfo Boario Terme SS 42,Temperatura,2004-04,12.35,1336
8186,Darfo Boario Terme SS 42,Temperatura,2004-05,15.31,1488
8186,Darfo Boario Terme SS 42,Temperatura,2004-06,20.83,1239
8186,Darfo Boario Terme SS 42,Temperatura,2004-07,22.26,1440
8186,Darfo Boario Terme SS 42,Temperatura,2004-08,22.56,1430
8186,Darfo Boario Terme SS 42,Temperatura,2004-09,18.73,1440
8186,Darfo Boario Terme SS 42,Temperatura,2004-10,14.74,1488
8186,Darfo Boario Terme SS 42,Temperatura,2004-11,8.15,1440
8186,Darfo Boario Terme SS 42,Temperatura,2004-12,4.31,1344
8186,Darfo Boario Terme SS 42,Temperatura,2005-01,2.36,1486
8186,Darfo Boario Terme SS 42,Temperatura,2005-02,2.98,1337
8186,Darfo Boario Terme SS 42,Temperatura,2005-03,8.10,1488
8186,Darfo Boario Terme SS 42,Temperatura,2005-04,11.84,1440
8186,Darfo Boario Terme SS 42,Temperatura,2005-05,18.17,1488
8186,Darfo Boario Terme SS 42,Temperatura,2005-06,22.25,1302
8186,Darfo Boario Terme SS 42,Temperatura,2005-07,23.29,1485
8186,Darfo Boario Terme SS 42,Temperatura,2005-08,21.02,1486
8186,Darfo Boario Terme SS 42,Temperatura,2005-09,18.60,1440
8186,Darfo Boario Terme SS 42,Temperatura,2005-10,12.82,1488
8186,Darfo Boario Terme SS 42,Temperatura,2005-11,7.06,1440
8186,Darfo Boario Terme SS 42,Temperatura,2005-12,2.39,1486
8186,Darfo Boario Terme SS 42,Temperatura,2006-01,1.30,1488
8186,Darfo Boario Terme SS 42,Temperatura,2006-02,3.89,1344
8186,Darfo Boario Terme SS 42,Temperatura,2006-03,7.59,1488
8186,Darfo Boario Terme SS 42,Temperatura,2006-04,12.96,1440
8186,Darfo Boario Terme SS 42,Temperatura,2006-05,17.12,1488
8186,Darfo Boario Terme SS 42,Temperatura,2006-06,22.10,1438
8186,Darfo Boario Terme SS 42,Temperatura,2006-07,25.25,1488
8186,Darfo Boario Terme SS 42,Temperatura,2006-08,19.79,1488
8186,Darfo Boario Terme SS 42,Temperatura,2006-09,19.65,1440
8186,Darfo Boario Terme SS 42,Temperatura,2006-10,14.63,1487
8186,Darfo Boario Terme SS 42,Temperatura,2006-11,8.94,1440
8186,Darfo Boario Terme SS 42,Temperatura,2006-12,5.00,1488
8186,Darfo Boario Terme SS 42,Temperatura,2007-01,5.47,1488
8186,Darfo Boario Terme SS 42,Temperatura,2007-02,7.18,1344
8186,Darfo Boario Terme SS 42,Temperatura,2007-03,10.09,1488
8186,Darfo Boario Terme SS 42,Temperatura,2007-04,16.39,1440
8186,Darfo Boario Terme SS 42,Temperatura,2007-05,18.60,1488
8186,Darfo Boario Terme SS 42,Temperatura,2007-06,20.83,1440
8186,Darfo Boario Terme SS 42,Temperatura,2007-07,24.09,1488
8186,Darfo Boario Terme SS 42,Temperatura,2007-08,21.32,1488
8186,Darfo Boario Terme SS 42,Temperatura,2007-09,17.32,1439
8186,Darfo Boario Terme SS 42,Temperatura,2007-10,13.13,1486
8186,Darfo Boario Terme SS 42,Temperatura,2007-11,6.98,1440
8186,Darfo Boario Terme SS 42,Temperatura,2007-12,3.42,1483
8186,Darfo Boario Terme SS 42,Temperatura,2008-01,4.77,1488
8186,Darfo Boario Terme SS 42,Temperatura,2008-02,5.53,1392
8186,Darfo Boario Terme SS 42,Temperatura,2008-03,9.43,1488
8186,Darfo Boario Terme SS 42,Temperatura,2008-04,12.11,1440
8186,Darfo Boario Terme SS 42,Temperatura,2008-05,17.34,1488
8186,Darfo Boario Terme SS 42,Temperatura,2008-06,20.64,1440
8186,Darfo Boario Terme SS 42,Temperatura,2008-07,22.59,1488
8186,Darfo Boario Terme SS 42,Temperatura,2008-08,22.70,1488
8186,Darfo Boario Terme SS 42,Temperatura,2008-09,17.17,1440
8186,Darfo Boario Terme SS 42,Temperatura,2008-10,13.85,1488
8186,Darfo Boario Terme SS 42,Temperatura,2008-11,7.93,1440
8186,Darfo Boario Terme SS 42,Temperatura,2008-12,4.12,1488
8186,Darfo Boario Terme SS 42,Temperatura,2009-01,2.81,1488
8186,Darfo Boario Terme SS 42,Temperatura,2009-02,4.85,1344
8186,Darfo Boario Terme SS 42,Temperatura,2009-03,9.11,1488
8186,Darfo Boario Terme SS 42,Temperatura,2009-04,13.90,1440
8186,Darfo Boario Terme SS 42,Temperatura,2009-05,19.67,1488
8186,Darfo Boario Terme SS 42,Temperatura,2009-06,20.92,1440
8186,Darfo Boario Terme SS 42,Temperatura,2009-07,22.85,1488
8186,Darfo Boario Terme SS 42,Temperatura,2009-08,24.06,1487
8186,Darfo Boario Terme SS 42,Temperatura,2009-09,19.48,1440
8186,Darfo Boario Terme SS 42,Temperatura,2009-10,13.38,1488
8186,Darfo Boario Terme SS 42,Temperatura,2009-11,8.47,1440
8186,Darfo Boario Terme SS 42,Temperatura,2009-12,3.26,1488
8186,Darfo Boario Terme SS 42,Temperatura,2010-01,2.02,1487
8186,Darfo Boario Terme SS 42,Temperatura,2010-02,4.50,1344
8186,Darfo Boario Terme SS 42,Temperatura,2010-03,8.39,1488
8186,Darfo Boario Terme SS 42,Temperatura,2010-04,13.09,1440
8186,Darfo Boario Terme SS 42,Temperatura,2010-05,16.46,1488
8186,Darfo Boario Terme SS 42,Temperatura,2010-06,21.37,1440
8186,Darfo Boario Terme SS 42,Temperatura,2010-07,24.78,1488
8186,Darfo Boario Terme SS 42,Temperatura,2010-08,21.50,1488
8186,Darfo Boario Terme SS 42,Temperatura,2010-09,17.56,1440
8186,Darfo Boario Terme SS 42,Temperatura,2010-10,11.81,1488
8186,Darfo Boario Terme SS 42,Temperatura,2010-11,8.52,1440
8186,Darfo Boario Terme SS 42,Temperatura,2010-12,2.27,1488
8186,Darfo Boario Terme SS 42,Temperatura,2011-01,-1.00,1
8186,Darfo Boario Terme SS 42,Temperatura,2011-01,2.50,1481
8186,Darfo Boario Terme SS 42,Temperatura,2011-02,5.44,1344
8186,Darfo Boario Terme SS 42,Temperatura,2011-03,8.98,1488
8186,Darfo Boario Terme SS 42,Temperatura,2011-04,15.93,1438
8186,Darfo Boario Terme SS 42,Temperatura,2011-05,18.62,1488
8186,Darfo Boario Terme SS 42,Temperatura,2011-06,20.37,1440
8186,Darfo Boario Terme SS 42,Temperatura,2011-07,20.66,3037
8186,Darfo Boario Terme SS 42,Temperatura,2011-08,23.42,4452
8186,Darfo Boario Terme SS 42,Temperatura,2011-09,20.49,4320
8186,Darfo Boario Terme SS 42,Temperatura,2011-10,13.19,4464
8186,Darfo Boario Terme SS 42,Temperatura,2011-11,7.65,4319
8186,Darfo Boario Terme SS 42,Temperatura,2011-12,4.53,4460
8186,Darfo Boario Terme SS 42,Temperatura,2012-01,3.22,4464
8186,Darfo Boario Terme SS 42,Temperatura,2012-02,1.93,4176
8186,Darfo Boario Terme SS 42,Temperatura,2012-03,11.90,4464
8186,Darfo Boario Terme SS 42,Temperatura,2012-04,11.82,4320
8186,Darfo Boario Terme SS 42,Temperatura,2012-05,16.69,4464
8186,Darfo Boario Terme SS 42,Temperatura,2012-06,21.95,4320
8186,Darfo Boario Terme SS 42,Temperatura,2012-07,23.05,4464
8186,Darfo Boario Terme SS 42,Temperatura,2012-08,24.38,4464
8186,Darfo Boario Terme SS 42,Temperatura,2012-09,18.23,4320
8186,Darfo Boario Terme SS 42,Temperatura,2012-10,13.66,4464
8186,Darfo Boario Terme SS 42,Temperatura,2012-11,9.26,4320
8186,Darfo Boario Terme SS 42,Temperatura,2012-12,2.93,4464
8186,Darfo Boario Terme SS 42,Temperatura,2013-01,3.80,4464
8186,Darfo Boario Terme SS 42,Temperatura,2013-02,3.37,4032
8186,Darfo Boario Terme SS 42,Temperatura,2013-03,6.85,4463
8186,Darfo Boario Terme SS 42,Temperatura,2013-04,12.97,4317
8186,Darfo Boario Terme SS 42,Temperatura,2013-05,14.86,4463
8186,Darfo Boario Terme SS 42,Temperatura,2013-06,20.33,4319
8186,Darfo Boario Terme SS 42,Temperatura,2013-07,23.90,4459
8186,Darfo Boario Terme SS 42,Temperatura,2013-08,22.66,4461
8186,Darfo Boario Terme SS 42,Temperatura,2013-09,18.72,4319
8186,Darfo Boario Terme SS 42,Temperatura,2013-10,13.86,4458
8186,Darfo Boario Terme SS 42,Temperatura,2013-11,8.87,4318
8186,Darfo Boario Terme SS 42,Temperatura,2013-12,4.47,4460
8186,Darfo Boario Terme SS 42,Temperatura,2014-01,5.54,4461
8186,Darfo Boario Terme SS 42,Temperatura,2014-02,7.06,4031
8186,Darfo Boario Terme SS 42,Temperatura,2014-03,10.80,4460
8186,Darfo Boario Terme SS 42,Temperatura,2014-04,14.23,4309
8186,Darfo Boario Terme SS 42,Temperatura,2014-05,16.70,4464
8186,Darfo Boario Terme SS 42,Temperatura,2014-06,20.49,4320
8186,Darfo Boario Terme SS 42,Temperatura,2014-07,20.69,4463
8186,Darfo Boario Terme SS 42,Temperatura,2014-08,19.85,4464
8186,Darfo Boario Terme SS 42,Temperatura,2014-09,18.27,4319
8186,Darfo Boario Terme SS 42,Temperatura,2014-10,15.06,4460
8186,Darfo Boario Terme SS 42,Temperatura,2014-11,10.23,4318
8186,Darfo Boario Terme SS 42,Temperatura,2014-12,5.58,4463
8186,Darfo Boario Terme SS 42,Temperatura,2015-01,4.53,4462
8186,Darfo Boario Terme SS 42,Temperatura,2015-02,4.96,4028
8186,Darfo Boario Terme SS 42,Temperatura,2015-03,9.76,4452
8186,Darfo Boario Terme SS 42,Temperatura,2015-04,13.69,4314
8186,Darfo Boario Terme SS 42,Temperatura,2015-05,17.95,4463
8186,Darfo Boario Terme SS 42,Temperatura,2015-06,21.74,4315
8186,Darfo Boario Terme SS 42,Temperatura,2015-07,26.98,4268
8186,Darfo Boario Terme SS 42,Temperatura,2015-08,23.30,3945
8186,Darfo Boario Terme SS 42,Temperatura,2015-09,17.93,4141
8186,Darfo Boario Terme SS 42,Temperatura,2015-10,12.85,4440
8186,Darfo Boario Terme SS 42,Temperatura,2015-11,8.34,4028
8186,Darfo Boario Terme SS 42,Temperatura,2015-12,4.10,1533
8187,Cevo,Temperatura,2003-06,20.71,579
8187,Cevo,Temperatura,2003-07,19.45,3024
8187,Cevo,Temperatura,2003-08,21.86,4464
8187,Cevo,Temperatura,2003-09,14.33,3483
8187,Cevo,Temperatura,2003-10,6.36,1640
8187,Cevo,Temperatura,2003-11,5.28,1440
8187,Cevo,Temperatura,2003-12,2.38,1440
8187,Cevo,Temperatura,2004-01,-0.27,1487
8187,Cevo,Temperatura,2004-02,2.31,1392
8187,Cevo,Temperatura,2004-03,3.30,1488
8187,Cevo,Temperatura,2004-04,7.47,1440
8187,Cevo,Temperatura,2004-05,10.25,1488
8187,Cevo,Temperatura,2004-06,15.74,1259
8187,Cevo,Temperatura,2004-07,17.20,1440
8187,Cevo,Temperatura,2004-08,18.02,1440
8187,Cevo,Temperatura,2004-09,14.79,1440
8187,Cevo,Temperatura,2004-10,10.34,1487
8187,Cevo,Temperatura,2004-11,5.33,1439
8187,Cevo,Temperatura,2004-12,2.58,1344
8187,Cevo,Temperatura,2005-01,0.89,1488
8187,Cevo,Temperatura,2005-02,-1.41,1338
8187,Cevo,Temperatura,2005-03,4.28,1488
8187,Cevo,Temperatura,2005-04,7.09,1440
8187,Cevo,Temperatura,2005-05,13.18,1488
8187,Cevo,Temperatura,2005-06,16.83,1302
8187,Cevo,Temperatura,2005-07,18.12,1485
8187,Cevo,Temperatura,2005-08,16.09,1488
8187,Cevo,Temperatura,2005-09,13.90,1440
8187,Cevo,Temperatura,2005-10,9.05,1488
8187,Cevo,Temperatura,2005-11,3.84,1440
8187,Cevo,Temperatura,2005-12,-0.67,1486
8187,Cevo,Temperatura,2006-01,-0.27,1488
8187,Cevo,Temperatura,2006-02,0.41,1344
8187,Cevo,Temperatura,2006-03,2.35,1488
8187,Cevo,Temperatura,2006-04,8.44,1440
8187,Cevo,Temperatura,2006-05,12.43,1488
8187,Cevo,Temperatura,2006-06,17.35,1438
8187,Cevo,Temperatura,2006-07,20.28,1488
8187,Cevo,Temperatura,2006-08,15.12,1488
8187,Cevo,Temperatura,2006-09,15.93,1440
8187,Cevo,Temperatura,2006-10,11.74,1488
8187,Cevo,Temperatura,2006-11,7.14,1440
8187,Cevo,Temperatura,2006-12,3.83,1488
8187,Cevo,Temperatura,2007-01,4.44,1488
8187,Cevo,Temperatura,2007-02,4.40,1344
8187,Cevo,Temperatura,2007-03,5.95,1488
8187,Cevo,Temperatura,2007-04,12.22,1440
8187,Cevo,Temperatura,2007-05,13.84,1488
8187,Cevo,Temperatura,2007-06,15.96,1440
8187,Cevo,Temperatura,2007-07,18.90,1488
8187,Cevo,Temperatura,2007-08,16.65,1488
8187,Cevo,Temperatura,2007-09,13.04,1439
8187,Cevo,Temperatura,2007-10,9.61,1486
8187,Cevo,Temperatura,2007-11,4.22,1440
8187,Cevo,Temperatura,2007-12,2.12,1485
8187,Cevo,Temperatura,2008-01,3.20,1488
8187,Cevo,Temperatura,2008-02,3.30,1392
8187,Cevo,Temperatura,2008-03,4.49,1488
8187,Cevo,Temperatura,2008-04,7.18,1440
8187,Cevo,Temperatura,2008-05,12.71,1488
8187,Cevo,Temperatura,2008-06,16.13,1440
8187,Cevo,Temperatura,2008-07,17.72,1488
8187,Cevo,Temperatura,2008-08,18.18,1488
8187,Cevo,Temperatura,2008-09,12.73,1440
8187,Cevo,Temperatura,2008-10,10.53,1488
8187,Cevo,Temperatura,2008-11,4.46,1440
8187,Cevo,Temperatura,2008-12,1.70,1488
8187,Cevo,Temperatura,2009-01,0.57,1488
8187,Cevo,Temperatura,2009-02,1.04,1344
8187,Cevo,Temperatura,2009-03,4.94,1488
8187,Cevo,Temperatura,2009-04,9.51,1440
8187,Cevo,Temperatura,2009-05,15.25,1488
8187,Cevo,Temperatura,2009-06,16.12,1440
8187,Cevo,Temperatura,2009-07,18.25,1488
8187,Cevo,Temperatura,2009-08,19.79,1487
8187,Cevo,Temperatura,2009-09,15.20,1440
8187,Cevo,Temperatura,2009-10,9.77,1488
8187,Cevo,Temperatura,2009-11,5.89,1440
8187,Cevo,Temperatura,2009-12,0.39,1488
8187,Cevo,Temperatura,2010-01,-1.54,1487
8187,Cevo,Temperatura,2010-02,0.35,1344
8187,Cevo,Temperatura,2010-03,3.45,1488
8187,Cevo,Temperatura,2010-04,8.46,1440
8187,Cevo,Temperatura,2010-05,11.44,1488
8187,Cevo,Temperatura,2010-06,16.85,1440
8187,Cevo,Temperatura,2010-07,20.11,1488
8187,Cevo,Temperatura,2010-08,17.22,1488
8187,Cevo,Temperatura,2010-09,13.26,1440
8187,Cevo,Temperatura,2010-10,8.04,1488
8187,Cevo,Temperatura,2010-11,4.43,1440
8187,Cevo,Temperatura,2010-12,-0.73,1488
8187,Cevo,Temperatura,2011-01,-1.40,1
8187,Cevo,Temperatura,2011-01,1.14,1487
8187,Cevo,Temperatura,2011-02,3.61,1344
8187,Cevo,Temperatura,2011-03,5.14,1488
8187,Cevo,Temperatura,2011-04,11.54,1438
8187,Cevo,Temperatura,2011-05,14.03,1488
8187,Cevo,Temperatura,2011-06,15.52,1438
8187,Cevo,Temperatura,2011-07,16.94,1484
8187,Cevo,Temperatura,2011-08,19.77,1486
8187,Cevo,Temperatura,2011-09,17.16,1440
8187,Cevo,Temperatura,2011-10,10.37,1488
8187,Cevo,Temperatura,2011-11,6.39,2054
8187,Cevo,Temperatura,2011-12,2.70,4446
8187,Cevo,Temperatura,2012-01,1.65,4421
8187,Cevo,Temperatura,2012-02,-0.44,4166
8187,Cevo,Temperatura,2012-03,9.14,4464
8187,Cevo,Temperatura,2012-04,7.38,4320
8187,Cevo,Temperatura,2012-05,12.67,4464
8187,Cevo,Temperatura,2012-06,17.70,4320
8187,Cevo,Temperatura,2012-07,18.75,4464
8187,Cevo,Temperatura,2012-08,20.21,4464
8187,Cevo,Temperatura,2012-09,14.59,4320
8187,Cevo,Temperatura,2012-10,10.29,4464
8187,Cevo,Temperatura,2012-11,6.22,4320
8187,Cevo,Temperatura,2012-12,0.99,4464
8187,Cevo,Temperatura,2013-01,2.02,4464
8187,Cevo,Temperatura,2013-02,-0.29,4032
8187,Cevo,Temperatura,2013-03,2.90,4462
8187,Cevo,Temperatura,2013-04,8.69,4315
8187,Cevo,Temperatura,2013-05,10.48,4464
8187,Cevo,Temperatura,2013-06,16.07,4317
8187,Cevo,Temperatura,2013-07,19.74,4463
8187,Cevo,Temperatura,2013-08,18.81,4463
8187,Cevo,Temperatura,2013-09,15.15,4320
8187,Cevo,Temperatura,2013-10,10.27,4461
8187,Cevo,Temperatura,2013-11,5.17,4319
8187,Cevo,Temperatura,2013-12,4.49,4462
8187,Cevo,Temperatura,2014-01,2.46,4464
8187,Cevo,Temperatura,2014-02,2.99,4030
8187,Cevo,Temperatura,2014-03,7.45,4461
8187,Cevo,Temperatura,2014-04,10.16,4316
8187,Cevo,Temperatura,2014-05,12.15,4464
8187,Cevo,Temperatura,2014-06,16.17,4319
8187,Cevo,Temperatura,2014-07,16.69,4462
8187,Cevo,Temperatura,2014-08,15.88,4463
8187,Cevo,Temperatura,2014-09,14.60,4320
8187,Cevo,Temperatura,2014-10,11.62,4464
8187,Cevo,Temperatura,2014-11,7.73,4318
8187,Cevo,Temperatura,2014-12,3.53,4463
8187,Cevo,Temperatura,2015-01,2.72,4464
8187,Cevo,Temperatura,2015-02,1.90,4031
8187,Cevo,Temperatura,2015-03,5.80,4457
8187,Cevo,Temperatura,2015-04,9.71,4290
8187,Cevo,Temperatura,2015-05,13.68,4463
8187,Cevo,Temperatura,2015-06,17.13,4140
8187,Cevo,Temperatura,2015-07,21.91,4453
8187,Cevo,Temperatura,2015-08,19.08,4454
8187,Cevo,Temperatura,2015-09,13.53,4313
8187,Cevo,Temperatura,2015-10,9.43,4464
8187,Cevo,Temperatura,2015-11,8.33,4320
8187,Cevo,Temperatura,2015-12,5.46,4436
8187,Cevo,Temperatura,2016-01,1.60,4402
8187,Cevo,Temperatura,2016-02,3.44,4175
8187,Cevo,Temperatura,2016-03,5.05,4464
8187,Cevo,Temperatura,2016-04,9.78,4302
8187,Cevo,Temperatura,2016-05,11.71,4464
8187,Cevo,Temperatura,2016-06,15.67,4320
8187,Cevo,Temperatura,2016-07,18.92,4464
8187,Cevo,Temperatura,2016-08,17.54,4460
8187,Cevo,Temperatura,2016-09,15.69,4320
8187,Cevo,Temperatura,2016-10,8.81,4302
8187,Cevo,Temperatura,2016-11,4.94,4309
8187,Cevo,Temperatura,2016-12,4.72,4437
8187,Cevo,Temperatura,2017-01,-2.02,3864
8187,Cevo,Temperatura,2017-02,2.98,4026
8187,Cevo,Temperatura,2017-03,7.58,4434
8187,Cevo,Temperatura,2017-04,9.02,4314
8187,Cevo,Temperatura,2017-05,12.90,4464
8187,Cevo,Temperatura,2017-06,17.75,4320
8187,Cevo,Temperatura,2017-07,18.50,4463
8187,Cevo,Temperatura,2017-08,19.25,4464
8187,Cevo,Temperatura,2017-09,11.87,4319
8187,Cevo,Temperatura,2017-10,11.26,4457
8187,Cevo,Temperatura,2017-11,4.24,4320
8187,Cevo,Temperatura,2017-12,1.04,4464
8187,Cevo,Temperatura,2018-01,2.66,4464
8187,Cevo,Temperatura,2018-02,-1.71,4032
8187,Cevo,Temperatura,2018-03,2.46,4464
8187,Cevo,Temperatura,2018-04,10.16,4320
8187,Cevo,Temperatura,2018-05,12.65,4464
8187,Cevo,Temperatura,2018-06,16.83,4320
8187,Cevo,Temperatura,2018-07,18.50,4464
8187,Cevo,Temperatura,2018-08,18.77,4463
8187,Cevo,Temperatura,2018-09,15.85,4320
8187,Cevo,Temperatura,2018-10,11.47,4452
8187,Cevo,Temperatura,2018-11,5.83,4107
8187,Cevo,Temperatura,2018-12,2.84,4464
8187,Cevo,Temperatura,2019-01,0.72,4464
8187,Cevo,Temperatura,2019-02,4.92,4030
8187,Cevo,Temperatura,2019-03,6.45,4463
8187,Cevo,Temperatura,2019-04,7.71,4320
8187,Cevo,Temperatura,2019-05,9.41,4464
8187,Cevo,Temperatura,2019-06,18.85,4320
8187,Cevo,Temperatura,2019-07,19.24,4464
8187,Cevo,Temperatura,2019-08,18.72,4454
8187,Cevo,Temperatura,2019-09,14.38,4319
8187,Cevo,Temperatura,2019-10,11.00,4464
8187,Cevo,Temperatura,2019-11,4.49,4314
8187,Cevo,Temperatura,2019-12,3.29,4464
8187,Cevo,Temperatura,2020-01,2.97,4463
8187,Cevo,Temperatura,2020-02,4.61,4176
8187,Cevo,Temperatura,2020-03,4.07,4457
8187,Cevo,Temperatura,2020-04,9.79,4320
8187,Cevo,Temperatura,2020-05,12.64,4463
8187,Cevo,Temperatura,2020-06,15.10,4320
8187,Cevo,Temperatura,2020-07,18.23,4461
8187,Cevo,Temperatura,2020-08,18.36,4452
8187,Cevo,Temperatura,2020-09,14.67,4313
8187,Cevo,Temperatura,2020-10,8.55,4464
8187,Cevo,Temperatura,2020-11,6.58,4320
8187,Cevo,Temperatura,2020-12,1.26,4464
8187,Cevo,Temperatura,2021-01,-1.90,1
8187,Cevo,Temperatura,2021-01,-0.65,4463
8187,Cevo,Temperatura,2021-02,3.46,4032
8187,Cevo,Temperatura,2021-03,4.81,4454
8187,Cevo,Temperatura,2021-04,6.44,4320
8187,Cevo,Temperatura,2021-05,10.40,4464
8187,Cevo,Temperatura,2021-06,18.16,4320
8187,Cevo,Temperatura,2021-07,18.15,4464
8187,Cevo,Temperatura,2021-08,17.36,4463
8187,Cevo,Temperatura,2021-09,15.20,4320
8187,Cevo,Temperatura,2021-10,8.86,4464
8187,Cevo,Temperatura,2021-11,5.08,4320
8187,Cevo,Temperatura,2021-12,3.29,4464
8187,Cevo,Temperatura,2022-01,3.76,4458
8187,Cevo,Temperatura,2022-02,3.67,4032
8187,Cevo,Temperatura,2022-03,4.20,4464
8187,Cevo,Temperatura,2022-04,7.40,4320
8187,Cevo,Temperatura,2022-05,14.32,4464
8187,Cevo,Temperatura,2022-06,18.75,4320
8187,Cevo,Temperatura,2022-07,21.51,4464
8187,Cevo,Temperatura,2022-08,19.42,4464
8187,Cevo,Temperatura,2022-09,13.61,4320
8187,Cevo,Temperatura,2022-10,13.28,4464
8187,Cevo,Temperatura,2022-11,6.13,4319
8187,Cevo,Temperatura,2022-12,2.42,4462
8187,Cevo,Temperatura,2023-01,2.11,4460
8187,Cevo,Temperatura,2023-02,3.84,4031
8187,Cevo,Temperatura,2023-03,6.10,4464
8187,Cevo,Temperatura,2023-04,7.53,4320
8187,Cevo,Temperatura,2023-05,11.94,4464
8187,Cevo,Temperatura,2023-06,17.09,4319
8187,Cevo,Temperatura,2023-07,18.79,4457
8187,Cevo,Temperatura,2023-08,19.18,4362
8187,Cevo,Temperatura,2023-09,16.36,4320
8187,Cevo,Temperatura,2023-10,12.84,4464
8187,Cevo,Temperatura,2023-11,4.99,4320
8187,Cevo,Temperatura,2023-12,4.38,4464
8187,Cevo,Temperatura,2024-01,3.03,4458
8187,Cevo,Temperatura,2024-02,6.02,4176
8187,Cevo,Temperatura,2024-03,6.25,4461
8187,Cevo,Temperatura,2024-04,9.18,4320
8187,Cevo,Temperatura,2024-05,11.37,4462
8187,Cevo,Temperatura,2024-06,15.96,4320
8187,Cevo,Temperatura,2024-07,19.93,4464
8187,Cevo,Temperatura,2024-08,21.22,4464
8187,Cevo,Temperatura,2024-09,14.09,4320
8187,Cevo,Temperatura,2024-10,10.90,4464
8187,Cevo,Temperatura,2024-11,6.05,4320
8187,Cevo,Temperatura,2024-12,3.43,4464
8187,Cevo,Temperatura,2025-01,1.99,4464
8187,Cevo,Temperatura,2025-02,2.54,4032
8187,Cevo,Temperatura,2025-03,5.77,4464
8187,Cevo,Temperatura,2025-04,9.61,4320
8187,Cevo,Temperatura,2025-05,12.23,4464
8187,Cevo,Temperatura,2025-06,19.30,4320
8187,Cevo,Temperatura,2025-07,17.60,4464
8187,Cevo,Temperatura,2025-08,18.26,4463
8187,Cevo,Temperatura,2025-09,14.08,4320
8187,Cevo,Temperatura,2025-10,9.59,4461
8187,Cevo,Temperatura,2025-11,5.03,4051
8187,Cevo,Temperatura,2025-12,4.52,3338
8187,Cevo,Temperatura,2026-01,0.50,4464
8187,Cevo,Temperatura,2026-02,4.22,4032
8187,Cevo,Temperatura,2026-03,6.20,1
8209,Manerbio v.Dante,Temperatura,2003-04,7.49,48
8209,Manerbio v.Dante,Temperatura,2003-07,26.41,2990
8209,Manerbio v.Dante,Temperatura,2003-08,28.01,4464
8209,Manerbio v.Dante,Temperatura,2003-09,19.51,3496
8209,Manerbio v.Dante,Temperatura,2003-10,11.48,1640
8209,Manerbio v.Dante,Temperatura,2003-11,9.05,1440
8209,Manerbio v.Dante,Temperatura,2003-12,4.19,1441
8209,Manerbio v.Dante,Temperatura,2004-01,2.34,1480
8209,Manerbio v.Dante,Temperatura,2004-02,3.89,1392
8209,Manerbio v.Dante,Temperatura,2004-03,8.04,1488
8209,Manerbio v.Dante,Temperatura,2004-04,13.36,1439
8209,Manerbio v.Dante,Temperatura,2004-05,17.17,1488
8209,Manerbio v.Dante,Temperatura,2004-06,22.51,1259
8209,Manerbio v.Dante,Temperatura,2004-07,24.25,1440
8209,Manerbio v.Dante,Temperatura,2004-08,24.59,1440
8209,Manerbio v.Dante,Temperatura,2004-09,20.10,1440
8209,Manerbio v.Dante,Temperatura,2004-10,15.70,1487
8209,Manerbio v.Dante,Temperatura,2004-11,8.50,1439
8209,Manerbio v.Dante,Temperatura,2004-12,4.11,1343
8209,Manerbio v.Dante,Temperatura,2005-01,1.34,1488
8209,Manerbio v.Dante,Temperatura,2005-02,2.54,1338
8209,Manerbio v.Dante,Temperatura,2005-03,8.55,1488
8209,Manerbio v.Dante,Temperatura,2005-04,12.51,1440
8209,Manerbio v.Dante,Temperatura,2005-05,19.41,1488
8209,Manerbio v.Dante,Temperatura,2005-06,23.79,1304
8209,Manerbio v.Dante,Temperatura,2005-07,24.73,1485
8209,Manerbio v.Dante,Temperatura,2005-08,21.87,1488
8209,Manerbio v.Dante,Temperatura,2005-09,20.09,1440
8209,Manerbio v.Dante,Temperatura,2005-10,13.69,1488
8209,Manerbio v.Dante,Temperatura,2005-11,7.28,1440
8209,Manerbio v.Dante,Temperatura,2005-12,1.38,1486
8209,Manerbio v.Dante,Temperatura,2006-01,0.08,1488
8209,Manerbio v.Dante,Temperatura,2006-02,3.14,1344
8209,Manerbio v.Dante,Temperatura,2006-03,8.09,1488
8209,Manerbio v.Dante,Temperatura,2006-04,14.06,1440
8209,Manerbio v.Dante,Temperatura,2006-05,19.02,1488
8209,Manerbio v.Dante,Temperatura,2006-06,23.62,1438
8209,Manerbio v.Dante,Temperatura,2006-07,27.02,1488
8209,Manerbio v.Dante,Temperatura,2006-08,22.00,1488
8209,Manerbio v.Dante,Temperatura,2006-09,21.24,1440
8209,Manerbio v.Dante,Temperatura,2006-10,15.88,1488
8209,Manerbio v.Dante,Temperatura,2006-11,9.30,1440
8209,Manerbio v.Dante,Temperatura,2006-12,5.27,1488
8209,Manerbio v.Dante,Temperatura,2007-01,5.88,1488
8209,Manerbio v.Dante,Temperatura,2007-02,6.73,1344
8209,Manerbio v.Dante,Temperatura,2007-03,10.64,1488
8209,Manerbio v.Dante,Temperatura,2007-04,17.60,1440
8209,Manerbio v.Dante,Temperatura,2007-05,20.45,1488
8209,Manerbio v.Dante,Temperatura,2007-06,22.99,1357
8209,Manerbio v.Dante,Temperatura,2007-07,25.66,1488
8209,Manerbio v.Dante,Temperatura,2007-08,23.60,1488
8209,Manerbio v.Dante,Temperatura,2007-09,18.99,1437
8209,Manerbio v.Dante,Temperatura,2007-10,13.83,1486
8209,Manerbio v.Dante,Temperatura,2007-11,7.59,1439
8209,Manerbio v.Dante,Temperatura,2007-12,2.62,1485
8209,Manerbio v.Dante,Temperatura,2008-01,4.82,1488
8209,Manerbio v.Dante,Temperatura,2008-02,5.56,1392
8209,Manerbio v.Dante,Temperatura,2008-03,10.17,1488
8209,Manerbio v.Dante,Temperatura,2008-04,13.24,1440
8209,Manerbio v.Dante,Temperatura,2008-05,19.25,1488
8209,Manerbio v.Dante,Temperatura,2008-06,22.94,1440
8209,Manerbio v.Dante,Temperatura,2008-07,25.10,1488
8209,Manerbio v.Dante,Temperatura,2008-08,25.06,1488
8209,Manerbio v.Dante,Temperatura,2008-09,19.30,1440
8209,Manerbio v.Dante,Temperatura,2008-10,15.46,1488
8209,Manerbio v.Dante,Temperatura,2008-11,9.01,1440
8209,Manerbio v.Dante,Temperatura,2008-12,3.74,1488
8209,Manerbio v.Dante,Temperatura,2009-01,1.18,1488
8209,Manerbio v.Dante,Temperatura,2009-02,4.74,1344
8209,Manerbio v.Dante,Temperatura,2009-03,9.77,1488
8209,Manerbio v.Dante,Temperatura,2009-04,14.80,1440
8209,Manerbio v.Dante,Temperatura,2009-05,21.43,1488
8209,Manerbio v.Dante,Temperatura,2009-06,23.38,1440
8209,Manerbio v.Dante,Temperatura,2009-07,25.63,1488
8209,Manerbio v.Dante,Temperatura,2009-08,26.44,1487
8209,Manerbio v.Dante,Temperatura,2009-09,21.30,1440
8209,Manerbio v.Dante,Temperatura,2009-10,14.29,1488
8209,Manerbio v.Dante,Temperatura,2009-11,9.82,1440
8209,Manerbio v.Dante,Temperatura,2009-12,2.58,1488
8209,Manerbio v.Dante,Temperatura,2010-01,1.73,1487
8209,Manerbio v.Dante,Temperatura,2010-02,4.67,1344
8209,Manerbio v.Dante,Temperatura,2010-03,8.57,1488
8209,Manerbio v.Dante,Temperatura,2010-04,14.29,1440
8209,Manerbio v.Dante,Temperatura,2010-05,18.26,1488
8209,Manerbio v.Dante,Temperatura,2010-06,23.59,1440
8209,Manerbio v.Dante,Temperatura,2010-07,26.63,1488
8209,Manerbio v.Dante,Temperatura,2010-08,23.49,1488
8209,Manerbio v.Dante,Temperatura,2010-09,18.97,1440
8209,Manerbio v.Dante,Temperatura,2010-10,12.65,1488
8209,Manerbio v.Dante,Temperatura,2010-11,9.04,1440
8209,Manerbio v.Dante,Temperatura,2010-12,1.45,1488
8209,Manerbio v.Dante,Temperatura,2011-01,-0.80,1
8209,Manerbio v.Dante,Temperatura,2011-01,2.47,1487
8209,Manerbio v.Dante,Temperatura,2011-02,5.30,1342
8209,Manerbio v.Dante,Temperatura,2011-03,9.78,1488
8209,Manerbio v.Dante,Temperatura,2011-04,16.97,1436
8209,Manerbio v.Dante,Temperatura,2011-05,20.71,1488
8209,Manerbio v.Dante,Temperatura,2011-06,22.75,1440
8209,Manerbio v.Dante,Temperatura,2011-07,23.97,1488
8209,Manerbio v.Dante,Temperatura,2011-08,26.30,3639
8209,Manerbio v.Dante,Temperatura,2011-09,22.65,4320
8209,Manerbio v.Dante,Temperatura,2011-10,13.97,4464
8209,Manerbio v.Dante,Temperatura,2011-11,7.57,4320
8209,Manerbio v.Dante,Temperatura,2011-12,4.09,4436
8209,Manerbio v.Dante,Temperatura,2012-01,1.77,4464
8209,Manerbio v.Dante,Temperatura,2012-02,2.12,4176
8209,Manerbio v.Dante,Temperatura,2012-03,12.70,4464
8209,Manerbio v.Dante,Temperatura,2012-04,13.25,4320
8209,Manerbio v.Dante,Temperatura,2012-05,18.93,4464
8209,Manerbio v.Dante,Temperatura,2012-06,24.77,4320
8209,Manerbio v.Dante,Temperatura,2012-07,25.88,4464
8209,Manerbio v.Dante,Temperatura,2012-08,26.98,4464
8209,Manerbio v.Dante,Temperatura,2012-09,20.26,4320
8209,Manerbio v.Dante,Temperatura,2012-10,15.03,4464
8209,Manerbio v.Dante,Temperatura,2012-11,10.14,4320
8209,Manerbio v.Dante,Temperatura,2012-12,1.73,4464
8209,Manerbio v.Dante,Temperatura,2013-01,3.38,4464
8209,Manerbio v.Dante,Temperatura,2013-02,3.33,4032
8209,Manerbio v.Dante,Temperatura,2013-03,7.57,4463
8209,Manerbio v.Dante,Temperatura,2013-04,14.09,4317
8209,Manerbio v.Dante,Temperatura,2013-05,16.97,4464
8209,Manerbio v.Dante,Temperatura,2013-06,23.04,4317
8209,Manerbio v.Dante,Temperatura,2013-07,26.38,4460
8209,Manerbio v.Dante,Temperatura,2013-08,24.45,4464
8209,Manerbio v.Dante,Temperatura,2013-09,20.43,4320
8209,Manerbio v.Dante,Temperatura,2013-10,15.56,4462
8209,Manerbio v.Dante,Temperatura,2013-11,9.30,4319
8209,Manerbio v.Dante,Temperatura,2013-12,3.96,4464
8209,Manerbio v.Dante,Temperatura,2014-01,5.99,4462
8209,Manerbio v.Dante,Temperatura,2014-02,7.91,4028
8209,Manerbio v.Dante,Temperatura,2014-03,11.62,4464
8209,Manerbio v.Dante,Temperatura,2014-04,15.58,4308
8209,Manerbio v.Dante,Temperatura,2014-05,18.71,4464
8209,Manerbio v.Dante,Temperatura,2014-06,23.48,4319
8209,Manerbio v.Dante,Temperatura,2014-07,23.03,4464
8209,Manerbio v.Dante,Temperatura,2014-08,22.86,4463
8209,Manerbio v.Dante,Temperatura,2014-09,20.20,4319
8209,Manerbio v.Dante,Temperatura,2014-10,16.31,4462
8209,Manerbio v.Dante,Temperatura,2014-11,11.38,4320
8209,Manerbio v.Dante,Temperatura,2014-12,5.78,4464
8209,Manerbio v.Dante,Temperatura,2015-01,4.23,4464
8209,Manerbio v.Dante,Temperatura,2015-02,4.31,4027
8209,Manerbio v.Dante,Temperatura,2015-03,10.25,4458
8209,Manerbio v.Dante,Temperatura,2015-04,14.73,4316
8209,Manerbio v.Dante,Temperatura,2015-05,19.92,4457
8209,Manerbio v.Dante,Temperatura,2015-06,24.11,4317
8209,Manerbio v.Dante,Temperatura,2015-07,28.66,4463
8209,Manerbio v.Dante,Temperatura,2015-08,25.54,4457
8209,Manerbio v.Dante,Temperatura,2015-09,20.45,4320
8209,Manerbio v.Dante,Temperatura,2015-10,14.29,4463
8209,Manerbio v.Dante,Temperatura,2015-11,8.90,4319
8209,Manerbio v.Dante,Temperatura,2015-12,4.63,4461
8209,Manerbio v.Dante,Temperatura,2016-01,3.68,4433
8209,Manerbio v.Dante,Temperatura,2016-02,7.33,4173
8209,Manerbio v.Dante,Temperatura,2016-03,10.08,4424
8209,Manerbio v.Dante,Temperatura,2016-04,15.52,4319
8209,Manerbio v.Dante,Temperatura,2016-05,17.81,4464
8209,Manerbio v.Dante,Temperatura,2016-06,22.72,4320
8209,Manerbio v.Dante,Temperatura,2016-07,26.41,4455
8209,Manerbio v.Dante,Temperatura,2016-08,24.22,4464
8209,Manerbio v.Dante,Temperatura,2016-09,21.77,4320
8209,Manerbio v.Dante,Temperatura,2016-10,13.63,4354
8209,Manerbio v.Dante,Temperatura,2016-11,9.05,4307
8209,Manerbio v.Dante,Temperatura,2016-12,3.28,4462
8209,Manerbio v.Dante,Temperatura,2017-01,0.86,4464
8209,Manerbio v.Dante,Temperatura,2017-02,6.76,4025
8209,Manerbio v.Dante,Temperatura,2017-03,12.08,4434
8209,Manerbio v.Dante,Temperatura,2017-04,15.10,4313
8209,Manerbio v.Dante,Temperatura,2017-05,19.71,4463
8209,Manerbio v.Dante,Temperatura,2017-06,25.33,4319
8209,Manerbio v.Dante,Temperatura,2017-07,25.78,4463
8209,Manerbio v.Dante,Temperatura,2017-08,26.39,4464
8209,Manerbio v.Dante,Temperatura,2017-09,18.44,4312
8209,Manerbio v.Dante,Temperatura,2017-10,14.61,4457
8209,Manerbio v.Dante,Temperatura,2017-11,8.13,4320
8209,Manerbio v.Dante,Temperatura,2017-12,2.51,4464
8209,Manerbio v.Dante,Temperatura,2018-01,5.77,4460
8209,Manerbio v.Dante,Temperatura,2018-02,4.31,4014
8209,Manerbio v.Dante,Temperatura,2018-03,7.68,4464
8209,Manerbio v.Dante,Temperatura,2018-04,16.53,4320
8209,Manerbio v.Dante,Temperatura,2018-05,20.01,4464
8209,Manerbio v.Dante,Temperatura,2018-06,24.34,4320
8209,Manerbio v.Dante,Temperatura,2018-07,25.98,4464
8209,Manerbio v.Dante,Temperatura,2018-08,25.84,4457
8209,Manerbio v.Dante,Temperatura,2018-09,21.63,4320
8209,Manerbio v.Dante,Temperatura,2018-10,16.27,4452
8209,Manerbio v.Dante,Temperatura,2018-11,10.77,4308
8209,Manerbio v.Dante,Temperatura,2018-12,3.30,4464
8209,Manerbio v.Dante,Temperatura,2019-01,2.53,4463
8209,Manerbio v.Dante,Temperatura,2019-02,6.46,4031
8209,Manerbio v.Dante,Temperatura,2019-03,11.02,4457
8209,Manerbio v.Dante,Temperatura,2019-04,13.89,4319
8209,Manerbio v.Dante,Temperatura,2019-05,15.92,4464
8209,Manerbio v.Dante,Temperatura,2019-06,26.27,4320
8209,Manerbio v.Dante,Temperatura,2019-07,26.68,4463
8209,Manerbio v.Dante,Temperatura,2019-08,25.92,4464
8209,Manerbio v.Dante,Temperatura,2019-09,20.52,4320
8209,Manerbio v.Dante,Temperatura,2019-10,16.28,4463
8209,Manerbio v.Dante,Temperatura,2019-11,9.96,4319
8209,Manerbio v.Dante,Temperatura,2019-12,5.83,4464
8209,Manerbio v.Dante,Temperatura,2020-01,3.94,4464
8209,Manerbio v.Dante,Temperatura,2020-02,8.13,4175
8209,Manerbio v.Dante,Temperatura,2020-03,9.61,4464
8209,Manerbio v.Dante,Temperatura,2020-04,15.02,4320
8209,Manerbio v.Dante,Temperatura,2020-05,19.86,4464
8209,Manerbio v.Dante,Temperatura,2020-06,22.56,4320
8209,Manerbio v.Dante,Temperatura,2020-07,25.66,4464
8209,Manerbio v.Dante,Temperatura,2020-08,25.58,4462
8209,Manerbio v.Dante,Temperatura,2020-09,21.12,4320
8209,Manerbio v.Dante,Temperatura,2020-10,13.62,4464
8209,Manerbio v.Dante,Temperatura,2020-11,9.04,4320
8209,Manerbio v.Dante,Temperatura,2020-12,5.14,4463
8209,Manerbio v.Dante,Temperatura,2021-01,1.80,1
8209,Manerbio v.Dante,Temperatura,2021-01,2.90,4463
8209,Manerbio v.Dante,Temperatura,2021-02,7.57,4032
8209,Manerbio v.Dante,Temperatura,2021-03,9.77,4464
8209,Manerbio v.Dante,Temperatura,2021-04,12.69,4320
8209,Manerbio v.Dante,Temperatura,2021-05,17.50,4463
8209,Manerbio v.Dante,Temperatura,2021-06,25.24,4320
8209,Manerbio v.Dante,Temperatura,2021-07,25.54,4464
8209,Manerbio v.Dante,Temperatura,2021-08,24.82,4464
8209,Manerbio v.Dante,Temperatura,2021-09,21.64,4319
8209,Manerbio v.Dante,Temperatura,2021-10,13.82,4464
8209,Manerbio v.Dante,Temperatura,2021-11,8.90,4320
8209,Manerbio v.Dante,Temperatura,2021-12,3.23,4461
8209,Manerbio v.Dante,Temperatura,2022-01,2.80,4464
8209,Manerbio v.Dante,Temperatura,2022-02,7.23,4030
8209,Manerbio v.Dante,Temperatura,2022-03,9.06,4464
8209,Manerbio v.Dante,Temperatura,2022-04,13.71,4320
8209,Manerbio v.Dante,Temperatura,2022-05,21.49,4464
8209,Manerbio v.Dante,Temperatura,2022-06,26.25,4320
8209,Manerbio v.Dante,Temperatura,2022-07,28.44,4464
8209,Manerbio v.Dante,Temperatura,2022-08,26.39,4463
8209,Manerbio v.Dante,Temperatura,2022-09,20.59,4320
8209,Manerbio v.Dante,Temperatura,2022-10,17.77,4464
8209,Manerbio v.Dante,Temperatura,2022-11,9.55,4318
8209,Manerbio v.Dante,Temperatura,2022-12,5.85,4462
8209,Manerbio v.Dante,Temperatura,2023-01,5.55,4460
8209,Manerbio v.Dante,Temperatura,2023-02,6.49,4031
8209,Manerbio v.Dante,Temperatura,2023-03,11.49,4464
8209,Manerbio v.Dante,Temperatura,2023-04,13.89,4320
8209,Manerbio v.Dante,Temperatura,2023-05,18.86,4463
8209,Manerbio v.Dante,Temperatura,2023-06,24.51,4288
8209,Manerbio v.Dante,Temperatura,2023-07,26.43,4463
8209,Manerbio v.Dante,Temperatura,2023-08,26.23,4464
8209,Manerbio v.Dante,Temperatura,2023-09,22.49,4320
8209,Manerbio v.Dante,Temperatura,2023-10,17.84,4464
8209,Manerbio v.Dante,Temperatura,2023-11,8.73,4320
8209,Manerbio v.Dante,Temperatura,2023-12,5.91,4464
8209,Manerbio v.Dante,Temperatura,2024-01,3.86,4456
8209,Manerbio v.Dante,Temperatura,2024-02,8.86,4176
8209,Manerbio v.Dante,Temperatura,2024-03,11.76,4463
8209,Manerbio v.Dante,Temperatura,2024-04,14.54,4320
8209,Manerbio v.Dante,Temperatura,2024-05,18.65,4462
8209,Manerbio v.Dante,Temperatura,2024-06,23.21,4319
8209,Manerbio v.Dante,Temperatura,2024-07,27.72,4464
8209,Manerbio v.Dante,Temperatura,2024-08,27.58,4464
8209,Manerbio v.Dante,Temperatura,2024-09,20.32,4320
8209,Manerbio v.Dante,Temperatura,2024-10,16.21,4460
8209,Manerbio v.Dante,Temperatura,2024-11,7.88,4319
8209,Manerbio v.Dante,Temperatura,2024-12,3.85,4464
8209,Manerbio v.Dante,Temperatura,2025-01,5.21,4463
8209,Manerbio v.Dante,Temperatura,2025-02,6.75,4032
8209,Manerbio v.Dante,Temperatura,2025-03,10.96,4464
8209,Manerbio v.Dante,Temperatura,2025-04,15.62,4320
8209,Manerbio v.Dante,Temperatura,2025-05,19.43,4461
8209,Manerbio v.Dante,Temperatura,2025-06,26.98,4320
8209,Manerbio v.Dante,Temperatura,2025-07,25.52,4464
8209,Manerbio v.Dante,Temperatura,2025-08,25.17,4463
8209,Manerbio v.Dante,Temperatura,2025-09,20.58,4318
8209,Manerbio v.Dante,Temperatura,2025-10,14.14,4464
8209,Manerbio v.Dante,Temperatura,2025-11,8.24,4305
8209,Manerbio v.Dante,Temperatura,2025-12,6.22,4464
8209,Manerbio v.Dante,Temperatura,2026-01,3.12,4464
8209,Manerbio v.Dante,Temperatura,2026-02,7.90,4032
8209,Manerbio v.Dante,Temperatura,2026-03,9.80,1
8218,Collio S.Colombano,Temperatura,2003-04,0.74,48
8218,Collio S.Colombano,Temperatura,2003-07,17.74,384
8218,Collio S.Colombano,Temperatura,2003-08,19.91,4464
8218,Collio S.Colombano,Temperatura,2003-09,12.82,3495
8218,Collio S.Colombano,Temperatura,2003-10,6.11,1640
8218,Collio S.Colombano,Temperatura,2003-11,4.24,1440
8218,Collio S.Colombano,Temperatura,2003-12,0.36,1440
8218,Collio S.Colombano,Temperatura,2004-01,-1.78,1488
8218,Collio S.Colombano,Temperatura,2004-02,0.56,1391
8218,Collio S.Colombano,Temperatura,2004-03,2.14,1488
8218,Collio S.Colombano,Temperatura,2004-04,6.85,1439
8218,Collio S.Colombano,Temperatura,2004-05,10.02,1488
8218,Collio S.Colombano,Temperatura,2004-06,15.08,1259
8218,Collio S.Colombano,Temperatura,2004-07,16.64,1440
8218,Collio S.Colombano,Temperatura,2004-08,16.94,1440
8218,Collio S.Colombano,Temperatura,2004-09,13.46,1440
8218,Collio S.Colombano,Temperatura,2004-10,10.28,1487
8218,Collio S.Colombano,Temperatura,2004-11,3.80,1439
8218,Collio S.Colombano,Temperatura,2004-12,-0.04,1343
8218,Collio S.Colombano,Temperatura,2005-01,-2.17,1488
8218,Collio S.Colombano,Temperatura,2005-02,-2.49,1338
8218,Collio S.Colombano,Temperatura,2005-03,2.69,1488
8218,Collio S.Colombano,Temperatura,2005-04,6.72,1440
8218,Collio S.Colombano,Temperatura,2005-05,12.85,1488
8218,Collio S.Colombano,Temperatura,2005-06,16.69,1302
8218,Collio S.Colombano,Temperatura,2005-07,17.60,1485
8218,Collio S.Colombano,Temperatura,2005-08,15.69,1488
8218,Collio S.Colombano,Temperatura,2005-09,13.43,1440
8218,Collio S.Colombano,Temperatura,2005-10,8.40,1488
8218,Collio S.Colombano,Temperatura,2005-11,2.17,1440
8218,Collio S.Colombano,Temperatura,2005-12,-2.96,1486
8218,Collio S.Colombano,Temperatura,2006-01,-3.16,1488
8218,Collio S.Colombano,Temperatura,2006-02,-1.03,1344
8218,Collio S.Colombano,Temperatura,2006-03,1.65,1488
8218,Collio S.Colombano,Temperatura,2006-04,7.61,1440
8218,Collio S.Colombano,Temperatura,2006-05,12.00,1488
8218,Collio S.Colombano,Temperatura,2006-06,16.19,1438
8218,Collio S.Colombano,Temperatura,2006-07,18.96,1488
8218,Collio S.Colombano,Temperatura,2006-08,14.74,1488
8218,Collio S.Colombano,Temperatura,2006-09,14.88,1440
8218,Collio S.Colombano,Temperatura,2006-10,10.27,1488
8218,Collio S.Colombano,Temperatura,2006-11,5.09,1440
8218,Collio S.Colombano,Temperatura,2006-12,1.31,1488
8218,Collio S.Colombano,Temperatura,2007-01,2.11,1488
8218,Collio S.Colombano,Temperatura,2007-02,2.96,1344
8218,Collio S.Colombano,Temperatura,2007-03,5.14,1488
8218,Collio S.Colombano,Temperatura,2007-04,11.25,1440
8218,Collio S.Colombano,Temperatura,2007-05,13.06,1488
8218,Collio S.Colombano,Temperatura,2007-06,15.77,1302
8218,Collio S.Colombano,Temperatura,2007-07,18.02,1488
8218,Collio S.Colombano,Temperatura,2007-08,16.40,1488
8218,Collio S.Colombano,Temperatura,2007-09,12.33,1437
8218,Collio S.Colombano,Temperatura,2007-10,8.70,1486
8218,Collio S.Colombano,Temperatura,2007-11,2.76,1440
8218,Collio S.Colombano,Temperatura,2007-12,-0.62,1485
8218,Collio S.Colombano,Temperatura,2008-01,1.16,1488
8218,Collio S.Colombano,Temperatura,2008-02,1.41,1392
8218,Collio S.Colombano,Temperatura,2008-03,3.80,1488
8218,Collio S.Colombano,Temperatura,2008-04,7.11,1440
8218,Collio S.Colombano,Temperatura,2008-05,12.33,1488
8218,Collio S.Colombano,Temperatura,2008-06,15.65,1440
8218,Collio S.Colombano,Temperatura,2008-07,17.55,1488
8218,Collio S.Colombano,Temperatura,2008-08,17.62,1488
8218,Collio S.Colombano,Temperatura,2008-09,12.14,1440
8218,Collio S.Colombano,Temperatura,2008-10,9.70,1488
8218,Collio S.Colombano,Temperatura,2008-11,3.70,1440
8218,Collio S.Colombano,Temperatura,2008-12,-0.11,1488
8218,Collio S.Colombano,Temperatura,2009-01,-1.14,1488
8218,Collio S.Colombano,Temperatura,2009-02,-0.04,1344
8218,Collio S.Colombano,Temperatura,2009-03,3.85,1488
8218,Collio S.Colombano,Temperatura,2009-04,8.70,1440
8218,Collio S.Colombano,Temperatura,2009-05,14.24,1488
8218,Collio S.Colombano,Temperatura,2009-06,15.59,1440
8218,Collio S.Colombano,Temperatura,2009-07,17.53,1488
8218,Collio S.Colombano,Temperatura,2009-08,18.74,1487
8218,Collio S.Colombano,Temperatura,2009-09,14.22,1440
8218,Collio S.Colombano,Temperatura,2009-10,8.51,1488
8218,Collio S.Colombano,Temperatura,2009-11,4.65,1440
8218,Collio S.Colombano,Temperatura,2009-12,-0.70,1488
8218,Collio S.Colombano,Temperatura,2010-01,-2.33,1487
8218,Collio S.Colombano,Temperatura,2010-02,-0.36,1344
8218,Collio S.Colombano,Temperatura,2010-03,2.96,1488
8218,Collio S.Colombano,Temperatura,2010-04,7.67,1440
8218,Collio S.Colombano,Temperatura,2010-05,11.46,1488
8218,Collio S.Colombano,Temperatura,2010-06,16.03,1440
8218,Collio S.Colombano,Temperatura,2010-07,18.81,1488
8218,Collio S.Colombano,Temperatura,2010-08,16.18,1488
8218,Collio S.Colombano,Temperatura,2010-09,12.38,1440
8218,Collio S.Colombano,Temperatura,2010-10,7.53,1488
8218,Collio S.Colombano,Temperatura,2010-11,3.90,1440
8218,Collio S.Colombano,Temperatura,2010-12,-1.97,1488
8218,Collio S.Colombano,Temperatura,2011-01,-4.20,1
8218,Collio S.Colombano,Temperatura,2011-01,-1.15,1282
8218,Collio S.Colombano,Temperatura,2011-02,1.78,1344
8218,Collio S.Colombano,Temperatura,2011-03,4.45,1488
8218,Collio S.Colombano,Temperatura,2011-04,10.74,1123
8218,Collio S.Colombano,Temperatura,2011-05,12.78,1488
8218,Collio S.Colombano,Temperatura,2011-06,15.22,1440
8218,Collio S.Colombano,Temperatura,2011-07,16.00,1488
8218,Collio S.Colombano,Temperatura,2011-08,18.13,3503
8218,Collio S.Colombano,Temperatura,2011-09,15.46,4309
8218,Collio S.Colombano,Temperatura,2011-10,8.72,4253
8218,Collio S.Colombano,Temperatura,2011-11,3.72,4284
8218,Collio S.Colombano,Temperatura,2011-12,0.41,4445
8218,Collio S.Colombano,Temperatura,2012-01,-1.00,4456
8218,Collio S.Colombano,Temperatura,2012-02,-2.64,4112
8218,Collio S.Colombano,Temperatura,2012-03,5.31,1957
8227,Paisco Loveno,Temperatura,2003-06,22.10,511
8227,Paisco Loveno,Temperatura,2003-07,20.65,3024
8227,Paisco Loveno,Temperatura,2003-08,22.60,4464
8227,Paisco Loveno,Temperatura,2003-09,15.46,3483
8227,Paisco Loveno,Temperatura,2003-10,7.44,1639
8227,Paisco Loveno,Temperatura,2003-11,5.13,1418
8227,Paisco Loveno,Temperatura,2003-12,2.30,1440
8227,Paisco Loveno,Temperatura,2004-01,-0.13,1488
8227,Paisco Loveno,Temperatura,2004-02,2.86,1391
8227,Paisco Loveno,Temperatura,2004-03,4.66,1488
8227,Paisco Loveno,Temperatura,2004-04,9.10,1440
8227,Paisco Loveno,Temperatura,2004-05,11.93,1488
8227,Paisco Loveno,Temperatura,2004-06,17.51,1259
8227,Paisco Loveno,Temperatura,2004-07,18.28,1440
8227,Paisco Loveno,Temperatura,2004-08,18.90,1440
8227,Paisco Loveno,Temperatura,2004-09,15.86,1439
8227,Paisco Loveno,Temperatura,2004-10,11.06,1439
8227,Paisco Loveno,Temperatura,2004-11,5.26,1438
8227,Paisco Loveno,Temperatura,2004-12,2.13,1344
8227,Paisco Loveno,Temperatura,2005-01,0.61,1488
8227,Paisco Loveno,Temperatura,2005-02,-0.24,1338
8227,Paisco Loveno,Temperatura,2005-03,5.57,1488
8227,Paisco Loveno,Temperatura,2005-04,8.80,1440
8227,Paisco Loveno,Temperatura,2005-05,14.73,1488
8227,Paisco Loveno,Temperatura,2005-06,18.21,1302
8227,Paisco Loveno,Temperatura,2005-07,19.22,1485
8227,Paisco Loveno,Temperatura,2005-08,17.12,1488
8227,Paisco Loveno,Temperatura,2005-09,15.00,1440
8227,Paisco Loveno,Temperatura,2005-10,9.83,1488
8227,Paisco Loveno,Temperatura,2005-11,3.66,1440
8227,Paisco Loveno,Temperatura,2005-12,-0.90,1486
8227,Paisco Loveno,Temperatura,2006-01,-0.87,1488
8227,Paisco Loveno,Temperatura,2006-02,0.93,1323
8227,Paisco Loveno,Temperatura,2006-03,3.76,1488
8227,Paisco Loveno,Temperatura,2006-04,9.94,1440
8227,Paisco Loveno,Temperatura,2006-05,13.76,1488
8227,Paisco Loveno,Temperatura,2006-06,18.53,1438
8227,Paisco Loveno,Temperatura,2006-07,21.36,1488
8227,Paisco Loveno,Temperatura,2006-08,16.14,1488
8227,Paisco Loveno,Temperatura,2006-09,16.93,1440
8227,Paisco Loveno,Temperatura,2006-10,12.09,1488
8227,Paisco Loveno,Temperatura,2006-11,6.76,1440
8227,Paisco Loveno,Temperatura,2006-12,3.06,1488
8227,Paisco Loveno,Temperatura,2007-01,4.08,1488
8227,Paisco Loveno,Temperatura,2007-02,4.92,1344
8227,Paisco Loveno,Temperatura,2007-03,7.59,1488
8227,Paisco Loveno,Temperatura,2007-04,13.91,1436
8227,Paisco Loveno,Temperatura,2007-05,15.08,1488
8227,Paisco Loveno,Temperatura,2007-06,17.41,1256
8227,Paisco Loveno,Temperatura,2007-07,20.26,1395
8227,Paisco Loveno,Temperatura,2007-08,17.68,1488
8227,Paisco Loveno,Temperatura,2007-09,14.08,1440
8227,Paisco Loveno,Temperatura,2007-10,10.55,1484
8227,Paisco Loveno,Temperatura,2007-11,4.13,1440
8227,Paisco Loveno,Temperatura,2007-12,1.71,1484
8227,Paisco Loveno,Temperatura,2008-01,2.94,1484
8227,Paisco Loveno,Temperatura,2008-02,3.64,1392
8227,Paisco Loveno,Temperatura,2008-03,5.75,1488
8227,Paisco Loveno,Temperatura,2008-04,8.70,1440
8227,Paisco Loveno,Temperatura,2008-05,14.25,1488
8227,Paisco Loveno,Temperatura,2008-06,17.63,1427
8227,Paisco Loveno,Temperatura,2008-07,18.94,1488
8227,Paisco Loveno,Temperatura,2008-08,19.30,1484
8227,Paisco Loveno,Temperatura,2008-09,13.66,1440
8227,Paisco Loveno,Temperatura,2008-10,11.03,1488
8227,Paisco Loveno,Temperatura,2008-11,4.70,1440
8227,Paisco Loveno,Temperatura,2008-12,1.62,1487
8227,Paisco Loveno,Temperatura,2009-01,0.42,1488
8227,Paisco Loveno,Temperatura,2009-02,1.90,1344
8227,Paisco Loveno,Temperatura,2009-03,6.34,1488
8227,Paisco Loveno,Temperatura,2009-04,10.89,1440
8227,Paisco Loveno,Temperatura,2009-05,16.70,1488
8227,Paisco Loveno,Temperatura,2009-06,17.58,1440
8227,Paisco Loveno,Temperatura,2009-07,19.44,1488
8227,Paisco Loveno,Temperatura,2009-08,20.88,1487
8227,Paisco Loveno,Temperatura,2009-09,16.27,1440
8227,Paisco Loveno,Temperatura,2009-10,10.63,1488
8227,Paisco Loveno,Temperatura,2009-11,5.96,1440
8227,Paisco Loveno,Temperatura,2009-12,0.47,1488
8227,Paisco Loveno,Temperatura,2010-01,-1.27,1487
8227,Paisco Loveno,Temperatura,2010-02,1.18,1344
8227,Paisco Loveno,Temperatura,2010-03,4.88,1488
8227,Paisco Loveno,Temperatura,2010-04,9.97,1440
8227,Paisco Loveno,Temperatura,2010-05,12.97,1488
8227,Paisco Loveno,Temperatura,2010-06,18.43,1440
8227,Paisco Loveno,Temperatura,2010-07,21.55,1488
8227,Paisco Loveno,Temperatura,2010-08,18.40,1488
8227,Paisco Loveno,Temperatura,2010-09,14.26,1440
8227,Paisco Loveno,Temperatura,2010-10,8.89,1488
8227,Paisco Loveno,Temperatura,2010-11,4.89,1440
8227,Paisco Loveno,Temperatura,2010-12,-0.62,1488
8227,Paisco Loveno,Temperatura,2011-01,-1.40,1
8227,Paisco Loveno,Temperatura,2011-01,0.86,1487
8227,Paisco Loveno,Temperatura,2011-02,4.03,1344
8227,Paisco Loveno,Temperatura,2011-03,6.29,1488
8227,Paisco Loveno,Temperatura,2011-04,13.10,1438
8227,Paisco Loveno,Temperatura,2011-05,15.33,1488
8227,Paisco Loveno,Temperatura,2011-06,16.80,1435
8227,Paisco Loveno,Temperatura,2011-07,17.77,1484
8227,Paisco Loveno,Temperatura,2011-08,20.26,1486
8227,Paisco Loveno,Temperatura,2011-09,17.47,1440
8227,Paisco Loveno,Temperatura,2011-10,10.56,1488
8227,Paisco Loveno,Temperatura,2011-11,5.75,2051
8227,Paisco Loveno,Temperatura,2011-12,2.58,4452
8227,Paisco Loveno,Temperatura,2012-01,1.50,4464
8227,Paisco Loveno,Temperatura,2012-02,0.25,4176
8227,Paisco Loveno,Temperatura,2012-03,10.05,4464
8227,Paisco Loveno,Temperatura,2012-04,8.60,4320
8227,Paisco Loveno,Temperatura,2012-05,13.96,4464
8227,Paisco Loveno,Temperatura,2012-06,18.67,4320
8227,Paisco Loveno,Temperatura,2012-07,19.39,4464
8227,Paisco Loveno,Temperatura,2012-08,20.83,4464
8227,Paisco Loveno,Temperatura,2012-09,15.20,4320
8227,Paisco Loveno,Temperatura,2012-10,10.57,4464
8227,Paisco Loveno,Temperatura,2012-11,5.97,4318
8227,Paisco Loveno,Temperatura,2012-12,0.83,4464
8227,Paisco Loveno,Temperatura,2013-01,1.89,4464
8227,Paisco Loveno,Temperatura,2013-02,0.37,4032
8227,Paisco Loveno,Temperatura,2013-03,3.85,4463
8227,Paisco Loveno,Temperatura,2013-04,9.96,4315
8227,Paisco Loveno,Temperatura,2013-05,11.85,4464
8227,Paisco Loveno,Temperatura,2013-06,17.06,4318
8227,Paisco Loveno,Temperatura,2013-07,20.71,4453
8227,Paisco Loveno,Temperatura,2013-08,19.61,4462
8227,Paisco Loveno,Temperatura,2013-09,15.89,4320
8227,Paisco Loveno,Temperatura,2013-10,10.86,4461
8227,Paisco Loveno,Temperatura,2013-11,5.43,4319
8227,Paisco Loveno,Temperatura,2013-12,4.08,4462
8227,Paisco Loveno,Temperatura,2014-01,2.68,4461
8227,Paisco Loveno,Temperatura,2014-02,3.52,4031
8227,Paisco Loveno,Temperatura,2014-03,8.47,4461
8227,Paisco Loveno,Temperatura,2014-04,11.68,4316
8227,Paisco Loveno,Temperatura,2014-05,13.54,4463
8227,Paisco Loveno,Temperatura,2014-06,17.34,4319
8227,Paisco Loveno,Temperatura,2014-07,17.77,4463
8227,Paisco Loveno,Temperatura,2014-08,16.65,4464
8227,Paisco Loveno,Temperatura,2014-09,15.28,4320
8227,Paisco Loveno,Temperatura,2014-10,12.20,4463
8227,Paisco Loveno,Temperatura,2014-11,7.83,4320
8227,Paisco Loveno,Temperatura,2014-12,3.68,4263
8227,Paisco Loveno,Temperatura,2015-01,2.44,4463
8227,Paisco Loveno,Temperatura,2015-02,2.53,4027
8227,Paisco Loveno,Temperatura,2015-03,7.00,4454
8227,Paisco Loveno,Temperatura,2015-04,11.23,4313
8227,Paisco Loveno,Temperatura,2015-05,14.71,4426
8227,Paisco Loveno,Temperatura,2015-06,17.77,4241
8227,Paisco Loveno,Temperatura,2015-07,22.33,4451
8227,Paisco Loveno,Temperatura,2015-08,19.77,4439
8227,Paisco Loveno,Temperatura,2015-09,14.06,4313
8227,Paisco Loveno,Temperatura,2015-10,9.97,4457
8227,Paisco Loveno,Temperatura,2015-11,8.32,4319
8227,Paisco Loveno,Temperatura,2015-12,4.86,4459
8227,Paisco Loveno,Temperatura,2016-01,1.33,4422
8227,Paisco Loveno,Temperatura,2016-02,3.97,4167
8227,Paisco Loveno,Temperatura,2016-03,6.12,4463
8227,Paisco Loveno,Temperatura,2016-04,10.76,4262
8227,Paisco Loveno,Temperatura,2016-05,12.70,4464
8227,Paisco Loveno,Temperatura,2016-06,16.41,4320
8227,Paisco Loveno,Temperatura,2016-07,19.46,4459
8227,Paisco Loveno,Temperatura,2016-08,18.27,4464
8227,Paisco Loveno,Temperatura,2016-09,16.62,4320
8227,Paisco Loveno,Temperatura,2016-10,9.55,4277
8227,Paisco Loveno,Temperatura,2016-11,5.49,4265
8227,Paisco Loveno,Temperatura,2016-12,4.81,4458
8227,Paisco Loveno,Temperatura,2017-01,-1.10,4457
8227,Paisco Loveno,Temperatura,2017-02,3.91,4026
8227,Paisco Loveno,Temperatura,2017-03,8.72,4434
8227,Paisco Loveno,Temperatura,2017-04,10.37,4308
8227,Paisco Loveno,Temperatura,2017-05,14.05,4464
8227,Paisco Loveno,Temperatura,2017-06,18.64,4320
8227,Paisco Loveno,Temperatura,2017-07,19.47,4463
8227,Paisco Loveno,Temperatura,2017-08,20.02,4464
8227,Paisco Loveno,Temperatura,2017-09,12.91,4224
8227,Paisco Loveno,Temperatura,2017-10,12.17,4457
8227,Paisco Loveno,Temperatura,2017-11,5.04,4320
8227,Paisco Loveno,Temperatura,2017-12,1.17,4464
8227,Paisco Loveno,Temperatura,2018-01,3.04,4464
8227,Paisco Loveno,Temperatura,2018-02,-0.53,4032
8227,Paisco Loveno,Temperatura,2018-03,3.69,4464
8227,Paisco Loveno,Temperatura,2018-04,12.02,4320
8227,Paisco Loveno,Temperatura,2018-05,13.88,4464
8227,Paisco Loveno,Temperatura,2018-06,18.05,4320
8227,Paisco Loveno,Temperatura,2018-07,19.48,4464
8227,Paisco Loveno,Temperatura,2018-08,19.46,4464
8227,Paisco Loveno,Temperatura,2018-09,16.62,4320
8227,Paisco Loveno,Temperatura,2018-10,12.40,4452
8227,Paisco Loveno,Temperatura,2018-11,6.62,4320
8227,Paisco Loveno,Temperatura,2018-12,3.09,4464
8227,Paisco Loveno,Temperatura,2019-01,1.38,4464
8227,Paisco Loveno,Temperatura,2019-02,5.63,4030
8227,Paisco Loveno,Temperatura,2019-03,7.76,4444
8227,Paisco Loveno,Temperatura,2019-04,9.09,4320
8227,Paisco Loveno,Temperatura,2019-05,10.90,4464
8227,Paisco Loveno,Temperatura,2019-06,19.70,4320
8227,Paisco Loveno,Temperatura,2019-07,20.10,4464
8227,Paisco Loveno,Temperatura,2019-08,19.59,4464
8227,Paisco Loveno,Temperatura,2019-09,15.36,4314
8227,Paisco Loveno,Temperatura,2019-10,11.70,4464
8227,Paisco Loveno,Temperatura,2019-11,5.29,4320
8227,Paisco Loveno,Temperatura,2019-12,3.41,4464
8227,Paisco Loveno,Temperatura,2020-01,3.17,4464
8227,Paisco Loveno,Temperatura,2020-02,5.47,4176
8227,Paisco Loveno,Temperatura,2020-03,5.31,4464
8227,Paisco Loveno,Temperatura,2020-04,11.15,4320
8227,Paisco Loveno,Temperatura,2020-05,13.85,4462
8227,Paisco Loveno,Temperatura,2020-06,16.08,4319
8227,Paisco Loveno,Temperatura,2020-07,19.06,4464
8227,Paisco Loveno,Temperatura,2020-08,19.04,4464
8227,Paisco Loveno,Temperatura,2020-09,15.55,4320
8227,Paisco Loveno,Temperatura,2020-10,9.18,4464
8227,Paisco Loveno,Temperatura,2020-11,6.84,4320
8227,Paisco Loveno,Temperatura,2020-12,1.79,4464
8227,Paisco Loveno,Temperatura,2021-01,-1.30,1
8227,Paisco Loveno,Temperatura,2021-01,-0.06,4463
8227,Paisco Loveno,Temperatura,2021-02,4.26,4032
8227,Paisco Loveno,Temperatura,2021-03,6.05,4463
8227,Paisco Loveno,Temperatura,2021-04,7.79,4320
8227,Paisco Loveno,Temperatura,2021-05,11.58,4464
8227,Paisco Loveno,Temperatura,2021-06,19.09,4320
8227,Paisco Loveno,Temperatura,2021-07,18.97,4464
8227,Paisco Loveno,Temperatura,2021-08,17.89,4463
8227,Paisco Loveno,Temperatura,2021-09,15.92,4305
8227,Paisco Loveno,Temperatura,2021-10,9.66,4462
8227,Paisco Loveno,Temperatura,2021-11,5.69,4319
8227,Paisco Loveno,Temperatura,2021-12,3.28,4464
8227,Paisco Loveno,Temperatura,2022-01,3.81,4459
8227,Paisco Loveno,Temperatura,2022-02,4.59,4032
8227,Paisco Loveno,Temperatura,2022-03,5.53,4464
8227,Paisco Loveno,Temperatura,2022-04,8.75,4320
8227,Paisco Loveno,Temperatura,2022-05,15.28,4429
8227,Paisco Loveno,Temperatura,2022-06,19.58,4320
8227,Paisco Loveno,Temperatura,2022-07,22.48,4464
8227,Paisco Loveno,Temperatura,2022-08,20.30,4463
8227,Paisco Loveno,Temperatura,2022-09,14.43,4320
8227,Paisco Loveno,Temperatura,2022-10,13.86,4464
8227,Paisco Loveno,Temperatura,2022-11,6.72,4319
8227,Paisco Loveno,Temperatura,2022-12,2.72,4462
8227,Paisco Loveno,Temperatura,2023-01,2.58,4460
8227,Paisco Loveno,Temperatura,2023-02,4.71,4031
8227,Paisco Loveno,Temperatura,2023-03,7.37,4464
8227,Paisco Loveno,Temperatura,2023-04,9.03,4320
8227,Paisco Loveno,Temperatura,2023-05,13.23,4464
8227,Paisco Loveno,Temperatura,2023-06,18.11,4319
8227,Paisco Loveno,Temperatura,2023-07,19.46,4463
8227,Paisco Loveno,Temperatura,2023-08,19.81,4462
8227,Paisco Loveno,Temperatura,2023-09,17.36,4319
8227,Paisco Loveno,Temperatura,2023-10,13.48,4464
8227,Paisco Loveno,Temperatura,2023-11,5.31,4314
8227,Paisco Loveno,Temperatura,2023-12,4.53,4463
8227,Paisco Loveno,Temperatura,2024-01,3.15,4458
8227,Paisco Loveno,Temperatura,2024-02,6.69,4176
8227,Paisco Loveno,Temperatura,2024-03,7.30,4463
8227,Paisco Loveno,Temperatura,2024-04,10.33,4320
8227,Paisco Loveno,Temperatura,2024-05,12.57,4459
8227,Paisco Loveno,Temperatura,2024-06,17.03,4317
8227,Paisco Loveno,Temperatura,2024-07,20.80,4464
8227,Paisco Loveno,Temperatura,2024-08,22.15,4464
8227,Paisco Loveno,Temperatura,2024-09,15.10,4320
8227,Paisco Loveno,Temperatura,2024-10,11.77,4464
8227,Paisco Loveno,Temperatura,2024-11,6.28,4320
8227,Paisco Loveno,Temperatura,2024-12,3.74,4464
8227,Paisco Loveno,Temperatura,2025-01,2.32,4463
8227,Paisco Loveno,Temperatura,2025-02,3.62,4032
8227,Paisco Loveno,Temperatura,2025-03,6.99,4464
8227,Paisco Loveno,Temperatura,2025-04,11.00,4320
8227,Paisco Loveno,Temperatura,2025-05,13.41,4463
8227,Paisco Loveno,Temperatura,2025-06,20.14,4320
8227,Paisco Loveno,Temperatura,2025-07,18.52,4464
8227,Paisco Loveno,Temperatura,2025-08,19.23,4462
8227,Paisco Loveno,Temperatura,2025-09,14.91,4320
8227,Paisco Loveno,Temperatura,2025-10,10.33,4464
8227,Paisco Loveno,Temperatura,2025-11,5.23,4319
8227,Paisco Loveno,Temperatura,2025-12,4.62,4464
8227,Paisco Loveno,Temperatura,2026-01,0.99,4462
8227,Paisco Loveno,Temperatura,2026-02,5.37,4018
8227,Paisco Loveno,Temperatura,2026-03,9.00,1
9009,Sarezzo Gardone,Temperatura,2004-01,2.71,1476
9009,Sarezzo Gardone,Temperatura,2004-02,4.36,1392
9009,Sarezzo Gardone,Temperatura,2004-03,6.90,1488
9009,Sarezzo Gardone,Temperatura,2004-04,11.57,1440
9009,Sarezzo Gardone,Temperatura,2004-05,14.25,1488
9009,Sarezzo Gardone,Temperatura,2004-06,19.81,1440
9009,Sarezzo Gardone,Temperatura,2004-07,21.33,1488
9009,Sarezzo Gardone,Temperatura,2004-08,21.10,794
9009,Sarezzo Gardone,Temperatura,2004-09,17.69,1397
9009,Sarezzo Gardone,Temperatura,2004-10,14.30,1480
9009,Sarezzo Gardone,Temperatura,2004-11,7.84,1437
9009,Sarezzo Gardone,Temperatura,2004-12,4.40,1483
9009,Sarezzo Gardone,Temperatura,2005-01,1.61,1440
9009,Sarezzo Gardone,Temperatura,2005-02,2.06,1344
9009,Sarezzo Gardone,Temperatura,2005-03,7.38,1488
9009,Sarezzo Gardone,Temperatura,2005-04,10.96,1435
9009,Sarezzo Gardone,Temperatura,2005-05,19.13,810
9009,Sarezzo Gardone,Temperatura,2005-06,21.29,1344
9009,Sarezzo Gardone,Temperatura,2005-07,23.25,1209
9009,Sarezzo Gardone,Temperatura,2005-08,20.06,1468
9009,Sarezzo Gardone,Temperatura,2005-09,17.97,1424
9009,Sarezzo Gardone,Temperatura,2005-10,12.85,1488
9009,Sarezzo Gardone,Temperatura,2005-11,6.98,1440
9009,Sarezzo Gardone,Temperatura,2005-12,2.25,1487
9009,Sarezzo Gardone,Temperatura,2006-01,1.15,886
9009,Sarezzo Gardone,Temperatura,2006-02,3.75,918
9009,Sarezzo Gardone,Temperatura,2006-03,7.30,1252
9009,Sarezzo Gardone,Temperatura,2006-04,12.32,1419
9009,Sarezzo Gardone,Temperatura,2006-05,16.29,1443
9009,Sarezzo Gardone,Temperatura,2006-06,20.94,1421
9009,Sarezzo Gardone,Temperatura,2006-07,23.97,1461
9009,Sarezzo Gardone,Temperatura,2006-08,19.17,1422
9009,Sarezzo Gardone,Temperatura,2006-09,19.00,1416
9009,Sarezzo Gardone,Temperatura,2006-10,14.41,1489
9009,Sarezzo Gardone,Temperatura,2006-11,9.07,1440
9009,Sarezzo Gardone,Temperatura,2006-12,7.71,234
9009,Sarezzo Gardone,Temperatura,2007-01,4.04,218
9009,Sarezzo Gardone,Temperatura,2007-02,7.26,1344
9009,Sarezzo Gardone,Temperatura,2007-03,9.57,1487
9009,Sarezzo Gardone,Temperatura,2007-04,10.87,161
9009,Sarezzo Gardone,Temperatura,2007-07,23.59,1261
9009,Sarezzo Gardone,Temperatura,2007-08,20.86,4318
9009,Sarezzo Gardone,Temperatura,2007-09,16.41,4224
9009,Sarezzo Gardone,Temperatura,2007-10,12.62,4416
9009,Sarezzo Gardone,Temperatura,2007-11,6.54,4274
9009,Sarezzo Gardone,Temperatura,2007-12,3.12,4447
9009,Sarezzo Gardone,Temperatura,2008-01,5.07,3286
9009,Sarezzo Gardone,Temperatura,2008-02,5.29,4151
9009,Sarezzo Gardone,Temperatura,2008-03,8.58,4463
9009,Sarezzo Gardone,Temperatura,2008-04,11.53,4319
9009,Sarezzo Gardone,Temperatura,2008-05,16.93,4463
9009,Sarezzo Gardone,Temperatura,2008-06,20.09,4320
9009,Sarezzo Gardone,Temperatura,2008-07,22.05,4391
9009,Sarezzo Gardone,Temperatura,2008-08,22.25,4464
9009,Sarezzo Gardone,Temperatura,2008-09,16.64,4320
9009,Sarezzo Gardone,Temperatura,2008-10,13.79,4464
9009,Sarezzo Gardone,Temperatura,2008-11,8.12,4318
9009,Sarezzo Gardone,Temperatura,2008-12,3.18,3530
9009,Sarezzo Gardone,Temperatura,2009-01,2.55,3949
9009,Sarezzo Gardone,Temperatura,2009-02,4.08,4032
9009,Sarezzo Gardone,Temperatura,2009-03,8.22,4463
9009,Sarezzo Gardone,Temperatura,2009-04,13.00,4320
9009,Sarezzo Gardone,Temperatura,2009-05,18.55,4464
9009,Sarezzo Gardone,Temperatura,2009-06,20.34,4319
9009,Sarezzo Gardone,Temperatura,2009-07,22.28,4462
9009,Sarezzo Gardone,Temperatura,2009-08,23.63,4464
9009,Sarezzo Gardone,Temperatura,2009-09,18.87,4320
9009,Sarezzo Gardone,Temperatura,2009-10,12.75,4463
9009,Sarezzo Gardone,Temperatura,2009-11,8.45,3989
9009,Sarezzo Gardone,Temperatura,2009-12,3.33,3452
9009,Sarezzo Gardone,Temperatura,2010-01,1.82,4051
9009,Sarezzo Gardone,Temperatura,2010-02,4.07,4032
9009,Sarezzo Gardone,Temperatura,2010-03,7.37,4464
9009,Sarezzo Gardone,Temperatura,2010-04,12.08,4320
9009,Sarezzo Gardone,Temperatura,2010-05,15.53,4464
9009,Sarezzo Gardone,Temperatura,2010-06,20.57,4320
9009,Sarezzo Gardone,Temperatura,2010-07,23.62,4464
9009,Sarezzo Gardone,Temperatura,2010-08,20.59,4464
9009,Sarezzo Gardone,Temperatura,2010-09,16.67,4320
9009,Sarezzo Gardone,Temperatura,2010-10,11.33,4278
9009,Sarezzo Gardone,Temperatura,2010-11,7.92,3663
9009,Sarezzo Gardone,Temperatura,2010-12,0.25,3338
9009,Sarezzo Gardone,Temperatura,2011-01,-0.90,1
9009,Sarezzo Gardone,Temperatura,2011-01,1.74,3430
9009,Sarezzo Gardone,Temperatura,2011-02,4.82,4032
9009,Sarezzo Gardone,Temperatura,2011-03,8.09,4464
9009,Sarezzo Gardone,Temperatura,2011-04,14.63,4320
9009,Sarezzo Gardone,Temperatura,2011-05,17.52,4463
9009,Sarezzo Gardone,Temperatura,2011-06,19.55,4306
9009,Sarezzo Gardone,Temperatura,2011-07,20.83,4463
9009,Sarezzo Gardone,Temperatura,2011-08,22.67,4446
9009,Sarezzo Gardone,Temperatura,2011-09,19.80,4320
9009,Sarezzo Gardone,Temperatura,2011-10,12.45,4463
9009,Sarezzo Gardone,Temperatura,2011-11,7.41,4320
9009,Sarezzo Gardone,Temperatura,2011-12,3.46,4463
9009,Sarezzo Gardone,Temperatura,2012-01,2.14,4464
9009,Sarezzo Gardone,Temperatura,2012-02,1.16,4176
9009,Sarezzo Gardone,Temperatura,2012-03,11.22,4464
9009,Sarezzo Gardone,Temperatura,2012-04,11.05,4320
9009,Sarezzo Gardone,Temperatura,2012-05,15.87,4464
9009,Sarezzo Gardone,Temperatura,2012-06,21.71,4320
9009,Sarezzo Gardone,Temperatura,2012-07,22.86,4464
9009,Sarezzo Gardone,Temperatura,2012-08,24.63,4460
9009,Sarezzo Gardone,Temperatura,2012-09,17.53,4320
9009,Sarezzo Gardone,Temperatura,2012-10,13.13,4464
9009,Sarezzo Gardone,Temperatura,2012-11,8.64,4284
9009,Sarezzo Gardone,Temperatura,2012-12,0.81,4456
9009,Sarezzo Gardone,Temperatura,2013-01,2.44,4449
9009,Sarezzo Gardone,Temperatura,2013-02,2.07,4025
9009,Sarezzo Gardone,Temperatura,2013-03,6.29,4458
9009,Sarezzo Gardone,Temperatura,2013-04,12.42,4313
9009,Sarezzo Gardone,Temperatura,2013-05,14.59,4451
9009,Sarezzo Gardone,Temperatura,2013-06,16.92,717
9013,Ponte di Legno Case Pirli,Temperatura,2004-01,-3.76,1485
9013,Ponte di Legno Case Pirli,Temperatura,2004-02,-0.52,1393
9013,Ponte di Legno Case Pirli,Temperatura,2004-03,-0.17,1480
9013,Ponte di Legno Case Pirli,Temperatura,2004-04,3.76,1439
9013,Ponte di Legno Case Pirli,Temperatura,2004-05,6.46,1488
9013,Ponte di Legno Case Pirli,Temperatura,2004-06,12.24,1280
9013,Ponte di Legno Case Pirli,Temperatura,2004-07,13.06,562
9013,Ponte di Legno Case Pirli,Temperatura,2004-08,13.81,735
9013,Ponte di Legno Case Pirli,Temperatura,2004-09,11.07,1025
9013,Ponte di Legno Case Pirli,Temperatura,2004-10,6.79,1461
9013,Ponte di Legno Case Pirli,Temperatura,2004-11,2.08,1440
9013,Ponte di Legno Case Pirli,Temperatura,2004-12,-0.10,1485
9013,Ponte di Legno Case Pirli,Temperatura,2005-01,-2.11,1440
9013,Ponte di Legno Case Pirli,Temperatura,2005-02,-5.37,1344
9013,Ponte di Legno Case Pirli,Temperatura,2005-03,0.24,1488
9013,Ponte di Legno Case Pirli,Temperatura,2005-04,3.55,1320
9013,Ponte di Legno Case Pirli,Temperatura,2005-05,9.03,1487
9013,Ponte di Legno Case Pirli,Temperatura,2005-06,11.19,1060
9013,Ponte di Legno Case Pirli,Temperatura,2005-07,15.23,774
9013,Ponte di Legno Case Pirli,Temperatura,2005-08,11.93,1479
9013,Ponte di Legno Case Pirli,Temperatura,2005-09,15.28,46
9013,Ponte di Legno Case Pirli,Temperatura,2005-10,6.96,1260
9013,Ponte di Legno Case Pirli,Temperatura,2005-11,0.50,1440
9013,Ponte di Legno Case Pirli,Temperatura,2005-12,-3.69,1479
9013,Ponte di Legno Case Pirli,Temperatura,2006-01,-3.95,1241
9013,Ponte di Legno Case Pirli,Temperatura,2006-02,-2.84,1331
9013,Ponte di Legno Case Pirli,Temperatura,2006-03,-1.74,1253
9013,Ponte di Legno Case Pirli,Temperatura,2006-04,4.13,1433
9013,Ponte di Legno Case Pirli,Temperatura,2006-05,8.26,1480
9013,Ponte di Legno Case Pirli,Temperatura,2006-06,12.94,1413
9013,Ponte di Legno Case Pirli,Temperatura,2006-07,15.99,1334
9013,Ponte di Legno Case Pirli,Temperatura,2006-08,10.05,1039
9013,Ponte di Legno Case Pirli,Temperatura,2006-09,12.27,1380
9013,Ponte di Legno Case Pirli,Temperatura,2006-10,8.29,1460
9013,Ponte di Legno Case Pirli,Temperatura,2006-11,3.79,1424
9013,Ponte di Legno Case Pirli,Temperatura,2006-12,1.54,1488
9013,Ponte di Legno Case Pirli,Temperatura,2007-01,1.05,1488
9013,Ponte di Legno Case Pirli,Temperatura,2007-02,0.63,1337
9013,Ponte di Legno Case Pirli,Temperatura,2007-03,1.79,1488
9013,Ponte di Legno Case Pirli,Temperatura,2007-04,8.04,1432
9013,Ponte di Legno Case Pirli,Temperatura,2007-05,9.28,1459
9013,Ponte di Legno Case Pirli,Temperatura,2007-06,12.05,1389
9013,Ponte di Legno Case Pirli,Temperatura,2007-07,16.13,926
9013,Ponte di Legno Case Pirli,Temperatura,2007-08,12.45,4452
9013,Ponte di Legno Case Pirli,Temperatura,2007-09,8.75,4310
9013,Ponte di Legno Case Pirli,Temperatura,2007-10,6.30,4411
9013,Ponte di Legno Case Pirli,Temperatura,2007-11,0.72,4316
9013,Ponte di Legno Case Pirli,Temperatura,2007-12,-1.00,4464
9013,Ponte di Legno Case Pirli,Temperatura,2008-01,-0.04,4464
9013,Ponte di Legno Case Pirli,Temperatura,2008-02,0.44,4176
9013,Ponte di Legno Case Pirli,Temperatura,2008-03,0.36,4464
9013,Ponte di Legno Case Pirli,Temperatura,2008-04,2.66,4320
9013,Ponte di Legno Case Pirli,Temperatura,2008-05,8.68,4464
9013,Ponte di Legno Case Pirli,Temperatura,2008-06,12.28,4320
9013,Ponte di Legno Case Pirli,Temperatura,2008-07,13.08,2661
9013,Ponte di Legno Case Pirli,Temperatura,2008-08,13.85,4461
9013,Ponte di Legno Case Pirli,Temperatura,2008-09,8.67,4320
9013,Ponte di Legno Case Pirli,Temperatura,2008-10,6.89,4464
9013,Ponte di Legno Case Pirli,Temperatura,2008-11,0.95,4320
9013,Ponte di Legno Case Pirli,Temperatura,2008-12,-1.63,4428
9013,Ponte di Legno Case Pirli,Temperatura,2009-01,-2.74,4451
9013,Ponte di Legno Case Pirli,Temperatura,2009-02,-3.01,4030
9013,Ponte di Legno Case Pirli,Temperatura,2009-03,0.56,4461
9013,Ponte di Legno Case Pirli,Temperatura,2009-04,5.51,4319
9013,Ponte di Legno Case Pirli,Temperatura,2009-05,10.75,4464
9013,Ponte di Legno Case Pirli,Temperatura,2009-06,11.63,4319
9013,Ponte di Legno Case Pirli,Temperatura,2009-07,13.45,3643
9013,Ponte di Legno Case Pirli,Temperatura,2009-08,15.31,4463
9013,Ponte di Legno Case Pirli,Temperatura,2009-09,10.97,4320
9013,Ponte di Legno Case Pirli,Temperatura,2009-10,5.97,4461
9013,Ponte di Legno Case Pirli,Temperatura,2009-11,2.60,4320
9013,Ponte di Legno Case Pirli,Temperatura,2009-12,-3.35,4462
9013,Ponte di Legno Case Pirli,Temperatura,2010-01,-4.42,4464
9013,Ponte di Legno Case Pirli,Temperatura,2010-02,-3.25,4032
9013,Ponte di Legno Case Pirli,Temperatura,2010-03,-0.56,4451
9013,Ponte di Legno Case Pirli,Temperatura,2010-04,4.37,4320
9013,Ponte di Legno Case Pirli,Temperatura,2010-05,6.88,4464
9013,Ponte di Legno Case Pirli,Temperatura,2010-06,12.28,4319
9013,Ponte di Legno Case Pirli,Temperatura,2010-07,15.49,4464
9013,Ponte di Legno Case Pirli,Temperatura,2010-08,12.56,1950
9013,Ponte di Legno Case Pirli,Temperatura,2010-09,9.03,4089
9013,Ponte di Legno Case Pirli,Temperatura,2010-10,4.67,4338
9013,Ponte di Legno Case Pirli,Temperatura,2010-11,0.56,4317
9013,Ponte di Legno Case Pirli,Temperatura,2010-12,-4.16,4461
9013,Ponte di Legno Case Pirli,Temperatura,2011-01,-1.90,1
9013,Ponte di Legno Case Pirli,Temperatura,2011-01,-2.21,4450
9013,Ponte di Legno Case Pirli,Temperatura,2011-02,0.43,4029
9013,Ponte di Legno Case Pirli,Temperatura,2011-03,1.81,4457
9013,Ponte di Legno Case Pirli,Temperatura,2011-04,7.00,4250
9013,Ponte di Legno Case Pirli,Temperatura,2011-05,9.51,4432
9013,Ponte di Legno Case Pirli,Temperatura,2011-06,11.41,4134
9013,Ponte di Legno Case Pirli,Temperatura,2011-11,3.43,1804
9013,Ponte di Legno Case Pirli,Temperatura,2011-12,-1.29,4463
9013,Ponte di Legno Case Pirli,Temperatura,2012-01,-2.26,4456
9013,Ponte di Legno Case Pirli,Temperatura,2012-02,-2.91,3825
9013,Ponte di Legno Case Pirli,Temperatura,2012-03,5.17,4464
9013,Ponte di Legno Case Pirli,Temperatura,2012-04,3.55,4320
9013,Ponte di Legno Case Pirli,Temperatura,2012-05,8.70,4464
9013,Ponte di Legno Case Pirli,Temperatura,2012-06,13.33,4320
9013,Ponte di Legno Case Pirli,Temperatura,2012-07,14.47,4464
9013,Ponte di Legno Case Pirli,Temperatura,2012-08,15.45,4464
9013,Ponte di Legno Case Pirli,Temperatura,2012-09,10.60,4319
9013,Ponte di Legno Case Pirli,Temperatura,2012-10,7.17,4464
9013,Ponte di Legno Case Pirli,Temperatura,2012-11,3.21,4320
9013,Ponte di Legno Case Pirli,Temperatura,2012-12,-2.78,4463
9013,Ponte di Legno Case Pirli,Temperatura,2013-01,-0.94,4457
9013,Ponte di Legno Case Pirli,Temperatura,2013-02,-4.24,4030
9013,Ponte di Legno Case Pirli,Temperatura,2013-03,-0.33,4463
9013,Ponte di Legno Case Pirli,Temperatura,2013-04,5.31,4308
9013,Ponte di Legno Case Pirli,Temperatura,2013-05,6.81,4461
9013,Ponte di Legno Case Pirli,Temperatura,2013-06,11.88,4317
9013,Ponte di Legno Case Pirli,Temperatura,2013-07,15.49,4461
9013,Ponte di Legno Case Pirli,Temperatura,2013-08,14.36,4458
9013,Ponte di Legno Case Pirli,Temperatura,2013-09,11.00,4313
9013,Ponte di Legno Case Pirli,Temperatura,2013-10,7.02,4462
9013,Ponte di Legno Case Pirli,Temperatura,2013-11,1.46,4317
9013,Ponte di Legno Case Pirli,Temperatura,2013-12,1.40,4460
9013,Ponte di Legno Case Pirli,Temperatura,2014-01,-1.07,4462
9013,Ponte di Legno Case Pirli,Temperatura,2014-02,-0.72,4031
9013,Ponte di Legno Case Pirli,Temperatura,2014-03,3.17,4462
9013,Ponte di Legno Case Pirli,Temperatura,2014-04,5.99,4319
9013,Ponte di Legno Case Pirli,Temperatura,2014-05,7.53,4461
9013,Ponte di Legno Case Pirli,Temperatura,2014-06,11.91,4317
9013,Ponte di Legno Case Pirli,Temperatura,2014-07,12.82,4462
9013,Ponte di Legno Case Pirli,Temperatura,2014-08,12.08,4461
9013,Ponte di Legno Case Pirli,Temperatura,2014-09,10.80,4318
9013,Ponte di Legno Case Pirli,Temperatura,2014-10,8.02,4462
9013,Ponte di Legno Case Pirli,Temperatura,2014-11,4.75,4319
9013,Ponte di Legno Case Pirli,Temperatura,2014-12,0.36,4461
9013,Ponte di Legno Case Pirli,Temperatura,2015-01,-0.91,4461
9013,Ponte di Legno Case Pirli,Temperatura,2015-02,-1.46,4022
9013,Ponte di Legno Case Pirli,Temperatura,2015-03,2.01,4454
9013,Ponte di Legno Case Pirli,Temperatura,2015-04,5.52,4296
9013,Ponte di Legno Case Pirli,Temperatura,2015-05,9.30,4456
9013,Ponte di Legno Case Pirli,Temperatura,2015-06,12.51,4261
9013,Ponte di Legno Case Pirli,Temperatura,2015-07,17.43,4451
9013,Ponte di Legno Case Pirli,Temperatura,2015-08,14.78,4364
9013,Ponte di Legno Case Pirli,Temperatura,2015-09,8.94,4318
9013,Ponte di Legno Case Pirli,Temperatura,2015-10,6.26,4449
9013,Ponte di Legno Case Pirli,Temperatura,2015-11,5.71,4314
9013,Ponte di Legno Case Pirli,Temperatura,2015-12,3.56,4416
9013,Ponte di Legno Case Pirli,Temperatura,2016-01,-1.80,4334
9013,Ponte di Legno Case Pirli,Temperatura,2016-02,0.14,4139
9013,Ponte di Legno Case Pirli,Temperatura,2016-03,1.22,4462
9013,Ponte di Legno Case Pirli,Temperatura,2016-04,5.47,4318
9013,Ponte di Legno Case Pirli,Temperatura,2016-05,7.45,4464
9013,Ponte di Legno Case Pirli,Temperatura,2016-06,11.45,4320
9013,Ponte di Legno Case Pirli,Temperatura,2016-07,14.61,4463
9013,Ponte di Legno Case Pirli,Temperatura,2016-08,13.85,4459
9013,Ponte di Legno Case Pirli,Temperatura,2016-09,11.91,4320
9013,Ponte di Legno Case Pirli,Temperatura,2016-10,5.63,4296
9013,Ponte di Legno Case Pirli,Temperatura,2016-11,1.74,4269
9013,Ponte di Legno Case Pirli,Temperatura,2016-12,2.66,4462
9013,Ponte di Legno Case Pirli,Temperatura,2017-01,-3.71,4464
9013,Ponte di Legno Case Pirli,Temperatura,2017-02,0.41,4020
9013,Ponte di Legno Case Pirli,Temperatura,2017-03,4.44,4434
9013,Ponte di Legno Case Pirli,Temperatura,2017-04,5.20,4320
9013,Ponte di Legno Case Pirli,Temperatura,2017-05,9.27,4464
9013,Ponte di Legno Case Pirli,Temperatura,2017-06,13.99,4313
9013,Ponte di Legno Case Pirli,Temperatura,2017-07,14.65,4463
9013,Ponte di Legno Case Pirli,Temperatura,2017-08,15.33,4464
9013,Ponte di Legno Case Pirli,Temperatura,2017-09,8.35,4320
9013,Ponte di Legno Case Pirli,Temperatura,2017-10,8.37,4458
9013,Ponte di Legno Case Pirli,Temperatura,2017-11,1.35,4320
9013,Ponte di Legno Case Pirli,Temperatura,2017-12,-2.51,4422
9013,Ponte di Legno Case Pirli,Temperatura,2018-01,-0.59,4464
9013,Ponte di Legno Case Pirli,Temperatura,2018-02,-4.32,4032
9013,Ponte di Legno Case Pirli,Temperatura,2018-03,-0.32,4464
9013,Ponte di Legno Case Pirli,Temperatura,2018-04,7.20,4320
9013,Ponte di Legno Case Pirli,Temperatura,2018-05,9.39,4464
9013,Ponte di Legno Case Pirli,Temperatura,2018-06,13.01,4320
9013,Ponte di Legno Case Pirli,Temperatura,2018-07,14.66,4464
9013,Ponte di Legno Case Pirli,Temperatura,2018-08,14.93,4451
9013,Ponte di Legno Case Pirli,Temperatura,2018-09,12.31,4319
9013,Ponte di Legno Case Pirli,Temperatura,2018-10,8.13,4451
9013,Ponte di Legno Case Pirli,Temperatura,2018-11,2.86,4293
9013,Ponte di Legno Case Pirli,Temperatura,2018-12,-0.06,4464
9013,Ponte di Legno Case Pirli,Temperatura,2019-01,-3.16,4464
9013,Ponte di Legno Case Pirli,Temperatura,2019-02,1.92,4031
9013,Ponte di Legno Case Pirli,Temperatura,2019-03,2.72,4464
9013,Ponte di Legno Case Pirli,Temperatura,2019-04,4.28,4319
9013,Ponte di Legno Case Pirli,Temperatura,2019-05,5.97,4463
9013,Ponte di Legno Case Pirli,Temperatura,2019-06,15.19,4320
9013,Ponte di Legno Case Pirli,Temperatura,2019-07,15.44,4463
9013,Ponte di Legno Case Pirli,Temperatura,2019-08,14.86,4410
9013,Ponte di Legno Case Pirli,Temperatura,2019-09,11.17,4319
9013,Ponte di Legno Case Pirli,Temperatura,2019-10,8.00,4464
9013,Ponte di Legno Case Pirli,Temperatura,2019-11,1.16,4134
9013,Ponte di Legno Case Pirli,Temperatura,2019-12,0.64,4464
9013,Ponte di Legno Case Pirli,Temperatura,2020-01,0.41,4464
9013,Ponte di Legno Case Pirli,Temperatura,2020-02,1.32,4176
9013,Ponte di Legno Case Pirli,Temperatura,2020-03,1.33,4464
9013,Ponte di Legno Case Pirli,Temperatura,2020-04,6.91,4320
9013,Ponte di Legno Case Pirli,Temperatura,2020-05,9.29,4464
9013,Ponte di Legno Case Pirli,Temperatura,2020-06,11.52,4320
9013,Ponte di Legno Case Pirli,Temperatura,2020-07,14.55,4462
9013,Ponte di Legno Case Pirli,Temperatura,2020-08,14.69,4464
9013,Ponte di Legno Case Pirli,Temperatura,2020-09,11.31,4320
9013,Ponte di Legno Case Pirli,Temperatura,2020-10,5.23,4463
9013,Ponte di Legno Case Pirli,Temperatura,2020-11,4.66,4320
9013,Ponte di Legno Case Pirli,Temperatura,2020-12,-1.60,4464
9013,Ponte di Legno Case Pirli,Temperatura,2021-01,-5.40,1
9013,Ponte di Legno Case Pirli,Temperatura,2021-01,-3.66,4463
9013,Ponte di Legno Case Pirli,Temperatura,2021-02,0.60,4032
9013,Ponte di Legno Case Pirli,Temperatura,2021-03,1.44,4461
9013,Ponte di Legno Case Pirli,Temperatura,2021-04,2.72,4320
9013,Ponte di Legno Case Pirli,Temperatura,2021-05,6.63,4464
9013,Ponte di Legno Case Pirli,Temperatura,2021-06,14.37,4320
9013,Ponte di Legno Case Pirli,Temperatura,2021-07,14.35,4464
9013,Ponte di Legno Case Pirli,Temperatura,2021-08,13.54,4463
9013,Ponte di Legno Case Pirli,Temperatura,2021-09,11.61,4320
9013,Ponte di Legno Case Pirli,Temperatura,2021-10,6.37,4451
9013,Ponte di Legno Case Pirli,Temperatura,2021-11,2.73,4320
9013,Ponte di Legno Case Pirli,Temperatura,2021-12,0.30,4464
9013,Ponte di Legno Case Pirli,Temperatura,2022-01,1.04,4458
9013,Ponte di Legno Case Pirli,Temperatura,2022-02,0.57,4032
9013,Ponte di Legno Case Pirli,Temperatura,2022-03,1.46,4464
9013,Ponte di Legno Case Pirli,Temperatura,2022-04,4.37,4320
9013,Ponte di Legno Case Pirli,Temperatura,2022-05,10.92,4464
9013,Ponte di Legno Case Pirli,Temperatura,2022-06,14.92,4320
9013,Ponte di Legno Case Pirli,Temperatura,2022-07,17.29,4464
9013,Ponte di Legno Case Pirli,Temperatura,2022-08,15.68,4464
9013,Ponte di Legno Case Pirli,Temperatura,2022-09,9.86,4320
9013,Ponte di Legno Case Pirli,Temperatura,2022-10,10.19,4464
9013,Ponte di Legno Case Pirli,Temperatura,2022-11,2.86,4320
9013,Ponte di Legno Case Pirli,Temperatura,2022-12,-0.37,4462
9013,Ponte di Legno Case Pirli,Temperatura,2023-01,-0.93,4458
9013,Ponte di Legno Case Pirli,Temperatura,2023-02,1.54,4031
9013,Ponte di Legno Case Pirli,Temperatura,2023-03,2.82,4464
9013,Ponte di Legno Case Pirli,Temperatura,2023-04,4.10,4320
9013,Ponte di Legno Case Pirli,Temperatura,2023-05,8.85,4464
9013,Ponte di Legno Case Pirli,Temperatura,2023-06,13.35,4316
9013,Ponte di Legno Case Pirli,Temperatura,2023-07,15.07,4464
9013,Ponte di Legno Case Pirli,Temperatura,2023-08,15.51,4413
9013,Ponte di Legno Case Pirli,Temperatura,2023-09,13.15,4320
9013,Ponte di Legno Case Pirli,Temperatura,2023-10,9.54,4464
9013,Ponte di Legno Case Pirli,Temperatura,2023-11,1.37,4320
9013,Ponte di Legno Case Pirli,Temperatura,2023-12,0.80,4462
9013,Ponte di Legno Case Pirli,Temperatura,2024-01,0.10,4460
9013,Ponte di Legno Case Pirli,Temperatura,2024-02,2.69,4175
9013,Ponte di Legno Case Pirli,Temperatura,2024-03,2.54,4460
9013,Ponte di Legno Case Pirli,Temperatura,2024-04,5.53,4320
9013,Ponte di Legno Case Pirli,Temperatura,2024-05,7.88,4461
9013,Ponte di Legno Case Pirli,Temperatura,2024-06,12.54,4318
9013,Ponte di Legno Case Pirli,Temperatura,2024-07,16.12,4464
9013,Ponte di Legno Case Pirli,Temperatura,2024-08,17.44,4464
9013,Ponte di Legno Case Pirli,Temperatura,2024-09,9.98,4320
9013,Ponte di Legno Case Pirli,Temperatura,2024-10,7.76,4464
9013,Ponte di Legno Case Pirli,Temperatura,2024-11,3.31,4319
9013,Ponte di Legno Case Pirli,Temperatura,2024-12,0.49,4463
9013,Ponte di Legno Case Pirli,Temperatura,2025-01,-0.99,4463
9013,Ponte di Legno Case Pirli,Temperatura,2025-02,0.03,4030
9013,Ponte di Legno Case Pirli,Temperatura,2025-03,2.38,4464
9013,Ponte di Legno Case Pirli,Temperatura,2025-04,6.13,4320
9013,Ponte di Legno Case Pirli,Temperatura,2025-05,8.55,4463
9013,Ponte di Legno Case Pirli,Temperatura,2025-06,15.69,4319
9013,Ponte di Legno Case Pirli,Temperatura,2025-07,13.65,4461
9013,Ponte di Legno Case Pirli,Temperatura,2025-08,14.66,4464
9013,Ponte di Legno Case Pirli,Temperatura,2025-09,10.75,4320
9013,Ponte di Legno Case Pirli,Temperatura,2025-10,6.10,4432
9013,Ponte di Legno Case Pirli,Temperatura,2025-11,1.70,4318
9013,Ponte di Legno Case Pirli,Temperatura,2025-12,1.75,4463
9013,Ponte di Legno Case Pirli,Temperatura,2026-01,-2.90,4463
9013,Ponte di Legno Case Pirli,Temperatura,2026-02,0.99,4032
9013,Ponte di Legno Case Pirli,Temperatura,2026-03,1.90,1
9014,Monno,Temperatura,2004-10,5.46,982
9014,Monno,Temperatura,2004-11,2.07,1429
9014,Monno,Temperatura,2004-12,-0.57,1477
9014,Monno,Temperatura,2005-01,-2.33,1206
9014,Monno,Temperatura,2005-02,-6.03,1321
9014,Monno,Temperatura,2005-03,-0.08,1469
9014,Monno,Temperatura,2005-04,3.23,1314
9014,Monno,Temperatura,2005-05,8.86,1473
9014,Monno,Temperatura,2005-06,12.31,1353
9014,Monno,Temperatura,2005-07,13.66,1459
9014,Monno,Temperatura,2005-08,11.70,1449
9014,Monno,Temperatura,2005-09,9.96,1412
9014,Monno,Temperatura,2005-10,6.25,1488
9014,Monno,Temperatura,2005-11,0.29,1440
9014,Monno,Temperatura,2005-12,-3.85,1488
9014,Monno,Temperatura,2006-01,-4.80,377
9014,Monno,Temperatura,2006-04,6.57,165
9014,Monno,Temperatura,2006-07,20.18,41
9014,Monno,Temperatura,2006-08,9.90,1005
9014,Monno,Temperatura,2006-09,11.69,1431
9014,Monno,Temperatura,2006-10,6.90,336
9014,Monno,Temperatura,2006-11,4.07,1374
9014,Monno,Temperatura,2006-12,1.07,1488
9014,Monno,Temperatura,2007-01,1.04,1488
9014,Monno,Temperatura,2007-02,0.61,1344
9014,Monno,Temperatura,2007-03,1.47,1488
9014,Monno,Temperatura,2007-04,7.36,1385
9014,Monno,Temperatura,2007-05,8.82,1386
9014,Monno,Temperatura,2007-06,11.46,1087
9014,Monno,Temperatura,2007-07,13.72,1270
9014,Monno,Temperatura,2007-08,12.29,4464
9014,Monno,Temperatura,2007-09,8.54,4317
9014,Monno,Temperatura,2007-10,7.62,76
9014,Monno,Temperatura,2007-11,-0.42,3627
9014,Monno,Temperatura,2007-12,-1.35,4464
9014,Monno,Temperatura,2008-01,0.03,4464
9014,Monno,Temperatura,2008-02,0.05,4176
9014,Monno,Temperatura,2008-03,-0.08,4461
9014,Monno,Temperatura,2008-04,2.44,4320
9014,Monno,Temperatura,2008-05,8.19,4464
9014,Monno,Temperatura,2008-06,12.01,4320
9014,Monno,Temperatura,2008-07,13.20,4464
9014,Monno,Temperatura,2008-08,13.58,4464
9014,Monno,Temperatura,2008-09,8.42,4320
9014,Monno,Temperatura,2008-10,6.46,4464
9014,Monno,Temperatura,2008-11,0.54,4316
9014,Monno,Temperatura,2008-12,-1.39,4464
9014,Monno,Temperatura,2009-01,-3.12,4462
9014,Monno,Temperatura,2009-02,-2.87,3820
9014,Monno,Temperatura,2009-03,0.39,4463
9014,Monno,Temperatura,2009-04,4.64,4318
9014,Monno,Temperatura,2009-05,10.27,4464
9014,Monno,Temperatura,2009-06,11.45,4319
9014,Monno,Temperatura,2009-07,13.49,4461
9014,Monno,Temperatura,2009-08,14.83,4464
9014,Monno,Temperatura,2009-09,10.41,4320
9014,Monno,Temperatura,2009-10,5.71,4464
9014,Monno,Temperatura,2009-11,2.31,4320
9014,Monno,Temperatura,2009-12,-3.46,4332
9014,Monno,Temperatura,2010-01,-4.92,4463
9014,Monno,Temperatura,2010-02,-3.79,4032
9014,Monno,Temperatura,2010-03,-1.01,4464
9014,Monno,Temperatura,2010-04,3.56,4320
9014,Monno,Temperatura,2010-05,5.03,3052
9014,Monno,Temperatura,2010-07,14.19,15
9014,Monno,Temperatura,2010-09,9.86,1813
9014,Monno,Temperatura,2010-10,2.36,2637
9014,Monno,Temperatura,2010-11,0.43,4320
9014,Monno,Temperatura,2010-12,-4.21,4462
9014,Monno,Temperatura,2011-01,-2.80,1
9014,Monno,Temperatura,2011-01,-2.54,4461
9014,Monno,Temperatura,2011-02,0.39,4031
9014,Monno,Temperatura,2011-03,1.07,4455
9014,Monno,Temperatura,2011-04,6.43,4319
9014,Monno,Temperatura,2011-05,9.06,4464
9014,Monno,Temperatura,2011-06,11.23,4237
9014,Monno,Temperatura,2011-07,11.71,4395
9014,Monno,Temperatura,2011-08,14.12,4463
9014,Monno,Temperatura,2011-09,11.67,4318
9014,Monno,Temperatura,2011-10,6.00,4464
9014,Monno,Temperatura,2011-11,3.21,4319
9014,Monno,Temperatura,2011-12,-1.21,4464
9014,Monno,Temperatura,2012-01,-1.89,4463
9014,Monno,Temperatura,2012-02,-3.92,4176
9014,Monno,Temperatura,2012-03,4.44,4463
9014,Monno,Temperatura,2012-04,2.67,4320
9014,Monno,Temperatura,2012-05,7.87,4464
9014,Monno,Temperatura,2012-06,12.59,4319
9014,Monno,Temperatura,2012-07,13.82,4462
9014,Monno,Temperatura,2012-08,14.64,4464
9014,Monno,Temperatura,2012-09,9.96,4320
9014,Monno,Temperatura,2012-10,5.91,4464
9014,Monno,Temperatura,2012-11,2.41,4320
9014,Monno,Temperatura,2012-12,-2.95,4463
9014,Monno,Temperatura,2013-01,-1.23,4461
9014,Monno,Temperatura,2013-02,-4.96,4031
9014,Monno,Temperatura,2013-03,-1.17,4463
9014,Monno,Temperatura,2013-04,4.24,4316
9014,Monno,Temperatura,2013-05,5.68,4457
9014,Monno,Temperatura,2013-06,10.74,4317
9014,Monno,Temperatura,2013-07,14.38,4460
9014,Monno,Temperatura,2013-08,13.51,4461
9014,Monno,Temperatura,2013-09,10.33,4317
9014,Monno,Temperatura,2013-10,6.27,4460
9014,Monno,Temperatura,2013-11,0.91,4317
9014,Monno,Temperatura,2013-12,0.85,4458
9014,Monno,Temperatura,2014-01,-1.31,4462
9014,Monno,Temperatura,2014-02,-1.09,4029
9014,Monno,Temperatura,2014-03,2.82,4462
9014,Monno,Temperatura,2014-04,4.98,4316
9014,Monno,Temperatura,2014-05,6.92,4462
9014,Monno,Temperatura,2014-06,11.24,4318
9014,Monno,Temperatura,2014-07,12.10,4462
9014,Monno,Temperatura,2014-08,11.05,4463
9014,Monno,Temperatura,2014-09,9.83,4317
9014,Monno,Temperatura,2014-10,7.36,4461
9014,Monno,Temperatura,2014-11,4.02,4319
9014,Monno,Temperatura,2014-12,0.13,4462
9014,Monno,Temperatura,2015-01,-1.13,4463
9014,Monno,Temperatura,2015-02,-2.08,4030
9014,Monno,Temperatura,2015-03,1.23,4449
9014,Monno,Temperatura,2015-04,4.71,4282
9014,Monno,Temperatura,2015-05,8.83,4357
9014,Monno,Temperatura,2015-06,12.27,4234
9014,Monno,Temperatura,2015-07,16.72,4458
9014,Monno,Temperatura,2015-08,14.03,4419
9014,Monno,Temperatura,2015-09,8.32,4317
9014,Monno,Temperatura,2015-10,5.67,4454
9014,Monno,Temperatura,2015-11,5.11,4317
9014,Monno,Temperatura,2015-12,2.71,4458
9014,Monno,Temperatura,2016-01,-2.01,4443
9014,Monno,Temperatura,2016-02,-0.33,4169
9014,Monno,Temperatura,2016-03,0.14,4463
9014,Monno,Temperatura,2016-04,4.59,4317
9014,Monno,Temperatura,2016-05,6.76,4464
9014,Monno,Temperatura,2016-06,10.74,4320
9014,Monno,Temperatura,2016-07,14.36,4463
9014,Monno,Temperatura,2016-08,13.32,4464
9014,Monno,Temperatura,2016-09,11.15,4320
9014,Monno,Temperatura,2016-10,5.09,4233
9014,Monno,Temperatura,2016-11,1.34,4277
9014,Monno,Temperatura,2016-12,2.06,4461
9014,Monno,Temperatura,2017-01,-4.16,4464
9014,Monno,Temperatura,2017-02,-0.04,4020
9014,Monno,Temperatura,2017-03,3.84,4422
9014,Monno,Temperatura,2017-04,4.40,4320
9014,Monno,Temperatura,2017-05,8.59,4463
9014,Monno,Temperatura,2017-06,13.64,4319
9014,Monno,Temperatura,2017-07,14.19,4464
9014,Monno,Temperatura,2017-08,14.86,4464
9014,Monno,Temperatura,2017-09,7.75,4319
9014,Monno,Temperatura,2017-10,7.84,4458
9014,Monno,Temperatura,2017-11,0.73,4320
9014,Monno,Temperatura,2017-12,-2.39,4464
9014,Monno,Temperatura,2018-01,-0.71,4463
9014,Monno,Temperatura,2018-02,-5.02,4031
9014,Monno,Temperatura,2018-03,-0.87,4463
9014,Monno,Temperatura,2018-04,6.12,4320
9014,Monno,Temperatura,2018-05,8.78,4206
9014,Monno,Temperatura,2018-06,12.63,4320
9014,Monno,Temperatura,2018-07,14.65,4464
9014,Monno,Temperatura,2018-08,14.52,4463
9014,Monno,Temperatura,2018-09,11.64,4320
9014,Monno,Temperatura,2018-10,7.72,4451
9014,Monno,Temperatura,2018-11,2.12,4320
9014,Monno,Temperatura,2018-12,-0.32,4464
9014,Monno,Temperatura,2019-01,-3.50,4458
9014,Monno,Temperatura,2019-02,2.08,4031
9014,Monno,Temperatura,2019-03,1.96,4464
9014,Monno,Temperatura,2019-04,3.61,4319
9014,Monno,Temperatura,2019-05,5.32,4464
9014,Monno,Temperatura,2019-06,14.75,4319
9014,Monno,Temperatura,2019-07,14.75,4464
9014,Monno,Temperatura,2019-08,14.37,4464
9014,Monno,Temperatura,2019-09,10.51,4320
9014,Monno,Temperatura,2019-10,7.46,4464
9014,Monno,Temperatura,2019-11,0.69,4320
9014,Monno,Temperatura,2019-12,0.42,4464
9014,Monno,Temperatura,2020-01,-0.25,4464
9014,Monno,Temperatura,2020-02,0.76,4176
9014,Monno,Temperatura,2020-03,0.56,4464
9014,Monno,Temperatura,2020-04,5.90,4320
9014,Monno,Temperatura,2020-05,8.88,4464
9014,Monno,Temperatura,2020-06,11.04,4320
9014,Monno,Temperatura,2020-07,14.34,4464
9014,Monno,Temperatura,2020-08,14.19,4464
9014,Monno,Temperatura,2020-09,10.81,4320
9014,Monno,Temperatura,2020-10,4.64,4463
9014,Monno,Temperatura,2020-11,3.82,4319
9014,Monno,Temperatura,2020-12,-1.96,4464
9014,Monno,Temperatura,2021-01,-5.90,1
9014,Monno,Temperatura,2021-01,-3.97,4461
9014,Monno,Temperatura,2021-02,0.50,4032
9014,Monno,Temperatura,2021-03,0.53,4464
9014,Monno,Temperatura,2021-04,1.74,4320
9014,Monno,Temperatura,2021-05,6.22,4464
9014,Monno,Temperatura,2021-06,13.60,4319
9014,Monno,Temperatura,2021-07,14.04,4464
9014,Monno,Temperatura,2021-08,13.10,4462
9014,Monno,Temperatura,2021-09,11.07,4320
9014,Monno,Temperatura,2021-10,5.79,4463
9014,Monno,Temperatura,2021-11,1.91,4320
9014,Monno,Temperatura,2021-12,0.18,4464
9014,Monno,Temperatura,2022-01,0.73,4459
9014,Monno,Temperatura,2022-02,-0.05,4032
9014,Monno,Temperatura,2022-03,0.41,4463
9014,Monno,Temperatura,2022-04,3.54,4320
9014,Monno,Temperatura,2022-05,10.21,4464
9014,Monno,Temperatura,2022-06,14.49,4320
9014,Monno,Temperatura,2022-07,16.77,4463
9014,Monno,Temperatura,2022-08,15.04,4464
9014,Monno,Temperatura,2022-09,9.22,4320
9014,Monno,Temperatura,2022-10,9.56,4464
9014,Monno,Temperatura,2022-11,2.31,4319
9014,Monno,Temperatura,2022-12,-0.85,4461
9014,Monno,Temperatura,2023-01,-1.46,4459
9014,Monno,Temperatura,2023-02,0.92,4031
9014,Monno,Temperatura,2023-03,2.02,4464
9014,Monno,Temperatura,2023-04,3.27,4320
9014,Monno,Temperatura,2023-05,8.22,4464
9014,Monno,Temperatura,2023-06,13.05,4318
9014,Monno,Temperatura,2023-07,14.78,4463
9014,Monno,Temperatura,2023-08,14.98,4409
9014,Monno,Temperatura,2023-09,12.44,4320
9014,Monno,Temperatura,2023-10,8.94,4464
9014,Monno,Temperatura,2023-11,1.11,4255
9014,Monno,Temperatura,2023-12,1.20,4463
9014,Monno,Temperatura,2024-01,-0.10,4459
9014,Monno,Temperatura,2024-02,2.52,4176
9014,Monno,Temperatura,2024-03,2.23,4463
9014,Monno,Temperatura,2024-04,4.97,4320
9014,Monno,Temperatura,2024-05,7.22,4460
9014,Monno,Temperatura,2024-06,12.02,4319
9014,Monno,Temperatura,2024-07,15.71,4460
9014,Monno,Temperatura,2024-08,16.80,4464
9014,Monno,Temperatura,2024-09,9.51,4319
9014,Monno,Temperatura,2024-10,7.34,4463
9014,Monno,Temperatura,2024-11,2.69,4320
9014,Monno,Temperatura,2024-12,0.15,4464
9014,Monno,Temperatura,2025-01,-1.16,4462
9014,Monno,Temperatura,2025-02,-0.26,4032
9014,Monno,Temperatura,2025-03,1.76,4463
9014,Monno,Temperatura,2025-04,5.57,4320
9014,Monno,Temperatura,2025-05,7.97,4464
9014,Monno,Temperatura,2025-06,15.32,4320
9014,Monno,Temperatura,2025-07,13.47,4464
9014,Monno,Temperatura,2025-08,14.30,4464
9014,Monno,Temperatura,2025-09,10.15,4320
9014,Monno,Temperatura,2025-10,5.77,4462
9014,Monno,Temperatura,2025-11,1.34,4319
9014,Monno,Temperatura,2025-12,1.26,4463
9014,Monno,Temperatura,2026-01,-3.28,4464
9014,Monno,Temperatura,2026-02,0.84,4032
9014,Monno,Temperatura,2026-03,1.70,1
91064,Saviore dell'Adamello Valle UR01,Temperatura,2022-02,3.17,3638
91064,Saviore dell'Adamello Valle UR01,Temperatura,2022-03,4.41,4461
91064,Saviore dell'Adamello Valle UR01,Temperatura,2022-04,7.75,4319
91064,Saviore dell'Adamello Valle UR01,Temperatura,2022-05,14.59,4462
91064,Saviore dell'Adamello Valle UR01,Temperatura,2022-06,18.78,4319
91064,Saviore dell'Adamello Valle UR01,Temperatura,2022-07,21.56,4464
91064,Saviore dell'Adamello Valle UR01,Temperatura,2022-08,19.74,4252
91064,Saviore dell'Adamello Valle UR01,Temperatura,2022-09,13.72,4320
91064,Saviore dell'Adamello Valle UR01,Temperatura,2022-10,13.08,4464
91064,Saviore dell'Adamello Valle UR01,Temperatura,2022-11,5.60,4319
91064,Saviore dell'Adamello Valle UR01,Temperatura,2022-12,2.21,4462
91064,Saviore dell'Adamello Valle UR01,Temperatura,2023-01,1.75,4204
91064,Saviore dell'Adamello Valle UR01,Temperatura,2023-02,3.64,4032
91064,Saviore dell'Adamello Valle UR01,Temperatura,2023-03,6.29,4462
91064,Saviore dell'Adamello Valle UR01,Temperatura,2023-04,7.87,4319
91064,Saviore dell'Adamello Valle UR01,Temperatura,2023-05,12.19,4323
91064,Saviore dell'Adamello Valle UR01,Temperatura,2023-06,17.23,4317
91064,Saviore dell'Adamello Valle UR01,Temperatura,2023-07,18.90,4463
91064,Saviore dell'Adamello Valle UR01,Temperatura,2023-08,18.99,4455
91064,Saviore dell'Adamello Valle UR01,Temperatura,2023-09,16.37,4320
91064,Saviore dell'Adamello Valle UR01,Temperatura,2023-10,12.54,4464
91064,Saviore dell'Adamello Valle UR01,Temperatura,2023-11,4.35,4319
91064,Saviore dell'Adamello Valle UR01,Temperatura,2023-12,3.89,4463
91064,Saviore dell'Adamello Valle UR01,Temperatura,2024-01,2.54,4464
91064,Saviore dell'Adamello Valle UR01,Temperatura,2024-02,5.86,4175
91064,Saviore dell'Adamello Valle UR01,Temperatura,2024-03,6.40,4464
91064,Saviore dell'Adamello Valle UR01,Temperatura,2024-04,9.31,4319
91064,Saviore dell'Adamello Valle UR01,Temperatura,2024-05,11.47,4462
91064,Saviore dell'Adamello Valle UR01,Temperatura,2024-06,16.05,4320
91064,Saviore dell'Adamello Valle UR01,Temperatura,2024-07,20.00,4463
91064,Saviore dell'Adamello Valle UR01,Temperatura,2024-08,21.11,4464
91064,Saviore dell'Adamello Valle UR01,Temperatura,2024-09,13.84,4320
91064,Saviore dell'Adamello Valle UR01,Temperatura,2024-10,10.88,4464
91064,Saviore dell'Adamello Valle UR01,Temperatura,2024-11,5.24,4319
91064,Saviore dell'Adamello Valle UR01,Temperatura,2024-12,2.55,4462
91064,Saviore dell'Adamello Valle UR01,Temperatura,2025-01,1.59,4338
91064,Saviore dell'Adamello Valle UR01,Temperatura,2025-02,2.53,4031
91064,Saviore dell'Adamello Valle UR01,Temperatura,2025-03,5.89,4461
91064,Saviore dell'Adamello Valle UR01,Temperatura,2025-04,9.83,4320
91064,Saviore dell'Adamello Valle UR01,Temperatura,2025-05,12.39,4461
91064,Saviore dell'Adamello Valle UR01,Temperatura,2025-06,19.48,4318
91064,Saviore dell'Adamello Valle UR01,Temperatura,2025-07,17.67,4461
91064,Saviore dell'Adamello Valle UR01,Temperatura,2025-08,18.57,4313
91064,Saviore dell'Adamello Valle UR01,Temperatura,2025-09,14.19,4320
91064,Saviore dell'Adamello Valle UR01,Temperatura,2025-10,9.48,4361
91064,Saviore dell'Adamello Valle UR01,Temperatura,2025-11,4.16,4314
91064,Saviore dell'Adamello Valle UR01,Temperatura,2025-12,3.88,4464
91064,Saviore dell'Adamello Valle UR01,Temperatura,2026-01,0.19,4463
91064,Saviore dell'Adamello Valle UR01,Temperatura,2026-02,4.05,4030
91064,Saviore dell'Adamello Valle UR01,Temperatura,2026-03,6.66,1
