codice_istat,comune,anno,indicatore,valore
017001,Acquafredda,2018,famiglie,605
017001,Acquafredda,2019,famiglie,603
017001,Acquafredda,2020,famiglie,615
017001,Acquafredda,2021,famiglie,620
017001,Acquafredda,2022,famiglie,617
017001,Acquafredda,2023,famiglie,627
017001,Acquafredda,2024,famiglie,628
017001,Acquafredda,2019,popolazione_in_convivenza,3
017001,Acquafredda,2020,popolazione_in_convivenza,2
017001,Acquafredda,2018,popolazione_in_famiglia,1521
017001,Acquafredda,2019,popolazione_in_famiglia,1501
017001,Acquafredda,2020,popolazione_in_famiglia,1511
017001,Acquafredda,2021,popolazione_in_famiglia,1518
017001,Acquafredda,2022,popolazione_in_famiglia,1525
017001,Acquafredda,2023,popolazione_in_famiglia,1550
017001,Acquafredda,2024,popolazione_in_famiglia,1545
017001,Acquafredda,2018,popolazione_residente,1521
017001,Acquafredda,2019,popolazione_residente,1504
017001,Acquafredda,2020,popolazione_residente,1513
017001,Acquafredda,2021,popolazione_residente,1518
017001,Acquafredda,2022,popolazione_residente,1525
017001,Acquafredda,2023,popolazione_residente,1550
017001,Acquafredda,2024,popolazione_residente,1545
017002,Adro,2018,famiglie,2900
017002,Adro,2019,famiglie,2923
017002,Adro,2020,famiglie,2924
017002,Adro,2021,famiglie,2933
017002,Adro,2022,famiglie,2953
017002,Adro,2023,famiglie,2975
017002,Adro,2024,famiglie,2997
017002,Adro,2018,popolazione_in_convivenza,73
017002,Adro,2019,popolazione_in_convivenza,80
017002,Adro,2020,popolazione_in_convivenza,66
017002,Adro,2021,popolazione_in_convivenza,64
017002,Adro,2022,popolazione_in_convivenza,62
017002,Adro,2023,popolazione_in_convivenza,68
017002,Adro,2024,popolazione_in_convivenza,56
017002,Adro,2018,popolazione_in_famiglia,7053
017002,Adro,2019,popolazione_in_famiglia,7115
017002,Adro,2020,popolazione_in_famiglia,7065
017002,Adro,2021,popolazione_in_famiglia,7107
017002,Adro,2022,popolazione_in_famiglia,7089
017002,Adro,2023,popolazione_in_famiglia,7083
017002,Adro,2024,popolazione_in_famiglia,7090
017002,Adro,2018,popolazione_residente,7126
017002,Adro,2019,popolazione_residente,7195
017002,Adro,2020,popolazione_residente,7131
017002,Adro,2021,popolazione_residente,7171
017002,Adro,2022,popolazione_residente,7151
017002,Adro,2023,popolazione_residente,7151
017002,Adro,2024,popolazione_residente,7146
017003,Agnosine,2018,famiglie,728
017003,Agnosine,2019,famiglie,723
017003,Agnosine,2020,famiglie,719
017003,Agnosine,2021,famiglie,713
017003,Agnosine,2022,famiglie,717
017003,Agnosine,2023,famiglie,721
017003,Agnosine,2024,famiglie,727
017003,Agnosine,2018,popolazione_in_convivenza,2
017003,Agnosine,2018,popolazione_in_famiglia,1693
017003,Agnosine,2019,popolazione_in_famiglia,1671
017003,Agnosine,2020,popolazione_in_famiglia,1636
017003,Agnosine,2021,popolazione_in_famiglia,1622
017003,Agnosine,2022,popolazione_in_famiglia,1654
017003,Agnosine,2023,popolazione_in_famiglia,1638
017003,Agnosine,2024,popolazione_in_famiglia,1639
017003,Agnosine,2018,popolazione_residente,1695
017003,Agnosine,2019,popolazione_residente,1671
017003,Agnosine,2020,popolazione_residente,1636
017003,Agnosine,2021,popolazione_residente,1622
017003,Agnosine,2022,popolazione_residente,1654
017003,Agnosine,2023,popolazione_residente,1638
017003,Agnosine,2024,popolazione_residente,1639
017004,Alfianello,2018,famiglie,948
017004,Alfianello,2019,famiglie,947
017004,Alfianello,2020,famiglie,954
017004,Alfianello,2021,famiglie,945
017004,Alfianello,2022,famiglie,928
017004,Alfianello,2023,famiglie,929
017004,Alfianello,2024,famiglie,942
017004,Alfianello,2018,popolazione_in_convivenza,23
017004,Alfianello,2019,popolazione_in_convivenza,23
017004,Alfianello,2020,popolazione_in_convivenza,19
017004,Alfianello,2021,popolazione_in_convivenza,12
017004,Alfianello,2022,popolazione_in_convivenza,14
017004,Alfianello,2023,popolazione_in_convivenza,7
017004,Alfianello,2024,popolazione_in_convivenza,8
017004,Alfianello,2018,popolazione_in_famiglia,2405
017004,Alfianello,2019,popolazione_in_famiglia,2383
017004,Alfianello,2020,popolazione_in_famiglia,2377
017004,Alfianello,2021,popolazione_in_famiglia,2360
017004,Alfianello,2022,popolazione_in_famiglia,2317
017004,Alfianello,2023,popolazione_in_famiglia,2274
017004,Alfianello,2024,popolazione_in_famiglia,2296
017004,Alfianello,2018,popolazione_residente,2428
017004,Alfianello,2019,popolazione_residente,2406
017004,Alfianello,2020,popolazione_residente,2396
017004,Alfianello,2021,popolazione_residente,2372
017004,Alfianello,2022,popolazione_residente,2331
017004,Alfianello,2023,popolazione_residente,2281
017004,Alfianello,2024,popolazione_residente,2304
017005,Anfo,2018,famiglie,221
017005,Anfo,2019,famiglie,220
017005,Anfo,2020,famiglie,218
017005,Anfo,2021,famiglie,225
017005,Anfo,2022,famiglie,223
017005,Anfo,2023,famiglie,226
017005,Anfo,2024,famiglie,227
017005,Anfo,2018,popolazione_in_convivenza,20
017005,Anfo,2019,popolazione_in_convivenza,13
017005,Anfo,2018,popolazione_in_famiglia,462
017005,Anfo,2019,popolazione_in_famiglia,451
017005,Anfo,2020,popolazione_in_famiglia,444
017005,Anfo,2021,popolazione_in_famiglia,450
017005,Anfo,2022,popolazione_in_famiglia,447
017005,Anfo,2023,popolazione_in_famiglia,438
017005,Anfo,2024,popolazione_in_famiglia,436
017005,Anfo,2018,popolazione_residente,482
017005,Anfo,2019,popolazione_residente,464
017005,Anfo,2020,popolazione_residente,444
017005,Anfo,2021,popolazione_residente,450
017005,Anfo,2022,popolazione_residente,447
017005,Anfo,2023,popolazione_residente,438
017005,Anfo,2024,popolazione_residente,436
017006,Angolo Terme,2018,famiglie,1066
017006,Angolo Terme,2019,famiglie,1060
017006,Angolo Terme,2020,famiglie,1070
017006,Angolo Terme,2021,famiglie,1055
017006,Angolo Terme,2022,famiglie,1062
017006,Angolo Terme,2023,famiglie,1066
017006,Angolo Terme,2024,famiglie,1089
017006,Angolo Terme,2018,popolazione_in_convivenza,2
017006,Angolo Terme,2019,popolazione_in_convivenza,2
017006,Angolo Terme,2018,popolazione_in_famiglia,2351
017006,Angolo Terme,2019,popolazione_in_famiglia,2341
017006,Angolo Terme,2020,popolazione_in_famiglia,2338
017006,Angolo Terme,2021,popolazione_in_famiglia,2309
017006,Angolo Terme,2022,popolazione_in_famiglia,2306
017006,Angolo Terme,2023,popolazione_in_famiglia,2295
017006,Angolo Terme,2024,popolazione_in_famiglia,2338
017006,Angolo Terme,2018,popolazione_residente,2353
017006,Angolo Terme,2019,popolazione_residente,2343
017006,Angolo Terme,2020,popolazione_residente,2338
017006,Angolo Terme,2021,popolazione_residente,2309
017006,Angolo Terme,2022,popolazione_residente,2306
017006,Angolo Terme,2023,popolazione_residente,2295
017006,Angolo Terme,2024,popolazione_residente,2338
017007,Artogne,2018,famiglie,1483
017007,Artogne,2019,famiglie,1503
017007,Artogne,2020,famiglie,1548
017007,Artogne,2021,famiglie,1547
017007,Artogne,2022,famiglie,1570
017007,Artogne,2023,famiglie,1589
017007,Artogne,2024,famiglie,1627
017007,Artogne,2018,popolazione_in_convivenza,11
017007,Artogne,2019,popolazione_in_convivenza,14
017007,Artogne,2020,popolazione_in_convivenza,29
017007,Artogne,2021,popolazione_in_convivenza,31
017007,Artogne,2022,popolazione_in_convivenza,30
017007,Artogne,2023,popolazione_in_convivenza,30
017007,Artogne,2024,popolazione_in_convivenza,29
017007,Artogne,2018,popolazione_in_famiglia,3526
017007,Artogne,2019,popolazione_in_famiglia,3539
017007,Artogne,2020,popolazione_in_famiglia,3564
017007,Artogne,2021,popolazione_in_famiglia,3536
017007,Artogne,2022,popolazione_in_famiglia,3552
017007,Artogne,2023,popolazione_in_famiglia,3591
017007,Artogne,2024,popolazione_in_famiglia,3642
017007,Artogne,2018,popolazione_residente,3537
017007,Artogne,2019,popolazione_residente,3553
017007,Artogne,2020,popolazione_residente,3593
017007,Artogne,2021,popolazione_residente,3567
017007,Artogne,2022,popolazione_residente,3582
017007,Artogne,2023,popolazione_residente,3621
017007,Artogne,2024,popolazione_residente,3671
017008,Azzano Mella,2018,famiglie,1280
017008,Azzano Mella,2019,famiglie,1306
017008,Azzano Mella,2020,famiglie,1316
017008,Azzano Mella,2021,famiglie,1346
017008,Azzano Mella,2022,famiglie,1368
017008,Azzano Mella,2023,famiglie,1395
017008,Azzano Mella,2024,famiglie,1417
017008,Azzano Mella,2018,popolazione_in_convivenza,99
017008,Azzano Mella,2019,popolazione_in_convivenza,71
017008,Azzano Mella,2020,popolazione_in_convivenza,62
017008,Azzano Mella,2021,popolazione_in_convivenza,46
017008,Azzano Mella,2022,popolazione_in_convivenza,45
017008,Azzano Mella,2023,popolazione_in_convivenza,75
017008,Azzano Mella,2024,popolazione_in_convivenza,67
017008,Azzano Mella,2018,popolazione_in_famiglia,3261
017008,Azzano Mella,2019,popolazione_in_famiglia,3299
017008,Azzano Mella,2020,popolazione_in_famiglia,3294
017008,Azzano Mella,2021,popolazione_in_famiglia,3352
017008,Azzano Mella,2022,popolazione_in_famiglia,3373
017008,Azzano Mella,2023,popolazione_in_famiglia,3423
017008,Azzano Mella,2024,popolazione_in_famiglia,3440
017008,Azzano Mella,2018,popolazione_residente,3360
017008,Azzano Mella,2019,popolazione_residente,3370
017008,Azzano Mella,2020,popolazione_residente,3356
017008,Azzano Mella,2021,popolazione_residente,3398
017008,Azzano Mella,2022,popolazione_residente,3418
017008,Azzano Mella,2023,popolazione_residente,3498
017008,Azzano Mella,2024,popolazione_residente,3507
017009,Bagnolo Mella,2018,famiglie,5139
017009,Bagnolo Mella,2019,famiglie,5138
017009,Bagnolo Mella,2020,famiglie,5235
017009,Bagnolo Mella,2021,famiglie,5231
017009,Bagnolo Mella,2022,famiglie,5184
017009,Bagnolo Mella,2023,famiglie,5172
017009,Bagnolo Mella,2024,famiglie,5163
017009,Bagnolo Mella,2018,popolazione_in_convivenza,62
017009,Bagnolo Mella,2019,popolazione_in_convivenza,59
017009,Bagnolo Mella,2020,popolazione_in_convivenza,48
017009,Bagnolo Mella,2021,popolazione_in_convivenza,48
017009,Bagnolo Mella,2022,popolazione_in_convivenza,61
017009,Bagnolo Mella,2023,popolazione_in_convivenza,63
017009,Bagnolo Mella,2024,popolazione_in_convivenza,60
017009,Bagnolo Mella,2018,popolazione_in_famiglia,12406
017009,Bagnolo Mella,2019,popolazione_in_famiglia,12397
017009,Bagnolo Mella,2020,popolazione_in_famiglia,12506
017009,Bagnolo Mella,2021,popolazione_in_famiglia,12446
017009,Bagnolo Mella,2022,popolazione_in_famiglia,12426
017009,Bagnolo Mella,2023,popolazione_in_famiglia,12374
017009,Bagnolo Mella,2024,popolazione_in_famiglia,12411
017009,Bagnolo Mella,2018,popolazione_residente,12468
017009,Bagnolo Mella,2019,popolazione_residente,12456
017009,Bagnolo Mella,2020,popolazione_residente,12554
017009,Bagnolo Mella,2021,popolazione_residente,12494
017009,Bagnolo Mella,2022,popolazione_residente,12487
017009,Bagnolo Mella,2023,popolazione_residente,12437
017009,Bagnolo Mella,2024,popolazione_residente,12471
017010,Bagolino,2018,famiglie,1740
017010,Bagolino,2019,famiglie,1749
017010,Bagolino,2020,famiglie,1736
017010,Bagolino,2021,famiglie,1734
017010,Bagolino,2022,famiglie,1744
017010,Bagolino,2023,famiglie,1743
017010,Bagolino,2024,famiglie,1753
017010,Bagolino,2018,popolazione_in_convivenza,92
017010,Bagolino,2019,popolazione_in_convivenza,81
017010,Bagolino,2020,popolazione_in_convivenza,69
017010,Bagolino,2021,popolazione_in_convivenza,64
017010,Bagolino,2022,popolazione_in_convivenza,49
017010,Bagolino,2023,popolazione_in_convivenza,70
017010,Bagolino,2024,popolazione_in_convivenza,67
017010,Bagolino,2018,popolazione_in_famiglia,3763
017010,Bagolino,2019,popolazione_in_famiglia,3737
017010,Bagolino,2020,popolazione_in_famiglia,3677
017010,Bagolino,2021,popolazione_in_famiglia,3691
017010,Bagolino,2022,popolazione_in_famiglia,3718
017010,Bagolino,2023,popolazione_in_famiglia,3711
017010,Bagolino,2024,popolazione_in_famiglia,3697
017010,Bagolino,2018,popolazione_residente,3855
017010,Bagolino,2019,popolazione_residente,3818
017010,Bagolino,2020,popolazione_residente,3746
017010,Bagolino,2021,popolazione_residente,3755
017010,Bagolino,2022,popolazione_residente,3767
017010,Bagolino,2023,popolazione_residente,3781
017010,Bagolino,2024,popolazione_residente,3764
017011,Barbariga,2018,famiglie,891
017011,Barbariga,2019,famiglie,904
017011,Barbariga,2020,famiglie,917
017011,Barbariga,2021,famiglie,923
017011,Barbariga,2022,famiglie,926
017011,Barbariga,2023,famiglie,932
017011,Barbariga,2024,famiglie,932
017011,Barbariga,2018,popolazione_in_convivenza,18
017011,Barbariga,2019,popolazione_in_convivenza,25
017011,Barbariga,2020,popolazione_in_convivenza,19
017011,Barbariga,2021,popolazione_in_convivenza,12
017011,Barbariga,2022,popolazione_in_convivenza,17
017011,Barbariga,2023,popolazione_in_convivenza,19
017011,Barbariga,2024,popolazione_in_convivenza,23
017011,Barbariga,2018,popolazione_in_famiglia,2269
017011,Barbariga,2019,popolazione_in_famiglia,2288
017011,Barbariga,2020,popolazione_in_famiglia,2281
017011,Barbariga,2021,popolazione_in_famiglia,2305
017011,Barbariga,2022,popolazione_in_famiglia,2313
017011,Barbariga,2023,popolazione_in_famiglia,2304
017011,Barbariga,2024,popolazione_in_famiglia,2277
017011,Barbariga,2018,popolazione_residente,2287
017011,Barbariga,2019,popolazione_residente,2313
017011,Barbariga,2020,popolazione_residente,2300
017011,Barbariga,2021,popolazione_residente,2317
017011,Barbariga,2022,popolazione_residente,2330
017011,Barbariga,2023,popolazione_residente,2323
017011,Barbariga,2024,popolazione_residente,2300
017012,Barghe,2018,famiglie,468
017012,Barghe,2019,famiglie,466
017012,Barghe,2020,famiglie,459
017012,Barghe,2021,famiglie,460
017012,Barghe,2022,famiglie,464
017012,Barghe,2023,famiglie,468
017012,Barghe,2024,famiglie,468
017012,Barghe,2018,popolazione_in_famiglia,1175
017012,Barghe,2019,popolazione_in_famiglia,1160
017012,Barghe,2020,popolazione_in_famiglia,1143
017012,Barghe,2021,popolazione_in_famiglia,1138
017012,Barghe,2022,popolazione_in_famiglia,1137
017012,Barghe,2023,popolazione_in_famiglia,1141
017012,Barghe,2024,popolazione_in_famiglia,1157
017012,Barghe,2018,popolazione_residente,1175
017012,Barghe,2019,popolazione_residente,1160
017012,Barghe,2020,popolazione_residente,1143
017012,Barghe,2021,popolazione_residente,1138
017012,Barghe,2022,popolazione_residente,1137
017012,Barghe,2023,popolazione_residente,1141
017012,Barghe,2024,popolazione_residente,1157
017013,Bassano Bresciano,2018,famiglie,908
017013,Bassano Bresciano,2019,famiglie,917
017013,Bassano Bresciano,2020,famiglie,932
017013,Bassano Bresciano,2021,famiglie,934
017013,Bassano Bresciano,2022,famiglie,938
017013,Bassano Bresciano,2023,famiglie,935
017013,Bassano Bresciano,2024,famiglie,970
017013,Bassano Bresciano,2018,popolazione_in_convivenza,7
017013,Bassano Bresciano,2019,popolazione_in_convivenza,3
017013,Bassano Bresciano,2020,popolazione_in_convivenza,4
017013,Bassano Bresciano,2018,popolazione_in_famiglia,2290
017013,Bassano Bresciano,2019,popolazione_in_famiglia,2302
017013,Bassano Bresciano,2020,popolazione_in_famiglia,2322
017013,Bassano Bresciano,2021,popolazione_in_famiglia,2333
017013,Bassano Bresciano,2022,popolazione_in_famiglia,2334
017013,Bassano Bresciano,2023,popolazione_in_famiglia,2319
017013,Bassano Bresciano,2024,popolazione_in_famiglia,2367
017013,Bassano Bresciano,2018,popolazione_residente,2297
017013,Bassano Bresciano,2019,popolazione_residente,2305
017013,Bassano Bresciano,2020,popolazione_residente,2326
017013,Bassano Bresciano,2021,popolazione_residente,2333
017013,Bassano Bresciano,2022,popolazione_residente,2334
017013,Bassano Bresciano,2023,popolazione_residente,2319
017013,Bassano Bresciano,2024,popolazione_residente,2367
017014,Bedizzole,2018,famiglie,4984
017014,Bedizzole,2019,famiglie,4982
017014,Bedizzole,2020,famiglie,5175
017014,Bedizzole,2021,famiglie,5141
017014,Bedizzole,2022,famiglie,5146
017014,Bedizzole,2023,famiglie,5156
017014,Bedizzole,2024,famiglie,5168
017014,Bedizzole,2018,popolazione_in_convivenza,137
017014,Bedizzole,2019,popolazione_in_convivenza,135
017014,Bedizzole,2020,popolazione_in_convivenza,139
017014,Bedizzole,2021,popolazione_in_convivenza,141
017014,Bedizzole,2022,popolazione_in_convivenza,127
017014,Bedizzole,2023,popolazione_in_convivenza,105
017014,Bedizzole,2024,popolazione_in_convivenza,100
017014,Bedizzole,2018,popolazione_in_famiglia,12049
017014,Bedizzole,2019,popolazione_in_famiglia,11934
017014,Bedizzole,2020,popolazione_in_famiglia,12175
017014,Bedizzole,2021,popolazione_in_famiglia,12137
017014,Bedizzole,2022,popolazione_in_famiglia,12118
017014,Bedizzole,2023,popolazione_in_famiglia,12102
017014,Bedizzole,2024,popolazione_in_famiglia,12072
017014,Bedizzole,2018,popolazione_residente,12186
017014,Bedizzole,2019,popolazione_residente,12069
017014,Bedizzole,2020,popolazione_residente,12314
017014,Bedizzole,2021,popolazione_residente,12278
017014,Bedizzole,2022,popolazione_residente,12245
017014,Bedizzole,2023,popolazione_residente,12207
017014,Bedizzole,2024,popolazione_residente,12172
017015,Berlingo,2018,famiglie,1050
017015,Berlingo,2019,famiglie,1070
017015,Berlingo,2020,famiglie,1083
017015,Berlingo,2021,famiglie,1095
017015,Berlingo,2022,famiglie,1101
017015,Berlingo,2023,famiglie,1113
017015,Berlingo,2024,famiglie,1116
017015,Berlingo,2018,popolazione_in_convivenza,13
017015,Berlingo,2019,popolazione_in_convivenza,16
017015,Berlingo,2020,popolazione_in_convivenza,17
017015,Berlingo,2021,popolazione_in_convivenza,16
017015,Berlingo,2022,popolazione_in_convivenza,12
017015,Berlingo,2023,popolazione_in_convivenza,11
017015,Berlingo,2024,popolazione_in_convivenza,11
017015,Berlingo,2018,popolazione_in_famiglia,2741
017015,Berlingo,2019,popolazione_in_famiglia,2747
017015,Berlingo,2020,popolazione_in_famiglia,2727
017015,Berlingo,2021,popolazione_in_famiglia,2736
017015,Berlingo,2022,popolazione_in_famiglia,2743
017015,Berlingo,2023,popolazione_in_famiglia,2727
017015,Berlingo,2024,popolazione_in_famiglia,2729
017015,Berlingo,2018,popolazione_residente,2754
017015,Berlingo,2019,popolazione_residente,2763
017015,Berlingo,2020,popolazione_residente,2744
017015,Berlingo,2021,popolazione_residente,2752
017015,Berlingo,2022,popolazione_residente,2755
017015,Berlingo,2023,popolazione_residente,2738
017015,Berlingo,2024,popolazione_residente,2740
017016,Berzo Demo,2018,famiglie,723
017016,Berzo Demo,2019,famiglie,725
017016,Berzo Demo,2020,famiglie,714
017016,Berzo Demo,2021,famiglie,703
017016,Berzo Demo,2022,famiglie,693
017016,Berzo Demo,2023,famiglie,689
017016,Berzo Demo,2024,famiglie,682
017016,Berzo Demo,2018,popolazione_in_famiglia,1627
017016,Berzo Demo,2019,popolazione_in_famiglia,1595
017016,Berzo Demo,2020,popolazione_in_famiglia,1551
017016,Berzo Demo,2021,popolazione_in_famiglia,1525
017016,Berzo Demo,2022,popolazione_in_famiglia,1505
017016,Berzo Demo,2023,popolazione_in_famiglia,1482
017016,Berzo Demo,2024,popolazione_in_famiglia,1459
017016,Berzo Demo,2018,popolazione_residente,1627
017016,Berzo Demo,2019,popolazione_residente,1595
017016,Berzo Demo,2020,popolazione_residente,1551
017016,Berzo Demo,2021,popolazione_residente,1525
017016,Berzo Demo,2022,popolazione_residente,1505
017016,Berzo Demo,2023,popolazione_residente,1482
017016,Berzo Demo,2024,popolazione_residente,1459
017017,Berzo Inferiore,2018,famiglie,985
017017,Berzo Inferiore,2019,famiglie,974
017017,Berzo Inferiore,2020,famiglie,981
017017,Berzo Inferiore,2021,famiglie,987
017017,Berzo Inferiore,2022,famiglie,1003
017017,Berzo Inferiore,2023,famiglie,1021
017017,Berzo Inferiore,2024,famiglie,1024
017017,Berzo Inferiore,2018,popolazione_in_convivenza,15
017017,Berzo Inferiore,2019,popolazione_in_convivenza,18
017017,Berzo Inferiore,2020,popolazione_in_convivenza,20
017017,Berzo Inferiore,2021,popolazione_in_convivenza,20
017017,Berzo Inferiore,2022,popolazione_in_convivenza,16
017017,Berzo Inferiore,2023,popolazione_in_convivenza,14
017017,Berzo Inferiore,2024,popolazione_in_convivenza,17
017017,Berzo Inferiore,2018,popolazione_in_famiglia,2467
017017,Berzo Inferiore,2019,popolazione_in_famiglia,2451
017017,Berzo Inferiore,2020,popolazione_in_famiglia,2420
017017,Berzo Inferiore,2021,popolazione_in_famiglia,2427
017017,Berzo Inferiore,2022,popolazione_in_famiglia,2434
017017,Berzo Inferiore,2023,popolazione_in_famiglia,2446
017017,Berzo Inferiore,2024,popolazione_in_famiglia,2456
017017,Berzo Inferiore,2018,popolazione_residente,2482
017017,Berzo Inferiore,2019,popolazione_residente,2469
017017,Berzo Inferiore,2020,popolazione_residente,2440
017017,Berzo Inferiore,2021,popolazione_residente,2447
017017,Berzo Inferiore,2022,popolazione_residente,2450
017017,Berzo Inferiore,2023,popolazione_residente,2460
017017,Berzo Inferiore,2024,popolazione_residente,2473
017018,Bienno,2018,famiglie,1675
017018,Bienno,2019,famiglie,1668
017018,Bienno,2020,famiglie,1677
017018,Bienno,2021,famiglie,1676
017018,Bienno,2022,famiglie,1684
017018,Bienno,2023,famiglie,1703
017018,Bienno,2024,famiglie,1703
017018,Bienno,2018,popolazione_in_convivenza,30
017018,Bienno,2019,popolazione_in_convivenza,31
017018,Bienno,2020,popolazione_in_convivenza,31
017018,Bienno,2021,popolazione_in_convivenza,32
017018,Bienno,2022,popolazione_in_convivenza,33
017018,Bienno,2023,popolazione_in_convivenza,32
017018,Bienno,2024,popolazione_in_convivenza,29
017018,Bienno,2018,popolazione_in_famiglia,3768
017018,Bienno,2019,popolazione_in_famiglia,3739
017018,Bienno,2020,popolazione_in_famiglia,3729
017018,Bienno,2021,popolazione_in_famiglia,3728
017018,Bienno,2022,popolazione_in_famiglia,3738
017018,Bienno,2023,popolazione_in_famiglia,3724
017018,Bienno,2024,popolazione_in_famiglia,3731
017018,Bienno,2018,popolazione_residente,3798
017018,Bienno,2019,popolazione_residente,3770
017018,Bienno,2020,popolazione_residente,3760
017018,Bienno,2021,popolazione_residente,3760
017018,Bienno,2022,popolazione_residente,3771
017018,Bienno,2023,popolazione_residente,3756
017018,Bienno,2024,popolazione_residente,3760
017019,Bione,2018,famiglie,556
017019,Bione,2019,famiglie,556
017019,Bione,2020,famiglie,562
017019,Bione,2021,famiglie,566
017019,Bione,2022,famiglie,566
017019,Bione,2023,famiglie,568
017019,Bione,2024,famiglie,568
017019,Bione,2018,popolazione_in_famiglia,1364
017019,Bione,2019,popolazione_in_famiglia,1339
017019,Bione,2020,popolazione_in_famiglia,1313
017019,Bione,2021,popolazione_in_famiglia,1311
017019,Bione,2022,popolazione_in_famiglia,1305
017019,Bione,2023,popolazione_in_famiglia,1299
017019,Bione,2024,popolazione_in_famiglia,1286
017019,Bione,2018,popolazione_residente,1364
017019,Bione,2019,popolazione_residente,1339
017019,Bione,2020,popolazione_residente,1313
017019,Bione,2021,popolazione_residente,1311
017019,Bione,2022,popolazione_residente,1305
017019,Bione,2023,popolazione_residente,1299
017019,Bione,2024,popolazione_residente,1286
017020,Borgo San Giacomo,2018,famiglie,2064
017020,Borgo San Giacomo,2019,famiglie,2094
017020,Borgo San Giacomo,2020,famiglie,2117
017020,Borgo San Giacomo,2021,famiglie,2137
017020,Borgo San Giacomo,2022,famiglie,2150
017020,Borgo San Giacomo,2023,famiglie,2156
017020,Borgo San Giacomo,2024,famiglie,2187
017020,Borgo San Giacomo,2018,popolazione_in_convivenza,13
017020,Borgo San Giacomo,2019,popolazione_in_convivenza,11
017020,Borgo San Giacomo,2020,popolazione_in_convivenza,12
017020,Borgo San Giacomo,2023,popolazione_in_convivenza,1
017020,Borgo San Giacomo,2024,popolazione_in_convivenza,2
017020,Borgo San Giacomo,2018,popolazione_in_famiglia,5316
017020,Borgo San Giacomo,2019,popolazione_in_famiglia,5382
017020,Borgo San Giacomo,2020,popolazione_in_famiglia,5322
017020,Borgo San Giacomo,2021,popolazione_in_famiglia,5388
017020,Borgo San Giacomo,2022,popolazione_in_famiglia,5420
017020,Borgo San Giacomo,2023,popolazione_in_famiglia,5519
017020,Borgo San Giacomo,2024,popolazione_in_famiglia,5575
017020,Borgo San Giacomo,2018,popolazione_residente,5329
017020,Borgo San Giacomo,2019,popolazione_residente,5393
017020,Borgo San Giacomo,2020,popolazione_residente,5334
017020,Borgo San Giacomo,2021,popolazione_residente,5388
017020,Borgo San Giacomo,2022,popolazione_residente,5420
017020,Borgo San Giacomo,2023,popolazione_residente,5520
017020,Borgo San Giacomo,2024,popolazione_residente,5577
017021,Borgosatollo,2018,famiglie,3749
017021,Borgosatollo,2019,famiglie,3763
017021,Borgosatollo,2020,famiglie,3811
017021,Borgosatollo,2021,famiglie,3796
017021,Borgosatollo,2022,famiglie,3820
017021,Borgosatollo,2023,famiglie,3860
017021,Borgosatollo,2024,famiglie,3882
017021,Borgosatollo,2018,popolazione_in_convivenza,18
017021,Borgosatollo,2019,popolazione_in_convivenza,15
017021,Borgosatollo,2020,popolazione_in_convivenza,15
017021,Borgosatollo,2021,popolazione_in_convivenza,5
017021,Borgosatollo,2022,popolazione_in_convivenza,6
017021,Borgosatollo,2023,popolazione_in_convivenza,5
017021,Borgosatollo,2024,popolazione_in_convivenza,2
017021,Borgosatollo,2018,popolazione_in_famiglia,9131
017021,Borgosatollo,2019,popolazione_in_famiglia,9149
017021,Borgosatollo,2020,popolazione_in_famiglia,9115
017021,Borgosatollo,2021,popolazione_in_famiglia,9056
017021,Borgosatollo,2022,popolazione_in_famiglia,9094
017021,Borgosatollo,2023,popolazione_in_famiglia,9074
017021,Borgosatollo,2024,popolazione_in_famiglia,9090
017021,Borgosatollo,2018,popolazione_residente,9149
017021,Borgosatollo,2019,popolazione_residente,9164
017021,Borgosatollo,2020,popolazione_residente,9130
017021,Borgosatollo,2021,popolazione_residente,9061
017021,Borgosatollo,2022,popolazione_residente,9100
017021,Borgosatollo,2023,popolazione_residente,9079
017021,Borgosatollo,2024,popolazione_residente,9092
017022,Borno,2018,famiglie,1326
017022,Borno,2019,famiglie,1380
017022,Borno,2020,famiglie,1303
017022,Borno,2021,famiglie,1274
017022,Borno,2022,famiglie,1258
017022,Borno,2023,famiglie,1272
017022,Borno,2024,famiglie,1272
017022,Borno,2018,popolazione_in_convivenza,23
017022,Borno,2019,popolazione_in_convivenza,23
017022,Borno,2020,popolazione_in_convivenza,21
017022,Borno,2021,popolazione_in_convivenza,24
017022,Borno,2022,popolazione_in_convivenza,25
017022,Borno,2023,popolazione_in_convivenza,25
017022,Borno,2024,popolazione_in_convivenza,25
017022,Borno,2018,popolazione_in_famiglia,2557
017022,Borno,2019,popolazione_in_famiglia,2617
017022,Borno,2020,popolazione_in_famiglia,2498
017022,Borno,2021,popolazione_in_famiglia,2455
017022,Borno,2022,popolazione_in_famiglia,2411
017022,Borno,2023,popolazione_in_famiglia,2415
017022,Borno,2024,popolazione_in_famiglia,2397
017022,Borno,2018,popolazione_residente,2580
017022,Borno,2019,popolazione_residente,2640
017022,Borno,2020,popolazione_residente,2519
017022,Borno,2021,popolazione_residente,2479
017022,Borno,2022,popolazione_residente,2436
017022,Borno,2023,popolazione_residente,2440
017022,Borno,2024,popolazione_residente,2422
017023,Botticino,2018,famiglie,4573
017023,Botticino,2019,famiglie,4582
017023,Botticino,2020,famiglie,4624
017023,Botticino,2021,famiglie,4665
017023,Botticino,2022,famiglie,4695
017023,Botticino,2023,famiglie,4734
017023,Botticino,2024,famiglie,4757
017023,Botticino,2018,popolazione_in_convivenza,105
017023,Botticino,2019,popolazione_in_convivenza,102
017023,Botticino,2020,popolazione_in_convivenza,85
017023,Botticino,2021,popolazione_in_convivenza,86
017023,Botticino,2022,popolazione_in_convivenza,92
017023,Botticino,2023,popolazione_in_convivenza,92
017023,Botticino,2024,popolazione_in_convivenza,99
017023,Botticino,2018,popolazione_in_famiglia,10652
017023,Botticino,2019,popolazione_in_famiglia,10635
017023,Botticino,2020,popolazione_in_famiglia,10556
017023,Botticino,2021,popolazione_in_famiglia,10620
017023,Botticino,2022,popolazione_in_famiglia,10619
017023,Botticino,2023,popolazione_in_famiglia,10630
017023,Botticino,2024,popolazione_in_famiglia,10673
017023,Botticino,2018,popolazione_residente,10757
017023,Botticino,2019,popolazione_residente,10737
017023,Botticino,2020,popolazione_residente,10641
017023,Botticino,2021,popolazione_residente,10706
017023,Botticino,2022,popolazione_residente,10711
017023,Botticino,2023,popolazione_residente,10722
017023,Botticino,2024,popolazione_residente,10772
017024,Bovegno,2018,famiglie,1007
017024,Bovegno,2019,famiglie,1000
017024,Bovegno,2020,famiglie,996
017024,Bovegno,2021,famiglie,989
017024,Bovegno,2022,famiglie,989
017024,Bovegno,2023,famiglie,1002
017024,Bovegno,2024,famiglie,1006
017024,Bovegno,2018,popolazione_in_convivenza,19
017024,Bovegno,2019,popolazione_in_convivenza,18
017024,Bovegno,2020,popolazione_in_convivenza,11
017024,Bovegno,2021,popolazione_in_convivenza,12
017024,Bovegno,2022,popolazione_in_convivenza,14
017024,Bovegno,2023,popolazione_in_convivenza,12
017024,Bovegno,2024,popolazione_in_convivenza,13
017024,Bovegno,2018,popolazione_in_famiglia,2107
017024,Bovegno,2019,popolazione_in_famiglia,2075
017024,Bovegno,2020,popolazione_in_famiglia,2029
017024,Bovegno,2021,popolazione_in_famiglia,2013
017024,Bovegno,2022,popolazione_in_famiglia,2003
017024,Bovegno,2023,popolazione_in_famiglia,1991
017024,Bovegno,2024,popolazione_in_famiglia,1992
017024,Bovegno,2018,popolazione_residente,2126
017024,Bovegno,2019,popolazione_residente,2093
017024,Bovegno,2020,popolazione_residente,2040
017024,Bovegno,2021,popolazione_residente,2025
017024,Bovegno,2022,popolazione_residente,2017
017024,Bovegno,2023,popolazione_residente,2003
017024,Bovegno,2024,popolazione_residente,2005
017025,Bovezzo,2018,famiglie,3338
017025,Bovezzo,2019,famiglie,3349
017025,Bovezzo,2020,famiglie,3350
017025,Bovezzo,2021,famiglie,3355
017025,Bovezzo,2022,famiglie,3342
017025,Bovezzo,2023,famiglie,3390
017025,Bovezzo,2024,famiglie,3378
017025,Bovezzo,2018,popolazione_in_convivenza,12
017025,Bovezzo,2019,popolazione_in_convivenza,11
017025,Bovezzo,2020,popolazione_in_convivenza,1
017025,Bovezzo,2024,popolazione_in_convivenza,4
017025,Bovezzo,2018,popolazione_in_famiglia,7481
017025,Bovezzo,2019,popolazione_in_famiglia,7501
017025,Bovezzo,2020,popolazione_in_famiglia,7401
017025,Bovezzo,2021,popolazione_in_famiglia,7356
017025,Bovezzo,2022,popolazione_in_famiglia,7308
017025,Bovezzo,2023,popolazione_in_famiglia,7319
017025,Bovezzo,2024,popolazione_in_famiglia,7305
017025,Bovezzo,2018,popolazione_residente,7493
017025,Bovezzo,2019,popolazione_residente,7512
017025,Bovezzo,2020,popolazione_residente,7402
017025,Bovezzo,2021,popolazione_residente,7356
017025,Bovezzo,2022,popolazione_residente,7308
017025,Bovezzo,2023,popolazione_residente,7319
017025,Bovezzo,2024,popolazione_residente,7309
017026,Brandico,2018,famiglie,644
017026,Brandico,2019,famiglie,654
017026,Brandico,2020,famiglie,673
017026,Brandico,2021,famiglie,683
017026,Brandico,2022,famiglie,689
017026,Brandico,2023,famiglie,694
017026,Brandico,2024,famiglie,700
017026,Brandico,2018,popolazione_in_famiglia,1678
017026,Brandico,2019,popolazione_in_famiglia,1689
017026,Brandico,2020,popolazione_in_famiglia,1707
017026,Brandico,2021,popolazione_in_famiglia,1744
017026,Brandico,2022,popolazione_in_famiglia,1733
017026,Brandico,2023,popolazione_in_famiglia,1731
017026,Brandico,2024,popolazione_in_famiglia,1757
017026,Brandico,2018,popolazione_residente,1678
017026,Brandico,2019,popolazione_residente,1689
017026,Brandico,2020,popolazione_residente,1707
017026,Brandico,2021,popolazione_residente,1744
017026,Brandico,2022,popolazione_residente,1733
017026,Brandico,2023,popolazione_residente,1731
017026,Brandico,2024,popolazione_residente,1757
017027,Braone,2018,famiglie,294
017027,Braone,2019,famiglie,296
017027,Braone,2020,famiglie,296
017027,Braone,2021,famiglie,301
017027,Braone,2022,famiglie,299
017027,Braone,2023,famiglie,300
017027,Braone,2024,famiglie,304
017027,Braone,2018,popolazione_in_convivenza,4
017027,Braone,2019,popolazione_in_convivenza,3
017027,Braone,2020,popolazione_in_convivenza,2
017027,Braone,2021,popolazione_in_convivenza,2
017027,Braone,2022,popolazione_in_convivenza,2
017027,Braone,2023,popolazione_in_convivenza,2
017027,Braone,2024,popolazione_in_convivenza,2
017027,Braone,2018,popolazione_in_famiglia,684
017027,Braone,2019,popolazione_in_famiglia,681
017027,Braone,2020,popolazione_in_famiglia,684
017027,Braone,2021,popolazione_in_famiglia,680
017027,Braone,2022,popolazione_in_famiglia,688
017027,Braone,2023,popolazione_in_famiglia,688
017027,Braone,2024,popolazione_in_famiglia,684
017027,Braone,2018,popolazione_residente,688
017027,Braone,2019,popolazione_residente,684
017027,Braone,2020,popolazione_residente,686
017027,Braone,2021,popolazione_residente,682
017027,Braone,2022,popolazione_residente,690
017027,Braone,2023,popolazione_residente,690
017027,Braone,2024,popolazione_residente,686
017028,Breno,2018,famiglie,2142
017028,Breno,2019,famiglie,2157
017028,Breno,2020,famiglie,2129
017028,Breno,2021,famiglie,2126
017028,Breno,2022,famiglie,2127
017028,Breno,2023,famiglie,2130
017028,Breno,2024,famiglie,2144
017028,Breno,2018,popolazione_in_convivenza,91
017028,Breno,2019,popolazione_in_convivenza,93
017028,Breno,2020,popolazione_in_convivenza,91
017028,Breno,2021,popolazione_in_convivenza,78
017028,Breno,2022,popolazione_in_convivenza,76
017028,Breno,2023,popolazione_in_convivenza,83
017028,Breno,2024,popolazione_in_convivenza,86
017028,Breno,2018,popolazione_in_famiglia,4699
017028,Breno,2019,popolazione_in_famiglia,4699
017028,Breno,2020,popolazione_in_famiglia,4603
017028,Breno,2021,popolazione_in_famiglia,4554
017028,Breno,2022,popolazione_in_famiglia,4567
017028,Breno,2023,popolazione_in_famiglia,4544
017028,Breno,2024,popolazione_in_famiglia,4561
017028,Breno,2018,popolazione_residente,4790
017028,Breno,2019,popolazione_residente,4792
017028,Breno,2020,popolazione_residente,4694
017028,Breno,2021,popolazione_residente,4632
017028,Breno,2022,popolazione_residente,4643
017028,Breno,2023,popolazione_residente,4627
017028,Breno,2024,popolazione_residente,4647
017029,Brescia,2018,famiglie,92751
017029,Brescia,2019,famiglie,93224
017029,Brescia,2020,famiglie,95372
017029,Brescia,2021,famiglie,94870
017029,Brescia,2022,famiglie,95820
017029,Brescia,2023,famiglie,96609
017029,Brescia,2024,famiglie,97803
017029,Brescia,2018,popolazione_in_convivenza,2573
017029,Brescia,2019,popolazione_in_convivenza,2507
017029,Brescia,2020,popolazione_in_convivenza,2508
017029,Brescia,2021,popolazione_in_convivenza,2505
017029,Brescia,2022,popolazione_in_convivenza,2438
017029,Brescia,2023,popolazione_in_convivenza,2574
017029,Brescia,2024,popolazione_in_convivenza,2637
017029,Brescia,2018,popolazione_in_famiglia,193561
017029,Brescia,2019,popolazione_in_famiglia,193833
017029,Brescia,2020,popolazione_in_famiglia,194796
017029,Brescia,2021,popolazione_in_famiglia,193401
017029,Brescia,2022,popolazione_in_famiglia,194798
017029,Brescia,2023,popolazione_in_famiglia,195685
017029,Brescia,2024,popolazione_in_famiglia,197216
017029,Brescia,2018,popolazione_residente,196134
017029,Brescia,2019,popolazione_residente,196340
017029,Brescia,2020,popolazione_residente,197304
017029,Brescia,2021,popolazione_residente,195906
017029,Brescia,2022,popolazione_residente,197236
017029,Brescia,2023,popolazione_residente,198259
017029,Brescia,2024,popolazione_residente,199853
017030,Brione,2018,famiglie,335
017030,Brione,2019,famiglie,342
017030,Brione,2020,famiglie,352
017030,Brione,2021,famiglie,355
017030,Brione,2022,famiglie,362
017030,Brione,2023,famiglie,360
017030,Brione,2024,famiglie,364
017030,Brione,2018,popolazione_in_famiglia,708
017030,Brione,2019,popolazione_in_famiglia,726
017030,Brione,2020,popolazione_in_famiglia,747
017030,Brione,2021,popolazione_in_famiglia,737
017030,Brione,2022,popolazione_in_famiglia,749
017030,Brione,2023,popolazione_in_famiglia,750
017030,Brione,2024,popolazione_in_famiglia,754
017030,Brione,2018,popolazione_residente,708
017030,Brione,2019,popolazione_residente,726
017030,Brione,2020,popolazione_residente,747
017030,Brione,2021,popolazione_residente,737
017030,Brione,2022,popolazione_residente,749
017030,Brione,2023,popolazione_residente,750
017030,Brione,2024,popolazione_residente,754
017031,Caino,2018,famiglie,879
017031,Caino,2019,famiglie,887
017031,Caino,2020,famiglie,900
017031,Caino,2021,famiglie,906
017031,Caino,2022,famiglie,921
017031,Caino,2023,famiglie,931
017031,Caino,2024,famiglie,931
017031,Caino,2018,popolazione_in_convivenza,7
017031,Caino,2019,popolazione_in_convivenza,7
017031,Caino,2020,popolazione_in_convivenza,6
017031,Caino,2018,popolazione_in_famiglia,2094
017031,Caino,2019,popolazione_in_famiglia,2102
017031,Caino,2020,popolazione_in_famiglia,2108
017031,Caino,2021,popolazione_in_famiglia,2136
017031,Caino,2022,popolazione_in_famiglia,2161
017031,Caino,2023,popolazione_in_famiglia,2190
017031,Caino,2024,popolazione_in_famiglia,2192
017031,Caino,2018,popolazione_residente,2101
017031,Caino,2019,popolazione_residente,2109
017031,Caino,2020,popolazione_residente,2114
017031,Caino,2021,popolazione_residente,2136
017031,Caino,2022,popolazione_residente,2161
017031,Caino,2023,popolazione_residente,2190
017031,Caino,2024,popolazione_residente,2192
017032,Calcinato,2018,famiglie,5167
017032,Calcinato,2019,famiglie,5240
017032,Calcinato,2020,famiglie,5368
017032,Calcinato,2021,famiglie,5295
017032,Calcinato,2022,famiglie,5358
017032,Calcinato,2023,famiglie,5397
017032,Calcinato,2024,famiglie,5445
017032,Calcinato,2018,popolazione_in_convivenza,72
017032,Calcinato,2019,popolazione_in_convivenza,64
017032,Calcinato,2020,popolazione_in_convivenza,58
017032,Calcinato,2021,popolazione_in_convivenza,59
017032,Calcinato,2022,popolazione_in_convivenza,56
017032,Calcinato,2023,popolazione_in_convivenza,58
017032,Calcinato,2024,popolazione_in_convivenza,53
017032,Calcinato,2018,popolazione_in_famiglia,12836
017032,Calcinato,2019,popolazione_in_famiglia,12985
017032,Calcinato,2020,popolazione_in_famiglia,12946
017032,Calcinato,2021,popolazione_in_famiglia,12831
017032,Calcinato,2022,popolazione_in_famiglia,12841
017032,Calcinato,2023,popolazione_in_famiglia,12959
017032,Calcinato,2024,popolazione_in_famiglia,12975
017032,Calcinato,2018,popolazione_residente,12908
017032,Calcinato,2019,popolazione_residente,13049
017032,Calcinato,2020,popolazione_residente,13004
017032,Calcinato,2021,popolazione_residente,12890
017032,Calcinato,2022,popolazione_residente,12897
017032,Calcinato,2023,popolazione_residente,13017
017032,Calcinato,2024,popolazione_residente,13028
017033,Calvagese della Riviera,2018,famiglie,1426
017033,Calvagese della Riviera,2019,famiglie,1454
017033,Calvagese della Riviera,2020,famiglie,1488
017033,Calvagese della Riviera,2021,famiglie,1503
017033,Calvagese della Riviera,2022,famiglie,1519
017033,Calvagese della Riviera,2023,famiglie,1514
017033,Calvagese della Riviera,2024,famiglie,1515
017033,Calvagese della Riviera,2018,popolazione_in_convivenza,11
017033,Calvagese della Riviera,2019,popolazione_in_convivenza,6
017033,Calvagese della Riviera,2020,popolazione_in_convivenza,5
017033,Calvagese della Riviera,2021,popolazione_in_convivenza,23
017033,Calvagese della Riviera,2022,popolazione_in_convivenza,7
017033,Calvagese della Riviera,2023,popolazione_in_convivenza,18
017033,Calvagese della Riviera,2024,popolazione_in_convivenza,28
017033,Calvagese della Riviera,2018,popolazione_in_famiglia,3489
017033,Calvagese della Riviera,2019,popolazione_in_famiglia,3522
017033,Calvagese della Riviera,2020,popolazione_in_famiglia,3580
017033,Calvagese della Riviera,2021,popolazione_in_famiglia,3621
017033,Calvagese della Riviera,2022,popolazione_in_famiglia,3664
017033,Calvagese della Riviera,2023,popolazione_in_famiglia,3671
017033,Calvagese della Riviera,2024,popolazione_in_famiglia,3671
017033,Calvagese della Riviera,2018,popolazione_residente,3500
017033,Calvagese della Riviera,2019,popolazione_residente,3528
017033,Calvagese della Riviera,2020,popolazione_residente,3585
017033,Calvagese della Riviera,2021,popolazione_residente,3644
017033,Calvagese della Riviera,2022,popolazione_residente,3671
017033,Calvagese della Riviera,2023,popolazione_residente,3689
017033,Calvagese della Riviera,2024,popolazione_residente,3699
017034,Calvisano,2018,famiglie,3312
017034,Calvisano,2019,famiglie,3335
017034,Calvisano,2020,famiglie,3365
017034,Calvisano,2021,famiglie,3389
017034,Calvisano,2022,famiglie,3421
017034,Calvisano,2023,famiglie,3428
017034,Calvisano,2024,famiglie,3452
017034,Calvisano,2018,popolazione_in_convivenza,36
017034,Calvisano,2019,popolazione_in_convivenza,36
017034,Calvisano,2020,popolazione_in_convivenza,34
017034,Calvisano,2021,popolazione_in_convivenza,45
017034,Calvisano,2022,popolazione_in_convivenza,45
017034,Calvisano,2023,popolazione_in_convivenza,60
017034,Calvisano,2024,popolazione_in_convivenza,61
017034,Calvisano,2018,popolazione_in_famiglia,8437
017034,Calvisano,2019,popolazione_in_famiglia,8416
017034,Calvisano,2020,popolazione_in_famiglia,8335
017034,Calvisano,2021,popolazione_in_famiglia,8330
017034,Calvisano,2022,popolazione_in_famiglia,8329
017034,Calvisano,2023,popolazione_in_famiglia,8320
017034,Calvisano,2024,popolazione_in_famiglia,8374
017034,Calvisano,2018,popolazione_residente,8473
017034,Calvisano,2019,popolazione_residente,8452
017034,Calvisano,2020,popolazione_residente,8369
017034,Calvisano,2021,popolazione_residente,8375
017034,Calvisano,2022,popolazione_residente,8374
017034,Calvisano,2023,popolazione_residente,8380
017034,Calvisano,2024,popolazione_residente,8435
017035,Capo di Ponte,2018,famiglie,1068
017035,Capo di Ponte,2019,famiglie,1063
017035,Capo di Ponte,2020,famiglie,1045
017035,Capo di Ponte,2021,famiglie,1039
017035,Capo di Ponte,2022,famiglie,1038
017035,Capo di Ponte,2023,famiglie,1049
017035,Capo di Ponte,2024,famiglie,1045
017035,Capo di Ponte,2018,popolazione_in_convivenza,45
017035,Capo di Ponte,2019,popolazione_in_convivenza,40
017035,Capo di Ponte,2020,popolazione_in_convivenza,37
017035,Capo di Ponte,2021,popolazione_in_convivenza,35
017035,Capo di Ponte,2022,popolazione_in_convivenza,33
017035,Capo di Ponte,2023,popolazione_in_convivenza,32
017035,Capo di Ponte,2024,popolazione_in_convivenza,36
017035,Capo di Ponte,2018,popolazione_in_famiglia,2412
017035,Capo di Ponte,2019,popolazione_in_famiglia,2406
017035,Capo di Ponte,2020,popolazione_in_famiglia,2342
017035,Capo di Ponte,2021,popolazione_in_famiglia,2292
017035,Capo di Ponte,2022,popolazione_in_famiglia,2290
017035,Capo di Ponte,2023,popolazione_in_famiglia,2271
017035,Capo di Ponte,2024,popolazione_in_famiglia,2251
017035,Capo di Ponte,2018,popolazione_residente,2457
017035,Capo di Ponte,2019,popolazione_residente,2446
017035,Capo di Ponte,2020,popolazione_residente,2379
017035,Capo di Ponte,2021,popolazione_residente,2327
017035,Capo di Ponte,2022,popolazione_residente,2323
017035,Capo di Ponte,2023,popolazione_residente,2303
017035,Capo di Ponte,2024,popolazione_residente,2287
017036,Capovalle,2018,famiglie,173
017036,Capovalle,2019,famiglie,174
017036,Capovalle,2020,famiglie,173
017036,Capovalle,2021,famiglie,174
017036,Capovalle,2022,famiglie,173
017036,Capovalle,2023,famiglie,173
017036,Capovalle,2024,famiglie,175
017036,Capovalle,2018,popolazione_in_famiglia,353
017036,Capovalle,2019,popolazione_in_famiglia,349
017036,Capovalle,2020,popolazione_in_famiglia,346
017036,Capovalle,2021,popolazione_in_famiglia,345
017036,Capovalle,2022,popolazione_in_famiglia,338
017036,Capovalle,2023,popolazione_in_famiglia,336
017036,Capovalle,2024,popolazione_in_famiglia,341
017036,Capovalle,2018,popolazione_residente,353
017036,Capovalle,2019,popolazione_residente,349
017036,Capovalle,2020,popolazione_residente,346
017036,Capovalle,2021,popolazione_residente,345
017036,Capovalle,2022,popolazione_residente,338
017036,Capovalle,2023,popolazione_residente,336
017036,Capovalle,2024,popolazione_residente,341
017037,Capriano del Colle,2018,famiglie,1924
017037,Capriano del Colle,2019,famiglie,1929
017037,Capriano del Colle,2020,famiglie,1981
017037,Capriano del Colle,2021,famiglie,1983
017037,Capriano del Colle,2022,famiglie,2027
017037,Capriano del Colle,2023,famiglie,2054
017037,Capriano del Colle,2024,famiglie,2074
017037,Capriano del Colle,2018,popolazione_in_convivenza,11
017037,Capriano del Colle,2019,popolazione_in_convivenza,8
017037,Capriano del Colle,2020,popolazione_in_convivenza,9
017037,Capriano del Colle,2021,popolazione_in_convivenza,10
017037,Capriano del Colle,2022,popolazione_in_convivenza,8
017037,Capriano del Colle,2023,popolazione_in_convivenza,15
017037,Capriano del Colle,2024,popolazione_in_convivenza,15
017037,Capriano del Colle,2018,popolazione_in_famiglia,4616
017037,Capriano del Colle,2019,popolazione_in_famiglia,4573
017037,Capriano del Colle,2020,popolazione_in_famiglia,4634
017037,Capriano del Colle,2021,popolazione_in_famiglia,4623
017037,Capriano del Colle,2022,popolazione_in_famiglia,4705
017037,Capriano del Colle,2023,popolazione_in_famiglia,4799
017037,Capriano del Colle,2024,popolazione_in_famiglia,4829
017037,Capriano del Colle,2018,popolazione_residente,4627
017037,Capriano del Colle,2019,popolazione_residente,4581
017037,Capriano del Colle,2020,popolazione_residente,4643
017037,Capriano del Colle,2021,popolazione_residente,4633
017037,Capriano del Colle,2022,popolazione_residente,4713
017037,Capriano del Colle,2023,popolazione_residente,4814
017037,Capriano del Colle,2024,popolazione_residente,4844
017038,Capriolo,2018,famiglie,3783
017038,Capriolo,2019,famiglie,3806
017038,Capriolo,2020,famiglie,3883
017038,Capriolo,2021,famiglie,3883
017038,Capriolo,2022,famiglie,3904
017038,Capriolo,2023,famiglie,3903
017038,Capriolo,2024,famiglie,3918
017038,Capriolo,2018,popolazione_in_convivenza,76
017038,Capriolo,2019,popolazione_in_convivenza,73
017038,Capriolo,2020,popolazione_in_convivenza,68
017038,Capriolo,2021,popolazione_in_convivenza,66
017038,Capriolo,2022,popolazione_in_convivenza,68
017038,Capriolo,2023,popolazione_in_convivenza,62
017038,Capriolo,2024,popolazione_in_convivenza,50
017038,Capriolo,2018,popolazione_in_famiglia,9218
017038,Capriolo,2019,popolazione_in_famiglia,9255
017038,Capriolo,2020,popolazione_in_famiglia,9364
017038,Capriolo,2021,popolazione_in_famiglia,9365
017038,Capriolo,2022,popolazione_in_famiglia,9347
017038,Capriolo,2023,popolazione_in_famiglia,9317
017038,Capriolo,2024,popolazione_in_famiglia,9340
017038,Capriolo,2018,popolazione_residente,9294
017038,Capriolo,2019,popolazione_residente,9328
017038,Capriolo,2020,popolazione_residente,9432
017038,Capriolo,2021,popolazione_residente,9431
017038,Capriolo,2022,popolazione_residente,9415
017038,Capriolo,2023,popolazione_residente,9379
017038,Capriolo,2024,popolazione_residente,9390
017039,Carpenedolo,2018,famiglie,5031
017039,Carpenedolo,2019,famiglie,5026
017039,Carpenedolo,2020,famiglie,5114
017039,Carpenedolo,2021,famiglie,5128
017039,Carpenedolo,2022,famiglie,5139
017039,Carpenedolo,2023,famiglie,5185
017039,Carpenedolo,2024,famiglie,5203
017039,Carpenedolo,2018,popolazione_in_convivenza,49
017039,Carpenedolo,2019,popolazione_in_convivenza,51
017039,Carpenedolo,2020,popolazione_in_convivenza,48
017039,Carpenedolo,2021,popolazione_in_convivenza,54
017039,Carpenedolo,2022,popolazione_in_convivenza,53
017039,Carpenedolo,2023,popolazione_in_convivenza,54
017039,Carpenedolo,2024,popolazione_in_convivenza,50
017039,Carpenedolo,2018,popolazione_in_famiglia,12898
017039,Carpenedolo,2019,popolazione_in_famiglia,12859
017039,Carpenedolo,2020,popolazione_in_famiglia,12920
017039,Carpenedolo,2021,popolazione_in_famiglia,12923
017039,Carpenedolo,2022,popolazione_in_famiglia,12937
017039,Carpenedolo,2023,popolazione_in_famiglia,12932
017039,Carpenedolo,2024,popolazione_in_famiglia,12918
017039,Carpenedolo,2018,popolazione_residente,12947
017039,Carpenedolo,2019,popolazione_residente,12910
017039,Carpenedolo,2020,popolazione_residente,12968
017039,Carpenedolo,2021,popolazione_residente,12977
017039,Carpenedolo,2022,popolazione_residente,12990
017039,Carpenedolo,2023,popolazione_residente,12986
017039,Carpenedolo,2024,popolazione_residente,12968
017040,Castegnato,2018,famiglie,3368
017040,Castegnato,2019,famiglie,3364
017040,Castegnato,2020,famiglie,3405
017040,Castegnato,2021,famiglie,3412
017040,Castegnato,2022,famiglie,3424
017040,Castegnato,2023,famiglie,3462
017040,Castegnato,2024,famiglie,3469
017040,Castegnato,2018,popolazione_in_convivenza,114
017040,Castegnato,2019,popolazione_in_convivenza,36
017040,Castegnato,2020,popolazione_in_convivenza,33
017040,Castegnato,2021,popolazione_in_convivenza,16
017040,Castegnato,2022,popolazione_in_convivenza,29
017040,Castegnato,2023,popolazione_in_convivenza,30
017040,Castegnato,2024,popolazione_in_convivenza,29
017040,Castegnato,2018,popolazione_in_famiglia,8380
017040,Castegnato,2019,popolazione_in_famiglia,8341
017040,Castegnato,2020,popolazione_in_famiglia,8331
017040,Castegnato,2021,popolazione_in_famiglia,8311
017040,Castegnato,2022,popolazione_in_famiglia,8311
017040,Castegnato,2023,popolazione_in_famiglia,8342
017040,Castegnato,2024,popolazione_in_famiglia,8363
017040,Castegnato,2018,popolazione_residente,8494
017040,Castegnato,2019,popolazione_residente,8377
017040,Castegnato,2020,popolazione_residente,8364
017040,Castegnato,2021,popolazione_residente,8327
017040,Castegnato,2022,popolazione_residente,8340
017040,Castegnato,2023,popolazione_residente,8372
017040,Castegnato,2024,popolazione_residente,8392
017041,Castelcovati,2018,famiglie,2446
017041,Castelcovati,2019,famiglie,2463
017041,Castelcovati,2020,famiglie,2501
017041,Castelcovati,2021,famiglie,2543
017041,Castelcovati,2022,famiglie,2567
017041,Castelcovati,2023,famiglie,2609
017041,Castelcovati,2024,famiglie,2626
017041,Castelcovati,2018,popolazione_in_convivenza,13
017041,Castelcovati,2019,popolazione_in_convivenza,13
017041,Castelcovati,2020,popolazione_in_convivenza,12
017041,Castelcovati,2021,popolazione_in_convivenza,15
017041,Castelcovati,2022,popolazione_in_convivenza,10
017041,Castelcovati,2023,popolazione_in_convivenza,7
017041,Castelcovati,2024,popolazione_in_convivenza,15
017041,Castelcovati,2018,popolazione_in_famiglia,6537
017041,Castelcovati,2019,popolazione_in_famiglia,6621
017041,Castelcovati,2020,popolazione_in_famiglia,6671
017041,Castelcovati,2021,popolazione_in_famiglia,6770
017041,Castelcovati,2022,popolazione_in_famiglia,6865
017041,Castelcovati,2023,popolazione_in_famiglia,6922
017041,Castelcovati,2024,popolazione_in_famiglia,7044
017041,Castelcovati,2018,popolazione_residente,6550
017041,Castelcovati,2019,popolazione_residente,6634
017041,Castelcovati,2020,popolazione_residente,6683
017041,Castelcovati,2021,popolazione_residente,6785
017041,Castelcovati,2022,popolazione_residente,6875
017041,Castelcovati,2023,popolazione_residente,6929
017041,Castelcovati,2024,popolazione_residente,7059
017042,Castel Mella,2018,famiglie,4545
017042,Castel Mella,2019,famiglie,4581
017042,Castel Mella,2020,famiglie,4685
017042,Castel Mella,2021,famiglie,4681
017042,Castel Mella,2022,famiglie,4700
017042,Castel Mella,2023,famiglie,4725
017042,Castel Mella,2024,famiglie,4752
017042,Castel Mella,2018,popolazione_in_famiglia,10873
017042,Castel Mella,2019,popolazione_in_famiglia,10899
017042,Castel Mella,2020,popolazione_in_famiglia,10999
017042,Castel Mella,2021,popolazione_in_famiglia,10993
017042,Castel Mella,2022,popolazione_in_famiglia,10909
017042,Castel Mella,2023,popolazione_in_famiglia,10886
017042,Castel Mella,2024,popolazione_in_famiglia,10953
017042,Castel Mella,2018,popolazione_residente,10873
017042,Castel Mella,2019,popolazione_residente,10899
017042,Castel Mella,2020,popolazione_residente,10999
017042,Castel Mella,2021,popolazione_residente,10993
017042,Castel Mella,2022,popolazione_residente,10909
017042,Castel Mella,2023,popolazione_residente,10886
017042,Castel Mella,2024,popolazione_residente,10953
017043,Castenedolo,2018,famiglie,4723
017043,Castenedolo,2019,famiglie,4778
017043,Castenedolo,2020,famiglie,4864
017043,Castenedolo,2021,famiglie,4862
017043,Castenedolo,2022,famiglie,4884
017043,Castenedolo,2023,famiglie,4930
017043,Castenedolo,2024,famiglie,4951
017043,Castenedolo,2018,popolazione_in_convivenza,43
017043,Castenedolo,2019,popolazione_in_convivenza,38
017043,Castenedolo,2020,popolazione_in_convivenza,27
017043,Castenedolo,2021,popolazione_in_convivenza,33
017043,Castenedolo,2022,popolazione_in_convivenza,32
017043,Castenedolo,2023,popolazione_in_convivenza,48
017043,Castenedolo,2024,popolazione_in_convivenza,55
017043,Castenedolo,2018,popolazione_in_famiglia,11366
017043,Castenedolo,2019,popolazione_in_famiglia,11437
017043,Castenedolo,2020,popolazione_in_famiglia,11503
017043,Castenedolo,2021,popolazione_in_famiglia,11520
017043,Castenedolo,2022,popolazione_in_famiglia,11564
017043,Castenedolo,2023,popolazione_in_famiglia,11661
017043,Castenedolo,2024,popolazione_in_famiglia,11632
017043,Castenedolo,2018,popolazione_residente,11409
017043,Castenedolo,2019,popolazione_residente,11475
017043,Castenedolo,2020,popolazione_residente,11530
017043,Castenedolo,2021,popolazione_residente,11553
017043,Castenedolo,2022,popolazione_residente,11596
017043,Castenedolo,2023,popolazione_residente,11709
017043,Castenedolo,2024,popolazione_residente,11687
017044,Casto,2018,famiglie,653
017044,Casto,2019,famiglie,646
017044,Casto,2020,famiglie,641
017044,Casto,2021,famiglie,645
017044,Casto,2022,famiglie,637
017044,Casto,2023,famiglie,656
017044,Casto,2024,famiglie,650
017044,Casto,2018,popolazione_in_famiglia,1698
017044,Casto,2019,popolazione_in_famiglia,1669
017044,Casto,2020,popolazione_in_famiglia,1637
017044,Casto,2021,popolazione_in_famiglia,1625
017044,Casto,2022,popolazione_in_famiglia,1607
017044,Casto,2023,popolazione_in_famiglia,1638
017044,Casto,2024,popolazione_in_famiglia,1616
017044,Casto,2018,popolazione_residente,1698
017044,Casto,2019,popolazione_residente,1669
017044,Casto,2020,popolazione_residente,1637
017044,Casto,2021,popolazione_residente,1625
017044,Casto,2022,popolazione_residente,1607
017044,Casto,2023,popolazione_residente,1638
017044,Casto,2024,popolazione_residente,1616
017045,Castrezzato,2018,famiglie,2700
017045,Castrezzato,2019,famiglie,2749
017045,Castrezzato,2020,famiglie,2801
017045,Castrezzato,2021,famiglie,2831
017045,Castrezzato,2022,famiglie,2896
017045,Castrezzato,2023,famiglie,2932
017045,Castrezzato,2024,famiglie,2975
017045,Castrezzato,2018,popolazione_in_convivenza,24
017045,Castrezzato,2019,popolazione_in_convivenza,21
017045,Castrezzato,2020,popolazione_in_convivenza,23
017045,Castrezzato,2021,popolazione_in_convivenza,21
017045,Castrezzato,2022,popolazione_in_convivenza,22
017045,Castrezzato,2023,popolazione_in_convivenza,21
017045,Castrezzato,2024,popolazione_in_convivenza,19
017045,Castrezzato,2018,popolazione_in_famiglia,7292
017045,Castrezzato,2019,popolazione_in_famiglia,7363
017045,Castrezzato,2020,popolazione_in_famiglia,7436
017045,Castrezzato,2021,popolazione_in_famiglia,7473
017045,Castrezzato,2022,popolazione_in_famiglia,7571
017045,Castrezzato,2023,popolazione_in_famiglia,7692
017045,Castrezzato,2024,popolazione_in_famiglia,7817
017045,Castrezzato,2018,popolazione_residente,7316
017045,Castrezzato,2019,popolazione_residente,7384
017045,Castrezzato,2020,popolazione_residente,7459
017045,Castrezzato,2021,popolazione_residente,7494
017045,Castrezzato,2022,popolazione_residente,7593
017045,Castrezzato,2023,popolazione_residente,7713
017045,Castrezzato,2024,popolazione_residente,7836
017046,Cazzago San Martino,2018,famiglie,4461
017046,Cazzago San Martino,2019,famiglie,4463
017046,Cazzago San Martino,2020,famiglie,4445
017046,Cazzago San Martino,2021,famiglie,4381
017046,Cazzago San Martino,2022,famiglie,4410
017046,Cazzago San Martino,2023,famiglie,4465
017046,Cazzago San Martino,2024,famiglie,4483
017046,Cazzago San Martino,2018,popolazione_in_convivenza,20
017046,Cazzago San Martino,2019,popolazione_in_convivenza,17
017046,Cazzago San Martino,2020,popolazione_in_convivenza,9
017046,Cazzago San Martino,2021,popolazione_in_convivenza,7
017046,Cazzago San Martino,2022,popolazione_in_convivenza,4
017046,Cazzago San Martino,2023,popolazione_in_convivenza,6
017046,Cazzago San Martino,2024,popolazione_in_convivenza,6
017046,Cazzago San Martino,2018,popolazione_in_famiglia,11017
017046,Cazzago San Martino,2019,popolazione_in_famiglia,11033
017046,Cazzago San Martino,2020,popolazione_in_famiglia,10830
017046,Cazzago San Martino,2021,popolazione_in_famiglia,10742
017046,Cazzago San Martino,2022,popolazione_in_famiglia,10700
017046,Cazzago San Martino,2023,popolazione_in_famiglia,10790
017046,Cazzago San Martino,2024,popolazione_in_famiglia,10781
017046,Cazzago San Martino,2018,popolazione_residente,11037
017046,Cazzago San Martino,2019,popolazione_residente,11050
017046,Cazzago San Martino,2020,popolazione_residente,10839
017046,Cazzago San Martino,2021,popolazione_residente,10749
017046,Cazzago San Martino,2022,popolazione_residente,10704
017046,Cazzago San Martino,2023,popolazione_residente,10796
017046,Cazzago San Martino,2024,popolazione_residente,10787
017047,Cedegolo,2018,famiglie,547
017047,Cedegolo,2019,famiglie,542
017047,Cedegolo,2020,famiglie,525
017047,Cedegolo,2021,famiglie,518
017047,Cedegolo,2022,famiglie,521
017047,Cedegolo,2023,famiglie,524
017047,Cedegolo,2024,famiglie,536
017047,Cedegolo,2019,popolazione_in_convivenza,1
017047,Cedegolo,2020,popolazione_in_convivenza,1
017047,Cedegolo,2021,popolazione_in_convivenza,1
017047,Cedegolo,2022,popolazione_in_convivenza,1
017047,Cedegolo,2023,popolazione_in_convivenza,1
017047,Cedegolo,2018,popolazione_in_famiglia,1149
017047,Cedegolo,2019,popolazione_in_famiglia,1139
017047,Cedegolo,2020,popolazione_in_famiglia,1095
017047,Cedegolo,2021,popolazione_in_famiglia,1097
017047,Cedegolo,2022,popolazione_in_famiglia,1094
017047,Cedegolo,2023,popolazione_in_famiglia,1108
017047,Cedegolo,2024,popolazione_in_famiglia,1124
017047,Cedegolo,2018,popolazione_residente,1149
017047,Cedegolo,2019,popolazione_residente,1140
017047,Cedegolo,2020,popolazione_residente,1096
017047,Cedegolo,2021,popolazione_residente,1098
017047,Cedegolo,2022,popolazione_residente,1095
017047,Cedegolo,2023,popolazione_residente,1109
017047,Cedegolo,2024,popolazione_residente,1124
017048,Cellatica,2018,famiglie,2085
017048,Cellatica,2019,famiglie,2102
017048,Cellatica,2020,famiglie,2145
017048,Cellatica,2021,famiglie,2111
017048,Cellatica,2022,famiglie,2112
017048,Cellatica,2023,famiglie,2123
017048,Cellatica,2024,famiglie,2123
017048,Cellatica,2018,popolazione_in_convivenza,4
017048,Cellatica,2019,popolazione_in_convivenza,9
017048,Cellatica,2020,popolazione_in_convivenza,11
017048,Cellatica,2021,popolazione_in_convivenza,11
017048,Cellatica,2022,popolazione_in_convivenza,14
017048,Cellatica,2023,popolazione_in_convivenza,18
017048,Cellatica,2024,popolazione_in_convivenza,9
017048,Cellatica,2018,popolazione_in_famiglia,4845
017048,Cellatica,2019,popolazione_in_famiglia,4842
017048,Cellatica,2020,popolazione_in_famiglia,4890
017048,Cellatica,2021,popolazione_in_famiglia,4851
017048,Cellatica,2022,popolazione_in_famiglia,4845
017048,Cellatica,2023,popolazione_in_famiglia,4827
017048,Cellatica,2024,popolazione_in_famiglia,4861
017048,Cellatica,2018,popolazione_residente,4849
017048,Cellatica,2019,popolazione_residente,4851
017048,Cellatica,2020,popolazione_residente,4901
017048,Cellatica,2021,popolazione_residente,4862
017048,Cellatica,2022,popolazione_residente,4859
017048,Cellatica,2023,popolazione_residente,4845
017048,Cellatica,2024,popolazione_residente,4870
017049,Cerveno,2018,famiglie,303
017049,Cerveno,2019,famiglie,297
017049,Cerveno,2020,famiglie,298
017049,Cerveno,2021,famiglie,302
017049,Cerveno,2022,famiglie,303
017049,Cerveno,2023,famiglie,312
017049,Cerveno,2024,famiglie,315
017049,Cerveno,2018,popolazione_in_convivenza,3
017049,Cerveno,2019,popolazione_in_convivenza,4
017049,Cerveno,2018,popolazione_in_famiglia,669
017049,Cerveno,2019,popolazione_in_famiglia,653
017049,Cerveno,2020,popolazione_in_famiglia,652
017049,Cerveno,2021,popolazione_in_famiglia,657
017049,Cerveno,2022,popolazione_in_famiglia,659
017049,Cerveno,2023,popolazione_in_famiglia,693
017049,Cerveno,2024,popolazione_in_famiglia,694
017049,Cerveno,2018,popolazione_residente,672
017049,Cerveno,2019,popolazione_residente,657
017049,Cerveno,2020,popolazione_residente,652
017049,Cerveno,2021,popolazione_residente,657
017049,Cerveno,2022,popolazione_residente,659
017049,Cerveno,2023,popolazione_residente,693
017049,Cerveno,2024,popolazione_residente,694
017050,Ceto,2018,famiglie,773
017050,Ceto,2019,famiglie,760
017050,Ceto,2020,famiglie,768
017050,Ceto,2021,famiglie,767
017050,Ceto,2022,famiglie,769
017050,Ceto,2023,famiglie,776
017050,Ceto,2024,famiglie,784
017050,Ceto,2018,popolazione_in_famiglia,1853
017050,Ceto,2019,popolazione_in_famiglia,1803
017050,Ceto,2020,popolazione_in_famiglia,1793
017050,Ceto,2021,popolazione_in_famiglia,1788
017050,Ceto,2022,popolazione_in_famiglia,1773
017050,Ceto,2023,popolazione_in_famiglia,1768
017050,Ceto,2024,popolazione_in_famiglia,1770
017050,Ceto,2018,popolazione_residente,1853
017050,Ceto,2019,popolazione_residente,1803
017050,Ceto,2020,popolazione_residente,1793
017050,Ceto,2021,popolazione_residente,1788
017050,Ceto,2022,popolazione_residente,1773
017050,Ceto,2023,popolazione_residente,1768
017050,Ceto,2024,popolazione_residente,1770
017051,Cevo,2018,famiglie,438
017051,Cevo,2019,famiglie,442
017051,Cevo,2020,famiglie,438
017051,Cevo,2021,famiglie,424
017051,Cevo,2022,famiglie,418
017051,Cevo,2023,famiglie,419
017051,Cevo,2024,famiglie,421
017051,Cevo,2018,popolazione_in_convivenza,1
017051,Cevo,2019,popolazione_in_convivenza,1
017051,Cevo,2020,popolazione_in_convivenza,1
017051,Cevo,2021,popolazione_in_convivenza,1
017051,Cevo,2022,popolazione_in_convivenza,1
017051,Cevo,2023,popolazione_in_convivenza,1
017051,Cevo,2018,popolazione_in_famiglia,854
017051,Cevo,2019,popolazione_in_famiglia,841
017051,Cevo,2020,popolazione_in_famiglia,830
017051,Cevo,2021,popolazione_in_famiglia,819
017051,Cevo,2022,popolazione_in_famiglia,815
017051,Cevo,2023,popolazione_in_famiglia,801
017051,Cevo,2024,popolazione_in_famiglia,792
017051,Cevo,2018,popolazione_residente,855
017051,Cevo,2019,popolazione_residente,842
017051,Cevo,2020,popolazione_residente,831
017051,Cevo,2021,popolazione_residente,820
017051,Cevo,2022,popolazione_residente,816
017051,Cevo,2023,popolazione_residente,802
017051,Cevo,2024,popolazione_residente,792
017052,Chiari,2018,famiglie,7742
017052,Chiari,2019,famiglie,7835
017052,Chiari,2020,famiglie,7886
017052,Chiari,2021,famiglie,7929
017052,Chiari,2022,famiglie,7962
017052,Chiari,2023,famiglie,8033
017052,Chiari,2024,famiglie,8132
017052,Chiari,2018,popolazione_in_convivenza,125
017052,Chiari,2019,popolazione_in_convivenza,117
017052,Chiari,2020,popolazione_in_convivenza,102
017052,Chiari,2021,popolazione_in_convivenza,92
017052,Chiari,2022,popolazione_in_convivenza,89
017052,Chiari,2023,popolazione_in_convivenza,102
017052,Chiari,2024,popolazione_in_convivenza,98
017052,Chiari,2018,popolazione_in_famiglia,18931
017052,Chiari,2019,popolazione_in_famiglia,19118
017052,Chiari,2020,popolazione_in_famiglia,18992
017052,Chiari,2021,popolazione_in_famiglia,19039
017052,Chiari,2022,popolazione_in_famiglia,19136
017052,Chiari,2023,popolazione_in_famiglia,19245
017052,Chiari,2024,popolazione_in_famiglia,19454
017052,Chiari,2018,popolazione_residente,19056
017052,Chiari,2019,popolazione_residente,19235
017052,Chiari,2020,popolazione_residente,19094
017052,Chiari,2021,popolazione_residente,19131
017052,Chiari,2022,popolazione_residente,19225
017052,Chiari,2023,popolazione_residente,19347
017052,Chiari,2024,popolazione_residente,19552
017053,Cigole,2018,famiglie,624
017053,Cigole,2019,famiglie,617
017053,Cigole,2020,famiglie,613
017053,Cigole,2021,famiglie,602
017053,Cigole,2022,famiglie,612
017053,Cigole,2023,famiglie,627
017053,Cigole,2024,famiglie,613
017053,Cigole,2018,popolazione_in_convivenza,2
017053,Cigole,2019,popolazione_in_convivenza,4
017053,Cigole,2020,popolazione_in_convivenza,4
017053,Cigole,2021,popolazione_in_convivenza,4
017053,Cigole,2022,popolazione_in_convivenza,5
017053,Cigole,2023,popolazione_in_convivenza,5
017053,Cigole,2024,popolazione_in_convivenza,6
017053,Cigole,2018,popolazione_in_famiglia,1540
017053,Cigole,2019,popolazione_in_famiglia,1516
017053,Cigole,2020,popolazione_in_famiglia,1473
017053,Cigole,2021,popolazione_in_famiglia,1437
017053,Cigole,2022,popolazione_in_famiglia,1448
017053,Cigole,2023,popolazione_in_famiglia,1480
017053,Cigole,2024,popolazione_in_famiglia,1466
017053,Cigole,2018,popolazione_residente,1542
017053,Cigole,2019,popolazione_residente,1520
017053,Cigole,2020,popolazione_residente,1477
017053,Cigole,2021,popolazione_residente,1441
017053,Cigole,2022,popolazione_residente,1453
017053,Cigole,2023,popolazione_residente,1485
017053,Cigole,2024,popolazione_residente,1472
017054,Cimbergo,2018,famiglie,257
017054,Cimbergo,2019,famiglie,266
017054,Cimbergo,2020,famiglie,260
017054,Cimbergo,2021,famiglie,263
017054,Cimbergo,2022,famiglie,263
017054,Cimbergo,2023,famiglie,264
017054,Cimbergo,2024,famiglie,266
017054,Cimbergo,2018,popolazione_in_famiglia,537
017054,Cimbergo,2019,popolazione_in_famiglia,534
017054,Cimbergo,2020,popolazione_in_famiglia,534
017054,Cimbergo,2021,popolazione_in_famiglia,543
017054,Cimbergo,2022,popolazione_in_famiglia,533
017054,Cimbergo,2023,popolazione_in_famiglia,535
017054,Cimbergo,2024,popolazione_in_famiglia,538
017054,Cimbergo,2018,popolazione_residente,537
017054,Cimbergo,2019,popolazione_residente,534
017054,Cimbergo,2020,popolazione_residente,534
017054,Cimbergo,2021,popolazione_residente,543
017054,Cimbergo,2022,popolazione_residente,533
017054,Cimbergo,2023,popolazione_residente,535
017054,Cimbergo,2024,popolazione_residente,538
017055,Cividate Camuno,2018,famiglie,1137
017055,Cividate Camuno,2019,famiglie,1137
017055,Cividate Camuno,2020,famiglie,1144
017055,Cividate Camuno,2021,famiglie,1129
017055,Cividate Camuno,2022,famiglie,1135
017055,Cividate Camuno,2023,famiglie,1142
017055,Cividate Camuno,2024,famiglie,1144
017055,Cividate Camuno,2018,popolazione_in_famiglia,2740
017055,Cividate Camuno,2019,popolazione_in_famiglia,2727
017055,Cividate Camuno,2020,popolazione_in_famiglia,2725
017055,Cividate Camuno,2021,popolazione_in_famiglia,2655
017055,Cividate Camuno,2022,popolazione_in_famiglia,2656
017055,Cividate Camuno,2023,popolazione_in_famiglia,2677
017055,Cividate Camuno,2024,popolazione_in_famiglia,2655
017055,Cividate Camuno,2018,popolazione_residente,2740
017055,Cividate Camuno,2019,popolazione_residente,2727
017055,Cividate Camuno,2020,popolazione_residente,2725
017055,Cividate Camuno,2021,popolazione_residente,2655
017055,Cividate Camuno,2022,popolazione_residente,2656
017055,Cividate Camuno,2023,popolazione_residente,2677
017055,Cividate Camuno,2024,popolazione_residente,2655
017056,Coccaglio,2018,famiglie,3404
017056,Coccaglio,2019,famiglie,3443
017056,Coccaglio,2020,famiglie,3486
017056,Coccaglio,2021,famiglie,3507
017056,Coccaglio,2022,famiglie,3526
017056,Coccaglio,2023,famiglie,3559
017056,Coccaglio,2024,famiglie,3595
017056,Coccaglio,2018,popolazione_in_convivenza,37
017056,Coccaglio,2019,popolazione_in_convivenza,41
017056,Coccaglio,2020,popolazione_in_convivenza,39
017056,Coccaglio,2021,popolazione_in_convivenza,40
017056,Coccaglio,2022,popolazione_in_convivenza,42
017056,Coccaglio,2023,popolazione_in_convivenza,44
017056,Coccaglio,2024,popolazione_in_convivenza,37
017056,Coccaglio,2018,popolazione_in_famiglia,8620
017056,Coccaglio,2019,popolazione_in_famiglia,8712
017056,Coccaglio,2020,popolazione_in_famiglia,8677
017056,Coccaglio,2021,popolazione_in_famiglia,8688
017056,Coccaglio,2022,popolazione_in_famiglia,8729
017056,Coccaglio,2023,popolazione_in_famiglia,8783
017056,Coccaglio,2024,popolazione_in_famiglia,8822
017056,Coccaglio,2018,popolazione_residente,8657
017056,Coccaglio,2019,popolazione_residente,8753
017056,Coccaglio,2020,popolazione_residente,8716
017056,Coccaglio,2021,popolazione_residente,8728
017056,Coccaglio,2022,popolazione_residente,8771
017056,Coccaglio,2023,popolazione_residente,8827
017056,Coccaglio,2024,popolazione_residente,8859
017057,Collebeato,2018,famiglie,2021
017057,Collebeato,2019,famiglie,2012
017057,Collebeato,2020,famiglie,2027
017057,Collebeato,2021,famiglie,2008
017057,Collebeato,2022,famiglie,2014
017057,Collebeato,2023,famiglie,2026
017057,Collebeato,2024,famiglie,2064
017057,Collebeato,2018,popolazione_in_convivenza,33
017057,Collebeato,2019,popolazione_in_convivenza,32
017057,Collebeato,2020,popolazione_in_convivenza,33
017057,Collebeato,2021,popolazione_in_convivenza,33
017057,Collebeato,2022,popolazione_in_convivenza,33
017057,Collebeato,2023,popolazione_in_convivenza,42
017057,Collebeato,2024,popolazione_in_convivenza,37
017057,Collebeato,2018,popolazione_in_famiglia,4610
017057,Collebeato,2019,popolazione_in_famiglia,4565
017057,Collebeato,2020,popolazione_in_famiglia,4505
017057,Collebeato,2021,popolazione_in_famiglia,4446
017057,Collebeato,2022,popolazione_in_famiglia,4421
017057,Collebeato,2023,popolazione_in_famiglia,4394
017057,Collebeato,2024,popolazione_in_famiglia,4422
017057,Collebeato,2018,popolazione_residente,4643
017057,Collebeato,2019,popolazione_residente,4597
017057,Collebeato,2020,popolazione_residente,4538
017057,Collebeato,2021,popolazione_residente,4479
017057,Collebeato,2022,popolazione_residente,4454
017057,Collebeato,2023,popolazione_residente,4436
017057,Collebeato,2024,popolazione_residente,4459
017058,Collio,2018,famiglie,1037
017058,Collio,2019,famiglie,1045
017058,Collio,2020,famiglie,1065
017058,Collio,2021,famiglie,1054
017058,Collio,2022,famiglie,1034
017058,Collio,2023,famiglie,1043
017058,Collio,2024,famiglie,1046
017058,Collio,2018,popolazione_in_convivenza,3
017058,Collio,2019,popolazione_in_convivenza,3
017058,Collio,2020,popolazione_in_convivenza,2
017058,Collio,2021,popolazione_in_convivenza,4
017058,Collio,2023,popolazione_in_convivenza,2
017058,Collio,2024,popolazione_in_convivenza,1
017058,Collio,2018,popolazione_in_famiglia,2057
017058,Collio,2019,popolazione_in_famiglia,2031
017058,Collio,2020,popolazione_in_famiglia,2054
017058,Collio,2021,popolazione_in_famiglia,2037
017058,Collio,2022,popolazione_in_famiglia,1991
017058,Collio,2023,popolazione_in_famiglia,1992
017058,Collio,2024,popolazione_in_famiglia,1974
017058,Collio,2018,popolazione_residente,2060
017058,Collio,2019,popolazione_residente,2034
017058,Collio,2020,popolazione_residente,2056
017058,Collio,2021,popolazione_residente,2041
017058,Collio,2022,popolazione_residente,1991
017058,Collio,2023,popolazione_residente,1994
017058,Collio,2024,popolazione_residente,1975
017059,Cologne,2018,famiglie,2928
017059,Cologne,2019,famiglie,2950
017059,Cologne,2020,famiglie,2983
017059,Cologne,2021,famiglie,3013
017059,Cologne,2022,famiglie,3050
017059,Cologne,2023,famiglie,3066
017059,Cologne,2024,famiglie,3087
017059,Cologne,2018,popolazione_in_convivenza,58
017059,Cologne,2019,popolazione_in_convivenza,70
017059,Cologne,2020,popolazione_in_convivenza,78
017059,Cologne,2021,popolazione_in_convivenza,65
017059,Cologne,2022,popolazione_in_convivenza,69
017059,Cologne,2023,popolazione_in_convivenza,55
017059,Cologne,2024,popolazione_in_convivenza,46
017059,Cologne,2018,popolazione_in_famiglia,7453
017059,Cologne,2019,popolazione_in_famiglia,7463
017059,Cologne,2020,popolazione_in_famiglia,7439
017059,Cologne,2021,popolazione_in_famiglia,7497
017059,Cologne,2022,popolazione_in_famiglia,7533
017059,Cologne,2023,popolazione_in_famiglia,7552
017059,Cologne,2024,popolazione_in_famiglia,7565
017059,Cologne,2018,popolazione_residente,7511
017059,Cologne,2019,popolazione_residente,7533
017059,Cologne,2020,popolazione_residente,7517
017059,Cologne,2021,popolazione_residente,7562
017059,Cologne,2022,popolazione_residente,7602
017059,Cologne,2023,popolazione_residente,7607
017059,Cologne,2024,popolazione_residente,7611
017060,Comezzano-Cizzago,2018,famiglie,1422
017060,Comezzano-Cizzago,2019,famiglie,1431
017060,Comezzano-Cizzago,2020,famiglie,1457
017060,Comezzano-Cizzago,2021,famiglie,1463
017060,Comezzano-Cizzago,2022,famiglie,1494
017060,Comezzano-Cizzago,2023,famiglie,1507
017060,Comezzano-Cizzago,2024,famiglie,1517
017060,Comezzano-Cizzago,2018,popolazione_in_convivenza,4
017060,Comezzano-Cizzago,2018,popolazione_in_famiglia,3989
017060,Comezzano-Cizzago,2019,popolazione_in_famiglia,3983
017060,Comezzano-Cizzago,2020,popolazione_in_famiglia,4009
017060,Comezzano-Cizzago,2021,popolazione_in_famiglia,4029
017060,Comezzano-Cizzago,2022,popolazione_in_famiglia,4102
017060,Comezzano-Cizzago,2023,popolazione_in_famiglia,4150
017060,Comezzano-Cizzago,2024,popolazione_in_famiglia,4177
017060,Comezzano-Cizzago,2018,popolazione_residente,3993
017060,Comezzano-Cizzago,2019,popolazione_residente,3983
017060,Comezzano-Cizzago,2020,popolazione_residente,4009
017060,Comezzano-Cizzago,2021,popolazione_residente,4029
017060,Comezzano-Cizzago,2022,popolazione_residente,4102
017060,Comezzano-Cizzago,2023,popolazione_residente,4150
017060,Comezzano-Cizzago,2024,popolazione_residente,4177
017061,Concesio,2018,famiglie,6720
017061,Concesio,2019,famiglie,6798
017061,Concesio,2020,famiglie,6916
017061,Concesio,2021,famiglie,6933
017061,Concesio,2022,famiglie,6975
017061,Concesio,2023,famiglie,7017
017061,Concesio,2024,famiglie,7020
017061,Concesio,2018,popolazione_in_convivenza,42
017061,Concesio,2019,popolazione_in_convivenza,41
017061,Concesio,2020,popolazione_in_convivenza,31
017061,Concesio,2021,popolazione_in_convivenza,26
017061,Concesio,2022,popolazione_in_convivenza,27
017061,Concesio,2023,popolazione_in_convivenza,38
017061,Concesio,2024,popolazione_in_convivenza,47
017061,Concesio,2018,popolazione_in_famiglia,15440
017061,Concesio,2019,popolazione_in_famiglia,15529
017061,Concesio,2020,popolazione_in_famiglia,15613
017061,Concesio,2021,popolazione_in_famiglia,15597
017061,Concesio,2022,popolazione_in_famiglia,15671
017061,Concesio,2023,popolazione_in_famiglia,15623
017061,Concesio,2024,popolazione_in_famiglia,15623
017061,Concesio,2018,popolazione_residente,15482
017061,Concesio,2019,popolazione_residente,15570
017061,Concesio,2020,popolazione_residente,15644
017061,Concesio,2021,popolazione_residente,15623
017061,Concesio,2022,popolazione_residente,15698
017061,Concesio,2023,popolazione_residente,15661
017061,Concesio,2024,popolazione_residente,15670
017062,Corte Franca,2018,famiglie,2918
017062,Corte Franca,2019,famiglie,2956
017062,Corte Franca,2020,famiglie,2976
017062,Corte Franca,2021,famiglie,3010
017062,Corte Franca,2022,famiglie,3032
017062,Corte Franca,2023,famiglie,3034
017062,Corte Franca,2024,famiglie,3061
017062,Corte Franca,2018,popolazione_in_convivenza,17
017062,Corte Franca,2019,popolazione_in_convivenza,16
017062,Corte Franca,2020,popolazione_in_convivenza,7
017062,Corte Franca,2021,popolazione_in_convivenza,2
017062,Corte Franca,2018,popolazione_in_famiglia,7138
017062,Corte Franca,2019,popolazione_in_famiglia,7152
017062,Corte Franca,2020,popolazione_in_famiglia,7063
017062,Corte Franca,2021,popolazione_in_famiglia,7145
017062,Corte Franca,2022,popolazione_in_famiglia,7173
017062,Corte Franca,2023,popolazione_in_famiglia,7176
017062,Corte Franca,2024,popolazione_in_famiglia,7179
017062,Corte Franca,2018,popolazione_residente,7155
017062,Corte Franca,2019,popolazione_residente,7168
017062,Corte Franca,2020,popolazione_residente,7070
017062,Corte Franca,2021,popolazione_residente,7147
017062,Corte Franca,2022,popolazione_residente,7173
017062,Corte Franca,2023,popolazione_residente,7176
017062,Corte Franca,2024,popolazione_residente,7179
017063,Corteno Golgi,2018,famiglie,900
017063,Corteno Golgi,2019,famiglie,894
017063,Corteno Golgi,2020,famiglie,895
017063,Corteno Golgi,2021,famiglie,899
017063,Corteno Golgi,2022,famiglie,901
017063,Corteno Golgi,2023,famiglie,920
017063,Corteno Golgi,2024,famiglie,921
017063,Corteno Golgi,2018,popolazione_in_convivenza,9
017063,Corteno Golgi,2019,popolazione_in_convivenza,3
017063,Corteno Golgi,2020,popolazione_in_convivenza,3
017063,Corteno Golgi,2021,popolazione_in_convivenza,8
017063,Corteno Golgi,2022,popolazione_in_convivenza,5
017063,Corteno Golgi,2023,popolazione_in_convivenza,5
017063,Corteno Golgi,2024,popolazione_in_convivenza,5
017063,Corteno Golgi,2018,popolazione_in_famiglia,1947
017063,Corteno Golgi,2019,popolazione_in_famiglia,1925
017063,Corteno Golgi,2020,popolazione_in_famiglia,1906
017063,Corteno Golgi,2021,popolazione_in_famiglia,1914
017063,Corteno Golgi,2022,popolazione_in_famiglia,1905
017063,Corteno Golgi,2023,popolazione_in_famiglia,1903
017063,Corteno Golgi,2024,popolazione_in_famiglia,1891
017063,Corteno Golgi,2018,popolazione_residente,1956
017063,Corteno Golgi,2019,popolazione_residente,1928
017063,Corteno Golgi,2020,popolazione_residente,1909
017063,Corteno Golgi,2021,popolazione_residente,1922
017063,Corteno Golgi,2022,popolazione_residente,1910
017063,Corteno Golgi,2023,popolazione_residente,1908
017063,Corteno Golgi,2024,popolazione_residente,1896
017064,Corzano,2018,famiglie,561
017064,Corzano,2019,famiglie,558
017064,Corzano,2020,famiglie,577
017064,Corzano,2021,famiglie,579
017064,Corzano,2022,famiglie,593
017064,Corzano,2023,famiglie,597
017064,Corzano,2024,famiglie,632
017064,Corzano,2021,popolazione_in_convivenza,1
017064,Corzano,2018,popolazione_in_famiglia,1411
017064,Corzano,2019,popolazione_in_famiglia,1409
017064,Corzano,2020,popolazione_in_famiglia,1417
017064,Corzano,2021,popolazione_in_famiglia,1418
017064,Corzano,2022,popolazione_in_famiglia,1429
017064,Corzano,2023,popolazione_in_famiglia,1440
017064,Corzano,2024,popolazione_in_famiglia,1529
017064,Corzano,2018,popolazione_residente,1411
017064,Corzano,2019,popolazione_residente,1409
017064,Corzano,2020,popolazione_residente,1417
017064,Corzano,2021,popolazione_residente,1419
017064,Corzano,2022,popolazione_residente,1429
017064,Corzano,2023,popolazione_residente,1440
017064,Corzano,2024,popolazione_residente,1529
017065,Darfo Boario Terme,2018,famiglie,6792
017065,Darfo Boario Terme,2019,famiglie,6768
017065,Darfo Boario Terme,2020,famiglie,6774
017065,Darfo Boario Terme,2021,famiglie,6735
017065,Darfo Boario Terme,2022,famiglie,6814
017065,Darfo Boario Terme,2023,famiglie,6858
017065,Darfo Boario Terme,2024,famiglie,6916
017065,Darfo Boario Terme,2018,popolazione_in_convivenza,179
017065,Darfo Boario Terme,2019,popolazione_in_convivenza,176
017065,Darfo Boario Terme,2020,popolazione_in_convivenza,171
017065,Darfo Boario Terme,2021,popolazione_in_convivenza,173
017065,Darfo Boario Terme,2022,popolazione_in_convivenza,174
017065,Darfo Boario Terme,2023,popolazione_in_convivenza,210
017065,Darfo Boario Terme,2024,popolazione_in_convivenza,243
017065,Darfo Boario Terme,2018,popolazione_in_famiglia,15557
017065,Darfo Boario Terme,2019,popolazione_in_famiglia,15512
017065,Darfo Boario Terme,2020,popolazione_in_famiglia,15373
017065,Darfo Boario Terme,2021,popolazione_in_famiglia,15373
017065,Darfo Boario Terme,2022,popolazione_in_famiglia,15481
017065,Darfo Boario Terme,2023,popolazione_in_famiglia,15538
017065,Darfo Boario Terme,2024,popolazione_in_famiglia,15634
017065,Darfo Boario Terme,2018,popolazione_residente,15736
017065,Darfo Boario Terme,2019,popolazione_residente,15688
017065,Darfo Boario Terme,2020,popolazione_residente,15544
017065,Darfo Boario Terme,2021,popolazione_residente,15546
017065,Darfo Boario Terme,2022,popolazione_residente,15655
017065,Darfo Boario Terme,2023,popolazione_residente,15748
017065,Darfo Boario Terme,2024,popolazione_residente,15877
017066,Dello,2018,famiglie,2246
017066,Dello,2019,famiglie,2250
017066,Dello,2020,famiglie,2287
017066,Dello,2021,famiglie,2306
017066,Dello,2022,famiglie,2333
017066,Dello,2023,famiglie,2350
017066,Dello,2024,famiglie,2353
017066,Dello,2018,popolazione_in_convivenza,21
017066,Dello,2019,popolazione_in_convivenza,18
017066,Dello,2020,popolazione_in_convivenza,16
017066,Dello,2021,popolazione_in_convivenza,18
017066,Dello,2022,popolazione_in_convivenza,11
017066,Dello,2023,popolazione_in_convivenza,12
017066,Dello,2024,popolazione_in_convivenza,10
017066,Dello,2018,popolazione_in_famiglia,5541
017066,Dello,2019,popolazione_in_famiglia,5526
017066,Dello,2020,popolazione_in_famiglia,5530
017066,Dello,2021,popolazione_in_famiglia,5560
017066,Dello,2022,popolazione_in_famiglia,5608
017066,Dello,2023,popolazione_in_famiglia,5644
017066,Dello,2024,popolazione_in_famiglia,5665
017066,Dello,2018,popolazione_residente,5562
017066,Dello,2019,popolazione_residente,5544
017066,Dello,2020,popolazione_residente,5546
017066,Dello,2021,popolazione_residente,5578
017066,Dello,2022,popolazione_residente,5619
017066,Dello,2023,popolazione_residente,5656
017066,Dello,2024,popolazione_residente,5675
017067,Desenzano del Garda,2018,famiglie,13628
017067,Desenzano del Garda,2019,famiglie,13810
017067,Desenzano del Garda,2020,famiglie,14025
017067,Desenzano del Garda,2021,famiglie,13887
017067,Desenzano del Garda,2022,famiglie,13979
017067,Desenzano del Garda,2023,famiglie,14074
017067,Desenzano del Garda,2024,famiglie,14195
017067,Desenzano del Garda,2018,popolazione_in_convivenza,166
017067,Desenzano del Garda,2019,popolazione_in_convivenza,155
017067,Desenzano del Garda,2020,popolazione_in_convivenza,142
017067,Desenzano del Garda,2021,popolazione_in_convivenza,158
017067,Desenzano del Garda,2022,popolazione_in_convivenza,143
017067,Desenzano del Garda,2023,popolazione_in_convivenza,161
017067,Desenzano del Garda,2024,popolazione_in_convivenza,149
017067,Desenzano del Garda,2018,popolazione_in_famiglia,28836
017067,Desenzano del Garda,2019,popolazione_in_famiglia,29095
017067,Desenzano del Garda,2020,popolazione_in_famiglia,29066
017067,Desenzano del Garda,2021,popolazione_in_famiglia,28935
017067,Desenzano del Garda,2022,popolazione_in_famiglia,29054
017067,Desenzano del Garda,2023,popolazione_in_famiglia,29094
017067,Desenzano del Garda,2024,popolazione_in_famiglia,29164
017067,Desenzano del Garda,2018,popolazione_residente,29002
017067,Desenzano del Garda,2019,popolazione_residente,29250
017067,Desenzano del Garda,2020,popolazione_residente,29208
017067,Desenzano del Garda,2021,popolazione_residente,29093
017067,Desenzano del Garda,2022,popolazione_residente,29197
017067,Desenzano del Garda,2023,popolazione_residente,29255
017067,Desenzano del Garda,2024,popolazione_residente,29313
017068,Edolo,2018,famiglie,2069
017068,Edolo,2019,famiglie,2060
017068,Edolo,2020,famiglie,2067
017068,Edolo,2021,famiglie,2069
017068,Edolo,2022,famiglie,2068
017068,Edolo,2023,famiglie,2069
017068,Edolo,2024,famiglie,2089
017068,Edolo,2018,popolazione_in_convivenza,62
017068,Edolo,2019,popolazione_in_convivenza,55
017068,Edolo,2020,popolazione_in_convivenza,67
017068,Edolo,2021,popolazione_in_convivenza,29
017068,Edolo,2022,popolazione_in_convivenza,29
017068,Edolo,2023,popolazione_in_convivenza,29
017068,Edolo,2024,popolazione_in_convivenza,29
017068,Edolo,2018,popolazione_in_famiglia,4424
017068,Edolo,2019,popolazione_in_famiglia,4395
017068,Edolo,2020,popolazione_in_famiglia,4376
017068,Edolo,2021,popolazione_in_famiglia,4382
017068,Edolo,2022,popolazione_in_famiglia,4362
017068,Edolo,2023,popolazione_in_famiglia,4357
017068,Edolo,2024,popolazione_in_famiglia,4385
017068,Edolo,2018,popolazione_residente,4486
017068,Edolo,2019,popolazione_residente,4450
017068,Edolo,2020,popolazione_residente,4443
017068,Edolo,2021,popolazione_residente,4411
017068,Edolo,2022,popolazione_residente,4391
017068,Edolo,2023,popolazione_residente,4386
017068,Edolo,2024,popolazione_residente,4414
017069,Erbusco,2018,famiglie,3509
017069,Erbusco,2019,famiglie,3536
017069,Erbusco,2020,famiglie,3618
017069,Erbusco,2021,famiglie,3571
017069,Erbusco,2022,famiglie,3622
017069,Erbusco,2023,famiglie,3642
017069,Erbusco,2024,famiglie,3680
017069,Erbusco,2018,popolazione_in_convivenza,10
017069,Erbusco,2019,popolazione_in_convivenza,7
017069,Erbusco,2020,popolazione_in_convivenza,10
017069,Erbusco,2021,popolazione_in_convivenza,9
017069,Erbusco,2022,popolazione_in_convivenza,16
017069,Erbusco,2023,popolazione_in_convivenza,18
017069,Erbusco,2024,popolazione_in_convivenza,19
017069,Erbusco,2018,popolazione_in_famiglia,8546
017069,Erbusco,2019,popolazione_in_famiglia,8588
017069,Erbusco,2020,popolazione_in_famiglia,8698
017069,Erbusco,2021,popolazione_in_famiglia,8659
017069,Erbusco,2022,popolazione_in_famiglia,8755
017069,Erbusco,2023,popolazione_in_famiglia,8752
017069,Erbusco,2024,popolazione_in_famiglia,8823
017069,Erbusco,2018,popolazione_residente,8556
017069,Erbusco,2019,popolazione_residente,8595
017069,Erbusco,2020,popolazione_residente,8708
017069,Erbusco,2021,popolazione_residente,8668
017069,Erbusco,2022,popolazione_residente,8771
017069,Erbusco,2023,popolazione_residente,8770
017069,Erbusco,2024,popolazione_residente,8842
017070,Esine,2018,famiglie,2204
017070,Esine,2019,famiglie,2226
017070,Esine,2020,famiglie,2234
017070,Esine,2021,famiglie,2235
017070,Esine,2022,famiglie,2226
017070,Esine,2023,famiglie,2237
017070,Esine,2024,famiglie,2269
017070,Esine,2018,popolazione_in_convivenza,25
017070,Esine,2019,popolazione_in_convivenza,22
017070,Esine,2020,popolazione_in_convivenza,16
017070,Esine,2021,popolazione_in_convivenza,20
017070,Esine,2022,popolazione_in_convivenza,20
017070,Esine,2023,popolazione_in_convivenza,19
017070,Esine,2024,popolazione_in_convivenza,17
017070,Esine,2018,popolazione_in_famiglia,5192
017070,Esine,2019,popolazione_in_famiglia,5189
017070,Esine,2020,popolazione_in_famiglia,5141
017070,Esine,2021,popolazione_in_famiglia,5098
017070,Esine,2022,popolazione_in_famiglia,5034
017070,Esine,2023,popolazione_in_famiglia,5039
017070,Esine,2024,popolazione_in_famiglia,5025
017070,Esine,2018,popolazione_residente,5217
017070,Esine,2019,popolazione_residente,5211
017070,Esine,2020,popolazione_residente,5157
017070,Esine,2021,popolazione_residente,5118
017070,Esine,2022,popolazione_residente,5054
017070,Esine,2023,popolazione_residente,5058
017070,Esine,2024,popolazione_residente,5042
017071,Fiesse,2018,famiglie,778
017071,Fiesse,2019,famiglie,784
017071,Fiesse,2020,famiglie,784
017071,Fiesse,2021,famiglie,791
017071,Fiesse,2022,famiglie,788
017071,Fiesse,2023,famiglie,803
017071,Fiesse,2024,famiglie,820
017071,Fiesse,2018,popolazione_in_convivenza,11
017071,Fiesse,2019,popolazione_in_convivenza,10
017071,Fiesse,2020,popolazione_in_convivenza,10
017071,Fiesse,2021,popolazione_in_convivenza,9
017071,Fiesse,2022,popolazione_in_convivenza,1
017071,Fiesse,2023,popolazione_in_convivenza,1
017071,Fiesse,2024,popolazione_in_convivenza,25
017071,Fiesse,2018,popolazione_in_famiglia,2043
017071,Fiesse,2019,popolazione_in_famiglia,2002
017071,Fiesse,2020,popolazione_in_famiglia,1975
017071,Fiesse,2021,popolazione_in_famiglia,1994
017071,Fiesse,2022,popolazione_in_famiglia,1990
017071,Fiesse,2023,popolazione_in_famiglia,2021
017071,Fiesse,2024,popolazione_in_famiglia,2042
017071,Fiesse,2018,popolazione_residente,2054
017071,Fiesse,2019,popolazione_residente,2012
017071,Fiesse,2020,popolazione_residente,1985
017071,Fiesse,2021,popolazione_residente,2003
017071,Fiesse,2022,popolazione_residente,1991
017071,Fiesse,2023,popolazione_residente,2022
017071,Fiesse,2024,popolazione_residente,2067
017072,Flero,2018,famiglie,3699
017072,Flero,2019,famiglie,3723
017072,Flero,2020,famiglie,3808
017072,Flero,2021,famiglie,3795
017072,Flero,2022,famiglie,3797
017072,Flero,2023,famiglie,3817
017072,Flero,2024,famiglie,3809
017072,Flero,2018,popolazione_in_convivenza,13
017072,Flero,2019,popolazione_in_convivenza,6
017072,Flero,2020,popolazione_in_convivenza,8
017072,Flero,2021,popolazione_in_convivenza,3
017072,Flero,2023,popolazione_in_convivenza,18
017072,Flero,2024,popolazione_in_convivenza,36
017072,Flero,2018,popolazione_in_famiglia,8825
017072,Flero,2019,popolazione_in_famiglia,8828
017072,Flero,2020,popolazione_in_famiglia,8863
017072,Flero,2021,popolazione_in_famiglia,8805
017072,Flero,2022,popolazione_in_famiglia,8728
017072,Flero,2023,popolazione_in_famiglia,8726
017072,Flero,2024,popolazione_in_famiglia,8698
017072,Flero,2018,popolazione_residente,8838
017072,Flero,2019,popolazione_residente,8834
017072,Flero,2020,popolazione_residente,8871
017072,Flero,2021,popolazione_residente,8808
017072,Flero,2022,popolazione_residente,8728
017072,Flero,2023,popolazione_residente,8744
017072,Flero,2024,popolazione_residente,8734
017073,Gambara,2018,famiglie,1817
017073,Gambara,2019,famiglie,1818
017073,Gambara,2020,famiglie,1834
017073,Gambara,2021,famiglie,1844
017073,Gambara,2022,famiglie,1852
017073,Gambara,2023,famiglie,1866
017073,Gambara,2024,famiglie,1903
017073,Gambara,2018,popolazione_in_convivenza,96
017073,Gambara,2019,popolazione_in_convivenza,68
017073,Gambara,2020,popolazione_in_convivenza,56
017073,Gambara,2021,popolazione_in_convivenza,27
017073,Gambara,2022,popolazione_in_convivenza,16
017073,Gambara,2023,popolazione_in_convivenza,71
017073,Gambara,2024,popolazione_in_convivenza,165
017073,Gambara,2018,popolazione_in_famiglia,4579
017073,Gambara,2019,popolazione_in_famiglia,4588
017073,Gambara,2020,popolazione_in_famiglia,4504
017073,Gambara,2021,popolazione_in_famiglia,4522
017073,Gambara,2022,popolazione_in_famiglia,4523
017073,Gambara,2023,popolazione_in_famiglia,4496
017073,Gambara,2024,popolazione_in_famiglia,4557
017073,Gambara,2018,popolazione_residente,4675
017073,Gambara,2019,popolazione_residente,4656
017073,Gambara,2020,popolazione_residente,4560
017073,Gambara,2021,popolazione_residente,4549
017073,Gambara,2022,popolazione_residente,4539
017073,Gambara,2023,popolazione_residente,4567
017073,Gambara,2024,popolazione_residente,4722
017074,Gardone Riviera,2018,famiglie,1320
017074,Gardone Riviera,2019,famiglie,1332
017074,Gardone Riviera,2020,famiglie,1357
017074,Gardone Riviera,2021,famiglie,1323
017074,Gardone Riviera,2022,famiglie,1348
017074,Gardone Riviera,2023,famiglie,1347
017074,Gardone Riviera,2024,famiglie,1335
017074,Gardone Riviera,2018,popolazione_in_convivenza,11
017074,Gardone Riviera,2019,popolazione_in_convivenza,16
017074,Gardone Riviera,2020,popolazione_in_convivenza,13
017074,Gardone Riviera,2021,popolazione_in_convivenza,14
017074,Gardone Riviera,2022,popolazione_in_convivenza,12
017074,Gardone Riviera,2023,popolazione_in_convivenza,16
017074,Gardone Riviera,2024,popolazione_in_convivenza,18
017074,Gardone Riviera,2018,popolazione_in_famiglia,2630
017074,Gardone Riviera,2019,popolazione_in_famiglia,2614
017074,Gardone Riviera,2020,popolazione_in_famiglia,2629
017074,Gardone Riviera,2021,popolazione_in_famiglia,2594
017074,Gardone Riviera,2022,popolazione_in_famiglia,2619
017074,Gardone Riviera,2023,popolazione_in_famiglia,2601
017074,Gardone Riviera,2024,popolazione_in_famiglia,2575
017074,Gardone Riviera,2018,popolazione_residente,2641
017074,Gardone Riviera,2019,popolazione_residente,2630
017074,Gardone Riviera,2020,popolazione_residente,2642
017074,Gardone Riviera,2021,popolazione_residente,2608
017074,Gardone Riviera,2022,popolazione_residente,2631
017074,Gardone Riviera,2023,popolazione_residente,2617
017074,Gardone Riviera,2024,popolazione_residente,2593
017075,Gardone Val Trompia,2018,famiglie,4934
017075,Gardone Val Trompia,2019,famiglie,4946
017075,Gardone Val Trompia,2020,famiglie,4962
017075,Gardone Val Trompia,2021,famiglie,4968
017075,Gardone Val Trompia,2022,famiglie,5007
017075,Gardone Val Trompia,2023,famiglie,5049
017075,Gardone Val Trompia,2024,famiglie,5085
017075,Gardone Val Trompia,2018,popolazione_in_convivenza,62
017075,Gardone Val Trompia,2019,popolazione_in_convivenza,50
017075,Gardone Val Trompia,2020,popolazione_in_convivenza,63
017075,Gardone Val Trompia,2021,popolazione_in_convivenza,54
017075,Gardone Val Trompia,2022,popolazione_in_convivenza,46
017075,Gardone Val Trompia,2023,popolazione_in_convivenza,52
017075,Gardone Val Trompia,2024,popolazione_in_convivenza,49
017075,Gardone Val Trompia,2018,popolazione_in_famiglia,11456
017075,Gardone Val Trompia,2019,popolazione_in_famiglia,11445
017075,Gardone Val Trompia,2020,popolazione_in_famiglia,11344
017075,Gardone Val Trompia,2021,popolazione_in_famiglia,11298
017075,Gardone Val Trompia,2022,popolazione_in_famiglia,11338
017075,Gardone Val Trompia,2023,popolazione_in_famiglia,11344
017075,Gardone Val Trompia,2024,popolazione_in_famiglia,11418
017075,Gardone Val Trompia,2018,popolazione_residente,11518
017075,Gardone Val Trompia,2019,popolazione_residente,11495
017075,Gardone Val Trompia,2020,popolazione_residente,11407
017075,Gardone Val Trompia,2021,popolazione_residente,11352
017075,Gardone Val Trompia,2022,popolazione_residente,11384
017075,Gardone Val Trompia,2023,popolazione_residente,11396
017075,Gardone Val Trompia,2024,popolazione_residente,11467
017076,Gargnano,2018,famiglie,1416
017076,Gargnano,2019,famiglie,1419
017076,Gargnano,2020,famiglie,1420
017076,Gargnano,2021,famiglie,1415
017076,Gargnano,2022,famiglie,1393
017076,Gargnano,2023,famiglie,1390
017076,Gargnano,2024,famiglie,1368
017076,Gargnano,2018,popolazione_in_convivenza,24
017076,Gargnano,2019,popolazione_in_convivenza,26
017076,Gargnano,2020,popolazione_in_convivenza,21
017076,Gargnano,2021,popolazione_in_convivenza,17
017076,Gargnano,2022,popolazione_in_convivenza,16
017076,Gargnano,2023,popolazione_in_convivenza,13
017076,Gargnano,2024,popolazione_in_convivenza,13
017076,Gargnano,2018,popolazione_in_famiglia,2788
017076,Gargnano,2019,popolazione_in_famiglia,2789
017076,Gargnano,2020,popolazione_in_famiglia,2740
017076,Gargnano,2021,popolazione_in_famiglia,2714
017076,Gargnano,2022,popolazione_in_famiglia,2677
017076,Gargnano,2023,popolazione_in_famiglia,2655
017076,Gargnano,2024,popolazione_in_famiglia,2618
017076,Gargnano,2018,popolazione_residente,2812
017076,Gargnano,2019,popolazione_residente,2815
017076,Gargnano,2020,popolazione_residente,2761
017076,Gargnano,2021,popolazione_residente,2731
017076,Gargnano,2022,popolazione_residente,2693
017076,Gargnano,2023,popolazione_residente,2668
017076,Gargnano,2024,popolazione_residente,2631
017077,Gavardo,2018,famiglie,4996
017077,Gavardo,2019,famiglie,5051
017077,Gavardo,2020,famiglie,5108
017077,Gavardo,2021,famiglie,5086
017077,Gavardo,2022,famiglie,5136
017077,Gavardo,2023,famiglie,5159
017077,Gavardo,2024,famiglie,5149
017077,Gavardo,2018,popolazione_in_convivenza,111
017077,Gavardo,2019,popolazione_in_convivenza,123
017077,Gavardo,2020,popolazione_in_convivenza,121
017077,Gavardo,2021,popolazione_in_convivenza,157
017077,Gavardo,2022,popolazione_in_convivenza,139
017077,Gavardo,2023,popolazione_in_convivenza,145
017077,Gavardo,2024,popolazione_in_convivenza,143
017077,Gavardo,2018,popolazione_in_famiglia,12049
017077,Gavardo,2019,popolazione_in_famiglia,12113
017077,Gavardo,2020,popolazione_in_famiglia,12137
017077,Gavardo,2021,popolazione_in_famiglia,12041
017077,Gavardo,2022,popolazione_in_famiglia,12149
017077,Gavardo,2023,popolazione_in_famiglia,12187
017077,Gavardo,2024,popolazione_in_famiglia,12173
017077,Gavardo,2018,popolazione_residente,12160
017077,Gavardo,2019,popolazione_residente,12236
017077,Gavardo,2020,popolazione_residente,12258
017077,Gavardo,2021,popolazione_residente,12198
017077,Gavardo,2022,popolazione_residente,12288
017077,Gavardo,2023,popolazione_residente,12332
017077,Gavardo,2024,popolazione_residente,12316
017078,Ghedi,2018,famiglie,7205
017078,Ghedi,2019,famiglie,7252
017078,Ghedi,2020,famiglie,7390
017078,Ghedi,2021,famiglie,7398
017078,Ghedi,2022,famiglie,7497
017078,Ghedi,2023,famiglie,7477
017078,Ghedi,2024,famiglie,7553
017078,Ghedi,2018,popolazione_in_convivenza,260
017078,Ghedi,2019,popolazione_in_convivenza,252
017078,Ghedi,2020,popolazione_in_convivenza,215
017078,Ghedi,2021,popolazione_in_convivenza,274
017078,Ghedi,2022,popolazione_in_convivenza,228
017078,Ghedi,2023,popolazione_in_convivenza,237
017078,Ghedi,2024,popolazione_in_convivenza,267
017078,Ghedi,2018,popolazione_in_famiglia,18232
017078,Ghedi,2019,popolazione_in_famiglia,18192
017078,Ghedi,2020,popolazione_in_famiglia,18306
017078,Ghedi,2021,popolazione_in_famiglia,18244
017078,Ghedi,2022,popolazione_in_famiglia,18317
017078,Ghedi,2023,popolazione_in_famiglia,18236
017078,Ghedi,2024,popolazione_in_famiglia,18237
017078,Ghedi,2018,popolazione_residente,18492
017078,Ghedi,2019,popolazione_residente,18444
017078,Ghedi,2020,popolazione_residente,18521
017078,Ghedi,2021,popolazione_residente,18518
017078,Ghedi,2022,popolazione_residente,18545
017078,Ghedi,2023,popolazione_residente,18473
017078,Ghedi,2024,popolazione_residente,18504
017079,Gianico,2018,famiglie,890
017079,Gianico,2019,famiglie,891
017079,Gianico,2020,famiglie,892
017079,Gianico,2021,famiglie,889
017079,Gianico,2022,famiglie,898
017079,Gianico,2023,famiglie,898
017079,Gianico,2024,famiglie,894
017079,Gianico,2018,popolazione_in_convivenza,2
017079,Gianico,2019,popolazione_in_convivenza,2
017079,Gianico,2021,popolazione_in_convivenza,3
017079,Gianico,2022,popolazione_in_convivenza,6
017079,Gianico,2024,popolazione_in_convivenza,4
017079,Gianico,2018,popolazione_in_famiglia,2162
017079,Gianico,2019,popolazione_in_famiglia,2157
017079,Gianico,2020,popolazione_in_famiglia,2134
017079,Gianico,2021,popolazione_in_famiglia,2118
017079,Gianico,2022,popolazione_in_famiglia,2121
017079,Gianico,2023,popolazione_in_famiglia,2110
017079,Gianico,2024,popolazione_in_famiglia,2072
017079,Gianico,2018,popolazione_residente,2164
017079,Gianico,2019,popolazione_residente,2159
017079,Gianico,2020,popolazione_residente,2134
017079,Gianico,2021,popolazione_residente,2121
017079,Gianico,2022,popolazione_residente,2127
017079,Gianico,2023,popolazione_residente,2110
017079,Gianico,2024,popolazione_residente,2076
017080,Gottolengo,2018,famiglie,1976
017080,Gottolengo,2019,famiglie,1986
017080,Gottolengo,2020,famiglie,1985
017080,Gottolengo,2021,famiglie,1994
017080,Gottolengo,2022,famiglie,1992
017080,Gottolengo,2023,famiglie,2023
017080,Gottolengo,2024,famiglie,2033
017080,Gottolengo,2018,popolazione_in_convivenza,52
017080,Gottolengo,2019,popolazione_in_convivenza,43
017080,Gottolengo,2020,popolazione_in_convivenza,35
017080,Gottolengo,2021,popolazione_in_convivenza,39
017080,Gottolengo,2022,popolazione_in_convivenza,43
017080,Gottolengo,2023,popolazione_in_convivenza,41
017080,Gottolengo,2024,popolazione_in_convivenza,37
017080,Gottolengo,2018,popolazione_in_famiglia,5027
017080,Gottolengo,2019,popolazione_in_famiglia,4999
017080,Gottolengo,2020,popolazione_in_famiglia,4924
017080,Gottolengo,2021,popolazione_in_famiglia,4918
017080,Gottolengo,2022,popolazione_in_famiglia,4932
017080,Gottolengo,2023,popolazione_in_famiglia,4979
017080,Gottolengo,2024,popolazione_in_famiglia,4990
017080,Gottolengo,2018,popolazione_residente,5079
017080,Gottolengo,2019,popolazione_residente,5042
017080,Gottolengo,2020,popolazione_residente,4959
017080,Gottolengo,2021,popolazione_residente,4957
017080,Gottolengo,2022,popolazione_residente,4975
017080,Gottolengo,2023,popolazione_residente,5020
017080,Gottolengo,2024,popolazione_residente,5027
017081,Gussago,2018,famiglie,6883
017081,Gussago,2019,famiglie,6950
017081,Gussago,2020,famiglie,7015
017081,Gussago,2021,famiglie,7014
017081,Gussago,2022,famiglie,7123
017081,Gussago,2023,famiglie,7179
017081,Gussago,2024,famiglie,7263
017081,Gussago,2018,popolazione_in_convivenza,110
017081,Gussago,2019,popolazione_in_convivenza,113
017081,Gussago,2020,popolazione_in_convivenza,98
017081,Gussago,2021,popolazione_in_convivenza,98
017081,Gussago,2022,popolazione_in_convivenza,101
017081,Gussago,2023,popolazione_in_convivenza,106
017081,Gussago,2024,popolazione_in_convivenza,105
017081,Gussago,2018,popolazione_in_famiglia,16481
017081,Gussago,2019,popolazione_in_famiglia,16421
017081,Gussago,2020,popolazione_in_famiglia,16390
017081,Gussago,2021,popolazione_in_famiglia,16341
017081,Gussago,2022,popolazione_in_famiglia,16467
017081,Gussago,2023,popolazione_in_famiglia,16495
017081,Gussago,2024,popolazione_in_famiglia,16587
017081,Gussago,2018,popolazione_residente,16591
017081,Gussago,2019,popolazione_residente,16534
017081,Gussago,2020,popolazione_residente,16488
017081,Gussago,2021,popolazione_residente,16439
017081,Gussago,2022,popolazione_residente,16568
017081,Gussago,2023,popolazione_residente,16601
017081,Gussago,2024,popolazione_residente,16692
017082,Idro,2018,famiglie,818
017082,Idro,2019,famiglie,841
017082,Idro,2020,famiglie,840
017082,Idro,2021,famiglie,842
017082,Idro,2022,famiglie,847
017082,Idro,2023,famiglie,862
017082,Idro,2024,famiglie,861
017082,Idro,2022,popolazione_in_convivenza,1
017082,Idro,2023,popolazione_in_convivenza,3
017082,Idro,2024,popolazione_in_convivenza,3
017082,Idro,2018,popolazione_in_famiglia,1859
017082,Idro,2019,popolazione_in_famiglia,1899
017082,Idro,2020,popolazione_in_famiglia,1878
017082,Idro,2021,popolazione_in_famiglia,1873
017082,Idro,2022,popolazione_in_famiglia,1878
017082,Idro,2023,popolazione_in_famiglia,1868
017082,Idro,2024,popolazione_in_famiglia,1868
017082,Idro,2018,popolazione_residente,1859
017082,Idro,2019,popolazione_residente,1899
017082,Idro,2020,popolazione_residente,1878
017082,Idro,2021,popolazione_residente,1873
017082,Idro,2022,popolazione_residente,1879
017082,Idro,2023,popolazione_residente,1871
017082,Idro,2024,popolazione_residente,1871
017083,Incudine,2018,famiglie,175
017083,Incudine,2019,famiglie,173
017083,Incudine,2020,famiglie,165
017083,Incudine,2021,famiglie,166
017083,Incudine,2022,famiglie,170
017083,Incudine,2023,famiglie,171
017083,Incudine,2024,famiglie,171
017083,Incudine,2018,popolazione_in_famiglia,368
017083,Incudine,2019,popolazione_in_famiglia,359
017083,Incudine,2020,popolazione_in_famiglia,346
017083,Incudine,2021,popolazione_in_famiglia,345
017083,Incudine,2022,popolazione_in_famiglia,343
017083,Incudine,2023,popolazione_in_famiglia,346
017083,Incudine,2024,popolazione_in_famiglia,344
017083,Incudine,2018,popolazione_residente,368
017083,Incudine,2019,popolazione_residente,359
017083,Incudine,2020,popolazione_residente,346
017083,Incudine,2021,popolazione_residente,345
017083,Incudine,2022,popolazione_residente,343
017083,Incudine,2023,popolazione_residente,346
017083,Incudine,2024,popolazione_residente,344
017084,Irma,2018,famiglie,64
017084,Irma,2019,famiglie,65
017084,Irma,2020,famiglie,65
017084,Irma,2021,famiglie,67
017084,Irma,2022,famiglie,66
017084,Irma,2023,famiglie,65
017084,Irma,2024,famiglie,63
017084,Irma,2018,popolazione_in_famiglia,128
017084,Irma,2019,popolazione_in_famiglia,128
017084,Irma,2020,popolazione_in_famiglia,132
017084,Irma,2021,popolazione_in_famiglia,136
017084,Irma,2022,popolazione_in_famiglia,132
017084,Irma,2023,popolazione_in_famiglia,129
017084,Irma,2024,popolazione_in_famiglia,131
017084,Irma,2018,popolazione_residente,128
017084,Irma,2019,popolazione_residente,128
017084,Irma,2020,popolazione_residente,132
017084,Irma,2021,popolazione_residente,136
017084,Irma,2022,popolazione_residente,132
017084,Irma,2023,popolazione_residente,129
017084,Irma,2024,popolazione_residente,131
017085,Iseo,2018,famiglie,4158
017085,Iseo,2019,famiglie,4163
017085,Iseo,2020,famiglie,4177
017085,Iseo,2021,famiglie,4160
017085,Iseo,2022,famiglie,4184
017085,Iseo,2023,famiglie,4195
017085,Iseo,2024,famiglie,4223
017085,Iseo,2018,popolazione_in_convivenza,90
017085,Iseo,2019,popolazione_in_convivenza,98
017085,Iseo,2020,popolazione_in_convivenza,91
017085,Iseo,2021,popolazione_in_convivenza,76
017085,Iseo,2022,popolazione_in_convivenza,70
017085,Iseo,2023,popolazione_in_convivenza,66
017085,Iseo,2024,popolazione_in_convivenza,76
017085,Iseo,2018,popolazione_in_famiglia,9027
017085,Iseo,2019,popolazione_in_famiglia,9011
017085,Iseo,2020,popolazione_in_famiglia,8903
017085,Iseo,2021,popolazione_in_famiglia,8848
017085,Iseo,2022,popolazione_in_famiglia,8922
017085,Iseo,2023,popolazione_in_famiglia,8901
017085,Iseo,2024,popolazione_in_famiglia,8903
017085,Iseo,2018,popolazione_residente,9117
017085,Iseo,2019,popolazione_residente,9109
017085,Iseo,2020,popolazione_residente,8994
017085,Iseo,2021,popolazione_residente,8924
017085,Iseo,2022,popolazione_residente,8992
017085,Iseo,2023,popolazione_residente,8967
017085,Iseo,2024,popolazione_residente,8979
017086,Isorella,2018,famiglie,1553
017086,Isorella,2019,famiglie,1567
017086,Isorella,2020,famiglie,1601
017086,Isorella,2021,famiglie,1585
017086,Isorella,2022,famiglie,1591
017086,Isorella,2023,famiglie,1612
017086,Isorella,2024,famiglie,1635
017086,Isorella,2018,popolazione_in_convivenza,18
017086,Isorella,2019,popolazione_in_convivenza,17
017086,Isorella,2020,popolazione_in_convivenza,13
017086,Isorella,2021,popolazione_in_convivenza,15
017086,Isorella,2022,popolazione_in_convivenza,16
017086,Isorella,2023,popolazione_in_convivenza,22
017086,Isorella,2024,popolazione_in_convivenza,19
017086,Isorella,2018,popolazione_in_famiglia,4051
017086,Isorella,2019,popolazione_in_famiglia,4061
017086,Isorella,2020,popolazione_in_famiglia,4062
017086,Isorella,2021,popolazione_in_famiglia,4049
017086,Isorella,2022,popolazione_in_famiglia,4044
017086,Isorella,2023,popolazione_in_famiglia,4050
017086,Isorella,2024,popolazione_in_famiglia,4083
017086,Isorella,2018,popolazione_residente,4069
017086,Isorella,2019,popolazione_residente,4078
017086,Isorella,2020,popolazione_residente,4075
017086,Isorella,2021,popolazione_residente,4064
017086,Isorella,2022,popolazione_residente,4060
017086,Isorella,2023,popolazione_residente,4072
017086,Isorella,2024,popolazione_residente,4102
017087,Lavenone,2018,famiglie,252
017087,Lavenone,2019,famiglie,251
017087,Lavenone,2020,famiglie,243
017087,Lavenone,2021,famiglie,249
017087,Lavenone,2022,famiglie,244
017087,Lavenone,2023,famiglie,248
017087,Lavenone,2024,famiglie,248
017087,Lavenone,2018,popolazione_in_convivenza,3
017087,Lavenone,2019,popolazione_in_convivenza,2
017087,Lavenone,2020,popolazione_in_convivenza,2
017087,Lavenone,2021,popolazione_in_convivenza,1
017087,Lavenone,2018,popolazione_in_famiglia,509
017087,Lavenone,2019,popolazione_in_famiglia,508
017087,Lavenone,2020,popolazione_in_famiglia,484
017087,Lavenone,2021,popolazione_in_famiglia,485
017087,Lavenone,2022,popolazione_in_famiglia,486
017087,Lavenone,2023,popolazione_in_famiglia,496
017087,Lavenone,2024,popolazione_in_famiglia,506
017087,Lavenone,2018,popolazione_residente,512
017087,Lavenone,2019,popolazione_residente,510
017087,Lavenone,2020,popolazione_residente,486
017087,Lavenone,2021,popolazione_residente,486
017087,Lavenone,2022,popolazione_residente,486
017087,Lavenone,2023,popolazione_residente,496
017087,Lavenone,2024,popolazione_residente,506
017088,Leno,2018,famiglie,5451
017088,Leno,2019,famiglie,5503
017088,Leno,2020,famiglie,5658
017088,Leno,2021,famiglie,5650
017088,Leno,2022,famiglie,5726
017088,Leno,2023,famiglie,5796
017088,Leno,2024,famiglie,5824
017088,Leno,2020,popolazione_in_convivenza,5
017088,Leno,2021,popolazione_in_convivenza,6
017088,Leno,2022,popolazione_in_convivenza,7
017088,Leno,2023,popolazione_in_convivenza,10
017088,Leno,2024,popolazione_in_convivenza,8
017088,Leno,2018,popolazione_in_famiglia,13950
017088,Leno,2019,popolazione_in_famiglia,13972
017088,Leno,2020,popolazione_in_famiglia,14182
017088,Leno,2021,popolazione_in_famiglia,14237
017088,Leno,2022,popolazione_in_famiglia,14376
017088,Leno,2023,popolazione_in_famiglia,14395
017088,Leno,2024,popolazione_in_famiglia,14402
017088,Leno,2018,popolazione_residente,13950
017088,Leno,2019,popolazione_residente,13972
017088,Leno,2020,popolazione_residente,14187
017088,Leno,2021,popolazione_residente,14243
017088,Leno,2022,popolazione_residente,14383
017088,Leno,2023,popolazione_residente,14405
017088,Leno,2024,popolazione_residente,14410
017089,Limone sul Garda,2018,famiglie,499
017089,Limone sul Garda,2019,famiglie,499
017089,Limone sul Garda,2020,famiglie,526
017089,Limone sul Garda,2021,famiglie,505
017089,Limone sul Garda,2022,famiglie,501
017089,Limone sul Garda,2023,famiglie,496
017089,Limone sul Garda,2024,famiglie,489
017089,Limone sul Garda,2018,popolazione_in_convivenza,9
017089,Limone sul Garda,2019,popolazione_in_convivenza,7
017089,Limone sul Garda,2020,popolazione_in_convivenza,7
017089,Limone sul Garda,2021,popolazione_in_convivenza,8
017089,Limone sul Garda,2022,popolazione_in_convivenza,9
017089,Limone sul Garda,2023,popolazione_in_convivenza,8
017089,Limone sul Garda,2024,popolazione_in_convivenza,8
017089,Limone sul Garda,2018,popolazione_in_famiglia,1143
017089,Limone sul Garda,2019,popolazione_in_famiglia,1134
017089,Limone sul Garda,2020,popolazione_in_famiglia,1157
017089,Limone sul Garda,2021,popolazione_in_famiglia,1133
017089,Limone sul Garda,2022,popolazione_in_famiglia,1118
017089,Limone sul Garda,2023,popolazione_in_famiglia,1100
017089,Limone sul Garda,2024,popolazione_in_famiglia,1095
017089,Limone sul Garda,2018,popolazione_residente,1152
017089,Limone sul Garda,2019,popolazione_residente,1141
017089,Limone sul Garda,2020,popolazione_residente,1164
017089,Limone sul Garda,2021,popolazione_residente,1141
017089,Limone sul Garda,2022,popolazione_residente,1127
017089,Limone sul Garda,2023,popolazione_residente,1108
017089,Limone sul Garda,2024,popolazione_residente,1103
017090,Lodrino,2018,famiglie,671
017090,Lodrino,2019,famiglie,669
017090,Lodrino,2020,famiglie,681
017090,Lodrino,2021,famiglie,683
017090,Lodrino,2022,famiglie,694
017090,Lodrino,2023,famiglie,712
017090,Lodrino,2024,famiglie,718
017090,Lodrino,2018,popolazione_in_convivenza,7
017090,Lodrino,2019,popolazione_in_convivenza,7
017090,Lodrino,2020,popolazione_in_convivenza,2
017090,Lodrino,2021,popolazione_in_convivenza,3
017090,Lodrino,2022,popolazione_in_convivenza,5
017090,Lodrino,2023,popolazione_in_convivenza,3
017090,Lodrino,2024,popolazione_in_convivenza,2
017090,Lodrino,2018,popolazione_in_famiglia,1667
017090,Lodrino,2019,popolazione_in_famiglia,1638
017090,Lodrino,2020,popolazione_in_famiglia,1629
017090,Lodrino,2021,popolazione_in_famiglia,1621
017090,Lodrino,2022,popolazione_in_famiglia,1612
017090,Lodrino,2023,popolazione_in_famiglia,1633
017090,Lodrino,2024,popolazione_in_famiglia,1628
017090,Lodrino,2018,popolazione_residente,1674
017090,Lodrino,2019,popolazione_residente,1645
017090,Lodrino,2020,popolazione_residente,1631
017090,Lodrino,2021,popolazione_residente,1624
017090,Lodrino,2022,popolazione_residente,1617
017090,Lodrino,2023,popolazione_residente,1636
017090,Lodrino,2024,popolazione_residente,1630
017091,Lograto,2018,famiglie,1442
017091,Lograto,2019,famiglie,1449
017091,Lograto,2020,famiglie,1472
017091,Lograto,2021,famiglie,1486
017091,Lograto,2022,famiglie,1482
017091,Lograto,2023,famiglie,1487
017091,Lograto,2024,famiglie,1519
017091,Lograto,2018,popolazione_in_convivenza,12
017091,Lograto,2019,popolazione_in_convivenza,9
017091,Lograto,2020,popolazione_in_convivenza,11
017091,Lograto,2021,popolazione_in_convivenza,9
017091,Lograto,2022,popolazione_in_convivenza,11
017091,Lograto,2023,popolazione_in_convivenza,17
017091,Lograto,2024,popolazione_in_convivenza,12
017091,Lograto,2018,popolazione_in_famiglia,3731
017091,Lograto,2019,popolazione_in_famiglia,3765
017091,Lograto,2020,popolazione_in_famiglia,3784
017091,Lograto,2021,popolazione_in_famiglia,3795
017091,Lograto,2022,popolazione_in_famiglia,3752
017091,Lograto,2023,popolazione_in_famiglia,3781
017091,Lograto,2024,popolazione_in_famiglia,3822
017091,Lograto,2018,popolazione_residente,3743
017091,Lograto,2019,popolazione_residente,3774
017091,Lograto,2020,popolazione_residente,3795
017091,Lograto,2021,popolazione_residente,3804
017091,Lograto,2022,popolazione_residente,3763
017091,Lograto,2023,popolazione_residente,3798
017091,Lograto,2024,popolazione_residente,3834
017092,Lonato del Garda,2018,famiglie,6959
017092,Lonato del Garda,2019,famiglie,7029
017092,Lonato del Garda,2020,famiglie,7243
017092,Lonato del Garda,2021,famiglie,7189
017092,Lonato del Garda,2022,famiglie,7275
017092,Lonato del Garda,2023,famiglie,7333
017092,Lonato del Garda,2024,famiglie,7388
017092,Lonato del Garda,2018,popolazione_in_convivenza,141
017092,Lonato del Garda,2019,popolazione_in_convivenza,138
017092,Lonato del Garda,2020,popolazione_in_convivenza,131
017092,Lonato del Garda,2021,popolazione_in_convivenza,157
017092,Lonato del Garda,2022,popolazione_in_convivenza,137
017092,Lonato del Garda,2023,popolazione_in_convivenza,144
017092,Lonato del Garda,2024,popolazione_in_convivenza,168
017092,Lonato del Garda,2018,popolazione_in_famiglia,16357
017092,Lonato del Garda,2019,popolazione_in_famiglia,16484
017092,Lonato del Garda,2020,popolazione_in_famiglia,16690
017092,Lonato del Garda,2021,popolazione_in_famiglia,16670
017092,Lonato del Garda,2022,popolazione_in_famiglia,16790
017092,Lonato del Garda,2023,popolazione_in_famiglia,16830
017092,Lonato del Garda,2024,popolazione_in_famiglia,16894
017092,Lonato del Garda,2018,popolazione_residente,16498
017092,Lonato del Garda,2019,popolazione_residente,16622
017092,Lonato del Garda,2020,popolazione_residente,16821
017092,Lonato del Garda,2021,popolazione_residente,16827
017092,Lonato del Garda,2022,popolazione_residente,16927
017092,Lonato del Garda,2023,popolazione_residente,16974
017092,Lonato del Garda,2024,popolazione_residente,17062
017093,Longhena,2018,famiglie,231
017093,Longhena,2019,famiglie,234
017093,Longhena,2020,famiglie,235
017093,Longhena,2021,famiglie,235
017093,Longhena,2022,famiglie,233
017093,Longhena,2023,famiglie,240
017093,Longhena,2024,famiglie,240
017093,Longhena,2018,popolazione_in_famiglia,573
017093,Longhena,2019,popolazione_in_famiglia,557
017093,Longhena,2020,popolazione_in_famiglia,562
017093,Longhena,2021,popolazione_in_famiglia,560
017093,Longhena,2022,popolazione_in_famiglia,549
017093,Longhena,2023,popolazione_in_famiglia,563
017093,Longhena,2024,popolazione_in_famiglia,563
017093,Longhena,2018,popolazione_residente,573
017093,Longhena,2019,popolazione_residente,557
017093,Longhena,2020,popolazione_residente,562
017093,Longhena,2021,popolazione_residente,560
017093,Longhena,2022,popolazione_residente,549
017093,Longhena,2023,popolazione_residente,563
017093,Longhena,2024,popolazione_residente,563
017094,Losine,2018,famiglie,275
017094,Losine,2019,famiglie,284
017094,Losine,2020,famiglie,286
017094,Losine,2021,famiglie,289
017094,Losine,2022,famiglie,293
017094,Losine,2023,famiglie,290
017094,Losine,2024,famiglie,294
017094,Losine,2018,popolazione_in_famiglia,605
017094,Losine,2019,popolazione_in_famiglia,611
017094,Losine,2020,popolazione_in_famiglia,607
017094,Losine,2021,popolazione_in_famiglia,625
017094,Losine,2022,popolazione_in_famiglia,625
017094,Losine,2023,popolazione_in_famiglia,626
017094,Losine,2024,popolazione_in_famiglia,622
017094,Losine,2018,popolazione_residente,605
017094,Losine,2019,popolazione_residente,611
017094,Losine,2020,popolazione_residente,607
017094,Losine,2021,popolazione_residente,625
017094,Losine,2022,popolazione_residente,625
017094,Losine,2023,popolazione_residente,626
017094,Losine,2024,popolazione_residente,622
017095,Lozio,2018,famiglie,229
017095,Lozio,2019,famiglie,224
017095,Lozio,2020,famiglie,219
017095,Lozio,2021,famiglie,207
017095,Lozio,2022,famiglie,207
017095,Lozio,2023,famiglie,217
017095,Lozio,2024,famiglie,219
017095,Lozio,2018,popolazione_in_convivenza,17
017095,Lozio,2019,popolazione_in_convivenza,21
017095,Lozio,2020,popolazione_in_convivenza,18
017095,Lozio,2021,popolazione_in_convivenza,15
017095,Lozio,2022,popolazione_in_convivenza,15
017095,Lozio,2023,popolazione_in_convivenza,15
017095,Lozio,2024,popolazione_in_convivenza,15
017095,Lozio,2018,popolazione_in_famiglia,387
017095,Lozio,2019,popolazione_in_famiglia,365
017095,Lozio,2020,popolazione_in_famiglia,359
017095,Lozio,2021,popolazione_in_famiglia,338
017095,Lozio,2022,popolazione_in_famiglia,337
017095,Lozio,2023,popolazione_in_famiglia,341
017095,Lozio,2024,popolazione_in_famiglia,347
017095,Lozio,2018,popolazione_residente,404
017095,Lozio,2019,popolazione_residente,386
017095,Lozio,2020,popolazione_residente,377
017095,Lozio,2021,popolazione_residente,353
017095,Lozio,2022,popolazione_residente,352
017095,Lozio,2023,popolazione_residente,356
017095,Lozio,2024,popolazione_residente,362
017096,Lumezzane,2018,famiglie,9145
017096,Lumezzane,2019,famiglie,9212
017096,Lumezzane,2020,famiglie,9314
017096,Lumezzane,2021,famiglie,9273
017096,Lumezzane,2022,famiglie,9389
017096,Lumezzane,2023,famiglie,9474
017096,Lumezzane,2024,famiglie,9561
017096,Lumezzane,2018,popolazione_in_convivenza,105
017096,Lumezzane,2019,popolazione_in_convivenza,94
017096,Lumezzane,2020,popolazione_in_convivenza,89
017096,Lumezzane,2021,popolazione_in_convivenza,85
017096,Lumezzane,2022,popolazione_in_convivenza,89
017096,Lumezzane,2023,popolazione_in_convivenza,84
017096,Lumezzane,2024,popolazione_in_convivenza,82
017096,Lumezzane,2018,popolazione_in_famiglia,21897
017096,Lumezzane,2019,popolazione_in_famiglia,21797
017096,Lumezzane,2020,popolazione_in_famiglia,21580
017096,Lumezzane,2021,popolazione_in_famiglia,21325
017096,Lumezzane,2022,popolazione_in_famiglia,21412
017096,Lumezzane,2023,popolazione_in_famiglia,21472
017096,Lumezzane,2024,popolazione_in_famiglia,21555
017096,Lumezzane,2018,popolazione_residente,22002
017096,Lumezzane,2019,popolazione_residente,21891
017096,Lumezzane,2020,popolazione_residente,21669
017096,Lumezzane,2021,popolazione_residente,21410
017096,Lumezzane,2022,popolazione_residente,21501
017096,Lumezzane,2023,popolazione_residente,21556
017096,Lumezzane,2024,popolazione_residente,21637
017097,Maclodio,2018,famiglie,537
017097,Maclodio,2019,famiglie,526
017097,Maclodio,2020,famiglie,542
017097,Maclodio,2021,famiglie,547
017097,Maclodio,2022,famiglie,554
017097,Maclodio,2023,famiglie,566
017097,Maclodio,2024,famiglie,556
017097,Maclodio,2018,popolazione_in_famiglia,1460
017097,Maclodio,2019,popolazione_in_famiglia,1459
017097,Maclodio,2020,popolazione_in_famiglia,1476
017097,Maclodio,2021,popolazione_in_famiglia,1483
017097,Maclodio,2022,popolazione_in_famiglia,1487
017097,Maclodio,2023,popolazione_in_famiglia,1503
017097,Maclodio,2024,popolazione_in_famiglia,1462
017097,Maclodio,2018,popolazione_residente,1460
017097,Maclodio,2019,popolazione_residente,1459
017097,Maclodio,2020,popolazione_residente,1476
017097,Maclodio,2021,popolazione_residente,1483
017097,Maclodio,2022,popolazione_residente,1487
017097,Maclodio,2023,popolazione_residente,1503
017097,Maclodio,2024,popolazione_residente,1462
017098,Magasa,2018,famiglie,79
017098,Magasa,2019,famiglie,74
017098,Magasa,2020,famiglie,72
017098,Magasa,2021,famiglie,74
017098,Magasa,2022,famiglie,78
017098,Magasa,2023,famiglie,76
017098,Magasa,2024,famiglie,73
017098,Magasa,2018,popolazione_in_famiglia,122
017098,Magasa,2019,popolazione_in_famiglia,109
017098,Magasa,2020,popolazione_in_famiglia,106
017098,Magasa,2021,popolazione_in_famiglia,107
017098,Magasa,2022,popolazione_in_famiglia,106
017098,Magasa,2023,popolazione_in_famiglia,102
017098,Magasa,2024,popolazione_in_famiglia,102
017098,Magasa,2018,popolazione_residente,122
017098,Magasa,2019,popolazione_residente,109
017098,Magasa,2020,popolazione_residente,106
017098,Magasa,2021,popolazione_residente,107
017098,Magasa,2022,popolazione_residente,106
017098,Magasa,2023,popolazione_residente,102
017098,Magasa,2024,popolazione_residente,102
017099,Mairano,2018,famiglie,1354
017099,Mairano,2019,famiglie,1377
017099,Mairano,2020,famiglie,1399
017099,Mairano,2021,famiglie,1405
017099,Mairano,2022,famiglie,1412
017099,Mairano,2023,famiglie,1408
017099,Mairano,2024,famiglie,1431
017099,Mairano,2018,popolazione_in_famiglia,3440
017099,Mairano,2019,popolazione_in_famiglia,3475
017099,Mairano,2020,popolazione_in_famiglia,3486
017099,Mairano,2021,popolazione_in_famiglia,3492
017099,Mairano,2022,popolazione_in_famiglia,3519
017099,Mairano,2023,popolazione_in_famiglia,3477
017099,Mairano,2024,popolazione_in_famiglia,3484
017099,Mairano,2018,popolazione_residente,3440
017099,Mairano,2019,popolazione_residente,3475
017099,Mairano,2020,popolazione_residente,3486
017099,Mairano,2021,popolazione_residente,3492
017099,Mairano,2022,popolazione_residente,3519
017099,Mairano,2023,popolazione_residente,3477
017099,Mairano,2024,popolazione_residente,3484
017100,Malegno,2018,famiglie,840
017100,Malegno,2019,famiglie,850
017100,Malegno,2020,famiglie,854
017100,Malegno,2021,famiglie,848
017100,Malegno,2022,famiglie,846
017100,Malegno,2023,famiglie,850
017100,Malegno,2024,famiglie,858
017100,Malegno,2018,popolazione_in_convivenza,17
017100,Malegno,2019,popolazione_in_convivenza,27
017100,Malegno,2020,popolazione_in_convivenza,21
017100,Malegno,2021,popolazione_in_convivenza,19
017100,Malegno,2022,popolazione_in_convivenza,31
017100,Malegno,2023,popolazione_in_convivenza,30
017100,Malegno,2024,popolazione_in_convivenza,25
017100,Malegno,2018,popolazione_in_famiglia,1977
017100,Malegno,2019,popolazione_in_famiglia,1978
017100,Malegno,2020,popolazione_in_famiglia,1957
017100,Malegno,2021,popolazione_in_famiglia,1941
017100,Malegno,2022,popolazione_in_famiglia,1899
017100,Malegno,2023,popolazione_in_famiglia,1896
017100,Malegno,2024,popolazione_in_famiglia,1899
017100,Malegno,2018,popolazione_residente,1994
017100,Malegno,2019,popolazione_residente,2005
017100,Malegno,2020,popolazione_residente,1978
017100,Malegno,2021,popolazione_residente,1960
017100,Malegno,2022,popolazione_residente,1930
017100,Malegno,2023,popolazione_residente,1926
017100,Malegno,2024,popolazione_residente,1924
017101,Malonno,2018,famiglie,1350
017101,Malonno,2019,famiglie,1339
017101,Malonno,2020,famiglie,1325
017101,Malonno,2021,famiglie,1319
017101,Malonno,2022,famiglie,1322
017101,Malonno,2023,famiglie,1327
017101,Malonno,2024,famiglie,1337
017101,Malonno,2018,popolazione_in_convivenza,31
017101,Malonno,2019,popolazione_in_convivenza,31
017101,Malonno,2020,popolazione_in_convivenza,21
017101,Malonno,2021,popolazione_in_convivenza,21
017101,Malonno,2022,popolazione_in_convivenza,19
017101,Malonno,2023,popolazione_in_convivenza,14
017101,Malonno,2024,popolazione_in_convivenza,15
017101,Malonno,2018,popolazione_in_famiglia,3127
017101,Malonno,2019,popolazione_in_famiglia,3096
017101,Malonno,2020,popolazione_in_famiglia,3047
017101,Malonno,2021,popolazione_in_famiglia,3009
017101,Malonno,2022,popolazione_in_famiglia,2986
017101,Malonno,2023,popolazione_in_famiglia,2964
017101,Malonno,2024,popolazione_in_famiglia,2968
017101,Malonno,2018,popolazione_residente,3158
017101,Malonno,2019,popolazione_residente,3127
017101,Malonno,2020,popolazione_residente,3068
017101,Malonno,2021,popolazione_residente,3030
017101,Malonno,2022,popolazione_residente,3005
017101,Malonno,2023,popolazione_residente,2978
017101,Malonno,2024,popolazione_residente,2983
017102,Manerba del Garda,2018,famiglie,2581
017102,Manerba del Garda,2019,famiglie,2610
017102,Manerba del Garda,2020,famiglie,2672
017102,Manerba del Garda,2021,famiglie,2649
017102,Manerba del Garda,2022,famiglie,2640
017102,Manerba del Garda,2023,famiglie,2659
017102,Manerba del Garda,2024,famiglie,2688
017102,Manerba del Garda,2021,popolazione_in_convivenza,8
017102,Manerba del Garda,2022,popolazione_in_convivenza,10
017102,Manerba del Garda,2023,popolazione_in_convivenza,10
017102,Manerba del Garda,2024,popolazione_in_convivenza,15
017102,Manerba del Garda,2018,popolazione_in_famiglia,5250
017102,Manerba del Garda,2019,popolazione_in_famiglia,5295
017102,Manerba del Garda,2020,popolazione_in_famiglia,5412
017102,Manerba del Garda,2021,popolazione_in_famiglia,5407
017102,Manerba del Garda,2022,popolazione_in_famiglia,5376
017102,Manerba del Garda,2023,popolazione_in_famiglia,5358
017102,Manerba del Garda,2024,popolazione_in_famiglia,5397
017102,Manerba del Garda,2018,popolazione_residente,5250
017102,Manerba del Garda,2019,popolazione_residente,5295
017102,Manerba del Garda,2020,popolazione_residente,5412
017102,Manerba del Garda,2021,popolazione_residente,5415
017102,Manerba del Garda,2022,popolazione_residente,5386
017102,Manerba del Garda,2023,popolazione_residente,5368
017102,Manerba del Garda,2024,popolazione_residente,5412
017103,Manerbio,2018,famiglie,5463
017103,Manerbio,2019,famiglie,5506
017103,Manerbio,2020,famiglie,5622
017103,Manerbio,2021,famiglie,5533
017103,Manerbio,2022,famiglie,5633
017103,Manerbio,2023,famiglie,5700
017103,Manerbio,2024,famiglie,5709
017103,Manerbio,2018,popolazione_in_convivenza,40
017103,Manerbio,2019,popolazione_in_convivenza,38
017103,Manerbio,2020,popolazione_in_convivenza,43
017103,Manerbio,2021,popolazione_in_convivenza,38
017103,Manerbio,2022,popolazione_in_convivenza,43
017103,Manerbio,2023,popolazione_in_convivenza,44
017103,Manerbio,2024,popolazione_in_convivenza,44
017103,Manerbio,2018,popolazione_in_famiglia,12990
017103,Manerbio,2019,popolazione_in_famiglia,13129
017103,Manerbio,2020,popolazione_in_famiglia,13173
017103,Manerbio,2021,popolazione_in_famiglia,13125
017103,Manerbio,2022,popolazione_in_famiglia,13308
017103,Manerbio,2023,popolazione_in_famiglia,13404
017103,Manerbio,2024,popolazione_in_famiglia,13457
017103,Manerbio,2018,popolazione_residente,13030
017103,Manerbio,2019,popolazione_residente,13167
017103,Manerbio,2020,popolazione_residente,13216
017103,Manerbio,2021,popolazione_residente,13163
017103,Manerbio,2022,popolazione_residente,13351
017103,Manerbio,2023,popolazione_residente,13448
017103,Manerbio,2024,popolazione_residente,13501
017104,Marcheno,2018,famiglie,1776
017104,Marcheno,2019,famiglie,1774
017104,Marcheno,2020,famiglie,1751
017104,Marcheno,2021,famiglie,1775
017104,Marcheno,2022,famiglie,1771
017104,Marcheno,2023,famiglie,1786
017104,Marcheno,2024,famiglie,1788
017104,Marcheno,2018,popolazione_in_convivenza,8
017104,Marcheno,2019,popolazione_in_convivenza,9
017104,Marcheno,2020,popolazione_in_convivenza,8
017104,Marcheno,2021,popolazione_in_convivenza,9
017104,Marcheno,2022,popolazione_in_convivenza,11
017104,Marcheno,2023,popolazione_in_convivenza,15
017104,Marcheno,2024,popolazione_in_convivenza,11
017104,Marcheno,2018,popolazione_in_famiglia,4296
017104,Marcheno,2019,popolazione_in_famiglia,4259
017104,Marcheno,2020,popolazione_in_famiglia,4164
017104,Marcheno,2021,popolazione_in_famiglia,4187
017104,Marcheno,2022,popolazione_in_famiglia,4150
017104,Marcheno,2023,popolazione_in_famiglia,4148
017104,Marcheno,2024,popolazione_in_famiglia,4172
017104,Marcheno,2018,popolazione_residente,4304
017104,Marcheno,2019,popolazione_residente,4268
017104,Marcheno,2020,popolazione_residente,4172
017104,Marcheno,2021,popolazione_residente,4196
017104,Marcheno,2022,popolazione_residente,4161
017104,Marcheno,2023,popolazione_residente,4163
017104,Marcheno,2024,popolazione_residente,4183
017105,Marmentino,2018,famiglie,333
017105,Marmentino,2019,famiglie,332
017105,Marmentino,2020,famiglie,335
017105,Marmentino,2021,famiglie,338
017105,Marmentino,2022,famiglie,335
017105,Marmentino,2023,famiglie,338
017105,Marmentino,2024,famiglie,340
017105,Marmentino,2018,popolazione_in_famiglia,661
017105,Marmentino,2019,popolazione_in_famiglia,659
017105,Marmentino,2020,popolazione_in_famiglia,656
017105,Marmentino,2021,popolazione_in_famiglia,665
017105,Marmentino,2022,popolazione_in_famiglia,657
017105,Marmentino,2023,popolazione_in_famiglia,655
017105,Marmentino,2024,popolazione_in_famiglia,657
017105,Marmentino,2018,popolazione_residente,661
017105,Marmentino,2019,popolazione_residente,659
017105,Marmentino,2020,popolazione_residente,656
017105,Marmentino,2021,popolazione_residente,665
017105,Marmentino,2022,popolazione_residente,657
017105,Marmentino,2023,popolazione_residente,655
017105,Marmentino,2024,popolazione_residente,657
017106,Marone,2018,famiglie,1361
017106,Marone,2019,famiglie,1358
017106,Marone,2020,famiglie,1363
017106,Marone,2021,famiglie,1357
017106,Marone,2022,famiglie,1368
017106,Marone,2023,famiglie,1374
017106,Marone,2024,famiglie,1381
017106,Marone,2018,popolazione_in_convivenza,25
017106,Marone,2019,popolazione_in_convivenza,24
017106,Marone,2020,popolazione_in_convivenza,18
017106,Marone,2021,popolazione_in_convivenza,22
017106,Marone,2022,popolazione_in_convivenza,22
017106,Marone,2023,popolazione_in_convivenza,26
017106,Marone,2024,popolazione_in_convivenza,25
017106,Marone,2018,popolazione_in_famiglia,3138
017106,Marone,2019,popolazione_in_famiglia,3121
017106,Marone,2020,popolazione_in_famiglia,3099
017106,Marone,2021,popolazione_in_famiglia,3092
017106,Marone,2022,popolazione_in_famiglia,3090
017106,Marone,2023,popolazione_in_famiglia,3073
017106,Marone,2024,popolazione_in_famiglia,3072
017106,Marone,2018,popolazione_residente,3163
017106,Marone,2019,popolazione_residente,3145
017106,Marone,2020,popolazione_residente,3117
017106,Marone,2021,popolazione_residente,3114
017106,Marone,2022,popolazione_residente,3112
017106,Marone,2023,popolazione_residente,3099
017106,Marone,2024,popolazione_residente,3097
017107,Mazzano,2018,famiglie,5119
017107,Mazzano,2019,famiglie,5156
017107,Mazzano,2020,famiglie,5219
017107,Mazzano,2021,famiglie,5290
017107,Mazzano,2022,famiglie,5383
017107,Mazzano,2023,famiglie,5395
017107,Mazzano,2024,famiglie,5412
017107,Mazzano,2018,popolazione_in_convivenza,96
017107,Mazzano,2019,popolazione_in_convivenza,76
017107,Mazzano,2020,popolazione_in_convivenza,62
017107,Mazzano,2021,popolazione_in_convivenza,43
017107,Mazzano,2022,popolazione_in_convivenza,48
017107,Mazzano,2023,popolazione_in_convivenza,73
017107,Mazzano,2024,popolazione_in_convivenza,72
017107,Mazzano,2018,popolazione_in_famiglia,12326
017107,Mazzano,2019,popolazione_in_famiglia,12322
017107,Mazzano,2020,popolazione_in_famiglia,12408
017107,Mazzano,2021,popolazione_in_famiglia,12476
017107,Mazzano,2022,popolazione_in_famiglia,12607
017107,Mazzano,2023,popolazione_in_famiglia,12609
017107,Mazzano,2024,popolazione_in_famiglia,12635
017107,Mazzano,2018,popolazione_residente,12422
017107,Mazzano,2019,popolazione_residente,12398
017107,Mazzano,2020,popolazione_residente,12470
017107,Mazzano,2021,popolazione_residente,12519
017107,Mazzano,2022,popolazione_residente,12655
017107,Mazzano,2023,popolazione_residente,12682
017107,Mazzano,2024,popolazione_residente,12707
017108,Milzano,2018,famiglie,685
017108,Milzano,2019,famiglie,681
017108,Milzano,2020,famiglie,705
017108,Milzano,2021,famiglie,687
017108,Milzano,2022,famiglie,697
017108,Milzano,2023,famiglie,694
017108,Milzano,2024,famiglie,695
017108,Milzano,2018,popolazione_in_famiglia,1741
017108,Milzano,2019,popolazione_in_famiglia,1719
017108,Milzano,2020,popolazione_in_famiglia,1764
017108,Milzano,2021,popolazione_in_famiglia,1723
017108,Milzano,2022,popolazione_in_famiglia,1749
017108,Milzano,2023,popolazione_in_famiglia,1726
017108,Milzano,2024,popolazione_in_famiglia,1712
017108,Milzano,2018,popolazione_residente,1741
017108,Milzano,2019,popolazione_residente,1719
017108,Milzano,2020,popolazione_residente,1764
017108,Milzano,2021,popolazione_residente,1723
017108,Milzano,2022,popolazione_residente,1749
017108,Milzano,2023,popolazione_residente,1726
017108,Milzano,2024,popolazione_residente,1712
017109,Moniga del Garda,2018,famiglie,1287
017109,Moniga del Garda,2019,famiglie,1292
017109,Moniga del Garda,2020,famiglie,1323
017109,Moniga del Garda,2021,famiglie,1343
017109,Moniga del Garda,2022,famiglie,1347
017109,Moniga del Garda,2023,famiglie,1361
017109,Moniga del Garda,2024,famiglie,1360
017109,Moniga del Garda,2018,popolazione_in_famiglia,2565
017109,Moniga del Garda,2019,popolazione_in_famiglia,2581
017109,Moniga del Garda,2020,popolazione_in_famiglia,2579
017109,Moniga del Garda,2021,popolazione_in_famiglia,2603
017109,Moniga del Garda,2022,popolazione_in_famiglia,2622
017109,Moniga del Garda,2023,popolazione_in_famiglia,2646
017109,Moniga del Garda,2024,popolazione_in_famiglia,2650
017109,Moniga del Garda,2018,popolazione_residente,2565
017109,Moniga del Garda,2019,popolazione_residente,2581
017109,Moniga del Garda,2020,popolazione_residente,2579
017109,Moniga del Garda,2021,popolazione_residente,2603
017109,Moniga del Garda,2022,popolazione_residente,2622
017109,Moniga del Garda,2023,popolazione_residente,2646
017109,Moniga del Garda,2024,popolazione_residente,2650
017110,Monno,2018,famiglie,260
017110,Monno,2019,famiglie,259
017110,Monno,2020,famiglie,266
017110,Monno,2021,famiglie,260
017110,Monno,2022,famiglie,255
017110,Monno,2023,famiglie,258
017110,Monno,2024,famiglie,263
017110,Monno,2018,popolazione_in_famiglia,519
017110,Monno,2019,popolazione_in_famiglia,519
017110,Monno,2020,popolazione_in_famiglia,528
017110,Monno,2021,popolazione_in_famiglia,515
017110,Monno,2022,popolazione_in_famiglia,512
017110,Monno,2023,popolazione_in_famiglia,516
017110,Monno,2024,popolazione_in_famiglia,521
017110,Monno,2018,popolazione_residente,519
017110,Monno,2019,popolazione_residente,519
017110,Monno,2020,popolazione_residente,528
017110,Monno,2021,popolazione_residente,515
017110,Monno,2022,popolazione_residente,512
017110,Monno,2023,popolazione_residente,516
017110,Monno,2024,popolazione_residente,521
017111,Monte Isola,2018,famiglie,737
017111,Monte Isola,2019,famiglie,733
017111,Monte Isola,2020,famiglie,733
017111,Monte Isola,2021,famiglie,721
017111,Monte Isola,2022,famiglie,721
017111,Monte Isola,2023,famiglie,728
017111,Monte Isola,2024,famiglie,717
017111,Monte Isola,2018,popolazione_in_famiglia,1705
017111,Monte Isola,2019,popolazione_in_famiglia,1686
017111,Monte Isola,2020,popolazione_in_famiglia,1644
017111,Monte Isola,2021,popolazione_in_famiglia,1628
017111,Monte Isola,2022,popolazione_in_famiglia,1621
017111,Monte Isola,2023,popolazione_in_famiglia,1611
017111,Monte Isola,2024,popolazione_in_famiglia,1587
017111,Monte Isola,2018,popolazione_residente,1705
017111,Monte Isola,2019,popolazione_residente,1686
017111,Monte Isola,2020,popolazione_residente,1644
017111,Monte Isola,2021,popolazione_residente,1628
017111,Monte Isola,2022,popolazione_residente,1621
017111,Monte Isola,2023,popolazione_residente,1611
017111,Monte Isola,2024,popolazione_residente,1587
017112,Monticelli Brusati,2018,famiglie,1849
017112,Monticelli Brusati,2019,famiglie,1857
017112,Monticelli Brusati,2020,famiglie,1892
017112,Monticelli Brusati,2021,famiglie,1882
017112,Monticelli Brusati,2022,famiglie,1896
017112,Monticelli Brusati,2023,famiglie,1910
017112,Monticelli Brusati,2024,famiglie,1929
017112,Monticelli Brusati,2018,popolazione_in_convivenza,6
017112,Monticelli Brusati,2019,popolazione_in_convivenza,6
017112,Monticelli Brusati,2020,popolazione_in_convivenza,7
017112,Monticelli Brusati,2021,popolazione_in_convivenza,7
017112,Monticelli Brusati,2022,popolazione_in_convivenza,7
017112,Monticelli Brusati,2023,popolazione_in_convivenza,7
017112,Monticelli Brusati,2024,popolazione_in_convivenza,9
017112,Monticelli Brusati,2018,popolazione_in_famiglia,4512
017112,Monticelli Brusati,2019,popolazione_in_famiglia,4527
017112,Monticelli Brusati,2020,popolazione_in_famiglia,4556
017112,Monticelli Brusati,2021,popolazione_in_famiglia,4561
017112,Monticelli Brusati,2022,popolazione_in_famiglia,4591
017112,Monticelli Brusati,2023,popolazione_in_famiglia,4591
017112,Monticelli Brusati,2024,popolazione_in_famiglia,4590
017112,Monticelli Brusati,2018,popolazione_residente,4518
017112,Monticelli Brusati,2019,popolazione_residente,4533
017112,Monticelli Brusati,2020,popolazione_residente,4563
017112,Monticelli Brusati,2021,popolazione_residente,4568
017112,Monticelli Brusati,2022,popolazione_residente,4598
017112,Monticelli Brusati,2023,popolazione_residente,4598
017112,Monticelli Brusati,2024,popolazione_residente,4599
017113,Montichiari,2018,famiglie,10272
017113,Montichiari,2019,famiglie,10413
017113,Montichiari,2020,famiglie,10712
017113,Montichiari,2021,famiglie,10723
017113,Montichiari,2022,famiglie,10825
017113,Montichiari,2023,famiglie,10874
017113,Montichiari,2024,famiglie,10940
017113,Montichiari,2018,popolazione_in_convivenza,66
017113,Montichiari,2019,popolazione_in_convivenza,66
017113,Montichiari,2020,popolazione_in_convivenza,76
017113,Montichiari,2021,popolazione_in_convivenza,57
017113,Montichiari,2022,popolazione_in_convivenza,98
017113,Montichiari,2023,popolazione_in_convivenza,136
017113,Montichiari,2024,popolazione_in_convivenza,202
017113,Montichiari,2018,popolazione_in_famiglia,25503
017113,Montichiari,2019,popolazione_in_famiglia,25708
017113,Montichiari,2020,popolazione_in_famiglia,25935
017113,Montichiari,2021,popolazione_in_famiglia,26031
017113,Montichiari,2022,popolazione_in_famiglia,26082
017113,Montichiari,2023,popolazione_in_famiglia,26034
017113,Montichiari,2024,popolazione_in_famiglia,26069
017113,Montichiari,2018,popolazione_residente,25569
017113,Montichiari,2019,popolazione_residente,25774
017113,Montichiari,2020,popolazione_residente,26011
017113,Montichiari,2021,popolazione_residente,26088
017113,Montichiari,2022,popolazione_residente,26180
017113,Montichiari,2023,popolazione_residente,26170
017113,Montichiari,2024,popolazione_residente,26271
017114,Montirone,2018,famiglie,2051
017114,Montirone,2019,famiglie,2054
017114,Montirone,2020,famiglie,2119
017114,Montirone,2021,famiglie,2097
017114,Montirone,2022,famiglie,2106
017114,Montirone,2023,famiglie,2126
017114,Montirone,2024,famiglie,2133
017114,Montirone,2018,popolazione_in_convivenza,27
017114,Montirone,2019,popolazione_in_convivenza,23
017114,Montirone,2020,popolazione_in_convivenza,14
017114,Montirone,2021,popolazione_in_convivenza,3
017114,Montirone,2018,popolazione_in_famiglia,5064
017114,Montirone,2019,popolazione_in_famiglia,5049
017114,Montirone,2020,popolazione_in_famiglia,5063
017114,Montirone,2021,popolazione_in_famiglia,5061
017114,Montirone,2022,popolazione_in_famiglia,5064
017114,Montirone,2023,popolazione_in_famiglia,5063
017114,Montirone,2024,popolazione_in_famiglia,5114
017114,Montirone,2018,popolazione_residente,5091
017114,Montirone,2019,popolazione_residente,5072
017114,Montirone,2020,popolazione_residente,5077
017114,Montirone,2021,popolazione_residente,5064
017114,Montirone,2022,popolazione_residente,5064
017114,Montirone,2023,popolazione_residente,5063
017114,Montirone,2024,popolazione_residente,5114
017115,Mura,2018,famiglie,334
017115,Mura,2019,famiglie,338
017115,Mura,2020,famiglie,338
017115,Mura,2021,famiglie,339
017115,Mura,2022,famiglie,339
017115,Mura,2023,famiglie,345
017115,Mura,2024,famiglie,338
017115,Mura,2018,popolazione_in_famiglia,772
017115,Mura,2019,popolazione_in_famiglia,778
017115,Mura,2020,popolazione_in_famiglia,776
017115,Mura,2021,popolazione_in_famiglia,774
017115,Mura,2022,popolazione_in_famiglia,777
017115,Mura,2023,popolazione_in_famiglia,779
017115,Mura,2024,popolazione_in_famiglia,768
017115,Mura,2018,popolazione_residente,772
017115,Mura,2019,popolazione_residente,778
017115,Mura,2020,popolazione_residente,776
017115,Mura,2021,popolazione_residente,774
017115,Mura,2022,popolazione_residente,777
017115,Mura,2023,popolazione_residente,779
017115,Mura,2024,popolazione_residente,768
017116,Muscoline,2018,famiglie,1110
017116,Muscoline,2019,famiglie,1125
017116,Muscoline,2020,famiglie,1144
017116,Muscoline,2021,famiglie,1153
017116,Muscoline,2022,famiglie,1183
017116,Muscoline,2023,famiglie,1176
017116,Muscoline,2024,famiglie,1192
017116,Muscoline,2018,popolazione_in_famiglia,2661
017116,Muscoline,2019,popolazione_in_famiglia,2653
017116,Muscoline,2020,popolazione_in_famiglia,2653
017116,Muscoline,2021,popolazione_in_famiglia,2680
017116,Muscoline,2022,popolazione_in_famiglia,2697
017116,Muscoline,2023,popolazione_in_famiglia,2692
017116,Muscoline,2024,popolazione_in_famiglia,2698
017116,Muscoline,2018,popolazione_residente,2661
017116,Muscoline,2019,popolazione_residente,2653
017116,Muscoline,2020,popolazione_residente,2653
017116,Muscoline,2021,popolazione_residente,2680
017116,Muscoline,2022,popolazione_residente,2697
017116,Muscoline,2023,popolazione_residente,2692
017116,Muscoline,2024,popolazione_residente,2698
017117,Nave,2018,famiglie,4500
017117,Nave,2019,famiglie,4534
017117,Nave,2020,famiglie,4641
017117,Nave,2021,famiglie,4656
017117,Nave,2022,famiglie,4646
017117,Nave,2023,famiglie,4703
017117,Nave,2024,famiglie,4720
017117,Nave,2018,popolazione_in_convivenza,65
017117,Nave,2019,popolazione_in_convivenza,70
017117,Nave,2020,popolazione_in_convivenza,59
017117,Nave,2021,popolazione_in_convivenza,56
017117,Nave,2022,popolazione_in_convivenza,61
017117,Nave,2023,popolazione_in_convivenza,71
017117,Nave,2024,popolazione_in_convivenza,58
017117,Nave,2018,popolazione_in_famiglia,10475
017117,Nave,2019,popolazione_in_famiglia,10417
017117,Nave,2020,popolazione_in_famiglia,10581
017117,Nave,2021,popolazione_in_famiglia,10584
017117,Nave,2022,popolazione_in_famiglia,10504
017117,Nave,2023,popolazione_in_famiglia,10544
017117,Nave,2024,popolazione_in_famiglia,10509
017117,Nave,2018,popolazione_residente,10540
017117,Nave,2019,popolazione_residente,10487
017117,Nave,2020,popolazione_residente,10640
017117,Nave,2021,popolazione_residente,10640
017117,Nave,2022,popolazione_residente,10565
017117,Nave,2023,popolazione_residente,10615
017117,Nave,2024,popolazione_residente,10567
017118,Niardo,2018,famiglie,849
017118,Niardo,2019,famiglie,854
017118,Niardo,2020,famiglie,860
017118,Niardo,2021,famiglie,839
017118,Niardo,2022,famiglie,826
017118,Niardo,2023,famiglie,840
017118,Niardo,2024,famiglie,845
017118,Niardo,2018,popolazione_in_convivenza,7
017118,Niardo,2019,popolazione_in_convivenza,4
017118,Niardo,2018,popolazione_in_famiglia,2014
017118,Niardo,2019,popolazione_in_famiglia,2008
017118,Niardo,2020,popolazione_in_famiglia,1987
017118,Niardo,2021,popolazione_in_famiglia,1968
017118,Niardo,2022,popolazione_in_famiglia,1944
017118,Niardo,2023,popolazione_in_famiglia,1964
017118,Niardo,2024,popolazione_in_famiglia,1948
017118,Niardo,2018,popolazione_residente,2021
017118,Niardo,2019,popolazione_residente,2012
017118,Niardo,2020,popolazione_residente,1987
017118,Niardo,2021,popolazione_residente,1968
017118,Niardo,2022,popolazione_residente,1944
017118,Niardo,2023,popolazione_residente,1964
017118,Niardo,2024,popolazione_residente,1948
017119,Nuvolento,2018,famiglie,1590
017119,Nuvolento,2019,famiglie,1572
017119,Nuvolento,2020,famiglie,1599
017119,Nuvolento,2021,famiglie,1599
017119,Nuvolento,2022,famiglie,1615
017119,Nuvolento,2023,famiglie,1628
017119,Nuvolento,2024,famiglie,1655
017119,Nuvolento,2018,popolazione_in_convivenza,2
017119,Nuvolento,2019,popolazione_in_convivenza,2
017119,Nuvolento,2020,popolazione_in_convivenza,1
017119,Nuvolento,2021,popolazione_in_convivenza,3
017119,Nuvolento,2022,popolazione_in_convivenza,1
017119,Nuvolento,2023,popolazione_in_convivenza,1
017119,Nuvolento,2024,popolazione_in_convivenza,3
017119,Nuvolento,2018,popolazione_in_famiglia,3958
017119,Nuvolento,2019,popolazione_in_famiglia,3898
017119,Nuvolento,2020,popolazione_in_famiglia,3887
017119,Nuvolento,2021,popolazione_in_famiglia,3862
017119,Nuvolento,2022,popolazione_in_famiglia,3889
017119,Nuvolento,2023,popolazione_in_famiglia,3899
017119,Nuvolento,2024,popolazione_in_famiglia,3944
017119,Nuvolento,2018,popolazione_residente,3960
017119,Nuvolento,2019,popolazione_residente,3900
017119,Nuvolento,2020,popolazione_residente,3888
017119,Nuvolento,2021,popolazione_residente,3865
017119,Nuvolento,2022,popolazione_residente,3890
017119,Nuvolento,2023,popolazione_residente,3900
017119,Nuvolento,2024,popolazione_residente,3947
017120,Nuvolera,2018,famiglie,1847
017120,Nuvolera,2019,famiglie,1852
017120,Nuvolera,2020,famiglie,1888
017120,Nuvolera,2021,famiglie,1893
017120,Nuvolera,2022,famiglie,1906
017120,Nuvolera,2023,famiglie,1937
017120,Nuvolera,2024,famiglie,1959
017120,Nuvolera,2018,popolazione_in_convivenza,44
017120,Nuvolera,2019,popolazione_in_convivenza,26
017120,Nuvolera,2020,popolazione_in_convivenza,16
017120,Nuvolera,2021,popolazione_in_convivenza,9
017120,Nuvolera,2022,popolazione_in_convivenza,15
017120,Nuvolera,2023,popolazione_in_convivenza,14
017120,Nuvolera,2024,popolazione_in_convivenza,14
017120,Nuvolera,2018,popolazione_in_famiglia,4655
017120,Nuvolera,2019,popolazione_in_famiglia,4654
017120,Nuvolera,2020,popolazione_in_famiglia,4689
017120,Nuvolera,2021,popolazione_in_famiglia,4686
017120,Nuvolera,2022,popolazione_in_famiglia,4705
017120,Nuvolera,2023,popolazione_in_famiglia,4745
017120,Nuvolera,2024,popolazione_in_famiglia,4736
017120,Nuvolera,2018,popolazione_residente,4699
017120,Nuvolera,2019,popolazione_residente,4680
017120,Nuvolera,2020,popolazione_residente,4705
017120,Nuvolera,2021,popolazione_residente,4695
017120,Nuvolera,2022,popolazione_residente,4720
017120,Nuvolera,2023,popolazione_residente,4759
017120,Nuvolera,2024,popolazione_residente,4750
017121,Odolo,2018,famiglie,774
017121,Odolo,2019,famiglie,769
017121,Odolo,2020,famiglie,774
017121,Odolo,2021,famiglie,781
017121,Odolo,2022,famiglie,783
017121,Odolo,2023,famiglie,775
017121,Odolo,2024,famiglie,784
017121,Odolo,2019,popolazione_in_convivenza,7
017121,Odolo,2020,popolazione_in_convivenza,6
017121,Odolo,2021,popolazione_in_convivenza,7
017121,Odolo,2022,popolazione_in_convivenza,9
017121,Odolo,2023,popolazione_in_convivenza,9
017121,Odolo,2024,popolazione_in_convivenza,10
017121,Odolo,2018,popolazione_in_famiglia,1907
017121,Odolo,2019,popolazione_in_famiglia,1909
017121,Odolo,2020,popolazione_in_famiglia,1891
017121,Odolo,2021,popolazione_in_famiglia,1920
017121,Odolo,2022,popolazione_in_famiglia,1908
017121,Odolo,2023,popolazione_in_famiglia,1879
017121,Odolo,2024,popolazione_in_famiglia,1897
017121,Odolo,2018,popolazione_residente,1907
017121,Odolo,2019,popolazione_residente,1916
017121,Odolo,2020,popolazione_residente,1897
017121,Odolo,2021,popolazione_residente,1927
017121,Odolo,2022,popolazione_residente,1917
017121,Odolo,2023,popolazione_residente,1888
017121,Odolo,2024,popolazione_residente,1907
017122,Offlaga,2018,famiglie,1550
017122,Offlaga,2019,famiglie,1561
017122,Offlaga,2020,famiglie,1593
017122,Offlaga,2021,famiglie,1606
017122,Offlaga,2022,famiglie,1611
017122,Offlaga,2023,famiglie,1634
017122,Offlaga,2024,famiglie,1630
017122,Offlaga,2018,popolazione_in_convivenza,5
017122,Offlaga,2018,popolazione_in_famiglia,4014
017122,Offlaga,2019,popolazione_in_famiglia,4043
017122,Offlaga,2020,popolazione_in_famiglia,4078
017122,Offlaga,2021,popolazione_in_famiglia,4117
017122,Offlaga,2022,popolazione_in_famiglia,4093
017122,Offlaga,2023,popolazione_in_famiglia,4117
017122,Offlaga,2024,popolazione_in_famiglia,4124
017122,Offlaga,2018,popolazione_residente,4019
017122,Offlaga,2019,popolazione_residente,4043
017122,Offlaga,2020,popolazione_residente,4078
017122,Offlaga,2021,popolazione_residente,4117
017122,Offlaga,2022,popolazione_residente,4093
017122,Offlaga,2023,popolazione_residente,4117
017122,Offlaga,2024,popolazione_residente,4124
017123,Ome,2018,famiglie,1334
017123,Ome,2019,famiglie,1335
017123,Ome,2020,famiglie,1338
017123,Ome,2021,famiglie,1335
017123,Ome,2022,famiglie,1344
017123,Ome,2023,famiglie,1354
017123,Ome,2024,famiglie,1356
017123,Ome,2023,popolazione_in_convivenza,6
017123,Ome,2024,popolazione_in_convivenza,6
017123,Ome,2018,popolazione_in_famiglia,3203
017123,Ome,2019,popolazione_in_famiglia,3194
017123,Ome,2020,popolazione_in_famiglia,3185
017123,Ome,2021,popolazione_in_famiglia,3152
017123,Ome,2022,popolazione_in_famiglia,3163
017123,Ome,2023,popolazione_in_famiglia,3145
017123,Ome,2024,popolazione_in_famiglia,3122
017123,Ome,2018,popolazione_residente,3203
017123,Ome,2019,popolazione_residente,3194
017123,Ome,2020,popolazione_residente,3185
017123,Ome,2021,popolazione_residente,3152
017123,Ome,2022,popolazione_residente,3163
017123,Ome,2023,popolazione_residente,3151
017123,Ome,2024,popolazione_residente,3128
017124,Ono San Pietro,2018,famiglie,423
017124,Ono San Pietro,2019,famiglie,429
017124,Ono San Pietro,2020,famiglie,429
017124,Ono San Pietro,2021,famiglie,425
017124,Ono San Pietro,2022,famiglie,425
017124,Ono San Pietro,2023,famiglie,418
017124,Ono San Pietro,2024,famiglie,424
017124,Ono San Pietro,2018,popolazione_in_famiglia,965
017124,Ono San Pietro,2019,popolazione_in_famiglia,977
017124,Ono San Pietro,2020,popolazione_in_famiglia,973
017124,Ono San Pietro,2021,popolazione_in_famiglia,965
017124,Ono San Pietro,2022,popolazione_in_famiglia,966
017124,Ono San Pietro,2023,popolazione_in_famiglia,953
017124,Ono San Pietro,2024,popolazione_in_famiglia,961
017124,Ono San Pietro,2018,popolazione_residente,965
017124,Ono San Pietro,2019,popolazione_residente,977
017124,Ono San Pietro,2020,popolazione_residente,973
017124,Ono San Pietro,2021,popolazione_residente,965
017124,Ono San Pietro,2022,popolazione_residente,966
017124,Ono San Pietro,2023,popolazione_residente,953
017124,Ono San Pietro,2024,popolazione_residente,961
017125,Orzinuovi,2018,famiglie,5010
017125,Orzinuovi,2019,famiglie,5063
017125,Orzinuovi,2020,famiglie,5134
017125,Orzinuovi,2021,famiglie,5149
017125,Orzinuovi,2022,famiglie,5204
017125,Orzinuovi,2023,famiglie,5195
017125,Orzinuovi,2024,famiglie,5219
017125,Orzinuovi,2018,popolazione_in_convivenza,86
017125,Orzinuovi,2019,popolazione_in_convivenza,81
017125,Orzinuovi,2020,popolazione_in_convivenza,73
017125,Orzinuovi,2021,popolazione_in_convivenza,73
017125,Orzinuovi,2022,popolazione_in_convivenza,68
017125,Orzinuovi,2023,popolazione_in_convivenza,76
017125,Orzinuovi,2024,popolazione_in_convivenza,62
017125,Orzinuovi,2018,popolazione_in_famiglia,12292
017125,Orzinuovi,2019,popolazione_in_famiglia,12351
017125,Orzinuovi,2020,popolazione_in_famiglia,12276
017125,Orzinuovi,2021,popolazione_in_famiglia,12299
017125,Orzinuovi,2022,popolazione_in_famiglia,12374
017125,Orzinuovi,2023,popolazione_in_famiglia,12349
017125,Orzinuovi,2024,popolazione_in_famiglia,12387
017125,Orzinuovi,2018,popolazione_residente,12378
017125,Orzinuovi,2019,popolazione_residente,12432
017125,Orzinuovi,2020,popolazione_residente,12349
017125,Orzinuovi,2021,popolazione_residente,12372
017125,Orzinuovi,2022,popolazione_residente,12442
017125,Orzinuovi,2023,popolazione_residente,12425
017125,Orzinuovi,2024,popolazione_residente,12449
017126,Orzivecchi,2018,famiglie,969
017126,Orzivecchi,2019,famiglie,972
017126,Orzivecchi,2020,famiglie,979
017126,Orzivecchi,2021,famiglie,980
017126,Orzivecchi,2022,famiglie,990
017126,Orzivecchi,2023,famiglie,1007
017126,Orzivecchi,2024,famiglie,1004
017126,Orzivecchi,2018,popolazione_in_convivenza,28
017126,Orzivecchi,2019,popolazione_in_convivenza,27
017126,Orzivecchi,2020,popolazione_in_convivenza,17
017126,Orzivecchi,2021,popolazione_in_convivenza,19
017126,Orzivecchi,2022,popolazione_in_convivenza,17
017126,Orzivecchi,2023,popolazione_in_convivenza,13
017126,Orzivecchi,2024,popolazione_in_convivenza,13
017126,Orzivecchi,2018,popolazione_in_famiglia,2414
017126,Orzivecchi,2019,popolazione_in_famiglia,2447
017126,Orzivecchi,2020,popolazione_in_famiglia,2399
017126,Orzivecchi,2021,popolazione_in_famiglia,2411
017126,Orzivecchi,2022,popolazione_in_famiglia,2429
017126,Orzivecchi,2023,popolazione_in_famiglia,2493
017126,Orzivecchi,2024,popolazione_in_famiglia,2488
017126,Orzivecchi,2018,popolazione_residente,2442
017126,Orzivecchi,2019,popolazione_residente,2474
017126,Orzivecchi,2020,popolazione_residente,2416
017126,Orzivecchi,2021,popolazione_residente,2430
017126,Orzivecchi,2022,popolazione_residente,2446
017126,Orzivecchi,2023,popolazione_residente,2506
017126,Orzivecchi,2024,popolazione_residente,2501
017127,Ospitaletto,2018,famiglie,5739
017127,Ospitaletto,2019,famiglie,5733
017127,Ospitaletto,2020,famiglie,5979
017127,Ospitaletto,2021,famiglie,5956
017127,Ospitaletto,2022,famiglie,6009
017127,Ospitaletto,2023,famiglie,6031
017127,Ospitaletto,2024,famiglie,6023
017127,Ospitaletto,2018,popolazione_in_convivenza,60
017127,Ospitaletto,2019,popolazione_in_convivenza,70
017127,Ospitaletto,2020,popolazione_in_convivenza,70
017127,Ospitaletto,2021,popolazione_in_convivenza,75
017127,Ospitaletto,2022,popolazione_in_convivenza,60
017127,Ospitaletto,2023,popolazione_in_convivenza,77
017127,Ospitaletto,2024,popolazione_in_convivenza,80
017127,Ospitaletto,2018,popolazione_in_famiglia,14183
017127,Ospitaletto,2019,popolazione_in_famiglia,14187
017127,Ospitaletto,2020,popolazione_in_famiglia,14550
017127,Ospitaletto,2021,popolazione_in_famiglia,14588
017127,Ospitaletto,2022,popolazione_in_famiglia,14684
017127,Ospitaletto,2023,popolazione_in_famiglia,14777
017127,Ospitaletto,2024,popolazione_in_famiglia,14775
017127,Ospitaletto,2018,popolazione_residente,14243
017127,Ospitaletto,2019,popolazione_residente,14257
017127,Ospitaletto,2020,popolazione_residente,14620
017127,Ospitaletto,2021,popolazione_residente,14663
017127,Ospitaletto,2022,popolazione_residente,14744
017127,Ospitaletto,2023,popolazione_residente,14854
017127,Ospitaletto,2024,popolazione_residente,14855
017128,Ossimo,2018,famiglie,735
017128,Ossimo,2019,famiglie,795
017128,Ossimo,2020,famiglie,754
017128,Ossimo,2021,famiglie,740
017128,Ossimo,2022,famiglie,762
017128,Ossimo,2023,famiglie,756
017128,Ossimo,2024,famiglie,756
017128,Ossimo,2018,popolazione_in_famiglia,1459
017128,Ossimo,2019,popolazione_in_famiglia,1534
017128,Ossimo,2020,popolazione_in_famiglia,1454
017128,Ossimo,2021,popolazione_in_famiglia,1452
017128,Ossimo,2022,popolazione_in_famiglia,1471
017128,Ossimo,2023,popolazione_in_famiglia,1442
017128,Ossimo,2024,popolazione_in_famiglia,1437
017128,Ossimo,2018,popolazione_residente,1459
017128,Ossimo,2019,popolazione_residente,1534
017128,Ossimo,2020,popolazione_residente,1454
017128,Ossimo,2021,popolazione_residente,1452
017128,Ossimo,2022,popolazione_residente,1471
017128,Ossimo,2023,popolazione_residente,1442
017128,Ossimo,2024,popolazione_residente,1437
017129,Padenghe sul Garda,2018,famiglie,2196
017129,Padenghe sul Garda,2019,famiglie,2233
017129,Padenghe sul Garda,2020,famiglie,2285
017129,Padenghe sul Garda,2021,famiglie,2320
017129,Padenghe sul Garda,2022,famiglie,2342
017129,Padenghe sul Garda,2023,famiglie,2374
017129,Padenghe sul Garda,2024,famiglie,2398
017129,Padenghe sul Garda,2018,popolazione_in_convivenza,34
017129,Padenghe sul Garda,2019,popolazione_in_convivenza,30
017129,Padenghe sul Garda,2020,popolazione_in_convivenza,24
017129,Padenghe sul Garda,2021,popolazione_in_convivenza,20
017129,Padenghe sul Garda,2022,popolazione_in_convivenza,27
017129,Padenghe sul Garda,2023,popolazione_in_convivenza,47
017129,Padenghe sul Garda,2024,popolazione_in_convivenza,50
017129,Padenghe sul Garda,2018,popolazione_in_famiglia,4593
017129,Padenghe sul Garda,2019,popolazione_in_famiglia,4631
017129,Padenghe sul Garda,2020,popolazione_in_famiglia,4672
017129,Padenghe sul Garda,2021,popolazione_in_famiglia,4753
017129,Padenghe sul Garda,2022,popolazione_in_famiglia,4811
017129,Padenghe sul Garda,2023,popolazione_in_famiglia,4824
017129,Padenghe sul Garda,2024,popolazione_in_famiglia,4846
017129,Padenghe sul Garda,2018,popolazione_residente,4627
017129,Padenghe sul Garda,2019,popolazione_residente,4661
017129,Padenghe sul Garda,2020,popolazione_residente,4696
017129,Padenghe sul Garda,2021,popolazione_residente,4773
017129,Padenghe sul Garda,2022,popolazione_residente,4838
017129,Padenghe sul Garda,2023,popolazione_residente,4871
017129,Padenghe sul Garda,2024,popolazione_residente,4896
017130,Paderno Franciacorta,2018,famiglie,1439
017130,Paderno Franciacorta,2019,famiglie,1451
017130,Paderno Franciacorta,2020,famiglie,1484
017130,Paderno Franciacorta,2021,famiglie,1487
017130,Paderno Franciacorta,2022,famiglie,1488
017130,Paderno Franciacorta,2023,famiglie,1505
017130,Paderno Franciacorta,2024,famiglie,1504
017130,Paderno Franciacorta,2018,popolazione_in_convivenza,22
017130,Paderno Franciacorta,2019,popolazione_in_convivenza,17
017130,Paderno Franciacorta,2020,popolazione_in_convivenza,16
017130,Paderno Franciacorta,2021,popolazione_in_convivenza,24
017130,Paderno Franciacorta,2022,popolazione_in_convivenza,17
017130,Paderno Franciacorta,2023,popolazione_in_convivenza,18
017130,Paderno Franciacorta,2024,popolazione_in_convivenza,19
017130,Paderno Franciacorta,2018,popolazione_in_famiglia,3612
017130,Paderno Franciacorta,2019,popolazione_in_famiglia,3628
017130,Paderno Franciacorta,2020,popolazione_in_famiglia,3604
017130,Paderno Franciacorta,2021,popolazione_in_famiglia,3613
017130,Paderno Franciacorta,2022,popolazione_in_famiglia,3623
017130,Paderno Franciacorta,2023,popolazione_in_famiglia,3655
017130,Paderno Franciacorta,2024,popolazione_in_famiglia,3658
017130,Paderno Franciacorta,2018,popolazione_residente,3634
017130,Paderno Franciacorta,2019,popolazione_residente,3645
017130,Paderno Franciacorta,2020,popolazione_residente,3620
017130,Paderno Franciacorta,2021,popolazione_residente,3637
017130,Paderno Franciacorta,2022,popolazione_residente,3640
017130,Paderno Franciacorta,2023,popolazione_residente,3673
017130,Paderno Franciacorta,2024,popolazione_residente,3677
017131,Paisco Loveno,2018,famiglie,95
017131,Paisco Loveno,2019,famiglie,95
017131,Paisco Loveno,2020,famiglie,95
017131,Paisco Loveno,2021,famiglie,97
017131,Paisco Loveno,2022,famiglie,95
017131,Paisco Loveno,2023,famiglie,97
017131,Paisco Loveno,2024,famiglie,97
017131,Paisco Loveno,2018,popolazione_in_famiglia,184
017131,Paisco Loveno,2019,popolazione_in_famiglia,175
017131,Paisco Loveno,2020,popolazione_in_famiglia,173
017131,Paisco Loveno,2021,popolazione_in_famiglia,176
017131,Paisco Loveno,2022,popolazione_in_famiglia,172
017131,Paisco Loveno,2023,popolazione_in_famiglia,167
017131,Paisco Loveno,2024,popolazione_in_famiglia,166
017131,Paisco Loveno,2018,popolazione_residente,184
017131,Paisco Loveno,2019,popolazione_residente,175
017131,Paisco Loveno,2020,popolazione_residente,173
017131,Paisco Loveno,2021,popolazione_residente,176
017131,Paisco Loveno,2022,popolazione_residente,172
017131,Paisco Loveno,2023,popolazione_residente,167
017131,Paisco Loveno,2024,popolazione_residente,166
017132,Paitone,2018,famiglie,882
017132,Paitone,2019,famiglie,891
017132,Paitone,2020,famiglie,904
017132,Paitone,2021,famiglie,906
017132,Paitone,2022,famiglie,917
017132,Paitone,2023,famiglie,926
017132,Paitone,2024,famiglie,952
017132,Paitone,2018,popolazione_in_convivenza,4
017132,Paitone,2019,popolazione_in_convivenza,5
017132,Paitone,2020,popolazione_in_convivenza,7
017132,Paitone,2021,popolazione_in_convivenza,6
017132,Paitone,2022,popolazione_in_convivenza,3
017132,Paitone,2023,popolazione_in_convivenza,3
017132,Paitone,2024,popolazione_in_convivenza,2
017132,Paitone,2018,popolazione_in_famiglia,2104
017132,Paitone,2019,popolazione_in_famiglia,2117
017132,Paitone,2020,popolazione_in_famiglia,2141
017132,Paitone,2021,popolazione_in_famiglia,2164
017132,Paitone,2022,popolazione_in_famiglia,2178
017132,Paitone,2023,popolazione_in_famiglia,2189
017132,Paitone,2024,popolazione_in_famiglia,2207
017132,Paitone,2018,popolazione_residente,2108
017132,Paitone,2019,popolazione_residente,2122
017132,Paitone,2020,popolazione_residente,2148
017132,Paitone,2021,popolazione_residente,2170
017132,Paitone,2022,popolazione_residente,2181
017132,Paitone,2023,popolazione_residente,2192
017132,Paitone,2024,popolazione_residente,2209
017133,Palazzolo sull'Oglio,2018,famiglie,8250
017133,Palazzolo sull'Oglio,2019,famiglie,8347
017133,Palazzolo sull'Oglio,2020,famiglie,8423
017133,Palazzolo sull'Oglio,2021,famiglie,8440
017133,Palazzolo sull'Oglio,2022,famiglie,8532
017133,Palazzolo sull'Oglio,2023,famiglie,8628
017133,Palazzolo sull'Oglio,2024,famiglie,8749
017133,Palazzolo sull'Oglio,2018,popolazione_in_convivenza,92
017133,Palazzolo sull'Oglio,2019,popolazione_in_convivenza,110
017133,Palazzolo sull'Oglio,2020,popolazione_in_convivenza,113
017133,Palazzolo sull'Oglio,2021,popolazione_in_convivenza,106
017133,Palazzolo sull'Oglio,2022,popolazione_in_convivenza,113
017133,Palazzolo sull'Oglio,2023,popolazione_in_convivenza,95
017133,Palazzolo sull'Oglio,2024,popolazione_in_convivenza,98
017133,Palazzolo sull'Oglio,2018,popolazione_in_famiglia,19846
017133,Palazzolo sull'Oglio,2019,popolazione_in_famiglia,20015
017133,Palazzolo sull'Oglio,2020,popolazione_in_famiglia,19827
017133,Palazzolo sull'Oglio,2021,popolazione_in_famiglia,19831
017133,Palazzolo sull'Oglio,2022,popolazione_in_famiglia,20050
017133,Palazzolo sull'Oglio,2023,popolazione_in_famiglia,20124
017133,Palazzolo sull'Oglio,2024,popolazione_in_famiglia,20305
017133,Palazzolo sull'Oglio,2018,popolazione_residente,19938
017133,Palazzolo sull'Oglio,2019,popolazione_residente,20125
017133,Palazzolo sull'Oglio,2020,popolazione_residente,19940
017133,Palazzolo sull'Oglio,2021,popolazione_residente,19937
017133,Palazzolo sull'Oglio,2022,popolazione_residente,20163
017133,Palazzolo sull'Oglio,2023,popolazione_residente,20219
017133,Palazzolo sull'Oglio,2024,popolazione_residente,20403
017134,Paratico,2018,famiglie,2078
017134,Paratico,2019,famiglie,2110
017134,Paratico,2020,famiglie,2135
017134,Paratico,2021,famiglie,2158
017134,Paratico,2022,famiglie,2196
017134,Paratico,2023,famiglie,2207
017134,Paratico,2024,famiglie,2226
017134,Paratico,2018,popolazione_in_convivenza,4
017134,Paratico,2019,popolazione_in_convivenza,4
017134,Paratico,2020,popolazione_in_convivenza,4
017134,Paratico,2021,popolazione_in_convivenza,3
017134,Paratico,2023,popolazione_in_convivenza,2
017134,Paratico,2018,popolazione_in_famiglia,4779
017134,Paratico,2019,popolazione_in_famiglia,4810
017134,Paratico,2020,popolazione_in_famiglia,4842
017134,Paratico,2021,popolazione_in_famiglia,4881
017134,Paratico,2022,popolazione_in_famiglia,4960
017134,Paratico,2023,popolazione_in_famiglia,4985
017134,Paratico,2024,popolazione_in_famiglia,5019
017134,Paratico,2018,popolazione_residente,4783
017134,Paratico,2019,popolazione_residente,4814
017134,Paratico,2020,popolazione_residente,4846
017134,Paratico,2021,popolazione_residente,4884
017134,Paratico,2022,popolazione_residente,4960
017134,Paratico,2023,popolazione_residente,4987
017134,Paratico,2024,popolazione_residente,5019
017135,Paspardo,2018,famiglie,291
017135,Paspardo,2019,famiglie,294
017135,Paspardo,2020,famiglie,292
017135,Paspardo,2021,famiglie,287
017135,Paspardo,2022,famiglie,290
017135,Paspardo,2023,famiglie,287
017135,Paspardo,2024,famiglie,290
017135,Paspardo,2024,popolazione_in_convivenza,1
017135,Paspardo,2018,popolazione_in_famiglia,604
017135,Paspardo,2019,popolazione_in_famiglia,601
017135,Paspardo,2020,popolazione_in_famiglia,587
017135,Paspardo,2021,popolazione_in_famiglia,579
017135,Paspardo,2022,popolazione_in_famiglia,579
017135,Paspardo,2023,popolazione_in_famiglia,571
017135,Paspardo,2024,popolazione_in_famiglia,578
017135,Paspardo,2018,popolazione_residente,604
017135,Paspardo,2019,popolazione_residente,601
017135,Paspardo,2020,popolazione_residente,587
017135,Paspardo,2021,popolazione_residente,579
017135,Paspardo,2022,popolazione_residente,579
017135,Paspardo,2023,popolazione_residente,571
017135,Paspardo,2024,popolazione_residente,579
017136,Passirano,2018,famiglie,2960
017136,Passirano,2019,famiglie,2973
017136,Passirano,2020,famiglie,2994
017136,Passirano,2021,famiglie,2994
017136,Passirano,2022,famiglie,2991
017136,Passirano,2023,famiglie,3006
017136,Passirano,2024,famiglie,3004
017136,Passirano,2018,popolazione_in_convivenza,35
017136,Passirano,2019,popolazione_in_convivenza,41
017136,Passirano,2020,popolazione_in_convivenza,39
017136,Passirano,2021,popolazione_in_convivenza,43
017136,Passirano,2022,popolazione_in_convivenza,46
017136,Passirano,2023,popolazione_in_convivenza,47
017136,Passirano,2024,popolazione_in_convivenza,46
017136,Passirano,2018,popolazione_in_famiglia,6974
017136,Passirano,2019,popolazione_in_famiglia,6933
017136,Passirano,2020,popolazione_in_famiglia,6894
017136,Passirano,2021,popolazione_in_famiglia,6871
017136,Passirano,2022,popolazione_in_famiglia,6844
017136,Passirano,2023,popolazione_in_famiglia,6829
017136,Passirano,2024,popolazione_in_famiglia,6787
017136,Passirano,2018,popolazione_residente,7009
017136,Passirano,2019,popolazione_residente,6974
017136,Passirano,2020,popolazione_residente,6933
017136,Passirano,2021,popolazione_residente,6914
017136,Passirano,2022,popolazione_residente,6890
017136,Passirano,2023,popolazione_residente,6876
017136,Passirano,2024,popolazione_residente,6833
017137,Pavone del Mella,2018,famiglie,1071
017137,Pavone del Mella,2019,famiglie,1081
017137,Pavone del Mella,2020,famiglie,1106
017137,Pavone del Mella,2021,famiglie,1102
017137,Pavone del Mella,2022,famiglie,1093
017137,Pavone del Mella,2023,famiglie,1099
017137,Pavone del Mella,2024,famiglie,1113
017137,Pavone del Mella,2018,popolazione_in_famiglia,2721
017137,Pavone del Mella,2019,popolazione_in_famiglia,2730
017137,Pavone del Mella,2020,popolazione_in_famiglia,2731
017137,Pavone del Mella,2021,popolazione_in_famiglia,2706
017137,Pavone del Mella,2022,popolazione_in_famiglia,2676
017137,Pavone del Mella,2023,popolazione_in_famiglia,2723
017137,Pavone del Mella,2024,popolazione_in_famiglia,2732
017137,Pavone del Mella,2018,popolazione_residente,2721
017137,Pavone del Mella,2019,popolazione_residente,2730
017137,Pavone del Mella,2020,popolazione_residente,2731
017137,Pavone del Mella,2021,popolazione_residente,2706
017137,Pavone del Mella,2022,popolazione_residente,2676
017137,Pavone del Mella,2023,popolazione_residente,2723
017137,Pavone del Mella,2024,popolazione_residente,2732
017138,San Paolo,2018,famiglie,1706
017138,San Paolo,2019,famiglie,1715
017138,San Paolo,2020,famiglie,1724
017138,San Paolo,2021,famiglie,1717
017138,San Paolo,2022,famiglie,1722
017138,San Paolo,2023,famiglie,1726
017138,San Paolo,2024,famiglie,1738
017138,San Paolo,2018,popolazione_in_convivenza,4
017138,San Paolo,2019,popolazione_in_convivenza,4
017138,San Paolo,2020,popolazione_in_convivenza,4
017138,San Paolo,2021,popolazione_in_convivenza,4
017138,San Paolo,2022,popolazione_in_convivenza,4
017138,San Paolo,2023,popolazione_in_convivenza,3
017138,San Paolo,2024,popolazione_in_convivenza,2
017138,San Paolo,2018,popolazione_in_famiglia,4452
017138,San Paolo,2019,popolazione_in_famiglia,4451
017138,San Paolo,2020,popolazione_in_famiglia,4438
017138,San Paolo,2021,popolazione_in_famiglia,4413
017138,San Paolo,2022,popolazione_in_famiglia,4425
017138,San Paolo,2023,popolazione_in_famiglia,4415
017138,San Paolo,2024,popolazione_in_famiglia,4442
017138,San Paolo,2018,popolazione_residente,4456
017138,San Paolo,2019,popolazione_residente,4455
017138,San Paolo,2020,popolazione_residente,4442
017138,San Paolo,2021,popolazione_residente,4417
017138,San Paolo,2022,popolazione_residente,4429
017138,San Paolo,2023,popolazione_residente,4418
017138,San Paolo,2024,popolazione_residente,4444
017139,Pertica Alta,2018,famiglie,265
017139,Pertica Alta,2019,famiglie,262
017139,Pertica Alta,2020,famiglie,268
017139,Pertica Alta,2021,famiglie,265
017139,Pertica Alta,2022,famiglie,264
017139,Pertica Alta,2023,famiglie,265
017139,Pertica Alta,2024,famiglie,264
017139,Pertica Alta,2018,popolazione_in_famiglia,544
017139,Pertica Alta,2019,popolazione_in_famiglia,541
017139,Pertica Alta,2020,popolazione_in_famiglia,556
017139,Pertica Alta,2021,popolazione_in_famiglia,557
017139,Pertica Alta,2022,popolazione_in_famiglia,555
017139,Pertica Alta,2023,popolazione_in_famiglia,553
017139,Pertica Alta,2024,popolazione_in_famiglia,558
017139,Pertica Alta,2018,popolazione_residente,544
017139,Pertica Alta,2019,popolazione_residente,541
017139,Pertica Alta,2020,popolazione_residente,556
017139,Pertica Alta,2021,popolazione_residente,557
017139,Pertica Alta,2022,popolazione_residente,555
017139,Pertica Alta,2023,popolazione_residente,553
017139,Pertica Alta,2024,popolazione_residente,558
017140,Pertica Bassa,2018,famiglie,289
017140,Pertica Bassa,2019,famiglie,281
017140,Pertica Bassa,2020,famiglie,277
017140,Pertica Bassa,2021,famiglie,271
017140,Pertica Bassa,2022,famiglie,270
017140,Pertica Bassa,2023,famiglie,281
017140,Pertica Bassa,2024,famiglie,271
017140,Pertica Bassa,2018,popolazione_in_famiglia,603
017140,Pertica Bassa,2019,popolazione_in_famiglia,604
017140,Pertica Bassa,2020,popolazione_in_famiglia,585
017140,Pertica Bassa,2021,popolazione_in_famiglia,576
017140,Pertica Bassa,2022,popolazione_in_famiglia,555
017140,Pertica Bassa,2023,popolazione_in_famiglia,571
017140,Pertica Bassa,2024,popolazione_in_famiglia,553
017140,Pertica Bassa,2018,popolazione_residente,603
017140,Pertica Bassa,2019,popolazione_residente,604
017140,Pertica Bassa,2020,popolazione_residente,585
017140,Pertica Bassa,2021,popolazione_residente,576
017140,Pertica Bassa,2022,popolazione_residente,555
017140,Pertica Bassa,2023,popolazione_residente,571
017140,Pertica Bassa,2024,popolazione_residente,553
017141,Pezzaze,2018,famiglie,689
017141,Pezzaze,2019,famiglie,680
017141,Pezzaze,2020,famiglie,674
017141,Pezzaze,2021,famiglie,672
017141,Pezzaze,2022,famiglie,680
017141,Pezzaze,2023,famiglie,687
017141,Pezzaze,2024,famiglie,694
017141,Pezzaze,2018,popolazione_in_convivenza,15
017141,Pezzaze,2019,popolazione_in_convivenza,10
017141,Pezzaze,2020,popolazione_in_convivenza,15
017141,Pezzaze,2021,popolazione_in_convivenza,20
017141,Pezzaze,2022,popolazione_in_convivenza,21
017141,Pezzaze,2023,popolazione_in_convivenza,17
017141,Pezzaze,2024,popolazione_in_convivenza,14
017141,Pezzaze,2018,popolazione_in_famiglia,1474
017141,Pezzaze,2019,popolazione_in_famiglia,1455
017141,Pezzaze,2020,popolazione_in_famiglia,1435
017141,Pezzaze,2021,popolazione_in_famiglia,1428
017141,Pezzaze,2022,popolazione_in_famiglia,1431
017141,Pezzaze,2023,popolazione_in_famiglia,1435
017141,Pezzaze,2024,popolazione_in_famiglia,1405
017141,Pezzaze,2018,popolazione_residente,1489
017141,Pezzaze,2019,popolazione_residente,1465
017141,Pezzaze,2020,popolazione_residente,1450
017141,Pezzaze,2021,popolazione_residente,1448
017141,Pezzaze,2022,popolazione_residente,1452
017141,Pezzaze,2023,popolazione_residente,1452
017141,Pezzaze,2024,popolazione_residente,1419
017142,Pian Camuno,2018,famiglie,1980
017142,Pian Camuno,2019,famiglie,2009
017142,Pian Camuno,2020,famiglie,2027
017142,Pian Camuno,2021,famiglie,2050
017142,Pian Camuno,2022,famiglie,2074
017142,Pian Camuno,2023,famiglie,2081
017142,Pian Camuno,2024,famiglie,2113
017142,Pian Camuno,2018,popolazione_in_convivenza,8
017142,Pian Camuno,2019,popolazione_in_convivenza,5
017142,Pian Camuno,2018,popolazione_in_famiglia,4714
017142,Pian Camuno,2019,popolazione_in_famiglia,4737
017142,Pian Camuno,2020,popolazione_in_famiglia,4701
017142,Pian Camuno,2021,popolazione_in_famiglia,4733
017142,Pian Camuno,2022,popolazione_in_famiglia,4770
017142,Pian Camuno,2023,popolazione_in_famiglia,4766
017142,Pian Camuno,2024,popolazione_in_famiglia,4789
017142,Pian Camuno,2018,popolazione_residente,4722
017142,Pian Camuno,2019,popolazione_residente,4742
017142,Pian Camuno,2020,popolazione_residente,4701
017142,Pian Camuno,2021,popolazione_residente,4733
017142,Pian Camuno,2022,popolazione_residente,4770
017142,Pian Camuno,2023,popolazione_residente,4766
017142,Pian Camuno,2024,popolazione_residente,4789
017143,Pisogne,2018,famiglie,3577
017143,Pisogne,2019,famiglie,3564
017143,Pisogne,2020,famiglie,3605
017143,Pisogne,2021,famiglie,3588
017143,Pisogne,2022,famiglie,3638
017143,Pisogne,2023,famiglie,3657
017143,Pisogne,2024,famiglie,3648
017143,Pisogne,2018,popolazione_in_convivenza,44
017143,Pisogne,2019,popolazione_in_convivenza,55
017143,Pisogne,2020,popolazione_in_convivenza,40
017143,Pisogne,2021,popolazione_in_convivenza,47
017143,Pisogne,2022,popolazione_in_convivenza,45
017143,Pisogne,2023,popolazione_in_convivenza,43
017143,Pisogne,2024,popolazione_in_convivenza,42
017143,Pisogne,2018,popolazione_in_famiglia,7928
017143,Pisogne,2019,popolazione_in_famiglia,7866
017143,Pisogne,2020,popolazione_in_famiglia,7842
017143,Pisogne,2021,popolazione_in_famiglia,7756
017143,Pisogne,2022,popolazione_in_famiglia,7815
017143,Pisogne,2023,popolazione_in_famiglia,7851
017143,Pisogne,2024,popolazione_in_famiglia,7830
017143,Pisogne,2018,popolazione_residente,7972
017143,Pisogne,2019,popolazione_residente,7921
017143,Pisogne,2020,popolazione_residente,7882
017143,Pisogne,2021,popolazione_residente,7803
017143,Pisogne,2022,popolazione_residente,7860
017143,Pisogne,2023,popolazione_residente,7894
017143,Pisogne,2024,popolazione_residente,7872
017144,Polaveno,2018,famiglie,1051
017144,Polaveno,2019,famiglie,1045
017144,Polaveno,2020,famiglie,1047
017144,Polaveno,2021,famiglie,1053
017144,Polaveno,2022,famiglie,1059
017144,Polaveno,2023,famiglie,1082
017144,Polaveno,2024,famiglie,1099
017144,Polaveno,2018,popolazione_in_convivenza,7
017144,Polaveno,2019,popolazione_in_convivenza,5
017144,Polaveno,2020,popolazione_in_convivenza,5
017144,Polaveno,2018,popolazione_in_famiglia,2489
017144,Polaveno,2019,popolazione_in_famiglia,2460
017144,Polaveno,2020,popolazione_in_famiglia,2443
017144,Polaveno,2021,popolazione_in_famiglia,2464
017144,Polaveno,2022,popolazione_in_famiglia,2458
017144,Polaveno,2023,popolazione_in_famiglia,2477
017144,Polaveno,2024,popolazione_in_famiglia,2505
017144,Polaveno,2018,popolazione_residente,2496
017144,Polaveno,2019,popolazione_residente,2465
017144,Polaveno,2020,popolazione_residente,2448
017144,Polaveno,2021,popolazione_residente,2464
017144,Polaveno,2022,popolazione_residente,2458
017144,Polaveno,2023,popolazione_residente,2477
017144,Polaveno,2024,popolazione_residente,2505
017145,Polpenazze del Garda,2018,famiglie,1268
017145,Polpenazze del Garda,2019,famiglie,1278
017145,Polpenazze del Garda,2020,famiglie,1329
017145,Polpenazze del Garda,2021,famiglie,1340
017145,Polpenazze del Garda,2022,famiglie,1362
017145,Polpenazze del Garda,2023,famiglie,1373
017145,Polpenazze del Garda,2024,famiglie,1388
017145,Polpenazze del Garda,2018,popolazione_in_convivenza,10
017145,Polpenazze del Garda,2019,popolazione_in_convivenza,10
017145,Polpenazze del Garda,2020,popolazione_in_convivenza,9
017145,Polpenazze del Garda,2021,popolazione_in_convivenza,11
017145,Polpenazze del Garda,2022,popolazione_in_convivenza,10
017145,Polpenazze del Garda,2023,popolazione_in_convivenza,7
017145,Polpenazze del Garda,2024,popolazione_in_convivenza,6
017145,Polpenazze del Garda,2018,popolazione_in_famiglia,2636
017145,Polpenazze del Garda,2019,popolazione_in_famiglia,2642
017145,Polpenazze del Garda,2020,popolazione_in_famiglia,2682
017145,Polpenazze del Garda,2021,popolazione_in_famiglia,2694
017145,Polpenazze del Garda,2022,popolazione_in_famiglia,2719
017145,Polpenazze del Garda,2023,popolazione_in_famiglia,2729
017145,Polpenazze del Garda,2024,popolazione_in_famiglia,2716
017145,Polpenazze del Garda,2018,popolazione_residente,2646
017145,Polpenazze del Garda,2019,popolazione_residente,2652
017145,Polpenazze del Garda,2020,popolazione_residente,2691
017145,Polpenazze del Garda,2021,popolazione_residente,2705
017145,Polpenazze del Garda,2022,popolazione_residente,2729
017145,Polpenazze del Garda,2023,popolazione_residente,2736
017145,Polpenazze del Garda,2024,popolazione_residente,2722
017146,Pompiano,2018,famiglie,1457
017146,Pompiano,2019,famiglie,1476
017146,Pompiano,2020,famiglie,1487
017146,Pompiano,2021,famiglie,1491
017146,Pompiano,2022,famiglie,1493
017146,Pompiano,2023,famiglie,1490
017146,Pompiano,2024,famiglie,1493
017146,Pompiano,2018,popolazione_in_convivenza,10
017146,Pompiano,2019,popolazione_in_convivenza,4
017146,Pompiano,2020,popolazione_in_convivenza,6
017146,Pompiano,2021,popolazione_in_convivenza,7
017146,Pompiano,2022,popolazione_in_convivenza,8
017146,Pompiano,2023,popolazione_in_convivenza,5
017146,Pompiano,2024,popolazione_in_convivenza,4
017146,Pompiano,2018,popolazione_in_famiglia,3722
017146,Pompiano,2019,popolazione_in_famiglia,3739
017146,Pompiano,2020,popolazione_in_famiglia,3753
017146,Pompiano,2021,popolazione_in_famiglia,3737
017146,Pompiano,2022,popolazione_in_famiglia,3703
017146,Pompiano,2023,popolazione_in_famiglia,3698
017146,Pompiano,2024,popolazione_in_famiglia,3741
017146,Pompiano,2018,popolazione_residente,3732
017146,Pompiano,2019,popolazione_residente,3743
017146,Pompiano,2020,popolazione_residente,3759
017146,Pompiano,2021,popolazione_residente,3744
017146,Pompiano,2022,popolazione_residente,3711
017146,Pompiano,2023,popolazione_residente,3703
017146,Pompiano,2024,popolazione_residente,3745
017147,Poncarale,2018,famiglie,2096
017147,Poncarale,2019,famiglie,2118
017147,Poncarale,2020,famiglie,2150
017147,Poncarale,2021,famiglie,2144
017147,Poncarale,2022,famiglie,2165
017147,Poncarale,2023,famiglie,2171
017147,Poncarale,2024,famiglie,2179
017147,Poncarale,2018,popolazione_in_convivenza,3
017147,Poncarale,2019,popolazione_in_convivenza,3
017147,Poncarale,2018,popolazione_in_famiglia,5163
017147,Poncarale,2019,popolazione_in_famiglia,5206
017147,Poncarale,2020,popolazione_in_famiglia,5182
017147,Poncarale,2021,popolazione_in_famiglia,5161
017147,Poncarale,2022,popolazione_in_famiglia,5184
017147,Poncarale,2023,popolazione_in_famiglia,5184
017147,Poncarale,2024,popolazione_in_famiglia,5200
017147,Poncarale,2018,popolazione_residente,5166
017147,Poncarale,2019,popolazione_residente,5209
017147,Poncarale,2020,popolazione_residente,5182
017147,Poncarale,2021,popolazione_residente,5161
017147,Poncarale,2022,popolazione_residente,5184
017147,Poncarale,2023,popolazione_residente,5184
017147,Poncarale,2024,popolazione_residente,5200
017148,Ponte di Legno,2018,famiglie,919
017148,Ponte di Legno,2019,famiglie,912
017148,Ponte di Legno,2020,famiglie,919
017148,Ponte di Legno,2021,famiglie,920
017148,Ponte di Legno,2022,famiglie,933
017148,Ponte di Legno,2023,famiglie,947
017148,Ponte di Legno,2024,famiglie,955
017148,Ponte di Legno,2018,popolazione_in_convivenza,5
017148,Ponte di Legno,2019,popolazione_in_convivenza,4
017148,Ponte di Legno,2020,popolazione_in_convivenza,3
017148,Ponte di Legno,2021,popolazione_in_convivenza,3
017148,Ponte di Legno,2022,popolazione_in_convivenza,3
017148,Ponte di Legno,2023,popolazione_in_convivenza,3
017148,Ponte di Legno,2024,popolazione_in_convivenza,2
017148,Ponte di Legno,2018,popolazione_in_famiglia,1777
017148,Ponte di Legno,2019,popolazione_in_famiglia,1753
017148,Ponte di Legno,2020,popolazione_in_famiglia,1743
017148,Ponte di Legno,2021,popolazione_in_famiglia,1744
017148,Ponte di Legno,2022,popolazione_in_famiglia,1736
017148,Ponte di Legno,2023,popolazione_in_famiglia,1748
017148,Ponte di Legno,2024,popolazione_in_famiglia,1731
017148,Ponte di Legno,2018,popolazione_residente,1782
017148,Ponte di Legno,2019,popolazione_residente,1757
017148,Ponte di Legno,2020,popolazione_residente,1746
017148,Ponte di Legno,2021,popolazione_residente,1747
017148,Ponte di Legno,2022,popolazione_residente,1739
017148,Ponte di Legno,2023,popolazione_residente,1751
017148,Ponte di Legno,2024,popolazione_residente,1733
017149,Pontevico,2018,famiglie,2757
017149,Pontevico,2019,famiglie,2741
017149,Pontevico,2020,famiglie,2795
017149,Pontevico,2021,famiglie,2777
017149,Pontevico,2022,famiglie,2799
017149,Pontevico,2023,famiglie,2816
017149,Pontevico,2024,famiglie,2841
017149,Pontevico,2018,popolazione_in_convivenza,352
017149,Pontevico,2019,popolazione_in_convivenza,360
017149,Pontevico,2020,popolazione_in_convivenza,333
017149,Pontevico,2021,popolazione_in_convivenza,335
017149,Pontevico,2022,popolazione_in_convivenza,351
017149,Pontevico,2023,popolazione_in_convivenza,355
017149,Pontevico,2024,popolazione_in_convivenza,339
017149,Pontevico,2018,popolazione_in_famiglia,6731
017149,Pontevico,2019,popolazione_in_famiglia,6660
017149,Pontevico,2020,popolazione_in_famiglia,6669
017149,Pontevico,2021,popolazione_in_famiglia,6656
017149,Pontevico,2022,popolazione_in_famiglia,6650
017149,Pontevico,2023,popolazione_in_famiglia,6664
017149,Pontevico,2024,popolazione_in_famiglia,6692
017149,Pontevico,2018,popolazione_residente,7083
017149,Pontevico,2019,popolazione_residente,7020
017149,Pontevico,2020,popolazione_residente,7002
017149,Pontevico,2021,popolazione_residente,6991
017149,Pontevico,2022,popolazione_residente,7001
017149,Pontevico,2023,popolazione_residente,7019
017149,Pontevico,2024,popolazione_residente,7031
017150,Pontoglio,2018,famiglie,2699
017150,Pontoglio,2019,famiglie,2693
017150,Pontoglio,2020,famiglie,2726
017150,Pontoglio,2021,famiglie,2740
017150,Pontoglio,2022,famiglie,2744
017150,Pontoglio,2023,famiglie,2764
017150,Pontoglio,2024,famiglie,2768
017150,Pontoglio,2018,popolazione_in_convivenza,26
017150,Pontoglio,2019,popolazione_in_convivenza,26
017150,Pontoglio,2020,popolazione_in_convivenza,18
017150,Pontoglio,2021,popolazione_in_convivenza,19
017150,Pontoglio,2022,popolazione_in_convivenza,19
017150,Pontoglio,2023,popolazione_in_convivenza,19
017150,Pontoglio,2024,popolazione_in_convivenza,21
017150,Pontoglio,2018,popolazione_in_famiglia,6811
017150,Pontoglio,2019,popolazione_in_famiglia,6825
017150,Pontoglio,2020,popolazione_in_famiglia,6854
017150,Pontoglio,2021,popolazione_in_famiglia,6883
017150,Pontoglio,2022,popolazione_in_famiglia,6930
017150,Pontoglio,2023,popolazione_in_famiglia,6980
017150,Pontoglio,2024,popolazione_in_famiglia,6946
017150,Pontoglio,2018,popolazione_residente,6837
017150,Pontoglio,2019,popolazione_residente,6851
017150,Pontoglio,2020,popolazione_residente,6872
017150,Pontoglio,2021,popolazione_residente,6902
017150,Pontoglio,2022,popolazione_residente,6949
017150,Pontoglio,2023,popolazione_residente,6999
017150,Pontoglio,2024,popolazione_residente,6967
017151,Pozzolengo,2018,famiglie,1431
017151,Pozzolengo,2019,famiglie,1447
017151,Pozzolengo,2020,famiglie,1474
017151,Pozzolengo,2021,famiglie,1469
017151,Pozzolengo,2022,famiglie,1475
017151,Pozzolengo,2023,famiglie,1483
017151,Pozzolengo,2024,famiglie,1488
017151,Pozzolengo,2018,popolazione_in_convivenza,41
017151,Pozzolengo,2019,popolazione_in_convivenza,49
017151,Pozzolengo,2020,popolazione_in_convivenza,53
017151,Pozzolengo,2021,popolazione_in_convivenza,53
017151,Pozzolengo,2022,popolazione_in_convivenza,50
017151,Pozzolengo,2023,popolazione_in_convivenza,55
017151,Pozzolengo,2024,popolazione_in_convivenza,56
017151,Pozzolengo,2018,popolazione_in_famiglia,3463
017151,Pozzolengo,2019,popolazione_in_famiglia,3494
017151,Pozzolengo,2020,popolazione_in_famiglia,3500
017151,Pozzolengo,2021,popolazione_in_famiglia,3503
017151,Pozzolengo,2022,popolazione_in_famiglia,3534
017151,Pozzolengo,2023,popolazione_in_famiglia,3524
017151,Pozzolengo,2024,popolazione_in_famiglia,3542
017151,Pozzolengo,2018,popolazione_residente,3504
017151,Pozzolengo,2019,popolazione_residente,3543
017151,Pozzolengo,2020,popolazione_residente,3553
017151,Pozzolengo,2021,popolazione_residente,3556
017151,Pozzolengo,2022,popolazione_residente,3584
017151,Pozzolengo,2023,popolazione_residente,3579
017151,Pozzolengo,2024,popolazione_residente,3598
017152,Pralboino,2018,famiglie,1165
017152,Pralboino,2019,famiglie,1160
017152,Pralboino,2020,famiglie,1167
017152,Pralboino,2021,famiglie,1158
017152,Pralboino,2022,famiglie,1150
017152,Pralboino,2023,famiglie,1160
017152,Pralboino,2024,famiglie,1162
017152,Pralboino,2018,popolazione_in_convivenza,21
017152,Pralboino,2019,popolazione_in_convivenza,21
017152,Pralboino,2020,popolazione_in_convivenza,17
017152,Pralboino,2021,popolazione_in_convivenza,20
017152,Pralboino,2022,popolazione_in_convivenza,18
017152,Pralboino,2023,popolazione_in_convivenza,20
017152,Pralboino,2024,popolazione_in_convivenza,26
017152,Pralboino,2018,popolazione_in_famiglia,2882
017152,Pralboino,2019,popolazione_in_famiglia,2855
017152,Pralboino,2020,popolazione_in_famiglia,2799
017152,Pralboino,2021,popolazione_in_famiglia,2783
017152,Pralboino,2022,popolazione_in_famiglia,2780
017152,Pralboino,2023,popolazione_in_famiglia,2793
017152,Pralboino,2024,popolazione_in_famiglia,2801
017152,Pralboino,2018,popolazione_residente,2903
017152,Pralboino,2019,popolazione_residente,2876
017152,Pralboino,2020,popolazione_residente,2816
017152,Pralboino,2021,popolazione_residente,2803
017152,Pralboino,2022,popolazione_residente,2798
017152,Pralboino,2023,popolazione_residente,2813
017152,Pralboino,2024,popolazione_residente,2827
017153,Preseglie,2018,famiglie,633
017153,Preseglie,2019,famiglie,634
017153,Preseglie,2020,famiglie,633
017153,Preseglie,2021,famiglie,615
017153,Preseglie,2022,famiglie,621
017153,Preseglie,2023,famiglie,619
017153,Preseglie,2024,famiglie,623
017153,Preseglie,2018,popolazione_in_famiglia,1530
017153,Preseglie,2019,popolazione_in_famiglia,1533
017153,Preseglie,2020,popolazione_in_famiglia,1497
017153,Preseglie,2021,popolazione_in_famiglia,1465
017153,Preseglie,2022,popolazione_in_famiglia,1476
017153,Preseglie,2023,popolazione_in_famiglia,1460
017153,Preseglie,2024,popolazione_in_famiglia,1465
017153,Preseglie,2018,popolazione_residente,1530
017153,Preseglie,2019,popolazione_residente,1533
017153,Preseglie,2020,popolazione_residente,1497
017153,Preseglie,2021,popolazione_residente,1465
017153,Preseglie,2022,popolazione_residente,1476
017153,Preseglie,2023,popolazione_residente,1460
017153,Preseglie,2024,popolazione_residente,1465
017155,Prevalle,2018,famiglie,2628
017155,Prevalle,2019,famiglie,2650
017155,Prevalle,2020,famiglie,2724
017155,Prevalle,2021,famiglie,2718
017155,Prevalle,2022,famiglie,2744
017155,Prevalle,2023,famiglie,2774
017155,Prevalle,2024,famiglie,2801
017155,Prevalle,2018,popolazione_in_convivenza,3
017155,Prevalle,2019,popolazione_in_convivenza,2
017155,Prevalle,2020,popolazione_in_convivenza,1
017155,Prevalle,2018,popolazione_in_famiglia,6789
017155,Prevalle,2019,popolazione_in_famiglia,6800
017155,Prevalle,2020,popolazione_in_famiglia,6837
017155,Prevalle,2021,popolazione_in_famiglia,6815
017155,Prevalle,2022,popolazione_in_famiglia,6801
017155,Prevalle,2023,popolazione_in_famiglia,6872
017155,Prevalle,2024,popolazione_in_famiglia,6941
017155,Prevalle,2018,popolazione_residente,6792
017155,Prevalle,2019,popolazione_residente,6802
017155,Prevalle,2020,popolazione_residente,6838
017155,Prevalle,2021,popolazione_residente,6815
017155,Prevalle,2022,popolazione_residente,6801
017155,Prevalle,2023,popolazione_residente,6872
017155,Prevalle,2024,popolazione_residente,6941
017156,Provaglio d'Iseo,2018,famiglie,3008
017156,Provaglio d'Iseo,2019,famiglie,3003
017156,Provaglio d'Iseo,2020,famiglie,3047
017156,Provaglio d'Iseo,2021,famiglie,3049
017156,Provaglio d'Iseo,2022,famiglie,3050
017156,Provaglio d'Iseo,2023,famiglie,3065
017156,Provaglio d'Iseo,2024,famiglie,3072
017156,Provaglio d'Iseo,2018,popolazione_in_convivenza,26
017156,Provaglio d'Iseo,2019,popolazione_in_convivenza,14
017156,Provaglio d'Iseo,2020,popolazione_in_convivenza,7
017156,Provaglio d'Iseo,2021,popolazione_in_convivenza,9
017156,Provaglio d'Iseo,2022,popolazione_in_convivenza,14
017156,Provaglio d'Iseo,2023,popolazione_in_convivenza,14
017156,Provaglio d'Iseo,2024,popolazione_in_convivenza,14
017156,Provaglio d'Iseo,2018,popolazione_in_famiglia,7298
017156,Provaglio d'Iseo,2019,popolazione_in_famiglia,7213
017156,Provaglio d'Iseo,2020,popolazione_in_famiglia,7195
017156,Provaglio d'Iseo,2021,popolazione_in_famiglia,7152
017156,Provaglio d'Iseo,2022,popolazione_in_famiglia,7125
017156,Provaglio d'Iseo,2023,popolazione_in_famiglia,7074
017156,Provaglio d'Iseo,2024,popolazione_in_famiglia,7076
017156,Provaglio d'Iseo,2018,popolazione_residente,7324
017156,Provaglio d'Iseo,2019,popolazione_residente,7227
017156,Provaglio d'Iseo,2020,popolazione_residente,7202
017156,Provaglio d'Iseo,2021,popolazione_residente,7161
017156,Provaglio d'Iseo,2022,popolazione_residente,7139
017156,Provaglio d'Iseo,2023,popolazione_residente,7088
017156,Provaglio d'Iseo,2024,popolazione_residente,7090
017157,Provaglio Val Sabbia,2018,famiglie,371
017157,Provaglio Val Sabbia,2019,famiglie,370
017157,Provaglio Val Sabbia,2020,famiglie,371
017157,Provaglio Val Sabbia,2021,famiglie,371
017157,Provaglio Val Sabbia,2022,famiglie,369
017157,Provaglio Val Sabbia,2023,famiglie,374
017157,Provaglio Val Sabbia,2024,famiglie,375
017157,Provaglio Val Sabbia,2018,popolazione_in_famiglia,912
017157,Provaglio Val Sabbia,2019,popolazione_in_famiglia,891
017157,Provaglio Val Sabbia,2020,popolazione_in_famiglia,892
017157,Provaglio Val Sabbia,2021,popolazione_in_famiglia,884
017157,Provaglio Val Sabbia,2022,popolazione_in_famiglia,872
017157,Provaglio Val Sabbia,2023,popolazione_in_famiglia,860
017157,Provaglio Val Sabbia,2024,popolazione_in_famiglia,855
017157,Provaglio Val Sabbia,2018,popolazione_residente,912
017157,Provaglio Val Sabbia,2019,popolazione_residente,891
017157,Provaglio Val Sabbia,2020,popolazione_residente,892
017157,Provaglio Val Sabbia,2021,popolazione_residente,884
017157,Provaglio Val Sabbia,2022,popolazione_residente,872
017157,Provaglio Val Sabbia,2023,popolazione_residente,860
017157,Provaglio Val Sabbia,2024,popolazione_residente,855
017158,Puegnago del Garda,2018,famiglie,1485
017158,Puegnago del Garda,2019,famiglie,1526
017158,Puegnago del Garda,2020,famiglie,1568
017158,Puegnago del Garda,2021,famiglie,1557
017158,Puegnago del Garda,2022,famiglie,1561
017158,Puegnago del Garda,2023,famiglie,1568
017158,Puegnago del Garda,2024,famiglie,1581
017158,Puegnago del Garda,2018,popolazione_in_convivenza,11
017158,Puegnago del Garda,2019,popolazione_in_convivenza,15
017158,Puegnago del Garda,2020,popolazione_in_convivenza,13
017158,Puegnago del Garda,2021,popolazione_in_convivenza,15
017158,Puegnago del Garda,2022,popolazione_in_convivenza,16
017158,Puegnago del Garda,2023,popolazione_in_convivenza,15
017158,Puegnago del Garda,2024,popolazione_in_convivenza,19
017158,Puegnago del Garda,2018,popolazione_in_famiglia,3393
017158,Puegnago del Garda,2019,popolazione_in_famiglia,3437
017158,Puegnago del Garda,2020,popolazione_in_famiglia,3470
017158,Puegnago del Garda,2021,popolazione_in_famiglia,3449
017158,Puegnago del Garda,2022,popolazione_in_famiglia,3438
017158,Puegnago del Garda,2023,popolazione_in_famiglia,3450
017158,Puegnago del Garda,2024,popolazione_in_famiglia,3450
017158,Puegnago del Garda,2018,popolazione_residente,3404
017158,Puegnago del Garda,2019,popolazione_residente,3452
017158,Puegnago del Garda,2020,popolazione_residente,3483
017158,Puegnago del Garda,2021,popolazione_residente,3464
017158,Puegnago del Garda,2022,popolazione_residente,3454
017158,Puegnago del Garda,2023,popolazione_residente,3465
017158,Puegnago del Garda,2024,popolazione_residente,3469
017159,Quinzano d'Oglio,2018,famiglie,2547
017159,Quinzano d'Oglio,2019,famiglie,2536
017159,Quinzano d'Oglio,2020,famiglie,2572
017159,Quinzano d'Oglio,2021,famiglie,2560
017159,Quinzano d'Oglio,2022,famiglie,2577
017159,Quinzano d'Oglio,2023,famiglie,2597
017159,Quinzano d'Oglio,2024,famiglie,2615
017159,Quinzano d'Oglio,2018,popolazione_in_convivenza,59
017159,Quinzano d'Oglio,2019,popolazione_in_convivenza,63
017159,Quinzano d'Oglio,2020,popolazione_in_convivenza,39
017159,Quinzano d'Oglio,2021,popolazione_in_convivenza,37
017159,Quinzano d'Oglio,2022,popolazione_in_convivenza,43
017159,Quinzano d'Oglio,2023,popolazione_in_convivenza,43
017159,Quinzano d'Oglio,2024,popolazione_in_convivenza,51
017159,Quinzano d'Oglio,2018,popolazione_in_famiglia,6167
017159,Quinzano d'Oglio,2019,popolazione_in_famiglia,6124
017159,Quinzano d'Oglio,2020,popolazione_in_famiglia,6146
017159,Quinzano d'Oglio,2021,popolazione_in_famiglia,6140
017159,Quinzano d'Oglio,2022,popolazione_in_famiglia,6168
017159,Quinzano d'Oglio,2023,popolazione_in_famiglia,6197
017159,Quinzano d'Oglio,2024,popolazione_in_famiglia,6254
017159,Quinzano d'Oglio,2018,popolazione_residente,6226
017159,Quinzano d'Oglio,2019,popolazione_residente,6187
017159,Quinzano d'Oglio,2020,popolazione_residente,6185
017159,Quinzano d'Oglio,2021,popolazione_residente,6177
017159,Quinzano d'Oglio,2022,popolazione_residente,6211
017159,Quinzano d'Oglio,2023,popolazione_residente,6240
017159,Quinzano d'Oglio,2024,popolazione_residente,6305
017160,Remedello,2018,famiglie,1255
017160,Remedello,2019,famiglie,1271
017160,Remedello,2020,famiglie,1272
017160,Remedello,2021,famiglie,1263
017160,Remedello,2022,famiglie,1278
017160,Remedello,2023,famiglie,1298
017160,Remedello,2024,famiglie,1308
017160,Remedello,2018,popolazione_in_convivenza,2
017160,Remedello,2019,popolazione_in_convivenza,3
017160,Remedello,2020,popolazione_in_convivenza,6
017160,Remedello,2021,popolazione_in_convivenza,3
017160,Remedello,2022,popolazione_in_convivenza,2
017160,Remedello,2023,popolazione_in_convivenza,2
017160,Remedello,2024,popolazione_in_convivenza,2
017160,Remedello,2018,popolazione_in_famiglia,3350
017160,Remedello,2019,popolazione_in_famiglia,3374
017160,Remedello,2020,popolazione_in_famiglia,3350
017160,Remedello,2021,popolazione_in_famiglia,3343
017160,Remedello,2022,popolazione_in_famiglia,3372
017160,Remedello,2023,popolazione_in_famiglia,3423
017160,Remedello,2024,popolazione_in_famiglia,3435
017160,Remedello,2018,popolazione_residente,3352
017160,Remedello,2019,popolazione_residente,3377
017160,Remedello,2020,popolazione_residente,3356
017160,Remedello,2021,popolazione_residente,3346
017160,Remedello,2022,popolazione_residente,3374
017160,Remedello,2023,popolazione_residente,3425
017160,Remedello,2024,popolazione_residente,3437
017161,Rezzato,2018,famiglie,5708
017161,Rezzato,2019,famiglie,5721
017161,Rezzato,2020,famiglie,5876
017161,Rezzato,2021,famiglie,5875
017161,Rezzato,2022,famiglie,5919
017161,Rezzato,2023,famiglie,5978
017161,Rezzato,2024,famiglie,6031
017161,Rezzato,2018,popolazione_in_convivenza,101
017161,Rezzato,2019,popolazione_in_convivenza,86
017161,Rezzato,2020,popolazione_in_convivenza,49
017161,Rezzato,2021,popolazione_in_convivenza,51
017161,Rezzato,2022,popolazione_in_convivenza,48
017161,Rezzato,2023,popolazione_in_convivenza,82
017161,Rezzato,2024,popolazione_in_convivenza,71
017161,Rezzato,2018,popolazione_in_famiglia,13245
017161,Rezzato,2019,popolazione_in_famiglia,13205
017161,Rezzato,2020,popolazione_in_famiglia,13292
017161,Rezzato,2021,popolazione_in_famiglia,13294
017161,Rezzato,2022,popolazione_in_famiglia,13327
017161,Rezzato,2023,popolazione_in_famiglia,13390
017161,Rezzato,2024,popolazione_in_famiglia,13469
017161,Rezzato,2018,popolazione_residente,13346
017161,Rezzato,2019,popolazione_residente,13291
017161,Rezzato,2020,popolazione_residente,13341
017161,Rezzato,2021,popolazione_residente,13345
017161,Rezzato,2022,popolazione_residente,13375
017161,Rezzato,2023,popolazione_residente,13472
017161,Rezzato,2024,popolazione_residente,13540
017162,Roccafranca,2018,famiglie,1746
017162,Roccafranca,2019,famiglie,1756
017162,Roccafranca,2020,famiglie,1782
017162,Roccafranca,2021,famiglie,1793
017162,Roccafranca,2022,famiglie,1816
017162,Roccafranca,2023,famiglie,1836
017162,Roccafranca,2024,famiglie,1844
017162,Roccafranca,2018,popolazione_in_convivenza,4
017162,Roccafranca,2019,popolazione_in_convivenza,4
017162,Roccafranca,2018,popolazione_in_famiglia,4752
017162,Roccafranca,2019,popolazione_in_famiglia,4781
017162,Roccafranca,2020,popolazione_in_famiglia,4792
017162,Roccafranca,2021,popolazione_in_famiglia,4835
017162,Roccafranca,2022,popolazione_in_famiglia,4865
017162,Roccafranca,2023,popolazione_in_famiglia,4905
017162,Roccafranca,2024,popolazione_in_famiglia,4933
017162,Roccafranca,2018,popolazione_residente,4756
017162,Roccafranca,2019,popolazione_residente,4785
017162,Roccafranca,2020,popolazione_residente,4792
017162,Roccafranca,2021,popolazione_residente,4835
017162,Roccafranca,2022,popolazione_residente,4865
017162,Roccafranca,2023,popolazione_residente,4905
017162,Roccafranca,2024,popolazione_residente,4933
017163,Rodengo Saiano,2018,famiglie,3996
017163,Rodengo Saiano,2019,famiglie,4028
017163,Rodengo Saiano,2020,famiglie,4103
017163,Rodengo Saiano,2021,famiglie,4103
017163,Rodengo Saiano,2022,famiglie,4140
017163,Rodengo Saiano,2023,famiglie,4182
017163,Rodengo Saiano,2024,famiglie,4194
017163,Rodengo Saiano,2018,popolazione_in_convivenza,86
017163,Rodengo Saiano,2019,popolazione_in_convivenza,86
017163,Rodengo Saiano,2020,popolazione_in_convivenza,67
017163,Rodengo Saiano,2021,popolazione_in_convivenza,71
017163,Rodengo Saiano,2022,popolazione_in_convivenza,78
017163,Rodengo Saiano,2023,popolazione_in_convivenza,89
017163,Rodengo Saiano,2024,popolazione_in_convivenza,93
017163,Rodengo Saiano,2018,popolazione_in_famiglia,9609
017163,Rodengo Saiano,2019,popolazione_in_famiglia,9664
017163,Rodengo Saiano,2020,popolazione_in_famiglia,9686
017163,Rodengo Saiano,2021,popolazione_in_famiglia,9726
017163,Rodengo Saiano,2022,popolazione_in_famiglia,9803
017163,Rodengo Saiano,2023,popolazione_in_famiglia,9828
017163,Rodengo Saiano,2024,popolazione_in_famiglia,9804
017163,Rodengo Saiano,2018,popolazione_residente,9695
017163,Rodengo Saiano,2019,popolazione_residente,9750
017163,Rodengo Saiano,2020,popolazione_residente,9753
017163,Rodengo Saiano,2021,popolazione_residente,9797
017163,Rodengo Saiano,2022,popolazione_residente,9881
017163,Rodengo Saiano,2023,popolazione_residente,9917
017163,Rodengo Saiano,2024,popolazione_residente,9897
017164,Roè Volciano,2018,famiglie,1944
017164,Roè Volciano,2019,famiglie,1950
017164,Roè Volciano,2020,famiglie,1959
017164,Roè Volciano,2021,famiglie,1967
017164,Roè Volciano,2022,famiglie,1969
017164,Roè Volciano,2023,famiglie,1969
017164,Roè Volciano,2024,famiglie,1989
017164,Roè Volciano,2018,popolazione_in_convivenza,26
017164,Roè Volciano,2019,popolazione_in_convivenza,22
017164,Roè Volciano,2020,popolazione_in_convivenza,14
017164,Roè Volciano,2021,popolazione_in_convivenza,17
017164,Roè Volciano,2022,popolazione_in_convivenza,16
017164,Roè Volciano,2023,popolazione_in_convivenza,19
017164,Roè Volciano,2024,popolazione_in_convivenza,16
017164,Roè Volciano,2018,popolazione_in_famiglia,4446
017164,Roè Volciano,2019,popolazione_in_famiglia,4388
017164,Roè Volciano,2020,popolazione_in_famiglia,4327
017164,Roè Volciano,2021,popolazione_in_famiglia,4349
017164,Roè Volciano,2022,popolazione_in_famiglia,4337
017164,Roè Volciano,2023,popolazione_in_famiglia,4308
017164,Roè Volciano,2024,popolazione_in_famiglia,4302
017164,Roè Volciano,2018,popolazione_residente,4472
017164,Roè Volciano,2019,popolazione_residente,4410
017164,Roè Volciano,2020,popolazione_residente,4341
017164,Roè Volciano,2021,popolazione_residente,4366
017164,Roè Volciano,2022,popolazione_residente,4353
017164,Roè Volciano,2023,popolazione_residente,4327
017164,Roè Volciano,2024,popolazione_residente,4318
017165,Roncadelle,2018,famiglie,3895
017165,Roncadelle,2019,famiglie,3890
017165,Roncadelle,2020,famiglie,3980
017165,Roncadelle,2021,famiglie,3961
017165,Roncadelle,2022,famiglie,3976
017165,Roncadelle,2023,famiglie,4006
017165,Roncadelle,2024,famiglie,4011
017165,Roncadelle,2018,popolazione_in_convivenza,55
017165,Roncadelle,2019,popolazione_in_convivenza,47
017165,Roncadelle,2020,popolazione_in_convivenza,53
017165,Roncadelle,2021,popolazione_in_convivenza,73
017165,Roncadelle,2022,popolazione_in_convivenza,49
017165,Roncadelle,2023,popolazione_in_convivenza,57
017165,Roncadelle,2024,popolazione_in_convivenza,61
017165,Roncadelle,2018,popolazione_in_famiglia,9282
017165,Roncadelle,2019,popolazione_in_famiglia,9311
017165,Roncadelle,2020,popolazione_in_famiglia,9298
017165,Roncadelle,2021,popolazione_in_famiglia,9209
017165,Roncadelle,2022,popolazione_in_famiglia,9214
017165,Roncadelle,2023,popolazione_in_famiglia,9239
017165,Roncadelle,2024,popolazione_in_famiglia,9244
017165,Roncadelle,2018,popolazione_residente,9337
017165,Roncadelle,2019,popolazione_residente,9358
017165,Roncadelle,2020,popolazione_residente,9351
017165,Roncadelle,2021,popolazione_residente,9282
017165,Roncadelle,2022,popolazione_residente,9263
017165,Roncadelle,2023,popolazione_residente,9296
017165,Roncadelle,2024,popolazione_residente,9305
017166,Rovato,2018,famiglie,7622
017166,Rovato,2019,famiglie,7663
017166,Rovato,2020,famiglie,7887
017166,Rovato,2021,famiglie,7863
017166,Rovato,2022,famiglie,7929
017166,Rovato,2023,famiglie,7965
017166,Rovato,2024,famiglie,8036
017166,Rovato,2018,popolazione_in_convivenza,43
017166,Rovato,2019,popolazione_in_convivenza,63
017166,Rovato,2020,popolazione_in_convivenza,55
017166,Rovato,2021,popolazione_in_convivenza,52
017166,Rovato,2022,popolazione_in_convivenza,76
017166,Rovato,2023,popolazione_in_convivenza,72
017166,Rovato,2024,popolazione_in_convivenza,74
017166,Rovato,2018,popolazione_in_famiglia,18857
017166,Rovato,2019,popolazione_in_famiglia,18903
017166,Rovato,2020,popolazione_in_famiglia,19134
017166,Rovato,2021,popolazione_in_famiglia,19146
017166,Rovato,2022,popolazione_in_famiglia,19299
017166,Rovato,2023,popolazione_in_famiglia,19345
017166,Rovato,2024,popolazione_in_famiglia,19575
017166,Rovato,2018,popolazione_residente,18900
017166,Rovato,2019,popolazione_residente,18966
017166,Rovato,2020,popolazione_residente,19189
017166,Rovato,2021,popolazione_residente,19198
017166,Rovato,2022,popolazione_residente,19375
017166,Rovato,2023,popolazione_residente,19417
017166,Rovato,2024,popolazione_residente,19649
017167,Rudiano,2018,famiglie,2113
017167,Rudiano,2019,famiglie,2136
017167,Rudiano,2020,famiglie,2171
017167,Rudiano,2021,famiglie,2178
017167,Rudiano,2022,famiglie,2215
017167,Rudiano,2023,famiglie,2227
017167,Rudiano,2024,famiglie,2249
017167,Rudiano,2018,popolazione_in_convivenza,22
017167,Rudiano,2019,popolazione_in_convivenza,23
017167,Rudiano,2020,popolazione_in_convivenza,20
017167,Rudiano,2021,popolazione_in_convivenza,22
017167,Rudiano,2022,popolazione_in_convivenza,19
017167,Rudiano,2023,popolazione_in_convivenza,11
017167,Rudiano,2024,popolazione_in_convivenza,20
017167,Rudiano,2018,popolazione_in_famiglia,5751
017167,Rudiano,2019,popolazione_in_famiglia,5770
017167,Rudiano,2020,popolazione_in_famiglia,5834
017167,Rudiano,2021,popolazione_in_famiglia,5835
017167,Rudiano,2022,popolazione_in_famiglia,5898
017167,Rudiano,2023,popolazione_in_famiglia,5910
017167,Rudiano,2024,popolazione_in_famiglia,5910
017167,Rudiano,2018,popolazione_residente,5773
017167,Rudiano,2019,popolazione_residente,5793
017167,Rudiano,2020,popolazione_residente,5854
017167,Rudiano,2021,popolazione_residente,5857
017167,Rudiano,2022,popolazione_residente,5917
017167,Rudiano,2023,popolazione_residente,5921
017167,Rudiano,2024,popolazione_residente,5930
017168,Sabbio Chiese,2018,famiglie,1540
017168,Sabbio Chiese,2019,famiglie,1562
017168,Sabbio Chiese,2020,famiglie,1590
017168,Sabbio Chiese,2021,famiglie,1591
017168,Sabbio Chiese,2022,famiglie,1615
017168,Sabbio Chiese,2023,famiglie,1627
017168,Sabbio Chiese,2024,famiglie,1639
017168,Sabbio Chiese,2018,popolazione_in_convivenza,22
017168,Sabbio Chiese,2019,popolazione_in_convivenza,17
017168,Sabbio Chiese,2020,popolazione_in_convivenza,14
017168,Sabbio Chiese,2021,popolazione_in_convivenza,13
017168,Sabbio Chiese,2022,popolazione_in_convivenza,19
017168,Sabbio Chiese,2023,popolazione_in_convivenza,20
017168,Sabbio Chiese,2024,popolazione_in_convivenza,18
017168,Sabbio Chiese,2018,popolazione_in_famiglia,3913
017168,Sabbio Chiese,2019,popolazione_in_famiglia,3952
017168,Sabbio Chiese,2020,popolazione_in_famiglia,3932
017168,Sabbio Chiese,2021,popolazione_in_famiglia,3919
017168,Sabbio Chiese,2022,popolazione_in_famiglia,3986
017168,Sabbio Chiese,2023,popolazione_in_famiglia,4023
017168,Sabbio Chiese,2024,popolazione_in_famiglia,4073
017168,Sabbio Chiese,2018,popolazione_residente,3935
017168,Sabbio Chiese,2019,popolazione_residente,3969
017168,Sabbio Chiese,2020,popolazione_residente,3946
017168,Sabbio Chiese,2021,popolazione_residente,3932
017168,Sabbio Chiese,2022,popolazione_residente,4005
017168,Sabbio Chiese,2023,popolazione_residente,4043
017168,Sabbio Chiese,2024,popolazione_residente,4091
017169,Sale Marasino,2018,famiglie,1470
017169,Sale Marasino,2019,famiglie,1470
017169,Sale Marasino,2020,famiglie,1476
017169,Sale Marasino,2021,famiglie,1480
017169,Sale Marasino,2022,famiglie,1478
017169,Sale Marasino,2023,famiglie,1478
017169,Sale Marasino,2024,famiglie,1481
017169,Sale Marasino,2018,popolazione_in_convivenza,50
017169,Sale Marasino,2019,popolazione_in_convivenza,51
017169,Sale Marasino,2020,popolazione_in_convivenza,42
017169,Sale Marasino,2021,popolazione_in_convivenza,49
017169,Sale Marasino,2022,popolazione_in_convivenza,44
017169,Sale Marasino,2023,popolazione_in_convivenza,42
017169,Sale Marasino,2024,popolazione_in_convivenza,47
017169,Sale Marasino,2018,popolazione_in_famiglia,3295
017169,Sale Marasino,2019,popolazione_in_famiglia,3294
017169,Sale Marasino,2020,popolazione_in_famiglia,3257
017169,Sale Marasino,2021,popolazione_in_famiglia,3241
017169,Sale Marasino,2022,popolazione_in_famiglia,3216
017169,Sale Marasino,2023,popolazione_in_famiglia,3236
017169,Sale Marasino,2024,popolazione_in_famiglia,3181
017169,Sale Marasino,2018,popolazione_residente,3345
017169,Sale Marasino,2019,popolazione_residente,3345
017169,Sale Marasino,2020,popolazione_residente,3299
017169,Sale Marasino,2021,popolazione_residente,3290
017169,Sale Marasino,2022,popolazione_residente,3260
017169,Sale Marasino,2023,popolazione_residente,3278
017169,Sale Marasino,2024,popolazione_residente,3228
017170,Salò,2018,famiglie,4986
017170,Salò,2019,famiglie,5034
017170,Salò,2020,famiglie,5116
017170,Salò,2021,famiglie,5120
017170,Salò,2022,famiglie,5122
017170,Salò,2023,famiglie,5127
017170,Salò,2024,famiglie,5105
017170,Salò,2018,popolazione_in_convivenza,196
017170,Salò,2019,popolazione_in_convivenza,161
017170,Salò,2020,popolazione_in_convivenza,160
017170,Salò,2021,popolazione_in_convivenza,155
017170,Salò,2022,popolazione_in_convivenza,153
017170,Salò,2023,popolazione_in_convivenza,155
017170,Salò,2024,popolazione_in_convivenza,156
017170,Salò,2018,popolazione_in_famiglia,10315
017170,Salò,2019,popolazione_in_famiglia,10360
017170,Salò,2020,popolazione_in_famiglia,10334
017170,Salò,2021,popolazione_in_famiglia,10293
017170,Salò,2022,popolazione_in_famiglia,10288
017170,Salò,2023,popolazione_in_famiglia,10230
017170,Salò,2024,popolazione_in_famiglia,10170
017170,Salò,2018,popolazione_residente,10511
017170,Salò,2019,popolazione_residente,10521
017170,Salò,2020,popolazione_residente,10494
017170,Salò,2021,popolazione_residente,10448
017170,Salò,2022,popolazione_residente,10441
017170,Salò,2023,popolazione_residente,10385
017170,Salò,2024,popolazione_residente,10326
017171,San Felice del Benaco,2018,famiglie,1587
017171,San Felice del Benaco,2019,famiglie,1604
017171,San Felice del Benaco,2020,famiglie,1641
017171,San Felice del Benaco,2021,famiglie,1644
017171,San Felice del Benaco,2022,famiglie,1645
017171,San Felice del Benaco,2023,famiglie,1642
017171,San Felice del Benaco,2024,famiglie,1638
017171,San Felice del Benaco,2018,popolazione_in_convivenza,63
017171,San Felice del Benaco,2019,popolazione_in_convivenza,65
017171,San Felice del Benaco,2020,popolazione_in_convivenza,56
017171,San Felice del Benaco,2021,popolazione_in_convivenza,41
017171,San Felice del Benaco,2022,popolazione_in_convivenza,43
017171,San Felice del Benaco,2023,popolazione_in_convivenza,18
017171,San Felice del Benaco,2024,popolazione_in_convivenza,17
017171,San Felice del Benaco,2018,popolazione_in_famiglia,3358
017171,San Felice del Benaco,2019,popolazione_in_famiglia,3361
017171,San Felice del Benaco,2020,popolazione_in_famiglia,3415
017171,San Felice del Benaco,2021,popolazione_in_famiglia,3424
017171,San Felice del Benaco,2022,popolazione_in_famiglia,3422
017171,San Felice del Benaco,2023,popolazione_in_famiglia,3429
017171,San Felice del Benaco,2024,popolazione_in_famiglia,3416
017171,San Felice del Benaco,2018,popolazione_residente,3421
017171,San Felice del Benaco,2019,popolazione_residente,3426
017171,San Felice del Benaco,2020,popolazione_residente,3471
017171,San Felice del Benaco,2021,popolazione_residente,3465
017171,San Felice del Benaco,2022,popolazione_residente,3465
017171,San Felice del Benaco,2023,popolazione_residente,3447
017171,San Felice del Benaco,2024,popolazione_residente,3433
017172,San Gervasio Bresciano,2018,famiglie,1036
017172,San Gervasio Bresciano,2019,famiglie,1040
017172,San Gervasio Bresciano,2020,famiglie,1059
017172,San Gervasio Bresciano,2021,famiglie,1072
017172,San Gervasio Bresciano,2022,famiglie,1082
017172,San Gervasio Bresciano,2023,famiglie,1079
017172,San Gervasio Bresciano,2024,famiglie,1088
017172,San Gervasio Bresciano,2018,popolazione_in_convivenza,13
017172,San Gervasio Bresciano,2019,popolazione_in_convivenza,7
017172,San Gervasio Bresciano,2020,popolazione_in_convivenza,6
017172,San Gervasio Bresciano,2021,popolazione_in_convivenza,7
017172,San Gervasio Bresciano,2022,popolazione_in_convivenza,9
017172,San Gervasio Bresciano,2018,popolazione_in_famiglia,2584
017172,San Gervasio Bresciano,2019,popolazione_in_famiglia,2627
017172,San Gervasio Bresciano,2020,popolazione_in_famiglia,2636
017172,San Gervasio Bresciano,2021,popolazione_in_famiglia,2678
017172,San Gervasio Bresciano,2022,popolazione_in_famiglia,2671
017172,San Gervasio Bresciano,2023,popolazione_in_famiglia,2659
017172,San Gervasio Bresciano,2024,popolazione_in_famiglia,2665
017172,San Gervasio Bresciano,2018,popolazione_residente,2597
017172,San Gervasio Bresciano,2019,popolazione_residente,2634
017172,San Gervasio Bresciano,2020,popolazione_residente,2642
017172,San Gervasio Bresciano,2021,popolazione_residente,2685
017172,San Gervasio Bresciano,2022,popolazione_residente,2680
017172,San Gervasio Bresciano,2023,popolazione_residente,2659
017172,San Gervasio Bresciano,2024,popolazione_residente,2665
017173,San Zeno Naviglio,2018,famiglie,2044
017173,San Zeno Naviglio,2019,famiglie,2050
017173,San Zeno Naviglio,2020,famiglie,2097
017173,San Zeno Naviglio,2021,famiglie,2099
017173,San Zeno Naviglio,2022,famiglie,2102
017173,San Zeno Naviglio,2023,famiglie,2110
017173,San Zeno Naviglio,2024,famiglie,2125
017173,San Zeno Naviglio,2018,popolazione_in_convivenza,1
017173,San Zeno Naviglio,2019,popolazione_in_convivenza,1
017173,San Zeno Naviglio,2020,popolazione_in_convivenza,1
017173,San Zeno Naviglio,2021,popolazione_in_convivenza,1
017173,San Zeno Naviglio,2018,popolazione_in_famiglia,4696
017173,San Zeno Naviglio,2019,popolazione_in_famiglia,4703
017173,San Zeno Naviglio,2020,popolazione_in_famiglia,4734
017173,San Zeno Naviglio,2021,popolazione_in_famiglia,4703
017173,San Zeno Naviglio,2022,popolazione_in_famiglia,4674
017173,San Zeno Naviglio,2023,popolazione_in_famiglia,4694
017173,San Zeno Naviglio,2024,popolazione_in_famiglia,4721
017173,San Zeno Naviglio,2018,popolazione_residente,4697
017173,San Zeno Naviglio,2019,popolazione_residente,4704
017173,San Zeno Naviglio,2020,popolazione_residente,4735
017173,San Zeno Naviglio,2021,popolazione_residente,4704
017173,San Zeno Naviglio,2022,popolazione_residente,4674
017173,San Zeno Naviglio,2023,popolazione_residente,4694
017173,San Zeno Naviglio,2024,popolazione_residente,4721
017174,Sarezzo,2018,famiglie,5487
017174,Sarezzo,2019,famiglie,5499
017174,Sarezzo,2020,famiglie,5550
017174,Sarezzo,2021,famiglie,5528
017174,Sarezzo,2022,famiglie,5552
017174,Sarezzo,2023,famiglie,5590
017174,Sarezzo,2024,famiglie,5592
017174,Sarezzo,2018,popolazione_in_convivenza,53
017174,Sarezzo,2019,popolazione_in_convivenza,54
017174,Sarezzo,2020,popolazione_in_convivenza,39
017174,Sarezzo,2021,popolazione_in_convivenza,36
017174,Sarezzo,2022,popolazione_in_convivenza,38
017174,Sarezzo,2023,popolazione_in_convivenza,47
017174,Sarezzo,2024,popolazione_in_convivenza,47
017174,Sarezzo,2018,popolazione_in_famiglia,13254
017174,Sarezzo,2019,popolazione_in_famiglia,13193
017174,Sarezzo,2020,popolazione_in_famiglia,13160
017174,Sarezzo,2021,popolazione_in_famiglia,13096
017174,Sarezzo,2022,popolazione_in_famiglia,13123
017174,Sarezzo,2023,popolazione_in_famiglia,13177
017174,Sarezzo,2024,popolazione_in_famiglia,13172
017174,Sarezzo,2018,popolazione_residente,13307
017174,Sarezzo,2019,popolazione_residente,13247
017174,Sarezzo,2020,popolazione_residente,13199
017174,Sarezzo,2021,popolazione_residente,13132
017174,Sarezzo,2022,popolazione_residente,13161
017174,Sarezzo,2023,popolazione_residente,13224
017174,Sarezzo,2024,popolazione_residente,13219
017175,Saviore dell'Adamello,2018,famiglie,446
017175,Saviore dell'Adamello,2019,famiglie,453
017175,Saviore dell'Adamello,2020,famiglie,453
017175,Saviore dell'Adamello,2021,famiglie,419
017175,Saviore dell'Adamello,2022,famiglie,423
017175,Saviore dell'Adamello,2023,famiglie,419
017175,Saviore dell'Adamello,2024,famiglie,422
017175,Saviore dell'Adamello,2018,popolazione_in_famiglia,864
017175,Saviore dell'Adamello,2019,popolazione_in_famiglia,869
017175,Saviore dell'Adamello,2020,popolazione_in_famiglia,853
017175,Saviore dell'Adamello,2021,popolazione_in_famiglia,802
017175,Saviore dell'Adamello,2022,popolazione_in_famiglia,795
017175,Saviore dell'Adamello,2023,popolazione_in_famiglia,784
017175,Saviore dell'Adamello,2024,popolazione_in_famiglia,781
017175,Saviore dell'Adamello,2018,popolazione_residente,864
017175,Saviore dell'Adamello,2019,popolazione_residente,869
017175,Saviore dell'Adamello,2020,popolazione_residente,853
017175,Saviore dell'Adamello,2021,popolazione_residente,802
017175,Saviore dell'Adamello,2022,popolazione_residente,795
017175,Saviore dell'Adamello,2023,popolazione_residente,784
017175,Saviore dell'Adamello,2024,popolazione_residente,781
017176,Sellero,2018,famiglie,615
017176,Sellero,2019,famiglie,624
017176,Sellero,2020,famiglie,625
017176,Sellero,2021,famiglie,622
017176,Sellero,2022,famiglie,615
017176,Sellero,2023,famiglie,608
017176,Sellero,2024,famiglie,611
017176,Sellero,2018,popolazione_in_convivenza,4
017176,Sellero,2022,popolazione_in_convivenza,4
017176,Sellero,2023,popolazione_in_convivenza,2
017176,Sellero,2018,popolazione_in_famiglia,1430
017176,Sellero,2019,popolazione_in_famiglia,1435
017176,Sellero,2020,popolazione_in_famiglia,1407
017176,Sellero,2021,popolazione_in_famiglia,1400
017176,Sellero,2022,popolazione_in_famiglia,1383
017176,Sellero,2023,popolazione_in_famiglia,1368
017176,Sellero,2024,popolazione_in_famiglia,1367
017176,Sellero,2018,popolazione_residente,1434
017176,Sellero,2019,popolazione_residente,1435
017176,Sellero,2020,popolazione_residente,1407
017176,Sellero,2021,popolazione_residente,1400
017176,Sellero,2022,popolazione_residente,1387
017176,Sellero,2023,popolazione_residente,1370
017176,Sellero,2024,popolazione_residente,1367
017177,Seniga,2018,famiglie,614
017177,Seniga,2019,famiglie,617
017177,Seniga,2020,famiglie,625
017177,Seniga,2021,famiglie,631
017177,Seniga,2022,famiglie,621
017177,Seniga,2023,famiglie,629
017177,Seniga,2024,famiglie,633
017177,Seniga,2018,popolazione_in_convivenza,13
017177,Seniga,2019,popolazione_in_convivenza,16
017177,Seniga,2020,popolazione_in_convivenza,14
017177,Seniga,2021,popolazione_in_convivenza,12
017177,Seniga,2022,popolazione_in_convivenza,15
017177,Seniga,2023,popolazione_in_convivenza,17
017177,Seniga,2024,popolazione_in_convivenza,16
017177,Seniga,2018,popolazione_in_famiglia,1398
017177,Seniga,2019,popolazione_in_famiglia,1422
017177,Seniga,2020,popolazione_in_famiglia,1428
017177,Seniga,2021,popolazione_in_famiglia,1415
017177,Seniga,2022,popolazione_in_famiglia,1394
017177,Seniga,2023,popolazione_in_famiglia,1408
017177,Seniga,2024,popolazione_in_famiglia,1422
017177,Seniga,2018,popolazione_residente,1411
017177,Seniga,2019,popolazione_residente,1438
017177,Seniga,2020,popolazione_residente,1442
017177,Seniga,2021,popolazione_residente,1427
017177,Seniga,2022,popolazione_residente,1409
017177,Seniga,2023,popolazione_residente,1425
017177,Seniga,2024,popolazione_residente,1438
017178,Serle,2018,famiglie,1315
017178,Serle,2019,famiglie,1322
017178,Serle,2020,famiglie,1336
017178,Serle,2021,famiglie,1345
017178,Serle,2022,famiglie,1347
017178,Serle,2023,famiglie,1355
017178,Serle,2024,famiglie,1348
017178,Serle,2018,popolazione_in_convivenza,20
017178,Serle,2019,popolazione_in_convivenza,30
017178,Serle,2020,popolazione_in_convivenza,11
017178,Serle,2021,popolazione_in_convivenza,7
017178,Serle,2022,popolazione_in_convivenza,10
017178,Serle,2023,popolazione_in_convivenza,6
017178,Serle,2024,popolazione_in_convivenza,9
017178,Serle,2018,popolazione_in_famiglia,3023
017178,Serle,2019,popolazione_in_famiglia,3022
017178,Serle,2020,popolazione_in_famiglia,3028
017178,Serle,2021,popolazione_in_famiglia,3053
017178,Serle,2022,popolazione_in_famiglia,3071
017178,Serle,2023,popolazione_in_famiglia,3079
017178,Serle,2024,popolazione_in_famiglia,3074
017178,Serle,2018,popolazione_residente,3043
017178,Serle,2019,popolazione_residente,3052
017178,Serle,2020,popolazione_residente,3039
017178,Serle,2021,popolazione_residente,3060
017178,Serle,2022,popolazione_residente,3081
017178,Serle,2023,popolazione_residente,3085
017178,Serle,2024,popolazione_residente,3083
017179,Sirmione,2018,famiglie,3901
017179,Sirmione,2019,famiglie,3949
017179,Sirmione,2020,famiglie,4135
017179,Sirmione,2021,famiglie,4074
017179,Sirmione,2022,famiglie,4107
017179,Sirmione,2023,famiglie,4133
017179,Sirmione,2024,famiglie,4172
017179,Sirmione,2018,popolazione_in_convivenza,12
017179,Sirmione,2019,popolazione_in_convivenza,14
017179,Sirmione,2020,popolazione_in_convivenza,19
017179,Sirmione,2021,popolazione_in_convivenza,13
017179,Sirmione,2022,popolazione_in_convivenza,9
017179,Sirmione,2023,popolazione_in_convivenza,13
017179,Sirmione,2024,popolazione_in_convivenza,13
017179,Sirmione,2018,popolazione_in_famiglia,8046
017179,Sirmione,2019,popolazione_in_famiglia,8107
017179,Sirmione,2020,popolazione_in_famiglia,8330
017179,Sirmione,2021,popolazione_in_famiglia,8244
017179,Sirmione,2022,popolazione_in_famiglia,8279
017179,Sirmione,2023,popolazione_in_famiglia,8277
017179,Sirmione,2024,popolazione_in_famiglia,8355
017179,Sirmione,2018,popolazione_residente,8058
017179,Sirmione,2019,popolazione_residente,8121
017179,Sirmione,2020,popolazione_residente,8349
017179,Sirmione,2021,popolazione_residente,8257
017179,Sirmione,2022,popolazione_residente,8288
017179,Sirmione,2023,popolazione_residente,8290
017179,Sirmione,2024,popolazione_residente,8368
017180,Soiano del Lago,2018,famiglie,900
017180,Soiano del Lago,2019,famiglie,924
017180,Soiano del Lago,2020,famiglie,943
017180,Soiano del Lago,2021,famiglie,948
017180,Soiano del Lago,2022,famiglie,946
017180,Soiano del Lago,2023,famiglie,956
017180,Soiano del Lago,2024,famiglie,973
017180,Soiano del Lago,2018,popolazione_in_famiglia,1834
017180,Soiano del Lago,2019,popolazione_in_famiglia,1893
017180,Soiano del Lago,2020,popolazione_in_famiglia,1920
017180,Soiano del Lago,2021,popolazione_in_famiglia,1949
017180,Soiano del Lago,2022,popolazione_in_famiglia,1926
017180,Soiano del Lago,2023,popolazione_in_famiglia,1929
017180,Soiano del Lago,2024,popolazione_in_famiglia,1941
017180,Soiano del Lago,2018,popolazione_residente,1834
017180,Soiano del Lago,2019,popolazione_residente,1893
017180,Soiano del Lago,2020,popolazione_residente,1920
017180,Soiano del Lago,2021,popolazione_residente,1949
017180,Soiano del Lago,2022,popolazione_residente,1926
017180,Soiano del Lago,2023,popolazione_residente,1929
017180,Soiano del Lago,2024,popolazione_residente,1941
017181,Sonico,2018,famiglie,555
017181,Sonico,2019,famiglie,564
017181,Sonico,2020,famiglie,558
017181,Sonico,2021,famiglie,545
017181,Sonico,2022,famiglie,540
017181,Sonico,2023,famiglie,547
017181,Sonico,2024,famiglie,544
017181,Sonico,2018,popolazione_in_famiglia,1243
017181,Sonico,2019,popolazione_in_famiglia,1240
017181,Sonico,2020,popolazione_in_famiglia,1226
017181,Sonico,2021,popolazione_in_famiglia,1211
017181,Sonico,2022,popolazione_in_famiglia,1204
017181,Sonico,2023,popolazione_in_famiglia,1189
017181,Sonico,2024,popolazione_in_famiglia,1193
017181,Sonico,2018,popolazione_residente,1243
017181,Sonico,2019,popolazione_residente,1240
017181,Sonico,2020,popolazione_residente,1226
017181,Sonico,2021,popolazione_residente,1211
017181,Sonico,2022,popolazione_residente,1204
017181,Sonico,2023,popolazione_residente,1189
017181,Sonico,2024,popolazione_residente,1193
017182,Sulzano,2018,famiglie,926
017182,Sulzano,2019,famiglie,930
017182,Sulzano,2020,famiglie,932
017182,Sulzano,2021,famiglie,939
017182,Sulzano,2022,famiglie,945
017182,Sulzano,2023,famiglie,942
017182,Sulzano,2024,famiglie,956
017182,Sulzano,2018,popolazione_in_convivenza,5
017182,Sulzano,2019,popolazione_in_convivenza,1
017182,Sulzano,2018,popolazione_in_famiglia,1926
017182,Sulzano,2019,popolazione_in_famiglia,1943
017182,Sulzano,2020,popolazione_in_famiglia,1915
017182,Sulzano,2021,popolazione_in_famiglia,1944
017182,Sulzano,2022,popolazione_in_famiglia,1940
017182,Sulzano,2023,popolazione_in_famiglia,1936
017182,Sulzano,2024,popolazione_in_famiglia,1961
017182,Sulzano,2018,popolazione_residente,1931
017182,Sulzano,2019,popolazione_residente,1944
017182,Sulzano,2020,popolazione_residente,1915
017182,Sulzano,2021,popolazione_residente,1944
017182,Sulzano,2022,popolazione_residente,1940
017182,Sulzano,2023,popolazione_residente,1936
017182,Sulzano,2024,popolazione_residente,1961
017183,Tavernole sul Mella,2018,famiglie,578
017183,Tavernole sul Mella,2019,famiglie,577
017183,Tavernole sul Mella,2020,famiglie,578
017183,Tavernole sul Mella,2021,famiglie,580
017183,Tavernole sul Mella,2022,famiglie,576
017183,Tavernole sul Mella,2023,famiglie,577
017183,Tavernole sul Mella,2024,famiglie,575
017183,Tavernole sul Mella,2018,popolazione_in_convivenza,4
017183,Tavernole sul Mella,2019,popolazione_in_convivenza,8
017183,Tavernole sul Mella,2020,popolazione_in_convivenza,5
017183,Tavernole sul Mella,2021,popolazione_in_convivenza,10
017183,Tavernole sul Mella,2022,popolazione_in_convivenza,7
017183,Tavernole sul Mella,2023,popolazione_in_convivenza,8
017183,Tavernole sul Mella,2024,popolazione_in_convivenza,7
017183,Tavernole sul Mella,2018,popolazione_in_famiglia,1239
017183,Tavernole sul Mella,2019,popolazione_in_famiglia,1227
017183,Tavernole sul Mella,2020,popolazione_in_famiglia,1208
017183,Tavernole sul Mella,2021,popolazione_in_famiglia,1209
017183,Tavernole sul Mella,2022,popolazione_in_famiglia,1196
017183,Tavernole sul Mella,2023,popolazione_in_famiglia,1196
017183,Tavernole sul Mella,2024,popolazione_in_famiglia,1207
017183,Tavernole sul Mella,2018,popolazione_residente,1243
017183,Tavernole sul Mella,2019,popolazione_residente,1235
017183,Tavernole sul Mella,2020,popolazione_residente,1213
017183,Tavernole sul Mella,2021,popolazione_residente,1219
017183,Tavernole sul Mella,2022,popolazione_residente,1203
017183,Tavernole sul Mella,2023,popolazione_residente,1204
017183,Tavernole sul Mella,2024,popolazione_residente,1214
017184,Temù,2018,famiglie,536
017184,Temù,2019,famiglie,541
017184,Temù,2020,famiglie,541
017184,Temù,2021,famiglie,541
017184,Temù,2022,famiglie,551
017184,Temù,2023,famiglie,566
017184,Temù,2024,famiglie,576
017184,Temù,2018,popolazione_in_convivenza,12
017184,Temù,2019,popolazione_in_convivenza,14
017184,Temù,2020,popolazione_in_convivenza,11
017184,Temù,2021,popolazione_in_convivenza,16
017184,Temù,2022,popolazione_in_convivenza,14
017184,Temù,2023,popolazione_in_convivenza,12
017184,Temù,2024,popolazione_in_convivenza,10
017184,Temù,2018,popolazione_in_famiglia,1107
017184,Temù,2019,popolazione_in_famiglia,1110
017184,Temù,2020,popolazione_in_famiglia,1092
017184,Temù,2021,popolazione_in_famiglia,1089
017184,Temù,2022,popolazione_in_famiglia,1117
017184,Temù,2023,popolazione_in_famiglia,1129
017184,Temù,2024,popolazione_in_famiglia,1138
017184,Temù,2018,popolazione_residente,1119
017184,Temù,2019,popolazione_residente,1124
017184,Temù,2020,popolazione_residente,1103
017184,Temù,2021,popolazione_residente,1105
017184,Temù,2022,popolazione_residente,1131
017184,Temù,2023,popolazione_residente,1141
017184,Temù,2024,popolazione_residente,1148
017185,Tignale,2018,famiglie,586
017185,Tignale,2019,famiglie,576
017185,Tignale,2020,famiglie,581
017185,Tignale,2021,famiglie,552
017185,Tignale,2022,famiglie,558
017185,Tignale,2023,famiglie,558
017185,Tignale,2024,famiglie,553
017185,Tignale,2018,popolazione_in_convivenza,7
017185,Tignale,2019,popolazione_in_convivenza,7
017185,Tignale,2020,popolazione_in_convivenza,7
017185,Tignale,2021,popolazione_in_convivenza,7
017185,Tignale,2022,popolazione_in_convivenza,9
017185,Tignale,2023,popolazione_in_convivenza,9
017185,Tignale,2024,popolazione_in_convivenza,10
017185,Tignale,2018,popolazione_in_famiglia,1216
017185,Tignale,2019,popolazione_in_famiglia,1202
017185,Tignale,2020,popolazione_in_famiglia,1196
017185,Tignale,2021,popolazione_in_famiglia,1151
017185,Tignale,2022,popolazione_in_famiglia,1149
017185,Tignale,2023,popolazione_in_famiglia,1149
017185,Tignale,2024,popolazione_in_famiglia,1135
017185,Tignale,2018,popolazione_residente,1223
017185,Tignale,2019,popolazione_residente,1209
017185,Tignale,2020,popolazione_residente,1203
017185,Tignale,2021,popolazione_residente,1158
017185,Tignale,2022,popolazione_residente,1158
017185,Tignale,2023,popolazione_residente,1158
017185,Tignale,2024,popolazione_residente,1145
017186,Torbole Casaglia,2018,famiglie,2535
017186,Torbole Casaglia,2019,famiglie,2534
017186,Torbole Casaglia,2020,famiglie,2617
017186,Torbole Casaglia,2021,famiglie,2620
017186,Torbole Casaglia,2022,famiglie,2663
017186,Torbole Casaglia,2023,famiglie,2667
017186,Torbole Casaglia,2024,famiglie,2671
017186,Torbole Casaglia,2018,popolazione_in_convivenza,16
017186,Torbole Casaglia,2019,popolazione_in_convivenza,14
017186,Torbole Casaglia,2020,popolazione_in_convivenza,15
017186,Torbole Casaglia,2021,popolazione_in_convivenza,16
017186,Torbole Casaglia,2022,popolazione_in_convivenza,7
017186,Torbole Casaglia,2023,popolazione_in_convivenza,12
017186,Torbole Casaglia,2024,popolazione_in_convivenza,12
017186,Torbole Casaglia,2018,popolazione_in_famiglia,6437
017186,Torbole Casaglia,2019,popolazione_in_famiglia,6378
017186,Torbole Casaglia,2020,popolazione_in_famiglia,6394
017186,Torbole Casaglia,2021,popolazione_in_famiglia,6385
017186,Torbole Casaglia,2022,popolazione_in_famiglia,6433
017186,Torbole Casaglia,2023,popolazione_in_famiglia,6437
017186,Torbole Casaglia,2024,popolazione_in_famiglia,6417
017186,Torbole Casaglia,2018,popolazione_residente,6453
017186,Torbole Casaglia,2019,popolazione_residente,6392
017186,Torbole Casaglia,2020,popolazione_residente,6409
017186,Torbole Casaglia,2021,popolazione_residente,6401
017186,Torbole Casaglia,2022,popolazione_residente,6440
017186,Torbole Casaglia,2023,popolazione_residente,6449
017186,Torbole Casaglia,2024,popolazione_residente,6429
017187,Toscolano-Maderno,2018,famiglie,3714
017187,Toscolano-Maderno,2019,famiglie,3703
017187,Toscolano-Maderno,2020,famiglie,3700
017187,Toscolano-Maderno,2021,famiglie,3679
017187,Toscolano-Maderno,2022,famiglie,3704
017187,Toscolano-Maderno,2023,famiglie,3771
017187,Toscolano-Maderno,2024,famiglie,3791
017187,Toscolano-Maderno,2018,popolazione_in_convivenza,85
017187,Toscolano-Maderno,2019,popolazione_in_convivenza,76
017187,Toscolano-Maderno,2020,popolazione_in_convivenza,57
017187,Toscolano-Maderno,2021,popolazione_in_convivenza,58
017187,Toscolano-Maderno,2022,popolazione_in_convivenza,64
017187,Toscolano-Maderno,2023,popolazione_in_convivenza,63
017187,Toscolano-Maderno,2024,popolazione_in_convivenza,68
017187,Toscolano-Maderno,2018,popolazione_in_famiglia,7728
017187,Toscolano-Maderno,2019,popolazione_in_famiglia,7634
017187,Toscolano-Maderno,2020,popolazione_in_famiglia,7536
017187,Toscolano-Maderno,2021,popolazione_in_famiglia,7492
017187,Toscolano-Maderno,2022,popolazione_in_famiglia,7518
017187,Toscolano-Maderno,2023,popolazione_in_famiglia,7598
017187,Toscolano-Maderno,2024,popolazione_in_famiglia,7583
017187,Toscolano-Maderno,2018,popolazione_residente,7813
017187,Toscolano-Maderno,2019,popolazione_residente,7710
017187,Toscolano-Maderno,2020,popolazione_residente,7593
017187,Toscolano-Maderno,2021,popolazione_residente,7550
017187,Toscolano-Maderno,2022,popolazione_residente,7582
017187,Toscolano-Maderno,2023,popolazione_residente,7661
017187,Toscolano-Maderno,2024,popolazione_residente,7651
017188,Travagliato,2018,famiglie,5584
017188,Travagliato,2019,famiglie,5624
017188,Travagliato,2020,famiglie,5714
017188,Travagliato,2021,famiglie,5709
017188,Travagliato,2022,famiglie,5749
017188,Travagliato,2023,famiglie,5779
017188,Travagliato,2024,famiglie,5852
017188,Travagliato,2018,popolazione_in_convivenza,62
017188,Travagliato,2019,popolazione_in_convivenza,70
017188,Travagliato,2020,popolazione_in_convivenza,50
017188,Travagliato,2021,popolazione_in_convivenza,59
017188,Travagliato,2022,popolazione_in_convivenza,67
017188,Travagliato,2023,popolazione_in_convivenza,64
017188,Travagliato,2024,popolazione_in_convivenza,56
017188,Travagliato,2018,popolazione_in_famiglia,13701
017188,Travagliato,2019,popolazione_in_famiglia,13658
017188,Travagliato,2020,popolazione_in_famiglia,13693
017188,Travagliato,2021,popolazione_in_famiglia,13666
017188,Travagliato,2022,popolazione_in_famiglia,13715
017188,Travagliato,2023,popolazione_in_famiglia,13776
017188,Travagliato,2024,popolazione_in_famiglia,13888
017188,Travagliato,2018,popolazione_residente,13763
017188,Travagliato,2019,popolazione_residente,13728
017188,Travagliato,2020,popolazione_residente,13743
017188,Travagliato,2021,popolazione_residente,13725
017188,Travagliato,2022,popolazione_residente,13782
017188,Travagliato,2023,popolazione_residente,13840
017188,Travagliato,2024,popolazione_residente,13944
017189,Tremosine sul Garda,2018,famiglie,922
017189,Tremosine sul Garda,2019,famiglie,912
017189,Tremosine sul Garda,2020,famiglie,920
017189,Tremosine sul Garda,2021,famiglie,905
017189,Tremosine sul Garda,2022,famiglie,915
017189,Tremosine sul Garda,2023,famiglie,924
017189,Tremosine sul Garda,2024,famiglie,930
017189,Tremosine sul Garda,2018,popolazione_in_convivenza,3
017189,Tremosine sul Garda,2019,popolazione_in_convivenza,3
017189,Tremosine sul Garda,2020,popolazione_in_convivenza,3
017189,Tremosine sul Garda,2021,popolazione_in_convivenza,5
017189,Tremosine sul Garda,2022,popolazione_in_convivenza,9
017189,Tremosine sul Garda,2023,popolazione_in_convivenza,5
017189,Tremosine sul Garda,2024,popolazione_in_convivenza,4
017189,Tremosine sul Garda,2018,popolazione_in_famiglia,2083
017189,Tremosine sul Garda,2019,popolazione_in_famiglia,2059
017189,Tremosine sul Garda,2020,popolazione_in_famiglia,2063
017189,Tremosine sul Garda,2021,popolazione_in_famiglia,2041
017189,Tremosine sul Garda,2022,popolazione_in_famiglia,2060
017189,Tremosine sul Garda,2023,popolazione_in_famiglia,2083
017189,Tremosine sul Garda,2024,popolazione_in_famiglia,2090
017189,Tremosine sul Garda,2018,popolazione_residente,2086
017189,Tremosine sul Garda,2019,popolazione_residente,2062
017189,Tremosine sul Garda,2020,popolazione_residente,2066
017189,Tremosine sul Garda,2021,popolazione_residente,2046
017189,Tremosine sul Garda,2022,popolazione_residente,2069
017189,Tremosine sul Garda,2023,popolazione_residente,2088
017189,Tremosine sul Garda,2024,popolazione_residente,2094
017190,Trenzano,2018,famiglie,2005
017190,Trenzano,2019,famiglie,2023
017190,Trenzano,2020,famiglie,2067
017190,Trenzano,2021,famiglie,2068
017190,Trenzano,2022,famiglie,2095
017190,Trenzano,2023,famiglie,2104
017190,Trenzano,2024,famiglie,2098
017190,Trenzano,2018,popolazione_in_convivenza,3
017190,Trenzano,2019,popolazione_in_convivenza,3
017190,Trenzano,2021,popolazione_in_convivenza,1
017190,Trenzano,2022,popolazione_in_convivenza,1
017190,Trenzano,2024,popolazione_in_convivenza,3
017190,Trenzano,2018,popolazione_in_famiglia,5408
017190,Trenzano,2019,popolazione_in_famiglia,5418
017190,Trenzano,2020,popolazione_in_famiglia,5427
017190,Trenzano,2021,popolazione_in_famiglia,5469
017190,Trenzano,2022,popolazione_in_famiglia,5479
017190,Trenzano,2023,popolazione_in_famiglia,5512
017190,Trenzano,2024,popolazione_in_famiglia,5523
017190,Trenzano,2018,popolazione_residente,5411
017190,Trenzano,2019,popolazione_residente,5421
017190,Trenzano,2020,popolazione_residente,5427
017190,Trenzano,2021,popolazione_residente,5470
017190,Trenzano,2022,popolazione_residente,5480
017190,Trenzano,2023,popolazione_residente,5512
017190,Trenzano,2024,popolazione_residente,5526
017191,Treviso Bresciano,2018,famiglie,229
017191,Treviso Bresciano,2019,famiglie,231
017191,Treviso Bresciano,2020,famiglie,234
017191,Treviso Bresciano,2021,famiglie,231
017191,Treviso Bresciano,2022,famiglie,232
017191,Treviso Bresciano,2023,famiglie,236
017191,Treviso Bresciano,2024,famiglie,239
017191,Treviso Bresciano,2018,popolazione_in_famiglia,520
017191,Treviso Bresciano,2019,popolazione_in_famiglia,522
017191,Treviso Bresciano,2020,popolazione_in_famiglia,520
017191,Treviso Bresciano,2021,popolazione_in_famiglia,507
017191,Treviso Bresciano,2022,popolazione_in_famiglia,511
017191,Treviso Bresciano,2023,popolazione_in_famiglia,524
017191,Treviso Bresciano,2024,popolazione_in_famiglia,532
017191,Treviso Bresciano,2018,popolazione_residente,520
017191,Treviso Bresciano,2019,popolazione_residente,522
017191,Treviso Bresciano,2020,popolazione_residente,520
017191,Treviso Bresciano,2021,popolazione_residente,507
017191,Treviso Bresciano,2022,popolazione_residente,511
017191,Treviso Bresciano,2023,popolazione_residente,524
017191,Treviso Bresciano,2024,popolazione_residente,532
017192,Urago d'Oglio,2018,famiglie,1400
017192,Urago d'Oglio,2019,famiglie,1416
017192,Urago d'Oglio,2020,famiglie,1445
017192,Urago d'Oglio,2021,famiglie,1446
017192,Urago d'Oglio,2022,famiglie,1454
017192,Urago d'Oglio,2023,famiglie,1473
017192,Urago d'Oglio,2024,famiglie,1466
017192,Urago d'Oglio,2018,popolazione_in_convivenza,11
017192,Urago d'Oglio,2019,popolazione_in_convivenza,9
017192,Urago d'Oglio,2020,popolazione_in_convivenza,6
017192,Urago d'Oglio,2021,popolazione_in_convivenza,10
017192,Urago d'Oglio,2022,popolazione_in_convivenza,7
017192,Urago d'Oglio,2023,popolazione_in_convivenza,9
017192,Urago d'Oglio,2024,popolazione_in_convivenza,9
017192,Urago d'Oglio,2018,popolazione_in_famiglia,3702
017192,Urago d'Oglio,2019,popolazione_in_famiglia,3693
017192,Urago d'Oglio,2020,popolazione_in_famiglia,3701
017192,Urago d'Oglio,2021,popolazione_in_famiglia,3723
017192,Urago d'Oglio,2022,popolazione_in_famiglia,3748
017192,Urago d'Oglio,2023,popolazione_in_famiglia,3773
017192,Urago d'Oglio,2024,popolazione_in_famiglia,3780
017192,Urago d'Oglio,2018,popolazione_residente,3713
017192,Urago d'Oglio,2019,popolazione_residente,3702
017192,Urago d'Oglio,2020,popolazione_residente,3707
017192,Urago d'Oglio,2021,popolazione_residente,3733
017192,Urago d'Oglio,2022,popolazione_residente,3755
017192,Urago d'Oglio,2023,popolazione_residente,3782
017192,Urago d'Oglio,2024,popolazione_residente,3789
017193,Vallio Terme,2018,famiglie,616
017193,Vallio Terme,2019,famiglie,621
017193,Vallio Terme,2020,famiglie,621
017193,Vallio Terme,2021,famiglie,625
017193,Vallio Terme,2022,famiglie,618
017193,Vallio Terme,2023,famiglie,626
017193,Vallio Terme,2024,famiglie,634
017193,Vallio Terme,2018,popolazione_in_convivenza,4
017193,Vallio Terme,2018,popolazione_in_famiglia,1433
017193,Vallio Terme,2019,popolazione_in_famiglia,1437
017193,Vallio Terme,2020,popolazione_in_famiglia,1407
017193,Vallio Terme,2021,popolazione_in_famiglia,1410
017193,Vallio Terme,2022,popolazione_in_famiglia,1406
017193,Vallio Terme,2023,popolazione_in_famiglia,1408
017193,Vallio Terme,2024,popolazione_in_famiglia,1435
017193,Vallio Terme,2018,popolazione_residente,1437
017193,Vallio Terme,2019,popolazione_residente,1437
017193,Vallio Terme,2020,popolazione_residente,1407
017193,Vallio Terme,2021,popolazione_residente,1410
017193,Vallio Terme,2022,popolazione_residente,1406
017193,Vallio Terme,2023,popolazione_residente,1408
017193,Vallio Terme,2024,popolazione_residente,1435
017194,Valvestino,2018,famiglie,110
017194,Valvestino,2019,famiglie,107
017194,Valvestino,2020,famiglie,103
017194,Valvestino,2021,famiglie,101
017194,Valvestino,2022,famiglie,97
017194,Valvestino,2023,famiglie,94
017194,Valvestino,2024,famiglie,96
017194,Valvestino,2018,popolazione_in_famiglia,179
017194,Valvestino,2019,popolazione_in_famiglia,178
017194,Valvestino,2020,popolazione_in_famiglia,171
017194,Valvestino,2021,popolazione_in_famiglia,173
017194,Valvestino,2022,popolazione_in_famiglia,167
017194,Valvestino,2023,popolazione_in_famiglia,162
017194,Valvestino,2024,popolazione_in_famiglia,167
017194,Valvestino,2018,popolazione_residente,179
017194,Valvestino,2019,popolazione_residente,178
017194,Valvestino,2020,popolazione_residente,171
017194,Valvestino,2021,popolazione_residente,173
017194,Valvestino,2022,popolazione_residente,167
017194,Valvestino,2023,popolazione_residente,162
017194,Valvestino,2024,popolazione_residente,167
017195,Verolanuova,2018,famiglie,3313
017195,Verolanuova,2019,famiglie,3312
017195,Verolanuova,2020,famiglie,3347
017195,Verolanuova,2021,famiglie,3322
017195,Verolanuova,2022,famiglie,3337
017195,Verolanuova,2023,famiglie,3363
017195,Verolanuova,2024,famiglie,3377
017195,Verolanuova,2018,popolazione_in_convivenza,87
017195,Verolanuova,2019,popolazione_in_convivenza,92
017195,Verolanuova,2020,popolazione_in_convivenza,72
017195,Verolanuova,2021,popolazione_in_convivenza,75
017195,Verolanuova,2022,popolazione_in_convivenza,75
017195,Verolanuova,2023,popolazione_in_convivenza,72
017195,Verolanuova,2024,popolazione_in_convivenza,76
017195,Verolanuova,2018,popolazione_in_famiglia,8017
017195,Verolanuova,2019,popolazione_in_famiglia,7984
017195,Verolanuova,2020,popolazione_in_famiglia,7976
017195,Verolanuova,2021,popolazione_in_famiglia,7943
017195,Verolanuova,2022,popolazione_in_famiglia,7981
017195,Verolanuova,2023,popolazione_in_famiglia,8002
017195,Verolanuova,2024,popolazione_in_famiglia,8042
017195,Verolanuova,2018,popolazione_residente,8104
017195,Verolanuova,2019,popolazione_residente,8076
017195,Verolanuova,2020,popolazione_residente,8048
017195,Verolanuova,2021,popolazione_residente,8018
017195,Verolanuova,2022,popolazione_residente,8056
017195,Verolanuova,2023,popolazione_residente,8074
017195,Verolanuova,2024,popolazione_residente,8118
017196,Verolavecchia,2018,famiglie,1581
017196,Verolavecchia,2019,famiglie,1586
017196,Verolavecchia,2020,famiglie,1605
017196,Verolavecchia,2021,famiglie,1601
017196,Verolavecchia,2022,famiglie,1620
017196,Verolavecchia,2023,famiglie,1623
017196,Verolavecchia,2024,famiglie,1640
017196,Verolavecchia,2018,popolazione_in_convivenza,7
017196,Verolavecchia,2019,popolazione_in_convivenza,6
017196,Verolavecchia,2020,popolazione_in_convivenza,5
017196,Verolavecchia,2021,popolazione_in_convivenza,5
017196,Verolavecchia,2022,popolazione_in_convivenza,5
017196,Verolavecchia,2023,popolazione_in_convivenza,4
017196,Verolavecchia,2024,popolazione_in_convivenza,4
017196,Verolavecchia,2018,popolazione_in_famiglia,3738
017196,Verolavecchia,2019,popolazione_in_famiglia,3750
017196,Verolavecchia,2020,popolazione_in_famiglia,3749
017196,Verolavecchia,2021,popolazione_in_famiglia,3749
017196,Verolavecchia,2022,popolazione_in_famiglia,3809
017196,Verolavecchia,2023,popolazione_in_famiglia,3804
017196,Verolavecchia,2024,popolazione_in_famiglia,3862
017196,Verolavecchia,2018,popolazione_residente,3745
017196,Verolavecchia,2019,popolazione_residente,3756
017196,Verolavecchia,2020,popolazione_residente,3754
017196,Verolavecchia,2021,popolazione_residente,3754
017196,Verolavecchia,2022,popolazione_residente,3814
017196,Verolavecchia,2023,popolazione_residente,3808
017196,Verolavecchia,2024,popolazione_residente,3866
017197,Vestone,2018,famiglie,1729
017197,Vestone,2019,famiglie,1731
017197,Vestone,2020,famiglie,1734
017197,Vestone,2021,famiglie,1725
017197,Vestone,2022,famiglie,1728
017197,Vestone,2023,famiglie,1729
017197,Vestone,2024,famiglie,1750
017197,Vestone,2018,popolazione_in_convivenza,31
017197,Vestone,2019,popolazione_in_convivenza,25
017197,Vestone,2020,popolazione_in_convivenza,16
017197,Vestone,2021,popolazione_in_convivenza,22
017197,Vestone,2022,popolazione_in_convivenza,19
017197,Vestone,2023,popolazione_in_convivenza,32
017197,Vestone,2024,popolazione_in_convivenza,32
017197,Vestone,2018,popolazione_in_famiglia,4255
017197,Vestone,2019,popolazione_in_famiglia,4225
017197,Vestone,2020,popolazione_in_famiglia,4200
017197,Vestone,2021,popolazione_in_famiglia,4159
017197,Vestone,2022,popolazione_in_famiglia,4126
017197,Vestone,2023,popolazione_in_famiglia,4084
017197,Vestone,2024,popolazione_in_famiglia,4115
017197,Vestone,2018,popolazione_residente,4286
017197,Vestone,2019,popolazione_residente,4250
017197,Vestone,2020,popolazione_residente,4216
017197,Vestone,2021,popolazione_residente,4181
017197,Vestone,2022,popolazione_residente,4145
017197,Vestone,2023,popolazione_residente,4116
017197,Vestone,2024,popolazione_residente,4147
017198,Vezza d'Oglio,2018,famiglie,648
017198,Vezza d'Oglio,2019,famiglie,658
017198,Vezza d'Oglio,2020,famiglie,666
017198,Vezza d'Oglio,2021,famiglie,670
017198,Vezza d'Oglio,2022,famiglie,681
017198,Vezza d'Oglio,2023,famiglie,678
017198,Vezza d'Oglio,2024,famiglie,680
017198,Vezza d'Oglio,2018,popolazione_in_famiglia,1454
017198,Vezza d'Oglio,2019,popolazione_in_famiglia,1462
017198,Vezza d'Oglio,2020,popolazione_in_famiglia,1465
017198,Vezza d'Oglio,2021,popolazione_in_famiglia,1473
017198,Vezza d'Oglio,2022,popolazione_in_famiglia,1465
017198,Vezza d'Oglio,2023,popolazione_in_famiglia,1480
017198,Vezza d'Oglio,2024,popolazione_in_famiglia,1469
017198,Vezza d'Oglio,2018,popolazione_residente,1454
017198,Vezza d'Oglio,2019,popolazione_residente,1462
017198,Vezza d'Oglio,2020,popolazione_residente,1465
017198,Vezza d'Oglio,2021,popolazione_residente,1473
017198,Vezza d'Oglio,2022,popolazione_residente,1465
017198,Vezza d'Oglio,2023,popolazione_residente,1480
017198,Vezza d'Oglio,2024,popolazione_residente,1469
017199,Villa Carcina,2018,famiglie,4464
017199,Villa Carcina,2019,famiglie,4461
017199,Villa Carcina,2020,famiglie,4555
017199,Villa Carcina,2021,famiglie,4568
017199,Villa Carcina,2022,famiglie,4553
017199,Villa Carcina,2023,famiglie,4615
017199,Villa Carcina,2024,famiglie,4624
017199,Villa Carcina,2018,popolazione_in_convivenza,66
017199,Villa Carcina,2019,popolazione_in_convivenza,60
017199,Villa Carcina,2020,popolazione_in_convivenza,38
017199,Villa Carcina,2021,popolazione_in_convivenza,81
017199,Villa Carcina,2022,popolazione_in_convivenza,78
017199,Villa Carcina,2023,popolazione_in_convivenza,74
017199,Villa Carcina,2024,popolazione_in_convivenza,102
017199,Villa Carcina,2018,popolazione_in_famiglia,10555
017199,Villa Carcina,2019,popolazione_in_famiglia,10543
017199,Villa Carcina,2020,popolazione_in_famiglia,10556
017199,Villa Carcina,2021,popolazione_in_famiglia,10613
017199,Villa Carcina,2022,popolazione_in_famiglia,10555
017199,Villa Carcina,2023,popolazione_in_famiglia,10626
017199,Villa Carcina,2024,popolazione_in_famiglia,10626
017199,Villa Carcina,2018,popolazione_residente,10621
017199,Villa Carcina,2019,popolazione_residente,10603
017199,Villa Carcina,2020,popolazione_residente,10594
017199,Villa Carcina,2021,popolazione_residente,10694
017199,Villa Carcina,2022,popolazione_residente,10633
017199,Villa Carcina,2023,popolazione_residente,10700
017199,Villa Carcina,2024,popolazione_residente,10728
017200,Villachiara,2018,famiglie,568
017200,Villachiara,2019,famiglie,557
017200,Villachiara,2020,famiglie,551
017200,Villachiara,2021,famiglie,557
017200,Villachiara,2022,famiglie,549
017200,Villachiara,2023,famiglie,560
017200,Villachiara,2024,famiglie,557
017200,Villachiara,2018,popolazione_in_famiglia,1410
017200,Villachiara,2019,popolazione_in_famiglia,1386
017200,Villachiara,2020,popolazione_in_famiglia,1360
017200,Villachiara,2021,popolazione_in_famiglia,1360
017200,Villachiara,2022,popolazione_in_famiglia,1362
017200,Villachiara,2023,popolazione_in_famiglia,1369
017200,Villachiara,2024,popolazione_in_famiglia,1355
017200,Villachiara,2018,popolazione_residente,1410
017200,Villachiara,2019,popolazione_residente,1386
017200,Villachiara,2020,popolazione_residente,1360
017200,Villachiara,2021,popolazione_residente,1360
017200,Villachiara,2022,popolazione_residente,1362
017200,Villachiara,2023,popolazione_residente,1369
017200,Villachiara,2024,popolazione_residente,1355
017201,Villanuova sul Clisi,2018,famiglie,2490
017201,Villanuova sul Clisi,2019,famiglie,2514
017201,Villanuova sul Clisi,2020,famiglie,2553
017201,Villanuova sul Clisi,2021,famiglie,2587
017201,Villanuova sul Clisi,2022,famiglie,2578
017201,Villanuova sul Clisi,2023,famiglie,2604
017201,Villanuova sul Clisi,2024,famiglie,2619
017201,Villanuova sul Clisi,2018,popolazione_in_convivenza,38
017201,Villanuova sul Clisi,2019,popolazione_in_convivenza,32
017201,Villanuova sul Clisi,2020,popolazione_in_convivenza,22
017201,Villanuova sul Clisi,2021,popolazione_in_convivenza,17
017201,Villanuova sul Clisi,2022,popolazione_in_convivenza,23
017201,Villanuova sul Clisi,2023,popolazione_in_convivenza,24
017201,Villanuova sul Clisi,2024,popolazione_in_convivenza,25
017201,Villanuova sul Clisi,2018,popolazione_in_famiglia,5737
017201,Villanuova sul Clisi,2019,popolazione_in_famiglia,5755
017201,Villanuova sul Clisi,2020,popolazione_in_famiglia,5762
017201,Villanuova sul Clisi,2021,popolazione_in_famiglia,5817
017201,Villanuova sul Clisi,2022,popolazione_in_famiglia,5795
017201,Villanuova sul Clisi,2023,popolazione_in_famiglia,5832
017201,Villanuova sul Clisi,2024,popolazione_in_famiglia,5864
017201,Villanuova sul Clisi,2018,popolazione_residente,5775
017201,Villanuova sul Clisi,2019,popolazione_residente,5787
017201,Villanuova sul Clisi,2020,popolazione_residente,5784
017201,Villanuova sul Clisi,2021,popolazione_residente,5834
017201,Villanuova sul Clisi,2022,popolazione_residente,5818
017201,Villanuova sul Clisi,2023,popolazione_residente,5856
017201,Villanuova sul Clisi,2024,popolazione_residente,5889
017202,Vione,2018,famiglie,339
017202,Vione,2019,famiglie,335
017202,Vione,2020,famiglie,324
017202,Vione,2021,famiglie,321
017202,Vione,2022,famiglie,324
017202,Vione,2023,famiglie,329
017202,Vione,2024,famiglie,324
017202,Vione,2018,popolazione_in_famiglia,671
017202,Vione,2019,popolazione_in_famiglia,657
017202,Vione,2020,popolazione_in_famiglia,634
017202,Vione,2021,popolazione_in_famiglia,627
017202,Vione,2022,popolazione_in_famiglia,623
017202,Vione,2023,popolazione_in_famiglia,628
017202,Vione,2024,popolazione_in_famiglia,619
017202,Vione,2018,popolazione_residente,671
017202,Vione,2019,popolazione_residente,657
017202,Vione,2020,popolazione_residente,634
017202,Vione,2021,popolazione_residente,627
017202,Vione,2022,popolazione_residente,623
017202,Vione,2023,popolazione_residente,628
017202,Vione,2024,popolazione_residente,619
017203,Visano,2018,famiglie,720
017203,Visano,2019,famiglie,732
017203,Visano,2020,famiglie,747
017203,Visano,2021,famiglie,745
017203,Visano,2022,famiglie,750
017203,Visano,2023,famiglie,752
017203,Visano,2024,famiglie,751
017203,Visano,2018,popolazione_in_convivenza,11
017203,Visano,2019,popolazione_in_convivenza,9
017203,Visano,2020,popolazione_in_convivenza,10
017203,Visano,2021,popolazione_in_convivenza,7
017203,Visano,2022,popolazione_in_convivenza,9
017203,Visano,2023,popolazione_in_convivenza,9
017203,Visano,2024,popolazione_in_convivenza,35
017203,Visano,2018,popolazione_in_famiglia,1956
017203,Visano,2019,popolazione_in_famiglia,1989
017203,Visano,2020,popolazione_in_famiglia,1990
017203,Visano,2021,popolazione_in_famiglia,1985
017203,Visano,2022,popolazione_in_famiglia,1973
017203,Visano,2023,popolazione_in_famiglia,1967
017203,Visano,2024,popolazione_in_famiglia,1955
017203,Visano,2018,popolazione_residente,1967
017203,Visano,2019,popolazione_residente,1998
017203,Visano,2020,popolazione_residente,2000
017203,Visano,2021,popolazione_residente,1992
017203,Visano,2022,popolazione_residente,1982
017203,Visano,2023,popolazione_residente,1976
017203,Visano,2024,popolazione_residente,1990
017204,Vobarno,2018,famiglie,3442
017204,Vobarno,2019,famiglie,3504
017204,Vobarno,2020,famiglie,3556
017204,Vobarno,2021,famiglie,3564
017204,Vobarno,2022,famiglie,3591
017204,Vobarno,2023,famiglie,3609
017204,Vobarno,2024,famiglie,3662
017204,Vobarno,2018,popolazione_in_convivenza,37
017204,Vobarno,2019,popolazione_in_convivenza,30
017204,Vobarno,2020,popolazione_in_convivenza,33
017204,Vobarno,2021,popolazione_in_convivenza,27
017204,Vobarno,2022,popolazione_in_convivenza,25
017204,Vobarno,2023,popolazione_in_convivenza,30
017204,Vobarno,2024,popolazione_in_convivenza,31
017204,Vobarno,2018,popolazione_in_famiglia,8077
017204,Vobarno,2019,popolazione_in_famiglia,8160
017204,Vobarno,2020,popolazione_in_famiglia,8166
017204,Vobarno,2021,popolazione_in_famiglia,8230
017204,Vobarno,2022,popolazione_in_famiglia,8281
017204,Vobarno,2023,popolazione_in_famiglia,8339
017204,Vobarno,2024,popolazione_in_famiglia,8458
017204,Vobarno,2018,popolazione_residente,8114
017204,Vobarno,2019,popolazione_residente,8190
017204,Vobarno,2020,popolazione_residente,8199
017204,Vobarno,2021,popolazione_residente,8257
017204,Vobarno,2022,popolazione_residente,8306
017204,Vobarno,2023,popolazione_residente,8369
017204,Vobarno,2024,popolazione_residente,8489
017205,Zone,2018,famiglie,534
017205,Zone,2019,famiglie,542
017205,Zone,2020,famiglie,536
017205,Zone,2021,famiglie,551
017205,Zone,2022,famiglie,546
017205,Zone,2023,famiglie,555
017205,Zone,2024,famiglie,558
017205,Zone,2018,popolazione_in_convivenza,3
017205,Zone,2019,popolazione_in_convivenza,3
017205,Zone,2018,popolazione_in_famiglia,1047
017205,Zone,2019,popolazione_in_famiglia,1052
017205,Zone,2020,popolazione_in_famiglia,1022
017205,Zone,2021,popolazione_in_famiglia,1039
017205,Zone,2022,popolazione_in_famiglia,1021
017205,Zone,2023,popolazione_in_famiglia,1025
017205,Zone,2024,popolazione_in_famiglia,1032
017205,Zone,2018,popolazione_residente,1050
017205,Zone,2019,popolazione_residente,1055
017205,Zone,2020,popolazione_residente,1022
017205,Zone,2021,popolazione_residente,1039
017205,Zone,2022,popolazione_residente,1021
017205,Zone,2023,popolazione_residente,1025
017205,Zone,2024,popolazione_residente,1032
017206,Piancogno,2018,famiglie,1970
017206,Piancogno,2019,famiglie,1980
017206,Piancogno,2020,famiglie,2014
017206,Piancogno,2021,famiglie,2021
017206,Piancogno,2022,famiglie,2041
017206,Piancogno,2023,famiglie,2055
017206,Piancogno,2024,famiglie,2050
017206,Piancogno,2018,popolazione_in_convivenza,37
017206,Piancogno,2019,popolazione_in_convivenza,39
017206,Piancogno,2020,popolazione_in_convivenza,35
017206,Piancogno,2021,popolazione_in_convivenza,34
017206,Piancogno,2022,popolazione_in_convivenza,34
017206,Piancogno,2023,popolazione_in_convivenza,41
017206,Piancogno,2024,popolazione_in_convivenza,37
017206,Piancogno,2018,popolazione_in_famiglia,4629
017206,Piancogno,2019,popolazione_in_famiglia,4645
017206,Piancogno,2020,popolazione_in_famiglia,4674
017206,Piancogno,2021,popolazione_in_famiglia,4708
017206,Piancogno,2022,popolazione_in_famiglia,4748
017206,Piancogno,2023,popolazione_in_famiglia,4733
017206,Piancogno,2024,popolazione_in_famiglia,4746
017206,Piancogno,2018,popolazione_residente,4666
017206,Piancogno,2019,popolazione_residente,4684
017206,Piancogno,2020,popolazione_residente,4709
017206,Piancogno,2021,popolazione_residente,4742
017206,Piancogno,2022,popolazione_residente,4782
017206,Piancogno,2023,popolazione_residente,4774
017206,Piancogno,2024,popolazione_residente,4783
