codice_istat,comune,mese,arrivi,presenze,permanenza_media
017002,Adro,2019-01,70,252,3.60
017002,Adro,2019-02,63,135,2.10
017002,Adro,2019-03,33,67,2.00
017002,Adro,2019-04,42,109,2.60
017002,Adro,2019-05,58,147,2.50
017002,Adro,2019-06,51,138,2.70
017002,Adro,2019-07,40,151,3.80
017002,Adro,2019-08,34,171,5.00
017002,Adro,2019-09,73,304,4.20
017002,Adro,2019-10,28,608,21.70
017002,Adro,2019-11,52,316,6.10
017002,Adro,2019-12,19,758,31.00
017002,Adro,2020-01,74,516,7.00
017002,Adro,2020-02,56,718,12.80
017002,Adro,2020-03,23,619,26.90
017002,Adro,2020-04,0,690,0.00
017002,Adro,2020-05,40,788,19.70
017002,Adro,2020-06,34,571,16.80
017002,Adro,2020-07,47,136,2.90
017002,Adro,2020-08,105,1007,9.60
017002,Adro,2020-09,85,607,7.10
017002,Adro,2020-10,58,465,8.00
017002,Adro,2020-11,42,398,9.50
017002,Adro,2020-12,57,496,8.70
017002,Adro,2021-01,63,737,11.70
017002,Adro,2021-02,82,810,9.90
017002,Adro,2021-03,65,868,13.40
017002,Adro,2021-04,40,126,3.20
017002,Adro,2021-05,69,751,10.90
017002,Adro,2021-06,74,908,12.30
017002,Adro,2021-07,75,188,2.50
017002,Adro,2021-08,85,185,2.20
017002,Adro,2021-09,109,742,6.80
017002,Adro,2021-10,91,900,9.90
017002,Adro,2021-11,38,154,4.10
017002,Adro,2021-12,41,155,3.80
017002,Adro,2022-01,84,840,10.00
017002,Adro,2022-02,112,962,8.60
017002,Adro,2022-03,117,1113,9.50
017002,Adro,2022-04,82,210,2.60
017002,Adro,2022-05,191,1191,6.20
017002,Adro,2022-06,140,949,6.80
017002,Adro,2022-07,100,265,2.70
017002,Adro,2022-08,124,765,6.20
017002,Adro,2022-09,166,1086,6.50
017002,Adro,2022-10,86,1086,12.60
017002,Adro,2022-11,50,181,3.60
017002,Adro,2022-12,53,110,2.10
017002,Adro,2023-01,168,1122,6.70
017002,Adro,2023-02,183,1354,7.40
017002,Adro,2023-03,210,1131,5.40
017002,Adro,2023-04,252,765,3.00
017002,Adro,2023-05,209,1743,8.30
017002,Adro,2023-06,226,1783,7.90
017002,Adro,2023-07,224,1107,4.90
017002,Adro,2023-08,176,1619,9.20
017002,Adro,2023-09,270,2205,8.20
017002,Adro,2023-10,131,1493,11.40
017002,Adro,2023-11,167,543,3.30
017002,Adro,2023-12,114,571,5.00
017002,Adro,2024-01,182,1499,8.20
017002,Adro,2024-02,209,1596,7.60
017002,Adro,2024-03,164,1626,9.90
017002,Adro,2024-04,346,1445,4.20
017002,Adro,2024-05,373,2048,5.50
017002,Adro,2024-06,338,2210,6.50
017002,Adro,2024-07,335,1032,3.10
017002,Adro,2024-08,335,2095,6.30
017002,Adro,2024-09,364,2433,6.70
017002,Adro,2024-10,376,1916,5.10
017002,Adro,2024-11,201,1170,5.80
017002,Adro,2024-12,206,1087,5.30
017005,Anfo,2019-01,0,0,0.00
017005,Anfo,2019-02,0,0,0.00
017005,Anfo,2019-03,0,0,0.00
017005,Anfo,2019-04,140,284,2.00
017005,Anfo,2019-05,177,451,2.50
017005,Anfo,2019-06,749,2252,3.00
017005,Anfo,2019-07,916,4721,5.20
017005,Anfo,2019-08,1033,5398,5.20
017005,Anfo,2019-09,270,938,3.50
017005,Anfo,2019-10,12,42,3.50
017005,Anfo,2019-11,0,0,0.00
017005,Anfo,2019-12,1,1,1.00
017005,Anfo,2020-01,0,0,0.00
017005,Anfo,2020-02,3,3,1.00
017005,Anfo,2020-03,0,0,0.00
017005,Anfo,2020-04,0,0,0.00
017005,Anfo,2020-05,10,10,1.00
017005,Anfo,2020-06,192,377,2.00
017005,Anfo,2020-07,556,2157,3.90
017005,Anfo,2020-08,1048,4243,4.00
017005,Anfo,2020-09,514,855,1.70
017005,Anfo,2020-10,10,29,2.90
017005,Anfo,2020-11,0,0,0.00
017005,Anfo,2020-12,0,0,0.00
017005,Anfo,2021-01,0,0,0.00
017005,Anfo,2021-02,0,0,0.00
017005,Anfo,2021-03,0,0,0.00
017005,Anfo,2021-04,0,0,0.00
017005,Anfo,2021-05,278,694,2.50
017005,Anfo,2021-06,1303,3620,2.80
017005,Anfo,2021-07,2556,11471,4.50
017005,Anfo,2021-08,3016,16490,5.50
017005,Anfo,2021-09,1446,4912,3.40
017005,Anfo,2021-10,172,260,1.50
017005,Anfo,2021-11,97,117,1.20
017005,Anfo,2021-12,193,274,1.40
017005,Anfo,2022-01,20,135,6.80
017005,Anfo,2022-02,8,10,1.30
017005,Anfo,2022-04,791,2255,2.90
017005,Anfo,2022-05,1171,3672,3.10
017005,Anfo,2022-06,2845,11240,4.00
017005,Anfo,2022-07,3136,16288,5.20
017005,Anfo,2022-08,2633,17797,6.80
017005,Anfo,2022-09,1744,7413,4.30
017005,Anfo,2022-10,632,2050,3.20
017005,Anfo,2022-11,3,177,31.00
017005,Anfo,2022-12,251,611,2.40
017005,Anfo,2023-01,3,62,20.70
017005,Anfo,2023-02,7,15,2.10
017005,Anfo,2023-03,33,62,1.90
017005,Anfo,2023-04,1336,3706,2.80
017005,Anfo,2023-05,1299,4405,3.40
017005,Anfo,2023-06,2264,9523,4.20
017005,Anfo,2023-07,2907,15022,5.20
017005,Anfo,2023-08,2936,18854,6.40
017005,Anfo,2023-09,2060,7659,3.70
017005,Anfo,2023-10,694,2360,3.40
017005,Anfo,2023-11,32,230,7.20
017005,Anfo,2023-12,378,802,2.10
017005,Anfo,2024-01,32,144,4.50
017005,Anfo,2024-02,12,25,2.10
017005,Anfo,2024-03,290,799,2.80
017005,Anfo,2024-04,832,2367,2.80
017005,Anfo,2024-05,1751,7013,4.00
017005,Anfo,2024-06,2400,10299,4.30
017005,Anfo,2024-07,3259,18388,5.60
017005,Anfo,2024-08,3246,20101,6.20
017005,Anfo,2024-09,1941,8484,4.40
017005,Anfo,2024-10,545,2318,4.30
017005,Anfo,2024-11,154,307,2.00
017005,Anfo,2024-12,243,542,2.20
017006,Angolo Terme,2019-01,57,140,2.50
017006,Angolo Terme,2019-02,37,239,6.50
017006,Angolo Terme,2019-03,43,471,11.00
017006,Angolo Terme,2019-04,158,432,2.70
017006,Angolo Terme,2019-05,132,281,2.10
017006,Angolo Terme,2019-06,264,781,3.00
017006,Angolo Terme,2019-07,280,969,3.50
017006,Angolo Terme,2019-08,402,1767,4.40
017006,Angolo Terme,2019-09,122,386,3.20
017006,Angolo Terme,2019-10,53,185,3.50
017006,Angolo Terme,2019-11,13,25,1.90
017006,Angolo Terme,2019-12,85,162,1.90
017006,Angolo Terme,2020-01,41,104,2.50
017006,Angolo Terme,2020-02,84,158,1.90
017006,Angolo Terme,2020-03,5,52,10.40
017006,Angolo Terme,2020-04,0,36,0.00
017006,Angolo Terme,2020-05,12,46,3.80
017006,Angolo Terme,2020-06,56,132,2.40
017006,Angolo Terme,2020-07,92,527,5.70
017006,Angolo Terme,2020-08,420,1952,4.60
017006,Angolo Terme,2020-09,108,325,3.00
017006,Angolo Terme,2020-10,62,160,2.60
017006,Angolo Terme,2020-11,12,32,2.70
017006,Angolo Terme,2020-12,19,52,2.70
017006,Angolo Terme,2021-01,5,31,6.20
017006,Angolo Terme,2021-02,58,88,1.50
017006,Angolo Terme,2021-03,0,0,0.00
017006,Angolo Terme,2021-04,54,57,1.10
017006,Angolo Terme,2021-05,57,156,2.70
017006,Angolo Terme,2021-06,111,249,2.20
017006,Angolo Terme,2021-07,421,1637,3.90
017006,Angolo Terme,2021-08,350,1545,4.40
017006,Angolo Terme,2021-09,136,268,2.00
017006,Angolo Terme,2021-10,139,197,1.40
017006,Angolo Terme,2021-11,65,81,1.20
017006,Angolo Terme,2021-12,127,389,3.10
017006,Angolo Terme,2022-01,89,492,5.50
017006,Angolo Terme,2022-02,134,223,1.70
017006,Angolo Terme,2022-03,95,109,1.10
017006,Angolo Terme,2022-04,113,176,1.60
017006,Angolo Terme,2022-05,114,336,2.90
017006,Angolo Terme,2022-06,192,754,3.90
017006,Angolo Terme,2022-07,413,1215,2.90
017006,Angolo Terme,2022-08,340,1423,4.20
017006,Angolo Terme,2022-09,184,317,1.70
017006,Angolo Terme,2022-10,31,75,2.40
017006,Angolo Terme,2022-11,20,27,1.40
017006,Angolo Terme,2022-12,166,309,1.90
017006,Angolo Terme,2023-01,133,397,3.00
017006,Angolo Terme,2023-02,144,250,1.70
017006,Angolo Terme,2023-03,46,49,1.10
017006,Angolo Terme,2023-04,79,143,1.80
017006,Angolo Terme,2023-05,36,52,1.40
017006,Angolo Terme,2023-06,178,383,2.20
017006,Angolo Terme,2023-07,210,1296,6.20
017006,Angolo Terme,2023-08,281,1012,3.60
017006,Angolo Terme,2023-09,166,708,4.30
017006,Angolo Terme,2023-10,77,330,4.30
017006,Angolo Terme,2023-11,71,283,4.00
017006,Angolo Terme,2023-12,231,529,2.30
017006,Angolo Terme,2024-01,146,422,2.90
017006,Angolo Terme,2024-02,97,272,2.80
017006,Angolo Terme,2024-03,109,173,1.60
017006,Angolo Terme,2024-04,95,162,1.70
017006,Angolo Terme,2024-05,84,165,2.00
017006,Angolo Terme,2024-06,208,559,2.70
017006,Angolo Terme,2024-07,397,1800,4.50
017006,Angolo Terme,2024-08,580,2018,3.50
017006,Angolo Terme,2024-09,182,401,2.20
017006,Angolo Terme,2024-10,62,135,2.20
017006,Angolo Terme,2024-11,122,178,1.50
017006,Angolo Terme,2024-12,294,657,2.20
017007,Artogne,2019-01,113,288,2.50
017007,Artogne,2019-02,151,290,1.90
017007,Artogne,2019-03,137,268,2.00
017007,Artogne,2019-04,40,53,1.30
017007,Artogne,2019-05,26,39,1.50
017007,Artogne,2019-06,55,103,1.90
017007,Artogne,2019-07,118,342,2.90
017007,Artogne,2019-08,175,642,3.70
017007,Artogne,2019-09,61,122,2.00
017007,Artogne,2019-10,39,77,2.00
017007,Artogne,2019-11,21,50,2.40
017007,Artogne,2019-12,111,275,2.50
017007,Artogne,2020-01,130,290,2.20
017007,Artogne,2020-02,161,223,1.40
017007,Artogne,2020-03,43,64,1.50
017007,Artogne,2020-04,0,0,0.00
017007,Artogne,2020-05,2,2,1.00
017007,Artogne,2020-06,21,105,5.00
017007,Artogne,2020-07,77,325,4.20
017007,Artogne,2020-08,158,585,3.70
017007,Artogne,2020-09,52,122,2.30
017007,Artogne,2020-10,26,48,1.80
017007,Artogne,2020-11,2,8,4.00
017007,Artogne,2020-12,36,83,2.30
017007,Artogne,2021-01,17,53,3.10
017007,Artogne,2021-02,153,255,1.70
017007,Artogne,2021-03,2,2,1.00
017007,Artogne,2021-04,18,32,1.80
017007,Artogne,2021-05,13,15,1.20
017007,Artogne,2021-06,49,75,1.50
017007,Artogne,2021-07,153,359,2.30
017007,Artogne,2021-08,218,793,3.60
017007,Artogne,2021-09,70,121,1.70
017007,Artogne,2021-10,20,36,1.80
017007,Artogne,2021-11,12,23,1.90
017007,Artogne,2021-12,141,329,2.30
017007,Artogne,2022-01,90,292,3.20
017007,Artogne,2022-02,128,179,1.40
017007,Artogne,2022-03,62,107,1.70
017007,Artogne,2022-04,59,117,2.00
017007,Artogne,2022-05,17,21,1.20
017007,Artogne,2022-06,84,138,1.60
017007,Artogne,2022-07,164,474,2.90
017007,Artogne,2022-08,199,875,4.40
017007,Artogne,2022-09,72,161,2.20
017007,Artogne,2022-10,49,62,1.30
017007,Artogne,2022-11,23,38,1.70
017007,Artogne,2022-12,62,146,2.40
017007,Artogne,2023-01,113,219,1.90
017007,Artogne,2023-02,35,52,1.50
017007,Artogne,2023-03,38,88,2.30
017007,Artogne,2023-04,35,73,2.10
017007,Artogne,2023-05,20,32,1.60
017007,Artogne,2023-06,65,98,1.50
017007,Artogne,2023-07,153,507,3.30
017007,Artogne,2023-08,163,769,4.70
017007,Artogne,2023-09,73,117,1.60
017007,Artogne,2023-10,38,66,1.70
017007,Artogne,2023-11,14,20,1.40
017007,Artogne,2023-12,133,281,2.10
017007,Artogne,2024-01,125,230,1.80
017007,Artogne,2024-02,125,171,1.40
017007,Artogne,2024-03,107,159,1.50
017007,Artogne,2024-04,31,71,2.30
017007,Artogne,2024-05,67,88,1.30
017007,Artogne,2024-06,87,161,1.90
017007,Artogne,2024-07,210,720,3.40
017007,Artogne,2024-08,270,962,3.60
017007,Artogne,2024-09,115,254,2.20
017007,Artogne,2024-10,29,44,1.50
017007,Artogne,2024-11,76,162,2.10
017007,Artogne,2024-12,119,295,2.50
017009,Bagnolo Mella,2023-01,40,76,1.90
017009,Bagnolo Mella,2023-02,21,109,5.20
017009,Bagnolo Mella,2023-03,30,105,3.50
017009,Bagnolo Mella,2023-04,25,56,2.20
017009,Bagnolo Mella,2023-05,8,13,1.60
017009,Bagnolo Mella,2023-06,20,41,2.10
017009,Bagnolo Mella,2023-07,15,34,2.30
017009,Bagnolo Mella,2023-08,20,39,2.00
017009,Bagnolo Mella,2023-09,27,69,2.60
017009,Bagnolo Mella,2023-10,27,50,1.90
017009,Bagnolo Mella,2023-11,19,56,2.90
017009,Bagnolo Mella,2023-12,12,28,2.30
017009,Bagnolo Mella,2024-01,24,69,2.90
017009,Bagnolo Mella,2024-02,36,117,3.30
017009,Bagnolo Mella,2024-03,37,110,3.00
017009,Bagnolo Mella,2024-04,25,49,2.00
017009,Bagnolo Mella,2024-05,32,127,4.00
017009,Bagnolo Mella,2024-06,35,131,3.70
017009,Bagnolo Mella,2024-07,18,152,8.40
017009,Bagnolo Mella,2024-08,13,155,11.90
017009,Bagnolo Mella,2024-09,20,38,1.90
017009,Bagnolo Mella,2024-10,18,52,2.90
017009,Bagnolo Mella,2024-11,18,37,2.10
017009,Bagnolo Mella,2024-12,36,88,2.40
017010,Bagolino,2019-01,498,1406,2.80
017010,Bagolino,2019-02,558,901,1.60
017010,Bagolino,2019-03,521,1145,2.20
017010,Bagolino,2019-04,421,1037,2.50
017010,Bagolino,2019-05,393,976,2.50
017010,Bagolino,2019-06,1343,4177,3.10
017010,Bagolino,2019-07,2065,11246,5.40
017010,Bagolino,2019-08,1769,12172,6.90
017010,Bagolino,2019-09,688,1825,2.70
017010,Bagolino,2019-10,83,159,1.90
017010,Bagolino,2019-11,105,210,2.00
017010,Bagolino,2019-12,866,1923,2.20
017010,Bagolino,2020-01,632,1997,3.20
017010,Bagolino,2020-02,832,1716,2.10
017010,Bagolino,2020-03,53,96,1.80
017010,Bagolino,2020-04,0,0,0.00
017010,Bagolino,2020-05,98,178,1.80
017010,Bagolino,2020-06,645,1768,2.70
017010,Bagolino,2020-07,1534,6319,4.10
017010,Bagolino,2020-08,1703,9706,5.70
017010,Bagolino,2020-09,587,2222,3.80
017010,Bagolino,2020-10,87,343,3.90
017010,Bagolino,2020-11,15,192,12.80
017010,Bagolino,2020-12,37,335,9.10
017010,Bagolino,2021-01,20,232,11.60
017010,Bagolino,2021-02,50,222,4.40
017010,Bagolino,2021-03,17,89,5.20
017010,Bagolino,2021-04,21,60,2.90
017010,Bagolino,2021-05,367,1044,2.80
017010,Bagolino,2021-06,923,3156,3.40
017010,Bagolino,2021-07,1950,8605,4.40
017010,Bagolino,2021-08,2183,12370,5.70
017010,Bagolino,2021-09,598,2330,3.90
017010,Bagolino,2021-10,211,402,1.90
017010,Bagolino,2021-11,20,26,1.30
017010,Bagolino,2021-12,155,270,1.70
017010,Bagolino,2022-01,134,576,4.30
017010,Bagolino,2022-02,85,189,2.20
017010,Bagolino,2022-03,90,146,1.60
017010,Bagolino,2022-04,537,1411,2.60
017010,Bagolino,2022-05,631,1949,3.10
017010,Bagolino,2022-06,1408,5432,3.90
017010,Bagolino,2022-07,2117,9784,4.60
017010,Bagolino,2022-08,1955,12579,6.40
017010,Bagolino,2022-09,635,2746,4.30
017010,Bagolino,2022-10,103,241,2.30
017010,Bagolino,2022-11,29,122,4.20
017010,Bagolino,2022-12,198,436,2.20
017010,Bagolino,2023-01,344,928,2.70
017010,Bagolino,2023-02,175,382,2.20
017010,Bagolino,2023-03,151,244,1.60
017010,Bagolino,2023-04,622,1748,2.80
017010,Bagolino,2023-05,443,1584,3.60
017010,Bagolino,2023-06,1303,4610,3.50
017010,Bagolino,2023-07,2245,10396,4.60
017010,Bagolino,2023-08,2091,14158,6.80
017010,Bagolino,2023-09,708,2698,3.80
017010,Bagolino,2023-10,180,485,2.70
017010,Bagolino,2023-11,95,239,2.50
017010,Bagolino,2023-12,385,911,2.40
017010,Bagolino,2024-01,197,577,2.90
017010,Bagolino,2024-02,257,665,2.60
017010,Bagolino,2024-03,253,612,2.40
017010,Bagolino,2024-04,380,1072,2.80
017010,Bagolino,2024-05,687,2230,3.20
017010,Bagolino,2024-06,1379,5007,3.60
017010,Bagolino,2024-07,2301,10788,4.70
017010,Bagolino,2024-08,2422,14641,6.00
017010,Bagolino,2024-09,935,3669,3.90
017010,Bagolino,2024-10,171,435,2.50
017010,Bagolino,2024-11,192,299,1.60
017010,Bagolino,2024-12,610,1541,2.50
017014,Bedizzole,2019-01,142,515,3.60
017014,Bedizzole,2019-02,202,716,3.50
017014,Bedizzole,2019-03,351,904,2.60
017014,Bedizzole,2019-04,365,1158,3.20
017014,Bedizzole,2019-05,385,1219,3.20
017014,Bedizzole,2019-06,536,1493,2.80
017014,Bedizzole,2019-07,567,1717,3.00
017014,Bedizzole,2019-08,657,2034,3.10
017014,Bedizzole,2019-09,375,1324,3.50
017014,Bedizzole,2019-10,350,1084,3.10
017014,Bedizzole,2019-11,277,1019,3.70
017014,Bedizzole,2019-12,258,813,3.20
017014,Bedizzole,2020-01,66,366,5.50
017014,Bedizzole,2020-02,101,366,3.60
017014,Bedizzole,2020-03,28,227,8.10
017014,Bedizzole,2020-04,2,60,30.00
017014,Bedizzole,2020-05,44,278,6.30
017014,Bedizzole,2020-06,86,483,5.60
017014,Bedizzole,2020-07,166,562,3.40
017014,Bedizzole,2020-08,337,1085,3.20
017014,Bedizzole,2020-09,135,425,3.10
017014,Bedizzole,2020-10,121,532,4.40
017014,Bedizzole,2020-11,74,626,8.50
017014,Bedizzole,2020-12,46,327,7.10
017014,Bedizzole,2021-01,87,421,4.80
017014,Bedizzole,2021-02,75,350,4.70
017014,Bedizzole,2021-03,67,521,7.80
017014,Bedizzole,2021-04,90,392,4.40
017014,Bedizzole,2021-05,149,704,4.70
017014,Bedizzole,2021-06,200,804,4.00
017014,Bedizzole,2021-07,510,1593,3.10
017014,Bedizzole,2021-08,719,2666,3.70
017014,Bedizzole,2021-09,301,1266,4.20
017014,Bedizzole,2021-10,185,600,3.20
017014,Bedizzole,2021-11,157,602,3.80
017014,Bedizzole,2021-12,172,753,4.40
017014,Bedizzole,2022-01,195,581,3.00
017014,Bedizzole,2022-02,247,914,3.70
017014,Bedizzole,2022-03,250,887,3.50
017014,Bedizzole,2022-04,423,1040,2.50
017014,Bedizzole,2022-05,563,1563,2.80
017014,Bedizzole,2022-06,683,1888,2.80
017014,Bedizzole,2022-07,796,2379,3.00
017014,Bedizzole,2022-08,857,2448,2.90
017014,Bedizzole,2022-09,647,1645,2.50
017014,Bedizzole,2022-10,294,941,3.20
017014,Bedizzole,2022-11,281,1034,3.70
017014,Bedizzole,2022-12,181,748,4.10
017014,Bedizzole,2023-01,287,847,3.00
017014,Bedizzole,2023-02,356,977,2.70
017014,Bedizzole,2023-03,427,1193,2.80
017014,Bedizzole,2023-04,541,1419,2.60
017014,Bedizzole,2023-05,531,1291,2.40
017014,Bedizzole,2023-06,756,1691,2.20
017014,Bedizzole,2023-07,919,2367,2.60
017014,Bedizzole,2023-08,831,2621,3.20
017014,Bedizzole,2023-09,560,1736,3.10
017014,Bedizzole,2023-10,505,1782,3.50
017014,Bedizzole,2023-11,327,1049,3.20
017014,Bedizzole,2023-12,347,978,2.80
017014,Bedizzole,2024-01,303,1162,3.80
017014,Bedizzole,2024-02,367,1267,3.50
017014,Bedizzole,2024-03,497,1746,3.50
017014,Bedizzole,2024-04,487,1344,2.80
017014,Bedizzole,2024-05,598,1599,2.70
017014,Bedizzole,2024-06,592,1638,2.80
017014,Bedizzole,2024-07,781,2392,3.10
017014,Bedizzole,2024-08,815,2621,3.20
017014,Bedizzole,2024-09,485,1991,4.10
017014,Bedizzole,2024-10,451,1747,3.90
017014,Bedizzole,2024-11,368,1372,3.70
017014,Bedizzole,2024-12,332,1385,4.20
017016,Berzo Demo,2019-01,6,18,3.00
017016,Berzo Demo,2019-02,10,14,1.40
017016,Berzo Demo,2019-03,2,2,1.00
017016,Berzo Demo,2019-04,13,15,1.20
017016,Berzo Demo,2019-05,5,5,1.00
017016,Berzo Demo,2019-06,19,21,1.10
017016,Berzo Demo,2019-07,11,11,1.00
017016,Berzo Demo,2019-08,33,60,1.80
017016,Berzo Demo,2019-09,15,29,1.90
017016,Berzo Demo,2019-10,7,7,1.00
017016,Berzo Demo,2019-11,4,5,1.30
017016,Berzo Demo,2019-12,9,17,1.90
017016,Berzo Demo,2020-01,12,29,2.40
017016,Berzo Demo,2020-02,16,19,1.20
017016,Berzo Demo,2020-03,0,0,0.00
017016,Berzo Demo,2020-04,0,0,0.00
017016,Berzo Demo,2020-05,0,0,0.00
017016,Berzo Demo,2020-06,13,15,1.20
017016,Berzo Demo,2020-07,29,35,1.20
017016,Berzo Demo,2020-08,55,87,1.60
017016,Berzo Demo,2020-09,44,63,1.40
017016,Berzo Demo,2020-10,13,22,1.70
017016,Berzo Demo,2020-11,0,0,0.00
017016,Berzo Demo,2020-12,0,0,0.00
017016,Berzo Demo,2021-01,0,0,0.00
017016,Berzo Demo,2021-02,0,0,0.00
017016,Berzo Demo,2021-03,0,0,0.00
017016,Berzo Demo,2021-04,0,0,0.00
017016,Berzo Demo,2021-05,5,7,1.40
017016,Berzo Demo,2021-06,27,30,1.10
017016,Berzo Demo,2021-07,34,38,1.10
017016,Berzo Demo,2021-08,50,88,1.80
017016,Berzo Demo,2021-09,23,26,1.10
017016,Berzo Demo,2021-10,6,6,1.00
017016,Berzo Demo,2021-11,8,12,1.50
017016,Berzo Demo,2021-12,13,15,1.20
017016,Berzo Demo,2022-01,14,29,2.10
017016,Berzo Demo,2022-02,14,15,1.10
017016,Berzo Demo,2022-03,4,6,1.50
017016,Berzo Demo,2022-04,22,28,1.30
017016,Berzo Demo,2022-05,15,20,1.30
017016,Berzo Demo,2022-06,30,32,1.10
017016,Berzo Demo,2022-07,62,98,1.60
017016,Berzo Demo,2022-08,113,168,1.50
017016,Berzo Demo,2022-09,26,28,1.10
017016,Berzo Demo,2022-10,22,33,1.50
017016,Berzo Demo,2022-11,8,10,1.30
017016,Berzo Demo,2022-12,15,22,1.50
017016,Berzo Demo,2023-01,21,36,1.70
017016,Berzo Demo,2023-02,18,18,1.00
017016,Berzo Demo,2023-03,30,30,1.00
017016,Berzo Demo,2023-04,26,29,1.10
017016,Berzo Demo,2023-05,12,12,1.00
017016,Berzo Demo,2023-06,41,51,1.20
017016,Berzo Demo,2023-07,78,113,1.40
017016,Berzo Demo,2023-08,58,90,1.60
017016,Berzo Demo,2023-09,30,38,1.30
017016,Berzo Demo,2023-10,17,21,1.20
017016,Berzo Demo,2023-11,5,5,1.00
017016,Berzo Demo,2023-12,6,8,1.30
017016,Berzo Demo,2024-01,36,46,1.30
017016,Berzo Demo,2024-02,10,11,1.10
017016,Berzo Demo,2024-03,11,11,1.00
017016,Berzo Demo,2024-04,11,14,1.30
017016,Berzo Demo,2024-05,7,11,1.60
017016,Berzo Demo,2024-06,6,8,1.30
017016,Berzo Demo,2024-07,58,73,1.30
017016,Berzo Demo,2024-08,90,150,1.70
017016,Berzo Demo,2024-09,38,38,1.00
017016,Berzo Demo,2024-10,8,11,1.40
017016,Berzo Demo,2024-11,27,32,1.20
017016,Berzo Demo,2024-12,32,52,1.60
017018,Bienno,2019-01,12,52,4.30
017018,Bienno,2019-02,10,26,2.60
017018,Bienno,2019-03,24,40,1.70
017018,Bienno,2019-04,90,277,3.10
017018,Bienno,2019-05,124,382,3.10
017018,Bienno,2019-06,109,299,2.70
017018,Bienno,2019-07,200,704,3.50
017018,Bienno,2019-08,211,873,4.10
017018,Bienno,2019-09,150,950,6.30
017018,Bienno,2019-10,72,170,2.40
017018,Bienno,2019-11,40,131,3.30
017018,Bienno,2019-12,54,161,3.00
017018,Bienno,2020-01,23,64,2.80
017018,Bienno,2020-02,20,33,1.70
017018,Bienno,2020-03,5,17,3.40
017018,Bienno,2020-04,0,0,0.00
017018,Bienno,2020-05,13,17,1.30
017018,Bienno,2020-06,40,95,2.40
017018,Bienno,2020-07,116,312,2.70
017018,Bienno,2020-08,109,487,4.50
017018,Bienno,2020-09,48,145,3.00
017018,Bienno,2020-10,38,107,2.80
017018,Bienno,2020-11,7,21,3.00
017018,Bienno,2020-12,12,33,2.80
017018,Bienno,2021-01,13,44,3.40
017018,Bienno,2021-02,20,40,2.00
017018,Bienno,2021-03,1,2,2.00
017018,Bienno,2021-04,7,9,1.30
017018,Bienno,2021-05,88,131,1.50
017018,Bienno,2021-06,144,298,2.10
017018,Bienno,2021-07,149,387,2.60
017018,Bienno,2021-08,177,565,3.20
017018,Bienno,2021-09,115,329,2.90
017018,Bienno,2021-10,45,200,4.40
017018,Bienno,2021-11,14,16,1.10
017018,Bienno,2021-12,61,145,2.40
017018,Bienno,2022-01,27,81,3.00
017018,Bienno,2022-02,43,59,1.40
017018,Bienno,2022-03,40,91,2.30
017018,Bienno,2022-04,68,149,2.20
017018,Bienno,2022-05,82,238,2.90
017018,Bienno,2022-06,95,345,3.60
017018,Bienno,2022-07,198,425,2.10
017018,Bienno,2022-08,228,660,2.90
017018,Bienno,2022-09,179,694,3.90
017018,Bienno,2022-10,32,140,4.40
017018,Bienno,2022-11,11,68,6.20
017018,Bienno,2022-12,66,215,3.30
017018,Bienno,2023-01,50,137,2.70
017018,Bienno,2023-02,46,64,1.40
017018,Bienno,2023-03,57,80,1.40
017018,Bienno,2023-04,110,315,2.90
017018,Bienno,2023-05,158,456,2.90
017018,Bienno,2023-06,192,574,3.00
017018,Bienno,2023-07,328,972,3.00
017018,Bienno,2023-08,295,857,2.90
017018,Bienno,2023-09,140,391,2.80
017018,Bienno,2023-10,58,121,2.10
017018,Bienno,2023-11,26,46,1.80
017018,Bienno,2023-12,83,121,1.50
017018,Bienno,2024-01,45,84,1.90
017018,Bienno,2024-02,45,58,1.30
017018,Bienno,2024-03,41,61,1.50
017018,Bienno,2024-04,57,120,2.10
017018,Bienno,2024-05,173,512,3.00
017018,Bienno,2024-06,188,297,1.60
017018,Bienno,2024-07,324,655,2.00
017018,Bienno,2024-08,321,897,2.80
017018,Bienno,2024-09,165,535,3.20
017018,Bienno,2024-10,106,224,2.10
017018,Bienno,2024-11,76,158,2.10
017018,Bienno,2024-12,123,288,2.30
017020,Borgo San Giacomo,2023-01,32,42,1.30
017020,Borgo San Giacomo,2023-02,27,52,1.90
017020,Borgo San Giacomo,2023-03,19,60,3.20
017020,Borgo San Giacomo,2023-04,109,163,1.50
017020,Borgo San Giacomo,2023-05,78,104,1.30
017020,Borgo San Giacomo,2023-06,143,161,1.10
017020,Borgo San Giacomo,2023-07,107,131,1.20
017020,Borgo San Giacomo,2023-08,151,190,1.30
017020,Borgo San Giacomo,2023-09,156,223,1.40
017020,Borgo San Giacomo,2023-10,92,122,1.30
017020,Borgo San Giacomo,2023-11,86,124,1.40
017020,Borgo San Giacomo,2023-12,71,98,1.40
017020,Borgo San Giacomo,2024-01,63,86,1.40
017020,Borgo San Giacomo,2024-02,75,89,1.20
017020,Borgo San Giacomo,2024-03,106,149,1.40
017020,Borgo San Giacomo,2024-04,117,176,1.50
017020,Borgo San Giacomo,2024-05,140,203,1.50
017020,Borgo San Giacomo,2024-06,119,173,1.50
017020,Borgo San Giacomo,2024-07,93,115,1.20
017020,Borgo San Giacomo,2024-08,105,170,1.60
017020,Borgo San Giacomo,2024-09,134,226,1.70
017020,Borgo San Giacomo,2024-10,102,143,1.40
017020,Borgo San Giacomo,2024-11,91,131,1.40
017020,Borgo San Giacomo,2024-12,72,104,1.40
017022,Borno,2019-01,400,1779,4.40
017022,Borno,2019-02,526,967,1.80
017022,Borno,2019-03,494,1051,2.10
017022,Borno,2019-04,475,1657,3.50
017022,Borno,2019-05,209,764,3.70
017022,Borno,2019-06,682,2056,3.00
017022,Borno,2019-07,1233,6448,5.20
017022,Borno,2019-08,905,5971,6.60
017022,Borno,2019-09,505,1325,2.60
017022,Borno,2019-10,290,749,2.60
017022,Borno,2019-11,165,354,2.10
017022,Borno,2019-12,410,894,2.20
017022,Borno,2020-01,396,1023,2.60
017022,Borno,2020-02,472,1088,2.30
017022,Borno,2020-03,104,364,3.50
017022,Borno,2020-04,0,6,0.00
017022,Borno,2020-05,331,687,2.10
017022,Borno,2020-06,616,2060,3.30
017022,Borno,2020-07,1255,7024,5.60
017022,Borno,2020-08,1269,12364,9.70
017022,Borno,2020-09,615,1646,2.70
017022,Borno,2020-10,468,994,2.10
017022,Borno,2020-11,4,85,21.30
017022,Borno,2020-12,298,848,2.80
017022,Borno,2021-01,262,1348,5.10
017022,Borno,2021-02,515,1007,2.00
017022,Borno,2021-03,31,108,3.50
017022,Borno,2021-04,168,544,3.20
017022,Borno,2021-05,570,1259,2.20
017022,Borno,2021-06,977,3060,3.10
017022,Borno,2021-07,601,3160,5.30
017022,Borno,2021-08,791,3663,4.60
017022,Borno,2021-09,316,660,2.10
017022,Borno,2021-10,274,437,1.60
017022,Borno,2021-11,120,201,1.70
017022,Borno,2021-12,487,934,1.90
017022,Borno,2022-01,566,1586,2.80
017022,Borno,2022-02,598,1197,2.00
017022,Borno,2022-03,401,938,2.30
017022,Borno,2022-04,556,1582,2.80
017022,Borno,2022-05,477,1418,3.00
017022,Borno,2022-06,984,3571,3.60
017022,Borno,2022-07,1590,8489,5.30
017022,Borno,2022-08,688,6634,9.60
017022,Borno,2022-09,572,1380,2.40
017022,Borno,2022-10,603,1343,2.20
017022,Borno,2022-11,152,470,3.10
017022,Borno,2022-12,1072,2909,2.70
017022,Borno,2023-01,662,2914,4.40
017022,Borno,2023-02,668,1548,2.30
017022,Borno,2023-03,419,994,2.40
017022,Borno,2023-04,798,2042,2.60
017022,Borno,2023-05,360,849,2.40
017022,Borno,2023-06,1019,2980,2.90
017022,Borno,2023-07,1407,7709,5.50
017022,Borno,2023-08,1516,12287,8.10
017022,Borno,2023-09,748,1717,2.30
017022,Borno,2023-10,399,834,2.10
017022,Borno,2023-11,298,579,1.90
017022,Borno,2023-12,1292,3382,2.60
017022,Borno,2024-01,727,2803,3.90
017022,Borno,2024-02,800,1839,2.30
017022,Borno,2024-03,664,1507,2.30
017022,Borno,2024-04,474,1312,2.80
017022,Borno,2024-05,390,835,2.10
017022,Borno,2024-06,904,2624,2.90
017022,Borno,2024-07,1477,9090,6.20
017022,Borno,2024-08,1769,13481,7.60
017022,Borno,2024-09,746,2069,2.80
017022,Borno,2024-10,183,444,2.40
017022,Borno,2024-11,510,961,1.90
017022,Borno,2024-12,538,1334,2.50
017023,Botticino,2024-01,0,0,0.00
017023,Botticino,2024-02,0,0,0.00
017023,Botticino,2024-03,2,2,1.00
017023,Botticino,2024-04,9,29,3.20
017023,Botticino,2024-05,3,21,7.00
017023,Botticino,2024-06,17,29,1.70
017023,Botticino,2024-07,7,43,6.10
017023,Botticino,2024-08,14,47,3.40
017023,Botticino,2024-09,13,36,2.80
017023,Botticino,2024-10,9,43,4.80
017023,Botticino,2024-11,7,40,5.70
017023,Botticino,2024-12,4,30,7.50
017024,Bovegno,2020-01,6,10,1.70
017024,Bovegno,2020-02,15,24,1.60
017024,Bovegno,2020-03,0,0,0.00
017024,Bovegno,2020-04,0,0,0.00
017024,Bovegno,2020-05,4,16,4.00
017024,Bovegno,2020-06,24,90,3.80
017024,Bovegno,2020-07,24,94,3.90
017024,Bovegno,2020-08,29,110,3.80
017024,Bovegno,2020-09,18,64,3.60
017024,Bovegno,2020-10,15,64,4.30
017024,Bovegno,2020-11,16,52,3.30
017024,Bovegno,2020-12,5,5,1.00
017024,Bovegno,2021-01,0,0,0.00
017024,Bovegno,2021-02,21,77,3.70
017024,Bovegno,2021-03,0,0,0.00
017024,Bovegno,2021-04,8,14,1.80
017024,Bovegno,2021-05,7,12,1.70
017024,Bovegno,2021-06,8,8,1.00
017024,Bovegno,2021-07,21,39,1.90
017024,Bovegno,2021-08,26,74,2.80
017024,Bovegno,2021-09,18,114,6.30
017024,Bovegno,2021-10,9,14,1.60
017024,Bovegno,2021-11,0,0,0.00
017024,Bovegno,2021-12,12,36,3.00
017024,Bovegno,2022-01,7,12,1.70
017024,Bovegno,2022-03,3,3,1.00
017024,Bovegno,2022-04,23,23,1.00
017024,Bovegno,2022-05,11,22,2.00
017024,Bovegno,2022-06,23,41,1.80
017024,Bovegno,2022-07,54,149,2.80
017024,Bovegno,2022-08,45,242,5.40
017024,Bovegno,2022-09,14,21,1.50
017024,Bovegno,2022-10,20,26,1.30
017024,Bovegno,2022-11,2,8,4.00
017024,Bovegno,2022-12,26,36,1.40
017024,Bovegno,2023-01,32,74,2.30
017024,Bovegno,2023-02,20,50,2.50
017024,Bovegno,2023-03,14,15,1.10
017024,Bovegno,2023-04,36,59,1.60
017024,Bovegno,2023-05,17,36,2.10
017024,Bovegno,2023-06,17,57,3.40
017024,Bovegno,2023-07,77,228,3.00
017024,Bovegno,2023-08,86,387,4.50
017024,Bovegno,2023-09,19,112,5.90
017024,Bovegno,2023-10,7,26,3.70
017024,Bovegno,2023-11,5,9,1.80
017024,Bovegno,2023-12,29,63,2.20
017024,Bovegno,2024-01,11,32,2.90
017024,Bovegno,2024-02,21,77,3.70
017024,Bovegno,2024-03,25,71,2.80
017024,Bovegno,2024-04,19,60,3.20
017024,Bovegno,2024-05,55,152,2.80
017024,Bovegno,2024-06,43,88,2.00
017024,Bovegno,2024-07,89,386,4.30
017024,Bovegno,2024-08,107,653,6.10
017024,Bovegno,2024-09,34,141,4.10
017024,Bovegno,2024-10,11,11,1.00
017024,Bovegno,2024-11,2,4,2.00
017024,Bovegno,2024-12,20,33,1.70
017028,Breno,2019-01,411,1129,2.70
017028,Breno,2019-02,411,839,2.00
017028,Breno,2019-03,354,714,2.00
017028,Breno,2019-04,364,718,2.00
017028,Breno,2019-05,615,1215,2.00
017028,Breno,2019-06,814,1470,1.80
017028,Breno,2019-07,1399,5168,3.70
017028,Breno,2019-08,1533,4561,3.00
017028,Breno,2019-09,713,1038,1.50
017028,Breno,2019-10,414,1528,3.70
017028,Breno,2019-11,351,1489,4.20
017028,Breno,2019-12,613,1343,2.20
017028,Breno,2020-01,482,1074,2.20
017028,Breno,2020-02,397,908,2.30
017028,Breno,2020-03,86,357,4.20
017028,Breno,2020-04,17,297,17.50
017028,Breno,2020-05,100,411,4.10
017028,Breno,2020-06,254,476,1.90
017028,Breno,2020-07,539,950,1.80
017028,Breno,2020-08,941,1792,1.90
017028,Breno,2020-09,521,1004,1.90
017028,Breno,2020-10,352,1285,3.70
017028,Breno,2020-11,250,674,2.70
017028,Breno,2020-12,258,538,2.10
017028,Breno,2021-01,283,954,3.40
017028,Breno,2021-02,308,711,2.30
017028,Breno,2021-03,214,549,2.60
017028,Breno,2021-04,219,788,3.60
017028,Breno,2021-05,411,1049,2.60
017028,Breno,2021-06,475,818,1.70
017028,Breno,2021-07,1246,3778,3.00
017028,Breno,2021-08,1220,2410,2.00
017028,Breno,2021-09,643,1228,1.90
017028,Breno,2021-10,469,937,2.00
017028,Breno,2021-11,297,900,3.00
017028,Breno,2021-12,433,965,2.20
017028,Breno,2022-01,404,1206,3.00
017028,Breno,2022-02,333,997,3.00
017028,Breno,2022-03,471,1215,2.60
017028,Breno,2022-04,513,1188,2.30
017028,Breno,2022-05,586,1819,3.10
017028,Breno,2022-06,751,1222,1.60
017028,Breno,2022-07,1305,3496,2.70
017028,Breno,2022-08,1396,2840,2.00
017028,Breno,2022-09,721,1091,1.50
017028,Breno,2022-10,538,1093,2.00
017028,Breno,2022-11,398,855,2.10
017028,Breno,2022-12,463,824,1.80
017028,Breno,2023-01,445,1023,2.30
017028,Breno,2023-02,348,844,2.40
017028,Breno,2023-03,382,1012,2.60
017028,Breno,2023-04,501,824,1.60
017028,Breno,2023-05,467,1083,2.30
017028,Breno,2023-06,695,1342,1.90
017028,Breno,2023-07,1000,1604,1.60
017028,Breno,2023-08,1180,2040,1.70
017028,Breno,2023-09,775,1183,1.50
017028,Breno,2023-10,463,657,1.40
017028,Breno,2023-11,298,450,1.50
017028,Breno,2023-12,494,827,1.70
017028,Breno,2024-01,263,668,2.50
017028,Breno,2024-02,243,525,2.20
017028,Breno,2024-03,303,576,1.90
017028,Breno,2024-04,234,566,2.40
017028,Breno,2024-05,277,674,2.40
017028,Breno,2024-06,443,892,2.00
017028,Breno,2024-07,1204,3031,2.50
017028,Breno,2024-08,1665,4523,2.70
017028,Breno,2024-09,631,1328,2.10
017028,Breno,2024-10,412,1075,2.60
017028,Breno,2024-11,340,1007,3.00
017028,Breno,2024-12,622,1546,2.50
017029,Brescia,2019-01,20297,44666,2.20
017029,Brescia,2019-02,22340,48222,2.20
017029,Brescia,2019-03,25501,55191,2.20
017029,Brescia,2019-04,25304,54792,2.20
017029,Brescia,2019-05,27734,59241,2.10
017029,Brescia,2019-06,26736,56872,2.10
017029,Brescia,2019-07,26737,59700,2.20
017029,Brescia,2019-08,24450,53867,2.20
017029,Brescia,2019-09,27689,55959,2.00
017029,Brescia,2019-10,28414,61245,2.20
017029,Brescia,2019-11,25702,57877,2.30
017029,Brescia,2019-12,21836,50989,2.30
017029,Brescia,2020-01,22027,46773,2.10
017029,Brescia,2020-02,20759,44422,2.10
017029,Brescia,2020-03,2589,13006,5.00
017029,Brescia,2020-04,421,9903,23.50
017029,Brescia,2020-05,2388,11095,4.60
017029,Brescia,2020-06,6328,17010,2.70
017029,Brescia,2020-07,11047,22016,2.00
017029,Brescia,2020-08,11958,29093,2.40
017029,Brescia,2020-09,15359,33993,2.20
017029,Brescia,2020-10,14610,35075,2.40
017029,Brescia,2020-11,6117,23099,3.80
017029,Brescia,2020-12,7520,24418,3.20
017029,Brescia,2021-01,8103,23462,2.90
017029,Brescia,2021-02,11027,29576,2.70
017029,Brescia,2021-03,6573,27113,4.10
017029,Brescia,2021-04,8145,31304,3.80
017029,Brescia,2021-05,12911,40801,3.20
017029,Brescia,2021-06,15212,41485,2.70
017029,Brescia,2021-07,21468,50141,2.30
017029,Brescia,2021-08,22811,66056,2.90
017029,Brescia,2021-09,21253,63950,3.00
017029,Brescia,2021-10,20878,73442,3.50
017029,Brescia,2021-11,14226,67566,4.70
017029,Brescia,2021-12,12810,64552,5.00
017029,Brescia,2022-01,12958,40049,3.10
017029,Brescia,2022-02,17572,47478,2.70
017029,Brescia,2022-03,20892,56006,2.70
017029,Brescia,2022-04,24296,61663,2.50
017029,Brescia,2022-05,25901,63885,2.50
017029,Brescia,2022-06,26938,62657,2.30
017029,Brescia,2022-07,25294,60765,2.40
017029,Brescia,2022-08,24736,64052,2.60
017029,Brescia,2022-09,27960,63002,2.30
017029,Brescia,2022-10,26191,65934,2.50
017029,Brescia,2022-11,21077,57769,2.70
017029,Brescia,2022-12,22858,54120,2.40
017029,Brescia,2023-01,22940,54739,2.40
017029,Brescia,2023-02,24831,58543,2.40
017029,Brescia,2023-03,28044,65157,2.30
017029,Brescia,2023-04,29448,70366,2.40
017029,Brescia,2023-05,30123,70678,2.30
017029,Brescia,2023-06,32345,70827,2.20
017029,Brescia,2023-07,34463,75209,2.20
017029,Brescia,2023-08,30738,74290,2.40
017029,Brescia,2023-09,34333,75157,2.20
017029,Brescia,2023-10,33920,76341,2.30
017029,Brescia,2023-11,28228,69490,2.50
017029,Brescia,2023-12,28327,68212,2.40
017029,Brescia,2024-01,24312,59942,2.50
017029,Brescia,2024-02,22702,57461,2.50
017029,Brescia,2024-03,31279,71587,2.30
017029,Brescia,2024-04,30681,74884,2.40
017029,Brescia,2024-05,34345,81450,2.40
017029,Brescia,2024-06,31515,70511,2.20
017029,Brescia,2024-07,33537,73855,2.20
017029,Brescia,2024-08,35600,85332,2.40
017029,Brescia,2024-09,23358,76633,3.30
017029,Brescia,2024-10,22224,92754,4.20
017029,Brescia,2024-11,28634,77839,2.70
017029,Brescia,2024-12,25852,61283,2.40
017030,Brione,2023-02,11,17,1.50
017030,Brione,2023-03,15,35,2.30
017030,Brione,2023-04,15,44,2.90
017030,Brione,2023-05,12,55,4.60
017030,Brione,2023-06,23,54,2.30
017030,Brione,2023-07,22,102,4.60
017030,Brione,2023-08,29,97,3.30
017030,Brione,2023-09,5,34,6.80
017030,Brione,2023-10,8,34,4.30
017030,Brione,2023-11,3,12,4.00
017030,Brione,2023-12,14,28,2.00
017030,Brione,2024-01,6,18,3.00
017030,Brione,2024-02,11,35,3.20
017030,Brione,2024-03,14,59,4.20
017030,Brione,2024-04,32,85,2.70
017030,Brione,2024-05,27,102,3.80
017030,Brione,2024-06,30,81,2.70
017030,Brione,2024-07,23,113,4.90
017030,Brione,2024-08,25,121,4.80
017030,Brione,2024-09,26,99,3.80
017030,Brione,2024-10,19,98,5.20
017030,Brione,2024-11,15,41,2.70
017030,Brione,2024-12,13,32,2.50
017032,Calcinato,2019-01,769,974,1.30
017032,Calcinato,2019-02,925,1140,1.20
017032,Calcinato,2019-03,1156,1399,1.20
017032,Calcinato,2019-04,1279,1558,1.20
017032,Calcinato,2019-05,1417,1650,1.20
017032,Calcinato,2019-06,1287,1576,1.20
017032,Calcinato,2019-07,946,2013,2.10
017032,Calcinato,2019-08,1079,2320,2.20
017032,Calcinato,2019-09,1345,1866,1.40
017032,Calcinato,2019-10,1210,1674,1.40
017032,Calcinato,2019-11,840,1189,1.40
017032,Calcinato,2019-12,770,1236,1.60
017032,Calcinato,2020-01,682,1335,2.00
017032,Calcinato,2020-02,264,1157,4.40
017032,Calcinato,2020-03,65,213,3.30
017032,Calcinato,2020-04,16,105,6.60
017032,Calcinato,2020-05,49,103,2.10
017032,Calcinato,2020-06,132,272,2.10
017032,Calcinato,2020-07,169,296,1.80
017032,Calcinato,2020-08,304,567,1.90
017032,Calcinato,2020-09,204,277,1.40
017032,Calcinato,2020-10,193,291,1.50
017032,Calcinato,2020-11,92,257,2.80
017032,Calcinato,2020-12,70,166,2.40
017032,Calcinato,2021-01,108,392,3.60
017032,Calcinato,2021-02,119,449,3.80
017032,Calcinato,2021-03,115,224,1.90
017032,Calcinato,2021-04,135,356,2.60
017032,Calcinato,2021-05,183,635,3.50
017032,Calcinato,2021-06,230,449,2.00
017032,Calcinato,2021-07,316,841,2.70
017032,Calcinato,2021-08,469,1211,2.60
017032,Calcinato,2021-09,415,1045,2.50
017032,Calcinato,2021-10,170,390,2.30
017032,Calcinato,2021-11,40,69,1.70
017032,Calcinato,2021-12,26,96,3.70
017032,Calcinato,2022-01,79,249,3.20
017032,Calcinato,2022-02,59,239,4.10
017032,Calcinato,2022-03,54,215,4.00
017032,Calcinato,2022-04,86,334,3.90
017032,Calcinato,2022-05,73,337,4.60
017032,Calcinato,2022-06,102,480,4.70
017032,Calcinato,2022-07,99,617,6.20
017032,Calcinato,2022-08,99,484,4.90
017032,Calcinato,2022-09,69,379,5.50
017032,Calcinato,2022-10,68,298,4.40
017032,Calcinato,2022-11,49,208,4.20
017032,Calcinato,2022-12,57,197,3.50
017032,Calcinato,2023-01,52,176,3.40
017032,Calcinato,2023-02,65,236,3.60
017032,Calcinato,2023-03,66,307,4.70
017032,Calcinato,2023-04,72,227,3.20
017032,Calcinato,2023-05,134,420,3.10
017032,Calcinato,2023-06,133,560,4.20
017032,Calcinato,2023-07,198,648,3.30
017032,Calcinato,2023-08,187,834,4.50
017032,Calcinato,2023-09,180,663,3.70
017032,Calcinato,2023-10,141,631,4.50
017032,Calcinato,2023-11,81,333,4.10
017032,Calcinato,2023-12,95,300,3.20
017032,Calcinato,2024-01,160,618,3.90
017032,Calcinato,2024-02,113,431,3.80
017032,Calcinato,2024-03,166,733,4.40
017032,Calcinato,2024-04,468,1284,2.70
017032,Calcinato,2024-05,758,1794,2.40
017032,Calcinato,2024-06,789,1705,2.20
017032,Calcinato,2024-07,782,2098,2.70
017032,Calcinato,2024-08,622,2231,3.60
017032,Calcinato,2024-09,620,2113,3.40
017032,Calcinato,2024-10,809,2557,3.20
017032,Calcinato,2024-11,646,1800,2.80
017032,Calcinato,2024-12,588,1577,2.70
017033,Calvagese della Riviera,2019-01,1,16,16.00
017033,Calvagese della Riviera,2019-02,0,0,0.00
017033,Calvagese della Riviera,2019-03,142,257,1.80
017033,Calvagese della Riviera,2019-04,764,2746,3.60
017033,Calvagese della Riviera,2019-05,685,2524,3.70
017033,Calvagese della Riviera,2019-06,854,2837,3.30
017033,Calvagese della Riviera,2019-07,966,2983,3.10
017033,Calvagese della Riviera,2019-08,1049,4013,3.80
017033,Calvagese della Riviera,2019-09,990,3837,3.90
017033,Calvagese della Riviera,2019-10,702,2349,3.30
017033,Calvagese della Riviera,2019-11,86,221,2.60
017033,Calvagese della Riviera,2019-12,1,2,2.00
017033,Calvagese della Riviera,2020-01,0,1,0.00
017033,Calvagese della Riviera,2020-02,0,0,0.00
017033,Calvagese della Riviera,2020-03,0,0,0.00
017033,Calvagese della Riviera,2020-04,0,0,0.00
017033,Calvagese della Riviera,2020-05,0,0,0.00
017033,Calvagese della Riviera,2020-06,0,0,0.00
017033,Calvagese della Riviera,2020-07,10,20,2.00
017033,Calvagese della Riviera,2020-08,18,87,4.80
017033,Calvagese della Riviera,2020-09,0,0,0.00
017033,Calvagese della Riviera,2020-10,6,24,4.00
017033,Calvagese della Riviera,2020-11,0,0,0.00
017033,Calvagese della Riviera,2020-12,0,0,0.00
017033,Calvagese della Riviera,2021-01,0,0,0.00
017033,Calvagese della Riviera,2021-02,0,0,0.00
017033,Calvagese della Riviera,2021-03,0,0,0.00
017033,Calvagese della Riviera,2021-04,0,0,0.00
017033,Calvagese della Riviera,2021-05,2,4,2.00
017033,Calvagese della Riviera,2021-06,8,31,3.90
017033,Calvagese della Riviera,2021-07,30,60,2.00
017033,Calvagese della Riviera,2021-08,81,325,4.00
017033,Calvagese della Riviera,2021-09,32,88,2.80
017033,Calvagese della Riviera,2021-10,7,31,4.40
017033,Calvagese della Riviera,2021-11,0,0,0.00
017033,Calvagese della Riviera,2021-12,0,0,0.00
017033,Calvagese della Riviera,2022-04,9,19,2.10
017033,Calvagese della Riviera,2022-05,10,30,3.00
017033,Calvagese della Riviera,2022-06,28,68,2.40
017033,Calvagese della Riviera,2022-07,59,135,2.30
017033,Calvagese della Riviera,2022-08,107,262,2.40
017033,Calvagese della Riviera,2022-09,34,102,3.00
017033,Calvagese della Riviera,2022-10,12,28,2.30
017033,Calvagese della Riviera,2022-11,11,17,1.50
017033,Calvagese della Riviera,2022-12,182,242,1.30
017033,Calvagese della Riviera,2023-01,903,1137,1.30
017033,Calvagese della Riviera,2023-02,818,974,1.20
017033,Calvagese della Riviera,2023-03,801,1064,1.30
017033,Calvagese della Riviera,2023-04,1126,1717,1.50
017033,Calvagese della Riviera,2023-05,1079,1536,1.40
017033,Calvagese della Riviera,2023-06,823,1283,1.60
017033,Calvagese della Riviera,2023-07,926,1734,1.90
017033,Calvagese della Riviera,2023-08,808,1520,1.90
017033,Calvagese della Riviera,2023-09,1285,2030,1.60
017033,Calvagese della Riviera,2023-10,1357,1854,1.40
017033,Calvagese della Riviera,2023-11,1423,1794,1.30
017033,Calvagese della Riviera,2023-12,1300,1605,1.20
017033,Calvagese della Riviera,2024-01,1566,1989,1.30
017033,Calvagese della Riviera,2024-02,1460,1697,1.20
017033,Calvagese della Riviera,2024-03,1673,2221,1.30
017033,Calvagese della Riviera,2024-04,1599,2300,1.40
017033,Calvagese della Riviera,2024-05,1459,2150,1.50
017033,Calvagese della Riviera,2024-06,1286,2444,1.90
017033,Calvagese della Riviera,2024-07,1440,2822,2.00
017033,Calvagese della Riviera,2024-08,1192,2692,2.30
017033,Calvagese della Riviera,2024-09,1608,2583,1.60
017033,Calvagese della Riviera,2024-10,1618,2152,1.30
017033,Calvagese della Riviera,2024-11,1790,2183,1.20
017033,Calvagese della Riviera,2024-12,1546,1930,1.20
017034,Calvisano,2022-01,10,13,1.30
017034,Calvisano,2022-02,4,33,8.30
017034,Calvisano,2022-03,4,57,14.30
017034,Calvisano,2022-04,8,26,3.30
017034,Calvisano,2022-05,3,47,15.70
017034,Calvisano,2022-06,10,43,4.30
017034,Calvisano,2022-07,32,83,2.60
017034,Calvisano,2022-08,27,159,5.90
017034,Calvisano,2022-09,39,151,3.90
017034,Calvisano,2022-10,49,150,3.10
017034,Calvisano,2022-11,29,108,3.70
017034,Calvisano,2022-12,37,100,2.70
017034,Calvisano,2023-01,25,58,2.30
017034,Calvisano,2023-02,25,49,2.00
017034,Calvisano,2023-03,42,196,4.70
017034,Calvisano,2023-04,55,135,2.50
017034,Calvisano,2023-05,29,84,2.90
017034,Calvisano,2023-06,28,72,2.60
017034,Calvisano,2023-07,38,108,2.80
017034,Calvisano,2023-08,72,221,3.10
017034,Calvisano,2023-09,32,130,4.10
017034,Calvisano,2023-10,96,218,2.30
017034,Calvisano,2023-11,70,163,2.30
017034,Calvisano,2023-12,79,219,2.80
017034,Calvisano,2024-01,78,124,1.60
017034,Calvisano,2024-02,52,120,2.30
017034,Calvisano,2024-03,59,132,2.20
017034,Calvisano,2024-04,79,164,2.10
017034,Calvisano,2024-05,85,152,1.80
017034,Calvisano,2024-06,111,317,2.90
017034,Calvisano,2024-07,124,385,3.10
017034,Calvisano,2024-08,89,406,4.60
017034,Calvisano,2024-09,110,337,3.10
017034,Calvisano,2024-10,112,320,2.90
017034,Calvisano,2024-11,103,356,3.50
017034,Calvisano,2024-12,84,268,3.20
017035,Capo di Ponte,2019-01,63,180,2.90
017035,Capo di Ponte,2019-02,68,170,2.50
017035,Capo di Ponte,2019-03,207,351,1.70
017035,Capo di Ponte,2019-04,415,874,2.10
017035,Capo di Ponte,2019-05,716,951,1.30
017035,Capo di Ponte,2019-06,410,749,1.80
017035,Capo di Ponte,2019-07,321,1018,3.20
017035,Capo di Ponte,2019-08,276,813,2.90
017035,Capo di Ponte,2019-09,246,590,2.40
017035,Capo di Ponte,2019-10,300,552,1.80
017035,Capo di Ponte,2019-11,54,206,3.80
017035,Capo di Ponte,2019-12,154,374,2.40
017035,Capo di Ponte,2020-01,93,314,3.40
017035,Capo di Ponte,2020-02,86,226,2.60
017035,Capo di Ponte,2020-03,16,116,7.30
017035,Capo di Ponte,2020-04,0,90,0.00
017035,Capo di Ponte,2020-05,7,82,11.70
017035,Capo di Ponte,2020-06,48,108,2.30
017035,Capo di Ponte,2020-07,132,443,3.40
017035,Capo di Ponte,2020-08,269,861,3.20
017035,Capo di Ponte,2020-09,62,208,3.40
017035,Capo di Ponte,2020-10,95,189,2.00
017035,Capo di Ponte,2020-11,27,132,4.90
017035,Capo di Ponte,2020-12,36,236,6.60
017035,Capo di Ponte,2021-01,14,95,6.80
017035,Capo di Ponte,2021-02,57,301,5.30
017035,Capo di Ponte,2021-03,56,247,4.40
017035,Capo di Ponte,2021-04,29,147,5.10
017035,Capo di Ponte,2021-05,84,253,3.00
017035,Capo di Ponte,2021-06,104,238,2.30
017035,Capo di Ponte,2021-07,226,383,1.70
017035,Capo di Ponte,2021-08,400,969,2.40
017035,Capo di Ponte,2021-09,187,295,1.60
017035,Capo di Ponte,2021-10,160,362,2.30
017035,Capo di Ponte,2021-11,11,60,5.50
017035,Capo di Ponte,2021-12,49,170,3.50
017035,Capo di Ponte,2022-01,28,149,5.30
017035,Capo di Ponte,2022-02,26,119,4.60
017035,Capo di Ponte,2022-03,68,280,4.10
017035,Capo di Ponte,2022-04,59,188,3.20
017035,Capo di Ponte,2022-05,81,224,2.80
017035,Capo di Ponte,2022-06,132,439,3.30
017035,Capo di Ponte,2022-07,162,640,4.00
017035,Capo di Ponte,2022-08,275,1000,3.60
017035,Capo di Ponte,2022-09,68,318,4.70
017035,Capo di Ponte,2022-10,141,343,2.40
017035,Capo di Ponte,2022-11,21,160,7.60
017035,Capo di Ponte,2022-12,150,326,2.20
017035,Capo di Ponte,2023-01,169,431,2.60
017035,Capo di Ponte,2023-02,45,225,5.00
017035,Capo di Ponte,2023-03,88,293,3.30
017035,Capo di Ponte,2023-04,163,438,2.70
017035,Capo di Ponte,2023-05,138,364,2.60
017035,Capo di Ponte,2023-06,163,481,3.00
017035,Capo di Ponte,2023-07,318,804,2.50
017035,Capo di Ponte,2023-08,434,1274,2.90
017035,Capo di Ponte,2023-09,223,586,2.60
017035,Capo di Ponte,2023-10,157,426,2.70
017035,Capo di Ponte,2023-11,26,190,7.30
017035,Capo di Ponte,2023-12,132,359,2.70
017035,Capo di Ponte,2024-01,153,244,1.60
017035,Capo di Ponte,2024-02,108,177,1.60
017035,Capo di Ponte,2024-03,138,244,1.80
017035,Capo di Ponte,2024-04,227,398,1.80
017035,Capo di Ponte,2024-05,254,621,2.40
017035,Capo di Ponte,2024-06,163,281,1.70
017035,Capo di Ponte,2024-07,328,776,2.40
017035,Capo di Ponte,2024-08,433,1115,2.60
017035,Capo di Ponte,2024-09,152,378,2.50
017035,Capo di Ponte,2024-10,202,391,1.90
017035,Capo di Ponte,2024-11,95,177,1.90
017035,Capo di Ponte,2024-12,223,454,2.00
017036,Capovalle,2022-05,1,2,2.00
017036,Capovalle,2022-06,9,15,1.70
017036,Capovalle,2022-07,53,133,2.50
017036,Capovalle,2022-08,70,148,2.10
017036,Capovalle,2022-09,23,42,1.80
017036,Capovalle,2022-10,23,32,1.40
017036,Capovalle,2022-11,19,29,1.50
017036,Capovalle,2022-12,12,17,1.40
017036,Capovalle,2023-01,20,37,1.90
017036,Capovalle,2023-02,17,23,1.40
017036,Capovalle,2023-03,21,27,1.30
017036,Capovalle,2023-04,29,46,1.60
017036,Capovalle,2023-05,32,75,2.30
017036,Capovalle,2023-06,30,75,2.50
017036,Capovalle,2023-07,76,175,2.30
017036,Capovalle,2023-08,51,184,3.60
017036,Capovalle,2023-09,25,78,3.10
017036,Capovalle,2023-10,26,39,1.50
017036,Capovalle,2023-11,26,35,1.30
017036,Capovalle,2023-12,21,36,1.70
017036,Capovalle,2024-01,27,49,1.80
017036,Capovalle,2024-02,33,57,1.70
017036,Capovalle,2024-03,19,31,1.60
017036,Capovalle,2024-04,34,48,1.40
017036,Capovalle,2024-05,32,58,1.80
017036,Capovalle,2024-06,39,78,2.00
017036,Capovalle,2024-07,66,139,2.10
017036,Capovalle,2024-08,54,145,2.70
017036,Capovalle,2024-09,34,83,2.40
017036,Capovalle,2024-10,43,61,1.40
017036,Capovalle,2024-11,25,46,1.80
017036,Capovalle,2024-12,30,44,1.50
017038,Capriolo,2019-01,289,914,3.20
017038,Capriolo,2019-02,402,835,2.10
017038,Capriolo,2019-03,461,815,1.80
017038,Capriolo,2019-04,658,1684,2.60
017038,Capriolo,2019-05,661,1286,1.90
017038,Capriolo,2019-06,889,1869,2.10
017038,Capriolo,2019-07,744,1344,1.80
017038,Capriolo,2019-08,832,1835,2.20
017038,Capriolo,2019-09,877,1880,2.10
017038,Capriolo,2019-10,206,505,2.50
017038,Capriolo,2019-11,178,2455,13.80
017038,Capriolo,2019-12,159,2494,15.70
017038,Capriolo,2020-01,48,163,3.40
017038,Capriolo,2020-02,88,632,7.20
017038,Capriolo,2020-03,13,116,8.90
017038,Capriolo,2020-04,12,288,24.00
017038,Capriolo,2020-05,90,582,6.50
017038,Capriolo,2020-06,178,808,4.50
017038,Capriolo,2020-07,271,740,2.70
017038,Capriolo,2020-08,378,678,1.80
017038,Capriolo,2020-09,577,1118,1.90
017038,Capriolo,2020-10,354,886,2.50
017038,Capriolo,2020-11,133,445,3.30
017038,Capriolo,2020-12,70,253,3.60
017038,Capriolo,2021-01,85,678,8.00
017038,Capriolo,2021-02,236,874,3.70
017038,Capriolo,2021-03,152,707,4.70
017038,Capriolo,2021-04,178,425,2.40
017038,Capriolo,2021-05,583,1343,2.30
017038,Capriolo,2021-06,770,1837,2.40
017038,Capriolo,2021-07,1031,1768,1.70
017038,Capriolo,2021-08,975,2234,2.30
017038,Capriolo,2021-09,991,2174,2.20
017038,Capriolo,2021-10,888,1659,1.90
017038,Capriolo,2021-11,172,2730,15.90
017038,Capriolo,2021-12,16,2621,31.00
017038,Capriolo,2022-01,178,708,4.00
017038,Capriolo,2022-02,112,632,5.60
017038,Capriolo,2022-03,155,830,5.40
017038,Capriolo,2022-04,631,1142,1.80
017038,Capriolo,2022-05,231,2428,10.50
017038,Capriolo,2022-06,296,1972,6.70
017038,Capriolo,2022-07,363,2243,6.20
017038,Capriolo,2022-08,371,2385,6.40
017038,Capriolo,2022-09,320,2392,7.50
017038,Capriolo,2022-10,213,1859,8.70
017038,Capriolo,2022-11,36,1735,31.00
017038,Capriolo,2022-12,138,1882,13.60
017038,Capriolo,2023-01,330,1132,3.40
017038,Capriolo,2023-02,477,1160,2.40
017038,Capriolo,2023-03,562,1384,2.50
017038,Capriolo,2023-04,995,1937,1.90
017038,Capriolo,2023-05,883,1726,2.00
017038,Capriolo,2023-06,1082,2311,2.10
017038,Capriolo,2023-07,1034,1897,1.80
017038,Capriolo,2023-08,923,2300,2.50
017038,Capriolo,2023-09,1281,2159,1.70
017038,Capriolo,2023-10,1006,1950,1.90
017038,Capriolo,2023-11,675,1429,2.10
017038,Capriolo,2023-12,539,1041,1.90
017038,Capriolo,2024-01,274,804,2.90
017038,Capriolo,2024-02,507,1303,2.60
017038,Capriolo,2024-03,773,1757,2.30
017038,Capriolo,2024-04,997,1884,1.90
017038,Capriolo,2024-05,1024,2131,2.10
017038,Capriolo,2024-06,1081,2000,1.90
017038,Capriolo,2024-07,1219,2077,1.70
017038,Capriolo,2024-08,1193,2804,2.40
017038,Capriolo,2024-09,1235,2373,1.90
017038,Capriolo,2024-10,1002,1737,1.70
017038,Capriolo,2024-11,579,1466,2.50
017038,Capriolo,2024-12,548,1164,2.10
017039,Carpenedolo,2023-07,3,3,1.00
017039,Carpenedolo,2023-08,56,120,2.10
017039,Carpenedolo,2023-09,19,56,2.90
017039,Carpenedolo,2023-10,13,16,1.20
017039,Carpenedolo,2023-11,4,6,1.50
017039,Carpenedolo,2023-12,5,5,1.00
017039,Carpenedolo,2024-01,6,7,1.20
017039,Carpenedolo,2024-02,5,6,1.20
017039,Carpenedolo,2024-03,5,7,1.40
017039,Carpenedolo,2024-04,5,9,1.80
017039,Carpenedolo,2024-05,10,13,1.30
017039,Carpenedolo,2024-06,11,12,1.10
017039,Carpenedolo,2024-07,12,20,1.70
017039,Carpenedolo,2024-08,20,27,1.40
017039,Carpenedolo,2024-09,13,19,1.50
017039,Carpenedolo,2024-10,19,29,1.50
017039,Carpenedolo,2024-11,10,16,1.60
017039,Carpenedolo,2024-12,6,17,2.80
017043,Castenedolo,2019-01,1848,2955,1.60
017043,Castenedolo,2019-02,2326,3647,1.60
017043,Castenedolo,2019-03,2593,4363,1.70
017043,Castenedolo,2019-04,3206,5003,1.60
017043,Castenedolo,2019-05,3585,5762,1.60
017043,Castenedolo,2019-06,3777,6501,1.70
017043,Castenedolo,2019-07,3534,6534,1.80
017043,Castenedolo,2019-08,2578,6488,2.50
017043,Castenedolo,2019-09,3901,6561,1.70
017043,Castenedolo,2019-10,3678,5527,1.50
017043,Castenedolo,2019-11,2495,3550,1.40
017043,Castenedolo,2019-12,2444,3406,1.40
017043,Castenedolo,2020-01,1942,2857,1.50
017043,Castenedolo,2020-02,1672,2430,1.50
017043,Castenedolo,2020-03,159,255,1.60
017043,Castenedolo,2020-04,13,39,3.00
017043,Castenedolo,2020-05,66,160,2.40
017043,Castenedolo,2020-06,141,366,2.60
017043,Castenedolo,2020-07,212,426,2.00
017043,Castenedolo,2020-08,189,289,1.50
017043,Castenedolo,2020-09,1040,1537,1.50
017043,Castenedolo,2020-10,1151,1657,1.40
017043,Castenedolo,2020-11,663,946,1.40
017043,Castenedolo,2020-12,753,1112,1.50
017043,Castenedolo,2021-01,957,1416,1.50
017043,Castenedolo,2021-02,1145,1642,1.40
017043,Castenedolo,2021-03,1037,1444,1.40
017043,Castenedolo,2021-04,1175,1720,1.50
017043,Castenedolo,2021-05,1731,2568,1.50
017043,Castenedolo,2021-06,1807,2863,1.60
017043,Castenedolo,2021-07,2879,4476,1.60
017043,Castenedolo,2021-08,3194,5527,1.70
017043,Castenedolo,2021-09,3900,6345,1.60
017043,Castenedolo,2021-10,3303,5339,1.60
017043,Castenedolo,2021-11,2510,3927,1.60
017043,Castenedolo,2021-12,2207,3589,1.60
017043,Castenedolo,2022-01,1730,2972,1.70
017043,Castenedolo,2022-02,2379,3587,1.50
017043,Castenedolo,2022-03,2759,4472,1.60
017043,Castenedolo,2022-04,3312,5329,1.60
017043,Castenedolo,2022-05,4181,6561,1.60
017043,Castenedolo,2022-06,4109,9239,2.20
017043,Castenedolo,2022-07,4816,14547,3.00
017043,Castenedolo,2022-08,4699,19685,4.20
017043,Castenedolo,2022-09,4887,19425,4.00
017043,Castenedolo,2022-10,3831,19069,5.00
017043,Castenedolo,2022-11,3243,19082,5.90
017043,Castenedolo,2022-12,2948,20960,7.10
017043,Castenedolo,2023-01,2609,4934,1.90
017043,Castenedolo,2023-02,3007,4880,1.60
017043,Castenedolo,2023-03,3240,5124,1.60
017043,Castenedolo,2023-04,3898,6357,1.60
017043,Castenedolo,2023-05,4359,6970,1.60
017043,Castenedolo,2023-06,4504,7512,1.70
017043,Castenedolo,2023-07,4876,7304,1.50
017043,Castenedolo,2023-08,4338,7103,1.60
017043,Castenedolo,2023-09,5076,8083,1.60
017043,Castenedolo,2023-10,4104,6789,1.70
017043,Castenedolo,2023-11,3444,5399,1.60
017043,Castenedolo,2023-12,3355,5128,1.50
017043,Castenedolo,2024-01,2730,4355,1.60
017043,Castenedolo,2024-02,3100,4709,1.50
017043,Castenedolo,2024-03,3597,6123,1.70
017043,Castenedolo,2024-04,3698,6171,1.70
017043,Castenedolo,2024-05,4400,7131,1.60
017043,Castenedolo,2024-06,3995,6852,1.70
017043,Castenedolo,2024-07,4331,7470,1.70
017043,Castenedolo,2024-08,3898,6479,1.70
017043,Castenedolo,2024-09,4310,6732,1.60
017043,Castenedolo,2024-10,3437,5436,1.60
017043,Castenedolo,2024-11,3271,4885,1.50
017043,Castenedolo,2024-12,2714,4436,1.60
017044,Casto,2020-01,98,207,2.10
017044,Casto,2020-02,65,155,2.40
017044,Casto,2020-03,0,0,0.00
017044,Casto,2020-04,6,12,2.00
017044,Casto,2020-05,39,81,2.10
017044,Casto,2020-06,87,234,2.70
017044,Casto,2020-07,63,133,2.10
017044,Casto,2020-08,174,300,1.70
017044,Casto,2020-09,69,125,1.80
017044,Casto,2020-10,85,210,2.50
017044,Casto,2020-11,33,79,2.40
017044,Casto,2020-12,44,121,2.80
017044,Casto,2021-01,47,106,2.30
017044,Casto,2021-02,53,119,2.20
017044,Casto,2021-03,52,114,2.20
017044,Casto,2021-04,41,87,2.10
017044,Casto,2021-05,87,242,2.80
017044,Casto,2021-06,98,265,2.70
017044,Casto,2021-07,128,204,1.60
017044,Casto,2021-08,225,517,2.30
017044,Casto,2021-09,97,292,3.00
017044,Casto,2021-10,128,309,2.40
017044,Casto,2021-11,87,207,2.40
017044,Casto,2021-12,63,482,7.70
017044,Casto,2022-01,50,113,2.30
017044,Casto,2022-02,58,163,2.80
017044,Casto,2022-03,99,307,3.10
017044,Casto,2022-04,107,217,2.00
017044,Casto,2022-05,116,245,2.10
017044,Casto,2022-06,147,292,2.00
017044,Casto,2022-07,219,410,1.90
017044,Casto,2022-08,178,800,4.50
017044,Casto,2022-09,158,378,2.40
017044,Casto,2022-10,125,321,2.60
017044,Casto,2022-11,92,325,3.50
017044,Casto,2022-12,73,206,2.80
017044,Casto,2023-01,57,101,1.80
017044,Casto,2023-02,73,168,2.30
017044,Casto,2023-03,11,21,1.90
017044,Casto,2023-04,51,391,7.70
017044,Casto,2023-05,5,324,31.00
017044,Casto,2023-06,20,393,19.70
017044,Casto,2023-07,51,441,8.60
017044,Casto,2023-08,42,443,10.50
017044,Casto,2023-09,23,358,15.60
017044,Casto,2023-10,80,166,2.10
017044,Casto,2023-11,45,109,2.40
017044,Casto,2023-12,63,95,1.50
017044,Casto,2024-01,65,123,1.90
017044,Casto,2024-02,62,110,1.80
017044,Casto,2024-03,41,93,2.30
017044,Casto,2024-04,76,136,1.80
017044,Casto,2024-05,73,132,1.80
017044,Casto,2024-06,136,218,1.60
017044,Casto,2024-07,164,275,1.70
017044,Casto,2024-08,257,579,2.30
017044,Casto,2024-09,132,251,1.90
017044,Casto,2024-10,90,183,2.00
017044,Casto,2024-11,67,174,2.60
017044,Casto,2024-12,56,177,3.20
017045,Castrezzato,2019-01,16,464,29.00
017045,Castrezzato,2019-02,61,253,4.10
017045,Castrezzato,2019-03,82,257,3.10
017045,Castrezzato,2019-04,107,225,2.10
017045,Castrezzato,2019-05,106,228,2.20
017045,Castrezzato,2019-06,132,255,1.90
017045,Castrezzato,2019-07,38,76,2.00
017045,Castrezzato,2019-08,15,28,1.90
017045,Castrezzato,2019-09,32,43,1.30
017045,Castrezzato,2019-10,23,78,3.40
017045,Castrezzato,2019-11,26,57,2.20
017045,Castrezzato,2019-12,11,29,2.60
017045,Castrezzato,2020-01,17,22,1.30
017045,Castrezzato,2020-02,11,26,2.40
017045,Castrezzato,2020-03,1,7,7.00
017045,Castrezzato,2020-04,1,14,14.00
017045,Castrezzato,2020-05,3,12,4.00
017045,Castrezzato,2020-06,11,31,2.80
017045,Castrezzato,2020-07,12,24,2.00
017045,Castrezzato,2020-08,9,30,3.30
017045,Castrezzato,2020-09,46,75,1.60
017045,Castrezzato,2020-10,14,48,3.40
017045,Castrezzato,2020-11,10,21,2.10
017045,Castrezzato,2020-12,6,11,1.80
017045,Castrezzato,2021-01,8,20,2.50
017045,Castrezzato,2021-02,17,79,4.60
017045,Castrezzato,2021-03,21,33,1.60
017045,Castrezzato,2021-04,21,37,1.80
017045,Castrezzato,2021-05,25,65,2.60
017045,Castrezzato,2021-06,31,55,1.80
017045,Castrezzato,2021-07,44,83,1.90
017045,Castrezzato,2021-08,8,20,2.50
017045,Castrezzato,2021-09,27,81,3.00
017045,Castrezzato,2021-10,54,120,2.20
017045,Castrezzato,2021-11,108,203,1.90
017045,Castrezzato,2021-12,78,142,1.80
017045,Castrezzato,2022-01,97,201,2.10
017045,Castrezzato,2022-02,142,347,2.40
017045,Castrezzato,2022-03,151,376,2.50
017045,Castrezzato,2022-04,185,345,1.90
017045,Castrezzato,2022-05,218,349,1.60
017045,Castrezzato,2022-06,257,423,1.60
017045,Castrezzato,2022-07,242,412,1.70
017045,Castrezzato,2022-08,219,402,1.80
017045,Castrezzato,2022-09,284,413,1.50
017045,Castrezzato,2022-10,225,433,1.90
017045,Castrezzato,2022-11,225,415,1.80
017045,Castrezzato,2022-12,199,304,1.50
017045,Castrezzato,2023-01,120,217,1.80
017045,Castrezzato,2023-02,158,371,2.30
017045,Castrezzato,2023-03,197,402,2.00
017045,Castrezzato,2023-04,208,369,1.80
017045,Castrezzato,2023-05,260,456,1.80
017045,Castrezzato,2023-06,309,657,2.10
017045,Castrezzato,2023-07,301,507,1.70
017045,Castrezzato,2023-08,196,344,1.80
017045,Castrezzato,2023-09,259,600,2.30
017045,Castrezzato,2023-10,324,798,2.50
017045,Castrezzato,2023-11,305,656,2.20
017045,Castrezzato,2023-12,247,421,1.70
017045,Castrezzato,2024-01,198,447,2.30
017045,Castrezzato,2024-02,271,608,2.20
017045,Castrezzato,2024-03,351,688,2.00
017045,Castrezzato,2024-04,331,690,2.10
017045,Castrezzato,2024-05,361,737,2.00
017045,Castrezzato,2024-06,380,690,1.80
017045,Castrezzato,2024-07,346,841,2.40
017045,Castrezzato,2024-08,260,475,1.80
017045,Castrezzato,2024-09,468,857,1.80
017045,Castrezzato,2024-10,345,847,2.50
017045,Castrezzato,2024-11,359,656,1.80
017045,Castrezzato,2024-12,180,279,1.60
017046,Cazzago San Martino,2019-01,741,1585,2.10
017046,Cazzago San Martino,2019-02,772,1532,2.00
017046,Cazzago San Martino,2019-03,912,1716,1.90
017046,Cazzago San Martino,2019-04,985,2089,2.10
017046,Cazzago San Martino,2019-05,1264,2164,1.70
017046,Cazzago San Martino,2019-06,1271,2164,1.70
017046,Cazzago San Martino,2019-07,1093,2080,1.90
017046,Cazzago San Martino,2019-08,876,2215,2.50
017046,Cazzago San Martino,2019-09,1349,2281,1.70
017046,Cazzago San Martino,2019-10,1087,2220,2.00
017046,Cazzago San Martino,2019-11,831,1930,2.30
017046,Cazzago San Martino,2019-12,788,1725,2.20
017046,Cazzago San Martino,2020-01,617,1546,2.50
017046,Cazzago San Martino,2020-02,594,1474,2.50
017046,Cazzago San Martino,2020-03,121,261,2.20
017046,Cazzago San Martino,2020-04,2,32,16.00
017046,Cazzago San Martino,2020-05,227,643,2.80
017046,Cazzago San Martino,2020-06,436,1126,2.60
017046,Cazzago San Martino,2020-07,599,1791,3.00
017046,Cazzago San Martino,2020-08,690,1886,2.70
017046,Cazzago San Martino,2020-09,1004,2048,2.00
017046,Cazzago San Martino,2020-10,876,1938,2.20
017046,Cazzago San Martino,2020-11,437,1178,2.70
017046,Cazzago San Martino,2020-12,369,978,2.70
017046,Cazzago San Martino,2021-01,442,1014,2.30
017046,Cazzago San Martino,2021-02,639,1385,2.20
017046,Cazzago San Martino,2021-03,726,1749,2.40
017046,Cazzago San Martino,2021-04,648,1476,2.30
017046,Cazzago San Martino,2021-05,989,1863,1.90
017046,Cazzago San Martino,2021-06,1031,2118,2.10
017046,Cazzago San Martino,2021-07,1243,2795,2.20
017046,Cazzago San Martino,2021-08,1270,3286,2.60
017046,Cazzago San Martino,2021-09,1379,2729,2.00
017046,Cazzago San Martino,2021-10,1250,2427,1.90
017046,Cazzago San Martino,2021-11,1097,2127,1.90
017046,Cazzago San Martino,2021-12,870,1603,1.80
017046,Cazzago San Martino,2022-01,637,1333,2.10
017046,Cazzago San Martino,2022-02,793,1752,2.20
017046,Cazzago San Martino,2022-03,1000,2062,2.10
017046,Cazzago San Martino,2022-04,1354,2515,1.90
017046,Cazzago San Martino,2022-05,1306,2751,2.10
017046,Cazzago San Martino,2022-06,1426,2791,2.00
017046,Cazzago San Martino,2022-07,1509,3287,2.20
017046,Cazzago San Martino,2022-08,1362,3278,2.40
017046,Cazzago San Martino,2022-09,1864,3393,1.80
017046,Cazzago San Martino,2022-10,1572,3106,2.00
017046,Cazzago San Martino,2022-11,1188,2291,1.90
017046,Cazzago San Martino,2022-12,1114,2136,1.90
017046,Cazzago San Martino,2023-01,1041,2082,2.00
017046,Cazzago San Martino,2023-02,1020,2275,2.20
017046,Cazzago San Martino,2023-03,1178,2291,1.90
017046,Cazzago San Martino,2023-04,1560,2730,1.80
017046,Cazzago San Martino,2023-05,1482,2965,2.00
017046,Cazzago San Martino,2023-06,1803,3641,2.00
017046,Cazzago San Martino,2023-07,1620,3543,2.20
017046,Cazzago San Martino,2023-08,1284,3120,2.40
017046,Cazzago San Martino,2023-09,1892,3574,1.90
017046,Cazzago San Martino,2023-10,1625,3285,2.00
017046,Cazzago San Martino,2023-11,1334,2779,2.10
017046,Cazzago San Martino,2023-12,1213,2233,1.80
017046,Cazzago San Martino,2024-01,869,1778,2.00
017046,Cazzago San Martino,2024-02,935,2192,2.30
017046,Cazzago San Martino,2024-03,1350,2551,1.90
017046,Cazzago San Martino,2024-04,1520,3073,2.00
017046,Cazzago San Martino,2024-05,1810,3524,1.90
017046,Cazzago San Martino,2024-06,1790,3770,2.10
017046,Cazzago San Martino,2024-07,1767,3787,2.10
017046,Cazzago San Martino,2024-08,1638,3900,2.40
017046,Cazzago San Martino,2024-09,2099,3635,1.70
017046,Cazzago San Martino,2024-10,1814,3329,1.80
017046,Cazzago San Martino,2024-11,1510,2635,1.70
017046,Cazzago San Martino,2024-12,1126,2041,1.80
017047,Cedegolo,2021-01,0,0,0.00
017047,Cedegolo,2021-02,0,0,0.00
017047,Cedegolo,2021-03,0,0,0.00
017047,Cedegolo,2021-04,0,0,0.00
017047,Cedegolo,2021-05,0,0,0.00
017047,Cedegolo,2021-06,0,0,0.00
017047,Cedegolo,2021-07,10,88,8.80
017047,Cedegolo,2021-08,14,36,2.60
017047,Cedegolo,2021-09,5,15,3.00
017047,Cedegolo,2021-10,6,10,1.70
017047,Cedegolo,2021-11,3,3,1.00
017047,Cedegolo,2021-12,4,4,1.00
017047,Cedegolo,2022-01,5,9,1.80
017047,Cedegolo,2022-02,2,4,2.00
017047,Cedegolo,2022-03,3,4,1.30
017047,Cedegolo,2022-04,13,21,1.60
017047,Cedegolo,2022-05,11,43,3.90
017047,Cedegolo,2022-06,25,46,1.80
017047,Cedegolo,2022-07,27,35,1.30
017047,Cedegolo,2022-08,56,106,1.90
017047,Cedegolo,2022-09,7,22,3.10
017047,Cedegolo,2022-11,3,5,1.70
017047,Cedegolo,2022-12,16,24,1.50
017047,Cedegolo,2023-01,10,14,1.40
017047,Cedegolo,2023-02,7,8,1.10
017047,Cedegolo,2023-03,4,5,1.30
017047,Cedegolo,2023-04,34,70,2.10
017047,Cedegolo,2023-05,22,56,2.50
017047,Cedegolo,2023-06,39,124,3.20
017047,Cedegolo,2023-07,50,92,1.80
017047,Cedegolo,2023-08,57,122,2.10
017047,Cedegolo,2023-09,13,22,1.70
017047,Cedegolo,2023-10,9,12,1.30
017047,Cedegolo,2023-11,2,3,1.50
017047,Cedegolo,2023-12,26,36,1.40
017047,Cedegolo,2024-01,26,31,1.20
017047,Cedegolo,2024-02,18,24,1.30
017047,Cedegolo,2024-03,9,13,1.40
017047,Cedegolo,2024-04,8,29,3.60
017047,Cedegolo,2024-05,19,75,3.90
017047,Cedegolo,2024-06,30,121,4.00
017047,Cedegolo,2024-07,33,81,2.50
017047,Cedegolo,2024-08,51,119,2.30
017047,Cedegolo,2024-09,18,20,1.10
017047,Cedegolo,2024-10,5,5,1.00
017047,Cedegolo,2024-11,25,31,1.20
017047,Cedegolo,2024-12,17,25,1.50
017049,Cerveno,2019-01,3,9,3.00
017049,Cerveno,2019-02,1,1,1.00
017049,Cerveno,2019-03,2,2,1.00
017049,Cerveno,2019-04,2,6,3.00
017049,Cerveno,2019-05,6,6,1.00
017049,Cerveno,2019-06,18,25,1.40
017049,Cerveno,2019-07,38,45,1.20
017049,Cerveno,2019-08,62,105,1.70
017049,Cerveno,2019-09,2,2,1.00
017049,Cerveno,2019-10,0,0,0.00
017049,Cerveno,2019-11,0,0,0.00
017049,Cerveno,2019-12,4,8,2.00
017049,Cerveno,2020-01,0,0,0.00
017049,Cerveno,2020-02,0,0,0.00
017049,Cerveno,2020-03,0,0,0.00
017049,Cerveno,2020-04,0,0,0.00
017049,Cerveno,2020-05,0,0,0.00
017049,Cerveno,2020-06,0,0,0.00
017049,Cerveno,2020-07,28,28,1.00
017049,Cerveno,2020-08,51,63,1.20
017049,Cerveno,2020-09,14,14,1.00
017049,Cerveno,2020-10,0,0,0.00
017049,Cerveno,2020-11,0,0,0.00
017049,Cerveno,2020-12,0,0,0.00
017049,Cerveno,2021-01,0,0,0.00
017049,Cerveno,2021-02,3,3,1.00
017049,Cerveno,2021-03,0,0,0.00
017049,Cerveno,2021-04,0,0,0.00
017049,Cerveno,2021-05,2,2,1.00
017049,Cerveno,2021-06,10,10,1.00
017049,Cerveno,2021-07,30,38,1.30
017049,Cerveno,2021-08,41,98,2.40
017049,Cerveno,2021-09,11,13,1.20
017049,Cerveno,2021-10,3,6,2.00
017049,Cerveno,2021-11,0,0,0.00
017049,Cerveno,2021-12,9,36,4.00
017049,Cerveno,2022-01,2,7,3.50
017049,Cerveno,2022-03,7,10,1.40
017049,Cerveno,2022-04,8,12,1.50
017049,Cerveno,2022-05,2,2,1.00
017049,Cerveno,2022-06,10,16,1.60
017049,Cerveno,2022-07,77,99,1.30
017049,Cerveno,2022-08,102,140,1.40
017049,Cerveno,2022-09,11,15,1.40
017049,Cerveno,2022-10,8,16,2.00
017049,Cerveno,2022-12,10,30,3.00
017049,Cerveno,2023-01,2,4,2.00
017049,Cerveno,2023-03,6,6,1.00
017049,Cerveno,2023-04,5,7,1.40
017049,Cerveno,2023-06,17,26,1.50
017049,Cerveno,2023-07,18,44,2.40
017049,Cerveno,2023-08,17,59,3.50
017049,Cerveno,2023-09,11,11,1.00
017049,Cerveno,2023-11,2,2,1.00
017049,Cerveno,2023-12,6,16,2.70
017049,Cerveno,2024-01,2,4,2.00
017049,Cerveno,2024-02,0,0,0.00
017049,Cerveno,2024-03,1,4,4.00
017049,Cerveno,2024-04,0,1,0.00
017049,Cerveno,2024-05,14,19,1.40
017049,Cerveno,2024-06,32,69,2.20
017049,Cerveno,2024-07,57,97,1.70
017049,Cerveno,2024-08,164,182,1.10
017049,Cerveno,2024-09,25,25,1.00
017049,Cerveno,2024-10,2,4,2.00
017049,Cerveno,2024-11,4,8,2.00
017049,Cerveno,2024-12,4,6,1.50
017050,Ceto,2019-01,11,21,1.90
017050,Ceto,2019-02,17,50,2.90
017050,Ceto,2019-03,33,86,2.60
017050,Ceto,2019-04,41,123,3.00
017050,Ceto,2019-05,162,422,2.60
017050,Ceto,2019-06,239,1957,8.20
017050,Ceto,2019-07,505,3785,7.50
017050,Ceto,2019-08,525,3288,6.30
017050,Ceto,2019-09,160,456,2.90
017050,Ceto,2019-10,24,219,9.10
017050,Ceto,2019-11,14,209,14.90
017050,Ceto,2019-12,27,143,5.30
017050,Ceto,2020-01,27,87,3.20
017050,Ceto,2020-02,9,15,1.70
017050,Ceto,2020-03,0,0,0.00
017050,Ceto,2020-04,0,0,0.00
017050,Ceto,2020-05,8,36,4.50
017050,Ceto,2020-06,11,50,4.50
017050,Ceto,2020-07,20,158,7.90
017050,Ceto,2020-08,258,430,1.70
017050,Ceto,2020-09,40,120,3.00
017050,Ceto,2020-10,15,65,4.30
017050,Ceto,2020-11,1,1,1.00
017050,Ceto,2020-12,12,70,5.80
017050,Ceto,2021-01,6,14,2.30
017050,Ceto,2021-02,21,33,1.60
017050,Ceto,2021-03,3,13,4.30
017050,Ceto,2021-04,3,9,3.00
017050,Ceto,2021-05,16,54,3.40
017050,Ceto,2021-06,122,1503,12.30
017050,Ceto,2021-07,247,2947,11.90
017050,Ceto,2021-08,267,3188,11.90
017050,Ceto,2021-09,141,325,2.30
017050,Ceto,2021-10,12,27,2.30
017050,Ceto,2021-11,4,45,11.30
017050,Ceto,2021-12,13,36,2.80
017050,Ceto,2022-01,8,34,4.30
017050,Ceto,2022-02,4,13,3.30
017050,Ceto,2022-03,6,15,2.50
017050,Ceto,2022-04,17,67,3.90
017050,Ceto,2022-05,9,74,8.20
017050,Ceto,2022-06,148,1532,10.40
017050,Ceto,2022-07,352,2909,8.30
017050,Ceto,2022-08,398,3489,8.80
017050,Ceto,2022-09,49,74,1.50
017050,Ceto,2022-10,22,49,2.20
017050,Ceto,2022-11,8,14,1.80
017050,Ceto,2022-12,25,56,2.20
017050,Ceto,2023-01,25,61,2.40
017050,Ceto,2023-02,26,37,1.40
017050,Ceto,2023-03,22,34,1.50
017050,Ceto,2023-04,12,20,1.70
017050,Ceto,2023-05,328,681,2.10
017050,Ceto,2023-06,239,1709,7.20
017050,Ceto,2023-07,432,3323,7.70
017050,Ceto,2023-08,410,2503,6.10
017050,Ceto,2023-09,64,136,2.10
017050,Ceto,2023-11,1,2,2.00
017050,Ceto,2023-12,8,15,1.90
017050,Ceto,2024-01,18,26,1.40
017050,Ceto,2024-02,29,36,1.20
017050,Ceto,2024-03,14,31,2.20
017050,Ceto,2024-04,20,39,2.00
017050,Ceto,2024-05,341,684,2.00
017050,Ceto,2024-06,244,1879,7.70
017050,Ceto,2024-07,359,3268,9.10
017050,Ceto,2024-08,505,3110,6.20
017050,Ceto,2024-09,62,85,1.40
017050,Ceto,2024-10,8,52,6.50
017050,Ceto,2024-11,5,88,17.60
017050,Ceto,2024-12,22,134,6.10
017051,Cevo,2019-01,24,67,2.80
017051,Cevo,2019-02,13,15,1.20
017051,Cevo,2019-03,22,26,1.20
017051,Cevo,2019-04,48,97,2.00
017051,Cevo,2019-05,35,74,2.10
017051,Cevo,2019-06,113,194,1.70
017051,Cevo,2019-07,140,759,5.40
017051,Cevo,2019-08,272,1256,4.60
017051,Cevo,2019-09,83,138,1.70
017051,Cevo,2019-10,44,122,2.80
017051,Cevo,2019-11,42,59,1.40
017051,Cevo,2019-12,55,94,1.70
017051,Cevo,2020-01,56,125,2.20
017051,Cevo,2020-02,2,6,3.00
017051,Cevo,2020-03,4,4,1.00
017051,Cevo,2020-04,0,0,0.00
017051,Cevo,2020-05,0,0,0.00
017051,Cevo,2020-06,25,47,1.90
017051,Cevo,2020-07,178,829,4.70
017051,Cevo,2020-08,230,1011,4.40
017051,Cevo,2020-09,87,142,1.60
017051,Cevo,2020-10,39,73,1.90
017051,Cevo,2020-11,11,32,2.90
017051,Cevo,2020-12,0,0,0.00
017051,Cevo,2021-01,0,0,0.00
017051,Cevo,2021-02,63,129,2.00
017051,Cevo,2021-03,10,37,3.70
017051,Cevo,2021-04,10,16,1.60
017051,Cevo,2021-05,26,82,3.20
017051,Cevo,2021-06,70,179,2.60
017051,Cevo,2021-07,181,884,4.90
017051,Cevo,2021-08,205,741,3.60
017051,Cevo,2021-09,101,204,2.00
017051,Cevo,2021-10,30,47,1.60
017051,Cevo,2021-11,8,12,1.50
017051,Cevo,2021-12,43,90,2.10
017051,Cevo,2022-01,30,91,3.00
017051,Cevo,2022-02,22,48,2.20
017051,Cevo,2022-03,20,48,2.40
017051,Cevo,2022-04,48,105,2.20
017051,Cevo,2022-05,17,32,1.90
017051,Cevo,2022-06,127,241,1.90
017051,Cevo,2022-07,337,1044,3.10
017051,Cevo,2022-08,438,2044,4.70
017051,Cevo,2022-09,100,222,2.20
017051,Cevo,2022-10,101,137,1.40
017051,Cevo,2022-11,11,48,4.40
017051,Cevo,2022-12,126,208,1.70
017051,Cevo,2023-01,120,238,2.00
017051,Cevo,2023-02,38,75,2.00
017051,Cevo,2023-03,40,49,1.20
017051,Cevo,2023-04,99,176,1.80
017051,Cevo,2023-05,46,104,2.30
017051,Cevo,2023-06,251,487,1.90
017051,Cevo,2023-07,313,1371,4.40
017051,Cevo,2023-08,480,2224,4.60
017051,Cevo,2023-09,128,265,2.10
017051,Cevo,2023-10,82,83,1.00
017051,Cevo,2023-11,19,19,1.00
017051,Cevo,2023-12,152,336,2.20
017051,Cevo,2024-01,91,259,2.80
017051,Cevo,2024-02,55,117,2.10
017051,Cevo,2024-03,30,52,1.70
017051,Cevo,2024-04,47,89,1.90
017051,Cevo,2024-05,70,114,1.60
017051,Cevo,2024-06,83,227,2.70
017051,Cevo,2024-07,411,1744,4.20
017051,Cevo,2024-08,510,1965,3.90
017051,Cevo,2024-09,143,321,2.20
017051,Cevo,2024-10,66,81,1.20
017051,Cevo,2024-11,42,70,1.70
017051,Cevo,2024-12,99,173,1.70
017052,Chiari,2019-01,133,268,2.00
017052,Chiari,2019-02,189,406,2.10
017052,Chiari,2019-03,158,320,2.00
017052,Chiari,2019-04,242,502,2.10
017052,Chiari,2019-05,239,598,2.50
017052,Chiari,2019-06,192,574,3.00
017052,Chiari,2019-07,129,634,4.90
017052,Chiari,2019-08,87,440,5.10
017052,Chiari,2019-09,162,378,2.30
017052,Chiari,2019-10,235,617,2.60
017052,Chiari,2019-11,191,327,1.70
017052,Chiari,2019-12,93,225,2.40
017052,Chiari,2020-01,118,254,2.20
017052,Chiari,2020-02,132,265,2.00
017052,Chiari,2020-03,26,97,3.70
017052,Chiari,2020-04,9,37,4.10
017052,Chiari,2020-05,34,77,2.30
017052,Chiari,2020-06,94,230,2.40
017052,Chiari,2020-07,102,224,2.20
017052,Chiari,2020-08,114,252,2.20
017052,Chiari,2020-09,160,338,2.10
017052,Chiari,2020-10,159,445,2.80
017052,Chiari,2020-11,55,290,5.30
017052,Chiari,2020-12,53,116,2.20
017052,Chiari,2021-01,96,384,4.00
017052,Chiari,2021-02,116,619,5.30
017052,Chiari,2021-03,116,445,3.80
017052,Chiari,2021-04,160,604,3.80
017052,Chiari,2021-05,180,393,2.20
017052,Chiari,2021-06,174,572,3.30
017052,Chiari,2021-07,168,471,2.80
017052,Chiari,2021-08,87,341,3.90
017052,Chiari,2021-09,146,347,2.40
017052,Chiari,2021-10,105,346,3.30
017052,Chiari,2021-11,106,308,2.90
017052,Chiari,2021-12,78,289,3.70
017052,Chiari,2022-01,102,292,2.90
017052,Chiari,2022-02,125,226,1.80
017052,Chiari,2022-03,189,254,1.30
017052,Chiari,2022-04,197,361,1.80
017052,Chiari,2022-05,262,766,2.90
017052,Chiari,2022-06,334,647,1.90
017052,Chiari,2022-07,190,601,3.20
017052,Chiari,2022-08,137,841,6.10
017052,Chiari,2022-09,204,379,1.90
017052,Chiari,2022-10,185,367,2.00
017052,Chiari,2022-11,192,435,2.30
017052,Chiari,2022-12,66,272,4.10
017052,Chiari,2023-01,116,394,3.40
017052,Chiari,2023-02,173,684,4.00
017052,Chiari,2023-03,193,627,3.20
017052,Chiari,2023-04,211,491,2.30
017052,Chiari,2023-05,242,461,1.90
017052,Chiari,2023-06,316,560,1.80
017052,Chiari,2023-07,380,705,1.90
017052,Chiari,2023-08,160,384,2.40
017052,Chiari,2023-09,283,776,2.70
017052,Chiari,2023-10,246,671,2.70
017052,Chiari,2023-11,195,640,3.30
017052,Chiari,2023-12,131,477,3.60
017052,Chiari,2024-01,163,389,2.40
017052,Chiari,2024-02,164,307,1.90
017052,Chiari,2024-03,221,573,2.60
017052,Chiari,2024-04,292,864,3.00
017052,Chiari,2024-05,399,724,1.80
017052,Chiari,2024-06,283,721,2.50
017052,Chiari,2024-07,242,439,1.80
017052,Chiari,2024-08,161,401,2.50
017052,Chiari,2024-09,340,734,2.20
017052,Chiari,2024-10,291,748,2.60
017052,Chiari,2024-11,289,762,2.60
017052,Chiari,2024-12,201,736,3.70
017053,Cigole,2024-01,33,94,2.80
017053,Cigole,2024-02,41,114,2.80
017053,Cigole,2024-03,35,129,3.70
017053,Cigole,2024-04,37,96,2.60
017053,Cigole,2024-05,51,199,3.90
017053,Cigole,2024-06,78,142,1.80
017053,Cigole,2024-07,128,197,1.50
017053,Cigole,2024-08,147,185,1.30
017053,Cigole,2024-09,64,107,1.70
017053,Cigole,2024-10,61,142,2.30
017053,Cigole,2024-11,48,133,2.80
017053,Cigole,2024-12,49,101,2.10
017054,Cimbergo,2021-01,0,0,0.00
017054,Cimbergo,2021-02,0,0,0.00
017054,Cimbergo,2021-03,1,9,9.00
017054,Cimbergo,2021-04,0,0,0.00
017054,Cimbergo,2021-05,46,50,1.10
017054,Cimbergo,2021-06,47,67,1.40
017054,Cimbergo,2021-07,47,88,1.90
017054,Cimbergo,2021-08,109,174,1.60
017054,Cimbergo,2021-09,24,35,1.50
017054,Cimbergo,2021-10,41,47,1.10
017054,Cimbergo,2021-11,5,5,1.00
017054,Cimbergo,2021-12,31,35,1.10
017054,Cimbergo,2022-01,20,36,1.80
017054,Cimbergo,2022-02,18,23,1.30
017054,Cimbergo,2022-03,20,25,1.30
017054,Cimbergo,2022-04,35,45,1.30
017054,Cimbergo,2022-05,31,41,1.30
017054,Cimbergo,2022-06,85,241,2.80
017054,Cimbergo,2022-07,90,148,1.60
017054,Cimbergo,2022-08,130,232,1.80
017054,Cimbergo,2022-09,55,124,2.30
017054,Cimbergo,2022-10,22,39,1.80
017054,Cimbergo,2022-11,12,14,1.20
017054,Cimbergo,2022-12,39,59,1.50
017054,Cimbergo,2023-01,14,20,1.40
017054,Cimbergo,2023-03,32,44,1.40
017054,Cimbergo,2023-04,62,123,2.00
017054,Cimbergo,2023-05,49,80,1.60
017054,Cimbergo,2023-06,97,135,1.40
017054,Cimbergo,2023-07,140,291,2.10
017054,Cimbergo,2023-08,130,319,2.50
017054,Cimbergo,2023-09,79,125,1.60
017054,Cimbergo,2023-10,46,51,1.10
017054,Cimbergo,2023-11,33,49,1.50
017054,Cimbergo,2023-12,64,134,2.10
017054,Cimbergo,2024-01,11,17,1.50
017054,Cimbergo,2024-02,8,14,1.80
017054,Cimbergo,2024-03,59,81,1.40
017054,Cimbergo,2024-04,46,54,1.20
017054,Cimbergo,2024-05,74,150,2.00
017054,Cimbergo,2024-06,132,255,1.90
017054,Cimbergo,2024-07,188,514,2.70
017054,Cimbergo,2024-08,284,1119,3.90
017054,Cimbergo,2024-09,159,311,2.00
017054,Cimbergo,2024-10,60,144,2.40
017054,Cimbergo,2024-11,92,157,1.70
017054,Cimbergo,2024-12,116,208,1.80
017055,Cividate Camuno,2020-01,0,0,0.00
017055,Cividate Camuno,2020-02,0,0,0.00
017055,Cividate Camuno,2020-03,0,0,0.00
017055,Cividate Camuno,2020-04,0,0,0.00
017055,Cividate Camuno,2020-05,0,0,0.00
017055,Cividate Camuno,2020-06,0,0,0.00
017055,Cividate Camuno,2020-07,0,0,0.00
017055,Cividate Camuno,2020-08,0,0,0.00
017055,Cividate Camuno,2020-09,0,0,0.00
017055,Cividate Camuno,2020-10,0,0,0.00
017055,Cividate Camuno,2020-11,0,0,0.00
017055,Cividate Camuno,2020-12,0,0,0.00
017055,Cividate Camuno,2021-01,0,0,0.00
017055,Cividate Camuno,2021-02,0,0,0.00
017055,Cividate Camuno,2021-03,0,0,0.00
017055,Cividate Camuno,2021-04,0,0,0.00
017055,Cividate Camuno,2021-05,0,0,0.00
017055,Cividate Camuno,2021-06,0,0,0.00
017055,Cividate Camuno,2021-07,1,7,7.00
017055,Cividate Camuno,2021-08,0,0,0.00
017055,Cividate Camuno,2021-09,1,14,14.00
017055,Cividate Camuno,2021-10,3,39,13.00
017055,Cividate Camuno,2021-11,0,0,0.00
017055,Cividate Camuno,2021-12,0,0,0.00
017055,Cividate Camuno,2023-04,16,36,2.30
017055,Cividate Camuno,2023-05,21,74,3.50
017055,Cividate Camuno,2023-06,60,146,2.40
017055,Cividate Camuno,2023-07,147,229,1.60
017055,Cividate Camuno,2023-08,183,472,2.60
017055,Cividate Camuno,2023-09,82,236,2.90
017055,Cividate Camuno,2023-10,93,175,1.90
017055,Cividate Camuno,2023-11,82,171,2.10
017055,Cividate Camuno,2023-12,69,161,2.30
017055,Cividate Camuno,2024-01,66,101,1.50
017055,Cividate Camuno,2024-02,36,68,1.90
017055,Cividate Camuno,2024-03,47,90,1.90
017055,Cividate Camuno,2024-04,48,100,2.10
017055,Cividate Camuno,2024-05,41,118,2.90
017055,Cividate Camuno,2024-06,56,172,3.10
017055,Cividate Camuno,2024-07,73,205,2.80
017055,Cividate Camuno,2024-08,119,209,1.80
017055,Cividate Camuno,2024-09,70,302,4.30
017055,Cividate Camuno,2024-10,35,151,4.30
017055,Cividate Camuno,2024-11,43,103,2.40
017055,Cividate Camuno,2024-12,25,48,1.90
017058,Collio,2019-01,585,1469,2.50
017058,Collio,2019-02,562,1507,2.70
017058,Collio,2019-03,353,759,2.20
017058,Collio,2019-04,36,51,1.40
017058,Collio,2019-05,76,198,2.60
017058,Collio,2019-06,328,855,2.60
017058,Collio,2019-07,284,1659,5.80
017058,Collio,2019-08,371,922,2.50
017058,Collio,2019-09,179,313,1.70
017058,Collio,2019-10,29,54,1.90
017058,Collio,2019-11,20,32,1.60
017058,Collio,2019-12,481,888,1.80
017058,Collio,2020-01,704,1436,2.00
017058,Collio,2020-02,699,1525,2.20
017058,Collio,2020-03,115,314,2.70
017058,Collio,2020-04,0,0,0.00
017058,Collio,2020-05,9,10,1.10
017058,Collio,2020-06,56,72,1.30
017058,Collio,2020-07,138,403,2.90
017058,Collio,2020-08,438,1151,2.60
017058,Collio,2020-09,13,13,1.00
017058,Collio,2020-10,22,46,2.10
017058,Collio,2020-11,1,3,3.00
017058,Collio,2020-12,2,2,1.00
017058,Collio,2021-01,160,253,1.60
017058,Collio,2021-02,315,395,1.30
017058,Collio,2021-03,86,90,1.00
017058,Collio,2021-04,21,32,1.50
017058,Collio,2021-05,17,32,1.90
017058,Collio,2021-06,251,756,3.00
017058,Collio,2021-07,347,937,2.70
017058,Collio,2021-08,492,1234,2.50
017058,Collio,2021-09,115,221,1.90
017058,Collio,2021-10,40,63,1.60
017058,Collio,2021-11,13,13,1.00
017058,Collio,2021-12,98,183,1.90
017058,Collio,2022-01,465,837,1.80
017058,Collio,2022-02,438,783,1.80
017058,Collio,2022-03,334,695,2.10
017058,Collio,2022-04,25,105,4.20
017058,Collio,2022-05,138,394,2.90
017058,Collio,2022-06,361,932,2.60
017058,Collio,2022-07,603,1043,1.70
017058,Collio,2022-08,474,1264,2.70
017058,Collio,2022-09,226,277,1.20
017058,Collio,2022-10,146,185,1.30
017058,Collio,2022-11,9,10,1.10
017058,Collio,2022-12,81,161,2.00
017058,Collio,2023-01,884,2397,2.70
017058,Collio,2023-02,821,2078,2.50
017058,Collio,2023-03,202,486,2.40
017058,Collio,2023-04,57,112,2.00
017058,Collio,2023-05,65,236,3.60
017058,Collio,2023-06,339,863,2.50
017058,Collio,2023-07,271,645,2.40
017058,Collio,2023-08,513,1183,2.30
017058,Collio,2023-09,162,194,1.20
017058,Collio,2023-10,101,172,1.70
017058,Collio,2023-11,33,52,1.60
017058,Collio,2023-12,414,774,1.90
017058,Collio,2024-01,985,2136,2.20
017058,Collio,2024-02,951,2336,2.50
017058,Collio,2024-03,234,307,1.30
017058,Collio,2024-04,66,199,3.00
017058,Collio,2024-05,308,560,1.80
017058,Collio,2024-06,339,977,2.90
017058,Collio,2024-07,544,1134,2.10
017058,Collio,2024-08,750,1624,2.20
017058,Collio,2024-09,164,180,1.10
017058,Collio,2024-10,290,464,1.60
017058,Collio,2024-11,24,90,3.80
017058,Collio,2024-12,441,880,2.00
017059,Cologne,2019-01,108,118,1.10
017059,Cologne,2019-02,124,179,1.40
017059,Cologne,2019-03,142,245,1.70
017059,Cologne,2019-04,151,235,1.60
017059,Cologne,2019-05,63,100,1.60
017059,Cologne,2019-06,80,113,1.40
017059,Cologne,2019-07,126,153,1.20
017059,Cologne,2019-08,33,55,1.70
017059,Cologne,2019-09,105,143,1.40
017059,Cologne,2019-10,145,199,1.40
017059,Cologne,2019-11,133,185,1.40
017059,Cologne,2019-12,86,146,1.70
017059,Cologne,2020-01,78,119,1.50
017059,Cologne,2020-02,107,124,1.20
017059,Cologne,2020-03,9,14,1.60
017059,Cologne,2020-04,0,0,0.00
017059,Cologne,2020-05,1,1,1.00
017059,Cologne,2020-06,56,93,1.70
017059,Cologne,2020-07,104,160,1.50
017059,Cologne,2020-08,115,217,1.90
017059,Cologne,2020-09,127,194,1.50
017059,Cologne,2020-10,58,103,1.80
017059,Cologne,2020-11,15,45,3.00
017059,Cologne,2020-12,19,40,2.10
017059,Cologne,2021-01,64,102,1.60
017059,Cologne,2021-02,105,135,1.30
017059,Cologne,2021-03,42,71,1.70
017059,Cologne,2021-04,100,131,1.30
017059,Cologne,2021-05,82,130,1.60
017059,Cologne,2021-06,299,331,1.10
017059,Cologne,2021-07,239,261,1.10
017059,Cologne,2021-08,180,342,1.90
017059,Cologne,2021-09,158,209,1.30
017059,Cologne,2021-10,225,373,1.70
017059,Cologne,2021-11,212,299,1.40
017059,Cologne,2021-12,148,201,1.40
017059,Cologne,2022-01,114,164,1.40
017059,Cologne,2022-02,163,228,1.40
017059,Cologne,2022-03,175,257,1.50
017059,Cologne,2022-04,193,322,1.70
017059,Cologne,2022-05,186,273,1.50
017059,Cologne,2022-06,221,387,1.80
017059,Cologne,2022-07,274,436,1.60
017059,Cologne,2022-08,178,329,1.80
017059,Cologne,2022-09,295,441,1.50
017059,Cologne,2022-10,183,308,1.70
017059,Cologne,2022-11,128,222,1.70
017059,Cologne,2022-12,142,184,1.30
017059,Cologne,2023-01,172,239,1.40
017059,Cologne,2023-02,124,178,1.40
017059,Cologne,2023-03,139,195,1.40
017059,Cologne,2023-04,218,352,1.60
017059,Cologne,2023-05,125,240,1.90
017059,Cologne,2023-06,153,266,1.70
017059,Cologne,2023-07,111,193,1.70
017059,Cologne,2023-08,102,187,1.80
017059,Cologne,2023-09,206,289,1.40
017059,Cologne,2023-10,127,192,1.50
017059,Cologne,2023-11,129,208,1.60
017059,Cologne,2023-12,78,167,2.10
017059,Cologne,2024-01,86,138,1.60
017059,Cologne,2024-02,119,155,1.30
017059,Cologne,2024-03,113,173,1.50
017059,Cologne,2024-04,163,230,1.40
017059,Cologne,2024-05,111,171,1.50
017059,Cologne,2024-06,149,246,1.70
017059,Cologne,2024-07,162,318,2.00
017059,Cologne,2024-08,75,109,1.50
017059,Cologne,2024-09,151,242,1.60
017059,Cologne,2024-10,137,243,1.80
017059,Cologne,2024-11,148,256,1.70
017059,Cologne,2024-12,64,128,2.00
017061,Concesio,2019-01,24,51,2.10
017061,Concesio,2019-02,18,26,1.40
017061,Concesio,2019-03,21,61,2.90
017061,Concesio,2019-04,22,136,6.20
017061,Concesio,2019-05,35,154,4.40
017061,Concesio,2019-06,29,114,3.90
017061,Concesio,2019-07,11,19,1.70
017061,Concesio,2019-08,25,41,1.60
017061,Concesio,2019-09,22,37,1.70
017061,Concesio,2019-10,25,40,1.60
017061,Concesio,2019-11,15,44,2.90
017061,Concesio,2019-12,23,62,2.70
017061,Concesio,2020-01,32,66,2.10
017061,Concesio,2020-02,32,78,2.40
017061,Concesio,2020-03,6,12,2.00
017061,Concesio,2020-04,0,0,0.00
017061,Concesio,2020-05,0,0,0.00
017061,Concesio,2020-06,0,0,0.00
017061,Concesio,2020-07,16,51,3.20
017061,Concesio,2020-08,13,37,2.80
017061,Concesio,2020-09,37,67,1.80
017061,Concesio,2020-10,31,42,1.40
017061,Concesio,2020-11,0,0,0.00
017061,Concesio,2020-12,0,0,0.00
017061,Concesio,2021-01,6,37,6.20
017061,Concesio,2021-02,20,50,2.50
017061,Concesio,2021-03,17,26,1.50
017061,Concesio,2021-04,34,69,2.00
017061,Concesio,2021-05,36,81,2.30
017061,Concesio,2021-06,23,82,3.60
017061,Concesio,2021-07,27,54,2.00
017061,Concesio,2021-08,10,52,5.20
017061,Concesio,2021-09,23,37,1.60
017061,Concesio,2021-10,1,35,31.00
017061,Concesio,2021-11,0,0,0.00
017061,Concesio,2021-12,6,35,5.80
017061,Concesio,2022-01,6,93,15.50
017061,Concesio,2022-02,21,132,6.30
017061,Concesio,2022-03,25,202,8.10
017061,Concesio,2022-04,1,92,31.00
017061,Concesio,2022-05,21,31,1.50
017061,Concesio,2022-06,8,10,1.30
017061,Concesio,2022-07,9,43,4.80
017061,Concesio,2022-08,13,26,2.00
017061,Concesio,2022-09,6,14,2.30
017061,Concesio,2022-10,7,75,10.70
017061,Concesio,2022-11,2,42,21.00
017061,Concesio,2022-12,2,31,15.50
017061,Concesio,2023-01,8,11,1.40
017061,Concesio,2023-02,5,6,1.20
017061,Concesio,2023-03,11,44,4.00
017061,Concesio,2023-04,32,78,2.40
017061,Concesio,2023-05,27,57,2.10
017061,Concesio,2023-06,30,138,4.60
017061,Concesio,2023-07,33,106,3.20
017061,Concesio,2023-08,17,48,2.80
017061,Concesio,2023-09,38,85,2.20
017061,Concesio,2023-10,16,77,4.80
017061,Concesio,2023-11,14,70,5.00
017061,Concesio,2023-12,41,157,3.80
017061,Concesio,2024-01,14,159,11.40
017061,Concesio,2024-02,11,127,11.50
017061,Concesio,2024-03,5,105,21.00
017061,Concesio,2024-04,9,99,11.00
017061,Concesio,2024-05,17,165,9.70
017061,Concesio,2024-06,24,163,6.80
017061,Concesio,2024-07,10,145,14.50
017061,Concesio,2024-08,22,174,7.90
017061,Concesio,2024-09,23,197,8.60
017061,Concesio,2024-10,20,143,7.20
017061,Concesio,2024-11,19,110,5.80
017061,Concesio,2024-12,30,149,5.00
017062,Corte Franca,2019-01,634,1290,2.00
017062,Corte Franca,2019-02,1108,1763,1.60
017062,Corte Franca,2019-03,1314,1813,1.40
017062,Corte Franca,2019-04,1416,2391,1.70
017062,Corte Franca,2019-05,1565,2309,1.50
017062,Corte Franca,2019-06,1837,2774,1.50
017062,Corte Franca,2019-07,1403,2402,1.70
017062,Corte Franca,2019-08,1202,2569,2.10
017062,Corte Franca,2019-09,1732,2728,1.60
017062,Corte Franca,2019-10,1385,2281,1.60
017062,Corte Franca,2019-11,1259,1975,1.60
017062,Corte Franca,2019-12,960,1586,1.70
017062,Corte Franca,2020-01,707,1560,2.20
017062,Corte Franca,2020-02,802,1490,1.90
017062,Corte Franca,2020-03,106,605,5.70
017062,Corte Franca,2020-04,13,507,31.00
017062,Corte Franca,2020-05,125,498,4.00
017062,Corte Franca,2020-06,394,929,2.40
017062,Corte Franca,2020-07,679,1336,2.00
017062,Corte Franca,2020-08,890,1639,1.80
017062,Corte Franca,2020-09,1281,2034,1.60
017062,Corte Franca,2020-10,751,1860,2.50
017062,Corte Franca,2020-11,95,949,10.00
017062,Corte Franca,2020-12,154,929,6.00
017062,Corte Franca,2021-01,89,279,3.10
017062,Corte Franca,2021-02,579,849,1.50
017062,Corte Franca,2021-03,83,313,3.80
017062,Corte Franca,2021-04,224,568,2.50
017062,Corte Franca,2021-05,1096,1917,1.70
017062,Corte Franca,2021-06,1474,2374,1.60
017062,Corte Franca,2021-07,2069,2860,1.40
017062,Corte Franca,2021-08,2171,4122,1.90
017062,Corte Franca,2021-09,1959,2697,1.40
017062,Corte Franca,2021-10,1850,2402,1.30
017062,Corte Franca,2021-11,1365,1838,1.30
017062,Corte Franca,2021-12,1135,1392,1.20
017062,Corte Franca,2022-01,572,821,1.40
017062,Corte Franca,2022-02,1019,1328,1.30
017062,Corte Franca,2022-03,1586,2188,1.40
017062,Corte Franca,2022-04,1825,2835,1.60
017062,Corte Franca,2022-05,1720,2601,1.50
017062,Corte Franca,2022-06,2158,3237,1.50
017062,Corte Franca,2022-07,2607,3995,1.50
017062,Corte Franca,2022-08,1921,4636,2.40
017062,Corte Franca,2022-09,2575,3787,1.50
017062,Corte Franca,2022-10,2377,3300,1.40
017062,Corte Franca,2022-11,1815,2437,1.30
017062,Corte Franca,2022-12,1494,1990,1.30
017062,Corte Franca,2023-01,1144,1664,1.50
017062,Corte Franca,2023-02,1589,2142,1.30
017062,Corte Franca,2023-03,1964,2702,1.40
017062,Corte Franca,2023-04,2420,3810,1.60
017062,Corte Franca,2023-05,2414,3499,1.40
017062,Corte Franca,2023-06,2502,3770,1.50
017062,Corte Franca,2023-07,2623,4340,1.70
017062,Corte Franca,2023-08,2325,5181,2.20
017062,Corte Franca,2023-09,2839,4338,1.50
017062,Corte Franca,2023-10,2029,3317,1.60
017062,Corte Franca,2023-11,1848,2619,1.40
017062,Corte Franca,2023-12,1624,2467,1.50
017062,Corte Franca,2024-01,952,1749,1.80
017062,Corte Franca,2024-02,1465,2223,1.50
017062,Corte Franca,2024-03,1730,2668,1.50
017062,Corte Franca,2024-04,1963,3243,1.70
017062,Corte Franca,2024-05,2224,3669,1.60
017062,Corte Franca,2024-06,2275,3771,1.70
017062,Corte Franca,2024-07,2444,4368,1.80
017062,Corte Franca,2024-08,2235,5063,2.30
017062,Corte Franca,2024-09,2452,4030,1.60
017062,Corte Franca,2024-10,2140,3218,1.50
017062,Corte Franca,2024-11,1883,2680,1.40
017062,Corte Franca,2024-12,1415,2192,1.50
017063,Corteno Golgi,2019-01,1305,7474,5.70
017063,Corteno Golgi,2019-02,1516,7117,4.70
017063,Corteno Golgi,2019-03,1112,5099,4.60
017063,Corteno Golgi,2019-04,334,1054,3.20
017063,Corteno Golgi,2019-05,532,855,1.60
017063,Corteno Golgi,2019-06,1119,1968,1.80
017063,Corteno Golgi,2019-07,1582,7943,5.00
017063,Corteno Golgi,2019-08,1629,10256,6.30
017063,Corteno Golgi,2019-09,474,1432,3.00
017063,Corteno Golgi,2019-10,252,309,1.20
017063,Corteno Golgi,2019-11,391,632,1.60
017063,Corteno Golgi,2019-12,1561,4657,3.00
017063,Corteno Golgi,2020-01,1322,8034,6.10
017063,Corteno Golgi,2020-02,1304,6007,4.60
017063,Corteno Golgi,2020-03,189,758,4.00
017063,Corteno Golgi,2020-04,0,0,0.00
017063,Corteno Golgi,2020-05,91,196,2.20
017063,Corteno Golgi,2020-06,268,715,2.70
017063,Corteno Golgi,2020-07,968,3754,3.90
017063,Corteno Golgi,2020-08,1310,8457,6.50
017063,Corteno Golgi,2020-09,429,853,2.00
017063,Corteno Golgi,2020-10,252,830,3.30
017063,Corteno Golgi,2020-11,145,605,4.20
017063,Corteno Golgi,2020-12,136,605,4.40
017063,Corteno Golgi,2021-01,110,1445,13.10
017063,Corteno Golgi,2021-02,847,2634,3.10
017063,Corteno Golgi,2021-03,16,1191,31.00
017063,Corteno Golgi,2021-04,42,1230,29.30
017063,Corteno Golgi,2021-05,153,1387,9.10
017063,Corteno Golgi,2021-06,1077,4034,3.70
017063,Corteno Golgi,2021-07,1822,8457,4.60
017063,Corteno Golgi,2021-08,1886,12223,6.50
017063,Corteno Golgi,2021-09,683,3413,5.00
017063,Corteno Golgi,2021-10,657,2991,4.60
017063,Corteno Golgi,2021-11,183,2150,11.70
017063,Corteno Golgi,2021-12,1478,5990,4.10
017063,Corteno Golgi,2022-01,1456,6456,4.40
017063,Corteno Golgi,2022-02,1335,6157,4.60
017063,Corteno Golgi,2022-03,980,4832,4.90
017063,Corteno Golgi,2022-04,585,1620,2.80
017063,Corteno Golgi,2022-05,877,1356,1.50
017063,Corteno Golgi,2022-06,1532,3330,2.20
017063,Corteno Golgi,2022-07,2151,8940,4.20
017063,Corteno Golgi,2022-08,2037,10704,5.30
017063,Corteno Golgi,2022-09,931,2754,3.00
017063,Corteno Golgi,2022-10,788,1381,1.80
017063,Corteno Golgi,2022-11,295,508,1.70
017063,Corteno Golgi,2022-12,1805,5124,2.80
017063,Corteno Golgi,2023-01,2176,9773,4.50
017063,Corteno Golgi,2023-02,1981,9248,4.70
017063,Corteno Golgi,2023-03,1443,7603,5.30
017063,Corteno Golgi,2023-04,1223,4239,3.50
017063,Corteno Golgi,2023-05,659,1967,3.00
017063,Corteno Golgi,2023-06,1134,3868,3.40
017063,Corteno Golgi,2023-07,2440,12313,5.00
017063,Corteno Golgi,2023-08,2560,16057,6.30
017063,Corteno Golgi,2023-09,978,2917,3.00
017063,Corteno Golgi,2023-10,536,948,1.80
017063,Corteno Golgi,2023-11,253,481,1.90
017063,Corteno Golgi,2023-12,2650,7019,2.60
017063,Corteno Golgi,2024-01,2303,10501,4.60
017063,Corteno Golgi,2024-02,2329,10826,4.60
017063,Corteno Golgi,2024-03,2212,8085,3.70
017063,Corteno Golgi,2024-04,650,1967,3.00
017063,Corteno Golgi,2024-05,850,1765,2.10
017063,Corteno Golgi,2024-06,1429,3664,2.60
017063,Corteno Golgi,2024-07,2177,12274,5.60
017063,Corteno Golgi,2024-08,2695,16932,6.30
017063,Corteno Golgi,2024-09,986,3163,3.20
017063,Corteno Golgi,2024-10,771,1235,1.60
017063,Corteno Golgi,2024-11,799,1488,1.90
017063,Corteno Golgi,2024-12,2857,8746,3.10
017065,Darfo Boario Terme,2019-01,2226,6977,3.10
017065,Darfo Boario Terme,2019-02,2184,6806,3.10
017065,Darfo Boario Terme,2019-03,2584,8678,3.40
017065,Darfo Boario Terme,2019-04,3540,10689,3.00
017065,Darfo Boario Terme,2019-05,3512,11285,3.20
017065,Darfo Boario Terme,2019-06,4207,12118,2.90
017065,Darfo Boario Terme,2019-07,3549,15801,4.50
017065,Darfo Boario Terme,2019-08,4181,21513,5.10
017065,Darfo Boario Terme,2019-09,3412,14081,4.10
017065,Darfo Boario Terme,2019-10,2582,9365,3.60
017065,Darfo Boario Terme,2019-11,2428,8027,3.30
017065,Darfo Boario Terme,2019-12,2251,8212,3.60
017065,Darfo Boario Terme,2020-01,2285,5816,2.50
017065,Darfo Boario Terme,2020-02,1958,4863,2.50
017065,Darfo Boario Terme,2020-03,168,2601,15.50
017065,Darfo Boario Terme,2020-04,91,2013,22.10
017065,Darfo Boario Terme,2020-05,115,2085,18.10
017065,Darfo Boario Terme,2020-06,546,2616,4.80
017065,Darfo Boario Terme,2020-07,1274,4397,3.50
017065,Darfo Boario Terme,2020-08,2652,9240,3.50
017065,Darfo Boario Terme,2020-09,1519,4998,3.30
017065,Darfo Boario Terme,2020-10,1182,4138,3.50
017065,Darfo Boario Terme,2020-11,231,2472,10.70
017065,Darfo Boario Terme,2020-12,133,2274,17.10
017065,Darfo Boario Terme,2021-01,605,2593,4.30
017065,Darfo Boario Terme,2021-02,1171,3488,3.00
017065,Darfo Boario Terme,2021-03,566,2765,4.90
017065,Darfo Boario Terme,2021-04,485,2364,4.90
017065,Darfo Boario Terme,2021-05,1557,4058,2.60
017065,Darfo Boario Terme,2021-06,2075,5113,2.50
017065,Darfo Boario Terme,2021-07,3293,9752,3.00
017065,Darfo Boario Terme,2021-08,3868,14458,3.70
017065,Darfo Boario Terme,2021-09,2702,9021,3.30
017065,Darfo Boario Terme,2021-10,3288,9115,2.80
017065,Darfo Boario Terme,2021-11,1894,6153,3.20
017065,Darfo Boario Terme,2021-12,2104,6592,3.10
017065,Darfo Boario Terme,2022-01,2071,6465,3.10
017065,Darfo Boario Terme,2022-02,2144,6800,3.20
017065,Darfo Boario Terme,2022-03,2191,7416,3.40
017065,Darfo Boario Terme,2022-04,3036,8736,2.90
017065,Darfo Boario Terme,2022-05,2893,8202,2.80
017065,Darfo Boario Terme,2022-06,3572,10241,2.90
017065,Darfo Boario Terme,2022-07,4123,13855,3.40
017065,Darfo Boario Terme,2022-08,4109,16760,4.10
017065,Darfo Boario Terme,2022-09,3524,12200,3.50
017065,Darfo Boario Terme,2022-10,3266,10154,3.10
017065,Darfo Boario Terme,2022-11,2152,7256,3.40
017065,Darfo Boario Terme,2022-12,2658,7779,2.90
017065,Darfo Boario Terme,2023-01,2737,7698,2.80
017065,Darfo Boario Terme,2023-02,2352,6519,2.80
017065,Darfo Boario Terme,2023-03,2354,7309,3.10
017065,Darfo Boario Terme,2023-04,3759,9788,2.60
017065,Darfo Boario Terme,2023-05,2951,8844,3.00
017065,Darfo Boario Terme,2023-06,3830,11304,3.00
017065,Darfo Boario Terme,2023-07,4307,14150,3.30
017065,Darfo Boario Terme,2023-08,4147,17535,4.20
017065,Darfo Boario Terme,2023-09,3779,12563,3.30
017065,Darfo Boario Terme,2023-10,3235,9666,3.00
017065,Darfo Boario Terme,2023-11,2384,7167,3.00
017065,Darfo Boario Terme,2023-12,2927,8272,2.80
017065,Darfo Boario Terme,2024-01,2540,7663,3.00
017065,Darfo Boario Terme,2024-02,2371,7081,3.00
017065,Darfo Boario Terme,2024-03,2739,8170,3.00
017065,Darfo Boario Terme,2024-04,2961,8506,2.90
017065,Darfo Boario Terme,2024-05,3589,9589,2.70
017065,Darfo Boario Terme,2024-06,3215,10355,3.20
017065,Darfo Boario Terme,2024-07,3982,15077,3.80
017065,Darfo Boario Terme,2024-08,4026,16401,4.10
017065,Darfo Boario Terme,2024-09,3881,13230,3.40
017065,Darfo Boario Terme,2024-10,3514,12170,3.50
017065,Darfo Boario Terme,2024-11,2623,9760,3.70
017065,Darfo Boario Terme,2024-12,2802,9187,3.30
017066,Dello,2020-01,32,205,6.40
017066,Dello,2020-02,24,185,7.70
017066,Dello,2020-03,4,54,13.50
017066,Dello,2020-04,0,0,0.00
017066,Dello,2020-05,22,152,6.90
017066,Dello,2020-06,12,184,15.30
017066,Dello,2020-07,12,47,3.90
017066,Dello,2020-08,30,191,6.40
017066,Dello,2020-09,23,201,8.70
017066,Dello,2020-10,29,170,5.90
017066,Dello,2020-11,48,358,7.50
017066,Dello,2020-12,0,22,0.00
017066,Dello,2022-01,1,1,1.00
017066,Dello,2022-02,25,133,5.30
017066,Dello,2022-03,13,65,5.00
017066,Dello,2022-04,51,124,2.40
017066,Dello,2022-05,44,149,3.40
017066,Dello,2022-06,102,266,2.60
017066,Dello,2022-07,80,289,3.60
017066,Dello,2022-08,84,179,2.10
017066,Dello,2022-09,246,563,2.30
017066,Dello,2022-10,229,608,2.70
017066,Dello,2022-11,176,714,4.10
017066,Dello,2022-12,189,594,3.10
017066,Dello,2023-01,162,493,3.00
017066,Dello,2023-02,114,362,3.20
017066,Dello,2023-03,144,402,2.80
017066,Dello,2023-04,218,526,2.40
017066,Dello,2023-05,184,703,3.80
017066,Dello,2023-06,241,597,2.50
017066,Dello,2023-07,261,538,2.10
017066,Dello,2023-08,385,668,1.70
017066,Dello,2023-09,226,778,3.40
017066,Dello,2023-10,151,367,2.40
017066,Dello,2023-11,139,432,3.10
017066,Dello,2023-12,143,513,3.60
017066,Dello,2024-01,114,406,3.60
017066,Dello,2024-02,152,539,3.50
017066,Dello,2024-03,178,728,4.10
017066,Dello,2024-04,205,637,3.10
017066,Dello,2024-05,228,567,2.50
017066,Dello,2024-06,251,631,2.50
017066,Dello,2024-07,293,689,2.40
017066,Dello,2024-08,335,696,2.10
017066,Dello,2024-09,251,656,2.60
017066,Dello,2024-10,233,771,3.30
017066,Dello,2024-11,216,579,2.70
017066,Dello,2024-12,138,476,3.40
017067,Desenzano del Garda,2019-01,8690,18155,2.10
017067,Desenzano del Garda,2019-02,11030,22228,2.00
017067,Desenzano del Garda,2019-03,19420,36432,1.90
017067,Desenzano del Garda,2019-04,35338,91281,2.60
017067,Desenzano del Garda,2019-05,30567,83448,2.70
017067,Desenzano del Garda,2019-06,43765,141687,3.20
017067,Desenzano del Garda,2019-07,45602,175436,3.80
017067,Desenzano del Garda,2019-08,48498,187725,3.90
017067,Desenzano del Garda,2019-09,36856,122340,3.30
017067,Desenzano del Garda,2019-10,23590,59991,2.50
017067,Desenzano del Garda,2019-11,12373,23901,1.90
017067,Desenzano del Garda,2019-12,12613,24353,1.90
017067,Desenzano del Garda,2020-01,11261,22904,2.00
017067,Desenzano del Garda,2020-02,12603,26142,2.10
017067,Desenzano del Garda,2020-03,1293,3683,2.80
017067,Desenzano del Garda,2020-04,31,2125,31.00
017067,Desenzano del Garda,2020-05,2020,4646,2.30
017067,Desenzano del Garda,2020-06,12779,25325,2.00
017067,Desenzano del Garda,2020-07,31387,86707,2.80
017067,Desenzano del Garda,2020-08,40571,140759,3.50
017067,Desenzano del Garda,2020-09,29655,94306,3.20
017067,Desenzano del Garda,2020-10,11747,32481,2.80
017067,Desenzano del Garda,2020-11,855,7344,8.60
017067,Desenzano del Garda,2020-12,830,6824,8.20
017067,Desenzano del Garda,2021-01,1129,7974,7.10
017067,Desenzano del Garda,2021-02,5457,10874,2.00
017067,Desenzano del Garda,2021-03,1314,4644,3.50
017067,Desenzano del Garda,2021-04,3273,10384,3.20
017067,Desenzano del Garda,2021-05,15352,37869,2.50
017067,Desenzano del Garda,2021-06,28205,73470,2.60
017067,Desenzano del Garda,2021-07,44849,143595,3.20
017067,Desenzano del Garda,2021-08,47693,199692,4.20
017067,Desenzano del Garda,2021-09,35896,128140,3.60
017067,Desenzano del Garda,2021-10,22501,62303,2.80
017067,Desenzano del Garda,2021-11,9616,34673,3.60
017067,Desenzano del Garda,2021-12,8111,30755,3.80
017067,Desenzano del Garda,2022-01,6960,17800,2.60
017067,Desenzano del Garda,2022-02,10361,22539,2.20
017067,Desenzano del Garda,2022-03,14329,32113,2.20
017067,Desenzano del Garda,2022-04,30549,84138,2.80
017067,Desenzano del Garda,2022-05,31277,95656,3.10
017067,Desenzano del Garda,2022-06,44967,179063,4.00
017067,Desenzano del Garda,2022-07,50424,260172,5.20
017067,Desenzano del Garda,2022-08,45141,304917,6.80
017067,Desenzano del Garda,2022-09,36388,250663,6.90
017067,Desenzano del Garda,2022-10,25220,201460,8.00
017067,Desenzano del Garda,2022-11,12364,157559,12.70
017067,Desenzano del Garda,2022-12,11043,157062,14.20
017067,Desenzano del Garda,2023-01,9412,22103,2.30
017067,Desenzano del Garda,2023-02,11199,24066,2.10
017067,Desenzano del Garda,2023-03,17364,35550,2.00
017067,Desenzano del Garda,2023-04,39032,99775,2.60
017067,Desenzano del Garda,2023-05,32900,93007,2.80
017067,Desenzano del Garda,2023-06,41798,139738,3.30
017067,Desenzano del Garda,2023-07,50917,191149,3.80
017067,Desenzano del Garda,2023-08,50149,210537,4.20
017067,Desenzano del Garda,2023-09,41690,136395,3.30
017067,Desenzano del Garda,2023-10,24656,69163,2.80
017067,Desenzano del Garda,2023-11,12311,28277,2.30
017067,Desenzano del Garda,2023-12,12268,25333,2.10
017067,Desenzano del Garda,2024-01,9617,24814,2.60
017067,Desenzano del Garda,2024-02,12256,25623,2.10
017067,Desenzano del Garda,2024-03,20407,45975,2.30
017067,Desenzano del Garda,2024-04,32819,77320,2.40
017067,Desenzano del Garda,2024-05,40502,124329,3.10
017067,Desenzano del Garda,2024-06,43698,143424,3.30
017067,Desenzano del Garda,2024-07,55133,207747,3.80
017067,Desenzano del Garda,2024-08,55753,223526,4.00
017067,Desenzano del Garda,2024-09,43165,149693,3.50
017067,Desenzano del Garda,2024-10,25386,76000,3.00
017067,Desenzano del Garda,2024-11,14562,31854,2.20
017067,Desenzano del Garda,2024-12,12399,26087,2.10
017068,Edolo,2019-01,379,651,1.70
017068,Edolo,2019-02,387,656,1.70
017068,Edolo,2019-03,417,740,1.80
017068,Edolo,2019-04,370,681,1.80
017068,Edolo,2019-05,473,850,1.80
017068,Edolo,2019-06,903,1188,1.30
017068,Edolo,2019-07,1549,2556,1.70
017068,Edolo,2019-08,2223,3879,1.70
017068,Edolo,2019-09,697,867,1.20
017068,Edolo,2019-10,437,631,1.40
017068,Edolo,2019-11,248,362,1.50
017068,Edolo,2019-12,463,808,1.70
017068,Edolo,2020-01,418,773,1.80
017068,Edolo,2020-02,444,918,2.10
017068,Edolo,2020-03,54,215,4.00
017068,Edolo,2020-04,0,12,0.00
017068,Edolo,2020-05,44,95,2.20
017068,Edolo,2020-06,290,443,1.50
017068,Edolo,2020-07,891,1579,1.80
017068,Edolo,2020-08,1586,3351,2.10
017068,Edolo,2020-09,713,971,1.40
017068,Edolo,2020-10,307,505,1.60
017068,Edolo,2020-11,46,171,3.70
017068,Edolo,2020-12,64,426,6.70
017068,Edolo,2021-01,64,710,11.10
017068,Edolo,2021-02,279,876,3.10
017068,Edolo,2021-03,167,534,3.20
017068,Edolo,2021-04,178,479,2.70
017068,Edolo,2021-05,299,486,1.60
017068,Edolo,2021-06,769,1158,1.50
017068,Edolo,2021-07,1326,2157,1.60
017068,Edolo,2021-08,1974,3612,1.80
017068,Edolo,2021-09,732,947,1.30
017068,Edolo,2021-10,428,595,1.40
017068,Edolo,2021-11,318,467,1.50
017068,Edolo,2021-12,399,789,2.00
017068,Edolo,2022-01,246,512,2.10
017068,Edolo,2022-02,213,428,2.00
017068,Edolo,2022-03,285,467,1.60
017068,Edolo,2022-04,370,527,1.40
017068,Edolo,2022-05,566,916,1.60
017068,Edolo,2022-06,792,1153,1.50
017068,Edolo,2022-07,1649,2550,1.50
017068,Edolo,2022-08,2215,4375,2.00
017068,Edolo,2022-09,914,1271,1.40
017068,Edolo,2022-10,526,947,1.80
017068,Edolo,2022-11,235,507,2.20
017068,Edolo,2022-12,566,1103,1.90
017068,Edolo,2023-01,624,1326,2.10
017068,Edolo,2023-02,563,1061,1.90
017068,Edolo,2023-03,308,666,2.20
017068,Edolo,2023-04,351,578,1.60
017068,Edolo,2023-05,356,605,1.70
017068,Edolo,2023-06,841,1373,1.60
017068,Edolo,2023-07,1915,3099,1.60
017068,Edolo,2023-08,2188,4271,2.00
017068,Edolo,2023-09,1076,1666,1.50
017068,Edolo,2023-10,533,908,1.70
017068,Edolo,2023-11,233,541,2.30
017068,Edolo,2023-12,719,1380,1.90
017068,Edolo,2024-01,791,1828,2.30
017068,Edolo,2024-02,625,1440,2.30
017068,Edolo,2024-03,459,871,1.90
017068,Edolo,2024-04,490,914,1.90
017068,Edolo,2024-05,709,1133,1.60
017068,Edolo,2024-06,830,1402,1.70
017068,Edolo,2024-07,1806,2820,1.60
017068,Edolo,2024-08,2708,4604,1.70
017068,Edolo,2024-09,1011,1530,1.50
017068,Edolo,2024-10,611,893,1.50
017068,Edolo,2024-11,587,998,1.70
017068,Edolo,2024-12,810,1376,1.70
017069,Erbusco,2019-01,1170,2154,1.80
017069,Erbusco,2019-02,1024,1684,1.60
017069,Erbusco,2019-03,1336,2208,1.70
017069,Erbusco,2019-04,1216,2696,2.20
017069,Erbusco,2019-05,1378,2942,2.10
017069,Erbusco,2019-06,1611,3041,1.90
017069,Erbusco,2019-07,1456,2839,1.90
017069,Erbusco,2019-08,1197,3144,2.60
017069,Erbusco,2019-09,1664,2985,1.80
017069,Erbusco,2019-10,2023,3484,1.70
017069,Erbusco,2019-11,1625,3013,1.90
017069,Erbusco,2019-12,1767,3139,1.80
017069,Erbusco,2020-01,1313,2626,2.00
017069,Erbusco,2020-02,1430,2970,2.10
017069,Erbusco,2020-03,197,672,3.40
017069,Erbusco,2020-04,7,314,31.00
017069,Erbusco,2020-05,162,494,3.00
017069,Erbusco,2020-06,603,1324,2.20
017069,Erbusco,2020-07,1129,2140,1.90
017069,Erbusco,2020-08,1330,3115,2.30
017069,Erbusco,2020-09,1656,3080,1.90
017069,Erbusco,2020-10,1514,2967,2.00
017069,Erbusco,2020-11,537,1262,2.40
017069,Erbusco,2020-12,925,1913,2.10
017069,Erbusco,2021-01,586,1465,2.50
017069,Erbusco,2021-02,1155,1893,1.60
017069,Erbusco,2021-03,835,1850,2.20
017069,Erbusco,2021-04,1194,2388,2.00
017069,Erbusco,2021-05,1394,2631,1.90
017069,Erbusco,2021-06,1755,3073,1.80
017069,Erbusco,2021-07,1882,3371,1.80
017069,Erbusco,2021-08,1934,4703,2.40
017069,Erbusco,2021-09,2125,3508,1.70
017069,Erbusco,2021-10,1974,3508,1.80
017069,Erbusco,2021-11,1641,2776,1.70
017069,Erbusco,2021-12,1454,2455,1.70
017069,Erbusco,2022-01,1158,2061,1.80
017069,Erbusco,2022-02,1318,2369,1.80
017069,Erbusco,2022-03,1531,2587,1.70
017069,Erbusco,2022-04,1748,3308,1.90
017069,Erbusco,2022-05,1920,3585,1.90
017069,Erbusco,2022-06,2159,3764,1.70
017069,Erbusco,2022-07,2121,3744,1.80
017069,Erbusco,2022-08,1883,4369,2.30
017069,Erbusco,2022-09,2576,4609,1.80
017069,Erbusco,2022-10,2117,3683,1.70
017069,Erbusco,2022-11,1637,2771,1.70
017069,Erbusco,2022-12,1659,2834,1.70
017069,Erbusco,2023-01,1454,2652,1.80
017069,Erbusco,2023-02,1529,2714,1.80
017069,Erbusco,2023-03,1840,2837,1.50
017069,Erbusco,2023-04,2042,3944,1.90
017069,Erbusco,2023-05,2296,3894,1.70
017069,Erbusco,2023-06,2377,4202,1.80
017069,Erbusco,2023-07,2258,3706,1.60
017069,Erbusco,2023-08,1795,4183,2.30
017069,Erbusco,2023-09,2479,4297,1.70
017069,Erbusco,2023-10,2298,3781,1.60
017069,Erbusco,2023-11,2050,3158,1.50
017069,Erbusco,2023-12,1767,2988,1.70
017069,Erbusco,2024-01,1498,2778,1.90
017069,Erbusco,2024-02,1806,2932,1.60
017069,Erbusco,2024-03,2173,3528,1.60
017069,Erbusco,2024-04,2115,3691,1.70
017069,Erbusco,2024-05,2449,4297,1.80
017069,Erbusco,2024-06,2593,4749,1.80
017069,Erbusco,2024-07,2303,4600,2.00
017069,Erbusco,2024-08,1929,4559,2.40
017069,Erbusco,2024-09,2620,4428,1.70
017069,Erbusco,2024-10,2593,4563,1.80
017069,Erbusco,2024-11,2384,4056,1.70
017069,Erbusco,2024-12,1902,3284,1.70
017070,Esine,2019-01,24,52,2.20
017070,Esine,2019-02,18,32,1.80
017070,Esine,2019-03,17,45,2.60
017070,Esine,2019-04,48,117,2.40
017070,Esine,2019-05,37,60,1.60
017070,Esine,2019-06,50,106,2.10
017070,Esine,2019-07,43,124,2.90
017070,Esine,2019-08,153,267,1.70
017070,Esine,2019-09,47,154,3.30
017070,Esine,2019-10,50,116,2.30
017070,Esine,2019-11,29,58,2.00
017070,Esine,2019-12,45,90,2.00
017070,Esine,2020-01,35,75,2.10
017070,Esine,2020-02,23,42,1.80
017070,Esine,2020-03,6,16,2.70
017070,Esine,2020-04,2,16,8.00
017070,Esine,2020-05,15,18,1.20
017070,Esine,2020-06,26,44,1.70
017070,Esine,2020-07,107,131,1.20
017070,Esine,2020-08,127,211,1.70
017070,Esine,2020-09,26,56,2.20
017070,Esine,2020-10,18,57,3.20
017070,Esine,2020-11,21,72,3.40
017070,Esine,2020-12,15,22,1.50
017070,Esine,2021-01,10,56,5.60
017070,Esine,2021-02,25,71,2.80
017070,Esine,2021-03,7,20,2.90
017070,Esine,2021-04,18,27,1.50
017070,Esine,2021-05,49,97,2.00
017070,Esine,2021-06,78,159,2.00
017070,Esine,2021-07,86,122,1.40
017070,Esine,2021-08,153,248,1.60
017070,Esine,2021-09,72,155,2.20
017070,Esine,2021-10,77,94,1.20
017070,Esine,2021-11,33,61,1.80
017070,Esine,2021-12,48,64,1.30
017070,Esine,2022-01,37,67,1.80
017070,Esine,2022-02,44,77,1.80
017070,Esine,2022-03,47,95,2.00
017070,Esine,2022-04,37,73,2.00
017070,Esine,2022-05,82,142,1.70
017070,Esine,2022-06,95,145,1.50
017070,Esine,2022-07,131,201,1.50
017070,Esine,2022-08,144,281,2.00
017070,Esine,2022-09,101,135,1.30
017070,Esine,2022-10,46,75,1.60
017070,Esine,2022-11,45,92,2.00
017070,Esine,2022-12,80,131,1.60
017070,Esine,2023-01,71,107,1.50
017070,Esine,2023-02,90,147,1.60
017070,Esine,2023-03,65,123,1.90
017070,Esine,2023-04,111,187,1.70
017070,Esine,2023-05,97,199,2.10
017070,Esine,2023-06,118,193,1.60
017070,Esine,2023-07,179,299,1.70
017070,Esine,2023-08,233,395,1.70
017070,Esine,2023-09,80,148,1.90
017070,Esine,2023-10,97,169,1.70
017070,Esine,2023-11,56,89,1.60
017070,Esine,2023-12,89,160,1.80
017070,Esine,2024-01,83,150,1.80
017070,Esine,2024-02,77,112,1.50
017070,Esine,2024-03,100,164,1.60
017070,Esine,2024-04,95,142,1.50
017070,Esine,2024-05,68,98,1.40
017070,Esine,2024-06,81,117,1.40
017070,Esine,2024-07,194,276,1.40
017070,Esine,2024-08,345,453,1.30
017070,Esine,2024-09,96,158,1.60
017070,Esine,2024-10,105,184,1.80
017070,Esine,2024-11,73,118,1.60
017070,Esine,2024-12,96,138,1.40
017074,Gardone Riviera,2019-01,208,1409,6.80
017074,Gardone Riviera,2019-02,361,1521,4.20
017074,Gardone Riviera,2019-03,922,2723,3.00
017074,Gardone Riviera,2019-04,6434,18579,2.90
017074,Gardone Riviera,2019-05,8406,29331,3.50
017074,Gardone Riviera,2019-06,11510,43918,3.80
017074,Gardone Riviera,2019-07,12353,51829,4.20
017074,Gardone Riviera,2019-08,12947,53725,4.10
017074,Gardone Riviera,2019-09,9760,38505,3.90
017074,Gardone Riviera,2019-10,5734,18404,3.20
017074,Gardone Riviera,2019-11,551,4394,8.00
017074,Gardone Riviera,2019-12,551,2784,5.10
017074,Gardone Riviera,2020-01,293,1615,5.50
017074,Gardone Riviera,2020-02,332,1585,4.80
017074,Gardone Riviera,2020-03,25,87,3.50
017074,Gardone Riviera,2020-04,0,0,0.00
017074,Gardone Riviera,2020-05,39,73,1.90
017074,Gardone Riviera,2020-06,1495,4432,3.00
017074,Gardone Riviera,2020-07,5773,21388,3.70
017074,Gardone Riviera,2020-08,8261,34234,4.10
017074,Gardone Riviera,2020-09,5666,23931,4.20
017074,Gardone Riviera,2020-10,2014,7970,4.00
017074,Gardone Riviera,2020-11,58,494,8.50
017074,Gardone Riviera,2020-12,59,2757,31.00
017074,Gardone Riviera,2021-01,107,830,7.80
017074,Gardone Riviera,2021-02,189,633,3.30
017074,Gardone Riviera,2021-03,207,1069,5.20
017074,Gardone Riviera,2021-04,205,1041,5.10
017074,Gardone Riviera,2021-05,3741,10599,2.80
017074,Gardone Riviera,2021-06,7202,23470,3.30
017074,Gardone Riviera,2021-07,12022,43985,3.70
017074,Gardone Riviera,2021-08,13158,56185,4.30
017074,Gardone Riviera,2021-09,9209,38837,4.20
017074,Gardone Riviera,2021-10,3841,18956,4.90
017074,Gardone Riviera,2021-11,416,5672,13.60
017074,Gardone Riviera,2021-12,221,4774,21.60
017074,Gardone Riviera,2022-01,176,919,5.20
017074,Gardone Riviera,2022-02,245,1319,5.40
017074,Gardone Riviera,2022-03,359,2022,5.60
017074,Gardone Riviera,2022-04,6345,19983,3.10
017074,Gardone Riviera,2022-05,8090,35812,4.40
017074,Gardone Riviera,2022-06,11170,57697,5.20
017074,Gardone Riviera,2022-07,13226,67632,5.10
017074,Gardone Riviera,2022-08,12576,71192,5.70
017074,Gardone Riviera,2022-09,10265,61281,6.00
017074,Gardone Riviera,2022-10,5462,39323,7.20
017074,Gardone Riviera,2022-11,667,23802,31.00
017074,Gardone Riviera,2022-12,499,23849,31.00
017074,Gardone Riviera,2023-01,357,1599,4.50
017074,Gardone Riviera,2023-02,410,2304,5.60
017074,Gardone Riviera,2023-03,938,3514,3.70
017074,Gardone Riviera,2023-04,6489,18132,2.80
017074,Gardone Riviera,2023-05,7063,24152,3.40
017074,Gardone Riviera,2023-06,9767,35989,3.70
017074,Gardone Riviera,2023-07,13598,50032,3.70
017074,Gardone Riviera,2023-08,12850,53973,4.20
017074,Gardone Riviera,2023-09,10130,38447,3.80
017074,Gardone Riviera,2023-10,4913,15956,3.20
017074,Gardone Riviera,2023-11,663,2752,4.20
017074,Gardone Riviera,2023-12,674,1872,2.80
017074,Gardone Riviera,2024-01,352,1714,4.90
017074,Gardone Riviera,2024-02,400,1473,3.70
017074,Gardone Riviera,2024-03,2185,5977,2.70
017074,Gardone Riviera,2024-04,6572,16895,2.60
017074,Gardone Riviera,2024-05,10783,36582,3.40
017074,Gardone Riviera,2024-06,11617,40672,3.50
017074,Gardone Riviera,2024-07,14679,54179,3.70
017074,Gardone Riviera,2024-08,14955,59193,4.00
017074,Gardone Riviera,2024-09,13053,43913,3.40
017074,Gardone Riviera,2024-10,5874,18551,3.20
017074,Gardone Riviera,2024-11,1008,3354,3.30
017074,Gardone Riviera,2024-12,714,1503,2.10
017075,Gardone Val Trompia,2019-01,38,50,1.30
017075,Gardone Val Trompia,2019-02,65,91,1.40
017075,Gardone Val Trompia,2019-03,37,65,1.80
017075,Gardone Val Trompia,2019-04,49,76,1.60
017075,Gardone Val Trompia,2019-05,55,76,1.40
017075,Gardone Val Trompia,2019-06,48,77,1.60
017075,Gardone Val Trompia,2019-07,52,81,1.60
017075,Gardone Val Trompia,2019-08,43,74,1.70
017075,Gardone Val Trompia,2019-09,114,147,1.30
017075,Gardone Val Trompia,2019-10,335,452,1.30
017075,Gardone Val Trompia,2019-11,67,101,1.50
017075,Gardone Val Trompia,2019-12,94,187,2.00
017075,Gardone Val Trompia,2020-01,62,79,1.30
017075,Gardone Val Trompia,2020-02,43,62,1.40
017075,Gardone Val Trompia,2020-03,3,3,1.00
017075,Gardone Val Trompia,2020-04,0,0,0.00
017075,Gardone Val Trompia,2020-05,2,2,1.00
017075,Gardone Val Trompia,2020-06,5,6,1.20
017075,Gardone Val Trompia,2020-07,7,10,1.40
017075,Gardone Val Trompia,2020-08,22,106,4.80
017075,Gardone Val Trompia,2020-09,34,53,1.60
017075,Gardone Val Trompia,2020-10,68,95,1.40
017075,Gardone Val Trompia,2020-11,12,33,2.80
017075,Gardone Val Trompia,2020-12,10,13,1.30
017075,Gardone Val Trompia,2021-01,6,16,2.70
017075,Gardone Val Trompia,2021-02,21,36,1.70
017075,Gardone Val Trompia,2021-03,11,11,1.00
017075,Gardone Val Trompia,2021-04,9,28,3.10
017075,Gardone Val Trompia,2021-05,1,1,1.00
017075,Gardone Val Trompia,2021-06,38,67,1.80
017075,Gardone Val Trompia,2021-07,67,270,4.00
017075,Gardone Val Trompia,2021-08,61,276,4.50
017075,Gardone Val Trompia,2021-09,65,90,1.40
017075,Gardone Val Trompia,2021-10,12,32,2.70
017075,Gardone Val Trompia,2021-11,70,136,1.90
017075,Gardone Val Trompia,2021-12,92,138,1.50
017075,Gardone Val Trompia,2023-01,74,240,3.20
017075,Gardone Val Trompia,2023-02,41,72,1.80
017075,Gardone Val Trompia,2023-03,34,79,2.30
017075,Gardone Val Trompia,2023-04,108,167,1.50
017075,Gardone Val Trompia,2023-05,42,58,1.40
017075,Gardone Val Trompia,2023-06,44,97,2.20
017075,Gardone Val Trompia,2023-07,50,170,3.40
017075,Gardone Val Trompia,2023-08,44,238,5.40
017075,Gardone Val Trompia,2023-09,108,188,1.70
017075,Gardone Val Trompia,2023-10,70,134,1.90
017075,Gardone Val Trompia,2023-11,105,144,1.40
017075,Gardone Val Trompia,2023-12,107,192,1.80
017075,Gardone Val Trompia,2024-01,63,144,2.30
017075,Gardone Val Trompia,2024-02,84,134,1.60
017075,Gardone Val Trompia,2024-03,73,130,1.80
017075,Gardone Val Trompia,2024-04,103,246,2.40
017075,Gardone Val Trompia,2024-05,90,183,2.00
017075,Gardone Val Trompia,2024-06,137,365,2.70
017075,Gardone Val Trompia,2024-07,154,470,3.10
017075,Gardone Val Trompia,2024-08,28,121,4.30
017075,Gardone Val Trompia,2024-09,107,261,2.40
017075,Gardone Val Trompia,2024-10,98,251,2.60
017075,Gardone Val Trompia,2024-11,101,371,3.70
017075,Gardone Val Trompia,2024-12,116,430,3.70
017076,Gargnano,2019-01,686,1546,2.30
017076,Gargnano,2019-02,1966,3493,1.80
017076,Gargnano,2019-03,2795,5999,2.10
017076,Gargnano,2019-04,4683,15643,3.30
017076,Gargnano,2019-05,5462,18588,3.40
017076,Gargnano,2019-06,7531,29267,3.90
017076,Gargnano,2019-07,8774,38141,4.30
017076,Gargnano,2019-08,9046,39810,4.40
017076,Gargnano,2019-09,6418,25636,4.00
017076,Gargnano,2019-10,3870,13680,3.50
017076,Gargnano,2019-11,1960,4251,2.20
017076,Gargnano,2019-12,1813,5813,3.20
017076,Gargnano,2020-01,750,1678,2.20
017076,Gargnano,2020-02,2061,3901,1.90
017076,Gargnano,2020-03,321,566,1.80
017076,Gargnano,2020-04,0,0,0.00
017076,Gargnano,2020-05,45,105,2.30
017076,Gargnano,2020-06,1193,3672,3.10
017076,Gargnano,2020-07,5460,20462,3.70
017076,Gargnano,2020-08,7802,34169,4.40
017076,Gargnano,2020-09,5799,23647,4.10
017076,Gargnano,2020-10,2648,8585,3.20
017076,Gargnano,2020-11,95,1700,17.90
017076,Gargnano,2020-12,541,2627,4.90
017076,Gargnano,2021-01,131,575,4.40
017076,Gargnano,2021-02,70,523,7.50
017076,Gargnano,2021-03,468,1049,2.20
017076,Gargnano,2021-04,1571,3112,2.00
017076,Gargnano,2021-05,3145,9170,2.90
017076,Gargnano,2021-06,5877,21571,3.70
017076,Gargnano,2021-07,7707,35060,4.50
017076,Gargnano,2021-08,8580,42846,5.00
017076,Gargnano,2021-09,6523,32626,5.00
017076,Gargnano,2021-10,3636,16754,4.60
017076,Gargnano,2021-11,1752,7751,4.40
017076,Gargnano,2021-12,1622,7220,4.50
017076,Gargnano,2022-01,123,956,7.80
017076,Gargnano,2022-02,252,808,3.20
017076,Gargnano,2022-03,609,2058,3.40
017076,Gargnano,2022-04,4050,13972,3.40
017076,Gargnano,2022-05,4921,17510,3.60
017076,Gargnano,2022-06,7542,31053,4.10
017076,Gargnano,2022-07,8429,38266,4.50
017076,Gargnano,2022-08,8122,40221,5.00
017076,Gargnano,2022-09,6286,27904,4.40
017076,Gargnano,2022-10,4047,13934,3.40
017076,Gargnano,2022-11,1696,4542,2.70
017076,Gargnano,2022-12,1662,4757,2.90
017076,Gargnano,2023-01,813,2388,2.90
017076,Gargnano,2023-02,1572,3046,1.90
017076,Gargnano,2023-03,2820,6009,2.10
017076,Gargnano,2023-04,6221,18882,3.00
017076,Gargnano,2023-05,6322,22215,3.50
017076,Gargnano,2023-06,7757,31061,4.00
017076,Gargnano,2023-07,9809,40267,4.10
017076,Gargnano,2023-08,9848,45933,4.70
017076,Gargnano,2023-09,7802,32049,4.10
017076,Gargnano,2023-10,2900,12303,4.20
017076,Gargnano,2023-11,849,3827,4.50
017076,Gargnano,2023-12,669,3364,5.00
017076,Gargnano,2024-01,558,1326,2.40
017076,Gargnano,2024-02,2142,4120,1.90
017076,Gargnano,2024-03,3205,8481,2.60
017076,Gargnano,2024-04,4478,12990,2.90
017076,Gargnano,2024-05,6932,25262,3.60
017076,Gargnano,2024-06,8060,29936,3.70
017076,Gargnano,2024-07,10287,44095,4.30
017076,Gargnano,2024-08,10393,46381,4.50
017076,Gargnano,2024-09,7798,31961,4.10
017076,Gargnano,2024-10,4019,14676,3.70
017076,Gargnano,2024-11,2276,5570,2.40
017076,Gargnano,2024-12,1762,4273,2.40
017077,Gavardo,2019-01,5,26,5.20
017077,Gavardo,2019-02,3,3,1.00
017077,Gavardo,2019-03,18,77,4.30
017077,Gavardo,2019-04,133,324,2.40
017077,Gavardo,2019-05,97,347,3.60
017077,Gavardo,2019-06,241,668,2.80
017077,Gavardo,2019-07,338,1087,3.20
017077,Gavardo,2019-08,383,1276,3.30
017077,Gavardo,2019-09,153,621,4.10
017077,Gavardo,2019-10,104,442,4.30
017077,Gavardo,2019-11,27,145,5.40
017077,Gavardo,2019-12,30,156,5.20
017077,Gavardo,2020-01,94,300,3.20
017077,Gavardo,2020-02,101,303,3.00
017077,Gavardo,2020-03,16,107,6.70
017077,Gavardo,2020-04,7,70,10.00
017077,Gavardo,2020-05,30,109,3.60
017077,Gavardo,2020-06,166,250,1.50
017077,Gavardo,2020-07,224,626,2.80
017077,Gavardo,2020-08,389,1159,3.00
017077,Gavardo,2020-09,203,563,2.80
017077,Gavardo,2020-10,128,334,2.60
017077,Gavardo,2020-11,29,171,5.90
017077,Gavardo,2020-12,52,143,2.80
017077,Gavardo,2021-01,28,82,2.90
017077,Gavardo,2021-02,74,146,2.00
017077,Gavardo,2021-03,37,121,3.30
017077,Gavardo,2021-04,76,229,3.00
017077,Gavardo,2021-05,198,331,1.70
017077,Gavardo,2021-06,296,652,2.20
017077,Gavardo,2021-07,516,1327,2.60
017077,Gavardo,2021-08,627,2187,3.50
017077,Gavardo,2021-09,344,1030,3.00
017077,Gavardo,2021-10,237,603,2.50
017077,Gavardo,2021-11,172,467,2.70
017077,Gavardo,2021-12,178,628,3.50
017077,Gavardo,2022-01,38,112,2.90
017077,Gavardo,2022-02,92,182,2.00
017077,Gavardo,2022-03,190,347,1.80
017077,Gavardo,2022-04,156,550,3.50
017077,Gavardo,2022-05,195,526,2.70
017077,Gavardo,2022-06,302,911,3.00
017077,Gavardo,2022-07,476,1563,3.30
017077,Gavardo,2022-08,417,1657,4.00
017077,Gavardo,2022-09,259,837,3.20
017077,Gavardo,2022-10,85,408,4.80
017077,Gavardo,2022-11,7,344,31.00
017077,Gavardo,2022-12,89,321,3.60
017077,Gavardo,2023-01,43,74,1.70
017077,Gavardo,2023-02,17,20,1.20
017077,Gavardo,2023-03,103,184,1.80
017077,Gavardo,2023-04,468,968,2.10
017077,Gavardo,2023-05,405,1062,2.60
017077,Gavardo,2023-06,482,1172,2.40
017077,Gavardo,2023-07,708,2005,2.80
017077,Gavardo,2023-08,683,2292,3.40
017077,Gavardo,2023-09,451,1209,2.70
017077,Gavardo,2023-10,79,241,3.10
017077,Gavardo,2023-11,64,185,2.90
017077,Gavardo,2023-12,88,228,2.60
017077,Gavardo,2024-01,23,85,3.70
017077,Gavardo,2024-02,19,51,2.70
017077,Gavardo,2024-03,172,282,1.60
017077,Gavardo,2024-04,368,779,2.10
017077,Gavardo,2024-05,416,1152,2.80
017077,Gavardo,2024-06,445,1256,2.80
017077,Gavardo,2024-07,504,1619,3.20
017077,Gavardo,2024-08,606,2215,3.70
017077,Gavardo,2024-09,474,1141,2.40
017077,Gavardo,2024-10,312,823,2.60
017077,Gavardo,2024-11,39,201,5.20
017077,Gavardo,2024-12,94,206,2.20
017078,Ghedi,2020-01,153,402,2.60
017078,Ghedi,2020-02,198,470,2.40
017078,Ghedi,2020-03,33,140,4.20
017078,Ghedi,2020-04,5,5,1.00
017078,Ghedi,2020-05,43,150,3.50
017078,Ghedi,2020-06,120,272,2.30
017078,Ghedi,2020-07,176,529,3.00
017078,Ghedi,2020-08,141,411,2.90
017078,Ghedi,2020-09,213,685,3.20
017078,Ghedi,2020-10,199,509,2.60
017078,Ghedi,2020-11,121,522,4.30
017078,Ghedi,2020-12,77,352,4.60
017078,Ghedi,2021-01,125,551,4.40
017078,Ghedi,2021-02,159,599,3.80
017078,Ghedi,2021-03,174,639,3.70
017078,Ghedi,2021-04,184,631,3.40
017078,Ghedi,2021-05,227,802,3.50
017078,Ghedi,2021-06,194,732,3.80
017078,Ghedi,2021-07,201,756,3.80
017078,Ghedi,2021-08,244,685,2.80
017078,Ghedi,2021-09,205,704,3.40
017078,Ghedi,2021-10,229,767,3.30
017078,Ghedi,2021-11,199,615,3.10
017078,Ghedi,2021-12,251,606,2.40
017078,Ghedi,2022-01,222,687,3.10
017078,Ghedi,2022-02,269,736,2.70
017078,Ghedi,2022-03,282,960,3.40
017078,Ghedi,2022-04,284,794,2.80
017078,Ghedi,2022-05,162,547,3.40
017078,Ghedi,2022-06,351,826,2.40
017078,Ghedi,2022-07,295,840,2.80
017078,Ghedi,2022-08,322,828,2.60
017078,Ghedi,2022-09,462,1034,2.20
017078,Ghedi,2022-10,382,926,2.40
017078,Ghedi,2022-11,365,901,2.50
017078,Ghedi,2022-12,296,749,2.50
017078,Ghedi,2023-01,253,660,2.60
017078,Ghedi,2023-02,260,764,2.90
017078,Ghedi,2023-03,368,863,2.30
017078,Ghedi,2023-04,367,768,2.10
017078,Ghedi,2023-05,390,972,2.50
017078,Ghedi,2023-06,377,1066,2.80
017078,Ghedi,2023-07,348,1162,3.30
017078,Ghedi,2023-08,282,887,3.10
017078,Ghedi,2023-09,461,1243,2.70
017078,Ghedi,2023-10,426,1032,2.40
017078,Ghedi,2023-11,333,1026,3.10
017078,Ghedi,2023-12,263,851,3.20
017078,Ghedi,2024-01,262,696,2.70
017078,Ghedi,2024-02,329,992,3.00
017078,Ghedi,2024-03,326,1165,3.60
017078,Ghedi,2024-04,353,1034,2.90
017078,Ghedi,2024-05,389,1214,3.10
017078,Ghedi,2024-06,333,986,3.00
017078,Ghedi,2024-07,367,1093,3.00
017078,Ghedi,2024-08,274,794,2.90
017078,Ghedi,2024-09,405,1124,2.80
017078,Ghedi,2024-10,395,950,2.40
017078,Ghedi,2024-11,326,813,2.50
017078,Ghedi,2024-12,269,719,2.70
017080,Gottolengo,2024-01,0,0,0.00
017080,Gottolengo,2024-02,0,0,0.00
017080,Gottolengo,2024-03,0,0,0.00
017080,Gottolengo,2024-04,0,0,0.00
017080,Gottolengo,2024-05,0,0,0.00
017080,Gottolengo,2024-06,0,0,0.00
017080,Gottolengo,2024-07,0,0,0.00
017080,Gottolengo,2024-08,0,0,0.00
017080,Gottolengo,2024-09,0,0,0.00
017080,Gottolengo,2024-10,0,0,0.00
017080,Gottolengo,2024-11,0,0,0.00
017080,Gottolengo,2024-12,0,0,0.00
017081,Gussago,2019-01,32,172,5.40
017081,Gussago,2019-02,40,118,3.00
017081,Gussago,2019-03,37,71,1.90
017081,Gussago,2019-04,85,179,2.10
017081,Gussago,2019-05,118,224,1.90
017081,Gussago,2019-06,98,176,1.80
017081,Gussago,2019-07,93,169,1.80
017081,Gussago,2019-08,48,111,2.30
017081,Gussago,2019-09,111,318,2.90
017081,Gussago,2019-10,64,228,3.60
017081,Gussago,2019-11,59,142,2.40
017081,Gussago,2019-12,24,80,3.30
017081,Gussago,2020-01,44,109,2.50
017081,Gussago,2020-02,26,96,3.70
017081,Gussago,2020-03,4,56,14.00
017081,Gussago,2020-04,0,0,0.00
017081,Gussago,2020-05,2,4,2.00
017081,Gussago,2020-06,10,15,1.50
017081,Gussago,2020-07,16,58,3.60
017081,Gussago,2020-08,18,54,3.00
017081,Gussago,2020-09,75,163,2.20
017081,Gussago,2020-10,53,147,2.80
017081,Gussago,2020-11,18,83,4.60
017081,Gussago,2020-12,10,75,7.50
017081,Gussago,2021-01,9,97,10.80
017081,Gussago,2021-02,24,126,5.30
017081,Gussago,2021-03,20,108,5.40
017081,Gussago,2021-04,14,77,5.50
017081,Gussago,2021-05,35,118,3.40
017081,Gussago,2021-06,64,155,2.40
017081,Gussago,2021-07,98,181,1.80
017081,Gussago,2021-08,117,274,2.30
017081,Gussago,2021-09,108,247,2.30
017081,Gussago,2021-10,81,253,3.10
017081,Gussago,2021-11,37,227,6.10
017081,Gussago,2021-12,34,128,3.80
017081,Gussago,2022-01,26,125,4.80
017081,Gussago,2022-02,31,145,4.70
017081,Gussago,2022-03,37,138,3.70
017081,Gussago,2022-04,64,166,2.60
017081,Gussago,2022-05,59,217,3.70
017081,Gussago,2022-06,136,308,2.30
017081,Gussago,2022-07,94,343,3.60
017081,Gussago,2022-08,113,359,3.20
017081,Gussago,2022-09,155,346,2.20
017081,Gussago,2022-10,139,408,2.90
017081,Gussago,2022-11,45,203,4.50
017081,Gussago,2022-12,52,266,5.10
017081,Gussago,2023-01,35,199,5.70
017081,Gussago,2023-02,39,211,5.40
017081,Gussago,2023-03,60,345,5.80
017081,Gussago,2023-04,144,453,3.10
017081,Gussago,2023-05,101,381,3.80
017081,Gussago,2023-06,141,422,3.00
017081,Gussago,2023-07,152,393,2.60
017081,Gussago,2023-08,169,527,3.10
017081,Gussago,2023-09,266,654,2.50
017081,Gussago,2023-10,246,588,2.40
017081,Gussago,2023-11,147,438,3.00
017081,Gussago,2023-12,122,382,3.10
017081,Gussago,2024-01,97,349,3.60
017081,Gussago,2024-02,98,303,3.10
017081,Gussago,2024-03,149,375,2.50
017081,Gussago,2024-04,229,629,2.70
017081,Gussago,2024-05,262,587,2.20
017081,Gussago,2024-06,249,608,2.40
017081,Gussago,2024-07,230,591,2.60
017081,Gussago,2024-08,186,513,2.80
017081,Gussago,2024-09,254,553,2.20
017081,Gussago,2024-10,200,522,2.60
017081,Gussago,2024-11,166,435,2.60
017081,Gussago,2024-12,149,457,3.10
017082,Idro,2019-01,15,24,1.60
017082,Idro,2019-02,19,54,2.80
017082,Idro,2019-03,51,80,1.60
017082,Idro,2019-04,414,1324,3.20
017082,Idro,2019-05,562,1873,3.30
017082,Idro,2019-06,3524,15786,4.50
017082,Idro,2019-07,5589,39928,7.10
017082,Idro,2019-08,5754,46949,8.20
017082,Idro,2019-09,971,5495,5.70
017082,Idro,2019-10,155,568,3.70
017082,Idro,2019-11,30,53,1.80
017082,Idro,2019-12,30,56,1.90
017082,Idro,2020-01,25,46,1.80
017082,Idro,2020-02,16,24,1.50
017082,Idro,2020-03,0,0,0.00
017082,Idro,2020-04,0,0,0.00
017082,Idro,2020-05,189,343,1.80
017082,Idro,2020-06,808,2367,2.90
017082,Idro,2020-07,3390,21879,6.50
017082,Idro,2020-08,5342,33494,6.30
017082,Idro,2020-09,1790,9103,5.10
017082,Idro,2020-10,116,564,4.90
017082,Idro,2020-11,3,3,1.00
017082,Idro,2020-12,6,10,1.70
017082,Idro,2021-01,1,4,4.00
017082,Idro,2021-02,16,20,1.30
017082,Idro,2021-03,2,2,1.00
017082,Idro,2021-04,23,87,3.80
017082,Idro,2021-05,913,3177,3.50
017082,Idro,2021-06,2585,9618,3.70
017082,Idro,2021-07,6162,36620,5.90
017082,Idro,2021-08,6937,54333,7.80
017082,Idro,2021-09,2330,13963,6.00
017082,Idro,2021-10,152,745,4.90
017082,Idro,2021-11,9,11,1.20
017082,Idro,2021-12,12,14,1.20
017082,Idro,2022-01,11,59,5.40
017082,Idro,2022-02,17,17,1.00
017082,Idro,2022-03,10,18,1.80
017082,Idro,2022-04,1003,3470,3.50
017082,Idro,2022-05,1302,4947,3.80
017082,Idro,2022-06,5292,24633,4.70
017082,Idro,2022-07,6728,41162,6.10
017082,Idro,2022-08,6360,52550,8.30
017082,Idro,2022-09,2162,13990,6.50
017082,Idro,2022-10,312,2996,9.60
017082,Idro,2022-11,48,1674,31.00
017082,Idro,2022-12,45,1723,31.00
017082,Idro,2023-01,45,76,1.70
017082,Idro,2023-02,47,226,4.80
017082,Idro,2023-03,48,260,5.40
017082,Idro,2023-04,1050,3157,3.00
017082,Idro,2023-05,1613,6755,4.20
017082,Idro,2023-06,3467,16954,4.90
017082,Idro,2023-07,6695,40374,6.00
017082,Idro,2023-08,6801,50837,7.50
017082,Idro,2023-09,2561,12529,4.90
017082,Idro,2023-10,400,1603,4.00
017082,Idro,2023-11,59,175,3.00
017082,Idro,2023-12,72,104,1.40
017082,Idro,2024-01,42,235,5.60
017082,Idro,2024-02,62,240,3.90
017082,Idro,2024-03,188,678,3.60
017082,Idro,2024-04,668,2508,3.80
017082,Idro,2024-05,2376,11298,4.80
017082,Idro,2024-06,3166,13733,4.30
017082,Idro,2024-07,6967,43464,6.20
017082,Idro,2024-08,6932,49142,7.10
017082,Idro,2024-09,2198,12034,5.50
017082,Idro,2024-10,268,1488,5.60
017082,Idro,2024-11,70,134,1.90
017082,Idro,2024-12,63,96,1.50
017083,Incudine,2023-01,2,14,7.00
017083,Incudine,2023-02,7,18,2.60
017083,Incudine,2023-03,2,2,1.00
017083,Incudine,2023-04,5,13,2.60
017083,Incudine,2023-06,8,36,4.50
017083,Incudine,2023-07,20,115,5.80
017083,Incudine,2023-08,43,274,6.40
017083,Incudine,2023-09,6,46,7.70
017083,Incudine,2023-10,7,18,2.60
017083,Incudine,2023-11,0,12,0.00
017083,Incudine,2023-12,65,184,2.80
017083,Incudine,2024-01,27,90,3.30
017083,Incudine,2024-02,50,175,3.50
017083,Incudine,2024-03,8,34,4.30
017083,Incudine,2024-04,2,16,8.00
017083,Incudine,2024-05,4,13,3.30
017083,Incudine,2024-06,3,15,5.00
017083,Incudine,2024-07,30,173,5.80
017083,Incudine,2024-08,50,268,5.40
017083,Incudine,2024-09,7,21,3.00
017083,Incudine,2024-10,0,0,0.00
017083,Incudine,2024-11,0,0,0.00
017083,Incudine,2024-12,53,173,3.30
017085,Iseo,2019-01,923,3646,4.00
017085,Iseo,2019-02,1277,2291,1.80
017085,Iseo,2019-03,2843,5019,1.80
017085,Iseo,2019-04,8898,23694,2.70
017085,Iseo,2019-05,9336,27626,3.00
017085,Iseo,2019-06,15448,57848,3.70
017085,Iseo,2019-07,18385,86431,4.70
017085,Iseo,2019-08,19219,103655,5.40
017085,Iseo,2019-09,11642,43417,3.70
017085,Iseo,2019-10,5724,13296,2.30
017085,Iseo,2019-11,1937,8025,4.10
017085,Iseo,2019-12,1496,7426,5.00
017085,Iseo,2020-01,1027,5293,5.20
017085,Iseo,2020-02,1264,2304,1.80
017085,Iseo,2020-03,56,435,7.80
017085,Iseo,2020-04,5,232,31.00
017085,Iseo,2020-05,565,1166,2.10
017085,Iseo,2020-06,3332,9285,2.80
017085,Iseo,2020-07,7404,30654,4.10
017085,Iseo,2020-08,11509,51547,4.50
017085,Iseo,2020-09,9529,31736,3.30
017085,Iseo,2020-10,2075,4872,2.30
017085,Iseo,2020-11,62,1086,17.50
017085,Iseo,2020-12,95,1691,17.80
017085,Iseo,2021-01,83,1311,15.80
017085,Iseo,2021-02,348,729,2.10
017085,Iseo,2021-03,51,431,8.50
017085,Iseo,2021-04,522,1308,2.50
017085,Iseo,2021-05,5473,13891,2.50
017085,Iseo,2021-06,11208,33042,2.90
017085,Iseo,2021-07,17390,72055,4.10
017085,Iseo,2021-08,19513,107783,5.50
017085,Iseo,2021-09,11845,52306,4.40
017085,Iseo,2021-10,6171,19092,3.10
017085,Iseo,2021-11,1220,6065,5.00
017085,Iseo,2021-12,696,6117,8.80
017085,Iseo,2022-01,234,2077,8.90
017085,Iseo,2022-02,492,2104,4.30
017085,Iseo,2022-03,1274,2593,2.00
017085,Iseo,2022-04,8350,23557,2.80
017085,Iseo,2022-05,11044,34444,3.10
017085,Iseo,2022-06,18298,72594,4.00
017085,Iseo,2022-07,19874,93478,4.70
017085,Iseo,2022-08,17711,104199,5.90
017085,Iseo,2022-09,14799,61725,4.20
017085,Iseo,2022-10,6193,19814,3.20
017085,Iseo,2022-11,1323,5880,4.40
017085,Iseo,2022-12,1005,6349,6.30
017085,Iseo,2023-01,355,1714,4.80
017085,Iseo,2023-02,712,1999,2.80
017085,Iseo,2023-03,1740,3471,2.00
017085,Iseo,2023-04,12531,36942,2.90
017085,Iseo,2023-05,11439,40077,3.50
017085,Iseo,2023-06,16790,65767,3.90
017085,Iseo,2023-07,21187,102458,4.80
017085,Iseo,2023-08,20211,118578,5.90
017085,Iseo,2023-09,16878,64649,3.80
017085,Iseo,2023-10,7725,22802,3.00
017085,Iseo,2023-11,1434,3891,2.70
017085,Iseo,2023-12,974,2579,2.60
017085,Iseo,2024-01,388,1646,4.20
017085,Iseo,2024-02,798,1724,2.20
017085,Iseo,2024-03,3455,7811,2.30
017085,Iseo,2024-04,9279,28403,3.10
017085,Iseo,2024-05,14864,54967,3.70
017085,Iseo,2024-06,15301,71182,4.70
017085,Iseo,2024-07,20583,93357,4.50
017085,Iseo,2024-08,20754,104688,5.00
017085,Iseo,2024-09,15422,62056,4.00
017085,Iseo,2024-10,6435,19058,3.00
017085,Iseo,2024-11,1793,3458,1.90
017085,Iseo,2024-12,1114,2838,2.50
017087,Lavenone,2019-01,5,5,1.00
017087,Lavenone,2019-02,6,11,1.80
017087,Lavenone,2019-03,1,1,1.00
017087,Lavenone,2019-04,14,56,4.00
017087,Lavenone,2019-05,12,54,4.50
017087,Lavenone,2019-06,27,77,2.90
017087,Lavenone,2019-07,29,97,3.30
017087,Lavenone,2019-08,42,111,2.60
017087,Lavenone,2019-09,17,40,2.40
017087,Lavenone,2019-10,4,7,1.80
017087,Lavenone,2019-11,6,13,2.20
017087,Lavenone,2019-12,29,35,1.20
017087,Lavenone,2020-01,37,61,1.60
017087,Lavenone,2020-02,34,75,2.20
017087,Lavenone,2020-03,3,14,4.70
017087,Lavenone,2020-04,0,0,0.00
017087,Lavenone,2020-05,0,0,0.00
017087,Lavenone,2020-06,11,23,2.10
017087,Lavenone,2020-07,44,120,2.70
017087,Lavenone,2020-08,120,275,2.30
017087,Lavenone,2020-09,30,42,1.40
017087,Lavenone,2020-10,22,31,1.40
017087,Lavenone,2020-11,4,12,3.00
017087,Lavenone,2020-12,1,13,13.00
017087,Lavenone,2021-01,2,2,1.00
017087,Lavenone,2021-02,2,4,2.00
017087,Lavenone,2021-03,0,0,0.00
017087,Lavenone,2021-04,3,3,1.00
017087,Lavenone,2021-05,2,2,1.00
017087,Lavenone,2021-06,37,55,1.50
017087,Lavenone,2021-07,100,125,1.30
017087,Lavenone,2021-08,48,179,3.70
017087,Lavenone,2021-09,6,36,6.00
017087,Lavenone,2021-10,0,0,0.00
017087,Lavenone,2021-11,0,0,0.00
017087,Lavenone,2021-12,0,0,0.00
017087,Lavenone,2022-01,5,13,2.60
017087,Lavenone,2022-02,5,11,2.20
017087,Lavenone,2022-03,5,11,2.20
017087,Lavenone,2022-04,23,52,2.30
017087,Lavenone,2022-05,18,28,1.60
017087,Lavenone,2022-06,66,73,1.10
017087,Lavenone,2022-07,131,264,2.00
017087,Lavenone,2022-08,155,340,2.20
017087,Lavenone,2022-09,68,180,2.60
017087,Lavenone,2022-10,37,95,2.60
017087,Lavenone,2022-11,34,50,1.50
017087,Lavenone,2022-12,28,32,1.10
017087,Lavenone,2023-01,2,2,1.00
017087,Lavenone,2023-02,6,12,2.00
017087,Lavenone,2023-03,19,100,5.30
017087,Lavenone,2023-04,33,107,3.20
017087,Lavenone,2023-05,35,45,1.30
017087,Lavenone,2023-06,68,155,2.30
017087,Lavenone,2023-07,29,43,1.50
017087,Lavenone,2023-08,41,114,2.80
017087,Lavenone,2023-09,14,30,2.10
017087,Lavenone,2023-10,4,10,2.50
017087,Lavenone,2023-12,13,17,1.30
017087,Lavenone,2024-01,13,33,2.50
017087,Lavenone,2024-02,12,23,1.90
017087,Lavenone,2024-03,26,53,2.00
017087,Lavenone,2024-04,16,50,3.10
017087,Lavenone,2024-05,33,89,2.70
017087,Lavenone,2024-06,27,91,3.40
017087,Lavenone,2024-07,38,190,5.00
017087,Lavenone,2024-08,57,223,3.90
017087,Lavenone,2024-09,6,85,14.20
017087,Lavenone,2024-10,2,4,2.00
017087,Lavenone,2024-11,0,0,0.00
017087,Lavenone,2024-12,18,29,1.60
017088,Leno,2019-01,281,736,2.60
017088,Leno,2019-02,414,1022,2.50
017088,Leno,2019-03,427,985,2.30
017088,Leno,2019-04,377,908,2.40
017088,Leno,2019-05,465,1058,2.30
017088,Leno,2019-06,362,818,2.30
017088,Leno,2019-07,436,1040,2.40
017088,Leno,2019-08,252,758,3.00
017088,Leno,2019-09,410,1029,2.50
017088,Leno,2019-10,406,1135,2.80
017088,Leno,2019-11,385,960,2.50
017088,Leno,2019-12,367,972,2.60
017088,Leno,2020-01,344,702,2.00
017088,Leno,2020-02,340,720,2.10
017088,Leno,2020-03,68,325,4.80
017088,Leno,2020-04,8,41,5.10
017088,Leno,2020-05,104,324,3.10
017088,Leno,2020-06,271,646,2.40
017088,Leno,2020-07,297,774,2.60
017088,Leno,2020-08,200,912,4.60
017088,Leno,2020-09,316,886,2.80
017088,Leno,2020-10,338,1021,3.00
017088,Leno,2020-11,251,827,3.30
017088,Leno,2020-12,179,597,3.30
017088,Leno,2021-01,223,643,2.90
017088,Leno,2021-02,273,785,2.90
017088,Leno,2021-03,274,915,3.30
017088,Leno,2021-04,326,872,2.70
017088,Leno,2021-05,396,985,2.50
017088,Leno,2021-06,443,1113,2.50
017088,Leno,2021-07,373,943,2.50
017088,Leno,2021-08,239,843,3.50
017088,Leno,2021-09,494,1170,2.40
017088,Leno,2021-10,462,1095,2.40
017088,Leno,2021-11,439,1440,3.30
017088,Leno,2021-12,377,1265,3.40
017088,Leno,2022-01,284,1272,4.50
017088,Leno,2022-02,326,1251,3.80
017088,Leno,2022-03,366,1408,3.80
017088,Leno,2022-04,387,957,2.50
017088,Leno,2022-05,429,1150,2.70
017088,Leno,2022-06,425,1223,2.90
017088,Leno,2022-07,344,1224,3.60
017088,Leno,2022-08,216,840,3.90
017088,Leno,2022-09,461,1314,2.90
017088,Leno,2022-10,448,1235,2.80
017088,Leno,2022-11,415,1193,2.90
017088,Leno,2022-12,325,881,2.70
017088,Leno,2023-01,406,1003,2.50
017088,Leno,2023-02,435,1164,2.70
017088,Leno,2023-03,494,1226,2.50
017088,Leno,2023-04,450,1224,2.70
017088,Leno,2023-05,400,1154,2.90
017088,Leno,2023-06,428,1015,2.40
017088,Leno,2023-07,435,1148,2.60
017088,Leno,2023-08,192,769,4.00
017088,Leno,2023-09,387,1212,3.10
017088,Leno,2023-10,381,1169,3.10
017088,Leno,2023-11,341,1157,3.40
017088,Leno,2023-12,273,950,3.50
017088,Leno,2024-01,306,947,3.10
017088,Leno,2024-02,386,1004,2.60
017088,Leno,2024-03,373,1127,3.00
017088,Leno,2024-04,365,919,2.50
017088,Leno,2024-05,421,1040,2.50
017088,Leno,2024-06,370,1034,2.80
017088,Leno,2024-07,340,1151,3.40
017088,Leno,2024-08,169,685,4.10
017088,Leno,2024-09,312,1214,3.90
017088,Leno,2024-10,422,1253,3.00
017088,Leno,2024-11,422,1230,2.90
017088,Leno,2024-12,295,900,3.10
017089,Limone sul Garda,2019-01,638,2938,4.60
017089,Limone sul Garda,2019-02,566,1689,3.00
017089,Limone sul Garda,2019-03,4763,17490,3.70
017089,Limone sul Garda,2019-04,29465,114633,3.90
017089,Limone sul Garda,2019-05,29287,139334,4.80
017089,Limone sul Garda,2019-06,37432,177080,4.70
017089,Limone sul Garda,2019-07,38789,216417,5.60
017089,Limone sul Garda,2019-08,42453,219893,5.20
017089,Limone sul Garda,2019-09,34171,173408,5.10
017089,Limone sul Garda,2019-10,22988,108183,4.70
017089,Limone sul Garda,2019-11,1148,3717,3.20
017089,Limone sul Garda,2019-12,1445,4303,3.00
017089,Limone sul Garda,2020-01,799,3103,3.90
017089,Limone sul Garda,2020-02,1017,2556,2.50
017089,Limone sul Garda,2020-03,290,993,3.40
017089,Limone sul Garda,2020-04,10,24,2.40
017089,Limone sul Garda,2020-05,523,964,1.80
017089,Limone sul Garda,2020-06,6728,18507,2.80
017089,Limone sul Garda,2020-07,21560,84883,3.90
017089,Limone sul Garda,2020-08,31799,133137,4.20
017089,Limone sul Garda,2020-09,23566,104505,4.40
017089,Limone sul Garda,2020-10,8957,38105,4.30
017089,Limone sul Garda,2020-11,78,3740,31.00
017089,Limone sul Garda,2020-12,57,3755,31.00
017089,Limone sul Garda,2021-01,14,48,3.40
017089,Limone sul Garda,2021-02,325,565,1.70
017089,Limone sul Garda,2021-03,125,590,4.70
017089,Limone sul Garda,2021-04,711,1667,2.30
017089,Limone sul Garda,2021-05,15541,36560,2.40
017089,Limone sul Garda,2021-06,30083,107087,3.60
017089,Limone sul Garda,2021-07,42859,191000,4.50
017089,Limone sul Garda,2021-08,44059,231619,5.30
017089,Limone sul Garda,2021-09,34378,179114,5.20
017089,Limone sul Garda,2021-10,25468,117187,4.60
017089,Limone sul Garda,2021-11,1481,13510,9.10
017089,Limone sul Garda,2021-12,1607,13990,8.70
017089,Limone sul Garda,2022-01,451,1783,4.00
017089,Limone sul Garda,2022-02,1012,1553,1.50
017089,Limone sul Garda,2022-03,2837,6076,2.10
017089,Limone sul Garda,2022-04,30818,104815,3.40
017089,Limone sul Garda,2022-05,31893,130421,4.10
017089,Limone sul Garda,2022-06,40221,184443,4.60
017089,Limone sul Garda,2022-07,44856,215162,4.80
017089,Limone sul Garda,2022-08,42518,224758,5.30
017089,Limone sul Garda,2022-09,34843,170502,4.90
017089,Limone sul Garda,2022-10,26032,105387,4.00
017089,Limone sul Garda,2022-11,1922,4702,2.40
017089,Limone sul Garda,2022-12,1313,3135,2.40
017089,Limone sul Garda,2023-01,767,2225,2.90
017089,Limone sul Garda,2023-02,637,1353,2.10
017089,Limone sul Garda,2023-03,5655,13658,2.40
017089,Limone sul Garda,2023-04,36000,119160,3.30
017089,Limone sul Garda,2023-05,31277,138883,4.40
017089,Limone sul Garda,2023-06,36783,169980,4.60
017089,Limone sul Garda,2023-07,44502,207881,4.70
017089,Limone sul Garda,2023-08,43820,221496,5.10
017089,Limone sul Garda,2023-09,39213,176838,4.50
017089,Limone sul Garda,2023-10,25032,112734,4.50
017089,Limone sul Garda,2023-11,2120,6120,2.90
017089,Limone sul Garda,2023-12,1615,4814,3.00
017089,Limone sul Garda,2024-01,577,2112,3.70
017089,Limone sul Garda,2024-02,859,2165,2.50
017089,Limone sul Garda,2024-03,12399,35283,2.80
017089,Limone sul Garda,2024-04,30072,104835,3.50
017089,Limone sul Garda,2024-05,39153,162793,4.20
017089,Limone sul Garda,2024-06,38750,171984,4.40
017089,Limone sul Garda,2024-07,46193,220554,4.80
017089,Limone sul Garda,2024-08,48527,229768,4.70
017089,Limone sul Garda,2024-09,38361,177555,4.60
017089,Limone sul Garda,2024-10,26324,118901,4.50
017089,Limone sul Garda,2024-11,3188,7409,2.30
017089,Limone sul Garda,2024-12,992,2430,2.40
017090,Lodrino,2023-01,5,20,4.00
017090,Lodrino,2023-04,4,8,2.00
017090,Lodrino,2023-05,3,5,1.70
017090,Lodrino,2023-06,31,110,3.50
017090,Lodrino,2023-07,48,157,3.30
017090,Lodrino,2023-08,63,110,1.70
017090,Lodrino,2023-09,46,86,1.90
017090,Lodrino,2023-10,23,44,1.90
017090,Lodrino,2023-11,10,20,2.00
017090,Lodrino,2023-12,32,54,1.70
017090,Lodrino,2024-01,30,48,1.60
017090,Lodrino,2024-02,32,46,1.40
017090,Lodrino,2024-03,28,55,2.00
017090,Lodrino,2024-04,27,30,1.10
017090,Lodrino,2024-05,40,126,3.20
017090,Lodrino,2024-06,36,79,2.20
017090,Lodrino,2024-07,43,73,1.70
017090,Lodrino,2024-08,98,247,2.50
017090,Lodrino,2024-09,38,124,3.30
017090,Lodrino,2024-10,38,46,1.20
017090,Lodrino,2024-11,17,62,3.60
017090,Lodrino,2024-12,16,54,3.40
017092,Lonato del Garda,2019-01,3992,4688,1.20
017092,Lonato del Garda,2019-02,3791,4731,1.20
017092,Lonato del Garda,2019-03,4394,5242,1.20
017092,Lonato del Garda,2019-04,4739,6738,1.40
017092,Lonato del Garda,2019-05,4885,6090,1.20
017092,Lonato del Garda,2019-06,5371,8589,1.60
017092,Lonato del Garda,2019-07,5890,11561,2.00
017092,Lonato del Garda,2019-08,5544,12755,2.30
017092,Lonato del Garda,2019-09,4888,8991,1.80
017092,Lonato del Garda,2019-10,4498,7458,1.70
017092,Lonato del Garda,2019-11,3779,4800,1.30
017092,Lonato del Garda,2019-12,4094,5056,1.20
017092,Lonato del Garda,2020-01,3884,4605,1.20
017092,Lonato del Garda,2020-02,3922,4923,1.30
017092,Lonato del Garda,2020-03,802,1125,1.40
017092,Lonato del Garda,2020-04,8,38,4.80
017092,Lonato del Garda,2020-05,1155,1459,1.30
017092,Lonato del Garda,2020-06,3337,4708,1.40
017092,Lonato del Garda,2020-07,4533,7760,1.70
017092,Lonato del Garda,2020-08,5057,10849,2.10
017092,Lonato del Garda,2020-09,4269,6935,1.60
017092,Lonato del Garda,2020-10,3757,5162,1.40
017092,Lonato del Garda,2020-11,1120,1698,1.50
017092,Lonato del Garda,2020-12,1633,2037,1.20
017092,Lonato del Garda,2021-01,1343,1907,1.40
017092,Lonato del Garda,2021-02,2202,2738,1.20
017092,Lonato del Garda,2021-03,1225,1662,1.40
017092,Lonato del Garda,2021-04,2120,3770,1.80
017092,Lonato del Garda,2021-05,3408,5101,1.50
017092,Lonato del Garda,2021-06,4034,6431,1.60
017092,Lonato del Garda,2021-07,5427,10957,2.00
017092,Lonato del Garda,2021-08,5605,15114,2.70
017092,Lonato del Garda,2021-09,4658,9077,1.90
017092,Lonato del Garda,2021-10,4443,6802,1.50
017092,Lonato del Garda,2021-11,3663,4643,1.30
017092,Lonato del Garda,2021-12,3521,4416,1.30
017092,Lonato del Garda,2022-01,2999,4351,1.50
017092,Lonato del Garda,2022-02,3427,5010,1.50
017092,Lonato del Garda,2022-03,3917,5616,1.40
017092,Lonato del Garda,2022-04,4693,7824,1.70
017092,Lonato del Garda,2022-05,4782,7403,1.50
017092,Lonato del Garda,2022-06,5866,11550,2.00
017092,Lonato del Garda,2022-07,6651,15680,2.40
017092,Lonato del Garda,2022-08,6468,17540,2.70
017092,Lonato del Garda,2022-09,5573,11858,2.10
017092,Lonato del Garda,2022-10,5084,10354,2.00
017092,Lonato del Garda,2022-11,3717,6686,1.80
017092,Lonato del Garda,2022-12,4451,6899,1.50
017092,Lonato del Garda,2023-01,4238,6924,1.60
017092,Lonato del Garda,2023-02,4010,6450,1.60
017092,Lonato del Garda,2023-03,4672,6626,1.40
017092,Lonato del Garda,2023-04,5842,10155,1.70
017092,Lonato del Garda,2023-05,5532,9578,1.70
017092,Lonato del Garda,2023-06,5913,11666,2.00
017092,Lonato del Garda,2023-07,6681,16267,2.40
017092,Lonato del Garda,2023-08,6516,17920,2.80
017092,Lonato del Garda,2023-09,5928,11420,1.90
017092,Lonato del Garda,2023-10,4903,8952,1.80
017092,Lonato del Garda,2023-11,3883,5733,1.50
017092,Lonato del Garda,2023-12,4432,6040,1.40
017092,Lonato del Garda,2024-01,4109,6289,1.50
017092,Lonato del Garda,2024-02,4222,6272,1.50
017092,Lonato del Garda,2024-03,5091,7975,1.60
017092,Lonato del Garda,2024-04,5501,9128,1.70
017092,Lonato del Garda,2024-05,5779,11173,1.90
017092,Lonato del Garda,2024-06,5589,11712,2.10
017092,Lonato del Garda,2024-07,7063,18315,2.60
017092,Lonato del Garda,2024-08,7106,20077,2.80
017092,Lonato del Garda,2024-09,5696,12401,2.20
017092,Lonato del Garda,2024-10,5271,10639,2.00
017092,Lonato del Garda,2024-11,4098,6759,1.60
017092,Lonato del Garda,2024-12,4177,6405,1.50
017095,Lozio,2019-01,3,5,1.70
017095,Lozio,2019-02,6,6,1.00
017095,Lozio,2019-03,9,22,2.40
017095,Lozio,2019-04,17,56,3.30
017095,Lozio,2019-05,14,35,2.50
017095,Lozio,2019-06,8,14,1.80
017095,Lozio,2019-07,38,189,5.00
017095,Lozio,2019-08,89,201,2.30
017095,Lozio,2019-09,18,29,1.60
017095,Lozio,2019-10,11,15,1.40
017095,Lozio,2019-11,13,19,1.50
017095,Lozio,2019-12,35,53,1.50
017095,Lozio,2020-01,16,48,3.00
017095,Lozio,2020-02,15,23,1.50
017095,Lozio,2020-03,0,0,0.00
017095,Lozio,2020-04,0,0,0.00
017095,Lozio,2020-05,12,12,1.00
017095,Lozio,2020-06,20,35,1.80
017095,Lozio,2020-07,44,116,2.60
017095,Lozio,2020-08,75,243,3.20
017095,Lozio,2020-09,14,21,1.50
017095,Lozio,2020-10,9,11,1.20
017095,Lozio,2020-11,0,0,0.00
017095,Lozio,2020-12,8,10,1.30
017095,Lozio,2021-01,0,0,0.00
017095,Lozio,2021-02,24,35,1.50
017095,Lozio,2021-03,0,0,0.00
017095,Lozio,2021-04,4,4,1.00
017095,Lozio,2021-05,10,20,2.00
017095,Lozio,2021-06,24,129,5.40
017095,Lozio,2021-07,26,102,3.90
017095,Lozio,2021-08,69,301,4.40
017095,Lozio,2021-09,17,32,1.90
017095,Lozio,2021-10,17,26,1.50
017095,Lozio,2021-11,5,11,2.20
017095,Lozio,2021-12,24,57,2.40
017095,Lozio,2022-01,11,49,4.50
017095,Lozio,2022-02,8,16,2.00
017095,Lozio,2022-04,14,28,2.00
017095,Lozio,2022-05,22,92,4.20
017095,Lozio,2022-06,24,41,1.70
017095,Lozio,2022-07,83,210,2.50
017095,Lozio,2022-08,91,345,3.80
017095,Lozio,2022-09,2,8,4.00
017095,Lozio,2022-10,9,19,2.10
017095,Lozio,2022-11,6,10,1.70
017095,Lozio,2022-12,19,46,2.40
017095,Lozio,2023-01,17,59,3.50
017095,Lozio,2023-02,7,16,2.30
017095,Lozio,2023-03,2,8,4.00
017095,Lozio,2023-04,16,42,2.60
017095,Lozio,2023-05,30,132,4.40
017095,Lozio,2023-06,15,33,2.20
017095,Lozio,2023-07,47,191,4.10
017095,Lozio,2023-08,91,377,4.10
017095,Lozio,2023-09,20,40,2.00
017095,Lozio,2023-10,6,16,2.70
017095,Lozio,2023-12,20,56,2.80
017095,Lozio,2024-01,11,27,2.50
017095,Lozio,2024-02,7,14,2.00
017095,Lozio,2024-03,9,13,1.40
017095,Lozio,2024-04,9,25,2.80
017095,Lozio,2024-05,13,18,1.40
017095,Lozio,2024-06,24,67,2.80
017095,Lozio,2024-07,61,176,2.90
017095,Lozio,2024-08,91,370,4.10
017095,Lozio,2024-09,24,49,2.00
017095,Lozio,2024-10,6,17,2.80
017095,Lozio,2024-11,17,36,2.10
017095,Lozio,2024-12,40,101,2.50
017101,Malonno,2019-01,63,139,2.20
017101,Malonno,2019-02,95,229,2.40
017101,Malonno,2019-03,64,164,2.60
017101,Malonno,2019-04,63,139,2.20
017101,Malonno,2019-05,69,115,1.70
017101,Malonno,2019-06,57,109,1.90
017101,Malonno,2019-07,122,297,2.40
017101,Malonno,2019-08,165,409,2.50
017101,Malonno,2019-09,31,52,1.70
017101,Malonno,2019-10,86,151,1.80
017101,Malonno,2019-11,85,132,1.60
017101,Malonno,2019-12,120,245,2.00
017101,Malonno,2020-01,129,199,1.50
017101,Malonno,2020-02,126,262,2.10
017101,Malonno,2020-03,29,65,2.20
017101,Malonno,2020-04,2,2,1.00
017101,Malonno,2020-05,42,138,3.30
017101,Malonno,2020-06,65,99,1.50
017101,Malonno,2020-07,142,431,3.00
017101,Malonno,2020-08,228,590,2.60
017101,Malonno,2020-09,51,125,2.50
017101,Malonno,2020-10,25,51,2.00
017101,Malonno,2020-11,5,37,7.40
017101,Malonno,2020-12,24,74,3.10
017101,Malonno,2021-01,12,38,3.20
017101,Malonno,2021-02,78,153,2.00
017101,Malonno,2021-03,15,29,1.90
017101,Malonno,2021-04,15,24,1.60
017101,Malonno,2021-05,17,38,2.20
017101,Malonno,2021-06,92,211,2.30
017101,Malonno,2021-07,110,408,3.70
017101,Malonno,2021-08,173,533,3.10
017101,Malonno,2021-09,121,337,2.80
017101,Malonno,2021-10,56,269,4.80
017101,Malonno,2021-11,20,45,2.30
017101,Malonno,2021-12,73,205,2.80
017101,Malonno,2022-01,24,63,2.60
017101,Malonno,2022-02,65,113,1.70
017101,Malonno,2022-03,46,137,3.00
017101,Malonno,2022-04,21,108,5.10
017101,Malonno,2022-05,28,88,3.10
017101,Malonno,2022-06,83,297,3.60
017101,Malonno,2022-07,111,277,2.50
017101,Malonno,2022-08,174,480,2.80
017101,Malonno,2022-09,28,108,3.90
017101,Malonno,2022-10,34,90,2.60
017101,Malonno,2022-11,20,30,1.50
017101,Malonno,2022-12,52,128,2.50
017101,Malonno,2023-01,53,191,3.60
017101,Malonno,2023-02,61,186,3.00
017101,Malonno,2023-03,22,93,4.20
017101,Malonno,2023-04,63,217,3.40
017101,Malonno,2023-05,31,267,8.60
017101,Malonno,2023-06,62,296,4.80
017101,Malonno,2023-07,115,465,4.00
017101,Malonno,2023-08,115,533,4.60
017101,Malonno,2023-09,73,251,3.40
017101,Malonno,2023-10,55,172,3.10
017101,Malonno,2023-11,19,128,6.70
017101,Malonno,2023-12,131,246,1.90
017101,Malonno,2024-01,104,209,2.00
017101,Malonno,2024-02,84,231,2.80
017101,Malonno,2024-03,73,119,1.60
017101,Malonno,2024-04,21,44,2.10
017101,Malonno,2024-05,33,62,1.90
017101,Malonno,2024-06,66,166,2.50
017101,Malonno,2024-07,111,494,4.50
017101,Malonno,2024-08,201,736,3.70
017101,Malonno,2024-09,63,150,2.40
017101,Malonno,2024-10,31,54,1.70
017101,Malonno,2024-11,27,41,1.50
017101,Malonno,2024-12,88,218,2.50
017102,Manerba del Garda,2019-01,139,4635,31.00
017102,Manerba del Garda,2019-02,487,1571,3.20
017102,Manerba del Garda,2019-03,1623,4614,2.80
017102,Manerba del Garda,2019-04,10497,39136,3.70
017102,Manerba del Garda,2019-05,9523,38703,4.10
017102,Manerba del Garda,2019-06,21671,114476,5.30
017102,Manerba del Garda,2019-07,22712,153653,6.80
017102,Manerba del Garda,2019-08,26759,190403,7.10
017102,Manerba del Garda,2019-09,12713,78763,6.20
017102,Manerba del Garda,2019-10,3236,15229,4.70
017102,Manerba del Garda,2019-11,293,1528,5.20
017102,Manerba del Garda,2019-12,752,2423,3.20
017102,Manerba del Garda,2020-01,244,1694,6.90
017102,Manerba del Garda,2020-02,354,1220,3.40
017102,Manerba del Garda,2020-03,34,518,15.20
017102,Manerba del Garda,2020-04,0,306,0.00
017102,Manerba del Garda,2020-05,659,1661,2.50
017102,Manerba del Garda,2020-06,6510,22944,3.50
017102,Manerba del Garda,2020-07,14693,77753,5.30
017102,Manerba del Garda,2020-08,23828,146002,6.10
017102,Manerba del Garda,2020-09,13676,76498,5.60
017102,Manerba del Garda,2020-10,1482,7711,5.20
017102,Manerba del Garda,2020-11,39,896,23.00
017102,Manerba del Garda,2020-12,41,876,21.40
017102,Manerba del Garda,2021-01,17,785,31.00
017102,Manerba del Garda,2021-02,142,534,3.80
017102,Manerba del Garda,2021-03,61,466,7.60
017102,Manerba del Garda,2021-04,327,954,2.90
017102,Manerba del Garda,2021-05,7870,24641,3.10
017102,Manerba del Garda,2021-06,17166,75598,4.40
017102,Manerba del Garda,2021-07,27394,155473,5.70
017102,Manerba del Garda,2021-08,31125,225426,7.20
017102,Manerba del Garda,2021-09,18907,123882,6.60
017102,Manerba del Garda,2021-10,3012,15513,5.20
017102,Manerba del Garda,2021-11,567,3414,6.00
017102,Manerba del Garda,2021-12,809,4056,5.00
017102,Manerba del Garda,2022-01,177,1233,7.00
017102,Manerba del Garda,2022-02,459,1548,3.40
017102,Manerba del Garda,2022-03,1672,4411,2.60
017102,Manerba del Garda,2022-04,12307,44783,3.60
017102,Manerba del Garda,2022-05,14413,56965,4.00
017102,Manerba del Garda,2022-06,28814,149113,5.20
017102,Manerba del Garda,2022-07,30645,183042,6.00
017102,Manerba del Garda,2022-08,28182,216499,7.70
017102,Manerba del Garda,2022-09,18213,112178,6.20
017102,Manerba del Garda,2022-10,6185,26229,4.20
017102,Manerba del Garda,2022-11,985,3657,3.70
017102,Manerba del Garda,2022-12,1340,3692,2.80
017102,Manerba del Garda,2023-01,681,2660,3.90
017102,Manerba del Garda,2023-02,362,1730,4.80
017102,Manerba del Garda,2023-03,1966,5629,2.90
017102,Manerba del Garda,2023-04,16305,55839,3.40
017102,Manerba del Garda,2023-05,15374,67983,4.40
017102,Manerba del Garda,2023-06,23959,128071,5.30
017102,Manerba del Garda,2023-07,32104,184908,5.80
017102,Manerba del Garda,2023-08,30071,215244,7.20
017102,Manerba del Garda,2023-09,19521,112606,5.80
017102,Manerba del Garda,2023-10,5178,33226,6.40
017102,Manerba del Garda,2023-11,1041,3438,3.30
017102,Manerba del Garda,2023-12,1680,4644,2.80
017102,Manerba del Garda,2024-01,681,2727,4.00
017102,Manerba del Garda,2024-02,920,2704,2.90
017102,Manerba del Garda,2024-03,4685,14706,3.10
017102,Manerba del Garda,2024-04,10188,35550,3.50
017102,Manerba del Garda,2024-05,20814,98109,4.70
017102,Manerba del Garda,2024-06,23007,112385,4.90
017102,Manerba del Garda,2024-07,31221,188433,6.00
017102,Manerba del Garda,2024-08,32860,216998,6.60
017102,Manerba del Garda,2024-09,19069,110830,5.80
017102,Manerba del Garda,2024-10,4864,21624,4.40
017102,Manerba del Garda,2024-11,1688,4263,2.50
017102,Manerba del Garda,2024-12,1709,4321,2.50
017103,Manerbio,2023-01,15,33,2.20
017103,Manerbio,2023-02,45,77,1.70
017103,Manerbio,2023-03,48,62,1.30
017103,Manerbio,2023-04,73,106,1.50
017103,Manerbio,2023-05,167,374,2.20
017103,Manerbio,2023-06,227,389,1.70
017103,Manerbio,2023-07,184,298,1.60
017103,Manerbio,2023-08,124,297,2.40
017103,Manerbio,2023-09,248,462,1.90
017103,Manerbio,2023-10,233,403,1.70
017103,Manerbio,2023-11,182,304,1.70
017103,Manerbio,2023-12,187,396,2.10
017103,Manerbio,2024-01,159,291,1.80
017103,Manerbio,2024-02,234,359,1.50
017103,Manerbio,2024-03,273,405,1.50
017103,Manerbio,2024-04,233,523,2.20
017103,Manerbio,2024-05,248,561,2.30
017103,Manerbio,2024-06,258,537,2.10
017103,Manerbio,2024-07,220,395,1.80
017103,Manerbio,2024-08,164,307,1.90
017103,Manerbio,2024-09,256,564,2.20
017103,Manerbio,2024-10,245,435,1.80
017103,Manerbio,2024-11,256,476,1.90
017103,Manerbio,2024-12,199,358,1.80
017104,Marcheno,2019-01,168,288,1.70
017104,Marcheno,2019-02,176,345,2.00
017104,Marcheno,2019-03,153,314,2.10
017104,Marcheno,2019-04,146,319,2.20
017104,Marcheno,2019-05,168,297,1.80
017104,Marcheno,2019-06,185,378,2.00
017104,Marcheno,2019-07,220,441,2.00
017104,Marcheno,2019-08,77,164,2.10
017104,Marcheno,2019-09,157,281,1.80
017104,Marcheno,2019-10,182,445,2.40
017104,Marcheno,2019-11,139,344,2.50
017104,Marcheno,2019-12,169,284,1.70
017104,Marcheno,2020-01,118,216,1.80
017104,Marcheno,2020-02,118,245,2.10
017104,Marcheno,2020-03,15,26,1.70
017104,Marcheno,2020-04,0,0,0.00
017104,Marcheno,2020-05,30,51,1.70
017104,Marcheno,2020-06,79,128,1.60
017104,Marcheno,2020-07,95,199,2.10
017104,Marcheno,2020-08,56,124,2.20
017104,Marcheno,2020-09,118,235,2.00
017104,Marcheno,2020-10,134,255,1.90
017104,Marcheno,2020-11,108,227,2.10
017104,Marcheno,2020-12,64,155,2.40
017104,Marcheno,2021-01,69,191,2.80
017104,Marcheno,2021-02,70,242,3.50
017104,Marcheno,2021-03,78,224,2.90
017104,Marcheno,2021-04,81,166,2.00
017104,Marcheno,2021-05,88,182,2.10
017104,Marcheno,2021-06,109,200,1.80
017104,Marcheno,2021-07,115,231,2.00
017104,Marcheno,2021-08,37,61,1.60
017104,Marcheno,2021-09,96,180,1.90
017104,Marcheno,2021-10,117,231,2.00
017104,Marcheno,2021-11,115,228,2.00
017104,Marcheno,2021-12,80,196,2.50
017104,Marcheno,2022-01,71,137,1.90
017104,Marcheno,2022-02,113,190,1.70
017104,Marcheno,2022-03,126,250,2.00
017104,Marcheno,2022-04,130,237,1.80
017104,Marcheno,2022-05,121,255,2.10
017104,Marcheno,2022-06,157,299,1.90
017104,Marcheno,2022-07,123,255,2.10
017104,Marcheno,2022-08,57,118,2.10
017104,Marcheno,2022-09,146,347,2.40
017104,Marcheno,2022-10,137,314,2.30
017104,Marcheno,2022-11,172,350,2.00
017104,Marcheno,2022-12,98,244,2.50
017104,Marcheno,2023-01,105,248,2.40
017104,Marcheno,2023-02,148,371,2.50
017104,Marcheno,2023-03,142,352,2.50
017104,Marcheno,2023-04,104,229,2.20
017104,Marcheno,2023-05,126,293,2.30
017104,Marcheno,2023-06,151,334,2.20
017104,Marcheno,2023-07,152,278,1.80
017104,Marcheno,2023-08,55,151,2.70
017104,Marcheno,2023-09,162,345,2.10
017104,Marcheno,2023-10,128,350,2.70
017104,Marcheno,2023-11,114,240,2.10
017104,Marcheno,2023-12,107,220,2.10
017104,Marcheno,2024-01,121,245,2.00
017104,Marcheno,2024-02,88,227,2.60
017104,Marcheno,2024-03,121,271,2.20
017104,Marcheno,2024-04,105,207,2.00
017104,Marcheno,2024-05,149,322,2.20
017104,Marcheno,2024-06,151,309,2.00
017104,Marcheno,2024-07,157,297,1.90
017104,Marcheno,2024-08,32,63,2.00
017104,Marcheno,2024-09,146,343,2.30
017104,Marcheno,2024-10,147,296,2.00
017104,Marcheno,2024-11,158,360,2.30
017104,Marcheno,2024-12,120,207,1.70
017105,Marmentino,2024-01,0,0,0.00
017105,Marmentino,2024-02,0,0,0.00
017105,Marmentino,2024-03,0,0,0.00
017105,Marmentino,2024-04,0,0,0.00
017105,Marmentino,2024-05,0,0,0.00
017105,Marmentino,2024-06,0,0,0.00
017105,Marmentino,2024-07,12,84,7.00
017105,Marmentino,2024-08,11,99,9.00
017105,Marmentino,2024-09,0,0,0.00
017105,Marmentino,2024-10,0,0,0.00
017105,Marmentino,2024-11,0,0,0.00
017105,Marmentino,2024-12,0,0,0.00
017106,Marone,2019-01,45,138,3.10
017106,Marone,2019-02,43,80,1.90
017106,Marone,2019-03,198,410,2.10
017106,Marone,2019-04,446,1239,2.80
017106,Marone,2019-05,547,1591,2.90
017106,Marone,2019-06,1639,6357,3.90
017106,Marone,2019-07,1888,9156,4.80
017106,Marone,2019-08,2277,12820,5.60
017106,Marone,2019-09,1326,5367,4.00
017106,Marone,2019-10,368,1143,3.10
017106,Marone,2019-11,65,199,3.10
017106,Marone,2019-12,155,297,1.90
017106,Marone,2020-01,113,313,2.80
017106,Marone,2020-02,150,284,1.90
017106,Marone,2020-03,43,191,4.40
017106,Marone,2020-04,13,154,11.80
017106,Marone,2020-05,92,258,2.80
017106,Marone,2020-06,294,756,2.60
017106,Marone,2020-07,1358,5558,4.10
017106,Marone,2020-08,2019,9820,4.90
017106,Marone,2020-09,1461,6247,4.30
017106,Marone,2020-10,265,714,2.70
017106,Marone,2020-11,22,84,3.80
017106,Marone,2020-12,60,152,2.50
017106,Marone,2021-01,41,147,3.60
017106,Marone,2021-02,251,595,2.40
017106,Marone,2021-03,31,256,8.30
017106,Marone,2021-04,82,235,2.90
017106,Marone,2021-05,587,1425,2.40
017106,Marone,2021-06,1391,4514,3.20
017106,Marone,2021-07,2266,10107,4.50
017106,Marone,2021-08,2721,12704,4.70
017106,Marone,2021-09,1543,6624,4.30
017106,Marone,2021-10,464,1373,3.00
017106,Marone,2021-11,178,455,2.60
017106,Marone,2021-12,167,373,2.20
017106,Marone,2022-01,156,515,3.30
017106,Marone,2022-02,221,499,2.30
017106,Marone,2022-03,224,441,2.00
017106,Marone,2022-04,547,1566,2.90
017106,Marone,2022-05,849,2599,3.10
017106,Marone,2022-06,1998,8161,4.10
017106,Marone,2022-07,2567,11371,4.40
017106,Marone,2022-08,2802,13297,4.70
017106,Marone,2022-09,1790,7942,4.40
017106,Marone,2022-10,336,1221,3.60
017106,Marone,2022-11,60,335,5.60
017106,Marone,2022-12,46,256,5.60
017106,Marone,2023-01,64,359,5.60
017106,Marone,2023-02,181,467,2.60
017106,Marone,2023-03,319,896,2.80
017106,Marone,2023-04,820,2371,2.90
017106,Marone,2023-05,1127,4185,3.70
017106,Marone,2023-06,1739,7146,4.10
017106,Marone,2023-07,2905,11805,4.10
017106,Marone,2023-08,2803,14110,5.00
017106,Marone,2023-09,2013,7489,3.70
017106,Marone,2023-10,526,1571,3.00
017106,Marone,2023-11,155,355,2.30
017106,Marone,2023-12,208,539,2.60
017106,Marone,2024-01,102,243,2.40
017106,Marone,2024-02,130,303,2.30
017106,Marone,2024-03,341,836,2.50
017106,Marone,2024-04,606,1639,2.70
017106,Marone,2024-05,1268,4513,3.60
017106,Marone,2024-06,1967,8060,4.10
017106,Marone,2024-07,3097,14191,4.60
017106,Marone,2024-08,3055,14538,4.80
017106,Marone,2024-09,1825,8159,4.50
017106,Marone,2024-10,363,1119,3.10
017106,Marone,2024-11,224,649,2.90
017106,Marone,2024-12,221,540,2.40
017107,Mazzano,2019-01,0,0,0.00
017107,Mazzano,2019-02,0,0,0.00
017107,Mazzano,2019-03,2,4,2.00
017107,Mazzano,2019-04,8,20,2.50
017107,Mazzano,2019-05,16,39,2.40
017107,Mazzano,2019-06,8,51,6.40
017107,Mazzano,2019-07,6,23,3.80
017107,Mazzano,2019-08,3,30,10.00
017107,Mazzano,2019-09,12,34,2.80
017107,Mazzano,2019-10,11,27,2.50
017107,Mazzano,2019-11,0,10,0.00
017107,Mazzano,2019-12,0,0,0.00
017107,Mazzano,2022-01,218,556,2.60
017107,Mazzano,2022-02,138,1084,7.90
017107,Mazzano,2022-03,180,650,3.60
017107,Mazzano,2022-04,440,986,2.20
017107,Mazzano,2022-05,283,719,2.50
017107,Mazzano,2022-06,445,1231,2.80
017107,Mazzano,2022-07,549,1495,2.70
017107,Mazzano,2022-08,579,1407,2.40
017107,Mazzano,2022-09,733,1573,2.10
017107,Mazzano,2022-10,587,1580,2.70
017107,Mazzano,2022-11,565,1323,2.30
017107,Mazzano,2022-12,381,929,2.40
017107,Mazzano,2023-01,411,893,2.20
017107,Mazzano,2023-02,272,1234,4.50
017107,Mazzano,2023-03,237,1196,5.00
017107,Mazzano,2023-04,830,1641,2.00
017107,Mazzano,2023-05,641,1403,2.20
017107,Mazzano,2023-06,690,1500,2.20
017107,Mazzano,2023-07,774,1515,2.00
017107,Mazzano,2023-08,797,1745,2.20
017107,Mazzano,2023-09,670,1535,2.30
017107,Mazzano,2023-10,387,1798,4.60
017107,Mazzano,2023-11,325,1987,6.10
017107,Mazzano,2023-12,319,1087,3.40
017107,Mazzano,2024-01,331,1265,3.80
017107,Mazzano,2024-02,283,1321,4.70
017107,Mazzano,2024-03,308,1554,5.00
017107,Mazzano,2024-04,360,1969,5.50
017107,Mazzano,2024-05,455,1347,3.00
017107,Mazzano,2024-06,454,1657,3.60
017107,Mazzano,2024-07,643,1853,2.90
017107,Mazzano,2024-08,675,1800,2.70
017107,Mazzano,2024-09,532,1679,3.20
017107,Mazzano,2024-10,408,1531,3.80
017107,Mazzano,2024-11,412,1156,2.80
017107,Mazzano,2024-12,139,532,3.80
017109,Moniga del Garda,2019-01,567,2663,4.70
017109,Moniga del Garda,2019-02,570,1740,3.10
017109,Moniga del Garda,2019-03,1660,5068,3.10
017109,Moniga del Garda,2019-04,10404,44300,4.30
017109,Moniga del Garda,2019-05,7807,35852,4.60
017109,Moniga del Garda,2019-06,18992,94685,5.00
017109,Moniga del Garda,2019-07,20287,141609,7.00
017109,Moniga del Garda,2019-08,21147,162838,7.70
017109,Moniga del Garda,2019-09,11223,69760,6.20
017109,Moniga del Garda,2019-10,4910,27557,5.60
017109,Moniga del Garda,2019-11,417,1616,3.90
017109,Moniga del Garda,2019-12,721,1729,2.40
017109,Moniga del Garda,2020-01,543,2302,4.20
017109,Moniga del Garda,2020-02,524,1733,3.30
017109,Moniga del Garda,2020-03,68,637,9.40
017109,Moniga del Garda,2020-04,1,278,31.00
017109,Moniga del Garda,2020-05,1638,3370,2.10
017109,Moniga del Garda,2020-06,6524,23268,3.60
017109,Moniga del Garda,2020-07,12450,69266,5.60
017109,Moniga del Garda,2020-08,18953,125790,6.60
017109,Moniga del Garda,2020-09,10541,62634,5.90
017109,Moniga del Garda,2020-10,2715,15223,5.60
017109,Moniga del Garda,2020-11,30,795,26.50
017109,Moniga del Garda,2020-12,81,939,11.60
017109,Moniga del Garda,2021-01,13,391,30.10
017109,Moniga del Garda,2021-02,434,952,2.20
017109,Moniga del Garda,2021-03,48,320,6.70
017109,Moniga del Garda,2021-04,445,1345,3.00
017109,Moniga del Garda,2021-05,6436,19595,3.00
017109,Moniga del Garda,2021-06,11662,49000,4.20
017109,Moniga del Garda,2021-07,19076,112466,5.90
017109,Moniga del Garda,2021-08,19065,157109,8.20
017109,Moniga del Garda,2021-09,11092,77049,6.90
017109,Moniga del Garda,2021-10,3862,23837,6.20
017109,Moniga del Garda,2021-11,165,3364,20.40
017109,Moniga del Garda,2021-12,522,3962,7.60
017109,Moniga del Garda,2022-01,90,1175,13.10
017109,Moniga del Garda,2022-02,378,2684,7.10
017109,Moniga del Garda,2022-03,938,11508,12.30
017109,Moniga del Garda,2022-04,10093,50352,5.00
017109,Moniga del Garda,2022-05,10211,53781,5.30
017109,Moniga del Garda,2022-06,18806,113129,6.00
017109,Moniga del Garda,2022-07,20963,149797,7.10
017109,Moniga del Garda,2022-08,17016,165203,9.70
017109,Moniga del Garda,2022-09,11367,94411,8.30
017109,Moniga del Garda,2022-10,5307,44120,8.30
017109,Moniga del Garda,2022-11,366,21781,31.00
017109,Moniga del Garda,2022-12,654,22413,31.00
017109,Moniga del Garda,2023-01,291,844,2.90
017109,Moniga del Garda,2023-02,368,1036,2.80
017109,Moniga del Garda,2023-03,1220,3307,2.70
017109,Moniga del Garda,2023-04,12940,49492,3.80
017109,Moniga del Garda,2023-05,9839,48050,4.90
017109,Moniga del Garda,2023-06,15282,82470,5.40
017109,Moniga del Garda,2023-07,20459,123976,6.10
017109,Moniga del Garda,2023-08,17523,145150,8.30
017109,Moniga del Garda,2023-09,13905,75724,5.40
017109,Moniga del Garda,2023-10,5911,30557,5.20
017109,Moniga del Garda,2023-11,265,1490,5.60
017109,Moniga del Garda,2023-12,527,1152,2.20
017109,Moniga del Garda,2024-01,456,1470,3.20
017109,Moniga del Garda,2024-02,413,895,2.20
017109,Moniga del Garda,2024-03,4335,13915,3.20
017109,Moniga del Garda,2024-04,8699,35258,4.10
017109,Moniga del Garda,2024-05,14324,70365,4.90
017109,Moniga del Garda,2024-06,16243,77455,4.80
017109,Moniga del Garda,2024-07,22367,137943,6.20
017109,Moniga del Garda,2024-08,23623,163605,6.90
017109,Moniga del Garda,2024-09,12616,75809,6.00
017109,Moniga del Garda,2024-10,5414,27962,5.20
017109,Moniga del Garda,2024-11,833,5149,6.20
017109,Moniga del Garda,2024-12,389,920,2.40
017110,Monno,2019-01,41,94,2.30
017110,Monno,2019-02,84,156,1.90
017110,Monno,2019-03,65,111,1.70
017110,Monno,2019-04,58,84,1.40
017110,Monno,2019-05,166,269,1.60
017110,Monno,2019-06,243,481,2.00
017110,Monno,2019-07,308,569,1.80
017110,Monno,2019-08,318,764,2.40
017110,Monno,2019-09,135,212,1.60
017110,Monno,2019-10,87,133,1.50
017110,Monno,2019-11,52,80,1.50
017110,Monno,2019-12,102,188,1.80
017110,Monno,2020-01,34,88,2.60
017110,Monno,2020-02,99,218,2.20
017110,Monno,2020-03,17,31,1.80
017110,Monno,2020-04,0,0,0.00
017110,Monno,2020-05,12,15,1.30
017110,Monno,2020-06,84,149,1.80
017110,Monno,2020-07,285,536,1.90
017110,Monno,2020-08,365,896,2.50
017110,Monno,2020-09,206,328,1.60
017110,Monno,2020-10,57,122,2.10
017110,Monno,2020-11,41,66,1.60
017110,Monno,2020-12,81,173,2.10
017110,Monno,2021-01,46,82,1.80
017110,Monno,2021-02,97,135,1.40
017110,Monno,2021-03,49,84,1.70
017110,Monno,2021-04,61,136,2.20
017110,Monno,2021-05,68,142,2.10
017110,Monno,2021-06,120,238,2.00
017110,Monno,2021-07,288,517,1.80
017110,Monno,2021-08,330,1006,3.00
017110,Monno,2021-09,114,362,3.20
017110,Monno,2021-10,59,242,4.10
017110,Monno,2021-11,56,110,2.00
017110,Monno,2021-12,56,100,1.80
017110,Monno,2022-01,69,147,2.10
017110,Monno,2022-02,99,129,1.30
017110,Monno,2022-03,85,170,2.00
017110,Monno,2022-04,101,141,1.40
017110,Monno,2022-05,229,304,1.30
017110,Monno,2022-06,271,485,1.80
017110,Monno,2022-07,449,985,2.20
017110,Monno,2022-08,582,1366,2.30
017110,Monno,2022-09,307,543,1.80
017110,Monno,2022-10,228,370,1.60
017110,Monno,2022-11,99,207,2.10
017110,Monno,2022-12,194,343,1.80
017110,Monno,2023-01,166,254,1.50
017110,Monno,2023-02,203,303,1.50
017110,Monno,2023-03,133,204,1.50
017110,Monno,2023-04,130,212,1.60
017110,Monno,2023-05,143,305,2.10
017110,Monno,2023-06,395,621,1.60
017110,Monno,2023-07,535,985,1.80
017110,Monno,2023-08,626,1347,2.20
017110,Monno,2023-09,332,712,2.10
017110,Monno,2023-10,216,394,1.80
017110,Monno,2023-11,66,185,2.80
017110,Monno,2023-12,263,432,1.60
017110,Monno,2024-01,158,306,1.90
017110,Monno,2024-02,260,530,2.00
017110,Monno,2024-03,167,271,1.60
017110,Monno,2024-04,72,188,2.60
017110,Monno,2024-05,240,307,1.30
017110,Monno,2024-06,260,399,1.50
017110,Monno,2024-07,561,1010,1.80
017110,Monno,2024-08,780,1557,2.00
017110,Monno,2024-09,242,410,1.70
017110,Monno,2024-10,84,266,3.20
017110,Monno,2024-11,61,193,3.20
017110,Monno,2024-12,140,230,1.60
017111,Monte Isola,2019-01,12,46,3.80
017111,Monte Isola,2019-02,15,38,2.50
017111,Monte Isola,2019-03,125,221,1.80
017111,Monte Isola,2019-04,347,690,2.00
017111,Monte Isola,2019-05,252,664,2.60
017111,Monte Isola,2019-06,578,1780,3.10
017111,Monte Isola,2019-07,658,2338,3.60
017111,Monte Isola,2019-08,847,3200,3.80
017111,Monte Isola,2019-09,461,1190,2.60
017111,Monte Isola,2019-10,273,583,2.10
017111,Monte Isola,2019-11,92,167,1.80
017111,Monte Isola,2019-12,44,84,1.90
017111,Monte Isola,2020-01,22,55,2.50
017111,Monte Isola,2020-02,179,225,1.30
017111,Monte Isola,2020-03,36,42,1.20
017111,Monte Isola,2020-04,0,0,0.00
017111,Monte Isola,2020-05,47,51,1.10
017111,Monte Isola,2020-06,464,735,1.60
017111,Monte Isola,2020-07,813,1863,2.30
017111,Monte Isola,2020-08,1205,3386,2.80
017111,Monte Isola,2020-09,762,1595,2.10
017111,Monte Isola,2020-10,335,487,1.50
017111,Monte Isola,2020-11,0,0,0.00
017111,Monte Isola,2020-12,9,132,14.70
017111,Monte Isola,2021-01,9,141,15.70
017111,Monte Isola,2021-02,42,72,1.70
017111,Monte Isola,2021-03,5,17,3.40
017111,Monte Isola,2021-04,10,12,1.20
017111,Monte Isola,2021-05,506,683,1.30
017111,Monte Isola,2021-06,776,1382,1.80
017111,Monte Isola,2021-07,1234,3551,2.90
017111,Monte Isola,2021-08,1327,3915,3.00
017111,Monte Isola,2021-09,872,2000,2.30
017111,Monte Isola,2021-10,619,1070,1.70
017111,Monte Isola,2021-11,57,75,1.30
017111,Monte Isola,2021-12,29,47,1.60
017111,Monte Isola,2022-01,13,17,1.30
017111,Monte Isola,2022-02,22,28,1.30
017111,Monte Isola,2022-03,248,336,1.40
017111,Monte Isola,2022-04,866,1440,1.70
017111,Monte Isola,2022-05,710,1515,2.10
017111,Monte Isola,2022-06,1355,2764,2.00
017111,Monte Isola,2022-07,1673,4809,2.90
017111,Monte Isola,2022-08,1714,4787,2.80
017111,Monte Isola,2022-09,1164,2650,2.30
017111,Monte Isola,2022-10,777,1237,1.60
017111,Monte Isola,2022-11,88,128,1.50
017111,Monte Isola,2022-12,77,92,1.20
017111,Monte Isola,2023-01,55,73,1.30
017111,Monte Isola,2023-02,81,88,1.10
017111,Monte Isola,2023-03,266,376,1.40
017111,Monte Isola,2023-04,1302,2329,1.80
017111,Monte Isola,2023-05,952,1944,2.00
017111,Monte Isola,2023-06,1345,2940,2.20
017111,Monte Isola,2023-07,1608,4644,2.90
017111,Monte Isola,2023-08,1701,5232,3.10
017111,Monte Isola,2023-09,1191,3031,2.50
017111,Monte Isola,2023-10,712,1422,2.00
017111,Monte Isola,2023-11,100,170,1.70
017111,Monte Isola,2023-12,134,257,1.90
017111,Monte Isola,2024-01,82,155,1.90
017111,Monte Isola,2024-02,107,129,1.20
017111,Monte Isola,2024-03,469,796,1.70
017111,Monte Isola,2024-04,966,1530,1.60
017111,Monte Isola,2024-05,1108,2485,2.20
017111,Monte Isola,2024-06,1333,2923,2.20
017111,Monte Isola,2024-07,1715,5122,3.00
017111,Monte Isola,2024-08,1914,5757,3.00
017111,Monte Isola,2024-09,1351,3268,2.40
017111,Monte Isola,2024-10,713,1518,2.10
017111,Monte Isola,2024-11,411,575,1.40
017111,Monte Isola,2024-12,171,221,1.30
017112,Monticelli Brusati,2019-01,0,0,0.00
017112,Monticelli Brusati,2019-02,4,4,1.00
017112,Monticelli Brusati,2019-03,8,96,12.00
017112,Monticelli Brusati,2019-04,87,213,2.40
017112,Monticelli Brusati,2019-05,20,34,1.70
017112,Monticelli Brusati,2019-06,57,127,2.20
017112,Monticelli Brusati,2019-07,119,584,4.90
017112,Monticelli Brusati,2019-08,173,1175,6.80
017112,Monticelli Brusati,2019-09,77,173,2.20
017112,Monticelli Brusati,2019-10,27,97,3.60
017112,Monticelli Brusati,2019-11,7,72,10.30
017112,Monticelli Brusati,2019-12,11,11,1.00
017112,Monticelli Brusati,2020-01,4,4,1.00
017112,Monticelli Brusati,2020-02,11,22,2.00
017112,Monticelli Brusati,2020-03,0,2,0.00
017112,Monticelli Brusati,2020-04,0,0,0.00
017112,Monticelli Brusati,2020-05,0,0,0.00
017112,Monticelli Brusati,2020-06,0,0,0.00
017112,Monticelli Brusati,2020-07,0,0,0.00
017112,Monticelli Brusati,2020-08,6,22,3.70
017112,Monticelli Brusati,2020-09,2,14,7.00
017112,Monticelli Brusati,2020-10,10,31,3.10
017112,Monticelli Brusati,2020-11,5,81,16.20
017112,Monticelli Brusati,2020-12,0,60,0.00
017112,Monticelli Brusati,2021-01,3,66,22.00
017112,Monticelli Brusati,2021-02,3,75,25.00
017112,Monticelli Brusati,2021-03,3,82,27.30
017112,Monticelli Brusati,2021-04,12,89,7.40
017112,Monticelli Brusati,2021-05,9,51,5.70
017112,Monticelli Brusati,2021-06,114,181,1.60
017112,Monticelli Brusati,2021-07,299,1065,3.60
017112,Monticelli Brusati,2021-08,333,2469,7.40
017112,Monticelli Brusati,2021-09,259,559,2.20
017112,Monticelli Brusati,2021-10,108,260,2.40
017112,Monticelli Brusati,2021-11,42,205,4.90
017112,Monticelli Brusati,2021-12,4,72,18.00
017112,Monticelli Brusati,2022-01,6,106,17.70
017112,Monticelli Brusati,2022-02,6,108,18.00
017112,Monticelli Brusati,2022-03,53,657,12.40
017112,Monticelli Brusati,2022-04,47,1542,31.00
017112,Monticelli Brusati,2022-05,62,1535,24.80
017112,Monticelli Brusati,2022-06,81,568,7.00
017112,Monticelli Brusati,2022-07,475,2164,4.60
017112,Monticelli Brusati,2022-08,177,1657,9.40
017112,Monticelli Brusati,2022-09,35,996,28.50
017112,Monticelli Brusati,2022-10,30,179,6.00
017112,Monticelli Brusati,2022-11,12,122,10.20
017112,Monticelli Brusati,2022-12,12,67,5.60
017112,Monticelli Brusati,2023-01,3,66,22.00
017112,Monticelli Brusati,2023-02,8,20,2.50
017112,Monticelli Brusati,2023-03,44,79,1.80
017112,Monticelli Brusati,2023-04,190,396,2.10
017112,Monticelli Brusati,2023-05,43,120,2.80
017112,Monticelli Brusati,2023-06,155,396,2.60
017112,Monticelli Brusati,2023-07,283,1255,4.40
017112,Monticelli Brusati,2023-08,209,1699,8.10
017112,Monticelli Brusati,2023-09,96,389,4.10
017112,Monticelli Brusati,2023-10,138,259,1.90
017112,Monticelli Brusati,2023-11,74,129,1.70
017112,Monticelli Brusati,2023-12,106,173,1.60
017112,Monticelli Brusati,2024-01,2,27,13.50
017112,Monticelli Brusati,2024-02,26,169,6.50
017112,Monticelli Brusati,2024-03,52,165,3.20
017112,Monticelli Brusati,2024-04,144,352,2.40
017112,Monticelli Brusati,2024-05,101,308,3.00
017112,Monticelli Brusati,2024-06,273,397,1.50
017112,Monticelli Brusati,2024-07,296,1288,4.40
017112,Monticelli Brusati,2024-08,378,1916,5.10
017112,Monticelli Brusati,2024-09,300,572,1.90
017112,Monticelli Brusati,2024-10,171,436,2.50
017112,Monticelli Brusati,2024-11,66,292,4.40
017112,Monticelli Brusati,2024-12,67,229,3.40
017113,Montichiari,2019-01,1347,2565,1.90
017113,Montichiari,2019-02,1698,3871,2.30
017113,Montichiari,2019-03,1784,3439,1.90
017113,Montichiari,2019-04,2677,4592,1.70
017113,Montichiari,2019-05,2874,5065,1.80
017113,Montichiari,2019-06,2954,5260,1.80
017113,Montichiari,2019-07,2546,5335,2.10
017113,Montichiari,2019-08,1911,4728,2.50
017113,Montichiari,2019-09,2735,5619,2.10
017113,Montichiari,2019-10,2277,4623,2.00
017113,Montichiari,2019-11,1457,3290,2.30
017113,Montichiari,2019-12,1547,3211,2.10
017113,Montichiari,2020-01,1280,2709,2.10
017113,Montichiari,2020-02,1642,3544,2.20
017113,Montichiari,2020-03,171,676,4.00
017113,Montichiari,2020-04,8,228,28.50
017113,Montichiari,2020-05,203,533,2.60
017113,Montichiari,2020-06,589,1321,2.20
017113,Montichiari,2020-07,965,2556,2.60
017113,Montichiari,2020-08,1185,3535,3.00
017113,Montichiari,2020-09,1315,3981,3.00
017113,Montichiari,2020-10,1278,2575,2.00
017113,Montichiari,2020-11,690,1852,2.70
017113,Montichiari,2020-12,531,1179,2.20
017113,Montichiari,2021-01,664,1456,2.20
017113,Montichiari,2021-02,739,1589,2.20
017113,Montichiari,2021-03,609,1581,2.60
017113,Montichiari,2021-04,758,2023,2.70
017113,Montichiari,2021-05,1172,2948,2.50
017113,Montichiari,2021-06,1403,3130,2.20
017113,Montichiari,2021-07,1536,3237,2.10
017113,Montichiari,2021-08,2532,5608,2.20
017113,Montichiari,2021-09,2007,4104,2.00
017113,Montichiari,2021-10,2016,3969,2.00
017113,Montichiari,2021-11,1337,2849,2.10
017113,Montichiari,2021-12,738,1922,2.60
017113,Montichiari,2022-01,787,1723,2.20
017113,Montichiari,2022-02,1172,2905,2.50
017113,Montichiari,2022-03,1690,4384,2.60
017113,Montichiari,2022-04,2421,5604,2.30
017113,Montichiari,2022-05,2814,5962,2.10
017113,Montichiari,2022-06,2889,6121,2.10
017113,Montichiari,2022-07,2965,6747,2.30
017113,Montichiari,2022-08,2879,6687,2.30
017113,Montichiari,2022-09,3285,6194,1.90
017113,Montichiari,2022-10,2345,5523,2.40
017113,Montichiari,2022-11,2006,4398,2.20
017113,Montichiari,2022-12,1556,3853,2.50
017113,Montichiari,2023-01,1366,2620,1.90
017113,Montichiari,2023-02,1648,3261,2.00
017113,Montichiari,2023-03,2641,5090,1.90
017113,Montichiari,2023-04,2837,6111,2.20
017113,Montichiari,2023-05,2751,5098,1.90
017113,Montichiari,2023-06,3119,5965,1.90
017113,Montichiari,2023-07,3217,6498,2.00
017113,Montichiari,2023-08,2684,6216,2.30
017113,Montichiari,2023-09,3166,6000,1.90
017113,Montichiari,2023-10,2590,5146,2.00
017113,Montichiari,2023-11,1913,4412,2.30
017113,Montichiari,2023-12,1665,3759,2.30
017113,Montichiari,2024-01,1485,3353,2.30
017113,Montichiari,2024-02,1896,3705,2.00
017113,Montichiari,2024-03,2240,4472,2.00
017113,Montichiari,2024-04,2395,4472,1.90
017113,Montichiari,2024-05,2243,4658,2.10
017113,Montichiari,2024-06,2466,5200,2.10
017113,Montichiari,2024-07,2675,5626,2.10
017113,Montichiari,2024-08,2348,5609,2.40
017113,Montichiari,2024-09,2876,5684,2.00
017113,Montichiari,2024-10,2543,4906,1.90
017113,Montichiari,2024-11,1968,3855,2.00
017113,Montichiari,2024-12,1566,3205,2.00
017115,Mura,2020-01,0,0,0.00
017115,Mura,2020-02,0,0,0.00
017115,Mura,2020-03,0,0,0.00
017115,Mura,2020-04,0,0,0.00
017115,Mura,2020-05,0,0,0.00
017115,Mura,2020-06,2,12,6.00
017115,Mura,2020-07,0,44,0.00
017115,Mura,2020-08,11,47,4.30
017115,Mura,2020-09,0,0,0.00
017115,Mura,2020-10,0,0,0.00
017115,Mura,2020-11,0,0,0.00
017115,Mura,2020-12,6,12,2.00
017116,Muscoline,2019-01,0,0,0.00
017116,Muscoline,2019-02,0,0,0.00
017116,Muscoline,2019-03,7,13,1.90
017116,Muscoline,2019-04,25,106,4.20
017116,Muscoline,2019-05,9,73,8.10
017116,Muscoline,2019-06,79,321,4.10
017116,Muscoline,2019-07,103,397,3.90
017116,Muscoline,2019-08,170,668,3.90
017116,Muscoline,2019-09,108,231,2.10
017116,Muscoline,2019-10,23,116,5.00
017116,Muscoline,2019-11,11,21,1.90
017116,Muscoline,2019-12,30,48,1.60
017116,Muscoline,2020-01,12,29,2.40
017116,Muscoline,2020-02,22,33,1.50
017116,Muscoline,2020-03,2,8,4.00
017116,Muscoline,2020-04,2,2,1.00
017116,Muscoline,2020-05,17,34,2.00
017116,Muscoline,2020-06,22,78,3.50
017116,Muscoline,2020-07,71,227,3.20
017116,Muscoline,2020-08,128,366,2.90
017116,Muscoline,2020-09,34,88,2.60
017116,Muscoline,2020-10,16,73,4.60
017116,Muscoline,2020-11,4,27,6.80
017116,Muscoline,2020-12,1,2,2.00
017116,Muscoline,2021-01,5,39,7.80
017116,Muscoline,2021-02,23,82,3.60
017116,Muscoline,2021-03,4,65,16.30
017116,Muscoline,2021-04,19,42,2.20
017116,Muscoline,2021-05,38,130,3.40
017116,Muscoline,2021-06,66,259,3.90
017116,Muscoline,2021-07,118,457,3.90
017116,Muscoline,2021-08,145,538,3.70
017116,Muscoline,2021-09,69,269,3.90
017116,Muscoline,2021-10,43,179,4.20
017116,Muscoline,2021-11,29,88,3.00
017116,Muscoline,2021-12,15,74,4.90
017116,Muscoline,2022-01,17,50,2.90
017116,Muscoline,2022-02,19,59,3.10
017116,Muscoline,2022-03,32,84,2.60
017116,Muscoline,2022-04,63,147,2.30
017116,Muscoline,2022-05,80,221,2.80
017116,Muscoline,2022-06,88,479,5.40
017116,Muscoline,2022-07,169,679,4.00
017116,Muscoline,2022-08,191,925,4.80
017116,Muscoline,2022-09,114,447,3.90
017116,Muscoline,2022-10,67,235,3.50
017116,Muscoline,2022-11,26,177,6.80
017116,Muscoline,2022-12,36,138,3.80
017116,Muscoline,2023-01,42,138,3.30
017116,Muscoline,2023-02,39,203,5.20
017116,Muscoline,2023-03,42,130,3.10
017116,Muscoline,2023-04,84,336,4.00
017116,Muscoline,2023-05,89,285,3.20
017116,Muscoline,2023-06,99,470,4.70
017116,Muscoline,2023-07,188,908,4.80
017116,Muscoline,2023-08,215,1024,4.80
017116,Muscoline,2023-09,94,555,5.90
017116,Muscoline,2023-10,61,296,4.90
017116,Muscoline,2023-11,40,194,4.90
017116,Muscoline,2023-12,61,184,3.00
017116,Muscoline,2024-01,15,111,7.40
017116,Muscoline,2024-02,36,176,4.90
017116,Muscoline,2024-03,50,235,4.70
017116,Muscoline,2024-04,56,200,3.60
017116,Muscoline,2024-05,110,442,4.00
017116,Muscoline,2024-06,130,495,3.80
017116,Muscoline,2024-07,151,892,5.90
017116,Muscoline,2024-08,151,981,6.50
017116,Muscoline,2024-09,145,664,4.60
017116,Muscoline,2024-10,56,384,6.90
017116,Muscoline,2024-11,47,311,6.60
017116,Muscoline,2024-12,55,271,4.90
017118,Niardo,2020-01,6,28,4.70
017118,Niardo,2020-02,0,0,0.00
017118,Niardo,2020-03,0,0,0.00
017118,Niardo,2020-04,0,0,0.00
017118,Niardo,2020-05,0,0,0.00
017118,Niardo,2020-06,4,8,2.00
017118,Niardo,2020-07,2,10,5.00
017118,Niardo,2020-08,0,0,0.00
017118,Niardo,2020-09,9,9,1.00
017118,Niardo,2020-10,0,0,0.00
017118,Niardo,2020-11,0,0,0.00
017118,Niardo,2020-12,0,0,0.00
017118,Niardo,2021-01,0,0,0.00
017118,Niardo,2021-02,0,0,0.00
017118,Niardo,2021-03,0,0,0.00
017118,Niardo,2021-04,0,0,0.00
017118,Niardo,2021-05,0,0,0.00
017118,Niardo,2021-06,0,0,0.00
017118,Niardo,2021-07,5,7,1.40
017118,Niardo,2021-08,0,0,0.00
017118,Niardo,2021-09,0,0,0.00
017118,Niardo,2021-10,0,0,0.00
017118,Niardo,2021-11,0,0,0.00
017118,Niardo,2021-12,1,3,3.00
017118,Niardo,2024-01,0,0,0.00
017118,Niardo,2024-02,0,0,0.00
017118,Niardo,2024-03,31,33,1.10
017118,Niardo,2024-04,9,17,1.90
017118,Niardo,2024-05,0,0,0.00
017118,Niardo,2024-06,5,6,1.20
017118,Niardo,2024-07,19,32,1.70
017118,Niardo,2024-08,9,41,4.60
017118,Niardo,2024-09,3,8,2.70
017118,Niardo,2024-10,0,0,0.00
017118,Niardo,2024-11,13,64,4.90
017118,Niardo,2024-12,32,79,2.50
017119,Nuvolento,2020-01,0,1,0.00
017119,Nuvolento,2020-02,1,8,8.00
017119,Nuvolento,2020-03,1,20,20.00
017119,Nuvolento,2020-04,0,0,0.00
017119,Nuvolento,2020-05,0,0,0.00
017119,Nuvolento,2020-06,4,29,7.30
017119,Nuvolento,2020-07,14,48,3.40
017119,Nuvolento,2020-08,30,55,1.80
017119,Nuvolento,2020-09,3,12,4.00
017119,Nuvolento,2020-10,1,10,10.00
017119,Nuvolento,2020-11,3,45,15.00
017119,Nuvolento,2020-12,5,6,1.20
017119,Nuvolento,2021-01,4,21,5.30
017119,Nuvolento,2021-02,1,42,31.00
017119,Nuvolento,2021-03,4,32,8.00
017119,Nuvolento,2021-04,7,21,3.00
017119,Nuvolento,2021-05,0,35,0.00
017119,Nuvolento,2021-06,23,103,4.50
017119,Nuvolento,2021-07,17,97,5.70
017119,Nuvolento,2021-08,17,88,5.20
017119,Nuvolento,2021-09,10,60,6.00
017119,Nuvolento,2021-10,0,0,0.00
017119,Nuvolento,2021-11,4,8,2.00
017119,Nuvolento,2021-12,1,3,3.00
017119,Nuvolento,2022-01,3,31,10.30
017119,Nuvolento,2022-02,1,27,27.00
017119,Nuvolento,2022-03,8,51,6.40
017119,Nuvolento,2022-04,7,25,3.60
017119,Nuvolento,2022-05,1,1,1.00
017119,Nuvolento,2022-06,1,29,29.00
017119,Nuvolento,2022-07,12,108,9.00
017119,Nuvolento,2022-08,6,32,5.30
017119,Nuvolento,2022-09,3,63,21.00
017119,Nuvolento,2022-10,0,24,0.00
017119,Nuvolento,2022-11,8,30,3.80
017119,Nuvolento,2023-01,2,24,12.00
017119,Nuvolento,2023-02,0,6,0.00
017119,Nuvolento,2023-03,1,1,1.00
017119,Nuvolento,2023-04,21,77,3.70
017119,Nuvolento,2023-05,17,72,4.20
017119,Nuvolento,2023-06,13,51,3.90
017119,Nuvolento,2023-07,17,106,6.20
017119,Nuvolento,2023-08,11,45,4.10
017119,Nuvolento,2023-09,6,72,12.00
017119,Nuvolento,2023-10,2,24,12.00
017119,Nuvolento,2023-11,10,41,4.10
017119,Nuvolento,2023-12,3,48,16.00
017119,Nuvolento,2024-01,8,48,6.00
017119,Nuvolento,2024-02,3,20,6.70
017119,Nuvolento,2024-03,3,30,10.00
017119,Nuvolento,2024-04,30,100,3.30
017119,Nuvolento,2024-05,27,139,5.10
017119,Nuvolento,2024-06,24,84,3.50
017119,Nuvolento,2024-07,27,104,3.90
017119,Nuvolento,2024-08,25,130,5.20
017119,Nuvolento,2024-09,21,103,4.90
017119,Nuvolento,2024-10,10,33,3.30
017119,Nuvolento,2024-11,0,4,0.00
017119,Nuvolento,2024-12,13,60,4.60
017123,Ome,2019-01,357,609,1.70
017123,Ome,2019-02,123,290,2.40
017123,Ome,2019-03,116,354,3.10
017123,Ome,2019-04,183,390,2.10
017123,Ome,2019-05,142,353,2.50
017123,Ome,2019-06,206,612,3.00
017123,Ome,2019-07,351,1262,3.60
017123,Ome,2019-08,156,755,4.80
017123,Ome,2019-09,123,560,4.60
017123,Ome,2019-10,690,1229,1.80
017123,Ome,2019-11,509,1376,2.70
017123,Ome,2019-12,433,966,2.20
017123,Ome,2020-01,379,969,2.60
017123,Ome,2020-02,295,903,3.10
017123,Ome,2020-03,47,155,3.30
017123,Ome,2020-04,4,4,1.00
017123,Ome,2020-05,36,90,2.50
017123,Ome,2020-06,201,523,2.60
017123,Ome,2020-07,326,838,2.60
017123,Ome,2020-08,396,2659,6.70
017123,Ome,2020-09,512,1481,2.90
017123,Ome,2020-10,341,837,2.50
017123,Ome,2020-11,120,261,2.20
017123,Ome,2020-12,73,153,2.10
017123,Ome,2021-01,213,657,3.10
017123,Ome,2021-02,264,772,2.90
017123,Ome,2021-03,203,589,2.90
017123,Ome,2021-04,175,581,3.30
017123,Ome,2021-05,351,785,2.20
017123,Ome,2021-06,470,1132,2.40
017123,Ome,2021-07,654,1564,2.40
017123,Ome,2021-08,560,3030,5.40
017123,Ome,2021-09,602,1573,2.60
017123,Ome,2021-10,543,1184,2.20
017123,Ome,2021-11,561,4639,8.30
017123,Ome,2021-12,359,9158,25.50
017123,Ome,2022-01,266,366,1.40
017123,Ome,2022-02,305,378,1.20
017123,Ome,2022-03,378,640,1.70
017123,Ome,2022-04,539,1016,1.90
017123,Ome,2022-05,856,1553,1.80
017123,Ome,2022-06,930,1818,2.00
017123,Ome,2022-07,717,1501,2.10
017123,Ome,2022-08,681,1093,1.60
017123,Ome,2022-09,1137,1538,1.40
017123,Ome,2022-10,984,1351,1.40
017123,Ome,2022-11,714,1039,1.50
017123,Ome,2022-12,612,992,1.60
017123,Ome,2023-01,525,845,1.60
017123,Ome,2023-02,680,1493,2.20
017123,Ome,2023-03,764,1413,1.80
017123,Ome,2023-04,996,1545,1.60
017123,Ome,2023-05,995,2103,2.10
017123,Ome,2023-06,1089,1707,1.60
017123,Ome,2023-07,1050,1783,1.70
017123,Ome,2023-08,597,3340,5.60
017123,Ome,2023-09,1244,2268,1.80
017123,Ome,2023-10,1011,1844,1.80
017123,Ome,2023-11,784,1591,2.00
017123,Ome,2023-12,636,1203,1.90
017123,Ome,2024-01,484,1127,2.30
017123,Ome,2024-02,580,1461,2.50
017123,Ome,2024-03,663,1459,2.20
017123,Ome,2024-04,1202,2080,1.70
017123,Ome,2024-05,1090,2600,2.40
017123,Ome,2024-06,1180,2035,1.70
017123,Ome,2024-07,1010,1978,2.00
017123,Ome,2024-08,629,2884,4.60
017123,Ome,2024-09,1104,2284,2.10
017123,Ome,2024-10,1110,1971,1.80
017123,Ome,2024-11,752,1442,1.90
017123,Ome,2024-12,679,1406,2.10
017124,Ono San Pietro,2020-01,72,174,2.40
017124,Ono San Pietro,2020-02,0,0,0.00
017124,Ono San Pietro,2020-03,0,0,0.00
017124,Ono San Pietro,2020-04,0,0,0.00
017124,Ono San Pietro,2020-05,0,0,0.00
017124,Ono San Pietro,2020-06,0,0,0.00
017124,Ono San Pietro,2020-07,4,4,1.00
017124,Ono San Pietro,2020-08,50,190,3.80
017124,Ono San Pietro,2020-09,15,23,1.50
017124,Ono San Pietro,2020-10,58,282,4.90
017124,Ono San Pietro,2020-11,0,0,0.00
017124,Ono San Pietro,2020-12,0,0,0.00
017124,Ono San Pietro,2021-01,0,0,0.00
017124,Ono San Pietro,2021-02,0,0,0.00
017124,Ono San Pietro,2021-03,0,0,0.00
017124,Ono San Pietro,2021-04,0,0,0.00
017124,Ono San Pietro,2021-05,16,16,1.00
017124,Ono San Pietro,2021-06,0,0,0.00
017124,Ono San Pietro,2021-07,75,151,2.00
017124,Ono San Pietro,2021-08,218,441,2.00
017124,Ono San Pietro,2021-09,2,77,31.00
017124,Ono San Pietro,2021-10,1,1,1.00
017124,Ono San Pietro,2021-11,0,0,0.00
017124,Ono San Pietro,2021-12,1,1,1.00
017124,Ono San Pietro,2022-01,11,33,3.00
017124,Ono San Pietro,2022-03,33,42,1.30
017124,Ono San Pietro,2022-04,42,44,1.00
017124,Ono San Pietro,2022-05,45,51,1.10
017124,Ono San Pietro,2022-06,35,37,1.10
017124,Ono San Pietro,2022-07,160,482,3.00
017124,Ono San Pietro,2022-08,206,582,2.80
017124,Ono San Pietro,2022-09,59,75,1.30
017124,Ono San Pietro,2022-10,46,53,1.20
017124,Ono San Pietro,2022-11,10,12,1.20
017124,Ono San Pietro,2022-12,11,23,2.10
017124,Ono San Pietro,2023-01,16,42,2.60
017124,Ono San Pietro,2023-02,21,31,1.50
017124,Ono San Pietro,2023-03,155,184,1.20
017124,Ono San Pietro,2023-04,66,101,1.50
017124,Ono San Pietro,2023-05,95,167,1.80
017124,Ono San Pietro,2023-06,50,97,1.90
017124,Ono San Pietro,2023-07,251,954,3.80
017124,Ono San Pietro,2023-08,271,675,2.50
017124,Ono San Pietro,2023-09,121,283,2.30
017124,Ono San Pietro,2023-10,90,114,1.30
017124,Ono San Pietro,2023-11,39,49,1.30
017124,Ono San Pietro,2023-12,139,332,2.40
017124,Ono San Pietro,2024-01,96,224,2.30
017124,Ono San Pietro,2024-02,20,22,1.10
017124,Ono San Pietro,2024-03,67,153,2.30
017124,Ono San Pietro,2024-04,48,64,1.30
017124,Ono San Pietro,2024-05,25,41,1.60
017124,Ono San Pietro,2024-06,106,172,1.60
017124,Ono San Pietro,2024-07,157,619,3.90
017124,Ono San Pietro,2024-08,253,590,2.30
017124,Ono San Pietro,2024-09,109,175,1.60
017124,Ono San Pietro,2024-10,18,21,1.20
017124,Ono San Pietro,2024-11,37,42,1.10
017124,Ono San Pietro,2024-12,50,177,3.50
017126,Orzivecchi,2023-01,1524,2169,1.40
017126,Orzivecchi,2023-02,1399,2009,1.40
017126,Orzivecchi,2023-03,1512,2151,1.40
017126,Orzivecchi,2023-04,1595,2414,1.50
017126,Orzivecchi,2023-05,1576,2272,1.40
017126,Orzivecchi,2023-06,1561,2473,1.60
017126,Orzivecchi,2023-07,1856,2732,1.50
017126,Orzivecchi,2023-08,1527,2538,1.70
017126,Orzivecchi,2023-09,1543,2308,1.50
017126,Orzivecchi,2023-10,1508,2544,1.70
017126,Orzivecchi,2023-11,1297,2500,1.90
017126,Orzivecchi,2023-12,1458,2275,1.60
017126,Orzivecchi,2024-01,1354,2006,1.50
017126,Orzivecchi,2024-02,1273,2106,1.70
017126,Orzivecchi,2024-03,1524,2362,1.50
017126,Orzivecchi,2024-04,1470,2520,1.70
017126,Orzivecchi,2024-05,1428,2285,1.60
017126,Orzivecchi,2024-06,1431,2433,1.70
017126,Orzivecchi,2024-07,1646,2552,1.60
017126,Orzivecchi,2024-08,1554,2376,1.50
017126,Orzivecchi,2024-09,1572,2657,1.70
017126,Orzivecchi,2024-10,1445,2981,2.10
017126,Orzivecchi,2024-11,1574,2534,1.60
017126,Orzivecchi,2024-12,2220,3688,1.70
017128,Ossimo,2020-01,14,42,3.00
017128,Ossimo,2020-02,25,74,3.00
017128,Ossimo,2020-03,2,7,3.50
017128,Ossimo,2020-04,0,0,0.00
017128,Ossimo,2020-05,0,0,0.00
017128,Ossimo,2020-06,0,0,0.00
017128,Ossimo,2020-07,0,0,0.00
017128,Ossimo,2020-08,24,154,6.40
017128,Ossimo,2020-09,2,16,8.00
017128,Ossimo,2020-10,2,8,4.00
017128,Ossimo,2020-11,1,2,2.00
017128,Ossimo,2020-12,0,8,0.00
017128,Ossimo,2021-01,0,0,0.00
017128,Ossimo,2021-02,0,0,0.00
017128,Ossimo,2021-03,0,0,0.00
017128,Ossimo,2021-04,0,0,0.00
017128,Ossimo,2021-05,8,18,2.30
017128,Ossimo,2021-06,14,124,8.90
017128,Ossimo,2021-07,18,104,5.80
017128,Ossimo,2021-08,16,169,10.60
017128,Ossimo,2021-09,10,54,5.40
017128,Ossimo,2021-10,0,0,0.00
017128,Ossimo,2021-11,0,0,0.00
017128,Ossimo,2021-12,8,24,3.00
017128,Ossimo,2022-01,8,34,4.30
017128,Ossimo,2022-03,2,6,3.00
017128,Ossimo,2022-04,4,22,5.50
017128,Ossimo,2022-05,4,20,5.00
017128,Ossimo,2022-06,7,21,3.00
017128,Ossimo,2022-07,15,68,4.50
017128,Ossimo,2022-08,17,132,7.80
017128,Ossimo,2022-09,4,24,6.00
017128,Ossimo,2022-10,1,1,1.00
017128,Ossimo,2022-11,2,44,22.00
017128,Ossimo,2022-12,11,29,2.60
017128,Ossimo,2024-01,3,9,3.00
017128,Ossimo,2024-02,0,0,0.00
017128,Ossimo,2024-03,0,0,0.00
017128,Ossimo,2024-04,2,2,1.00
017128,Ossimo,2024-05,2,4,2.00
017128,Ossimo,2024-06,4,4,1.00
017128,Ossimo,2024-07,5,17,3.40
017128,Ossimo,2024-08,4,32,8.00
017128,Ossimo,2024-09,2,8,4.00
017128,Ossimo,2024-10,0,0,0.00
017128,Ossimo,2024-11,4,4,1.00
017128,Ossimo,2024-12,13,40,3.10
017129,Padenghe sul Garda,2019-01,386,718,1.90
017129,Padenghe sul Garda,2019-02,390,797,2.00
017129,Padenghe sul Garda,2019-03,1080,3163,2.90
017129,Padenghe sul Garda,2019-04,4804,15348,3.20
017129,Padenghe sul Garda,2019-05,4278,14367,3.40
017129,Padenghe sul Garda,2019-06,8886,33076,3.70
017129,Padenghe sul Garda,2019-07,9763,46350,4.70
017129,Padenghe sul Garda,2019-08,10179,53125,5.20
017129,Padenghe sul Garda,2019-09,5986,25952,4.30
017129,Padenghe sul Garda,2019-10,3177,13744,4.30
017129,Padenghe sul Garda,2019-11,1156,2514,2.20
017129,Padenghe sul Garda,2019-12,1317,2937,2.20
017129,Padenghe sul Garda,2020-01,341,1211,3.60
017129,Padenghe sul Garda,2020-02,655,1427,2.20
017129,Padenghe sul Garda,2020-03,59,283,4.80
017129,Padenghe sul Garda,2020-04,0,29,0.00
017129,Padenghe sul Garda,2020-05,881,1958,2.20
017129,Padenghe sul Garda,2020-06,2652,9483,3.60
017129,Padenghe sul Garda,2020-07,5461,24192,4.40
017129,Padenghe sul Garda,2020-08,7679,40274,5.20
017129,Padenghe sul Garda,2020-09,4678,24489,5.20
017129,Padenghe sul Garda,2020-10,1522,8946,5.90
017129,Padenghe sul Garda,2020-11,107,3137,29.30
017129,Padenghe sul Garda,2020-12,345,3680,10.70
017129,Padenghe sul Garda,2021-01,115,514,4.50
017129,Padenghe sul Garda,2021-02,674,1301,1.90
017129,Padenghe sul Garda,2021-03,222,933,4.20
017129,Padenghe sul Garda,2021-04,642,2026,3.20
017129,Padenghe sul Garda,2021-05,3674,14354,3.90
017129,Padenghe sul Garda,2021-06,6804,32068,4.70
017129,Padenghe sul Garda,2021-07,10618,50412,4.70
017129,Padenghe sul Garda,2021-08,11061,72062,6.50
017129,Padenghe sul Garda,2021-09,7542,49587,6.60
017129,Padenghe sul Garda,2021-10,4701,31676,6.70
017129,Padenghe sul Garda,2021-11,1283,13612,10.60
017129,Padenghe sul Garda,2021-12,1001,12992,13.00
017129,Padenghe sul Garda,2022-01,1207,2485,2.10
017129,Padenghe sul Garda,2022-02,1381,2367,1.70
017129,Padenghe sul Garda,2022-03,1507,3547,2.40
017129,Padenghe sul Garda,2022-04,6902,25279,3.70
017129,Padenghe sul Garda,2022-05,6501,32787,5.00
017129,Padenghe sul Garda,2022-06,10906,57914,5.30
017129,Padenghe sul Garda,2022-07,11228,70299,6.30
017129,Padenghe sul Garda,2022-08,10819,80685,7.50
017129,Padenghe sul Garda,2022-09,7632,46590,6.10
017129,Padenghe sul Garda,2022-10,4344,17786,4.10
017129,Padenghe sul Garda,2022-11,1231,3829,3.10
017129,Padenghe sul Garda,2022-12,1072,2975,2.80
017129,Padenghe sul Garda,2023-01,1033,2293,2.20
017129,Padenghe sul Garda,2023-02,1477,2712,1.80
017129,Padenghe sul Garda,2023-03,2221,4993,2.20
017129,Padenghe sul Garda,2023-04,6488,21050,3.20
017129,Padenghe sul Garda,2023-05,6844,26684,3.90
017129,Padenghe sul Garda,2023-06,10096,47854,4.70
017129,Padenghe sul Garda,2023-07,12768,68276,5.30
017129,Padenghe sul Garda,2023-08,11938,77351,6.50
017129,Padenghe sul Garda,2023-09,8808,41808,4.70
017129,Padenghe sul Garda,2023-10,4966,23861,4.80
017129,Padenghe sul Garda,2023-11,1480,4438,3.00
017129,Padenghe sul Garda,2023-12,1527,3476,2.30
017129,Padenghe sul Garda,2024-01,1445,3167,2.20
017129,Padenghe sul Garda,2024-02,1715,3072,1.80
017129,Padenghe sul Garda,2024-03,3851,10640,2.80
017129,Padenghe sul Garda,2024-04,5769,19397,3.40
017129,Padenghe sul Garda,2024-05,11517,50631,4.40
017129,Padenghe sul Garda,2024-06,9914,41939,4.20
017129,Padenghe sul Garda,2024-07,11456,58663,5.10
017129,Padenghe sul Garda,2024-08,11393,63288,5.60
017129,Padenghe sul Garda,2024-09,6654,31337,4.70
017129,Padenghe sul Garda,2024-10,3797,12757,3.40
017129,Padenghe sul Garda,2024-11,2023,8152,4.00
017129,Padenghe sul Garda,2024-12,1722,3385,2.00
017130,Paderno Franciacorta,2019-01,22,25,1.10
017130,Paderno Franciacorta,2019-02,31,42,1.40
017130,Paderno Franciacorta,2019-03,30,73,2.40
017130,Paderno Franciacorta,2019-04,49,90,1.80
017130,Paderno Franciacorta,2019-05,52,91,1.80
017130,Paderno Franciacorta,2019-06,43,80,1.90
017130,Paderno Franciacorta,2019-07,46,98,2.10
017130,Paderno Franciacorta,2019-08,55,103,1.90
017130,Paderno Franciacorta,2019-09,45,126,2.80
017130,Paderno Franciacorta,2019-10,68,108,1.60
017130,Paderno Franciacorta,2019-11,39,105,2.70
017130,Paderno Franciacorta,2019-12,24,79,3.30
017130,Paderno Franciacorta,2020-01,23,29,1.30
017130,Paderno Franciacorta,2020-02,33,73,2.20
017130,Paderno Franciacorta,2020-03,1,106,31.00
017130,Paderno Franciacorta,2020-04,0,0,0.00
017130,Paderno Franciacorta,2020-05,6,11,1.80
017130,Paderno Franciacorta,2020-06,11,43,3.90
017130,Paderno Franciacorta,2020-07,33,129,3.90
017130,Paderno Franciacorta,2020-08,18,57,3.20
017130,Paderno Franciacorta,2020-09,91,127,1.40
017130,Paderno Franciacorta,2020-10,43,62,1.40
017130,Paderno Franciacorta,2020-11,4,60,15.00
017130,Paderno Franciacorta,2020-12,15,183,12.20
017130,Paderno Franciacorta,2021-01,6,165,27.50
017130,Paderno Franciacorta,2021-02,15,77,5.10
017130,Paderno Franciacorta,2021-03,14,120,8.60
017130,Paderno Franciacorta,2021-04,4,6,1.50
017130,Paderno Franciacorta,2021-05,37,127,3.40
017130,Paderno Franciacorta,2021-06,42,98,2.30
017130,Paderno Franciacorta,2021-07,31,167,5.40
017130,Paderno Franciacorta,2021-08,57,189,3.30
017130,Paderno Franciacorta,2021-09,85,108,1.30
017130,Paderno Franciacorta,2021-10,65,123,1.90
017130,Paderno Franciacorta,2021-11,23,34,1.50
017130,Paderno Franciacorta,2021-12,11,11,1.00
017130,Paderno Franciacorta,2022-01,9,13,1.40
017130,Paderno Franciacorta,2022-02,32,57,1.80
017130,Paderno Franciacorta,2022-03,29,205,7.10
017130,Paderno Franciacorta,2022-04,31,162,5.20
017130,Paderno Franciacorta,2022-05,42,195,4.60
017130,Paderno Franciacorta,2022-06,65,256,3.90
017130,Paderno Franciacorta,2022-07,68,231,3.40
017130,Paderno Franciacorta,2022-08,64,278,4.30
017130,Paderno Franciacorta,2022-09,58,107,1.80
017130,Paderno Franciacorta,2022-10,56,170,3.00
017130,Paderno Franciacorta,2022-11,33,77,2.30
017130,Paderno Franciacorta,2022-12,23,61,2.70
017130,Paderno Franciacorta,2023-01,6,30,5.00
017130,Paderno Franciacorta,2023-02,7,27,3.90
017130,Paderno Franciacorta,2023-03,33,63,1.90
017130,Paderno Franciacorta,2023-04,64,191,3.00
017130,Paderno Franciacorta,2023-05,75,156,2.10
017130,Paderno Franciacorta,2023-06,104,205,2.00
017130,Paderno Franciacorta,2023-07,230,497,2.20
017130,Paderno Franciacorta,2023-08,170,326,1.90
017130,Paderno Franciacorta,2023-09,354,696,2.00
017130,Paderno Franciacorta,2023-10,297,816,2.70
017130,Paderno Franciacorta,2023-11,290,674,2.30
017130,Paderno Franciacorta,2023-12,176,490,2.80
017130,Paderno Franciacorta,2024-01,135,285,2.10
017130,Paderno Franciacorta,2024-02,149,448,3.00
017130,Paderno Franciacorta,2024-03,353,565,1.60
017130,Paderno Franciacorta,2024-04,324,573,1.80
017130,Paderno Franciacorta,2024-05,444,822,1.90
017130,Paderno Franciacorta,2024-06,347,698,2.00
017130,Paderno Franciacorta,2024-07,343,679,2.00
017130,Paderno Franciacorta,2024-08,222,433,2.00
017130,Paderno Franciacorta,2024-09,355,661,1.90
017130,Paderno Franciacorta,2024-10,225,532,2.40
017130,Paderno Franciacorta,2024-11,330,744,2.30
017130,Paderno Franciacorta,2024-12,206,381,1.80
017131,Paisco Loveno,2019-01,0,0,0.00
017131,Paisco Loveno,2019-02,0,0,0.00
017131,Paisco Loveno,2019-03,0,0,0.00
017131,Paisco Loveno,2019-04,0,0,0.00
017131,Paisco Loveno,2019-05,0,0,0.00
017131,Paisco Loveno,2019-06,25,25,1.00
017131,Paisco Loveno,2019-07,78,78,1.00
017131,Paisco Loveno,2019-08,129,129,1.00
017131,Paisco Loveno,2019-09,33,33,1.00
017131,Paisco Loveno,2019-10,0,0,0.00
017131,Paisco Loveno,2019-11,0,0,0.00
017131,Paisco Loveno,2019-12,0,0,0.00
017131,Paisco Loveno,2020-01,0,0,0.00
017131,Paisco Loveno,2020-02,0,0,0.00
017131,Paisco Loveno,2020-03,0,0,0.00
017131,Paisco Loveno,2020-04,0,0,0.00
017131,Paisco Loveno,2020-05,0,0,0.00
017131,Paisco Loveno,2020-06,0,0,0.00
017131,Paisco Loveno,2020-07,0,0,0.00
017131,Paisco Loveno,2020-08,0,0,0.00
017131,Paisco Loveno,2020-09,0,0,0.00
017131,Paisco Loveno,2020-10,0,0,0.00
017131,Paisco Loveno,2020-11,0,0,0.00
017131,Paisco Loveno,2020-12,0,0,0.00
017131,Paisco Loveno,2024-01,0,0,0.00
017131,Paisco Loveno,2024-02,0,0,0.00
017131,Paisco Loveno,2024-03,3,3,1.00
017131,Paisco Loveno,2024-04,8,18,2.30
017131,Paisco Loveno,2024-05,17,46,2.70
017131,Paisco Loveno,2024-06,17,39,2.30
017131,Paisco Loveno,2024-07,124,157,1.30
017131,Paisco Loveno,2024-08,178,298,1.70
017131,Paisco Loveno,2024-09,35,54,1.50
017131,Paisco Loveno,2024-10,16,44,2.80
017131,Paisco Loveno,2024-11,17,31,1.80
017131,Paisco Loveno,2024-12,30,56,1.90
017133,Palazzolo sull'Oglio,2019-01,622,1244,2.00
017133,Palazzolo sull'Oglio,2019-02,690,1433,2.10
017133,Palazzolo sull'Oglio,2019-03,740,1628,2.20
017133,Palazzolo sull'Oglio,2019-04,880,1785,2.00
017133,Palazzolo sull'Oglio,2019-05,947,2109,2.20
017133,Palazzolo sull'Oglio,2019-06,952,1738,1.80
017133,Palazzolo sull'Oglio,2019-07,877,1592,1.80
017133,Palazzolo sull'Oglio,2019-08,499,801,1.60
017133,Palazzolo sull'Oglio,2019-09,964,1882,2.00
017133,Palazzolo sull'Oglio,2019-10,755,1485,2.00
017133,Palazzolo sull'Oglio,2019-11,757,1513,2.00
017133,Palazzolo sull'Oglio,2019-12,623,1109,1.80
017133,Palazzolo sull'Oglio,2020-01,592,1074,1.80
017133,Palazzolo sull'Oglio,2020-02,536,1193,2.20
017133,Palazzolo sull'Oglio,2020-03,53,304,5.70
017133,Palazzolo sull'Oglio,2020-04,3,103,31.00
017133,Palazzolo sull'Oglio,2020-05,152,468,3.10
017133,Palazzolo sull'Oglio,2020-06,391,941,2.40
017133,Palazzolo sull'Oglio,2020-07,456,945,2.10
017133,Palazzolo sull'Oglio,2020-08,363,952,2.60
017133,Palazzolo sull'Oglio,2020-09,543,1000,1.80
017133,Palazzolo sull'Oglio,2020-10,488,965,2.00
017133,Palazzolo sull'Oglio,2020-11,189,530,2.80
017133,Palazzolo sull'Oglio,2020-12,217,539,2.50
017133,Palazzolo sull'Oglio,2021-01,243,522,2.10
017133,Palazzolo sull'Oglio,2021-02,387,822,2.10
017133,Palazzolo sull'Oglio,2021-03,236,842,3.60
017133,Palazzolo sull'Oglio,2021-04,336,887,2.60
017133,Palazzolo sull'Oglio,2021-05,486,946,1.90
017133,Palazzolo sull'Oglio,2021-06,494,1178,2.40
017133,Palazzolo sull'Oglio,2021-07,549,1136,2.10
017133,Palazzolo sull'Oglio,2021-08,499,1262,2.50
017133,Palazzolo sull'Oglio,2021-09,644,1125,1.70
017133,Palazzolo sull'Oglio,2021-10,568,864,1.50
017133,Palazzolo sull'Oglio,2021-11,466,720,1.50
017133,Palazzolo sull'Oglio,2021-12,430,704,1.60
017133,Palazzolo sull'Oglio,2022-01,496,1080,2.20
017133,Palazzolo sull'Oglio,2022-02,504,990,2.00
017133,Palazzolo sull'Oglio,2022-03,633,1284,2.00
017133,Palazzolo sull'Oglio,2022-04,778,1456,1.90
017133,Palazzolo sull'Oglio,2022-05,686,1368,2.00
017133,Palazzolo sull'Oglio,2022-06,619,1696,2.70
017133,Palazzolo sull'Oglio,2022-07,552,1573,2.80
017133,Palazzolo sull'Oglio,2022-08,267,969,3.60
017133,Palazzolo sull'Oglio,2022-09,619,1415,2.30
017133,Palazzolo sull'Oglio,2022-10,506,1168,2.30
017133,Palazzolo sull'Oglio,2022-11,550,1043,1.90
017133,Palazzolo sull'Oglio,2022-12,501,832,1.70
017133,Palazzolo sull'Oglio,2023-01,550,948,1.70
017133,Palazzolo sull'Oglio,2023-02,521,1002,1.90
017133,Palazzolo sull'Oglio,2023-03,613,1118,1.80
017133,Palazzolo sull'Oglio,2023-04,764,1446,1.90
017133,Palazzolo sull'Oglio,2023-05,734,1452,2.00
017133,Palazzolo sull'Oglio,2023-06,717,1423,2.00
017133,Palazzolo sull'Oglio,2023-07,750,1205,1.60
017133,Palazzolo sull'Oglio,2023-08,377,726,1.90
017133,Palazzolo sull'Oglio,2023-09,715,1327,1.90
017133,Palazzolo sull'Oglio,2023-10,568,1140,2.00
017133,Palazzolo sull'Oglio,2023-11,391,778,2.00
017133,Palazzolo sull'Oglio,2023-12,423,705,1.70
017133,Palazzolo sull'Oglio,2024-01,541,968,1.80
017133,Palazzolo sull'Oglio,2024-02,514,932,1.80
017133,Palazzolo sull'Oglio,2024-03,639,1134,1.80
017133,Palazzolo sull'Oglio,2024-04,563,1050,1.90
017133,Palazzolo sull'Oglio,2024-05,718,1316,1.80
017133,Palazzolo sull'Oglio,2024-06,616,1085,1.80
017133,Palazzolo sull'Oglio,2024-07,716,1443,2.00
017133,Palazzolo sull'Oglio,2024-08,386,870,2.30
017133,Palazzolo sull'Oglio,2024-09,733,1451,2.00
017133,Palazzolo sull'Oglio,2024-10,595,1320,2.20
017133,Palazzolo sull'Oglio,2024-11,423,855,2.00
017133,Palazzolo sull'Oglio,2024-12,400,913,2.30
017134,Paratico,2019-01,577,1148,2.00
017134,Paratico,2019-02,658,1103,1.70
017134,Paratico,2019-03,931,1623,1.70
017134,Paratico,2019-04,1126,1913,1.70
017134,Paratico,2019-05,1111,2013,1.80
017134,Paratico,2019-06,1146,2503,2.20
017134,Paratico,2019-07,1136,3145,2.80
017134,Paratico,2019-08,975,3468,3.60
017134,Paratico,2019-09,1340,2410,1.80
017134,Paratico,2019-10,888,1631,1.80
017134,Paratico,2019-11,594,1020,1.70
017134,Paratico,2019-12,776,1457,1.90
017134,Paratico,2020-01,738,1485,2.00
017134,Paratico,2020-02,677,1234,1.80
017134,Paratico,2020-03,79,192,2.40
017134,Paratico,2020-04,18,47,2.60
017134,Paratico,2020-05,215,364,1.70
017134,Paratico,2020-06,437,742,1.70
017134,Paratico,2020-07,691,1731,2.50
017134,Paratico,2020-08,844,2560,3.00
017134,Paratico,2020-09,789,1505,1.90
017134,Paratico,2020-10,489,850,1.70
017134,Paratico,2020-11,191,402,2.10
017134,Paratico,2020-12,213,712,3.30
017134,Paratico,2021-01,200,486,2.40
017134,Paratico,2021-02,492,780,1.60
017134,Paratico,2021-03,297,661,2.20
017134,Paratico,2021-04,285,782,2.70
017134,Paratico,2021-05,817,1486,1.80
017134,Paratico,2021-06,916,1876,2.00
017134,Paratico,2021-07,1044,2840,2.70
017134,Paratico,2021-08,1026,3691,3.60
017134,Paratico,2021-09,1057,2153,2.00
017134,Paratico,2021-10,504,1866,3.70
017134,Paratico,2021-11,323,1376,4.30
017134,Paratico,2021-12,358,1584,4.40
017134,Paratico,2022-01,345,775,2.20
017134,Paratico,2022-02,401,810,2.00
017134,Paratico,2022-03,608,1246,2.00
017134,Paratico,2022-04,1147,2116,1.80
017134,Paratico,2022-05,1175,2199,1.90
017134,Paratico,2022-06,1298,3010,2.30
017134,Paratico,2022-07,1714,4051,2.40
017134,Paratico,2022-08,1297,4299,3.30
017134,Paratico,2022-09,1538,3237,2.10
017134,Paratico,2022-10,1303,2636,2.00
017134,Paratico,2022-11,881,1472,1.70
017134,Paratico,2022-12,689,1381,2.00
017134,Paratico,2023-01,711,1258,1.80
017134,Paratico,2023-02,788,1394,1.80
017134,Paratico,2023-03,820,1615,2.00
017134,Paratico,2023-04,1485,2741,1.80
017134,Paratico,2023-05,1419,3083,2.20
017134,Paratico,2023-06,1800,3557,2.00
017134,Paratico,2023-07,1741,4529,2.60
017134,Paratico,2023-08,1407,4933,3.50
017134,Paratico,2023-09,1777,3694,2.10
017134,Paratico,2023-10,1477,2734,1.90
017134,Paratico,2023-11,1084,2068,1.90
017134,Paratico,2023-12,839,1585,1.90
017134,Paratico,2024-01,701,1238,1.80
017134,Paratico,2024-02,708,1263,1.80
017134,Paratico,2024-03,1124,2027,1.80
017134,Paratico,2024-04,1574,2703,1.70
017134,Paratico,2024-05,1903,3663,1.90
017134,Paratico,2024-06,1762,3721,2.10
017134,Paratico,2024-07,1843,4965,2.70
017134,Paratico,2024-08,1589,5077,3.20
017134,Paratico,2024-09,1920,4030,2.10
017134,Paratico,2024-10,1566,2696,1.70
017134,Paratico,2024-11,1039,1839,1.80
017134,Paratico,2024-12,493,904,1.80
017135,Paspardo,2024-01,0,0,0.00
017135,Paspardo,2024-02,0,0,0.00
017135,Paspardo,2024-03,2,2,1.00
017135,Paspardo,2024-04,0,0,0.00
017135,Paspardo,2024-05,0,0,0.00
017135,Paspardo,2024-06,0,0,0.00
017135,Paspardo,2024-07,0,0,0.00
017135,Paspardo,2024-08,1,1,1.00
017135,Paspardo,2024-09,0,0,0.00
017135,Paspardo,2024-10,9,13,1.40
017135,Paspardo,2024-11,6,12,2.00
017135,Paspardo,2024-12,9,19,2.10
017136,Passirano,2019-01,36,142,3.90
017136,Passirano,2019-02,36,100,2.80
017136,Passirano,2019-03,51,157,3.10
017136,Passirano,2019-04,116,250,2.20
017136,Passirano,2019-05,174,331,1.90
017136,Passirano,2019-06,188,389,2.10
017136,Passirano,2019-07,221,485,2.20
017136,Passirano,2019-08,279,660,2.40
017136,Passirano,2019-09,171,413,2.40
017136,Passirano,2019-10,179,387,2.20
017136,Passirano,2019-11,124,271,2.20
017136,Passirano,2019-12,114,251,2.20
017136,Passirano,2020-01,52,133,2.60
017136,Passirano,2020-02,55,152,2.80
017136,Passirano,2020-03,25,147,5.90
017136,Passirano,2020-04,9,126,14.00
017136,Passirano,2020-05,35,165,4.70
017136,Passirano,2020-06,80,182,2.30
017136,Passirano,2020-07,201,462,2.30
017136,Passirano,2020-08,243,621,2.60
017136,Passirano,2020-09,258,508,2.00
017136,Passirano,2020-10,147,345,2.30
017136,Passirano,2020-11,14,75,5.40
017136,Passirano,2020-12,33,134,4.10
017136,Passirano,2021-01,19,87,4.60
017136,Passirano,2021-02,80,203,2.50
017136,Passirano,2021-03,96,281,2.90
017136,Passirano,2021-04,86,199,2.30
017136,Passirano,2021-05,230,540,2.30
017136,Passirano,2021-06,330,580,1.80
017136,Passirano,2021-07,406,802,2.00
017136,Passirano,2021-08,489,1053,2.20
017136,Passirano,2021-09,384,676,1.80
017136,Passirano,2021-10,303,528,1.70
017136,Passirano,2021-11,176,384,2.20
017136,Passirano,2021-12,116,287,2.50
017136,Passirano,2022-01,82,250,3.00
017136,Passirano,2022-02,126,324,2.60
017136,Passirano,2022-03,162,327,2.00
017136,Passirano,2022-04,317,641,2.00
017136,Passirano,2022-05,358,610,1.70
017136,Passirano,2022-06,449,773,1.70
017136,Passirano,2022-07,524,957,1.80
017136,Passirano,2022-08,420,1028,2.40
017136,Passirano,2022-09,469,844,1.80
017136,Passirano,2022-10,287,587,2.00
017136,Passirano,2022-11,118,253,2.10
017136,Passirano,2022-12,153,273,1.80
017136,Passirano,2023-01,54,272,5.00
017136,Passirano,2023-02,77,251,3.30
017136,Passirano,2023-03,145,336,2.30
017136,Passirano,2023-04,416,830,2.00
017136,Passirano,2023-05,362,684,1.90
017136,Passirano,2023-06,482,897,1.90
017136,Passirano,2023-07,420,843,2.00
017136,Passirano,2023-08,379,996,2.60
017136,Passirano,2023-09,433,804,1.90
017136,Passirano,2023-10,354,698,2.00
017136,Passirano,2023-11,197,408,2.10
017136,Passirano,2023-12,122,203,1.70
017136,Passirano,2024-01,38,93,2.40
017136,Passirano,2024-02,89,219,2.50
017136,Passirano,2024-03,209,384,1.80
017136,Passirano,2024-04,312,602,1.90
017136,Passirano,2024-05,416,658,1.60
017136,Passirano,2024-06,454,831,1.80
017136,Passirano,2024-07,477,929,1.90
017136,Passirano,2024-08,512,1325,2.60
017136,Passirano,2024-09,506,901,1.80
017136,Passirano,2024-10,297,592,2.00
017136,Passirano,2024-11,192,316,1.60
017136,Passirano,2024-12,150,469,3.10
017139,Pertica Alta,2019-01,0,0,0.00
017139,Pertica Alta,2019-02,14,15,1.10
017139,Pertica Alta,2019-03,2,2,1.00
017139,Pertica Alta,2019-04,13,21,1.60
017139,Pertica Alta,2019-05,14,18,1.30
017139,Pertica Alta,2019-06,1,1,1.00
017139,Pertica Alta,2019-07,50,149,3.00
017139,Pertica Alta,2019-08,82,267,3.30
017139,Pertica Alta,2019-09,0,8,0.00
017139,Pertica Alta,2019-10,3,13,4.30
017139,Pertica Alta,2019-11,0,0,0.00
017139,Pertica Alta,2019-12,7,70,10.00
017139,Pertica Alta,2020-01,0,21,0.00
017139,Pertica Alta,2020-02,0,0,0.00
017139,Pertica Alta,2020-03,0,0,0.00
017139,Pertica Alta,2020-04,0,0,0.00
017139,Pertica Alta,2020-05,0,0,0.00
017139,Pertica Alta,2020-06,5,11,2.20
017139,Pertica Alta,2020-07,4,114,28.50
017139,Pertica Alta,2020-08,20,80,4.00
017139,Pertica Alta,2020-09,6,22,3.70
017139,Pertica Alta,2020-10,1,13,13.00
017139,Pertica Alta,2020-11,0,0,0.00
017139,Pertica Alta,2020-12,0,0,0.00
017139,Pertica Alta,2021-01,0,0,0.00
017139,Pertica Alta,2021-02,0,0,0.00
017139,Pertica Alta,2021-03,0,0,0.00
017139,Pertica Alta,2021-04,8,72,9.00
017139,Pertica Alta,2021-05,9,30,3.30
017139,Pertica Alta,2021-06,0,0,0.00
017139,Pertica Alta,2021-07,4,4,1.00
017139,Pertica Alta,2021-08,10,65,6.50
017139,Pertica Alta,2021-09,4,4,1.00
017139,Pertica Alta,2021-10,0,0,0.00
017139,Pertica Alta,2021-11,0,0,0.00
017139,Pertica Alta,2021-12,0,0,0.00
017139,Pertica Alta,2022-02,1,5,5.00
017139,Pertica Alta,2022-03,0,23,0.00
017139,Pertica Alta,2022-04,24,48,2.00
017139,Pertica Alta,2022-06,32,51,1.60
017139,Pertica Alta,2022-07,68,336,4.90
017139,Pertica Alta,2022-08,79,374,4.70
017139,Pertica Alta,2022-09,26,50,1.90
017139,Pertica Alta,2022-10,28,65,2.30
017139,Pertica Alta,2022-11,2,2,1.00
017139,Pertica Alta,2022-12,17,23,1.40
017139,Pertica Alta,2023-01,0,9,0.00
017139,Pertica Alta,2023-03,4,4,1.00
017139,Pertica Alta,2023-04,34,117,3.40
017139,Pertica Alta,2023-05,30,154,5.10
017139,Pertica Alta,2023-06,41,91,2.20
017139,Pertica Alta,2023-07,57,288,5.10
017139,Pertica Alta,2023-08,61,439,7.20
017139,Pertica Alta,2023-09,5,16,3.20
017139,Pertica Alta,2023-10,10,37,3.70
017139,Pertica Alta,2023-11,3,18,6.00
017139,Pertica Alta,2023-12,1,2,2.00
017139,Pertica Alta,2024-01,2,6,3.00
017139,Pertica Alta,2024-02,10,42,4.20
017139,Pertica Alta,2024-03,24,90,3.80
017139,Pertica Alta,2024-04,22,78,3.50
017139,Pertica Alta,2024-05,21,73,3.50
017139,Pertica Alta,2024-06,18,102,5.70
017139,Pertica Alta,2024-07,39,187,4.80
017139,Pertica Alta,2024-08,36,220,6.10
017139,Pertica Alta,2024-09,20,100,5.00
017139,Pertica Alta,2024-10,3,6,2.00
017139,Pertica Alta,2024-11,12,39,3.30
017139,Pertica Alta,2024-12,6,24,4.00
017140,Pertica Bassa,2019-01,5,7,1.40
017140,Pertica Bassa,2019-02,13,13,1.00
017140,Pertica Bassa,2019-03,3,3,1.00
017140,Pertica Bassa,2019-04,28,32,1.10
017140,Pertica Bassa,2019-05,17,23,1.40
017140,Pertica Bassa,2019-06,35,46,1.30
017140,Pertica Bassa,2019-07,129,221,1.70
017140,Pertica Bassa,2019-08,183,330,1.80
017140,Pertica Bassa,2019-09,28,30,1.10
017140,Pertica Bassa,2019-10,12,17,1.40
017140,Pertica Bassa,2019-11,36,36,1.00
017140,Pertica Bassa,2019-12,37,37,1.00
017140,Pertica Bassa,2020-01,11,20,1.80
017140,Pertica Bassa,2020-02,9,12,1.30
017140,Pertica Bassa,2020-03,2,2,1.00
017140,Pertica Bassa,2020-04,0,0,0.00
017140,Pertica Bassa,2020-05,4,4,1.00
017140,Pertica Bassa,2020-06,8,8,1.00
017140,Pertica Bassa,2020-07,42,61,1.50
017140,Pertica Bassa,2020-08,127,196,1.50
017140,Pertica Bassa,2020-09,43,52,1.20
017140,Pertica Bassa,2020-10,21,23,1.10
017140,Pertica Bassa,2020-11,3,3,1.00
017140,Pertica Bassa,2020-12,1,1,1.00
017140,Pertica Bassa,2021-01,0,0,0.00
017140,Pertica Bassa,2021-02,10,17,1.70
017140,Pertica Bassa,2021-03,0,0,0.00
017140,Pertica Bassa,2021-04,4,10,2.50
017140,Pertica Bassa,2021-05,27,33,1.20
017140,Pertica Bassa,2021-06,68,80,1.20
017140,Pertica Bassa,2021-07,90,109,1.20
017140,Pertica Bassa,2021-08,133,281,2.10
017140,Pertica Bassa,2021-09,55,77,1.40
017140,Pertica Bassa,2021-10,31,53,1.70
017140,Pertica Bassa,2021-11,15,42,2.80
017140,Pertica Bassa,2021-12,18,20,1.10
017140,Pertica Bassa,2022-01,5,11,2.20
017140,Pertica Bassa,2022-03,13,14,1.10
017140,Pertica Bassa,2022-04,32,43,1.30
017140,Pertica Bassa,2022-05,25,44,1.80
017140,Pertica Bassa,2022-06,89,99,1.10
017140,Pertica Bassa,2022-07,102,221,2.20
017140,Pertica Bassa,2022-08,138,274,2.00
017140,Pertica Bassa,2022-09,22,33,1.50
017140,Pertica Bassa,2022-10,10,19,1.90
017140,Pertica Bassa,2022-11,16,25,1.60
017140,Pertica Bassa,2022-12,27,35,1.30
017140,Pertica Bassa,2023-03,13,22,1.70
017140,Pertica Bassa,2023-04,34,44,1.30
017140,Pertica Bassa,2023-05,14,18,1.30
017140,Pertica Bassa,2023-06,41,65,1.60
017140,Pertica Bassa,2023-07,96,148,1.50
017140,Pertica Bassa,2023-08,106,176,1.70
017140,Pertica Bassa,2023-09,32,50,1.60
017140,Pertica Bassa,2023-10,13,24,1.80
017140,Pertica Bassa,2023-11,21,21,1.00
017140,Pertica Bassa,2023-12,31,31,1.00
017140,Pertica Bassa,2024-01,19,19,1.00
017140,Pertica Bassa,2024-02,2,4,2.00
017140,Pertica Bassa,2024-03,1,2,2.00
017140,Pertica Bassa,2024-04,9,11,1.20
017140,Pertica Bassa,2024-05,14,21,1.50
017140,Pertica Bassa,2024-06,57,58,1.00
017140,Pertica Bassa,2024-07,78,139,1.80
017140,Pertica Bassa,2024-08,96,186,1.90
017140,Pertica Bassa,2024-09,47,67,1.40
017140,Pertica Bassa,2024-10,29,50,1.70
017140,Pertica Bassa,2024-11,23,23,1.00
017140,Pertica Bassa,2024-12,37,37,1.00
017141,Pezzaze,2020-01,0,0,0.00
017141,Pezzaze,2020-02,0,0,0.00
017141,Pezzaze,2020-03,0,0,0.00
017141,Pezzaze,2020-04,0,0,0.00
017141,Pezzaze,2020-05,0,0,0.00
017141,Pezzaze,2020-06,0,0,0.00
017141,Pezzaze,2020-07,0,0,0.00
017141,Pezzaze,2020-08,0,0,0.00
017141,Pezzaze,2020-09,0,0,0.00
017141,Pezzaze,2020-10,18,32,1.80
017141,Pezzaze,2020-11,1,2,2.00
017141,Pezzaze,2020-12,3,5,1.70
017141,Pezzaze,2021-01,12,47,3.90
017141,Pezzaze,2021-02,15,61,4.10
017141,Pezzaze,2021-03,0,60,0.00
017141,Pezzaze,2021-04,11,37,3.40
017141,Pezzaze,2021-05,16,26,1.60
017141,Pezzaze,2021-06,38,76,2.00
017141,Pezzaze,2021-07,73,138,1.90
017141,Pezzaze,2021-08,55,121,2.20
017141,Pezzaze,2021-09,29,76,2.60
017141,Pezzaze,2021-10,41,98,2.40
017141,Pezzaze,2021-11,9,11,1.20
017141,Pezzaze,2021-12,22,47,2.10
017141,Pezzaze,2022-02,11,23,2.10
017141,Pezzaze,2022-03,26,33,1.30
017141,Pezzaze,2022-04,26,45,1.70
017141,Pezzaze,2022-05,30,85,2.80
017141,Pezzaze,2022-06,47,77,1.60
017141,Pezzaze,2022-07,62,78,1.30
017141,Pezzaze,2022-08,40,75,1.90
017141,Pezzaze,2022-09,30,41,1.40
017141,Pezzaze,2022-10,32,48,1.50
017141,Pezzaze,2022-11,6,22,3.70
017141,Pezzaze,2023-01,12,25,2.10
017141,Pezzaze,2023-02,37,82,2.20
017141,Pezzaze,2023-04,34,65,1.90
017141,Pezzaze,2023-05,23,23,1.00
017141,Pezzaze,2023-06,48,90,1.90
017141,Pezzaze,2023-07,37,73,2.00
017141,Pezzaze,2023-08,61,127,2.10
017141,Pezzaze,2023-09,33,85,2.60
017141,Pezzaze,2023-10,3,8,2.70
017141,Pezzaze,2023-11,4,14,3.50
017141,Pezzaze,2023-12,39,67,1.70
017141,Pezzaze,2024-01,0,0,0.00
017141,Pezzaze,2024-02,2,4,2.00
017141,Pezzaze,2024-03,0,0,0.00
017141,Pezzaze,2024-04,5,5,1.00
017141,Pezzaze,2024-05,23,40,1.70
017141,Pezzaze,2024-06,40,44,1.10
017141,Pezzaze,2024-07,42,67,1.60
017141,Pezzaze,2024-08,68,133,2.00
017141,Pezzaze,2024-09,42,62,1.50
017141,Pezzaze,2024-10,0,0,0.00
017141,Pezzaze,2024-11,3,3,1.00
017141,Pezzaze,2024-12,42,72,1.70
017142,Pian Camuno,2019-01,32,423,13.20
017142,Pian Camuno,2019-02,35,161,4.60
017142,Pian Camuno,2019-03,32,166,5.20
017142,Pian Camuno,2019-04,13,213,16.40
017142,Pian Camuno,2019-05,57,181,3.20
017142,Pian Camuno,2019-06,37,219,5.90
017142,Pian Camuno,2019-07,33,301,9.10
017142,Pian Camuno,2019-08,21,263,12.50
017142,Pian Camuno,2019-09,56,309,5.50
017142,Pian Camuno,2019-10,43,268,6.20
017142,Pian Camuno,2019-11,29,198,6.80
017142,Pian Camuno,2019-12,36,192,5.30
017142,Pian Camuno,2020-01,38,203,5.30
017142,Pian Camuno,2020-02,63,220,3.50
017142,Pian Camuno,2020-03,15,129,8.60
017142,Pian Camuno,2020-04,0,3,0.00
017142,Pian Camuno,2020-05,14,68,4.90
017142,Pian Camuno,2020-06,34,115,3.40
017142,Pian Camuno,2020-07,19,95,5.00
017142,Pian Camuno,2020-08,65,170,2.60
017142,Pian Camuno,2020-09,41,179,4.40
017142,Pian Camuno,2020-10,29,114,3.90
017142,Pian Camuno,2020-11,5,69,13.80
017142,Pian Camuno,2020-12,18,104,5.80
017142,Pian Camuno,2021-01,8,86,10.80
017142,Pian Camuno,2021-02,29,92,3.20
017142,Pian Camuno,2021-03,8,94,11.80
017142,Pian Camuno,2021-04,27,173,6.40
017142,Pian Camuno,2021-05,33,183,5.50
017142,Pian Camuno,2021-06,34,169,5.00
017142,Pian Camuno,2021-07,11,38,3.50
017142,Pian Camuno,2021-08,15,51,3.40
017142,Pian Camuno,2021-09,8,11,1.40
017142,Pian Camuno,2021-10,4,7,1.80
017142,Pian Camuno,2021-11,0,0,0.00
017142,Pian Camuno,2021-12,0,0,0.00
017142,Pian Camuno,2022-01,10,17,1.70
017142,Pian Camuno,2022-02,11,11,1.00
017142,Pian Camuno,2022-03,23,108,4.70
017142,Pian Camuno,2022-04,29,137,4.70
017142,Pian Camuno,2022-05,16,77,4.80
017142,Pian Camuno,2022-06,28,136,4.90
017142,Pian Camuno,2022-07,31,141,4.50
017142,Pian Camuno,2022-08,33,114,3.50
017142,Pian Camuno,2022-09,32,189,5.90
017142,Pian Camuno,2022-10,12,16,1.30
017142,Pian Camuno,2022-11,24,64,2.70
017142,Pian Camuno,2022-12,5,9,1.80
017142,Pian Camuno,2023-01,1,1,1.00
017142,Pian Camuno,2023-02,7,12,1.70
017142,Pian Camuno,2023-03,17,25,1.50
017142,Pian Camuno,2023-04,93,151,1.60
017142,Pian Camuno,2023-05,25,66,2.60
017142,Pian Camuno,2023-06,68,213,3.10
017142,Pian Camuno,2023-07,73,193,2.60
017142,Pian Camuno,2023-08,103,266,2.60
017142,Pian Camuno,2023-09,55,94,1.70
017142,Pian Camuno,2023-10,18,22,1.20
017142,Pian Camuno,2023-11,16,21,1.30
017142,Pian Camuno,2023-12,36,58,1.60
017142,Pian Camuno,2024-01,24,75,3.10
017142,Pian Camuno,2024-02,19,70,3.70
017142,Pian Camuno,2024-03,32,115,3.60
017142,Pian Camuno,2024-04,41,128,3.10
017142,Pian Camuno,2024-05,40,109,2.70
017142,Pian Camuno,2024-06,33,119,3.60
017142,Pian Camuno,2024-07,63,197,3.10
017142,Pian Camuno,2024-08,60,190,3.20
017142,Pian Camuno,2024-09,59,124,2.10
017142,Pian Camuno,2024-10,38,60,1.60
017142,Pian Camuno,2024-11,35,65,1.90
017142,Pian Camuno,2024-12,38,100,2.60
017143,Pisogne,2019-01,281,564,2.00
017143,Pisogne,2019-02,343,569,1.70
017143,Pisogne,2019-03,457,722,1.60
017143,Pisogne,2019-04,812,1568,1.90
017143,Pisogne,2019-05,738,1297,1.80
017143,Pisogne,2019-06,1449,3526,2.40
017143,Pisogne,2019-07,1516,5434,3.60
017143,Pisogne,2019-08,1688,7809,4.60
017143,Pisogne,2019-09,949,2717,2.90
017143,Pisogne,2019-10,499,910,1.80
017143,Pisogne,2019-11,417,807,1.90
017143,Pisogne,2019-12,420,818,1.90
017143,Pisogne,2020-01,231,408,1.80
017143,Pisogne,2020-02,223,488,2.20
017143,Pisogne,2020-03,29,177,6.10
017143,Pisogne,2020-04,8,185,23.10
017143,Pisogne,2020-05,27,122,4.50
017143,Pisogne,2020-06,155,383,2.50
017143,Pisogne,2020-07,801,4210,5.30
017143,Pisogne,2020-08,1593,6513,4.10
017143,Pisogne,2020-09,1323,3320,2.50
017143,Pisogne,2020-10,291,703,2.40
017143,Pisogne,2020-11,69,254,3.70
017143,Pisogne,2020-12,39,86,2.20
017143,Pisogne,2021-01,148,339,2.30
017143,Pisogne,2021-02,221,495,2.20
017143,Pisogne,2021-03,79,284,3.60
017143,Pisogne,2021-04,86,198,2.30
017143,Pisogne,2021-05,757,1618,2.10
017143,Pisogne,2021-06,1404,3244,2.30
017143,Pisogne,2021-07,2346,7844,3.30
017143,Pisogne,2021-08,3112,12569,4.00
017143,Pisogne,2021-09,2038,5952,2.90
017143,Pisogne,2021-10,522,1347,2.60
017143,Pisogne,2021-11,272,1109,4.10
017143,Pisogne,2021-12,268,1279,4.80
017143,Pisogne,2022-01,245,686,2.80
017143,Pisogne,2022-02,381,753,2.00
017143,Pisogne,2022-03,277,789,2.80
017143,Pisogne,2022-04,1112,2861,2.60
017143,Pisogne,2022-05,1167,2449,2.10
017143,Pisogne,2022-06,2245,6801,3.00
017143,Pisogne,2022-07,1053,3838,3.60
017143,Pisogne,2022-08,1115,3687,3.30
017143,Pisogne,2022-09,771,2023,2.60
017143,Pisogne,2022-10,613,1276,2.10
017143,Pisogne,2022-11,258,491,1.90
017143,Pisogne,2022-12,387,709,1.80
017143,Pisogne,2023-01,370,731,2.00
017143,Pisogne,2023-02,452,800,1.80
017143,Pisogne,2023-03,374,702,1.90
017143,Pisogne,2023-04,1688,4188,2.50
017143,Pisogne,2023-05,1171,3033,2.60
017143,Pisogne,2023-06,1931,5273,2.70
017143,Pisogne,2023-07,2876,10229,3.60
017143,Pisogne,2023-08,2750,12319,4.50
017143,Pisogne,2023-09,2406,7102,3.00
017143,Pisogne,2023-10,587,1363,2.30
017143,Pisogne,2023-11,351,555,1.60
017143,Pisogne,2023-12,528,1060,2.00
017143,Pisogne,2024-01,448,1165,2.60
017143,Pisogne,2024-02,472,910,1.90
017143,Pisogne,2024-03,507,966,1.90
017143,Pisogne,2024-04,1025,2590,2.50
017143,Pisogne,2024-05,1841,5049,2.70
017143,Pisogne,2024-06,2147,6130,2.90
017143,Pisogne,2024-07,3007,12095,4.00
017143,Pisogne,2024-08,3203,14018,4.40
017143,Pisogne,2024-09,2468,7392,3.00
017143,Pisogne,2024-10,938,2206,2.40
017143,Pisogne,2024-11,405,1120,2.80
017143,Pisogne,2024-12,579,1264,2.20
017145,Polpenazze del Garda,2019-01,21,133,6.30
017145,Polpenazze del Garda,2019-02,17,48,2.80
017145,Polpenazze del Garda,2019-03,46,80,1.70
017145,Polpenazze del Garda,2019-04,325,1049,3.20
017145,Polpenazze del Garda,2019-05,235,711,3.00
017145,Polpenazze del Garda,2019-06,674,2739,4.10
017145,Polpenazze del Garda,2019-07,822,5336,6.50
017145,Polpenazze del Garda,2019-08,872,5268,6.00
017145,Polpenazze del Garda,2019-09,246,1399,5.70
017145,Polpenazze del Garda,2019-10,161,447,2.80
017145,Polpenazze del Garda,2019-11,13,71,5.50
017145,Polpenazze del Garda,2019-12,105,191,1.80
017145,Polpenazze del Garda,2020-01,4,125,31.00
017145,Polpenazze del Garda,2020-02,16,64,4.00
017145,Polpenazze del Garda,2020-03,2,35,17.50
017145,Polpenazze del Garda,2020-04,0,30,0.00
017145,Polpenazze del Garda,2020-05,30,85,2.80
017145,Polpenazze del Garda,2020-06,129,628,4.90
017145,Polpenazze del Garda,2020-07,292,2288,7.80
017145,Polpenazze del Garda,2020-08,589,4012,6.80
017145,Polpenazze del Garda,2020-09,268,1302,4.90
017145,Polpenazze del Garda,2020-10,87,614,7.10
017145,Polpenazze del Garda,2020-11,2,58,29.00
017145,Polpenazze del Garda,2020-12,6,48,8.00
017145,Polpenazze del Garda,2021-01,0,8,0.00
017145,Polpenazze del Garda,2021-02,12,12,1.00
017145,Polpenazze del Garda,2021-03,5,35,7.00
017145,Polpenazze del Garda,2021-04,21,49,2.30
017145,Polpenazze del Garda,2021-05,135,369,2.70
017145,Polpenazze del Garda,2021-06,285,1339,4.70
017145,Polpenazze del Garda,2021-07,686,4121,6.00
017145,Polpenazze del Garda,2021-08,723,5331,7.40
017145,Polpenazze del Garda,2021-09,309,2102,6.80
017145,Polpenazze del Garda,2021-10,137,580,4.20
017145,Polpenazze del Garda,2021-11,31,222,7.20
017145,Polpenazze del Garda,2021-12,92,416,4.50
017145,Polpenazze del Garda,2022-01,7,225,31.00
017145,Polpenazze del Garda,2022-02,21,104,5.00
017145,Polpenazze del Garda,2022-03,70,231,3.30
017145,Polpenazze del Garda,2022-04,397,1552,3.90
017145,Polpenazze del Garda,2022-05,319,1375,4.30
017145,Polpenazze del Garda,2022-06,646,3296,5.10
017145,Polpenazze del Garda,2022-07,973,5500,5.70
017145,Polpenazze del Garda,2022-08,884,5374,6.10
017145,Polpenazze del Garda,2022-09,480,2453,5.10
017145,Polpenazze del Garda,2022-10,140,1833,13.10
017145,Polpenazze del Garda,2022-11,25,1415,31.00
017145,Polpenazze del Garda,2022-12,104,1540,14.80
017145,Polpenazze del Garda,2023-01,29,377,13.00
017145,Polpenazze del Garda,2023-02,24,225,9.40
017145,Polpenazze del Garda,2023-03,113,538,4.80
017145,Polpenazze del Garda,2023-04,538,1871,3.50
017145,Polpenazze del Garda,2023-05,374,1458,3.90
017145,Polpenazze del Garda,2023-06,530,2482,4.70
017145,Polpenazze del Garda,2023-07,1061,5854,5.50
017145,Polpenazze del Garda,2023-08,1061,6211,5.90
017145,Polpenazze del Garda,2023-09,481,2222,4.60
017145,Polpenazze del Garda,2023-10,231,804,3.50
017145,Polpenazze del Garda,2023-11,21,279,13.30
017145,Polpenazze del Garda,2023-12,72,337,4.70
017145,Polpenazze del Garda,2024-01,13,174,13.40
017145,Polpenazze del Garda,2024-02,31,209,6.70
017145,Polpenazze del Garda,2024-03,167,641,3.80
017145,Polpenazze del Garda,2024-04,240,830,3.50
017145,Polpenazze del Garda,2024-05,561,2504,4.50
017145,Polpenazze del Garda,2024-06,542,2530,4.70
017145,Polpenazze del Garda,2024-07,1139,6671,5.90
017145,Polpenazze del Garda,2024-08,1287,7688,6.00
017145,Polpenazze del Garda,2024-09,470,2327,5.00
017145,Polpenazze del Garda,2024-10,209,902,4.30
017145,Polpenazze del Garda,2024-11,68,289,4.30
017145,Polpenazze del Garda,2024-12,120,326,2.70
017147,Poncarale,2023-01,7,34,4.90
017147,Poncarale,2023-02,3,13,4.30
017147,Poncarale,2023-03,3,17,5.70
017147,Poncarale,2023-04,1,26,26.00
017147,Poncarale,2023-05,5,27,5.40
017147,Poncarale,2023-06,8,21,2.60
017147,Poncarale,2023-07,5,13,2.60
017147,Poncarale,2023-08,3,25,8.30
017147,Poncarale,2023-09,1,12,12.00
017147,Poncarale,2023-10,2,25,12.50
017148,Ponte di Legno,2019-01,12597,58663,4.70
017148,Ponte di Legno,2019-02,13978,67404,4.80
017148,Ponte di Legno,2019-03,12615,56110,4.40
017148,Ponte di Legno,2019-04,2377,13434,5.70
017148,Ponte di Legno,2019-05,1369,4107,3.00
017148,Ponte di Legno,2019-06,4220,13216,3.10
017148,Ponte di Legno,2019-07,6943,37169,5.40
017148,Ponte di Legno,2019-08,8421,46159,5.50
017148,Ponte di Legno,2019-09,2570,9705,3.80
017148,Ponte di Legno,2019-10,379,2391,6.30
017148,Ponte di Legno,2019-11,845,3253,3.80
017148,Ponte di Legno,2019-12,11163,39853,3.60
017148,Ponte di Legno,2020-01,13680,63477,4.60
017148,Ponte di Legno,2020-02,15699,72654,4.60
017148,Ponte di Legno,2020-03,1647,7704,4.70
017148,Ponte di Legno,2020-04,0,0,0.00
017148,Ponte di Legno,2020-05,137,511,3.70
017148,Ponte di Legno,2020-06,930,2770,3.00
017148,Ponte di Legno,2020-07,5239,24283,4.60
017148,Ponte di Legno,2020-08,7567,41726,5.50
017148,Ponte di Legno,2020-09,1798,4781,2.70
017148,Ponte di Legno,2020-10,167,505,3.00
017148,Ponte di Legno,2020-11,12,2556,31.00
017148,Ponte di Legno,2020-12,1052,2424,2.30
017148,Ponte di Legno,2021-01,1276,3066,2.40
017148,Ponte di Legno,2021-02,5455,10514,1.90
017148,Ponte di Legno,2021-03,280,1287,4.60
017148,Ponte di Legno,2021-04,445,1171,2.60
017148,Ponte di Legno,2021-05,577,1335,2.30
017148,Ponte di Legno,2021-06,2480,6072,2.40
017148,Ponte di Legno,2021-07,7754,33396,4.30
017148,Ponte di Legno,2021-08,9619,49404,5.10
017148,Ponte di Legno,2021-09,3845,9690,2.50
017148,Ponte di Legno,2021-10,1447,3021,2.10
017148,Ponte di Legno,2021-11,1000,3678,3.70
017148,Ponte di Legno,2021-12,10119,34947,3.50
017148,Ponte di Legno,2022-01,11589,46578,4.00
017148,Ponte di Legno,2022-02,11948,50978,4.30
017148,Ponte di Legno,2022-03,9019,46055,5.10
017148,Ponte di Legno,2022-04,2973,13039,4.40
017148,Ponte di Legno,2022-05,972,3172,3.30
017148,Ponte di Legno,2022-06,4326,12403,2.90
017148,Ponte di Legno,2022-07,9753,38976,4.00
017148,Ponte di Legno,2022-08,9458,44439,4.70
017148,Ponte di Legno,2022-09,3814,10710,2.80
017148,Ponte di Legno,2022-10,1128,3876,3.40
017148,Ponte di Legno,2022-11,520,2887,5.60
017148,Ponte di Legno,2022-12,10645,37574,3.50
017148,Ponte di Legno,2023-01,14699,61947,4.20
017148,Ponte di Legno,2023-02,14169,67848,4.80
017148,Ponte di Legno,2023-03,10802,51699,4.80
017148,Ponte di Legno,2023-04,3706,17677,4.80
017148,Ponte di Legno,2023-05,520,2129,4.10
017148,Ponte di Legno,2023-06,4339,10710,2.50
017148,Ponte di Legno,2023-07,9176,34448,3.80
017148,Ponte di Legno,2023-08,10220,44833,4.40
017148,Ponte di Legno,2023-09,4453,13053,2.90
017148,Ponte di Legno,2023-10,1089,3374,3.10
017148,Ponte di Legno,2023-11,704,3693,5.20
017148,Ponte di Legno,2023-12,13790,45354,3.30
017148,Ponte di Legno,2024-01,16253,70834,4.40
017148,Ponte di Legno,2024-02,15855,73395,4.60
017148,Ponte di Legno,2024-03,13031,55831,4.30
017148,Ponte di Legno,2024-04,1364,11205,8.20
017148,Ponte di Legno,2024-05,882,2802,3.20
017148,Ponte di Legno,2024-06,4790,12428,2.60
017148,Ponte di Legno,2024-07,9299,36957,4.00
017148,Ponte di Legno,2024-08,11693,48343,4.10
017148,Ponte di Legno,2024-09,4011,10226,2.50
017148,Ponte di Legno,2024-10,1065,3259,3.10
017148,Ponte di Legno,2024-11,1394,4213,3.00
017148,Ponte di Legno,2024-12,13448,47845,3.60
017149,Pontevico,2019-01,239,576,2.40
017149,Pontevico,2019-02,402,735,1.80
017149,Pontevico,2019-03,590,1038,1.80
017149,Pontevico,2019-04,520,942,1.80
017149,Pontevico,2019-05,663,1381,2.10
017149,Pontevico,2019-06,592,1132,1.90
017149,Pontevico,2019-07,573,1550,2.70
017149,Pontevico,2019-08,371,1329,3.60
017149,Pontevico,2019-09,734,1449,2.00
017149,Pontevico,2019-10,704,1624,2.30
017149,Pontevico,2019-11,694,1701,2.50
017149,Pontevico,2019-12,646,1430,2.20
017149,Pontevico,2020-01,590,1187,2.00
017149,Pontevico,2020-02,457,1048,2.30
017149,Pontevico,2020-03,77,224,2.90
017149,Pontevico,2020-04,73,209,2.90
017149,Pontevico,2020-05,285,935,3.30
017149,Pontevico,2020-06,598,1352,2.30
017149,Pontevico,2020-07,567,1396,2.50
017149,Pontevico,2020-08,421,1141,2.70
017149,Pontevico,2020-09,607,1520,2.50
017149,Pontevico,2020-10,556,1541,2.80
017149,Pontevico,2020-11,430,1195,2.80
017149,Pontevico,2020-12,348,894,2.60
017149,Pontevico,2021-01,399,910,2.30
017149,Pontevico,2021-02,431,872,2.00
017149,Pontevico,2021-03,306,721,2.40
017149,Pontevico,2021-04,551,1272,2.30
017149,Pontevico,2021-05,905,1753,1.90
017149,Pontevico,2021-06,610,1405,2.30
017149,Pontevico,2021-07,542,1332,2.50
017149,Pontevico,2021-08,401,1035,2.60
017149,Pontevico,2021-09,605,1234,2.00
017149,Pontevico,2021-10,617,1507,2.40
017149,Pontevico,2021-11,621,1387,2.20
017149,Pontevico,2021-12,539,1332,2.50
017149,Pontevico,2022-01,572,1452,2.50
017149,Pontevico,2022-02,331,1140,3.40
017149,Pontevico,2022-03,449,1332,3.00
017149,Pontevico,2022-04,503,1216,2.40
017149,Pontevico,2022-05,705,1486,2.10
017149,Pontevico,2022-06,662,1567,2.40
017149,Pontevico,2022-07,472,1113,2.40
017149,Pontevico,2022-08,508,1301,2.60
017149,Pontevico,2022-09,487,1142,2.30
017149,Pontevico,2022-10,546,1268,2.30
017149,Pontevico,2022-11,529,1167,2.20
017149,Pontevico,2022-12,521,1117,2.10
017149,Pontevico,2023-01,544,1361,2.50
017149,Pontevico,2023-02,473,1222,2.60
017149,Pontevico,2023-03,587,1390,2.40
017149,Pontevico,2023-04,525,1128,2.10
017149,Pontevico,2023-05,570,1204,2.10
017149,Pontevico,2023-06,512,1270,2.50
017149,Pontevico,2023-07,426,1064,2.50
017149,Pontevico,2023-08,441,1116,2.50
017149,Pontevico,2023-09,554,1351,2.40
017149,Pontevico,2023-10,629,1383,2.20
017149,Pontevico,2023-11,555,1387,2.50
017149,Pontevico,2023-12,539,1124,2.10
017149,Pontevico,2024-01,573,1388,2.40
017149,Pontevico,2024-02,667,1578,2.40
017149,Pontevico,2024-03,830,1775,2.10
017149,Pontevico,2024-04,821,1644,2.00
017149,Pontevico,2024-05,941,1771,1.90
017149,Pontevico,2024-06,911,1633,1.80
017149,Pontevico,2024-07,923,1719,1.90
017149,Pontevico,2024-08,787,1655,2.10
017149,Pontevico,2024-09,726,1175,1.60
017149,Pontevico,2024-10,822,1647,2.00
017149,Pontevico,2024-11,775,1518,2.00
017149,Pontevico,2024-12,335,677,2.00
017151,Pozzolengo,2019-01,470,1135,2.40
017151,Pozzolengo,2019-02,866,1372,1.60
017151,Pozzolengo,2019-03,1615,3869,2.40
017151,Pozzolengo,2019-04,2637,7511,2.80
017151,Pozzolengo,2019-05,2816,6707,2.40
017151,Pozzolengo,2019-06,3683,8777,2.40
017151,Pozzolengo,2019-07,3736,13108,3.50
017151,Pozzolengo,2019-08,4236,14590,3.40
017151,Pozzolengo,2019-09,2347,6986,3.00
017151,Pozzolengo,2019-10,1648,7160,4.30
017151,Pozzolengo,2019-11,1070,4847,4.50
017151,Pozzolengo,2019-12,1146,4867,4.20
017151,Pozzolengo,2020-01,805,1947,2.40
017151,Pozzolengo,2020-02,950,1870,2.00
017151,Pozzolengo,2020-03,146,331,2.30
017151,Pozzolengo,2020-04,1,30,30.00
017151,Pozzolengo,2020-05,142,292,2.10
017151,Pozzolengo,2020-06,1111,2165,1.90
017151,Pozzolengo,2020-07,1769,5612,3.20
017151,Pozzolengo,2020-08,2311,10166,4.40
017151,Pozzolengo,2020-09,1597,6092,3.80
017151,Pozzolengo,2020-10,778,3609,4.60
017151,Pozzolengo,2020-11,72,692,9.60
017151,Pozzolengo,2020-12,37,560,15.10
017151,Pozzolengo,2021-01,27,530,19.60
017151,Pozzolengo,2021-02,578,1052,1.80
017151,Pozzolengo,2021-03,162,581,3.60
017151,Pozzolengo,2021-04,186,1306,7.00
017151,Pozzolengo,2021-05,1405,4003,2.80
017151,Pozzolengo,2021-06,2330,6448,2.80
017151,Pozzolengo,2021-07,4211,13714,3.30
017151,Pozzolengo,2021-08,5051,19226,3.80
017151,Pozzolengo,2021-09,2201,11542,5.20
017151,Pozzolengo,2021-10,962,6901,7.20
017151,Pozzolengo,2021-11,642,5947,9.30
017151,Pozzolengo,2021-12,384,5083,13.20
017151,Pozzolengo,2022-01,347,1191,3.40
017151,Pozzolengo,2022-02,709,1673,2.40
017151,Pozzolengo,2022-03,938,2485,2.60
017151,Pozzolengo,2022-04,2476,7627,3.10
017151,Pozzolengo,2022-05,2123,5579,2.60
017151,Pozzolengo,2022-06,3734,9458,2.50
017151,Pozzolengo,2022-07,4534,14333,3.20
017151,Pozzolengo,2022-08,4320,16528,3.80
017151,Pozzolengo,2022-09,3262,8835,2.70
017151,Pozzolengo,2022-10,2006,4681,2.30
017151,Pozzolengo,2022-11,481,1342,2.80
017151,Pozzolengo,2022-12,755,1679,2.20
017151,Pozzolengo,2023-01,1181,2262,1.90
017151,Pozzolengo,2023-02,1290,2298,1.80
017151,Pozzolengo,2023-03,1468,3519,2.40
017151,Pozzolengo,2023-04,3822,9630,2.50
017151,Pozzolengo,2023-05,2915,7859,2.70
017151,Pozzolengo,2023-06,4101,10632,2.60
017151,Pozzolengo,2023-07,5241,15284,2.90
017151,Pozzolengo,2023-08,4845,17028,3.50
017151,Pozzolengo,2023-09,4153,10426,2.50
017151,Pozzolengo,2023-10,2029,5787,2.90
017151,Pozzolengo,2023-11,1509,5281,3.50
017151,Pozzolengo,2023-12,1580,2544,1.60
017151,Pozzolengo,2024-01,1068,1951,1.80
017151,Pozzolengo,2024-02,1807,2955,1.60
017151,Pozzolengo,2024-03,2432,5876,2.40
017151,Pozzolengo,2024-04,2944,7741,2.60
017151,Pozzolengo,2024-05,3778,9983,2.60
017151,Pozzolengo,2024-06,3939,9458,2.40
017151,Pozzolengo,2024-07,5075,15951,3.10
017151,Pozzolengo,2024-08,5101,18131,3.60
017151,Pozzolengo,2024-09,3878,10029,2.60
017151,Pozzolengo,2024-10,2394,6191,2.60
017151,Pozzolengo,2024-11,2046,4063,2.00
017151,Pozzolengo,2024-12,1476,2606,1.80
017155,Prevalle,2020-01,2,8,4.00
017155,Prevalle,2020-02,0,0,0.00
017155,Prevalle,2020-03,0,0,0.00
017155,Prevalle,2020-04,0,0,0.00
017155,Prevalle,2020-05,0,0,0.00
017155,Prevalle,2020-06,0,0,0.00
017155,Prevalle,2020-07,1,1,1.00
017155,Prevalle,2020-08,11,27,2.50
017155,Prevalle,2020-09,0,0,0.00
017155,Prevalle,2020-10,6,54,9.00
017155,Prevalle,2020-11,3,90,30.00
017155,Prevalle,2020-12,6,93,15.50
017155,Prevalle,2023-01,7,33,4.70
017155,Prevalle,2023-02,3,30,10.00
017155,Prevalle,2023-03,8,58,7.30
017155,Prevalle,2023-04,5,121,24.20
017155,Prevalle,2023-05,3,96,31.00
017155,Prevalle,2023-06,4,95,23.80
017155,Prevalle,2023-07,11,32,2.90
017155,Prevalle,2023-08,19,47,2.50
017155,Prevalle,2023-09,6,14,2.30
017155,Prevalle,2023-10,4,8,2.00
017155,Prevalle,2023-11,5,17,3.40
017155,Prevalle,2023-12,1,3,3.00
017155,Prevalle,2024-01,0,0,0.00
017155,Prevalle,2024-02,0,0,0.00
017155,Prevalle,2024-03,12,28,2.30
017155,Prevalle,2024-04,1,3,3.00
017155,Prevalle,2024-05,3,3,1.00
017155,Prevalle,2024-06,2,6,3.00
017155,Prevalle,2024-07,5,13,2.60
017155,Prevalle,2024-08,10,23,2.30
017155,Prevalle,2024-09,6,20,3.30
017155,Prevalle,2024-10,0,8,0.00
017155,Prevalle,2024-11,1,2,2.00
017155,Prevalle,2024-12,14,26,1.90
017156,Provaglio d'Iseo,2019-01,71,192,2.70
017156,Provaglio d'Iseo,2019-02,118,245,2.10
017156,Provaglio d'Iseo,2019-03,110,407,3.70
017156,Provaglio d'Iseo,2019-04,266,681,2.60
017156,Provaglio d'Iseo,2019-05,458,833,1.80
017156,Provaglio d'Iseo,2019-06,776,1473,1.90
017156,Provaglio d'Iseo,2019-07,692,1662,2.40
017156,Provaglio d'Iseo,2019-08,783,1959,2.50
017156,Provaglio d'Iseo,2019-09,513,1168,2.30
017156,Provaglio d'Iseo,2019-10,153,216,1.40
017156,Provaglio d'Iseo,2019-11,124,178,1.40
017156,Provaglio d'Iseo,2019-12,56,101,1.80
017156,Provaglio d'Iseo,2020-01,80,173,2.20
017156,Provaglio d'Iseo,2020-02,112,260,2.30
017156,Provaglio d'Iseo,2020-03,12,183,15.30
017156,Provaglio d'Iseo,2020-04,2,84,31.00
017156,Provaglio d'Iseo,2020-05,9,71,7.90
017156,Provaglio d'Iseo,2020-06,48,178,3.70
017156,Provaglio d'Iseo,2020-07,106,264,2.50
017156,Provaglio d'Iseo,2020-08,199,501,2.50
017156,Provaglio d'Iseo,2020-09,141,272,1.90
017156,Provaglio d'Iseo,2020-10,70,167,2.40
017156,Provaglio d'Iseo,2020-11,10,37,3.70
017156,Provaglio d'Iseo,2020-12,32,101,3.20
017156,Provaglio d'Iseo,2021-01,34,106,3.10
017156,Provaglio d'Iseo,2021-02,64,161,2.50
017156,Provaglio d'Iseo,2021-03,31,134,4.30
017156,Provaglio d'Iseo,2021-04,62,143,2.30
017156,Provaglio d'Iseo,2021-05,89,205,2.30
017156,Provaglio d'Iseo,2021-06,225,476,2.10
017156,Provaglio d'Iseo,2021-07,352,856,2.40
017156,Provaglio d'Iseo,2021-08,544,1431,2.60
017156,Provaglio d'Iseo,2021-09,352,705,2.00
017156,Provaglio d'Iseo,2021-10,233,416,1.80
017156,Provaglio d'Iseo,2021-11,108,242,2.20
017156,Provaglio d'Iseo,2021-12,105,228,2.20
017156,Provaglio d'Iseo,2022-01,58,184,3.20
017156,Provaglio d'Iseo,2022-02,92,257,2.80
017156,Provaglio d'Iseo,2022-03,126,221,1.80
017156,Provaglio d'Iseo,2022-04,229,436,1.90
017156,Provaglio d'Iseo,2022-05,268,531,2.00
017156,Provaglio d'Iseo,2022-06,332,708,2.10
017156,Provaglio d'Iseo,2022-07,486,1016,2.10
017156,Provaglio d'Iseo,2022-08,519,1390,2.70
017156,Provaglio d'Iseo,2022-09,481,834,1.70
017156,Provaglio d'Iseo,2022-10,409,692,1.70
017156,Provaglio d'Iseo,2022-11,155,357,2.30
017156,Provaglio d'Iseo,2022-12,145,356,2.50
017156,Provaglio d'Iseo,2023-01,179,461,2.60
017156,Provaglio d'Iseo,2023-02,204,381,1.90
017156,Provaglio d'Iseo,2023-03,170,429,2.50
017156,Provaglio d'Iseo,2023-04,537,1008,1.90
017156,Provaglio d'Iseo,2023-05,464,774,1.70
017156,Provaglio d'Iseo,2023-06,520,1008,1.90
017156,Provaglio d'Iseo,2023-07,446,1179,2.60
017156,Provaglio d'Iseo,2023-08,551,1430,2.60
017156,Provaglio d'Iseo,2023-09,580,1052,1.80
017156,Provaglio d'Iseo,2023-10,440,756,1.70
017156,Provaglio d'Iseo,2023-11,293,496,1.70
017156,Provaglio d'Iseo,2023-12,307,601,2.00
017156,Provaglio d'Iseo,2024-01,182,522,2.90
017156,Provaglio d'Iseo,2024-02,205,515,2.50
017156,Provaglio d'Iseo,2024-03,275,579,2.10
017156,Provaglio d'Iseo,2024-04,456,761,1.70
017156,Provaglio d'Iseo,2024-05,434,805,1.90
017156,Provaglio d'Iseo,2024-06,498,814,1.60
017156,Provaglio d'Iseo,2024-07,466,979,2.10
017156,Provaglio d'Iseo,2024-08,589,1451,2.50
017156,Provaglio d'Iseo,2024-09,606,1065,1.80
017156,Provaglio d'Iseo,2024-10,453,771,1.70
017156,Provaglio d'Iseo,2024-11,334,498,1.50
017156,Provaglio d'Iseo,2024-12,215,432,2.00
017157,Provaglio Val Sabbia,2024-01,1,1,1.00
017157,Provaglio Val Sabbia,2024-02,2,4,2.00
017157,Provaglio Val Sabbia,2024-03,16,48,3.00
017157,Provaglio Val Sabbia,2024-04,24,84,3.50
017157,Provaglio Val Sabbia,2024-05,14,52,3.70
017157,Provaglio Val Sabbia,2024-06,36,127,3.50
017157,Provaglio Val Sabbia,2024-07,63,202,3.20
017157,Provaglio Val Sabbia,2024-08,43,149,3.50
017157,Provaglio Val Sabbia,2024-09,44,114,2.60
017157,Provaglio Val Sabbia,2024-10,19,41,2.20
017157,Provaglio Val Sabbia,2024-11,2,8,4.00
017157,Provaglio Val Sabbia,2024-12,2,2,1.00
017158,Puegnago del Garda,2019-01,48,139,2.90
017158,Puegnago del Garda,2019-02,34,215,6.30
017158,Puegnago del Garda,2019-03,145,533,3.70
017158,Puegnago del Garda,2019-04,474,1569,3.30
017158,Puegnago del Garda,2019-05,414,1424,3.40
017158,Puegnago del Garda,2019-06,741,3066,4.10
017158,Puegnago del Garda,2019-07,975,5455,5.60
017158,Puegnago del Garda,2019-08,1256,6534,5.20
017158,Puegnago del Garda,2019-09,504,2204,4.40
017158,Puegnago del Garda,2019-10,257,1050,4.10
017158,Puegnago del Garda,2019-11,94,356,3.80
017158,Puegnago del Garda,2019-12,110,379,3.40
017158,Puegnago del Garda,2020-01,54,303,5.60
017158,Puegnago del Garda,2020-02,85,312,3.70
017158,Puegnago del Garda,2020-03,28,264,9.40
017158,Puegnago del Garda,2020-04,11,285,25.90
017158,Puegnago del Garda,2020-05,55,319,5.80
017158,Puegnago del Garda,2020-06,162,418,2.60
017158,Puegnago del Garda,2020-07,422,2197,5.20
017158,Puegnago del Garda,2020-08,681,3594,5.30
017158,Puegnago del Garda,2020-09,373,1696,4.50
017158,Puegnago del Garda,2020-10,95,480,5.10
017158,Puegnago del Garda,2020-11,20,133,6.70
017158,Puegnago del Garda,2020-12,54,375,6.90
017158,Puegnago del Garda,2021-01,33,345,10.50
017158,Puegnago del Garda,2021-02,71,206,2.90
017158,Puegnago del Garda,2021-03,63,324,5.10
017158,Puegnago del Garda,2021-04,48,270,5.60
017158,Puegnago del Garda,2021-05,356,1104,3.10
017158,Puegnago del Garda,2021-06,487,1853,3.80
017158,Puegnago del Garda,2021-07,997,4821,4.80
017158,Puegnago del Garda,2021-08,1170,6624,5.70
017158,Puegnago del Garda,2021-09,664,3306,5.00
017158,Puegnago del Garda,2021-10,271,934,3.40
017158,Puegnago del Garda,2021-11,58,184,3.20
017158,Puegnago del Garda,2021-12,91,252,2.80
017158,Puegnago del Garda,2022-01,44,410,9.30
017158,Puegnago del Garda,2022-02,88,290,3.30
017158,Puegnago del Garda,2022-03,152,508,3.30
017158,Puegnago del Garda,2022-04,493,1500,3.00
017158,Puegnago del Garda,2022-05,534,1905,3.60
017158,Puegnago del Garda,2022-06,1069,4421,4.10
017158,Puegnago del Garda,2022-07,1503,7023,4.70
017158,Puegnago del Garda,2022-08,1327,7803,5.90
017158,Puegnago del Garda,2022-09,902,3810,4.20
017158,Puegnago del Garda,2022-10,452,1743,3.90
017158,Puegnago del Garda,2022-11,109,1314,12.10
017158,Puegnago del Garda,2022-12,118,1024,8.70
017158,Puegnago del Garda,2023-01,160,694,4.30
017158,Puegnago del Garda,2023-02,225,728,3.20
017158,Puegnago del Garda,2023-03,165,527,3.20
017158,Puegnago del Garda,2023-04,680,2084,3.10
017158,Puegnago del Garda,2023-05,734,2538,3.50
017158,Puegnago del Garda,2023-06,1245,4514,3.60
017158,Puegnago del Garda,2023-07,1880,7352,3.90
017158,Puegnago del Garda,2023-08,1993,9243,4.60
017158,Puegnago del Garda,2023-09,1147,4448,3.90
017158,Puegnago del Garda,2023-10,516,1753,3.40
017158,Puegnago del Garda,2023-11,112,570,5.10
017158,Puegnago del Garda,2023-12,190,597,3.10
017158,Puegnago del Garda,2024-01,77,508,6.60
017158,Puegnago del Garda,2024-02,100,482,4.80
017158,Puegnago del Garda,2024-03,325,858,2.60
017158,Puegnago del Garda,2024-04,654,1739,2.70
017158,Puegnago del Garda,2024-05,1291,4358,3.40
017158,Puegnago del Garda,2024-06,1132,4146,3.70
017158,Puegnago del Garda,2024-07,1890,8413,4.50
017158,Puegnago del Garda,2024-08,2085,9882,4.70
017158,Puegnago del Garda,2024-09,1381,4818,3.50
017158,Puegnago del Garda,2024-10,636,2295,3.60
017158,Puegnago del Garda,2024-11,245,659,2.70
017158,Puegnago del Garda,2024-12,400,1241,3.10
017161,Rezzato,2019-01,1345,2221,1.70
017161,Rezzato,2019-02,1489,2441,1.60
017161,Rezzato,2019-03,1880,3128,1.70
017161,Rezzato,2019-04,1877,3313,1.80
017161,Rezzato,2019-05,2187,3224,1.50
017161,Rezzato,2019-06,2250,3574,1.60
017161,Rezzato,2019-07,2273,4217,1.90
017161,Rezzato,2019-08,2191,4393,2.00
017161,Rezzato,2019-09,2659,3917,1.50
017161,Rezzato,2019-10,2283,3708,1.60
017161,Rezzato,2019-11,1756,2819,1.60
017161,Rezzato,2019-12,1678,2547,1.50
017161,Rezzato,2020-01,1592,2496,1.60
017161,Rezzato,2020-02,1743,2584,1.50
017161,Rezzato,2020-03,98,269,2.70
017161,Rezzato,2020-04,4,88,22.00
017161,Rezzato,2020-05,206,658,3.20
017161,Rezzato,2020-06,513,1008,2.00
017161,Rezzato,2020-07,1004,1631,1.60
017161,Rezzato,2020-08,1292,2179,1.70
017161,Rezzato,2020-09,1331,2144,1.60
017161,Rezzato,2020-10,1112,1894,1.70
017161,Rezzato,2020-11,284,471,1.70
017161,Rezzato,2020-12,260,408,1.60
017161,Rezzato,2021-01,303,456,1.50
017161,Rezzato,2021-02,739,1131,1.50
017161,Rezzato,2021-03,382,783,2.00
017161,Rezzato,2021-04,292,1369,4.70
017161,Rezzato,2021-05,748,1282,1.70
017161,Rezzato,2021-06,1283,2998,2.30
017161,Rezzato,2021-07,1966,4188,2.10
017161,Rezzato,2021-08,2496,6381,2.60
017161,Rezzato,2021-09,1924,4924,2.60
017161,Rezzato,2021-10,1848,4495,2.40
017161,Rezzato,2021-11,1500,3692,2.50
017161,Rezzato,2021-12,1191,3429,2.90
017161,Rezzato,2022-01,646,956,1.50
017161,Rezzato,2022-02,775,1268,1.60
017161,Rezzato,2022-03,1377,2487,1.80
017161,Rezzato,2022-04,1701,2851,1.70
017161,Rezzato,2022-05,1978,2914,1.50
017161,Rezzato,2022-06,1665,2530,1.50
017161,Rezzato,2022-07,2207,3685,1.70
017161,Rezzato,2022-08,2621,4520,1.70
017161,Rezzato,2022-09,2254,3787,1.70
017161,Rezzato,2022-10,2209,3468,1.60
017161,Rezzato,2022-11,1519,2772,1.80
017161,Rezzato,2022-12,1373,2228,1.60
017161,Rezzato,2023-01,1255,2266,1.80
017161,Rezzato,2023-02,1707,2889,1.70
017161,Rezzato,2023-03,1897,3255,1.70
017161,Rezzato,2023-04,2141,3812,1.80
017161,Rezzato,2023-05,2126,3336,1.60
017161,Rezzato,2023-06,2134,3408,1.60
017161,Rezzato,2023-07,1946,3610,1.90
017161,Rezzato,2023-08,1688,3151,1.90
017161,Rezzato,2023-09,1753,2487,1.40
017161,Rezzato,2023-10,1669,2796,1.70
017161,Rezzato,2023-11,1592,2457,1.50
017161,Rezzato,2023-12,1623,2409,1.50
017161,Rezzato,2024-01,995,1576,1.60
017161,Rezzato,2024-02,738,1428,1.90
017161,Rezzato,2024-03,1347,2515,1.90
017161,Rezzato,2024-04,481,1421,3.00
017161,Rezzato,2024-05,701,1323,1.90
017161,Rezzato,2024-06,2235,3404,1.50
017161,Rezzato,2024-07,2962,5330,1.80
017161,Rezzato,2024-08,2460,5738,2.30
017161,Rezzato,2024-09,2734,4474,1.60
017161,Rezzato,2024-10,2394,3922,1.60
017161,Rezzato,2024-11,1745,3145,1.80
017161,Rezzato,2024-12,1570,2570,1.60
017163,Rodengo Saiano,2019-01,2464,2704,1.10
017163,Rodengo Saiano,2019-02,2405,2610,1.10
017163,Rodengo Saiano,2019-03,2597,2968,1.10
017163,Rodengo Saiano,2019-04,2641,3082,1.20
017163,Rodengo Saiano,2019-05,2631,3054,1.20
017163,Rodengo Saiano,2019-06,2410,2843,1.20
017163,Rodengo Saiano,2019-07,2337,2920,1.20
017163,Rodengo Saiano,2019-08,1956,2477,1.30
017163,Rodengo Saiano,2019-09,2358,3052,1.30
017163,Rodengo Saiano,2019-10,2484,2789,1.10
017163,Rodengo Saiano,2019-11,2580,2961,1.10
017163,Rodengo Saiano,2019-12,2423,2630,1.10
017163,Rodengo Saiano,2020-01,2259,2509,1.10
017163,Rodengo Saiano,2020-02,2207,2373,1.10
017163,Rodengo Saiano,2020-03,398,418,1.10
017163,Rodengo Saiano,2020-04,0,0,0.00
017163,Rodengo Saiano,2020-05,891,938,1.10
017163,Rodengo Saiano,2020-06,1747,1875,1.10
017163,Rodengo Saiano,2020-07,1532,1661,1.10
017163,Rodengo Saiano,2020-08,1913,2090,1.10
017163,Rodengo Saiano,2020-09,1808,2078,1.10
017163,Rodengo Saiano,2020-10,2023,2197,1.10
017163,Rodengo Saiano,2020-11,695,715,1.00
017163,Rodengo Saiano,2020-12,1345,1412,1.00
017163,Rodengo Saiano,2021-01,1395,1462,1.00
017163,Rodengo Saiano,2021-02,1646,1719,1.00
017163,Rodengo Saiano,2021-03,1114,1229,1.10
017163,Rodengo Saiano,2021-04,1409,1574,1.10
017163,Rodengo Saiano,2021-05,1865,1976,1.10
017163,Rodengo Saiano,2021-06,1991,2213,1.10
017163,Rodengo Saiano,2021-07,2476,2805,1.10
017163,Rodengo Saiano,2021-08,2587,3733,1.40
017163,Rodengo Saiano,2021-09,2481,3041,1.20
017163,Rodengo Saiano,2021-10,2713,3291,1.20
017163,Rodengo Saiano,2021-11,2270,2491,1.10
017163,Rodengo Saiano,2021-12,2371,2565,1.10
017163,Rodengo Saiano,2022-01,1853,2007,1.10
017163,Rodengo Saiano,2022-02,2024,2146,1.10
017163,Rodengo Saiano,2022-03,2149,2345,1.10
017163,Rodengo Saiano,2022-04,2277,2551,1.10
017163,Rodengo Saiano,2022-05,2565,2782,1.10
017163,Rodengo Saiano,2022-06,2363,2808,1.20
017163,Rodengo Saiano,2022-07,2625,3090,1.20
017163,Rodengo Saiano,2022-08,2289,2791,1.20
017163,Rodengo Saiano,2022-09,2588,2957,1.10
017163,Rodengo Saiano,2022-10,2392,2792,1.20
017163,Rodengo Saiano,2022-11,2335,2569,1.10
017163,Rodengo Saiano,2022-12,2477,2727,1.10
017163,Rodengo Saiano,2023-01,2507,2688,1.10
017163,Rodengo Saiano,2023-02,1460,1952,1.30
017163,Rodengo Saiano,2023-03,959,1471,1.50
017163,Rodengo Saiano,2023-04,1391,1969,1.40
017163,Rodengo Saiano,2023-05,1328,2015,1.50
017163,Rodengo Saiano,2023-06,1278,2003,1.60
017163,Rodengo Saiano,2023-07,1251,2031,1.60
017163,Rodengo Saiano,2023-08,841,1628,1.90
017163,Rodengo Saiano,2023-09,1347,2083,1.50
017163,Rodengo Saiano,2023-10,1056,1855,1.80
017163,Rodengo Saiano,2023-11,838,1273,1.50
017163,Rodengo Saiano,2023-12,802,1127,1.40
017163,Rodengo Saiano,2024-01,673,897,1.30
017163,Rodengo Saiano,2024-02,618,892,1.40
017163,Rodengo Saiano,2024-03,644,937,1.50
017163,Rodengo Saiano,2024-04,1234,1920,1.60
017163,Rodengo Saiano,2024-05,1557,2441,1.60
017163,Rodengo Saiano,2024-06,1287,2108,1.60
017163,Rodengo Saiano,2024-07,1321,2390,1.80
017163,Rodengo Saiano,2024-08,856,1471,1.70
017163,Rodengo Saiano,2024-09,1200,1870,1.60
017163,Rodengo Saiano,2024-10,1010,1671,1.70
017163,Rodengo Saiano,2024-11,951,1508,1.60
017163,Rodengo Saiano,2024-12,842,1116,1.30
017164,Roè Volciano,2019-01,153,308,2.00
017164,Roè Volciano,2019-02,118,228,1.90
017164,Roè Volciano,2019-03,178,312,1.80
017164,Roè Volciano,2019-04,315,889,2.80
017164,Roè Volciano,2019-05,282,721,2.60
017164,Roè Volciano,2019-06,399,1537,3.90
017164,Roè Volciano,2019-07,545,2163,4.00
017164,Roè Volciano,2019-08,601,3188,5.30
017164,Roè Volciano,2019-09,305,1293,4.20
017164,Roè Volciano,2019-10,231,733,3.20
017164,Roè Volciano,2019-11,142,316,2.20
017164,Roè Volciano,2019-12,178,398,2.20
017164,Roè Volciano,2020-01,128,396,3.10
017164,Roè Volciano,2020-02,121,300,2.50
017164,Roè Volciano,2020-03,35,145,4.10
017164,Roè Volciano,2020-04,0,0,0.00
017164,Roè Volciano,2020-05,75,158,2.10
017164,Roè Volciano,2020-06,148,421,2.80
017164,Roè Volciano,2020-07,252,1022,4.10
017164,Roè Volciano,2020-08,489,1815,3.70
017164,Roè Volciano,2020-09,272,1139,4.20
017164,Roè Volciano,2020-10,128,374,2.90
017164,Roè Volciano,2020-11,107,347,3.20
017164,Roè Volciano,2020-12,129,292,2.30
017164,Roè Volciano,2021-01,166,395,2.40
017164,Roè Volciano,2021-02,243,552,2.30
017164,Roè Volciano,2021-03,110,241,2.20
017164,Roè Volciano,2021-04,142,415,2.90
017164,Roè Volciano,2021-05,331,696,2.10
017164,Roè Volciano,2021-06,433,1289,3.00
017164,Roè Volciano,2021-07,599,2117,3.50
017164,Roè Volciano,2021-08,623,2549,4.10
017164,Roè Volciano,2021-09,432,1381,3.20
017164,Roè Volciano,2021-10,253,868,3.40
017164,Roè Volciano,2021-11,191,420,2.20
017164,Roè Volciano,2021-12,216,465,2.20
017164,Roè Volciano,2022-01,216,460,2.10
017164,Roè Volciano,2022-02,240,611,2.50
017164,Roè Volciano,2022-03,198,834,4.20
017164,Roè Volciano,2022-04,342,1302,3.80
017164,Roè Volciano,2022-05,361,1226,3.40
017164,Roè Volciano,2022-06,501,1859,3.70
017164,Roè Volciano,2022-07,602,2633,4.40
017164,Roè Volciano,2022-08,527,2537,4.80
017164,Roè Volciano,2022-09,424,1600,3.80
017164,Roè Volciano,2022-10,378,1055,2.80
017164,Roè Volciano,2022-11,280,617,2.20
017164,Roè Volciano,2022-12,312,1011,3.20
017164,Roè Volciano,2023-01,301,720,2.40
017164,Roè Volciano,2023-02,296,829,2.80
017164,Roè Volciano,2023-03,322,850,2.60
017164,Roè Volciano,2023-04,573,1786,3.10
017164,Roè Volciano,2023-05,531,1523,2.90
017164,Roè Volciano,2023-06,534,2181,4.10
017164,Roè Volciano,2023-07,795,3282,4.10
017164,Roè Volciano,2023-08,746,3561,4.80
017164,Roè Volciano,2023-09,569,1968,3.50
017164,Roè Volciano,2023-10,361,1264,3.50
017164,Roè Volciano,2023-11,235,705,3.00
017164,Roè Volciano,2023-12,243,626,2.60
017164,Roè Volciano,2024-01,203,650,3.20
017164,Roè Volciano,2024-02,238,658,2.80
017164,Roè Volciano,2024-03,406,1062,2.60
017164,Roè Volciano,2024-04,353,1249,3.50
017164,Roè Volciano,2024-05,548,2080,3.80
017164,Roè Volciano,2024-06,505,2036,4.00
017164,Roè Volciano,2024-07,661,3666,5.50
017164,Roè Volciano,2024-08,728,3791,5.20
017164,Roè Volciano,2024-09,608,1952,3.20
017164,Roè Volciano,2024-10,316,1239,3.90
017164,Roè Volciano,2024-11,234,556,2.40
017164,Roè Volciano,2024-12,257,510,2.00
017165,Roncadelle,2024-01,5,69,13.80
017165,Roncadelle,2024-02,183,594,3.20
017165,Roncadelle,2024-03,13,206,15.80
017165,Roncadelle,2024-04,0,30,0.00
017165,Roncadelle,2024-05,0,31,0.00
017165,Roncadelle,2024-06,0,30,0.00
017165,Roncadelle,2024-07,0,31,0.00
017165,Roncadelle,2024-08,0,31,0.00
017165,Roncadelle,2024-09,0,30,0.00
017165,Roncadelle,2024-10,0,31,0.00
017165,Roncadelle,2024-11,4,38,9.50
017165,Roncadelle,2024-12,92,363,3.90
017166,Rovato,2019-01,25,94,3.80
017166,Rovato,2019-02,25,94,3.80
017166,Rovato,2019-03,56,114,2.00
017166,Rovato,2019-04,77,151,2.00
017166,Rovato,2019-05,111,207,1.90
017166,Rovato,2019-06,108,258,2.40
017166,Rovato,2019-07,166,443,2.70
017166,Rovato,2019-08,108,305,2.80
017166,Rovato,2019-09,121,260,2.10
017166,Rovato,2019-10,75,202,2.70
017166,Rovato,2019-11,67,206,3.10
017166,Rovato,2019-12,59,220,3.70
017166,Rovato,2020-01,33,64,1.90
017166,Rovato,2020-02,54,116,2.10
017166,Rovato,2020-03,13,82,6.30
017166,Rovato,2020-04,1,131,31.00
017166,Rovato,2020-05,5,150,30.00
017166,Rovato,2020-06,17,167,9.80
017166,Rovato,2020-07,41,170,4.10
017166,Rovato,2020-08,53,205,3.90
017166,Rovato,2020-09,70,245,3.50
017166,Rovato,2020-10,46,221,4.80
017166,Rovato,2020-11,18,136,7.60
017166,Rovato,2020-12,11,70,6.40
017166,Rovato,2021-01,34,93,2.70
017166,Rovato,2021-02,59,167,2.80
017166,Rovato,2021-03,44,169,3.80
017166,Rovato,2021-04,75,305,4.10
017166,Rovato,2021-05,77,368,4.80
017166,Rovato,2021-06,111,367,3.30
017166,Rovato,2021-07,162,422,2.60
017166,Rovato,2021-08,132,456,3.50
017166,Rovato,2021-09,134,441,3.30
017166,Rovato,2021-10,120,466,3.90
017166,Rovato,2021-11,123,432,3.50
017166,Rovato,2021-12,70,323,4.60
017166,Rovato,2022-01,43,225,5.20
017166,Rovato,2022-02,81,263,3.20
017166,Rovato,2022-03,82,303,3.70
017166,Rovato,2022-04,108,318,2.90
017166,Rovato,2022-05,139,585,4.20
017166,Rovato,2022-06,143,579,4.00
017166,Rovato,2022-07,174,496,2.90
017166,Rovato,2022-08,164,644,3.90
017166,Rovato,2022-09,150,498,3.30
017166,Rovato,2022-10,153,411,2.70
017166,Rovato,2022-11,111,327,2.90
017166,Rovato,2022-12,68,240,3.50
017166,Rovato,2023-01,77,501,6.50
017166,Rovato,2023-02,90,466,5.20
017166,Rovato,2023-03,144,398,2.80
017166,Rovato,2023-04,197,449,2.30
017166,Rovato,2023-05,156,455,2.90
017166,Rovato,2023-06,277,583,2.10
017166,Rovato,2023-07,269,745,2.80
017166,Rovato,2023-08,235,790,3.40
017166,Rovato,2023-09,319,858,2.70
017166,Rovato,2023-10,323,850,2.60
017166,Rovato,2023-11,261,699,2.70
017166,Rovato,2023-12,180,669,3.70
017166,Rovato,2024-01,125,595,4.80
017166,Rovato,2024-02,172,711,4.10
017166,Rovato,2024-03,261,699,2.70
017166,Rovato,2024-04,340,1003,3.00
017166,Rovato,2024-05,355,934,2.60
017166,Rovato,2024-06,368,842,2.30
017166,Rovato,2024-07,365,1108,3.00
017166,Rovato,2024-08,324,1092,3.40
017166,Rovato,2024-09,385,1012,2.60
017166,Rovato,2024-10,378,925,2.40
017166,Rovato,2024-11,257,809,3.10
017166,Rovato,2024-12,204,645,3.20
017168,Sabbio Chiese,2023-01,0,2,0.00
017168,Sabbio Chiese,2023-04,8,18,2.30
017168,Sabbio Chiese,2023-05,20,35,1.80
017168,Sabbio Chiese,2023-06,20,64,3.20
017168,Sabbio Chiese,2023-07,38,141,3.70
017168,Sabbio Chiese,2023-08,46,196,4.30
017168,Sabbio Chiese,2023-09,15,32,2.10
017168,Sabbio Chiese,2023-10,15,39,2.60
017168,Sabbio Chiese,2023-11,1,9,9.00
017168,Sabbio Chiese,2023-12,13,38,2.90
017168,Sabbio Chiese,2024-01,10,28,2.80
017168,Sabbio Chiese,2024-02,6,12,2.00
017168,Sabbio Chiese,2024-03,25,46,1.80
017168,Sabbio Chiese,2024-04,13,39,3.00
017168,Sabbio Chiese,2024-05,10,36,3.60
017168,Sabbio Chiese,2024-06,22,61,2.80
017168,Sabbio Chiese,2024-07,35,105,3.00
017168,Sabbio Chiese,2024-08,50,148,3.00
017168,Sabbio Chiese,2024-09,38,75,2.00
017168,Sabbio Chiese,2024-10,20,41,2.10
017168,Sabbio Chiese,2024-11,7,23,3.30
017168,Sabbio Chiese,2024-12,7,11,1.60
017169,Sale Marasino,2019-01,52,217,4.20
017169,Sale Marasino,2019-02,56,133,2.40
017169,Sale Marasino,2019-03,180,357,2.00
017169,Sale Marasino,2019-04,504,1131,2.20
017169,Sale Marasino,2019-05,483,1124,2.30
017169,Sale Marasino,2019-06,806,2267,2.80
017169,Sale Marasino,2019-07,1045,3702,3.50
017169,Sale Marasino,2019-08,1085,4276,3.90
017169,Sale Marasino,2019-09,629,1935,3.10
017169,Sale Marasino,2019-10,260,581,2.20
017169,Sale Marasino,2019-11,101,1487,14.70
017169,Sale Marasino,2019-12,93,1383,14.90
017169,Sale Marasino,2020-01,27,1326,31.00
017169,Sale Marasino,2020-02,75,122,1.60
017169,Sale Marasino,2020-03,6,22,3.70
017169,Sale Marasino,2020-04,0,78,0.00
017169,Sale Marasino,2020-05,24,43,1.80
017169,Sale Marasino,2020-06,108,261,2.40
017169,Sale Marasino,2020-07,330,1148,3.50
017169,Sale Marasino,2020-08,556,1864,3.40
017169,Sale Marasino,2020-09,327,1028,3.10
017169,Sale Marasino,2020-10,100,276,2.80
017169,Sale Marasino,2020-11,5,63,12.60
017169,Sale Marasino,2020-12,20,90,4.50
017169,Sale Marasino,2021-01,68,356,5.20
017169,Sale Marasino,2021-02,84,167,2.00
017169,Sale Marasino,2021-03,9,18,2.00
017169,Sale Marasino,2021-04,23,40,1.70
017169,Sale Marasino,2021-05,266,449,1.70
017169,Sale Marasino,2021-06,603,1416,2.30
017169,Sale Marasino,2021-07,1020,3182,3.10
017169,Sale Marasino,2021-08,1064,3986,3.70
017169,Sale Marasino,2021-09,849,2475,2.90
017169,Sale Marasino,2021-10,370,996,2.70
017169,Sale Marasino,2021-11,113,384,3.40
017169,Sale Marasino,2021-12,131,305,2.30
017169,Sale Marasino,2022-01,88,203,2.30
017169,Sale Marasino,2022-02,216,361,1.70
017169,Sale Marasino,2022-03,267,415,1.60
017169,Sale Marasino,2022-04,701,1406,2.00
017169,Sale Marasino,2022-05,743,1768,2.40
017169,Sale Marasino,2022-06,1271,3540,2.80
017169,Sale Marasino,2022-07,1498,4682,3.10
017169,Sale Marasino,2022-08,1072,4826,4.50
017169,Sale Marasino,2022-09,833,3353,4.00
017169,Sale Marasino,2022-10,282,1448,5.10
017169,Sale Marasino,2022-11,118,938,7.90
017169,Sale Marasino,2022-12,90,862,9.60
017169,Sale Marasino,2023-01,320,550,1.70
017169,Sale Marasino,2023-02,289,675,2.30
017169,Sale Marasino,2023-03,287,556,1.90
017169,Sale Marasino,2023-04,647,1597,2.50
017169,Sale Marasino,2023-05,431,1481,3.40
017169,Sale Marasino,2023-06,584,2160,3.70
017169,Sale Marasino,2023-07,1075,3507,3.30
017169,Sale Marasino,2023-08,1050,4337,4.10
017169,Sale Marasino,2023-09,701,2474,3.50
017169,Sale Marasino,2023-10,409,1180,2.90
017169,Sale Marasino,2023-11,195,468,2.40
017169,Sale Marasino,2023-12,239,437,1.80
017169,Sale Marasino,2024-01,173,336,1.90
017169,Sale Marasino,2024-02,158,356,2.30
017169,Sale Marasino,2024-03,348,651,1.90
017169,Sale Marasino,2024-04,435,1031,2.40
017169,Sale Marasino,2024-05,776,2104,2.70
017169,Sale Marasino,2024-06,841,2608,3.10
017169,Sale Marasino,2024-07,1205,4223,3.50
017169,Sale Marasino,2024-08,1201,4638,3.90
017169,Sale Marasino,2024-09,861,2968,3.40
017169,Sale Marasino,2024-10,474,1143,2.40
017169,Sale Marasino,2024-11,346,646,1.90
017169,Sale Marasino,2024-12,219,429,2.00
017170,Salò,2019-01,1233,3960,3.20
017170,Salò,2019-02,1108,2418,2.20
017170,Salò,2019-03,3503,6859,2.00
017170,Salò,2019-04,6938,19983,2.90
017170,Salò,2019-05,6991,21634,3.10
017170,Salò,2019-06,9245,32223,3.50
017170,Salò,2019-07,10515,41487,3.90
017170,Salò,2019-08,11091,45336,4.10
017170,Salò,2019-09,8593,32146,3.70
017170,Salò,2019-10,5812,19511,3.40
017170,Salò,2019-11,1309,6617,5.10
017170,Salò,2019-12,1483,5943,4.00
017170,Salò,2020-01,1486,3146,2.10
017170,Salò,2020-02,942,1762,1.90
017170,Salò,2020-03,79,350,4.40
017170,Salò,2020-04,7,133,19.00
017170,Salò,2020-05,352,763,2.20
017170,Salò,2020-06,1878,5124,2.70
017170,Salò,2020-07,5732,18978,3.30
017170,Salò,2020-08,8916,32660,3.70
017170,Salò,2020-09,6032,21758,3.60
017170,Salò,2020-10,2098,8802,4.20
017170,Salò,2020-11,223,2661,11.90
017170,Salò,2020-12,143,2581,18.00
017170,Salò,2021-01,213,3255,15.30
017170,Salò,2021-02,763,1387,1.80
017170,Salò,2021-03,249,1422,5.70
017170,Salò,2021-04,390,1305,3.30
017170,Salò,2021-05,3624,9014,2.50
017170,Salò,2021-06,6852,21147,3.10
017170,Salò,2021-07,10569,38071,3.60
017170,Salò,2021-08,12308,52103,4.20
017170,Salò,2021-09,8559,34865,4.10
017170,Salò,2021-10,5541,21065,3.80
017170,Salò,2021-11,1375,11115,8.10
017170,Salò,2021-12,1325,11024,8.30
017170,Salò,2022-01,936,2980,3.20
017170,Salò,2022-02,1026,2277,2.20
017170,Salò,2022-03,2302,5190,2.30
017170,Salò,2022-04,6793,19887,2.90
017170,Salò,2022-05,7916,24006,3.00
017170,Salò,2022-06,11049,39366,3.60
017170,Salò,2022-07,13027,49487,3.80
017170,Salò,2022-08,12303,53922,4.40
017170,Salò,2022-09,9437,36639,3.90
017170,Salò,2022-10,5673,18952,3.30
017170,Salò,2022-11,562,5617,10.00
017170,Salò,2022-12,907,6221,6.90
017170,Salò,2023-01,1205,2543,2.10
017170,Salò,2023-02,1291,2788,2.20
017170,Salò,2023-03,2185,4579,2.10
017170,Salò,2023-04,7602,21037,2.80
017170,Salò,2023-05,7759,24811,3.20
017170,Salò,2023-06,9082,32425,3.60
017170,Salò,2023-07,11876,43493,3.70
017170,Salò,2023-08,11089,47510,4.30
017170,Salò,2023-09,9619,32884,3.40
017170,Salò,2023-10,4909,16563,3.40
017170,Salò,2023-11,1340,2888,2.20
017170,Salò,2023-12,1477,3188,2.20
017170,Salò,2024-01,1218,2703,2.20
017170,Salò,2024-02,1478,3001,2.00
017170,Salò,2024-03,3343,8471,2.50
017170,Salò,2024-04,5983,16157,2.70
017170,Salò,2024-05,8951,28557,3.20
017170,Salò,2024-06,8969,31540,3.50
017170,Salò,2024-07,12367,48321,3.90
017170,Salò,2024-08,12943,55901,4.30
017170,Salò,2024-09,10407,38001,3.70
017170,Salò,2024-10,5734,19824,3.50
017170,Salò,2024-11,2364,5020,2.10
017170,Salò,2024-12,1892,5513,2.90
017171,San Felice del Benaco,2019-01,158,1051,6.70
017171,San Felice del Benaco,2019-02,601,986,1.60
017171,San Felice del Benaco,2019-03,2746,8016,2.90
017171,San Felice del Benaco,2019-04,11696,47808,4.10
017171,San Felice del Benaco,2019-05,10934,52026,4.80
017171,San Felice del Benaco,2019-06,22668,122255,5.40
017171,San Felice del Benaco,2019-07,23875,169337,7.10
017171,San Felice del Benaco,2019-08,24709,179544,7.30
017171,San Felice del Benaco,2019-09,14427,88069,6.10
017171,San Felice del Benaco,2019-10,5516,25033,4.50
017171,San Felice del Benaco,2019-11,1782,4592,2.60
017171,San Felice del Benaco,2019-12,1595,3198,2.00
017171,San Felice del Benaco,2020-01,761,2021,2.70
017171,San Felice del Benaco,2020-02,1171,1971,1.70
017171,San Felice del Benaco,2020-03,73,150,2.10
017171,San Felice del Benaco,2020-04,1,2173,31.00
017171,San Felice del Benaco,2020-05,563,1160,2.10
017171,San Felice del Benaco,2020-06,3900,12937,3.30
017171,San Felice del Benaco,2020-07,14567,74361,5.10
017171,San Felice del Benaco,2020-08,23857,139581,5.90
017171,San Felice del Benaco,2020-09,14998,85276,5.70
017171,San Felice del Benaco,2020-10,3301,15103,4.60
017171,San Felice del Benaco,2020-11,76,378,5.00
017171,San Felice del Benaco,2020-12,106,2697,25.40
017171,San Felice del Benaco,2021-01,70,927,13.20
017171,San Felice del Benaco,2021-02,287,1095,3.80
017171,San Felice del Benaco,2021-03,71,772,10.90
017171,San Felice del Benaco,2021-04,115,825,7.20
017171,San Felice del Benaco,2021-05,7143,28130,3.90
017171,San Felice del Benaco,2021-06,14514,73499,5.10
017171,San Felice del Benaco,2021-07,24882,145010,5.80
017171,San Felice del Benaco,2021-08,22385,173562,7.80
017171,San Felice del Benaco,2021-09,16253,110349,6.80
017171,San Felice del Benaco,2021-10,8751,47838,5.50
017171,San Felice del Benaco,2021-11,662,8727,13.20
017171,San Felice del Benaco,2021-12,527,7843,14.90
017171,San Felice del Benaco,2022-01,160,883,5.50
017171,San Felice del Benaco,2022-02,606,1598,2.60
017171,San Felice del Benaco,2022-03,1024,2868,2.80
017171,San Felice del Benaco,2022-04,11885,46087,3.90
017171,San Felice del Benaco,2022-05,14421,64412,4.50
017171,San Felice del Benaco,2022-06,24795,135551,5.50
017171,San Felice del Benaco,2022-07,27490,170550,6.20
017171,San Felice del Benaco,2022-08,24655,182997,7.40
017171,San Felice del Benaco,2022-09,17764,108098,6.10
017171,San Felice del Benaco,2022-10,9116,40414,4.40
017171,San Felice del Benaco,2022-11,1502,4058,2.70
017171,San Felice del Benaco,2022-12,1246,2980,2.40
017171,San Felice del Benaco,2023-01,330,1475,4.50
017171,San Felice del Benaco,2023-02,523,1421,2.70
017171,San Felice del Benaco,2023-03,1784,4455,2.50
017171,San Felice del Benaco,2023-04,16691,66904,4.00
017171,San Felice del Benaco,2023-05,17109,82489,4.80
017171,San Felice del Benaco,2023-06,21591,125120,5.80
017171,San Felice del Benaco,2023-07,27863,165926,6.00
017171,San Felice del Benaco,2023-08,25738,178790,6.90
017171,San Felice del Benaco,2023-09,20744,111679,5.40
017171,San Felice del Benaco,2023-10,9185,47424,5.20
017171,San Felice del Benaco,2023-11,715,2178,3.00
017171,San Felice del Benaco,2023-12,907,2063,2.30
017171,San Felice del Benaco,2024-01,258,1354,5.20
017171,San Felice del Benaco,2024-02,613,1760,2.90
017171,San Felice del Benaco,2024-03,6258,20851,3.30
017171,San Felice del Benaco,2024-04,12678,50612,4.00
017171,San Felice del Benaco,2024-05,22016,109870,5.00
017171,San Felice del Benaco,2024-06,21904,110884,5.10
017171,San Felice del Benaco,2024-07,28062,172179,6.10
017171,San Felice del Benaco,2024-08,27999,179813,6.40
017171,San Felice del Benaco,2024-09,19690,112290,5.70
017171,San Felice del Benaco,2024-10,9505,49859,5.20
017171,San Felice del Benaco,2024-11,3060,8694,2.80
017171,San Felice del Benaco,2024-12,1066,2534,2.40
017174,Sarezzo,2021-01,6,9,1.50
017174,Sarezzo,2021-02,3,6,2.00
017174,Sarezzo,2021-03,0,0,0.00
017174,Sarezzo,2021-04,0,0,0.00
017174,Sarezzo,2021-05,1,4,4.00
017174,Sarezzo,2021-06,10,24,2.40
017174,Sarezzo,2021-07,15,33,2.20
017174,Sarezzo,2021-08,31,60,1.90
017174,Sarezzo,2021-09,48,106,2.20
017174,Sarezzo,2021-10,43,115,2.70
017174,Sarezzo,2021-11,39,95,2.40
017174,Sarezzo,2021-12,40,83,2.10
017174,Sarezzo,2022-01,27,72,2.70
017174,Sarezzo,2022-02,25,52,2.10
017174,Sarezzo,2022-03,25,74,3.00
017174,Sarezzo,2022-04,27,90,3.30
017174,Sarezzo,2022-05,45,102,2.30
017174,Sarezzo,2022-06,30,109,3.60
017174,Sarezzo,2022-07,16,71,4.40
017174,Sarezzo,2022-08,13,30,2.30
017174,Sarezzo,2022-09,35,86,2.50
017174,Sarezzo,2022-10,58,108,1.90
017174,Sarezzo,2022-11,51,96,1.90
017174,Sarezzo,2022-12,30,83,2.80
017175,Saviore dell'Adamello,2019-01,0,0,0.00
017175,Saviore dell'Adamello,2019-02,0,0,0.00
017175,Saviore dell'Adamello,2019-03,0,0,0.00
017175,Saviore dell'Adamello,2019-04,0,0,0.00
017175,Saviore dell'Adamello,2019-05,0,0,0.00
017175,Saviore dell'Adamello,2019-06,71,71,1.00
017175,Saviore dell'Adamello,2019-07,162,222,1.40
017175,Saviore dell'Adamello,2019-08,300,453,1.50
017175,Saviore dell'Adamello,2019-09,3,3,1.00
017175,Saviore dell'Adamello,2019-10,0,0,0.00
017175,Saviore dell'Adamello,2019-11,0,0,0.00
017175,Saviore dell'Adamello,2019-12,0,0,0.00
017175,Saviore dell'Adamello,2020-01,0,0,0.00
017175,Saviore dell'Adamello,2020-02,0,0,0.00
017175,Saviore dell'Adamello,2020-03,0,0,0.00
017175,Saviore dell'Adamello,2020-04,0,0,0.00
017175,Saviore dell'Adamello,2020-05,0,0,0.00
017175,Saviore dell'Adamello,2020-06,34,34,1.00
017175,Saviore dell'Adamello,2020-07,252,334,1.30
017175,Saviore dell'Adamello,2020-08,355,448,1.30
017175,Saviore dell'Adamello,2020-09,70,70,1.00
017175,Saviore dell'Adamello,2020-10,0,0,0.00
017175,Saviore dell'Adamello,2020-11,0,0,0.00
017175,Saviore dell'Adamello,2020-12,0,0,0.00
017175,Saviore dell'Adamello,2021-01,0,0,0.00
017175,Saviore dell'Adamello,2021-02,0,0,0.00
017175,Saviore dell'Adamello,2021-03,0,0,0.00
017175,Saviore dell'Adamello,2021-04,0,0,0.00
017175,Saviore dell'Adamello,2021-05,0,0,0.00
017175,Saviore dell'Adamello,2021-06,32,32,1.00
017175,Saviore dell'Adamello,2021-07,415,615,1.50
017175,Saviore dell'Adamello,2021-08,606,887,1.50
017175,Saviore dell'Adamello,2021-09,6,6,1.00
017175,Saviore dell'Adamello,2021-10,0,0,0.00
017175,Saviore dell'Adamello,2021-11,0,0,0.00
017175,Saviore dell'Adamello,2021-12,0,0,0.00
017175,Saviore dell'Adamello,2022-06,155,155,1.00
017175,Saviore dell'Adamello,2022-07,469,639,1.40
017175,Saviore dell'Adamello,2022-08,361,557,1.50
017175,Saviore dell'Adamello,2022-09,99,99,1.00
017175,Saviore dell'Adamello,2023-06,155,455,2.90
017175,Saviore dell'Adamello,2023-07,558,671,1.20
017175,Saviore dell'Adamello,2023-08,558,656,1.20
017175,Saviore dell'Adamello,2023-09,155,155,1.00
017175,Saviore dell'Adamello,2024-01,0,0,0.00
017175,Saviore dell'Adamello,2024-02,0,0,0.00
017175,Saviore dell'Adamello,2024-03,0,0,0.00
017175,Saviore dell'Adamello,2024-04,0,0,0.00
017175,Saviore dell'Adamello,2024-05,0,0,0.00
017175,Saviore dell'Adamello,2024-06,50,50,1.00
017175,Saviore dell'Adamello,2024-07,456,550,1.20
017175,Saviore dell'Adamello,2024-08,813,883,1.10
017175,Saviore dell'Adamello,2024-09,147,147,1.00
017175,Saviore dell'Adamello,2024-10,0,0,0.00
017175,Saviore dell'Adamello,2024-11,3,4,1.30
017175,Saviore dell'Adamello,2024-12,4,12,3.00
017176,Sellero,2024-01,0,0,0.00
017176,Sellero,2024-02,0,0,0.00
017176,Sellero,2024-03,0,0,0.00
017176,Sellero,2024-04,0,0,0.00
017176,Sellero,2024-05,0,0,0.00
017176,Sellero,2024-06,7,8,1.10
017176,Sellero,2024-07,29,52,1.80
017176,Sellero,2024-08,50,88,1.80
017176,Sellero,2024-09,7,9,1.30
017176,Sellero,2024-10,0,0,0.00
017176,Sellero,2024-11,0,0,0.00
017176,Sellero,2024-12,0,0,0.00
017179,Sirmione,2019-01,5415,14523,2.70
017179,Sirmione,2019-02,7979,13970,1.80
017179,Sirmione,2019-03,18647,36430,2.00
017179,Sirmione,2019-04,45720,118243,2.60
017179,Sirmione,2019-05,39981,115049,2.90
017179,Sirmione,2019-06,56272,189145,3.40
017179,Sirmione,2019-07,59050,230274,3.90
017179,Sirmione,2019-08,64780,260742,4.00
017179,Sirmione,2019-09,48867,171642,3.50
017179,Sirmione,2019-10,33833,95995,2.80
017179,Sirmione,2019-11,13317,27950,2.10
017179,Sirmione,2019-12,11338,23300,2.10
017179,Sirmione,2020-01,8896,19820,2.20
017179,Sirmione,2020-02,10441,19214,1.80
017179,Sirmione,2020-03,866,2697,3.10
017179,Sirmione,2020-04,15,2102,31.00
017179,Sirmione,2020-05,1588,4886,3.10
017179,Sirmione,2020-06,12454,27431,2.20
017179,Sirmione,2020-07,34985,98947,2.80
017179,Sirmione,2020-08,51241,179102,3.50
017179,Sirmione,2020-09,36164,117269,3.20
017179,Sirmione,2020-10,14143,37218,2.60
017179,Sirmione,2020-11,537,5873,10.90
017179,Sirmione,2020-12,987,5075,5.10
017179,Sirmione,2021-01,549,2452,4.50
017179,Sirmione,2021-02,2884,5238,1.80
017179,Sirmione,2021-03,724,2047,2.80
017179,Sirmione,2021-04,1775,3511,2.00
017179,Sirmione,2021-05,20027,38953,1.90
017179,Sirmione,2021-06,37780,98707,2.60
017179,Sirmione,2021-07,54156,184706,3.40
017179,Sirmione,2021-08,59257,255758,4.30
017179,Sirmione,2021-09,44139,184813,4.20
017179,Sirmione,2021-10,27619,99136,3.60
017179,Sirmione,2021-11,10039,62221,6.20
017179,Sirmione,2021-12,8366,59489,7.10
017179,Sirmione,2022-01,6225,13220,2.10
017179,Sirmione,2022-02,9931,16658,1.70
017179,Sirmione,2022-03,15358,30916,2.00
017179,Sirmione,2022-04,44259,109900,2.50
017179,Sirmione,2022-05,40875,121995,3.00
017179,Sirmione,2022-06,55584,201120,3.60
017179,Sirmione,2022-07,58203,246057,4.20
017179,Sirmione,2022-08,57036,273035,4.80
017179,Sirmione,2022-09,51702,199453,3.90
017179,Sirmione,2022-10,37002,122640,3.30
017179,Sirmione,2022-11,9327,46925,5.00
017179,Sirmione,2022-12,8757,47200,5.40
017179,Sirmione,2023-01,7113,17517,2.50
017179,Sirmione,2023-02,9251,19175,2.10
017179,Sirmione,2023-03,17759,35816,2.00
017179,Sirmione,2023-04,54832,134739,2.50
017179,Sirmione,2023-05,46981,132081,2.80
017179,Sirmione,2023-06,55780,183924,3.30
017179,Sirmione,2023-07,64961,238139,3.70
017179,Sirmione,2023-08,62129,259100,4.20
017179,Sirmione,2023-09,56332,186831,3.30
017179,Sirmione,2023-10,38895,109907,2.80
017179,Sirmione,2023-11,12064,27944,2.30
017179,Sirmione,2023-12,11309,24061,2.10
017179,Sirmione,2024-01,8176,19483,2.40
017179,Sirmione,2024-02,10283,20203,2.00
017179,Sirmione,2024-03,24481,53090,2.20
017179,Sirmione,2024-04,47862,111340,2.30
017179,Sirmione,2024-05,54673,155025,2.80
017179,Sirmione,2024-06,58067,184133,3.20
017179,Sirmione,2024-07,64220,235646,3.70
017179,Sirmione,2024-08,68008,278642,4.10
017179,Sirmione,2024-09,52725,177176,3.40
017179,Sirmione,2024-10,38463,107912,2.80
017179,Sirmione,2024-11,15911,37699,2.40
017179,Sirmione,2024-12,11698,26241,2.20
017180,Soiano del Lago,2019-01,221,505,2.30
017180,Soiano del Lago,2019-02,230,423,1.80
017180,Soiano del Lago,2019-03,307,611,2.00
017180,Soiano del Lago,2019-04,716,2456,3.40
017180,Soiano del Lago,2019-05,768,2752,3.60
017180,Soiano del Lago,2019-06,1508,5613,3.70
017180,Soiano del Lago,2019-07,2288,9816,4.30
017180,Soiano del Lago,2019-08,2408,11099,4.60
017180,Soiano del Lago,2019-09,1187,5150,4.30
017180,Soiano del Lago,2019-10,821,2466,3.00
017180,Soiano del Lago,2019-11,451,870,1.90
017180,Soiano del Lago,2019-12,273,443,1.60
017180,Soiano del Lago,2020-01,53,216,4.10
017180,Soiano del Lago,2020-02,15,166,11.10
017180,Soiano del Lago,2020-03,0,2,0.00
017180,Soiano del Lago,2020-04,1,11,11.00
017180,Soiano del Lago,2020-05,116,219,1.90
017180,Soiano del Lago,2020-06,290,1350,4.70
017180,Soiano del Lago,2020-07,839,4264,5.10
017180,Soiano del Lago,2020-08,1272,7010,5.50
017180,Soiano del Lago,2020-09,773,4000,5.20
017180,Soiano del Lago,2020-10,211,1058,5.00
017180,Soiano del Lago,2020-11,15,230,15.30
017180,Soiano del Lago,2020-12,11,2431,31.00
017180,Soiano del Lago,2021-01,4,2542,31.00
017180,Soiano del Lago,2021-02,16,186,11.60
017180,Soiano del Lago,2021-03,5,114,22.80
017180,Soiano del Lago,2021-04,13,164,12.60
017180,Soiano del Lago,2021-05,343,1236,3.60
017180,Soiano del Lago,2021-06,625,3079,4.90
017180,Soiano del Lago,2021-07,1133,5791,5.10
017180,Soiano del Lago,2021-08,1208,9692,8.00
017180,Soiano del Lago,2021-09,786,7266,9.20
017180,Soiano del Lago,2021-10,395,5776,14.60
017180,Soiano del Lago,2021-11,6,3688,31.00
017180,Soiano del Lago,2021-12,19,3812,31.00
017180,Soiano del Lago,2022-01,51,158,3.10
017180,Soiano del Lago,2022-02,32,93,2.90
017180,Soiano del Lago,2022-03,201,457,2.30
017180,Soiano del Lago,2022-04,736,2442,3.30
017180,Soiano del Lago,2022-05,734,3205,4.40
017180,Soiano del Lago,2022-06,1370,5551,4.10
017180,Soiano del Lago,2022-07,1811,8109,4.50
017180,Soiano del Lago,2022-08,1874,9953,5.30
017180,Soiano del Lago,2022-09,995,5635,5.70
017180,Soiano del Lago,2022-10,545,2995,5.50
017180,Soiano del Lago,2022-11,72,1239,17.20
017180,Soiano del Lago,2022-12,106,1486,14.00
017180,Soiano del Lago,2023-01,17,236,13.90
017180,Soiano del Lago,2023-02,58,286,4.90
017180,Soiano del Lago,2023-03,154,583,3.80
017180,Soiano del Lago,2023-04,825,3032,3.70
017180,Soiano del Lago,2023-05,700,3317,4.70
017180,Soiano del Lago,2023-06,1179,5671,4.80
017180,Soiano del Lago,2023-07,1977,9188,4.60
017180,Soiano del Lago,2023-08,2027,10780,5.30
017180,Soiano del Lago,2023-09,1029,6091,5.90
017180,Soiano del Lago,2023-10,343,3612,10.50
017180,Soiano del Lago,2023-11,46,2082,31.00
017180,Soiano del Lago,2023-12,110,2291,20.80
017180,Soiano del Lago,2024-01,25,294,11.80
017180,Soiano del Lago,2024-02,56,304,5.40
017180,Soiano del Lago,2024-03,339,1341,4.00
017180,Soiano del Lago,2024-04,721,2674,3.70
017180,Soiano del Lago,2024-05,1680,6029,3.60
017180,Soiano del Lago,2024-06,1963,7423,3.80
017180,Soiano del Lago,2024-07,2481,11390,4.60
017180,Soiano del Lago,2024-08,2674,12906,4.80
017180,Soiano del Lago,2024-09,1468,6565,4.50
017180,Soiano del Lago,2024-10,904,3695,4.10
017180,Soiano del Lago,2024-11,146,544,3.70
017180,Soiano del Lago,2024-12,151,561,3.70
017181,Sonico,2019-01,31,70,2.30
017181,Sonico,2019-02,0,0,0.00
017181,Sonico,2019-03,8,17,2.10
017181,Sonico,2019-04,18,25,1.40
017181,Sonico,2019-05,23,44,1.90
017181,Sonico,2019-06,66,78,1.20
017181,Sonico,2019-07,586,1532,2.60
017181,Sonico,2019-08,601,1668,2.80
017181,Sonico,2019-09,132,224,1.70
017181,Sonico,2019-10,79,136,1.70
017181,Sonico,2019-11,3,3,1.00
017181,Sonico,2019-12,86,201,2.30
017181,Sonico,2020-01,14,41,2.90
017181,Sonico,2020-02,12,50,4.20
017181,Sonico,2020-03,4,17,4.30
017181,Sonico,2020-04,14,45,3.20
017181,Sonico,2020-05,42,157,3.70
017181,Sonico,2020-06,67,87,1.30
017181,Sonico,2020-07,381,592,1.60
017181,Sonico,2020-08,875,1209,1.40
017181,Sonico,2020-09,272,337,1.20
017181,Sonico,2020-10,85,206,2.40
017181,Sonico,2020-11,30,99,3.30
017181,Sonico,2020-12,11,83,7.50
017181,Sonico,2021-01,4,16,4.00
017181,Sonico,2021-02,45,138,3.10
017181,Sonico,2021-03,48,189,3.90
017181,Sonico,2021-04,48,268,5.60
017181,Sonico,2021-05,38,187,4.90
017181,Sonico,2021-06,137,562,4.10
017181,Sonico,2021-07,328,1155,3.50
017181,Sonico,2021-08,365,1087,3.00
017181,Sonico,2021-09,83,280,3.40
017181,Sonico,2021-10,232,621,2.70
017181,Sonico,2021-11,94,197,2.10
017181,Sonico,2021-12,20,88,4.40
017181,Sonico,2022-01,25,78,3.10
017181,Sonico,2022-02,22,60,2.70
017181,Sonico,2022-03,111,311,2.80
017181,Sonico,2022-04,27,166,6.10
017181,Sonico,2022-05,108,224,2.10
017181,Sonico,2022-06,251,444,1.80
017181,Sonico,2022-07,872,1995,2.30
017181,Sonico,2022-08,1117,2017,1.80
017181,Sonico,2022-09,355,501,1.40
017181,Sonico,2022-10,78,253,3.20
017181,Sonico,2022-11,19,124,6.50
017181,Sonico,2022-12,142,395,2.80
017181,Sonico,2023-01,111,472,4.30
017181,Sonico,2023-02,144,392,2.70
017181,Sonico,2023-03,94,299,3.20
017181,Sonico,2023-04,131,477,3.60
017181,Sonico,2023-05,156,544,3.50
017181,Sonico,2023-06,207,916,4.40
017181,Sonico,2023-07,660,2034,3.10
017181,Sonico,2023-08,687,1832,2.70
017181,Sonico,2023-09,173,289,1.70
017181,Sonico,2023-10,105,303,2.90
017181,Sonico,2023-11,45,171,3.80
017181,Sonico,2023-12,155,486,3.10
017181,Sonico,2024-01,97,343,3.50
017181,Sonico,2024-02,34,195,5.70
017181,Sonico,2024-03,14,110,7.90
017181,Sonico,2024-04,103,204,2.00
017181,Sonico,2024-05,27,179,6.60
017181,Sonico,2024-06,196,398,2.00
017181,Sonico,2024-07,1043,2908,2.80
017181,Sonico,2024-08,1230,3015,2.50
017181,Sonico,2024-09,309,441,1.40
017181,Sonico,2024-10,106,220,2.10
017181,Sonico,2024-11,89,307,3.40
017181,Sonico,2024-12,188,585,3.10
017182,Sulzano,2019-01,11,92,8.40
017182,Sulzano,2019-02,6,15,2.50
017182,Sulzano,2019-03,33,78,2.40
017182,Sulzano,2019-04,919,2229,2.40
017182,Sulzano,2019-05,1138,2643,2.30
017182,Sulzano,2019-06,1413,3485,2.50
017182,Sulzano,2019-07,1451,5053,3.50
017182,Sulzano,2019-08,1532,5182,3.40
017182,Sulzano,2019-09,1454,3570,2.50
017182,Sulzano,2019-10,827,1840,2.20
017182,Sulzano,2019-11,110,360,3.30
017182,Sulzano,2019-12,101,286,2.80
017182,Sulzano,2020-01,30,158,5.30
017182,Sulzano,2020-02,30,47,1.60
017182,Sulzano,2020-03,0,0,0.00
017182,Sulzano,2020-04,0,0,0.00
017182,Sulzano,2020-05,37,73,2.00
017182,Sulzano,2020-06,237,462,1.90
017182,Sulzano,2020-07,795,2291,2.90
017182,Sulzano,2020-08,1180,4183,3.50
017182,Sulzano,2020-09,894,2527,2.80
017182,Sulzano,2020-10,72,219,3.00
017182,Sulzano,2020-11,0,152,0.00
017182,Sulzano,2020-12,3,89,29.70
017182,Sulzano,2021-01,4,18,4.50
017182,Sulzano,2021-02,61,164,2.70
017182,Sulzano,2021-03,13,70,5.40
017182,Sulzano,2021-04,67,201,3.00
017182,Sulzano,2021-05,724,1545,2.10
017182,Sulzano,2021-06,869,2323,2.70
017182,Sulzano,2021-07,1258,4070,3.20
017182,Sulzano,2021-08,1443,4766,3.30
017182,Sulzano,2021-09,1297,3560,2.70
017182,Sulzano,2021-10,978,2313,2.40
017182,Sulzano,2021-11,189,468,2.50
017182,Sulzano,2021-12,81,216,2.70
017182,Sulzano,2022-01,42,163,3.90
017182,Sulzano,2022-02,51,163,3.20
017182,Sulzano,2022-03,90,205,2.30
017182,Sulzano,2022-04,878,2252,2.60
017182,Sulzano,2022-05,1069,2803,2.60
017182,Sulzano,2022-06,1412,3984,2.80
017182,Sulzano,2022-07,1592,4704,3.00
017182,Sulzano,2022-08,1410,4501,3.20
017182,Sulzano,2022-09,1394,3803,2.70
017182,Sulzano,2022-10,889,2280,2.60
017182,Sulzano,2022-11,70,429,6.10
017182,Sulzano,2022-12,23,302,13.10
017182,Sulzano,2023-01,13,98,7.50
017182,Sulzano,2023-02,57,139,2.40
017182,Sulzano,2023-03,78,230,2.90
017182,Sulzano,2023-04,990,2218,2.20
017182,Sulzano,2023-05,1211,2978,2.50
017182,Sulzano,2023-06,1380,3717,2.70
017182,Sulzano,2023-07,1639,5148,3.10
017182,Sulzano,2023-08,1599,5385,3.40
017182,Sulzano,2023-09,1608,4246,2.60
017182,Sulzano,2023-10,974,2505,2.60
017182,Sulzano,2023-11,79,197,2.50
017182,Sulzano,2023-12,89,239,2.70
017182,Sulzano,2024-01,28,192,6.90
017182,Sulzano,2024-02,71,276,3.90
017182,Sulzano,2024-03,211,579,2.70
017182,Sulzano,2024-04,703,1621,2.30
017182,Sulzano,2024-05,1358,3786,2.80
017182,Sulzano,2024-06,1479,4190,2.80
017182,Sulzano,2024-07,1793,5978,3.30
017182,Sulzano,2024-08,1795,6250,3.50
017182,Sulzano,2024-09,1474,4187,2.80
017182,Sulzano,2024-10,931,2494,2.70
017182,Sulzano,2024-11,143,347,2.40
017182,Sulzano,2024-12,86,238,2.80
017183,Tavernole sul Mella,2022-01,23,36,1.60
017183,Tavernole sul Mella,2022-02,8,12,1.50
017183,Tavernole sul Mella,2022-04,33,39,1.20
017183,Tavernole sul Mella,2022-05,77,78,1.00
017183,Tavernole sul Mella,2022-06,18,18,1.00
017183,Tavernole sul Mella,2022-07,68,194,2.90
017183,Tavernole sul Mella,2022-08,33,37,1.10
017183,Tavernole sul Mella,2022-09,53,58,1.10
017183,Tavernole sul Mella,2022-10,9,9,1.00
017183,Tavernole sul Mella,2022-11,16,16,1.00
017183,Tavernole sul Mella,2022-12,44,68,1.50
017183,Tavernole sul Mella,2024-01,43,46,1.10
017183,Tavernole sul Mella,2024-02,29,29,1.00
017183,Tavernole sul Mella,2024-03,25,25,1.00
017183,Tavernole sul Mella,2024-04,18,18,1.00
017183,Tavernole sul Mella,2024-05,57,58,1.00
017183,Tavernole sul Mella,2024-06,42,60,1.40
017183,Tavernole sul Mella,2024-07,38,299,7.90
017183,Tavernole sul Mella,2024-08,58,197,3.40
017183,Tavernole sul Mella,2024-09,53,94,1.80
017183,Tavernole sul Mella,2024-10,14,14,1.00
017183,Tavernole sul Mella,2024-11,50,50,1.00
017183,Tavernole sul Mella,2024-12,63,63,1.00
017184,Temù,2019-01,1654,6121,3.70
017184,Temù,2019-02,2096,8109,3.90
017184,Temù,2019-03,1780,6413,3.60
017184,Temù,2019-04,727,3196,4.40
017184,Temù,2019-05,783,2183,2.80
017184,Temù,2019-06,1692,5190,3.10
017184,Temù,2019-07,2312,8500,3.70
017184,Temù,2019-08,2962,12537,4.20
017184,Temù,2019-09,1056,2856,2.70
017184,Temù,2019-10,327,847,2.60
017184,Temù,2019-11,478,1252,2.60
017184,Temù,2019-12,2084,5848,2.80
017184,Temù,2020-01,2203,7292,3.30
017184,Temù,2020-02,2986,10717,3.60
017184,Temù,2020-03,233,1029,4.40
017184,Temù,2020-04,0,60,0.00
017184,Temù,2020-05,150,370,2.50
017184,Temù,2020-06,542,1605,3.00
017184,Temù,2020-07,1622,5880,3.60
017184,Temù,2020-08,2694,10931,4.10
017184,Temù,2020-09,776,2061,2.70
017184,Temù,2020-10,288,921,3.20
017184,Temù,2020-11,38,727,19.10
017184,Temù,2020-12,345,1402,4.10
017184,Temù,2021-01,321,1480,4.60
017184,Temù,2021-02,1105,2706,2.40
017184,Temù,2021-03,145,915,6.30
017184,Temù,2021-04,208,953,4.60
017184,Temù,2021-05,217,791,3.60
017184,Temù,2021-06,779,2308,3.00
017184,Temù,2021-07,2441,9374,3.80
017184,Temù,2021-08,2724,13549,5.00
017184,Temù,2021-09,1063,2682,2.50
017184,Temù,2021-10,663,1613,2.40
017184,Temù,2021-11,385,1167,3.00
017184,Temù,2021-12,2051,5290,2.60
017184,Temù,2022-01,2062,6791,3.30
017184,Temù,2022-02,2095,5513,2.60
017184,Temù,2022-03,1037,3694,3.60
017184,Temù,2022-04,672,2255,3.40
017184,Temù,2022-05,542,1642,3.00
017184,Temù,2022-06,1419,3462,2.40
017184,Temù,2022-07,3726,14067,3.80
017184,Temù,2022-08,3522,16276,4.60
017184,Temù,2022-09,1076,2975,2.80
017184,Temù,2022-10,684,1716,2.50
017184,Temù,2022-11,273,925,3.40
017184,Temù,2022-12,2239,6239,2.80
017184,Temù,2023-01,2884,9123,3.20
017184,Temù,2023-02,2872,9032,3.10
017184,Temù,2023-03,1330,4793,3.60
017184,Temù,2023-04,595,1936,3.30
017184,Temù,2023-05,478,1656,3.50
017184,Temù,2023-06,1116,3409,3.10
017184,Temù,2023-07,2983,12064,4.00
017184,Temù,2023-08,3183,14232,4.50
017184,Temù,2023-09,1256,3418,2.70
017184,Temù,2023-10,468,1241,2.70
017184,Temù,2023-11,318,1071,3.40
017184,Temù,2023-12,2674,7521,2.80
017184,Temù,2024-01,2792,10221,3.70
017184,Temù,2024-02,3176,10928,3.40
017184,Temù,2024-03,1434,5350,3.70
017184,Temù,2024-04,216,1328,6.10
017184,Temù,2024-05,517,1578,3.10
017184,Temù,2024-06,1017,2836,2.80
017184,Temù,2024-07,2740,10650,3.90
017184,Temù,2024-08,3346,13792,4.10
017184,Temù,2024-09,1054,2899,2.80
017184,Temù,2024-10,307,1186,3.90
017184,Temù,2024-11,538,1454,2.70
017184,Temù,2024-12,2312,7139,3.10
017185,Tignale,2019-01,0,250,0.00
017185,Tignale,2019-02,2,32,16.00
017185,Tignale,2019-03,159,622,3.90
017185,Tignale,2019-04,5962,27054,4.50
017185,Tignale,2019-05,5003,24995,5.00
017185,Tignale,2019-06,9577,51757,5.40
017185,Tignale,2019-07,10582,78097,7.40
017185,Tignale,2019-08,11511,82585,7.20
017185,Tignale,2019-09,6798,43525,6.40
017185,Tignale,2019-10,3670,22698,6.20
017185,Tignale,2019-11,124,4011,31.00
017185,Tignale,2019-12,138,8682,31.00
017185,Tignale,2020-01,1,1106,31.00
017185,Tignale,2020-02,24,102,4.30
017185,Tignale,2020-03,3,18,6.00
017185,Tignale,2020-04,10,28,2.80
017185,Tignale,2020-05,103,285,2.80
017185,Tignale,2020-06,1549,5655,3.70
017185,Tignale,2020-07,5407,31465,5.80
017185,Tignale,2020-08,10800,63175,5.80
017185,Tignale,2020-09,5499,34752,6.30
017185,Tignale,2020-10,1328,11382,8.60
017185,Tignale,2020-11,24,3457,31.00
017185,Tignale,2020-12,16,3526,31.00
017185,Tignale,2021-01,3,1480,31.00
017185,Tignale,2021-02,29,68,2.30
017185,Tignale,2021-03,18,78,4.30
017185,Tignale,2021-04,108,225,2.10
017185,Tignale,2021-05,2507,9427,3.80
017185,Tignale,2021-06,5052,27936,5.50
017185,Tignale,2021-07,10709,65130,6.10
017185,Tignale,2021-08,10709,84248,7.90
017185,Tignale,2021-09,5898,51059,8.70
017185,Tignale,2021-10,2327,32250,13.90
017185,Tignale,2021-11,62,21779,31.00
017185,Tignale,2021-12,111,22497,31.00
017185,Tignale,2022-01,34,392,11.50
017185,Tignale,2022-02,44,166,3.80
017185,Tignale,2022-03,274,1044,3.80
017185,Tignale,2022-04,5986,28779,4.80
017185,Tignale,2022-05,5678,28500,5.00
017185,Tignale,2022-06,10592,60422,5.70
017185,Tignale,2022-07,13205,84311,6.40
017185,Tignale,2022-08,11421,89883,7.90
017185,Tignale,2022-09,7620,52746,6.90
017185,Tignale,2022-10,4170,26088,6.30
017185,Tignale,2022-11,177,4005,22.60
017185,Tignale,2022-12,149,3026,20.30
017185,Tignale,2023-01,51,530,10.40
017185,Tignale,2023-02,56,257,4.60
017185,Tignale,2023-03,335,1375,4.10
017185,Tignale,2023-04,8854,36781,4.20
017185,Tignale,2023-05,7857,41360,5.30
017185,Tignale,2023-06,9482,58162,6.10
017185,Tignale,2023-07,13343,85792,6.40
017185,Tignale,2023-08,12251,91991,7.50
017185,Tignale,2023-09,8665,52532,6.10
017185,Tignale,2023-10,4455,28793,6.50
017185,Tignale,2023-11,321,2163,6.70
017185,Tignale,2023-12,135,1097,8.10
017185,Tignale,2024-01,13,308,23.70
017185,Tignale,2024-02,44,290,6.60
017185,Tignale,2024-03,2776,10387,3.70
017185,Tignale,2024-04,5440,24923,4.60
017185,Tignale,2024-05,9141,50840,5.60
017185,Tignale,2024-06,9872,54619,5.50
017185,Tignale,2024-07,12998,91988,7.10
017185,Tignale,2024-08,13915,95730,6.90
017185,Tignale,2024-09,8375,54732,6.50
017185,Tignale,2024-10,5239,33165,6.30
017185,Tignale,2024-11,275,2036,7.40
017185,Tignale,2024-12,175,698,4.00
017187,Toscolano-Maderno,2019-01,591,7073,12.00
017187,Toscolano-Maderno,2019-02,634,2133,3.40
017187,Toscolano-Maderno,2019-03,2458,6026,2.50
017187,Toscolano-Maderno,2019-04,10440,35708,3.40
017187,Toscolano-Maderno,2019-05,9689,36243,3.70
017187,Toscolano-Maderno,2019-06,19797,75317,3.80
017187,Toscolano-Maderno,2019-07,21744,112424,5.20
017187,Toscolano-Maderno,2019-08,23445,140177,6.00
017187,Toscolano-Maderno,2019-09,12552,62652,5.00
017187,Toscolano-Maderno,2019-10,5893,29669,5.00
017187,Toscolano-Maderno,2019-11,784,17996,23.00
017187,Toscolano-Maderno,2019-12,1469,21263,14.50
017187,Toscolano-Maderno,2020-01,378,2255,6.00
017187,Toscolano-Maderno,2020-02,495,1595,3.20
017187,Toscolano-Maderno,2020-03,119,870,7.30
017187,Toscolano-Maderno,2020-04,14,606,31.00
017187,Toscolano-Maderno,2020-05,2059,4876,2.40
017187,Toscolano-Maderno,2020-06,6858,21215,3.10
017187,Toscolano-Maderno,2020-07,13510,57384,4.20
017187,Toscolano-Maderno,2020-08,18412,100478,5.50
017187,Toscolano-Maderno,2020-09,10278,48634,4.70
017187,Toscolano-Maderno,2020-10,2097,11694,5.60
017187,Toscolano-Maderno,2020-11,122,5855,31.00
017187,Toscolano-Maderno,2020-12,305,7461,24.50
017187,Toscolano-Maderno,2021-01,114,3904,31.00
017187,Toscolano-Maderno,2021-02,246,1118,4.50
017187,Toscolano-Maderno,2021-03,268,2056,7.70
017187,Toscolano-Maderno,2021-04,908,3726,4.10
017187,Toscolano-Maderno,2021-05,6315,17820,2.80
017187,Toscolano-Maderno,2021-06,12987,43851,3.40
017187,Toscolano-Maderno,2021-07,22057,96687,4.40
017187,Toscolano-Maderno,2021-08,23527,142491,6.10
017187,Toscolano-Maderno,2021-09,13942,72753,5.20
017187,Toscolano-Maderno,2021-10,5556,25994,4.70
017187,Toscolano-Maderno,2021-11,621,10104,16.30
017187,Toscolano-Maderno,2021-12,1108,10006,9.00
017187,Toscolano-Maderno,2022-01,427,2931,6.90
017187,Toscolano-Maderno,2022-02,428,1157,2.70
017187,Toscolano-Maderno,2022-03,1294,3881,3.00
017187,Toscolano-Maderno,2022-04,9641,31748,3.30
017187,Toscolano-Maderno,2022-05,10301,36097,3.50
017187,Toscolano-Maderno,2022-06,20271,81580,4.00
017187,Toscolano-Maderno,2022-07,23793,114198,4.80
017187,Toscolano-Maderno,2022-08,22756,134189,5.90
017187,Toscolano-Maderno,2022-09,14028,67875,4.80
017187,Toscolano-Maderno,2022-10,5455,24730,4.50
017187,Toscolano-Maderno,2022-11,310,3731,12.00
017187,Toscolano-Maderno,2022-12,792,4202,5.30
017187,Toscolano-Maderno,2023-01,450,2196,4.90
017187,Toscolano-Maderno,2023-02,817,2325,2.80
017187,Toscolano-Maderno,2023-03,2465,6208,2.50
017187,Toscolano-Maderno,2023-04,15216,46579,3.10
017187,Toscolano-Maderno,2023-05,12905,46734,3.60
017187,Toscolano-Maderno,2023-06,20184,79662,3.90
017187,Toscolano-Maderno,2023-07,28382,130488,4.60
017187,Toscolano-Maderno,2023-08,26748,154868,5.80
017187,Toscolano-Maderno,2023-09,18198,76591,4.20
017187,Toscolano-Maderno,2023-10,6393,30068,4.70
017187,Toscolano-Maderno,2023-11,1077,6268,5.80
017187,Toscolano-Maderno,2023-12,1875,7209,3.80
017187,Toscolano-Maderno,2024-01,617,3626,5.90
017187,Toscolano-Maderno,2024-02,591,2269,3.80
017187,Toscolano-Maderno,2024-03,4758,14650,3.10
017187,Toscolano-Maderno,2024-04,9032,28447,3.10
017187,Toscolano-Maderno,2024-05,16307,60436,3.70
017187,Toscolano-Maderno,2024-06,18530,73012,3.90
017187,Toscolano-Maderno,2024-07,28355,137272,4.80
017187,Toscolano-Maderno,2024-08,29080,161684,5.60
017187,Toscolano-Maderno,2024-09,17140,81442,4.80
017187,Toscolano-Maderno,2024-10,7181,37785,5.30
017187,Toscolano-Maderno,2024-11,2332,13793,5.90
017187,Toscolano-Maderno,2024-12,1713,12364,7.20
017188,Travagliato,2021-01,29,46,1.60
017188,Travagliato,2021-02,47,79,1.70
017188,Travagliato,2021-03,58,126,2.20
017188,Travagliato,2021-04,59,101,1.70
017188,Travagliato,2021-05,68,145,2.10
017188,Travagliato,2021-06,84,177,2.10
017188,Travagliato,2021-07,63,94,1.50
017188,Travagliato,2021-08,64,140,2.20
017188,Travagliato,2021-09,165,331,2.00
017188,Travagliato,2021-10,130,270,2.10
017188,Travagliato,2021-11,110,250,2.30
017188,Travagliato,2021-12,57,96,1.70
017188,Travagliato,2022-01,74,186,2.50
017188,Travagliato,2022-02,95,224,2.40
017188,Travagliato,2022-03,117,277,2.40
017188,Travagliato,2022-04,110,189,1.70
017188,Travagliato,2022-05,126,267,2.10
017188,Travagliato,2022-06,16,52,3.30
017188,Travagliato,2022-08,6,28,4.70
017188,Travagliato,2022-09,12,41,3.40
017188,Travagliato,2022-10,11,48,4.40
017188,Travagliato,2022-11,14,48,3.40
017188,Travagliato,2022-12,4,18,4.50
017188,Travagliato,2023-01,16,51,3.20
017188,Travagliato,2023-02,10,31,3.10
017188,Travagliato,2023-03,35,204,5.80
017188,Travagliato,2023-04,62,292,4.70
017188,Travagliato,2023-05,97,370,3.80
017188,Travagliato,2023-06,128,496,3.90
017188,Travagliato,2023-07,92,397,4.30
017188,Travagliato,2023-08,63,289,4.60
017188,Travagliato,2023-09,128,504,3.90
017188,Travagliato,2023-10,125,492,3.90
017188,Travagliato,2023-11,93,433,4.70
017188,Travagliato,2023-12,47,212,4.50
017188,Travagliato,2024-01,71,253,3.60
017188,Travagliato,2024-02,80,335,4.20
017188,Travagliato,2024-03,109,360,3.30
017188,Travagliato,2024-04,122,500,4.10
017188,Travagliato,2024-05,155,384,2.50
017188,Travagliato,2024-06,119,401,3.40
017188,Travagliato,2024-07,96,276,2.90
017188,Travagliato,2024-08,82,221,2.70
017188,Travagliato,2024-09,271,613,2.30
017188,Travagliato,2024-10,254,545,2.10
017188,Travagliato,2024-11,219,534,2.40
017188,Travagliato,2024-12,329,505,1.50
017189,Tremosine sul Garda,2019-01,21,407,19.40
017189,Tremosine sul Garda,2019-02,20,40,2.00
017189,Tremosine sul Garda,2019-03,764,1914,2.50
017189,Tremosine sul Garda,2019-04,6625,29148,4.40
017189,Tremosine sul Garda,2019-05,5829,25567,4.40
017189,Tremosine sul Garda,2019-06,10932,51457,4.70
017189,Tremosine sul Garda,2019-07,12476,74515,6.00
017189,Tremosine sul Garda,2019-08,13890,79439,5.70
017189,Tremosine sul Garda,2019-09,8827,45087,5.10
017189,Tremosine sul Garda,2019-10,3227,16209,5.00
017189,Tremosine sul Garda,2019-11,180,2400,13.30
017189,Tremosine sul Garda,2019-12,318,2927,9.20
017189,Tremosine sul Garda,2020-01,57,409,7.20
017189,Tremosine sul Garda,2020-02,38,177,4.70
017189,Tremosine sul Garda,2020-03,14,71,5.10
017189,Tremosine sul Garda,2020-04,0,0,0.00
017189,Tremosine sul Garda,2020-05,236,333,1.40
017189,Tremosine sul Garda,2020-06,1787,6149,3.40
017189,Tremosine sul Garda,2020-07,6752,35592,5.30
017189,Tremosine sul Garda,2020-08,10282,55343,5.40
017189,Tremosine sul Garda,2020-09,5764,30093,5.20
017189,Tremosine sul Garda,2020-10,1677,10050,6.00
017189,Tremosine sul Garda,2020-11,14,7865,31.00
017189,Tremosine sul Garda,2020-12,6,8246,31.00
017189,Tremosine sul Garda,2021-01,8,2054,31.00
017189,Tremosine sul Garda,2021-02,90,146,1.60
017189,Tremosine sul Garda,2021-03,6,12,2.00
017189,Tremosine sul Garda,2021-04,223,430,1.90
017189,Tremosine sul Garda,2021-05,2643,10144,3.80
017189,Tremosine sul Garda,2021-06,5884,26350,4.50
017189,Tremosine sul Garda,2021-07,11444,60925,5.30
017189,Tremosine sul Garda,2021-08,12056,78219,6.50
017189,Tremosine sul Garda,2021-09,8508,48674,5.70
017189,Tremosine sul Garda,2021-10,3695,21264,5.80
017189,Tremosine sul Garda,2021-11,238,6567,27.60
017189,Tremosine sul Garda,2021-12,252,6482,25.70
017189,Tremosine sul Garda,2022-01,49,646,13.20
017189,Tremosine sul Garda,2022-02,79,287,3.60
017189,Tremosine sul Garda,2022-03,293,988,3.40
017189,Tremosine sul Garda,2022-04,5964,26416,4.40
017189,Tremosine sul Garda,2022-05,6148,25681,4.20
017189,Tremosine sul Garda,2022-06,11459,54530,4.80
017189,Tremosine sul Garda,2022-07,13610,72675,5.30
017189,Tremosine sul Garda,2022-08,12414,79023,6.40
017189,Tremosine sul Garda,2022-09,8266,48935,5.90
017189,Tremosine sul Garda,2022-10,3154,19508,6.20
017189,Tremosine sul Garda,2022-11,203,6742,31.00
017189,Tremosine sul Garda,2022-12,312,6858,22.00
017189,Tremosine sul Garda,2023-01,109,531,4.90
017189,Tremosine sul Garda,2023-02,43,134,3.10
017189,Tremosine sul Garda,2023-03,570,1542,2.70
017189,Tremosine sul Garda,2023-04,8532,32821,3.80
017189,Tremosine sul Garda,2023-05,7644,33040,4.30
017189,Tremosine sul Garda,2023-06,10203,50298,4.90
017189,Tremosine sul Garda,2023-07,14637,74886,5.10
017189,Tremosine sul Garda,2023-08,14286,83029,5.80
017189,Tremosine sul Garda,2023-09,10263,48620,4.70
017189,Tremosine sul Garda,2023-10,3193,16991,5.30
017189,Tremosine sul Garda,2023-11,265,1617,6.10
017189,Tremosine sul Garda,2023-12,376,1145,3.00
017189,Tremosine sul Garda,2024-01,84,466,5.50
017189,Tremosine sul Garda,2024-02,62,240,3.90
017189,Tremosine sul Garda,2024-03,2591,9298,3.60
017189,Tremosine sul Garda,2024-04,5661,22899,4.00
017189,Tremosine sul Garda,2024-05,9530,42870,4.50
017189,Tremosine sul Garda,2024-06,10372,44997,4.30
017189,Tremosine sul Garda,2024-07,14396,79126,5.50
017189,Tremosine sul Garda,2024-08,15649,86020,5.50
017189,Tremosine sul Garda,2024-09,9967,48853,4.90
017189,Tremosine sul Garda,2024-10,3698,19247,5.20
017189,Tremosine sul Garda,2024-11,338,1238,3.70
017189,Tremosine sul Garda,2024-12,497,1602,3.20
017190,Trenzano,2021-01,0,0,0.00
017190,Trenzano,2021-02,0,0,0.00
017190,Trenzano,2021-03,9,261,29.00
017190,Trenzano,2021-04,6,108,18.00
017190,Trenzano,2021-05,14,213,15.20
017190,Trenzano,2021-06,31,251,8.10
017190,Trenzano,2021-07,34,149,4.40
017190,Trenzano,2021-08,26,194,7.50
017190,Trenzano,2021-09,45,184,4.10
017190,Trenzano,2021-10,16,63,3.90
017190,Trenzano,2021-11,0,0,0.00
017190,Trenzano,2021-12,0,0,0.00
017190,Trenzano,2022-03,3,3,1.00
017190,Trenzano,2022-04,35,211,6.00
017190,Trenzano,2022-05,54,420,7.80
017190,Trenzano,2022-06,34,258,7.60
017190,Trenzano,2022-07,37,61,1.60
017190,Trenzano,2022-08,39,55,1.40
017190,Trenzano,2022-09,28,43,1.50
017190,Trenzano,2022-10,17,37,2.20
017190,Trenzano,2022-12,7,62,8.90
017190,Trenzano,2023-01,36,568,15.80
017190,Trenzano,2023-02,14,439,31.00
017190,Trenzano,2023-03,11,265,24.10
017190,Trenzano,2023-04,26,69,2.70
017190,Trenzano,2023-05,42,60,1.40
017190,Trenzano,2023-06,48,56,1.20
017190,Trenzano,2023-07,50,60,1.20
017190,Trenzano,2023-08,60,109,1.80
017190,Trenzano,2023-09,49,73,1.50
017190,Trenzano,2023-10,58,99,1.70
017190,Trenzano,2023-12,14,63,4.50
017190,Trenzano,2024-01,0,14,0.00
017190,Trenzano,2024-02,9,153,17.00
017190,Trenzano,2024-03,22,63,2.90
017190,Trenzano,2024-04,39,99,2.50
017190,Trenzano,2024-05,49,99,2.00
017190,Trenzano,2024-06,37,99,2.70
017190,Trenzano,2024-07,33,77,2.30
017190,Trenzano,2024-08,36,60,1.70
017190,Trenzano,2024-09,25,45,1.80
017190,Trenzano,2024-10,39,51,1.30
017190,Trenzano,2024-11,0,0,0.00
017190,Trenzano,2024-12,0,0,0.00
017191,Treviso Bresciano,2022-03,4,4,1.00
017191,Treviso Bresciano,2022-04,19,31,1.60
017191,Treviso Bresciano,2022-05,30,37,1.20
017191,Treviso Bresciano,2022-06,170,242,1.40
017191,Treviso Bresciano,2022-07,130,305,2.30
017191,Treviso Bresciano,2022-08,129,399,3.10
017191,Treviso Bresciano,2022-09,77,153,2.00
017191,Treviso Bresciano,2022-10,23,35,1.50
017191,Treviso Bresciano,2023-03,21,32,1.50
017191,Treviso Bresciano,2023-04,68,110,1.60
017191,Treviso Bresciano,2023-05,64,88,1.40
017191,Treviso Bresciano,2023-06,122,210,1.70
017191,Treviso Bresciano,2023-07,127,333,2.60
017191,Treviso Bresciano,2023-08,129,372,2.90
017191,Treviso Bresciano,2023-09,107,185,1.70
017191,Treviso Bresciano,2023-10,42,76,1.80
017191,Treviso Bresciano,2024-01,0,0,0.00
017191,Treviso Bresciano,2024-02,0,0,0.00
017191,Treviso Bresciano,2024-03,5,8,1.60
017191,Treviso Bresciano,2024-04,35,42,1.20
017191,Treviso Bresciano,2024-05,46,73,1.60
017191,Treviso Bresciano,2024-06,86,169,2.00
017191,Treviso Bresciano,2024-07,151,319,2.10
017191,Treviso Bresciano,2024-08,184,416,2.30
017191,Treviso Bresciano,2024-09,120,208,1.70
017191,Treviso Bresciano,2024-10,31,70,2.30
017191,Treviso Bresciano,2024-11,0,0,0.00
017191,Treviso Bresciano,2024-12,0,0,0.00
017193,Vallio Terme,2019-01,5,5,1.00
017193,Vallio Terme,2019-02,19,133,7.00
017193,Vallio Terme,2019-03,51,123,2.40
017193,Vallio Terme,2019-04,115,287,2.50
017193,Vallio Terme,2019-05,10,14,1.40
017193,Vallio Terme,2019-06,166,394,2.40
017193,Vallio Terme,2019-07,337,840,2.50
017193,Vallio Terme,2019-08,446,1451,3.30
017193,Vallio Terme,2019-09,38,74,1.90
017193,Vallio Terme,2019-10,96,566,5.90
017193,Vallio Terme,2019-11,2,42,21.00
017193,Vallio Terme,2019-12,28,60,2.10
017193,Vallio Terme,2020-01,35,96,2.70
017193,Vallio Terme,2020-02,4,12,3.00
017193,Vallio Terme,2020-03,1,3,3.00
017193,Vallio Terme,2020-04,0,14,0.00
017193,Vallio Terme,2020-05,6,6,1.00
017193,Vallio Terme,2020-06,11,29,2.60
017193,Vallio Terme,2020-07,92,171,1.90
017193,Vallio Terme,2020-08,200,502,2.50
017193,Vallio Terme,2020-09,81,130,1.60
017193,Vallio Terme,2020-10,7,52,7.40
017193,Vallio Terme,2020-11,0,0,0.00
017193,Vallio Terme,2020-12,2,2,1.00
017193,Vallio Terme,2021-01,0,0,0.00
017193,Vallio Terme,2021-02,0,0,0.00
017193,Vallio Terme,2021-03,0,0,0.00
017193,Vallio Terme,2021-04,0,0,0.00
017193,Vallio Terme,2021-05,12,21,1.80
017193,Vallio Terme,2021-06,16,56,3.50
017193,Vallio Terme,2021-07,92,194,2.10
017193,Vallio Terme,2021-08,76,525,6.90
017193,Vallio Terme,2021-09,69,131,1.90
017193,Vallio Terme,2021-10,8,62,7.80
017193,Vallio Terme,2021-11,0,0,0.00
017193,Vallio Terme,2021-12,0,0,0.00
017193,Vallio Terme,2022-02,13,13,1.00
017193,Vallio Terme,2022-03,21,87,4.10
017193,Vallio Terme,2022-04,62,131,2.10
017193,Vallio Terme,2022-05,45,113,2.50
017193,Vallio Terme,2022-06,64,295,4.60
017193,Vallio Terme,2022-07,49,151,3.10
017193,Vallio Terme,2022-08,136,602,4.40
017193,Vallio Terme,2022-09,72,327,4.50
017193,Vallio Terme,2022-10,15,65,4.30
017193,Vallio Terme,2022-11,5,12,2.40
017193,Vallio Terme,2022-12,9,36,4.00
017193,Vallio Terme,2023-01,3,24,8.00
017193,Vallio Terme,2023-02,5,6,1.20
017193,Vallio Terme,2023-03,5,15,3.00
017193,Vallio Terme,2023-04,81,238,2.90
017193,Vallio Terme,2023-05,37,54,1.50
017193,Vallio Terme,2023-06,48,206,4.30
017193,Vallio Terme,2023-07,69,231,3.30
017193,Vallio Terme,2023-08,82,372,4.50
017193,Vallio Terme,2023-09,71,111,1.60
017193,Vallio Terme,2023-10,31,46,1.50
017193,Vallio Terme,2023-11,30,55,1.80
017193,Vallio Terme,2023-12,49,143,2.90
017193,Vallio Terme,2024-01,6,15,2.50
017193,Vallio Terme,2024-02,7,16,2.30
017193,Vallio Terme,2024-03,25,59,2.40
017193,Vallio Terme,2024-04,67,104,1.60
017193,Vallio Terme,2024-05,44,48,1.10
017193,Vallio Terme,2024-06,28,44,1.60
017193,Vallio Terme,2024-07,91,247,2.70
017193,Vallio Terme,2024-08,109,386,3.50
017193,Vallio Terme,2024-09,25,68,2.70
017193,Vallio Terme,2024-10,39,143,3.70
017193,Vallio Terme,2024-11,23,78,3.40
017193,Vallio Terme,2024-12,19,21,1.10
017194,Valvestino,2024-01,0,0,0.00
017194,Valvestino,2024-02,0,0,0.00
017194,Valvestino,2024-03,0,0,0.00
017194,Valvestino,2024-04,0,0,0.00
017194,Valvestino,2024-05,0,0,0.00
017194,Valvestino,2024-06,0,0,0.00
017194,Valvestino,2024-07,4,22,5.50
017194,Valvestino,2024-08,2,12,6.00
017194,Valvestino,2024-09,0,0,0.00
017194,Valvestino,2024-10,5,13,2.60
017194,Valvestino,2024-11,0,0,0.00
017194,Valvestino,2024-12,3,4,1.30
017195,Verolanuova,2020-01,26,64,2.50
017195,Verolanuova,2020-02,11,43,3.90
017195,Verolanuova,2020-03,7,48,6.90
017195,Verolanuova,2020-04,2,54,27.00
017195,Verolanuova,2020-05,7,20,2.90
017195,Verolanuova,2020-06,14,53,3.80
017195,Verolanuova,2020-07,8,107,13.40
017195,Verolanuova,2020-08,26,160,6.20
017195,Verolanuova,2020-09,23,77,3.30
017195,Verolanuova,2020-10,13,86,6.60
017195,Verolanuova,2020-11,10,80,8.00
017195,Verolanuova,2020-12,13,52,4.00
017195,Verolanuova,2021-01,3,28,9.30
017195,Verolanuova,2021-02,9,46,5.10
017195,Verolanuova,2021-03,7,51,7.30
017195,Verolanuova,2021-04,8,47,5.90
017195,Verolanuova,2021-05,14,41,2.90
017195,Verolanuova,2021-06,16,58,3.60
017195,Verolanuova,2021-07,12,53,4.40
017195,Verolanuova,2021-08,6,57,9.50
017195,Verolanuova,2021-09,5,32,6.40
017195,Verolanuova,2021-10,10,44,4.40
017195,Verolanuova,2021-11,4,24,6.00
017195,Verolanuova,2021-12,5,17,3.40
017195,Verolanuova,2022-01,3,54,18.00
017195,Verolanuova,2022-02,4,24,6.00
017195,Verolanuova,2022-03,10,79,7.90
017195,Verolanuova,2022-04,4,74,18.50
017195,Verolanuova,2022-05,4,24,6.00
017195,Verolanuova,2022-06,7,16,2.30
017195,Verolanuova,2022-07,8,22,2.80
017195,Verolanuova,2022-08,9,35,3.90
017195,Verolanuova,2022-09,3,5,1.70
017195,Verolanuova,2022-10,4,36,9.00
017195,Verolanuova,2022-11,2,6,3.00
017195,Verolanuova,2022-12,14,38,2.70
017195,Verolanuova,2023-01,13,21,1.60
017195,Verolanuova,2023-02,8,28,3.50
017195,Verolanuova,2023-03,14,40,2.90
017195,Verolanuova,2023-04,19,34,1.80
017195,Verolanuova,2023-05,16,23,1.40
017195,Verolanuova,2023-06,26,80,3.10
017195,Verolanuova,2023-07,26,64,2.50
017195,Verolanuova,2023-08,18,74,4.10
017195,Verolanuova,2023-09,23,56,2.40
017195,Verolanuova,2023-10,35,185,5.30
017195,Verolanuova,2023-11,40,138,3.50
017195,Verolanuova,2023-12,27,148,5.50
017195,Verolanuova,2024-01,26,98,3.80
017195,Verolanuova,2024-02,45,207,4.60
017195,Verolanuova,2024-03,53,181,3.40
017195,Verolanuova,2024-04,43,168,3.90
017195,Verolanuova,2024-05,40,192,4.80
017195,Verolanuova,2024-06,42,260,6.20
017195,Verolanuova,2024-07,28,311,11.10
017195,Verolanuova,2024-08,33,243,7.40
017195,Verolanuova,2024-09,57,265,4.60
017195,Verolanuova,2024-10,60,242,4.00
017195,Verolanuova,2024-11,50,242,4.80
017195,Verolanuova,2024-12,33,159,4.80
017198,Vezza d'Oglio,2019-01,444,1283,2.90
017198,Vezza d'Oglio,2019-02,342,992,2.90
017198,Vezza d'Oglio,2019-03,412,1344,3.30
017198,Vezza d'Oglio,2019-04,324,625,1.90
017198,Vezza d'Oglio,2019-05,485,771,1.60
017198,Vezza d'Oglio,2019-06,311,915,2.90
017198,Vezza d'Oglio,2019-07,711,3593,5.10
017198,Vezza d'Oglio,2019-08,635,3326,5.20
017198,Vezza d'Oglio,2019-09,225,474,2.10
017198,Vezza d'Oglio,2019-10,261,314,1.20
017198,Vezza d'Oglio,2019-11,98,235,2.40
017198,Vezza d'Oglio,2019-12,534,1651,3.10
017198,Vezza d'Oglio,2020-01,625,2211,3.50
017198,Vezza d'Oglio,2020-02,635,1839,2.90
017198,Vezza d'Oglio,2020-03,51,286,5.60
017198,Vezza d'Oglio,2020-04,0,0,0.00
017198,Vezza d'Oglio,2020-05,56,75,1.30
017198,Vezza d'Oglio,2020-06,135,428,3.20
017198,Vezza d'Oglio,2020-07,331,1951,5.90
017198,Vezza d'Oglio,2020-08,436,3373,7.70
017198,Vezza d'Oglio,2020-09,143,781,5.50
017198,Vezza d'Oglio,2020-10,62,137,2.20
017198,Vezza d'Oglio,2020-11,0,2,0.00
017198,Vezza d'Oglio,2020-12,45,86,1.90
017198,Vezza d'Oglio,2021-01,25,152,6.10
017198,Vezza d'Oglio,2021-02,149,354,2.40
017198,Vezza d'Oglio,2021-03,2,64,31.00
017198,Vezza d'Oglio,2021-04,6,66,11.00
017198,Vezza d'Oglio,2021-05,62,189,3.00
017198,Vezza d'Oglio,2021-06,177,502,2.80
017198,Vezza d'Oglio,2021-07,402,2099,5.20
017198,Vezza d'Oglio,2021-08,465,3125,6.70
017198,Vezza d'Oglio,2021-09,180,591,3.30
017198,Vezza d'Oglio,2021-10,269,409,1.50
017198,Vezza d'Oglio,2021-11,110,219,2.00
017198,Vezza d'Oglio,2021-12,389,1029,2.60
017198,Vezza d'Oglio,2022-01,346,1196,3.50
017198,Vezza d'Oglio,2022-02,376,1342,3.60
017198,Vezza d'Oglio,2022-03,183,972,5.30
017198,Vezza d'Oglio,2022-04,139,425,3.10
017198,Vezza d'Oglio,2022-05,374,536,1.40
017198,Vezza d'Oglio,2022-06,272,654,2.40
017198,Vezza d'Oglio,2022-07,701,2866,4.10
017198,Vezza d'Oglio,2022-08,593,3810,6.40
017198,Vezza d'Oglio,2022-09,240,550,2.30
017198,Vezza d'Oglio,2022-10,273,419,1.50
017198,Vezza d'Oglio,2022-11,51,149,2.90
017198,Vezza d'Oglio,2022-12,418,1156,2.80
017198,Vezza d'Oglio,2023-01,549,1744,3.20
017198,Vezza d'Oglio,2023-02,561,1873,3.30
017198,Vezza d'Oglio,2023-03,222,599,2.70
017198,Vezza d'Oglio,2023-04,258,688,2.70
017198,Vezza d'Oglio,2023-05,447,776,1.70
017198,Vezza d'Oglio,2023-06,273,682,2.50
017198,Vezza d'Oglio,2023-07,706,3368,4.80
017198,Vezza d'Oglio,2023-08,584,3736,6.40
017198,Vezza d'Oglio,2023-09,303,847,2.80
017198,Vezza d'Oglio,2023-10,479,704,1.50
017198,Vezza d'Oglio,2023-11,205,379,1.80
017198,Vezza d'Oglio,2023-12,716,1799,2.50
017198,Vezza d'Oglio,2024-01,864,3030,3.50
017198,Vezza d'Oglio,2024-02,1034,3135,3.00
017198,Vezza d'Oglio,2024-03,471,1506,3.20
017198,Vezza d'Oglio,2024-04,423,872,2.10
017198,Vezza d'Oglio,2024-05,628,959,1.50
017198,Vezza d'Oglio,2024-06,365,667,1.80
017198,Vezza d'Oglio,2024-07,915,4795,5.20
017198,Vezza d'Oglio,2024-08,942,4834,5.10
017198,Vezza d'Oglio,2024-09,397,1170,2.90
017198,Vezza d'Oglio,2024-10,452,567,1.30
017198,Vezza d'Oglio,2024-11,231,392,1.70
017198,Vezza d'Oglio,2024-12,755,1830,2.40
017201,Villanuova sul Clisi,2019-01,28,109,3.90
017201,Villanuova sul Clisi,2019-02,9,56,6.20
017201,Villanuova sul Clisi,2019-03,29,123,4.20
017201,Villanuova sul Clisi,2019-04,115,381,3.30
017201,Villanuova sul Clisi,2019-05,56,165,2.90
017201,Villanuova sul Clisi,2019-06,113,690,6.10
017201,Villanuova sul Clisi,2019-07,203,1171,5.80
017201,Villanuova sul Clisi,2019-08,258,1366,5.30
017201,Villanuova sul Clisi,2019-09,112,722,6.40
017201,Villanuova sul Clisi,2019-10,43,279,6.50
017201,Villanuova sul Clisi,2019-11,15,72,4.80
017201,Villanuova sul Clisi,2019-12,21,36,1.70
017201,Villanuova sul Clisi,2020-01,13,71,5.50
017201,Villanuova sul Clisi,2020-02,25,78,3.10
017201,Villanuova sul Clisi,2020-03,1,30,30.00
017201,Villanuova sul Clisi,2020-04,0,0,0.00
017201,Villanuova sul Clisi,2020-05,7,14,2.00
017201,Villanuova sul Clisi,2020-06,41,170,4.10
017201,Villanuova sul Clisi,2020-07,164,1040,6.30
017201,Villanuova sul Clisi,2020-08,317,1751,5.50
017201,Villanuova sul Clisi,2020-09,148,669,4.50
017201,Villanuova sul Clisi,2020-10,56,345,6.20
017201,Villanuova sul Clisi,2020-11,14,93,6.60
017201,Villanuova sul Clisi,2020-12,13,23,1.80
017201,Villanuova sul Clisi,2021-01,4,24,6.00
017201,Villanuova sul Clisi,2021-02,19,28,1.50
017201,Villanuova sul Clisi,2021-03,12,93,7.80
017201,Villanuova sul Clisi,2021-04,11,112,10.20
017201,Villanuova sul Clisi,2021-05,62,275,4.40
017201,Villanuova sul Clisi,2021-06,109,546,5.00
017201,Villanuova sul Clisi,2021-07,282,1898,6.70
017201,Villanuova sul Clisi,2021-08,313,2091,6.70
017201,Villanuova sul Clisi,2021-09,155,1074,6.90
017201,Villanuova sul Clisi,2021-10,68,309,4.50
017201,Villanuova sul Clisi,2021-11,6,34,5.70
017201,Villanuova sul Clisi,2021-12,43,124,2.90
017201,Villanuova sul Clisi,2022-01,11,52,4.70
017201,Villanuova sul Clisi,2022-02,12,35,2.90
017201,Villanuova sul Clisi,2022-03,24,74,3.10
017201,Villanuova sul Clisi,2022-04,101,621,6.10
017201,Villanuova sul Clisi,2022-05,98,456,4.70
017201,Villanuova sul Clisi,2022-06,193,1270,6.60
017201,Villanuova sul Clisi,2022-07,332,2078,6.30
017201,Villanuova sul Clisi,2022-08,353,2316,6.60
017201,Villanuova sul Clisi,2022-09,184,1174,6.40
017201,Villanuova sul Clisi,2022-10,63,322,5.10
017201,Villanuova sul Clisi,2022-11,12,74,6.20
017201,Villanuova sul Clisi,2022-12,39,105,2.70
017201,Villanuova sul Clisi,2023-01,29,125,4.30
017201,Villanuova sul Clisi,2023-02,13,36,2.80
017201,Villanuova sul Clisi,2023-03,22,71,3.20
017201,Villanuova sul Clisi,2023-04,141,539,3.80
017201,Villanuova sul Clisi,2023-05,168,949,5.60
017201,Villanuova sul Clisi,2023-06,220,1289,5.90
017201,Villanuova sul Clisi,2023-07,369,2022,5.50
017201,Villanuova sul Clisi,2023-08,294,1991,6.80
017201,Villanuova sul Clisi,2023-09,209,1144,5.50
017201,Villanuova sul Clisi,2023-10,89,377,4.20
017201,Villanuova sul Clisi,2023-11,17,51,3.00
017201,Villanuova sul Clisi,2023-12,52,176,3.40
017201,Villanuova sul Clisi,2024-01,28,168,6.00
017201,Villanuova sul Clisi,2024-02,21,78,3.70
017201,Villanuova sul Clisi,2024-03,110,336,3.10
017201,Villanuova sul Clisi,2024-04,112,522,4.70
017201,Villanuova sul Clisi,2024-05,228,1134,5.00
017201,Villanuova sul Clisi,2024-06,274,1539,5.60
017201,Villanuova sul Clisi,2024-07,474,2724,5.70
017201,Villanuova sul Clisi,2024-08,363,2456,6.80
017201,Villanuova sul Clisi,2024-09,289,1616,5.60
017201,Villanuova sul Clisi,2024-10,135,694,5.10
017201,Villanuova sul Clisi,2024-11,23,143,6.20
017201,Villanuova sul Clisi,2024-12,61,211,3.50
017202,Vione,2019-01,117,277,2.40
017202,Vione,2019-02,138,231,1.70
017202,Vione,2019-03,109,158,1.40
017202,Vione,2019-04,20,26,1.30
017202,Vione,2019-05,36,73,2.00
017202,Vione,2019-06,51,73,1.40
017202,Vione,2019-07,276,576,2.10
017202,Vione,2019-08,364,973,2.70
017202,Vione,2019-09,51,109,2.10
017202,Vione,2019-10,16,22,1.40
017202,Vione,2019-11,80,113,1.40
017202,Vione,2019-12,197,474,2.40
017202,Vione,2020-01,168,503,3.00
017202,Vione,2020-02,352,959,2.70
017202,Vione,2020-03,37,55,1.50
017202,Vione,2020-04,0,0,0.00
017202,Vione,2020-05,9,11,1.20
017202,Vione,2020-06,45,62,1.40
017202,Vione,2020-07,188,462,2.50
017202,Vione,2020-08,322,1015,3.20
017202,Vione,2020-09,37,82,2.20
017202,Vione,2020-10,13,25,1.90
017202,Vione,2020-11,0,0,0.00
017202,Vione,2020-12,7,23,3.30
017202,Vione,2021-01,23,92,4.00
017202,Vione,2021-02,86,181,2.10
017202,Vione,2021-03,12,55,4.60
017202,Vione,2021-04,20,49,2.50
017202,Vione,2021-05,18,19,1.10
017202,Vione,2021-06,48,101,2.10
017202,Vione,2021-07,142,382,2.70
017202,Vione,2021-08,199,769,3.90
017202,Vione,2021-09,32,88,2.80
017202,Vione,2021-10,17,36,2.10
017202,Vione,2021-11,40,44,1.10
017202,Vione,2021-12,100,227,2.30
017202,Vione,2022-01,118,313,2.70
017202,Vione,2022-02,85,149,1.80
017202,Vione,2022-03,26,57,2.20
017202,Vione,2022-04,32,47,1.50
017202,Vione,2022-05,43,69,1.60
017202,Vione,2022-06,90,315,3.50
017202,Vione,2022-07,301,871,2.90
017202,Vione,2022-08,296,1324,4.50
017202,Vione,2022-09,138,279,2.00
017202,Vione,2022-10,46,141,3.10
017202,Vione,2022-11,32,140,4.40
017202,Vione,2022-12,298,702,2.40
017202,Vione,2023-01,303,666,2.20
017202,Vione,2023-02,279,575,2.10
017202,Vione,2023-03,158,295,1.90
017202,Vione,2023-04,52,76,1.50
017202,Vione,2023-05,7,21,3.00
017202,Vione,2023-06,84,161,1.90
017202,Vione,2023-07,345,899,2.60
017202,Vione,2023-08,386,1415,3.70
017202,Vione,2023-09,119,206,1.70
017202,Vione,2023-10,49,84,1.70
017202,Vione,2023-11,16,42,2.60
017202,Vione,2023-12,310,760,2.50
017202,Vione,2024-01,297,803,2.70
017202,Vione,2024-02,322,764,2.40
017202,Vione,2024-03,192,435,2.30
017202,Vione,2024-04,43,86,2.00
017202,Vione,2024-05,20,50,2.50
017202,Vione,2024-06,117,209,1.80
017202,Vione,2024-07,283,810,2.90
017202,Vione,2024-08,486,1680,3.50
017202,Vione,2024-09,106,274,2.60
017202,Vione,2024-10,63,108,1.70
017202,Vione,2024-11,71,150,2.10
017202,Vione,2024-12,286,756,2.60
017204,Vobarno,2019-01,1,20,20.00
017204,Vobarno,2019-02,0,0,0.00
017204,Vobarno,2019-03,0,0,0.00
017204,Vobarno,2019-04,13,44,3.40
017204,Vobarno,2019-05,34,149,4.40
017204,Vobarno,2019-06,127,565,4.40
017204,Vobarno,2019-07,156,976,6.30
017204,Vobarno,2019-08,216,1164,5.40
017204,Vobarno,2019-09,51,356,7.00
017204,Vobarno,2019-10,6,34,5.70
017204,Vobarno,2019-11,4,12,3.00
017204,Vobarno,2019-12,13,265,20.40
017204,Vobarno,2020-01,9,218,24.20
017204,Vobarno,2020-02,9,252,28.00
017204,Vobarno,2020-03,8,240,30.00
017204,Vobarno,2020-04,0,0,0.00
017204,Vobarno,2020-05,8,148,18.50
017204,Vobarno,2020-06,30,227,7.60
017204,Vobarno,2020-07,113,708,6.30
017204,Vobarno,2020-08,232,1069,4.60
017204,Vobarno,2020-09,88,389,4.40
017204,Vobarno,2020-10,14,158,11.30
017204,Vobarno,2020-11,5,145,29.00
017204,Vobarno,2020-12,9,218,24.20
017204,Vobarno,2021-01,5,100,20.00
017204,Vobarno,2021-02,15,180,12.00
017204,Vobarno,2021-03,12,158,13.20
017204,Vobarno,2021-04,9,75,8.30
017204,Vobarno,2021-05,48,244,5.10
017204,Vobarno,2021-06,130,631,4.90
017204,Vobarno,2021-07,205,995,4.90
017204,Vobarno,2021-08,187,1287,6.90
017204,Vobarno,2021-09,164,895,5.50
017204,Vobarno,2021-10,34,214,6.30
017204,Vobarno,2021-11,16,232,14.50
017204,Vobarno,2021-12,21,166,7.90
017204,Vobarno,2022-01,8,122,15.30
017204,Vobarno,2022-02,15,111,7.40
017204,Vobarno,2022-03,13,59,4.50
017204,Vobarno,2022-04,24,82,3.40
017204,Vobarno,2022-05,63,370,5.90
017204,Vobarno,2022-06,180,993,5.50
017204,Vobarno,2022-07,201,1133,5.60
017204,Vobarno,2022-08,254,1458,5.70
017204,Vobarno,2022-09,165,871,5.30
017204,Vobarno,2022-10,24,194,8.10
017204,Vobarno,2022-11,31,247,8.00
017204,Vobarno,2022-12,23,202,8.80
017204,Vobarno,2023-01,19,263,13.80
017204,Vobarno,2023-02,15,194,12.90
017204,Vobarno,2023-03,20,234,11.70
017204,Vobarno,2023-04,59,484,8.20
017204,Vobarno,2023-05,145,713,4.90
017204,Vobarno,2023-06,201,1009,5.00
017204,Vobarno,2023-07,221,1088,4.90
017204,Vobarno,2023-08,284,1527,5.40
017204,Vobarno,2023-09,154,807,5.20
017204,Vobarno,2023-10,35,354,10.10
017204,Vobarno,2023-11,20,424,21.20
017204,Vobarno,2023-12,35,331,9.50
017204,Vobarno,2024-01,17,349,20.50
017204,Vobarno,2024-02,7,28,4.00
017204,Vobarno,2024-03,34,308,9.10
017204,Vobarno,2024-04,20,71,3.60
017204,Vobarno,2024-05,156,748,4.80
017204,Vobarno,2024-06,188,1004,5.30
017204,Vobarno,2024-07,298,1482,5.00
017204,Vobarno,2024-08,319,1752,5.50
017204,Vobarno,2024-09,191,1055,5.50
017204,Vobarno,2024-10,54,345,6.40
017204,Vobarno,2024-11,23,361,15.70
017204,Vobarno,2024-12,26,103,4.00
017205,Zone,2019-01,195,519,2.70
017205,Zone,2019-02,179,427,2.40
017205,Zone,2019-03,242,432,1.80
017205,Zone,2019-04,391,819,2.10
017205,Zone,2019-05,375,720,1.90
017205,Zone,2019-06,507,1232,2.40
017205,Zone,2019-07,420,4069,9.70
017205,Zone,2019-08,573,4361,7.60
017205,Zone,2019-09,394,1143,2.90
017205,Zone,2019-10,195,356,1.80
017205,Zone,2019-11,404,812,2.00
017205,Zone,2019-12,379,731,1.90
017205,Zone,2020-01,229,675,2.90
017205,Zone,2020-02,160,441,2.80
017205,Zone,2020-03,31,224,7.20
017205,Zone,2020-04,7,196,28.00
017205,Zone,2020-05,18,227,12.60
017205,Zone,2020-06,179,534,3.00
017205,Zone,2020-07,361,2249,6.20
017205,Zone,2020-08,584,3378,5.80
017205,Zone,2020-09,356,876,2.50
017205,Zone,2020-10,42,159,3.80
017205,Zone,2020-11,0,0,0.00
017205,Zone,2020-12,2,58,29.00
017205,Zone,2021-01,10,68,6.80
017205,Zone,2021-02,177,276,1.60
017205,Zone,2021-03,15,74,4.90
017205,Zone,2021-04,14,66,4.70
017205,Zone,2021-05,272,359,1.30
017205,Zone,2021-06,471,899,1.90
017205,Zone,2021-07,617,3082,5.00
017205,Zone,2021-08,793,4128,5.20
017205,Zone,2021-09,450,1147,2.50
017205,Zone,2021-10,324,498,1.50
017205,Zone,2021-11,244,395,1.60
017205,Zone,2021-12,259,476,1.80
017205,Zone,2022-01,50,271,5.40
017205,Zone,2022-02,183,298,1.60
017205,Zone,2022-03,236,437,1.90
017205,Zone,2022-04,399,849,2.10
017205,Zone,2022-05,349,661,1.90
017205,Zone,2022-06,712,1776,2.50
017205,Zone,2022-07,721,3583,5.00
017205,Zone,2022-08,842,4335,5.10
017205,Zone,2022-09,530,1334,2.50
017205,Zone,2022-10,416,598,1.40
017205,Zone,2022-11,285,520,1.80
017205,Zone,2022-12,287,478,1.70
017205,Zone,2023-01,159,431,2.70
017205,Zone,2023-02,75,154,2.10
017205,Zone,2023-03,179,270,1.50
017205,Zone,2023-04,553,1121,2.00
017205,Zone,2023-05,415,730,1.80
017205,Zone,2023-06,576,1240,2.20
017205,Zone,2023-07,531,3372,6.40
017205,Zone,2023-08,523,3291,6.30
017205,Zone,2023-09,454,1006,2.20
017205,Zone,2023-10,207,421,2.00
017205,Zone,2023-11,239,582,2.40
017205,Zone,2023-12,216,739,3.40
017205,Zone,2024-01,118,597,5.10
017205,Zone,2024-02,48,692,14.40
017205,Zone,2024-03,170,1016,6.00
017205,Zone,2024-04,306,1189,3.90
017205,Zone,2024-05,424,1720,4.10
017205,Zone,2024-06,433,1745,4.00
017205,Zone,2024-07,413,3846,9.30
017205,Zone,2024-08,472,3713,7.90
017205,Zone,2024-09,466,1350,2.90
017205,Zone,2024-10,83,337,4.10
017205,Zone,2024-11,160,448,2.80
017205,Zone,2024-12,220,379,1.70
017206,Piancogno,2019-01,98,248,2.50
017206,Piancogno,2019-02,50,213,4.30
017206,Piancogno,2019-03,71,358,5.00
017206,Piancogno,2019-04,57,312,5.50
017206,Piancogno,2019-05,168,441,2.60
017206,Piancogno,2019-06,144,733,5.10
017206,Piancogno,2019-07,98,236,2.40
017206,Piancogno,2019-08,229,557,2.40
017206,Piancogno,2019-09,166,590,3.60
017206,Piancogno,2019-10,121,549,4.50
017206,Piancogno,2019-11,83,522,6.30
017206,Piancogno,2019-12,169,724,4.30
017206,Piancogno,2020-01,72,265,3.70
017206,Piancogno,2020-02,24,94,3.90
017206,Piancogno,2020-03,28,200,7.10
017206,Piancogno,2020-04,5,112,22.40
017206,Piancogno,2020-05,19,230,12.10
017206,Piancogno,2020-06,28,262,9.40
017206,Piancogno,2020-07,32,305,9.50
017206,Piancogno,2020-08,36,309,8.60
017206,Piancogno,2020-09,28,181,6.50
017206,Piancogno,2020-10,26,309,11.90
017206,Piancogno,2020-11,27,549,20.30
017206,Piancogno,2020-12,9,91,10.10
017206,Piancogno,2021-01,19,245,12.90
017206,Piancogno,2021-02,61,413,6.80
017206,Piancogno,2021-03,42,446,10.60
017206,Piancogno,2021-04,28,129,4.60
017206,Piancogno,2021-05,37,319,8.60
017206,Piancogno,2021-06,40,237,5.90
017206,Piancogno,2021-07,118,653,5.50
017206,Piancogno,2021-08,187,789,4.20
017206,Piancogno,2021-09,228,733,3.20
017206,Piancogno,2021-10,89,448,5.00
017206,Piancogno,2021-11,99,432,4.40
017206,Piancogno,2021-12,107,411,3.80
017206,Piancogno,2022-01,85,613,7.20
017206,Piancogno,2022-02,81,530,6.50
017206,Piancogno,2022-03,134,803,6.00
017206,Piancogno,2022-04,137,745,5.40
017206,Piancogno,2022-05,156,810,5.20
017206,Piancogno,2022-06,199,835,4.20
017206,Piancogno,2022-07,109,692,6.30
017206,Piancogno,2022-08,110,793,7.20
017206,Piancogno,2022-09,189,756,4.00
017206,Piancogno,2022-10,164,771,4.70
017206,Piancogno,2022-11,108,677,6.30
017206,Piancogno,2022-12,137,878,6.40
017206,Piancogno,2023-01,153,861,5.60
017206,Piancogno,2023-02,110,685,6.20
017206,Piancogno,2023-03,163,833,5.10
017206,Piancogno,2023-04,183,739,4.00
017206,Piancogno,2023-05,148,762,5.10
017206,Piancogno,2023-06,135,846,6.30
017206,Piancogno,2023-07,234,1201,5.10
017206,Piancogno,2023-08,280,1192,4.30
017206,Piancogno,2023-09,200,808,4.00
017206,Piancogno,2023-10,205,931,4.50
017206,Piancogno,2023-11,140,748,5.30
017206,Piancogno,2023-12,237,844,3.60
017206,Piancogno,2024-01,178,888,5.00
017206,Piancogno,2024-02,154,860,5.60
017206,Piancogno,2024-03,168,864,5.10
017206,Piancogno,2024-04,190,968,5.10
017206,Piancogno,2024-05,184,880,4.80
017206,Piancogno,2024-06,162,1003,6.20
017206,Piancogno,2024-07,217,1096,5.10
017206,Piancogno,2024-08,302,1171,3.90
017206,Piancogno,2024-09,239,652,2.70
017206,Piancogno,2024-10,201,1050,5.20
017206,Piancogno,2024-11,170,950,5.60
017206,Piancogno,2024-12,180,933,5.20
