codice_istat,comune,anno,tipo_struttura,cittadinanza,arrivi,presenze,permanenza_media,stato
017002,Adro,2019,Es. Alberghieri,Italiani,,,,riservato
017002,Adro,2019,Es. Alberghieri,Stranieri,,,,riservato
017002,Adro,2019,Es. Alberghieri,Totale,,,,riservato
017002,Adro,2019,Es. Extra-Alberghieri,Italiani,,,,riservato
017002,Adro,2019,Es. Extra-Alberghieri,Stranieri,,,,riservato
017002,Adro,2019,Es. Extra-Alberghieri,Totale,,,,riservato
017002,Adro,2019,Totale,Italiani,441,1692,3.80,osservato
017002,Adro,2019,Totale,Stranieri,122,1464,12.00,osservato
017002,Adro,2019,Totale,Totale,563,3156,5.60,osservato
017002,Adro,2020,Es. Extra-Alberghieri,Italiani,415,1816,4.40,osservato
017002,Adro,2020,Es. Extra-Alberghieri,Stranieri,206,5195,25.20,osservato
017002,Adro,2020,Es. Extra-Alberghieri,Totale,621,7011,11.30,osservato
017002,Adro,2020,Totale,Italiani,415,1816,4.40,osservato
017002,Adro,2020,Totale,Stranieri,206,5195,25.20,osservato
017002,Adro,2020,Totale,Totale,621,7011,11.30,osservato
017002,Adro,2021,Es. Alberghieri,Italiani,,,,riservato
017002,Adro,2021,Es. Alberghieri,Stranieri,,,,riservato
017002,Adro,2021,Es. Alberghieri,Totale,,,,riservato
017002,Adro,2021,Es. Extra-Alberghieri,Italiani,565,1544,2.70,osservato
017002,Adro,2021,Es. Extra-Alberghieri,Stranieri,267,4980,18.70,osservato
017002,Adro,2021,Es. Extra-Alberghieri,Totale,832,6524,7.80,osservato
017002,Adro,2021,Totale,Italiani,565,1544,2.70,osservato
017002,Adro,2021,Totale,Stranieri,267,4980,18.70,osservato
017002,Adro,2021,Totale,Totale,832,6524,7.80,osservato
017002,Adro,2022,Es. Alberghieri,Italiani,,,,riservato
017002,Adro,2022,Es. Alberghieri,Stranieri,,,,riservato
017002,Adro,2022,Es. Alberghieri,Totale,,,,riservato
017002,Adro,2022,Es. Extra-Alberghieri,Italiani,902,2199,2.40,osservato
017002,Adro,2022,Es. Extra-Alberghieri,Stranieri,403,6559,16.30,osservato
017002,Adro,2022,Es. Extra-Alberghieri,Totale,1305,8758,6.70,osservato
017002,Adro,2022,Totale,Italiani,902,2199,2.40,osservato
017002,Adro,2022,Totale,Stranieri,403,6559,16.30,osservato
017002,Adro,2022,Totale,Totale,1305,8758,6.70,osservato
017002,Adro,2023,Es. Alberghieri,Italiani,,,,riservato
017002,Adro,2023,Es. Alberghieri,Stranieri,,,,riservato
017002,Adro,2023,Es. Alberghieri,Totale,,,,riservato
017002,Adro,2023,Es. Extra-Alberghieri,Italiani,,,,riservato
017002,Adro,2023,Es. Extra-Alberghieri,Stranieri,,,,riservato
017002,Adro,2023,Es. Extra-Alberghieri,Totale,,,,riservato
017002,Adro,2023,Totale,Italiani,1548,4143,2.70,osservato
017002,Adro,2023,Totale,Stranieri,782,11293,14.40,osservato
017002,Adro,2023,Totale,Totale,2330,15436,6.60,osservato
017002,Adro,2024,Es. Alberghieri,Italiani,,,,riservato
017002,Adro,2024,Es. Alberghieri,Stranieri,,,,riservato
017002,Adro,2024,Es. Alberghieri,Totale,,,,riservato
017002,Adro,2024,Es. Extra-Alberghieri,Italiani,,,,riservato
017002,Adro,2024,Es. Extra-Alberghieri,Stranieri,,,,riservato
017002,Adro,2024,Es. Extra-Alberghieri,Totale,,,,riservato
017002,Adro,2024,Totale,Italiani,2196,4255,1.94,osservato
017002,Adro,2024,Totale,Stranieri,1233,15902,12.90,osservato
017002,Adro,2024,Totale,Totale,3429,20157,5.88,osservato
017003,Agnosine,2019,Es. Alberghieri,Italiani,,,,riservato
017003,Agnosine,2019,Es. Alberghieri,Stranieri,,,,riservato
017003,Agnosine,2019,Es. Alberghieri,Totale,,,,riservato
017003,Agnosine,2019,Es. Extra-Alberghieri,Italiani,,,,riservato
017003,Agnosine,2019,Es. Extra-Alberghieri,Stranieri,,,,riservato
017003,Agnosine,2019,Es. Extra-Alberghieri,Totale,,,,riservato
017003,Agnosine,2019,Totale,Italiani,,,,riservato
017003,Agnosine,2019,Totale,Stranieri,,,,riservato
017003,Agnosine,2019,Totale,Totale,,,,riservato
017003,Agnosine,2022,Es. Alberghieri,Italiani,,,,riservato
017003,Agnosine,2022,Es. Alberghieri,Stranieri,,,,riservato
017003,Agnosine,2022,Es. Alberghieri,Totale,,,,riservato
017003,Agnosine,2022,Es. Extra-Alberghieri,Italiani,,,,riservato
017003,Agnosine,2022,Es. Extra-Alberghieri,Stranieri,,,,riservato
017003,Agnosine,2022,Es. Extra-Alberghieri,Totale,,,,riservato
017003,Agnosine,2022,Totale,Italiani,,,,riservato
017003,Agnosine,2022,Totale,Stranieri,,,,riservato
017003,Agnosine,2022,Totale,Totale,,,,riservato
017003,Agnosine,2024,Es. Alberghieri,Italiani,,,,riservato
017003,Agnosine,2024,Es. Alberghieri,Stranieri,,,,riservato
017003,Agnosine,2024,Es. Alberghieri,Totale,,,,riservato
017003,Agnosine,2024,Es. Extra-Alberghieri,Italiani,,,,riservato
017003,Agnosine,2024,Es. Extra-Alberghieri,Stranieri,,,,riservato
017003,Agnosine,2024,Es. Extra-Alberghieri,Totale,,,,riservato
017003,Agnosine,2024,Totale,Italiani,,,,riservato
017003,Agnosine,2024,Totale,Stranieri,,,,riservato
017003,Agnosine,2024,Totale,Totale,,,,riservato
017005,Anfo,2019,Es. Alberghieri,Italiani,,,,riservato
017005,Anfo,2019,Es. Alberghieri,Stranieri,,,,riservato
017005,Anfo,2019,Es. Alberghieri,Totale,,,,riservato
017005,Anfo,2019,Es. Extra-Alberghieri,Italiani,,,,riservato
017005,Anfo,2019,Es. Extra-Alberghieri,Stranieri,,,,riservato
017005,Anfo,2019,Es. Extra-Alberghieri,Totale,,,,riservato
017005,Anfo,2019,Totale,Italiani,1130,3090,2.70,osservato
017005,Anfo,2019,Totale,Stranieri,2168,10997,5.10,osservato
017005,Anfo,2019,Totale,Totale,3298,14087,4.30,osservato
017005,Anfo,2020,Es. Alberghieri,Italiani,,,,riservato
017005,Anfo,2020,Es. Alberghieri,Stranieri,,,,riservato
017005,Anfo,2020,Es. Alberghieri,Totale,,,,riservato
017005,Anfo,2020,Es. Extra-Alberghieri,Italiani,,,,riservato
017005,Anfo,2020,Es. Extra-Alberghieri,Stranieri,,,,riservato
017005,Anfo,2020,Es. Extra-Alberghieri,Totale,,,,riservato
017005,Anfo,2020,Totale,Italiani,1170,3427,2.90,osservato
017005,Anfo,2020,Totale,Stranieri,1163,4247,3.70,osservato
017005,Anfo,2020,Totale,Totale,2333,7674,3.30,osservato
017005,Anfo,2021,Es. Alberghieri,Italiani,,,,riservato
017005,Anfo,2021,Es. Alberghieri,Stranieri,,,,riservato
017005,Anfo,2021,Es. Alberghieri,Totale,,,,riservato
017005,Anfo,2021,Es. Extra-Alberghieri,Italiani,,,,riservato
017005,Anfo,2021,Es. Extra-Alberghieri,Stranieri,,,,riservato
017005,Anfo,2021,Es. Extra-Alberghieri,Totale,,,,riservato
017005,Anfo,2021,Totale,Italiani,2922,7741,2.60,osservato
017005,Anfo,2021,Totale,Stranieri,6139,30097,4.90,osservato
017005,Anfo,2021,Totale,Totale,9061,37838,4.20,osservato
017005,Anfo,2022,Es. Alberghieri,Italiani,,,,riservato
017005,Anfo,2022,Es. Alberghieri,Stranieri,,,,riservato
017005,Anfo,2022,Es. Alberghieri,Totale,,,,riservato
017005,Anfo,2022,Es. Extra-Alberghieri,Italiani,,,,riservato
017005,Anfo,2022,Es. Extra-Alberghieri,Stranieri,,,,riservato
017005,Anfo,2022,Es. Extra-Alberghieri,Totale,,,,riservato
017005,Anfo,2022,Totale,Italiani,3507,9068,2.60,osservato
017005,Anfo,2022,Totale,Stranieri,9727,52580,5.40,osservato
017005,Anfo,2022,Totale,Totale,13234,61648,4.70,osservato
017005,Anfo,2023,Es. Alberghieri,Italiani,,,,riservato
017005,Anfo,2023,Es. Alberghieri,Stranieri,,,,riservato
017005,Anfo,2023,Es. Alberghieri,Totale,,,,riservato
017005,Anfo,2023,Es. Extra-Alberghieri,Italiani,,,,riservato
017005,Anfo,2023,Es. Extra-Alberghieri,Stranieri,,,,riservato
017005,Anfo,2023,Es. Extra-Alberghieri,Totale,,,,riservato
017005,Anfo,2023,Totale,Italiani,3816,9696,2.50,osservato
017005,Anfo,2023,Totale,Stranieri,10133,53004,5.20,osservato
017005,Anfo,2023,Totale,Totale,13949,62700,4.50,osservato
017005,Anfo,2024,Es. Alberghieri,Italiani,,,,riservato
017005,Anfo,2024,Es. Alberghieri,Stranieri,,,,riservato
017005,Anfo,2024,Es. Alberghieri,Totale,,,,riservato
017005,Anfo,2024,Es. Extra-Alberghieri,Italiani,,,,riservato
017005,Anfo,2024,Es. Extra-Alberghieri,Stranieri,,,,riservato
017005,Anfo,2024,Es. Extra-Alberghieri,Totale,,,,riservato
017005,Anfo,2024,Totale,Italiani,3316,9155,2.76,osservato
017005,Anfo,2024,Totale,Stranieri,11389,61632,5.41,osservato
017005,Anfo,2024,Totale,Totale,14705,70787,4.81,osservato
017006,Angolo Terme,2019,Es. Alberghieri,Italiani,172,730,4.20,osservato
017006,Angolo Terme,2019,Es. Alberghieri,Totale,172,730,4.20,osservato
017006,Angolo Terme,2019,Es. Extra-Alberghieri,Italiani,1307,4461,3.40,osservato
017006,Angolo Terme,2019,Es. Extra-Alberghieri,Stranieri,167,647,3.90,osservato
017006,Angolo Terme,2019,Es. Extra-Alberghieri,Totale,1474,5108,3.50,osservato
017006,Angolo Terme,2019,Totale,Italiani,1479,5191,3.50,osservato
017006,Angolo Terme,2019,Totale,Stranieri,167,647,3.90,osservato
017006,Angolo Terme,2019,Totale,Totale,1646,5838,3.50,osservato
017006,Angolo Terme,2020,Es. Alberghieri,Italiani,18,272,15.10,osservato
017006,Angolo Terme,2020,Es. Alberghieri,Totale,18,272,15.10,osservato
017006,Angolo Terme,2020,Es. Extra-Alberghieri,Italiani,837,3179,3.80,osservato
017006,Angolo Terme,2020,Es. Extra-Alberghieri,Stranieri,56,125,2.20,osservato
017006,Angolo Terme,2020,Es. Extra-Alberghieri,Totale,893,3304,3.70,osservato
017006,Angolo Terme,2020,Totale,Italiani,855,3451,4.00,osservato
017006,Angolo Terme,2020,Totale,Stranieri,56,125,2.20,osservato
017006,Angolo Terme,2020,Totale,Totale,911,3576,3.90,osservato
017006,Angolo Terme,2021,Es. Alberghieri,Italiani,,,,riservato
017006,Angolo Terme,2021,Es. Alberghieri,Stranieri,,,,riservato
017006,Angolo Terme,2021,Es. Alberghieri,Totale,,,,riservato
017006,Angolo Terme,2021,Es. Extra-Alberghieri,Italiani,,,,riservato
017006,Angolo Terme,2021,Es. Extra-Alberghieri,Stranieri,,,,riservato
017006,Angolo Terme,2021,Es. Extra-Alberghieri,Totale,,,,riservato
017006,Angolo Terme,2021,Totale,Italiani,1347,4093,3.00,osservato
017006,Angolo Terme,2021,Totale,Stranieri,176,605,3.40,osservato
017006,Angolo Terme,2021,Totale,Totale,1523,4698,3.10,osservato
017006,Angolo Terme,2022,Es. Alberghieri,Italiani,,,,riservato
017006,Angolo Terme,2022,Es. Alberghieri,Stranieri,,,,riservato
017006,Angolo Terme,2022,Es. Alberghieri,Totale,,,,riservato
017006,Angolo Terme,2022,Es. Extra-Alberghieri,Italiani,,,,riservato
017006,Angolo Terme,2022,Es. Extra-Alberghieri,Stranieri,,,,riservato
017006,Angolo Terme,2022,Es. Extra-Alberghieri,Totale,,,,riservato
017006,Angolo Terme,2022,Totale,Italiani,1747,4673,2.70,osservato
017006,Angolo Terme,2022,Totale,Stranieri,144,783,5.40,osservato
017006,Angolo Terme,2022,Totale,Totale,1891,5456,2.90,osservato
017006,Angolo Terme,2023,Es. Alberghieri,Italiani,,,,riservato
017006,Angolo Terme,2023,Es. Alberghieri,Stranieri,,,,riservato
017006,Angolo Terme,2023,Es. Alberghieri,Totale,,,,riservato
017006,Angolo Terme,2023,Es. Extra-Alberghieri,Italiani,,,,riservato
017006,Angolo Terme,2023,Es. Extra-Alberghieri,Stranieri,,,,riservato
017006,Angolo Terme,2023,Es. Extra-Alberghieri,Totale,,,,riservato
017006,Angolo Terme,2023,Totale,Italiani,1444,4401,3.00,osservato
017006,Angolo Terme,2023,Totale,Stranieri,208,1031,5.00,osservato
017006,Angolo Terme,2023,Totale,Totale,1652,5432,3.30,osservato
017006,Angolo Terme,2024,Es. Alberghieri,Italiani,,,,riservato
017006,Angolo Terme,2024,Es. Alberghieri,Stranieri,,,,riservato
017006,Angolo Terme,2024,Es. Alberghieri,Totale,,,,riservato
017006,Angolo Terme,2024,Es. Extra-Alberghieri,Italiani,,,,riservato
017006,Angolo Terme,2024,Es. Extra-Alberghieri,Stranieri,,,,riservato
017006,Angolo Terme,2024,Es. Extra-Alberghieri,Totale,,,,riservato
017006,Angolo Terme,2024,Totale,Italiani,1850,5308,2.87,osservato
017006,Angolo Terme,2024,Totale,Stranieri,526,1634,3.11,osservato
017006,Angolo Terme,2024,Totale,Totale,2376,6942,2.92,osservato
017007,Artogne,2019,Es. Alberghieri,Italiani,,,,riservato
017007,Artogne,2019,Es. Alberghieri,Stranieri,,,,riservato
017007,Artogne,2019,Es. Alberghieri,Totale,,,,riservato
017007,Artogne,2019,Es. Extra-Alberghieri,Italiani,,,,riservato
017007,Artogne,2019,Es. Extra-Alberghieri,Stranieri,,,,riservato
017007,Artogne,2019,Es. Extra-Alberghieri,Totale,,,,riservato
017007,Artogne,2019,Totale,Italiani,913,2163,2.40,osservato
017007,Artogne,2019,Totale,Stranieri,134,386,2.90,osservato
017007,Artogne,2019,Totale,Totale,1047,2549,2.40,osservato
017007,Artogne,2020,Es. Alberghieri,Italiani,,,,riservato
017007,Artogne,2020,Es. Alberghieri,Stranieri,,,,riservato
017007,Artogne,2020,Es. Alberghieri,Totale,,,,riservato
017007,Artogne,2020,Es. Extra-Alberghieri,Italiani,,,,riservato
017007,Artogne,2020,Es. Extra-Alberghieri,Stranieri,,,,riservato
017007,Artogne,2020,Es. Extra-Alberghieri,Totale,,,,riservato
017007,Artogne,2020,Totale,Italiani,678,1794,2.60,osservato
017007,Artogne,2020,Totale,Stranieri,30,61,2.00,osservato
017007,Artogne,2020,Totale,Totale,708,1855,2.60,osservato
017007,Artogne,2021,Es. Alberghieri,Italiani,,,,riservato
017007,Artogne,2021,Es. Alberghieri,Stranieri,,,,riservato
017007,Artogne,2021,Es. Alberghieri,Totale,,,,riservato
017007,Artogne,2021,Es. Extra-Alberghieri,Italiani,,,,riservato
017007,Artogne,2021,Es. Extra-Alberghieri,Stranieri,,,,riservato
017007,Artogne,2021,Es. Extra-Alberghieri,Totale,,,,riservato
017007,Artogne,2021,Totale,Italiani,776,1855,2.40,osservato
017007,Artogne,2021,Totale,Stranieri,90,238,2.60,osservato
017007,Artogne,2021,Totale,Totale,866,2093,2.40,osservato
017007,Artogne,2022,Es. Alberghieri,Italiani,,,,riservato
017007,Artogne,2022,Es. Alberghieri,Stranieri,,,,riservato
017007,Artogne,2022,Es. Alberghieri,Totale,,,,riservato
017007,Artogne,2022,Es. Extra-Alberghieri,Italiani,,,,riservato
017007,Artogne,2022,Es. Extra-Alberghieri,Stranieri,,,,riservato
017007,Artogne,2022,Es. Extra-Alberghieri,Totale,,,,riservato
017007,Artogne,2022,Totale,Italiani,867,2206,2.50,osservato
017007,Artogne,2022,Totale,Stranieri,142,404,2.80,osservato
017007,Artogne,2022,Totale,Totale,1009,2610,2.60,osservato
017007,Artogne,2023,Es. Alberghieri,Italiani,,,,riservato
017007,Artogne,2023,Es. Alberghieri,Stranieri,,,,riservato
017007,Artogne,2023,Es. Alberghieri,Totale,,,,riservato
017007,Artogne,2023,Es. Extra-Alberghieri,Italiani,,,,riservato
017007,Artogne,2023,Es. Extra-Alberghieri,Stranieri,,,,riservato
017007,Artogne,2023,Es. Extra-Alberghieri,Totale,,,,riservato
017007,Artogne,2023,Totale,Italiani,756,2004,2.70,osservato
017007,Artogne,2023,Totale,Stranieri,124,318,2.60,osservato
017007,Artogne,2023,Totale,Totale,880,2322,2.60,osservato
017007,Artogne,2024,Es. Alberghieri,Italiani,,,,riservato
017007,Artogne,2024,Es. Alberghieri,Stranieri,,,,riservato
017007,Artogne,2024,Es. Alberghieri,Totale,,,,riservato
017007,Artogne,2024,Es. Extra-Alberghieri,Italiani,,,,riservato
017007,Artogne,2024,Es. Extra-Alberghieri,Stranieri,,,,riservato
017007,Artogne,2024,Es. Extra-Alberghieri,Totale,,,,riservato
017007,Artogne,2024,Totale,Italiani,1141,2725,2.39,osservato
017007,Artogne,2024,Totale,Stranieri,220,592,2.69,osservato
017007,Artogne,2024,Totale,Totale,1361,3317,2.44,osservato
017008,Azzano Mella,2019,Es. Alberghieri,Italiani,,,,riservato
017008,Azzano Mella,2019,Es. Alberghieri,Stranieri,,,,riservato
017008,Azzano Mella,2019,Es. Alberghieri,Totale,,,,riservato
017008,Azzano Mella,2019,Es. Extra-Alberghieri,Italiani,,,,riservato
017008,Azzano Mella,2019,Es. Extra-Alberghieri,Stranieri,,,,riservato
017008,Azzano Mella,2019,Es. Extra-Alberghieri,Totale,,,,riservato
017008,Azzano Mella,2019,Totale,Italiani,,,,riservato
017008,Azzano Mella,2019,Totale,Stranieri,,,,riservato
017008,Azzano Mella,2019,Totale,Totale,,,,riservato
017008,Azzano Mella,2020,Es. Alberghieri,Italiani,,,,riservato
017008,Azzano Mella,2020,Es. Alberghieri,Stranieri,,,,riservato
017008,Azzano Mella,2020,Es. Alberghieri,Totale,,,,riservato
017008,Azzano Mella,2020,Es. Extra-Alberghieri,Italiani,,,,riservato
017008,Azzano Mella,2020,Es. Extra-Alberghieri,Stranieri,,,,riservato
017008,Azzano Mella,2020,Es. Extra-Alberghieri,Totale,,,,riservato
017008,Azzano Mella,2020,Totale,Italiani,,,,riservato
017008,Azzano Mella,2020,Totale,Stranieri,,,,riservato
017008,Azzano Mella,2020,Totale,Totale,,,,riservato
017008,Azzano Mella,2024,Es. Alberghieri,Italiani,,,,riservato
017008,Azzano Mella,2024,Es. Alberghieri,Stranieri,,,,riservato
017008,Azzano Mella,2024,Es. Alberghieri,Totale,,,,riservato
017008,Azzano Mella,2024,Es. Extra-Alberghieri,Italiani,,,,riservato
017008,Azzano Mella,2024,Es. Extra-Alberghieri,Stranieri,,,,riservato
017008,Azzano Mella,2024,Es. Extra-Alberghieri,Totale,,,,riservato
017008,Azzano Mella,2024,Totale,Italiani,,,,riservato
017008,Azzano Mella,2024,Totale,Stranieri,,,,riservato
017008,Azzano Mella,2024,Totale,Totale,,,,riservato
017009,Bagnolo Mella,2019,Es. Alberghieri,Italiani,,,,riservato
017009,Bagnolo Mella,2019,Es. Alberghieri,Stranieri,,,,riservato
017009,Bagnolo Mella,2019,Es. Alberghieri,Totale,,,,riservato
017009,Bagnolo Mella,2019,Es. Extra-Alberghieri,Italiani,,,,riservato
017009,Bagnolo Mella,2019,Es. Extra-Alberghieri,Stranieri,,,,riservato
017009,Bagnolo Mella,2019,Es. Extra-Alberghieri,Totale,,,,riservato
017009,Bagnolo Mella,2019,Totale,Italiani,,,,riservato
017009,Bagnolo Mella,2019,Totale,Stranieri,,,,riservato
017009,Bagnolo Mella,2019,Totale,Totale,,,,riservato
017009,Bagnolo Mella,2020,Es. Alberghieri,Italiani,,,,riservato
017009,Bagnolo Mella,2020,Es. Alberghieri,Stranieri,,,,riservato
017009,Bagnolo Mella,2020,Es. Alberghieri,Totale,,,,riservato
017009,Bagnolo Mella,2020,Es. Extra-Alberghieri,Italiani,,,,riservato
017009,Bagnolo Mella,2020,Es. Extra-Alberghieri,Stranieri,,,,riservato
017009,Bagnolo Mella,2020,Es. Extra-Alberghieri,Totale,,,,riservato
017009,Bagnolo Mella,2020,Totale,Italiani,,,,riservato
017009,Bagnolo Mella,2020,Totale,Stranieri,,,,riservato
017009,Bagnolo Mella,2020,Totale,Totale,,,,riservato
017009,Bagnolo Mella,2021,Es. Alberghieri,Italiani,,,,riservato
017009,Bagnolo Mella,2021,Es. Alberghieri,Stranieri,,,,riservato
017009,Bagnolo Mella,2021,Es. Alberghieri,Totale,,,,riservato
017009,Bagnolo Mella,2021,Es. Extra-Alberghieri,Italiani,,,,riservato
017009,Bagnolo Mella,2021,Es. Extra-Alberghieri,Stranieri,,,,riservato
017009,Bagnolo Mella,2021,Es. Extra-Alberghieri,Totale,,,,riservato
017009,Bagnolo Mella,2021,Totale,Italiani,,,,riservato
017009,Bagnolo Mella,2021,Totale,Stranieri,,,,riservato
017009,Bagnolo Mella,2021,Totale,Totale,,,,riservato
017009,Bagnolo Mella,2022,Es. Alberghieri,Italiani,,,,riservato
017009,Bagnolo Mella,2022,Es. Alberghieri,Stranieri,,,,riservato
017009,Bagnolo Mella,2022,Es. Alberghieri,Totale,,,,riservato
017009,Bagnolo Mella,2022,Es. Extra-Alberghieri,Italiani,,,,riservato
017009,Bagnolo Mella,2022,Es. Extra-Alberghieri,Stranieri,,,,riservato
017009,Bagnolo Mella,2022,Es. Extra-Alberghieri,Totale,,,,riservato
017009,Bagnolo Mella,2022,Totale,Italiani,,,,riservato
017009,Bagnolo Mella,2022,Totale,Stranieri,,,,riservato
017009,Bagnolo Mella,2022,Totale,Totale,,,,riservato
017009,Bagnolo Mella,2023,Es. Alberghieri,Italiani,,,,riservato
017009,Bagnolo Mella,2023,Es. Alberghieri,Stranieri,,,,riservato
017009,Bagnolo Mella,2023,Es. Alberghieri,Totale,,,,riservato
017009,Bagnolo Mella,2023,Es. Extra-Alberghieri,Italiani,,,,riservato
017009,Bagnolo Mella,2023,Es. Extra-Alberghieri,Stranieri,,,,riservato
017009,Bagnolo Mella,2023,Es. Extra-Alberghieri,Totale,,,,riservato
017009,Bagnolo Mella,2023,Totale,Italiani,209,495,2.40,osservato
017009,Bagnolo Mella,2023,Totale,Stranieri,55,181,3.30,osservato
017009,Bagnolo Mella,2023,Totale,Totale,264,676,2.60,osservato
017009,Bagnolo Mella,2024,Es. Alberghieri,Italiani,,,,riservato
017009,Bagnolo Mella,2024,Es. Alberghieri,Stranieri,,,,riservato
017009,Bagnolo Mella,2024,Es. Alberghieri,Totale,,,,riservato
017009,Bagnolo Mella,2024,Es. Extra-Alberghieri,Italiani,,,,riservato
017009,Bagnolo Mella,2024,Es. Extra-Alberghieri,Stranieri,,,,riservato
017009,Bagnolo Mella,2024,Es. Extra-Alberghieri,Totale,,,,riservato
017009,Bagnolo Mella,2024,Totale,Italiani,256,806,3.15,osservato
017009,Bagnolo Mella,2024,Totale,Stranieri,56,319,5.70,osservato
017009,Bagnolo Mella,2024,Totale,Totale,312,1125,3.61,osservato
017010,Bagolino,2019,Es. Alberghieri,Italiani,1137,2247,2.00,osservato
017010,Bagolino,2019,Es. Alberghieri,Stranieri,499,936,1.90,osservato
017010,Bagolino,2019,Es. Alberghieri,Totale,1636,3183,1.90,osservato
017010,Bagolino,2019,Es. Extra-Alberghieri,Italiani,6297,26255,4.20,osservato
017010,Bagolino,2019,Es. Extra-Alberghieri,Stranieri,1377,7739,5.60,osservato
017010,Bagolino,2019,Es. Extra-Alberghieri,Totale,7674,33994,4.40,osservato
017010,Bagolino,2019,Totale,Italiani,7434,28502,3.80,osservato
017010,Bagolino,2019,Totale,Stranieri,1876,8675,4.60,osservato
017010,Bagolino,2019,Totale,Totale,9310,37177,4.00,osservato
017010,Bagolino,2020,Es. Alberghieri,Italiani,280,693,2.50,osservato
017010,Bagolino,2020,Es. Alberghieri,Stranieri,92,121,1.30,osservato
017010,Bagolino,2020,Es. Alberghieri,Totale,372,814,2.20,osservato
017010,Bagolino,2020,Es. Extra-Alberghieri,Italiani,5121,20949,4.10,osservato
017010,Bagolino,2020,Es. Extra-Alberghieri,Stranieri,730,3109,4.30,osservato
017010,Bagolino,2020,Es. Extra-Alberghieri,Totale,5851,24058,4.10,osservato
017010,Bagolino,2020,Totale,Italiani,5401,21642,4.00,osservato
017010,Bagolino,2020,Totale,Stranieri,822,3230,3.90,osservato
017010,Bagolino,2020,Totale,Totale,6223,24872,4.00,osservato
017010,Bagolino,2021,Es. Alberghieri,Italiani,310,874,2.80,osservato
017010,Bagolino,2021,Es. Alberghieri,Stranieri,160,240,1.50,osservato
017010,Bagolino,2021,Es. Alberghieri,Totale,470,1114,2.40,osservato
017010,Bagolino,2021,Es. Extra-Alberghieri,Italiani,4421,20394,4.60,osservato
017010,Bagolino,2021,Es. Extra-Alberghieri,Stranieri,1624,7298,4.50,osservato
017010,Bagolino,2021,Es. Extra-Alberghieri,Totale,6045,27692,4.60,osservato
017010,Bagolino,2021,Totale,Italiani,4731,21268,4.50,osservato
017010,Bagolino,2021,Totale,Stranieri,1784,7538,4.20,osservato
017010,Bagolino,2021,Totale,Totale,6515,28806,4.40,osservato
017010,Bagolino,2022,Es. Alberghieri,Italiani,,,,riservato
017010,Bagolino,2022,Es. Alberghieri,Stranieri,,,,riservato
017010,Bagolino,2022,Es. Alberghieri,Totale,,,,riservato
017010,Bagolino,2022,Es. Extra-Alberghieri,Italiani,,,,riservato
017010,Bagolino,2022,Es. Extra-Alberghieri,Stranieri,,,,riservato
017010,Bagolino,2022,Es. Extra-Alberghieri,Totale,,,,riservato
017010,Bagolino,2022,Totale,Italiani,5655,24942,4.40,osservato
017010,Bagolino,2022,Totale,Stranieri,2267,10669,4.70,osservato
017010,Bagolino,2022,Totale,Totale,7922,35611,4.50,osservato
017010,Bagolino,2023,Es. Alberghieri,Italiani,,,,riservato
017010,Bagolino,2023,Es. Alberghieri,Stranieri,,,,riservato
017010,Bagolino,2023,Es. Alberghieri,Totale,,,,riservato
017010,Bagolino,2023,Es. Extra-Alberghieri,Italiani,,,,riservato
017010,Bagolino,2023,Es. Extra-Alberghieri,Stranieri,,,,riservato
017010,Bagolino,2023,Es. Extra-Alberghieri,Totale,,,,riservato
017010,Bagolino,2023,Totale,Italiani,6169,26562,4.30,osservato
017010,Bagolino,2023,Totale,Stranieri,2573,11821,4.60,osservato
017010,Bagolino,2023,Totale,Totale,8742,38383,4.40,osservato
017010,Bagolino,2024,Es. Alberghieri,Italiani,,,,riservato
017010,Bagolino,2024,Es. Alberghieri,Stranieri,,,,riservato
017010,Bagolino,2024,Es. Alberghieri,Totale,,,,riservato
017010,Bagolino,2024,Es. Extra-Alberghieri,Italiani,,,,riservato
017010,Bagolino,2024,Es. Extra-Alberghieri,Stranieri,,,,riservato
017010,Bagolino,2024,Es. Extra-Alberghieri,Totale,,,,riservato
017010,Bagolino,2024,Totale,Italiani,7012,28734,4.10,osservato
017010,Bagolino,2024,Totale,Stranieri,2772,12802,4.62,osservato
017010,Bagolino,2024,Totale,Totale,9784,41536,4.25,osservato
017011,Barbariga,2020,Es. Alberghieri,Italiani,,,,riservato
017011,Barbariga,2020,Es. Alberghieri,Stranieri,,,,riservato
017011,Barbariga,2020,Es. Alberghieri,Totale,,,,riservato
017011,Barbariga,2020,Es. Extra-Alberghieri,Italiani,,,,riservato
017011,Barbariga,2020,Es. Extra-Alberghieri,Stranieri,,,,riservato
017011,Barbariga,2020,Es. Extra-Alberghieri,Totale,,,,riservato
017011,Barbariga,2020,Totale,Italiani,,,,riservato
017011,Barbariga,2020,Totale,Stranieri,,,,riservato
017011,Barbariga,2020,Totale,Totale,,,,riservato
017011,Barbariga,2021,Es. Alberghieri,Italiani,,,,riservato
017011,Barbariga,2021,Es. Alberghieri,Stranieri,,,,riservato
017011,Barbariga,2021,Es. Alberghieri,Totale,,,,riservato
017011,Barbariga,2021,Es. Extra-Alberghieri,Italiani,,,,riservato
017011,Barbariga,2021,Es. Extra-Alberghieri,Stranieri,,,,riservato
017011,Barbariga,2021,Es. Extra-Alberghieri,Totale,,,,riservato
017011,Barbariga,2021,Totale,Italiani,,,,riservato
017011,Barbariga,2021,Totale,Stranieri,,,,riservato
017011,Barbariga,2021,Totale,Totale,,,,riservato
017011,Barbariga,2022,Es. Alberghieri,Italiani,,,,riservato
017011,Barbariga,2022,Es. Alberghieri,Stranieri,,,,riservato
017011,Barbariga,2022,Es. Alberghieri,Totale,,,,riservato
017011,Barbariga,2022,Es. Extra-Alberghieri,Italiani,,,,riservato
017011,Barbariga,2022,Es. Extra-Alberghieri,Stranieri,,,,riservato
017011,Barbariga,2022,Es. Extra-Alberghieri,Totale,,,,riservato
017011,Barbariga,2022,Totale,Italiani,,,,riservato
017011,Barbariga,2022,Totale,Stranieri,,,,riservato
017011,Barbariga,2022,Totale,Totale,,,,riservato
017011,Barbariga,2023,Es. Alberghieri,Italiani,,,,riservato
017011,Barbariga,2023,Es. Alberghieri,Stranieri,,,,riservato
017011,Barbariga,2023,Es. Alberghieri,Totale,,,,riservato
017011,Barbariga,2023,Es. Extra-Alberghieri,Italiani,,,,riservato
017011,Barbariga,2023,Es. Extra-Alberghieri,Stranieri,,,,riservato
017011,Barbariga,2023,Es. Extra-Alberghieri,Totale,,,,riservato
017011,Barbariga,2023,Totale,Italiani,,,,riservato
017011,Barbariga,2023,Totale,Stranieri,,,,riservato
017011,Barbariga,2023,Totale,Totale,,,,riservato
017011,Barbariga,2024,Es. Alberghieri,Italiani,,,,riservato
017011,Barbariga,2024,Es. Alberghieri,Stranieri,,,,riservato
017011,Barbariga,2024,Es. Alberghieri,Totale,,,,riservato
017011,Barbariga,2024,Es. Extra-Alberghieri,Italiani,,,,riservato
017011,Barbariga,2024,Es. Extra-Alberghieri,Stranieri,,,,riservato
017011,Barbariga,2024,Es. Extra-Alberghieri,Totale,,,,riservato
017011,Barbariga,2024,Totale,Italiani,,,,riservato
017011,Barbariga,2024,Totale,Stranieri,,,,riservato
017011,Barbariga,2024,Totale,Totale,,,,riservato
017012,Barghe,2019,Es. Alberghieri,Italiani,,,,riservato
017012,Barghe,2019,Es. Alberghieri,Stranieri,,,,riservato
017012,Barghe,2019,Es. Alberghieri,Totale,,,,riservato
017012,Barghe,2019,Es. Extra-Alberghieri,Italiani,,,,riservato
017012,Barghe,2019,Es. Extra-Alberghieri,Stranieri,,,,riservato
017012,Barghe,2019,Es. Extra-Alberghieri,Totale,,,,riservato
017012,Barghe,2019,Totale,Italiani,,,,riservato
017012,Barghe,2019,Totale,Stranieri,,,,riservato
017012,Barghe,2019,Totale,Totale,,,,riservato
017012,Barghe,2020,Es. Alberghieri,Italiani,,,,riservato
017012,Barghe,2020,Es. Alberghieri,Stranieri,,,,riservato
017012,Barghe,2020,Es. Alberghieri,Totale,,,,riservato
017012,Barghe,2020,Es. Extra-Alberghieri,Italiani,,,,riservato
017012,Barghe,2020,Es. Extra-Alberghieri,Stranieri,,,,riservato
017012,Barghe,2020,Es. Extra-Alberghieri,Totale,,,,riservato
017012,Barghe,2020,Totale,Italiani,,,,riservato
017012,Barghe,2020,Totale,Stranieri,,,,riservato
017012,Barghe,2020,Totale,Totale,,,,riservato
017012,Barghe,2021,Es. Alberghieri,Italiani,,,,riservato
017012,Barghe,2021,Es. Alberghieri,Stranieri,,,,riservato
017012,Barghe,2021,Es. Alberghieri,Totale,,,,riservato
017012,Barghe,2021,Es. Extra-Alberghieri,Italiani,,,,riservato
017012,Barghe,2021,Es. Extra-Alberghieri,Stranieri,,,,riservato
017012,Barghe,2021,Es. Extra-Alberghieri,Totale,,,,riservato
017012,Barghe,2021,Totale,Italiani,,,,riservato
017012,Barghe,2021,Totale,Stranieri,,,,riservato
017012,Barghe,2021,Totale,Totale,,,,riservato
017012,Barghe,2022,Es. Alberghieri,Italiani,,,,riservato
017012,Barghe,2022,Es. Alberghieri,Stranieri,,,,riservato
017012,Barghe,2022,Es. Alberghieri,Totale,,,,riservato
017012,Barghe,2022,Es. Extra-Alberghieri,Italiani,,,,riservato
017012,Barghe,2022,Es. Extra-Alberghieri,Stranieri,,,,riservato
017012,Barghe,2022,Es. Extra-Alberghieri,Totale,,,,riservato
017012,Barghe,2022,Totale,Italiani,,,,riservato
017012,Barghe,2022,Totale,Stranieri,,,,riservato
017012,Barghe,2022,Totale,Totale,,,,riservato
017012,Barghe,2023,Es. Alberghieri,Italiani,,,,riservato
017012,Barghe,2023,Es. Alberghieri,Stranieri,,,,riservato
017012,Barghe,2023,Es. Alberghieri,Totale,,,,riservato
017012,Barghe,2023,Es. Extra-Alberghieri,Italiani,,,,riservato
017012,Barghe,2023,Es. Extra-Alberghieri,Stranieri,,,,riservato
017012,Barghe,2023,Es. Extra-Alberghieri,Totale,,,,riservato
017012,Barghe,2023,Totale,Italiani,,,,riservato
017012,Barghe,2023,Totale,Stranieri,,,,riservato
017012,Barghe,2023,Totale,Totale,,,,riservato
017012,Barghe,2024,Es. Alberghieri,Italiani,,,,riservato
017012,Barghe,2024,Es. Alberghieri,Stranieri,,,,riservato
017012,Barghe,2024,Es. Alberghieri,Totale,,,,riservato
017012,Barghe,2024,Es. Extra-Alberghieri,Italiani,,,,riservato
017012,Barghe,2024,Es. Extra-Alberghieri,Stranieri,,,,riservato
017012,Barghe,2024,Es. Extra-Alberghieri,Totale,,,,riservato
017012,Barghe,2024,Totale,Italiani,,,,riservato
017012,Barghe,2024,Totale,Stranieri,,,,riservato
017012,Barghe,2024,Totale,Totale,,,,riservato
017013,Bassano Bresciano,2019,Es. Alberghieri,Italiani,,,,riservato
017013,Bassano Bresciano,2019,Es. Alberghieri,Stranieri,,,,riservato
017013,Bassano Bresciano,2019,Es. Alberghieri,Totale,,,,riservato
017013,Bassano Bresciano,2019,Es. Extra-Alberghieri,Italiani,,,,riservato
017013,Bassano Bresciano,2019,Es. Extra-Alberghieri,Stranieri,,,,riservato
017013,Bassano Bresciano,2019,Es. Extra-Alberghieri,Totale,,,,riservato
017013,Bassano Bresciano,2019,Totale,Italiani,,,,riservato
017013,Bassano Bresciano,2019,Totale,Stranieri,,,,riservato
017013,Bassano Bresciano,2019,Totale,Totale,,,,riservato
017013,Bassano Bresciano,2020,Es. Alberghieri,Italiani,,,,riservato
017013,Bassano Bresciano,2020,Es. Alberghieri,Stranieri,,,,riservato
017013,Bassano Bresciano,2020,Es. Alberghieri,Totale,,,,riservato
017013,Bassano Bresciano,2020,Es. Extra-Alberghieri,Italiani,,,,riservato
017013,Bassano Bresciano,2020,Es. Extra-Alberghieri,Stranieri,,,,riservato
017013,Bassano Bresciano,2020,Es. Extra-Alberghieri,Totale,,,,riservato
017013,Bassano Bresciano,2020,Totale,Italiani,,,,riservato
017013,Bassano Bresciano,2020,Totale,Stranieri,,,,riservato
017013,Bassano Bresciano,2020,Totale,Totale,,,,riservato
017013,Bassano Bresciano,2021,Es. Alberghieri,Italiani,,,,riservato
017013,Bassano Bresciano,2021,Es. Alberghieri,Stranieri,,,,riservato
017013,Bassano Bresciano,2021,Es. Alberghieri,Totale,,,,riservato
017013,Bassano Bresciano,2021,Es. Extra-Alberghieri,Italiani,,,,riservato
017013,Bassano Bresciano,2021,Es. Extra-Alberghieri,Stranieri,,,,riservato
017013,Bassano Bresciano,2021,Es. Extra-Alberghieri,Totale,,,,riservato
017013,Bassano Bresciano,2021,Totale,Italiani,,,,riservato
017013,Bassano Bresciano,2021,Totale,Stranieri,,,,riservato
017013,Bassano Bresciano,2021,Totale,Totale,,,,riservato
017013,Bassano Bresciano,2022,Es. Alberghieri,Italiani,,,,riservato
017013,Bassano Bresciano,2022,Es. Alberghieri,Stranieri,,,,riservato
017013,Bassano Bresciano,2022,Es. Alberghieri,Totale,,,,riservato
017013,Bassano Bresciano,2022,Es. Extra-Alberghieri,Italiani,,,,riservato
017013,Bassano Bresciano,2022,Es. Extra-Alberghieri,Stranieri,,,,riservato
017013,Bassano Bresciano,2022,Es. Extra-Alberghieri,Totale,,,,riservato
017013,Bassano Bresciano,2022,Totale,Italiani,,,,riservato
017013,Bassano Bresciano,2022,Totale,Stranieri,,,,riservato
017013,Bassano Bresciano,2022,Totale,Totale,,,,riservato
017013,Bassano Bresciano,2023,Es. Alberghieri,Italiani,,,,riservato
017013,Bassano Bresciano,2023,Es. Alberghieri,Stranieri,,,,riservato
017013,Bassano Bresciano,2023,Es. Alberghieri,Totale,,,,riservato
017013,Bassano Bresciano,2023,Es. Extra-Alberghieri,Italiani,,,,riservato
017013,Bassano Bresciano,2023,Es. Extra-Alberghieri,Stranieri,,,,riservato
017013,Bassano Bresciano,2023,Es. Extra-Alberghieri,Totale,,,,riservato
017013,Bassano Bresciano,2023,Totale,Italiani,,,,riservato
017013,Bassano Bresciano,2023,Totale,Stranieri,,,,riservato
017013,Bassano Bresciano,2023,Totale,Totale,,,,riservato
017013,Bassano Bresciano,2024,Es. Alberghieri,Italiani,,,,riservato
017013,Bassano Bresciano,2024,Es. Alberghieri,Stranieri,,,,riservato
017013,Bassano Bresciano,2024,Es. Alberghieri,Totale,,,,riservato
017013,Bassano Bresciano,2024,Es. Extra-Alberghieri,Italiani,,,,riservato
017013,Bassano Bresciano,2024,Es. Extra-Alberghieri,Stranieri,,,,riservato
017013,Bassano Bresciano,2024,Es. Extra-Alberghieri,Totale,,,,riservato
017013,Bassano Bresciano,2024,Totale,Italiani,,,,riservato
017013,Bassano Bresciano,2024,Totale,Stranieri,,,,riservato
017013,Bassano Bresciano,2024,Totale,Totale,,,,riservato
017014,Bedizzole,2019,Es. Alberghieri,Italiani,,,,riservato
017014,Bedizzole,2019,Es. Alberghieri,Stranieri,,,,riservato
017014,Bedizzole,2019,Es. Alberghieri,Totale,,,,riservato
017014,Bedizzole,2019,Es. Extra-Alberghieri,Italiani,,,,riservato
017014,Bedizzole,2019,Es. Extra-Alberghieri,Stranieri,,,,riservato
017014,Bedizzole,2019,Es. Extra-Alberghieri,Totale,,,,riservato
017014,Bedizzole,2019,Totale,Italiani,2852,8850,3.10,osservato
017014,Bedizzole,2019,Totale,Stranieri,1613,5146,3.20,osservato
017014,Bedizzole,2019,Totale,Totale,4465,13996,3.10,osservato
017014,Bedizzole,2020,Es. Alberghieri,Italiani,,,,riservato
017014,Bedizzole,2020,Es. Alberghieri,Stranieri,,,,riservato
017014,Bedizzole,2020,Es. Alberghieri,Totale,,,,riservato
017014,Bedizzole,2020,Es. Extra-Alberghieri,Italiani,,,,riservato
017014,Bedizzole,2020,Es. Extra-Alberghieri,Stranieri,,,,riservato
017014,Bedizzole,2020,Es. Extra-Alberghieri,Totale,,,,riservato
017014,Bedizzole,2020,Totale,Italiani,995,4412,4.40,osservato
017014,Bedizzole,2020,Totale,Stranieri,211,925,4.40,osservato
017014,Bedizzole,2020,Totale,Totale,1206,5337,4.40,osservato
017014,Bedizzole,2021,Es. Alberghieri,Italiani,,,,riservato
017014,Bedizzole,2021,Es. Alberghieri,Stranieri,,,,riservato
017014,Bedizzole,2021,Es. Alberghieri,Totale,,,,riservato
017014,Bedizzole,2021,Es. Extra-Alberghieri,Italiani,,,,riservato
017014,Bedizzole,2021,Es. Extra-Alberghieri,Stranieri,,,,riservato
017014,Bedizzole,2021,Es. Extra-Alberghieri,Totale,,,,riservato
017014,Bedizzole,2021,Totale,Italiani,1764,6525,3.70,osservato
017014,Bedizzole,2021,Totale,Stranieri,948,4147,4.40,osservato
017014,Bedizzole,2021,Totale,Totale,2712,10672,3.90,osservato
017014,Bedizzole,2022,Es. Alberghieri,Italiani,,,,riservato
017014,Bedizzole,2022,Es. Alberghieri,Stranieri,,,,riservato
017014,Bedizzole,2022,Es. Alberghieri,Totale,,,,riservato
017014,Bedizzole,2022,Es. Extra-Alberghieri,Italiani,,,,riservato
017014,Bedizzole,2022,Es. Extra-Alberghieri,Stranieri,,,,riservato
017014,Bedizzole,2022,Es. Extra-Alberghieri,Totale,,,,riservato
017014,Bedizzole,2022,Totale,Italiani,3594,9082,2.50,osservato
017014,Bedizzole,2022,Totale,Stranieri,1823,6986,3.80,osservato
017014,Bedizzole,2022,Totale,Totale,5417,16068,3.00,osservato
017014,Bedizzole,2023,Es. Alberghieri,Italiani,,,,riservato
017014,Bedizzole,2023,Es. Alberghieri,Stranieri,,,,riservato
017014,Bedizzole,2023,Es. Alberghieri,Totale,,,,riservato
017014,Bedizzole,2023,Es. Extra-Alberghieri,Italiani,,,,riservato
017014,Bedizzole,2023,Es. Extra-Alberghieri,Stranieri,,,,riservato
017014,Bedizzole,2023,Es. Extra-Alberghieri,Totale,,,,riservato
017014,Bedizzole,2023,Totale,Italiani,4543,11666,2.60,osservato
017014,Bedizzole,2023,Totale,Stranieri,1844,6285,3.40,osservato
017014,Bedizzole,2023,Totale,Totale,6387,17951,2.80,osservato
017014,Bedizzole,2024,Es. Alberghieri,Italiani,,,,riservato
017014,Bedizzole,2024,Es. Alberghieri,Stranieri,,,,riservato
017014,Bedizzole,2024,Es. Alberghieri,Totale,,,,riservato
017014,Bedizzole,2024,Es. Extra-Alberghieri,Italiani,,,,riservato
017014,Bedizzole,2024,Es. Extra-Alberghieri,Stranieri,,,,riservato
017014,Bedizzole,2024,Es. Extra-Alberghieri,Totale,,,,riservato
017014,Bedizzole,2024,Totale,Italiani,4069,13302,3.27,osservato
017014,Bedizzole,2024,Totale,Stranieri,2007,6962,3.47,osservato
017014,Bedizzole,2024,Totale,Totale,6076,20264,3.34,osservato
017016,Berzo Demo,2019,Es. Alberghieri,Italiani,,,,riservato
017016,Berzo Demo,2019,Es. Alberghieri,Stranieri,,,,riservato
017016,Berzo Demo,2019,Es. Alberghieri,Totale,,,,riservato
017016,Berzo Demo,2019,Es. Extra-Alberghieri,Italiani,,,,riservato
017016,Berzo Demo,2019,Es. Extra-Alberghieri,Stranieri,,,,riservato
017016,Berzo Demo,2019,Es. Extra-Alberghieri,Totale,,,,riservato
017016,Berzo Demo,2019,Totale,Italiani,89,151,1.70,osservato
017016,Berzo Demo,2019,Totale,Stranieri,45,53,1.20,osservato
017016,Berzo Demo,2019,Totale,Totale,134,204,1.50,osservato
017016,Berzo Demo,2020,Es. Alberghieri,Italiani,,,,riservato
017016,Berzo Demo,2020,Es. Alberghieri,Stranieri,,,,riservato
017016,Berzo Demo,2020,Es. Alberghieri,Totale,,,,riservato
017016,Berzo Demo,2020,Es. Extra-Alberghieri,Italiani,,,,riservato
017016,Berzo Demo,2020,Es. Extra-Alberghieri,Stranieri,,,,riservato
017016,Berzo Demo,2020,Es. Extra-Alberghieri,Totale,,,,riservato
017016,Berzo Demo,2020,Totale,Italiani,148,220,1.50,osservato
017016,Berzo Demo,2020,Totale,Stranieri,34,50,1.50,osservato
017016,Berzo Demo,2020,Totale,Totale,182,270,1.50,osservato
017016,Berzo Demo,2021,Es. Alberghieri,Italiani,,,,riservato
017016,Berzo Demo,2021,Es. Alberghieri,Stranieri,,,,riservato
017016,Berzo Demo,2021,Es. Alberghieri,Totale,,,,riservato
017016,Berzo Demo,2021,Es. Extra-Alberghieri,Italiani,,,,riservato
017016,Berzo Demo,2021,Es. Extra-Alberghieri,Stranieri,,,,riservato
017016,Berzo Demo,2021,Es. Extra-Alberghieri,Totale,,,,riservato
017016,Berzo Demo,2021,Totale,Italiani,108,152,1.40,osservato
017016,Berzo Demo,2021,Totale,Stranieri,58,70,1.20,osservato
017016,Berzo Demo,2021,Totale,Totale,166,222,1.30,osservato
017016,Berzo Demo,2022,Es. Alberghieri,Italiani,,,,riservato
017016,Berzo Demo,2022,Es. Alberghieri,Stranieri,,,,riservato
017016,Berzo Demo,2022,Es. Alberghieri,Totale,,,,riservato
017016,Berzo Demo,2022,Es. Extra-Alberghieri,Italiani,,,,riservato
017016,Berzo Demo,2022,Es. Extra-Alberghieri,Stranieri,,,,riservato
017016,Berzo Demo,2022,Es. Extra-Alberghieri,Totale,,,,riservato
017016,Berzo Demo,2022,Totale,Italiani,205,320,1.60,osservato
017016,Berzo Demo,2022,Totale,Stranieri,140,169,1.20,osservato
017016,Berzo Demo,2022,Totale,Totale,345,489,1.40,osservato
017016,Berzo Demo,2023,Es. Alberghieri,Italiani,,,,riservato
017016,Berzo Demo,2023,Es. Alberghieri,Stranieri,,,,riservato
017016,Berzo Demo,2023,Es. Alberghieri,Totale,,,,riservato
017016,Berzo Demo,2023,Es. Extra-Alberghieri,Italiani,,,,riservato
017016,Berzo Demo,2023,Es. Extra-Alberghieri,Stranieri,,,,riservato
017016,Berzo Demo,2023,Es. Extra-Alberghieri,Totale,,,,riservato
017016,Berzo Demo,2023,Totale,Italiani,244,344,1.40,osservato
017016,Berzo Demo,2023,Totale,Stranieri,98,107,1.10,osservato
017016,Berzo Demo,2023,Totale,Totale,342,451,1.30,osservato
017016,Berzo Demo,2024,Es. Alberghieri,Italiani,,,,riservato
017016,Berzo Demo,2024,Es. Alberghieri,Stranieri,,,,riservato
017016,Berzo Demo,2024,Es. Alberghieri,Totale,,,,riservato
017016,Berzo Demo,2024,Es. Extra-Alberghieri,Italiani,,,,riservato
017016,Berzo Demo,2024,Es. Extra-Alberghieri,Stranieri,,,,riservato
017016,Berzo Demo,2024,Es. Extra-Alberghieri,Totale,,,,riservato
017016,Berzo Demo,2024,Totale,Italiani,215,308,1.43,osservato
017016,Berzo Demo,2024,Totale,Stranieri,119,149,1.25,osservato
017016,Berzo Demo,2024,Totale,Totale,334,457,1.37,osservato
017017,Berzo Inferiore,2024,Es. Alberghieri,Italiani,,,,riservato
017017,Berzo Inferiore,2024,Es. Alberghieri,Stranieri,,,,riservato
017017,Berzo Inferiore,2024,Es. Alberghieri,Totale,,,,riservato
017017,Berzo Inferiore,2024,Es. Extra-Alberghieri,Italiani,,,,riservato
017017,Berzo Inferiore,2024,Es. Extra-Alberghieri,Stranieri,,,,riservato
017017,Berzo Inferiore,2024,Es. Extra-Alberghieri,Totale,,,,riservato
017017,Berzo Inferiore,2024,Totale,Italiani,,,,riservato
017017,Berzo Inferiore,2024,Totale,Stranieri,,,,riservato
017017,Berzo Inferiore,2024,Totale,Totale,,,,riservato
017018,Bienno,2019,Es. Alberghieri,Italiani,,,,riservato
017018,Bienno,2019,Es. Alberghieri,Stranieri,,,,riservato
017018,Bienno,2019,Es. Alberghieri,Totale,,,,riservato
017018,Bienno,2019,Es. Extra-Alberghieri,Italiani,,,,riservato
017018,Bienno,2019,Es. Extra-Alberghieri,Stranieri,,,,riservato
017018,Bienno,2019,Es. Extra-Alberghieri,Totale,,,,riservato
017018,Bienno,2019,Totale,Italiani,394,898,2.30,osservato
017018,Bienno,2019,Totale,Stranieri,702,3167,4.50,osservato
017018,Bienno,2019,Totale,Totale,1096,4065,3.70,osservato
017018,Bienno,2020,Es. Alberghieri,Italiani,,,,riservato
017018,Bienno,2020,Es. Alberghieri,Stranieri,,,,riservato
017018,Bienno,2020,Es. Alberghieri,Totale,,,,riservato
017018,Bienno,2020,Es. Extra-Alberghieri,Italiani,,,,riservato
017018,Bienno,2020,Es. Extra-Alberghieri,Stranieri,,,,riservato
017018,Bienno,2020,Es. Extra-Alberghieri,Totale,,,,riservato
017018,Bienno,2020,Totale,Italiani,294,688,2.30,osservato
017018,Bienno,2020,Totale,Stranieri,137,643,4.70,osservato
017018,Bienno,2020,Totale,Totale,431,1331,3.10,osservato
017018,Bienno,2021,Es. Alberghieri,Italiani,,,,riservato
017018,Bienno,2021,Es. Alberghieri,Stranieri,,,,riservato
017018,Bienno,2021,Es. Alberghieri,Totale,,,,riservato
017018,Bienno,2021,Es. Extra-Alberghieri,Italiani,,,,riservato
017018,Bienno,2021,Es. Extra-Alberghieri,Stranieri,,,,riservato
017018,Bienno,2021,Es. Extra-Alberghieri,Totale,,,,riservato
017018,Bienno,2021,Totale,Italiani,484,964,2.00,osservato
017018,Bienno,2021,Totale,Stranieri,350,1202,3.40,osservato
017018,Bienno,2021,Totale,Totale,834,2166,2.60,osservato
017018,Bienno,2022,Es. Alberghieri,Italiani,,,,riservato
017018,Bienno,2022,Es. Alberghieri,Stranieri,,,,riservato
017018,Bienno,2022,Es. Alberghieri,Totale,,,,riservato
017018,Bienno,2022,Es. Extra-Alberghieri,Italiani,,,,riservato
017018,Bienno,2022,Es. Extra-Alberghieri,Stranieri,,,,riservato
017018,Bienno,2022,Es. Extra-Alberghieri,Totale,,,,riservato
017018,Bienno,2022,Totale,Italiani,572,1404,2.50,osservato
017018,Bienno,2022,Totale,Stranieri,497,1761,3.50,osservato
017018,Bienno,2022,Totale,Totale,1069,3165,3.00,osservato
017018,Bienno,2023,Es. Alberghieri,Italiani,,,,riservato
017018,Bienno,2023,Es. Alberghieri,Stranieri,,,,riservato
017018,Bienno,2023,Es. Alberghieri,Totale,,,,riservato
017018,Bienno,2023,Es. Extra-Alberghieri,Italiani,,,,riservato
017018,Bienno,2023,Es. Extra-Alberghieri,Stranieri,,,,riservato
017018,Bienno,2023,Es. Extra-Alberghieri,Totale,,,,riservato
017018,Bienno,2023,Totale,Italiani,724,1272,1.80,osservato
017018,Bienno,2023,Totale,Stranieri,819,2862,3.50,osservato
017018,Bienno,2023,Totale,Totale,1543,4134,2.70,osservato
017018,Bienno,2024,Es. Alberghieri,Italiani,,,,riservato
017018,Bienno,2024,Es. Alberghieri,Stranieri,,,,riservato
017018,Bienno,2024,Es. Alberghieri,Totale,,,,riservato
017018,Bienno,2024,Es. Extra-Alberghieri,Italiani,,,,riservato
017018,Bienno,2024,Es. Extra-Alberghieri,Stranieri,,,,riservato
017018,Bienno,2024,Es. Extra-Alberghieri,Totale,,,,riservato
017018,Bienno,2024,Totale,Italiani,861,1408,1.64,osservato
017018,Bienno,2024,Totale,Stranieri,803,2481,3.09,osservato
017018,Bienno,2024,Totale,Totale,1664,3889,2.34,osservato
017020,Borgo San Giacomo,2019,Es. Alberghieri,Italiani,,,,riservato
017020,Borgo San Giacomo,2019,Es. Alberghieri,Stranieri,,,,riservato
017020,Borgo San Giacomo,2019,Es. Alberghieri,Totale,,,,riservato
017020,Borgo San Giacomo,2019,Es. Extra-Alberghieri,Italiani,,,,riservato
017020,Borgo San Giacomo,2019,Es. Extra-Alberghieri,Stranieri,,,,riservato
017020,Borgo San Giacomo,2019,Es. Extra-Alberghieri,Totale,,,,riservato
017020,Borgo San Giacomo,2019,Totale,Italiani,,,,riservato
017020,Borgo San Giacomo,2019,Totale,Stranieri,,,,riservato
017020,Borgo San Giacomo,2019,Totale,Totale,,,,riservato
017020,Borgo San Giacomo,2020,Es. Alberghieri,Italiani,,,,riservato
017020,Borgo San Giacomo,2020,Es. Alberghieri,Stranieri,,,,riservato
017020,Borgo San Giacomo,2020,Es. Alberghieri,Totale,,,,riservato
017020,Borgo San Giacomo,2020,Es. Extra-Alberghieri,Italiani,,,,riservato
017020,Borgo San Giacomo,2020,Es. Extra-Alberghieri,Stranieri,,,,riservato
017020,Borgo San Giacomo,2020,Es. Extra-Alberghieri,Totale,,,,riservato
017020,Borgo San Giacomo,2020,Totale,Italiani,,,,riservato
017020,Borgo San Giacomo,2020,Totale,Stranieri,,,,riservato
017020,Borgo San Giacomo,2020,Totale,Totale,,,,riservato
017020,Borgo San Giacomo,2021,Es. Alberghieri,Italiani,,,,riservato
017020,Borgo San Giacomo,2021,Es. Alberghieri,Stranieri,,,,riservato
017020,Borgo San Giacomo,2021,Es. Alberghieri,Totale,,,,riservato
017020,Borgo San Giacomo,2021,Es. Extra-Alberghieri,Italiani,,,,riservato
017020,Borgo San Giacomo,2021,Es. Extra-Alberghieri,Stranieri,,,,riservato
017020,Borgo San Giacomo,2021,Es. Extra-Alberghieri,Totale,,,,riservato
017020,Borgo San Giacomo,2021,Totale,Italiani,,,,riservato
017020,Borgo San Giacomo,2021,Totale,Stranieri,,,,riservato
017020,Borgo San Giacomo,2021,Totale,Totale,,,,riservato
017020,Borgo San Giacomo,2022,Es. Alberghieri,Italiani,,,,riservato
017020,Borgo San Giacomo,2022,Es. Alberghieri,Stranieri,,,,riservato
017020,Borgo San Giacomo,2022,Es. Alberghieri,Totale,,,,riservato
017020,Borgo San Giacomo,2022,Es. Extra-Alberghieri,Italiani,,,,riservato
017020,Borgo San Giacomo,2022,Es. Extra-Alberghieri,Stranieri,,,,riservato
017020,Borgo San Giacomo,2022,Es. Extra-Alberghieri,Totale,,,,riservato
017020,Borgo San Giacomo,2022,Totale,Italiani,,,,riservato
017020,Borgo San Giacomo,2022,Totale,Stranieri,,,,riservato
017020,Borgo San Giacomo,2022,Totale,Totale,,,,riservato
017020,Borgo San Giacomo,2023,Es. Alberghieri,Italiani,,,,riservato
017020,Borgo San Giacomo,2023,Es. Alberghieri,Stranieri,,,,riservato
017020,Borgo San Giacomo,2023,Es. Alberghieri,Totale,,,,riservato
017020,Borgo San Giacomo,2023,Es. Extra-Alberghieri,Italiani,,,,riservato
017020,Borgo San Giacomo,2023,Es. Extra-Alberghieri,Stranieri,,,,riservato
017020,Borgo San Giacomo,2023,Es. Extra-Alberghieri,Totale,,,,riservato
017020,Borgo San Giacomo,2023,Totale,Italiani,689,889,1.30,osservato
017020,Borgo San Giacomo,2023,Totale,Stranieri,382,581,1.50,osservato
017020,Borgo San Giacomo,2023,Totale,Totale,1071,1470,1.40,osservato
017020,Borgo San Giacomo,2024,Es. Alberghieri,Italiani,,,,riservato
017020,Borgo San Giacomo,2024,Es. Alberghieri,Stranieri,,,,riservato
017020,Borgo San Giacomo,2024,Es. Alberghieri,Totale,,,,riservato
017020,Borgo San Giacomo,2024,Es. Extra-Alberghieri,Italiani,,,,riservato
017020,Borgo San Giacomo,2024,Es. Extra-Alberghieri,Stranieri,,,,riservato
017020,Borgo San Giacomo,2024,Es. Extra-Alberghieri,Totale,,,,riservato
017020,Borgo San Giacomo,2024,Totale,Italiani,794,991,1.25,osservato
017020,Borgo San Giacomo,2024,Totale,Stranieri,423,774,1.83,osservato
017020,Borgo San Giacomo,2024,Totale,Totale,1217,1765,1.45,osservato
017022,Borno,2019,Es. Alberghieri,Italiani,2818,8115,2.90,osservato
017022,Borno,2019,Es. Alberghieri,Stranieri,267,2352,8.80,osservato
017022,Borno,2019,Es. Alberghieri,Totale,3085,10467,3.40,osservato
017022,Borno,2019,Es. Extra-Alberghieri,Italiani,3089,12971,4.20,osservato
017022,Borno,2019,Es. Extra-Alberghieri,Stranieri,120,577,4.80,osservato
017022,Borno,2019,Es. Extra-Alberghieri,Totale,3209,13548,4.20,osservato
017022,Borno,2019,Totale,Italiani,5907,21086,3.60,osservato
017022,Borno,2019,Totale,Stranieri,387,2929,7.60,osservato
017022,Borno,2019,Totale,Totale,6294,24015,3.80,osservato
017022,Borno,2020,Es. Alberghieri,Italiani,1255,3775,3.00,osservato
017022,Borno,2020,Es. Alberghieri,Stranieri,2,2,1.00,osservato
017022,Borno,2020,Es. Alberghieri,Totale,1257,3777,3.00,osservato
017022,Borno,2020,Es. Extra-Alberghieri,Italiani,4508,24087,5.30,osservato
017022,Borno,2020,Es. Extra-Alberghieri,Stranieri,63,325,5.20,osservato
017022,Borno,2020,Es. Extra-Alberghieri,Totale,4571,24412,5.30,osservato
017022,Borno,2020,Totale,Italiani,5763,27862,4.80,osservato
017022,Borno,2020,Totale,Stranieri,65,327,5.00,osservato
017022,Borno,2020,Totale,Totale,5828,28189,4.80,osservato
017022,Borno,2021,Es. Alberghieri,Italiani,2348,6831,2.90,osservato
017022,Borno,2021,Es. Alberghieri,Stranieri,54,153,2.80,osservato
017022,Borno,2021,Es. Alberghieri,Totale,2402,6984,2.90,osservato
017022,Borno,2021,Es. Extra-Alberghieri,Italiani,2675,9273,3.50,osservato
017022,Borno,2021,Es. Extra-Alberghieri,Stranieri,35,124,3.50,osservato
017022,Borno,2021,Es. Extra-Alberghieri,Totale,2710,9397,3.50,osservato
017022,Borno,2021,Totale,Italiani,5023,16104,3.20,osservato
017022,Borno,2021,Totale,Stranieri,89,277,3.10,osservato
017022,Borno,2021,Totale,Totale,5112,16381,3.20,osservato
017022,Borno,2022,Es. Alberghieri,Italiani,3069,8891,2.90,osservato
017022,Borno,2022,Es. Alberghieri,Stranieri,36,120,3.30,osservato
017022,Borno,2022,Es. Alberghieri,Totale,3105,9011,2.90,osservato
017022,Borno,2022,Es. Extra-Alberghieri,Italiani,5036,22062,4.40,osservato
017022,Borno,2022,Es. Extra-Alberghieri,Stranieri,118,444,3.80,osservato
017022,Borno,2022,Es. Extra-Alberghieri,Totale,5154,22506,4.40,osservato
017022,Borno,2022,Totale,Italiani,8105,30953,3.80,osservato
017022,Borno,2022,Totale,Stranieri,154,564,3.70,osservato
017022,Borno,2022,Totale,Totale,8259,31517,3.80,osservato
017022,Borno,2023,Es. Alberghieri,Italiani,3517,9820,2.80,osservato
017022,Borno,2023,Es. Alberghieri,Stranieri,35,57,1.60,osservato
017022,Borno,2023,Es. Alberghieri,Totale,3552,9877,2.80,osservato
017022,Borno,2023,Es. Extra-Alberghieri,Italiani,5886,27417,4.70,osservato
017022,Borno,2023,Es. Extra-Alberghieri,Stranieri,148,541,3.70,osservato
017022,Borno,2023,Es. Extra-Alberghieri,Totale,6034,27958,4.60,osservato
017022,Borno,2023,Totale,Italiani,9403,37237,4.00,osservato
017022,Borno,2023,Totale,Stranieri,183,598,3.30,osservato
017022,Borno,2023,Totale,Totale,9586,37835,3.90,osservato
017022,Borno,2024,Es. Alberghieri,Italiani,3268,9839,3.01,osservato
017022,Borno,2024,Es. Alberghieri,Stranieri,62,118,1.90,osservato
017022,Borno,2024,Es. Alberghieri,Totale,3330,9957,2.99,osservato
017022,Borno,2024,Es. Extra-Alberghieri,Italiani,5639,27431,4.86,osservato
017022,Borno,2024,Es. Extra-Alberghieri,Stranieri,213,911,4.28,osservato
017022,Borno,2024,Es. Extra-Alberghieri,Totale,5852,28342,4.84,osservato
017022,Borno,2024,Totale,Italiani,8907,37270,4.18,osservato
017022,Borno,2024,Totale,Stranieri,275,1029,3.74,osservato
017022,Borno,2024,Totale,Totale,9182,38299,4.17,osservato
017023,Botticino,2019,Es. Alberghieri,Italiani,,,,riservato
017023,Botticino,2019,Es. Alberghieri,Stranieri,,,,riservato
017023,Botticino,2019,Es. Alberghieri,Totale,,,,riservato
017023,Botticino,2019,Es. Extra-Alberghieri,Italiani,,,,riservato
017023,Botticino,2019,Es. Extra-Alberghieri,Stranieri,,,,riservato
017023,Botticino,2019,Es. Extra-Alberghieri,Totale,,,,riservato
017023,Botticino,2019,Totale,Italiani,,,,riservato
017023,Botticino,2019,Totale,Stranieri,,,,riservato
017023,Botticino,2019,Totale,Totale,,,,riservato
017023,Botticino,2020,Es. Alberghieri,Italiani,,,,riservato
017023,Botticino,2020,Es. Alberghieri,Stranieri,,,,riservato
017023,Botticino,2020,Es. Alberghieri,Totale,,,,riservato
017023,Botticino,2020,Es. Extra-Alberghieri,Italiani,,,,riservato
017023,Botticino,2020,Es. Extra-Alberghieri,Stranieri,,,,riservato
017023,Botticino,2020,Es. Extra-Alberghieri,Totale,,,,riservato
017023,Botticino,2020,Totale,Italiani,,,,riservato
017023,Botticino,2020,Totale,Stranieri,,,,riservato
017023,Botticino,2020,Totale,Totale,,,,riservato
017023,Botticino,2021,Es. Alberghieri,Italiani,,,,riservato
017023,Botticino,2021,Es. Alberghieri,Stranieri,,,,riservato
017023,Botticino,2021,Es. Alberghieri,Totale,,,,riservato
017023,Botticino,2021,Es. Extra-Alberghieri,Italiani,,,,riservato
017023,Botticino,2021,Es. Extra-Alberghieri,Stranieri,,,,riservato
017023,Botticino,2021,Es. Extra-Alberghieri,Totale,,,,riservato
017023,Botticino,2021,Totale,Italiani,,,,riservato
017023,Botticino,2021,Totale,Stranieri,,,,riservato
017023,Botticino,2021,Totale,Totale,,,,riservato
017023,Botticino,2022,Es. Alberghieri,Italiani,,,,riservato
017023,Botticino,2022,Es. Alberghieri,Stranieri,,,,riservato
017023,Botticino,2022,Es. Alberghieri,Totale,,,,riservato
017023,Botticino,2022,Es. Extra-Alberghieri,Italiani,,,,riservato
017023,Botticino,2022,Es. Extra-Alberghieri,Stranieri,,,,riservato
017023,Botticino,2022,Es. Extra-Alberghieri,Totale,,,,riservato
017023,Botticino,2022,Totale,Italiani,,,,riservato
017023,Botticino,2022,Totale,Stranieri,,,,riservato
017023,Botticino,2022,Totale,Totale,,,,riservato
017023,Botticino,2024,Es. Alberghieri,Italiani,,,,riservato
017023,Botticino,2024,Es. Alberghieri,Stranieri,,,,riservato
017023,Botticino,2024,Es. Alberghieri,Totale,,,,riservato
017023,Botticino,2024,Es. Extra-Alberghieri,Italiani,,,,riservato
017023,Botticino,2024,Es. Extra-Alberghieri,Stranieri,,,,riservato
017023,Botticino,2024,Es. Extra-Alberghieri,Totale,,,,riservato
017023,Botticino,2024,Totale,Italiani,58,223,3.84,osservato
017023,Botticino,2024,Totale,Stranieri,27,97,3.59,osservato
017023,Botticino,2024,Totale,Totale,85,320,3.76,osservato
017024,Bovegno,2019,Es. Alberghieri,Italiani,,,,riservato
017024,Bovegno,2019,Es. Alberghieri,Stranieri,,,,riservato
017024,Bovegno,2019,Es. Alberghieri,Totale,,,,riservato
017024,Bovegno,2019,Es. Extra-Alberghieri,Italiani,,,,riservato
017024,Bovegno,2019,Es. Extra-Alberghieri,Stranieri,,,,riservato
017024,Bovegno,2019,Es. Extra-Alberghieri,Totale,,,,riservato
017024,Bovegno,2019,Totale,Italiani,,,,riservato
017024,Bovegno,2019,Totale,Stranieri,,,,riservato
017024,Bovegno,2019,Totale,Totale,,,,riservato
017024,Bovegno,2020,Es. Alberghieri,Italiani,,,,riservato
017024,Bovegno,2020,Es. Alberghieri,Stranieri,,,,riservato
017024,Bovegno,2020,Es. Alberghieri,Totale,,,,riservato
017024,Bovegno,2020,Es. Extra-Alberghieri,Italiani,,,,riservato
017024,Bovegno,2020,Es. Extra-Alberghieri,Stranieri,,,,riservato
017024,Bovegno,2020,Es. Extra-Alberghieri,Totale,,,,riservato
017024,Bovegno,2020,Totale,Italiani,147,510,3.50,osservato
017024,Bovegno,2020,Totale,Stranieri,9,19,2.10,osservato
017024,Bovegno,2020,Totale,Totale,156,529,3.40,osservato
017024,Bovegno,2021,Es. Alberghieri,Italiani,,,,riservato
017024,Bovegno,2021,Es. Alberghieri,Stranieri,,,,riservato
017024,Bovegno,2021,Es. Alberghieri,Totale,,,,riservato
017024,Bovegno,2021,Es. Extra-Alberghieri,Italiani,,,,riservato
017024,Bovegno,2021,Es. Extra-Alberghieri,Stranieri,,,,riservato
017024,Bovegno,2021,Es. Extra-Alberghieri,Totale,,,,riservato
017024,Bovegno,2021,Totale,Italiani,125,377,3.00,osservato
017024,Bovegno,2021,Totale,Stranieri,5,11,2.20,osservato
017024,Bovegno,2021,Totale,Totale,130,388,3.00,osservato
017024,Bovegno,2022,Es. Alberghieri,Italiani,,,,riservato
017024,Bovegno,2022,Es. Alberghieri,Stranieri,,,,riservato
017024,Bovegno,2022,Es. Alberghieri,Totale,,,,riservato
017024,Bovegno,2022,Es. Extra-Alberghieri,Italiani,,,,riservato
017024,Bovegno,2022,Es. Extra-Alberghieri,Stranieri,,,,riservato
017024,Bovegno,2022,Es. Extra-Alberghieri,Totale,,,,riservato
017024,Bovegno,2022,Totale,Italiani,151,416,2.80,osservato
017024,Bovegno,2022,Totale,Stranieri,77,167,2.20,osservato
017024,Bovegno,2022,Totale,Totale,228,583,2.60,osservato
017024,Bovegno,2023,Es. Alberghieri,Italiani,,,,riservato
017024,Bovegno,2023,Es. Alberghieri,Stranieri,,,,riservato
017024,Bovegno,2023,Es. Alberghieri,Totale,,,,riservato
017024,Bovegno,2023,Es. Extra-Alberghieri,Italiani,,,,riservato
017024,Bovegno,2023,Es. Extra-Alberghieri,Stranieri,,,,riservato
017024,Bovegno,2023,Es. Extra-Alberghieri,Totale,,,,riservato
017024,Bovegno,2023,Totale,Italiani,247,726,2.90,osservato
017024,Bovegno,2023,Totale,Stranieri,112,390,3.50,osservato
017024,Bovegno,2023,Totale,Totale,359,1116,3.10,osservato
017024,Bovegno,2024,Es. Alberghieri,Italiani,,,,riservato
017024,Bovegno,2024,Es. Alberghieri,Stranieri,,,,riservato
017024,Bovegno,2024,Es. Alberghieri,Totale,,,,riservato
017024,Bovegno,2024,Es. Extra-Alberghieri,Italiani,,,,riservato
017024,Bovegno,2024,Es. Extra-Alberghieri,Stranieri,,,,riservato
017024,Bovegno,2024,Es. Extra-Alberghieri,Totale,,,,riservato
017024,Bovegno,2024,Totale,Italiani,333,1122,3.37,osservato
017024,Bovegno,2024,Totale,Stranieri,104,586,5.63,osservato
017024,Bovegno,2024,Totale,Totale,437,1708,3.91,osservato
017025,Bovezzo,2019,Es. Alberghieri,Italiani,,,,riservato
017025,Bovezzo,2019,Es. Alberghieri,Stranieri,,,,riservato
017025,Bovezzo,2019,Es. Alberghieri,Totale,,,,riservato
017025,Bovezzo,2019,Es. Extra-Alberghieri,Italiani,,,,riservato
017025,Bovezzo,2019,Es. Extra-Alberghieri,Stranieri,,,,riservato
017025,Bovezzo,2019,Es. Extra-Alberghieri,Totale,,,,riservato
017025,Bovezzo,2019,Totale,Italiani,,,,riservato
017025,Bovezzo,2019,Totale,Stranieri,,,,riservato
017025,Bovezzo,2019,Totale,Totale,,,,riservato
017025,Bovezzo,2020,Es. Alberghieri,Italiani,,,,riservato
017025,Bovezzo,2020,Es. Alberghieri,Stranieri,,,,riservato
017025,Bovezzo,2020,Es. Alberghieri,Totale,,,,riservato
017025,Bovezzo,2020,Es. Extra-Alberghieri,Italiani,,,,riservato
017025,Bovezzo,2020,Es. Extra-Alberghieri,Stranieri,,,,riservato
017025,Bovezzo,2020,Es. Extra-Alberghieri,Totale,,,,riservato
017025,Bovezzo,2020,Totale,Italiani,,,,riservato
017025,Bovezzo,2020,Totale,Stranieri,,,,riservato
017025,Bovezzo,2020,Totale,Totale,,,,riservato
017025,Bovezzo,2021,Es. Alberghieri,Italiani,,,,riservato
017025,Bovezzo,2021,Es. Alberghieri,Stranieri,,,,riservato
017025,Bovezzo,2021,Es. Alberghieri,Totale,,,,riservato
017025,Bovezzo,2021,Es. Extra-Alberghieri,Italiani,,,,riservato
017025,Bovezzo,2021,Es. Extra-Alberghieri,Stranieri,,,,riservato
017025,Bovezzo,2021,Es. Extra-Alberghieri,Totale,,,,riservato
017025,Bovezzo,2021,Totale,Italiani,,,,riservato
017025,Bovezzo,2021,Totale,Stranieri,,,,riservato
017025,Bovezzo,2021,Totale,Totale,,,,riservato
017025,Bovezzo,2022,Es. Alberghieri,Italiani,,,,riservato
017025,Bovezzo,2022,Es. Alberghieri,Stranieri,,,,riservato
017025,Bovezzo,2022,Es. Alberghieri,Totale,,,,riservato
017025,Bovezzo,2022,Es. Extra-Alberghieri,Italiani,,,,riservato
017025,Bovezzo,2022,Es. Extra-Alberghieri,Stranieri,,,,riservato
017025,Bovezzo,2022,Es. Extra-Alberghieri,Totale,,,,riservato
017025,Bovezzo,2022,Totale,Italiani,,,,riservato
017025,Bovezzo,2022,Totale,Stranieri,,,,riservato
017025,Bovezzo,2022,Totale,Totale,,,,riservato
017025,Bovezzo,2024,Es. Alberghieri,Italiani,,,,riservato
017025,Bovezzo,2024,Es. Alberghieri,Stranieri,,,,riservato
017025,Bovezzo,2024,Es. Alberghieri,Totale,,,,riservato
017025,Bovezzo,2024,Es. Extra-Alberghieri,Italiani,,,,riservato
017025,Bovezzo,2024,Es. Extra-Alberghieri,Stranieri,,,,riservato
017025,Bovezzo,2024,Es. Extra-Alberghieri,Totale,,,,riservato
017025,Bovezzo,2024,Totale,Italiani,,,,riservato
017025,Bovezzo,2024,Totale,Stranieri,,,,riservato
017025,Bovezzo,2024,Totale,Totale,,,,riservato
017027,Braone,2019,Es. Alberghieri,Italiani,,,,riservato
017027,Braone,2019,Es. Alberghieri,Stranieri,,,,riservato
017027,Braone,2019,Es. Alberghieri,Totale,,,,riservato
017027,Braone,2019,Es. Extra-Alberghieri,Italiani,,,,riservato
017027,Braone,2019,Es. Extra-Alberghieri,Stranieri,,,,riservato
017027,Braone,2019,Es. Extra-Alberghieri,Totale,,,,riservato
017027,Braone,2019,Totale,Italiani,,,,riservato
017027,Braone,2019,Totale,Stranieri,,,,riservato
017027,Braone,2019,Totale,Totale,,,,riservato
017027,Braone,2020,Es. Alberghieri,Italiani,,,,riservato
017027,Braone,2020,Es. Alberghieri,Stranieri,,,,riservato
017027,Braone,2020,Es. Alberghieri,Totale,,,,riservato
017027,Braone,2020,Es. Extra-Alberghieri,Italiani,,,,riservato
017027,Braone,2020,Es. Extra-Alberghieri,Stranieri,,,,riservato
017027,Braone,2020,Es. Extra-Alberghieri,Totale,,,,riservato
017027,Braone,2020,Totale,Italiani,,,,riservato
017027,Braone,2020,Totale,Stranieri,,,,riservato
017027,Braone,2020,Totale,Totale,,,,riservato
017027,Braone,2021,Es. Alberghieri,Italiani,,,,riservato
017027,Braone,2021,Es. Alberghieri,Stranieri,,,,riservato
017027,Braone,2021,Es. Alberghieri,Totale,,,,riservato
017027,Braone,2021,Es. Extra-Alberghieri,Italiani,,,,riservato
017027,Braone,2021,Es. Extra-Alberghieri,Stranieri,,,,riservato
017027,Braone,2021,Es. Extra-Alberghieri,Totale,,,,riservato
017027,Braone,2021,Totale,Italiani,,,,riservato
017027,Braone,2021,Totale,Stranieri,,,,riservato
017027,Braone,2021,Totale,Totale,,,,riservato
017027,Braone,2024,Es. Alberghieri,Italiani,,,,riservato
017027,Braone,2024,Es. Alberghieri,Stranieri,,,,riservato
017027,Braone,2024,Es. Alberghieri,Totale,,,,riservato
017027,Braone,2024,Es. Extra-Alberghieri,Italiani,,,,riservato
017027,Braone,2024,Es. Extra-Alberghieri,Stranieri,,,,riservato
017027,Braone,2024,Es. Extra-Alberghieri,Totale,,,,riservato
017027,Braone,2024,Totale,Italiani,,,,riservato
017027,Braone,2024,Totale,Stranieri,,,,riservato
017027,Braone,2024,Totale,Totale,,,,riservato
017028,Breno,2019,Es. Alberghieri,Italiani,4289,9731,2.30,osservato
017028,Breno,2019,Es. Alberghieri,Stranieri,962,1585,1.60,osservato
017028,Breno,2019,Es. Alberghieri,Totale,5251,11316,2.20,osservato
017028,Breno,2019,Es. Extra-Alberghieri,Italiani,2506,9339,3.70,osservato
017028,Breno,2019,Es. Extra-Alberghieri,Stranieri,235,557,2.40,osservato
017028,Breno,2019,Es. Extra-Alberghieri,Totale,2741,9896,3.60,osservato
017028,Breno,2019,Totale,Italiani,6795,19070,2.80,osservato
017028,Breno,2019,Totale,Stranieri,1197,2142,1.80,osservato
017028,Breno,2019,Totale,Totale,7992,21212,2.70,osservato
017028,Breno,2020,Es. Alberghieri,Italiani,2718,5343,2.00,osservato
017028,Breno,2020,Es. Alberghieri,Stranieri,591,953,1.60,osservato
017028,Breno,2020,Es. Alberghieri,Totale,3309,6296,1.90,osservato
017028,Breno,2020,Es. Extra-Alberghieri,Italiani,834,3343,4.00,osservato
017028,Breno,2020,Es. Extra-Alberghieri,Stranieri,54,127,2.40,osservato
017028,Breno,2020,Es. Extra-Alberghieri,Totale,888,3470,3.90,osservato
017028,Breno,2020,Totale,Italiani,3552,8686,2.40,osservato
017028,Breno,2020,Totale,Stranieri,645,1080,1.70,osservato
017028,Breno,2020,Totale,Totale,4197,9766,2.30,osservato
017028,Breno,2021,Es. Alberghieri,Italiani,4207,8828,2.10,osservato
017028,Breno,2021,Es. Alberghieri,Stranieri,832,1466,1.80,osservato
017028,Breno,2021,Es. Alberghieri,Totale,5039,10294,2.00,osservato
017028,Breno,2021,Es. Extra-Alberghieri,Italiani,1074,4477,4.20,osservato
017028,Breno,2021,Es. Extra-Alberghieri,Stranieri,105,316,3.00,osservato
017028,Breno,2021,Es. Extra-Alberghieri,Totale,1179,4793,4.10,osservato
017028,Breno,2021,Totale,Italiani,5281,13305,2.50,osservato
017028,Breno,2021,Totale,Stranieri,937,1782,1.90,osservato
017028,Breno,2021,Totale,Totale,6218,15087,2.40,osservato
017028,Breno,2022,Es. Alberghieri,Italiani,5067,10052,2.00,osservato
017028,Breno,2022,Es. Alberghieri,Stranieri,1099,1937,1.80,osservato
017028,Breno,2022,Es. Alberghieri,Totale,6166,11989,1.90,osservato
017028,Breno,2022,Es. Extra-Alberghieri,Italiani,1406,5094,3.60,osservato
017028,Breno,2022,Es. Extra-Alberghieri,Stranieri,307,763,2.50,osservato
017028,Breno,2022,Es. Extra-Alberghieri,Totale,1713,5857,3.40,osservato
017028,Breno,2022,Totale,Italiani,6473,15146,2.30,osservato
017028,Breno,2022,Totale,Stranieri,1406,2700,1.90,osservato
017028,Breno,2022,Totale,Totale,7879,17846,2.30,osservato
017028,Breno,2023,Es. Alberghieri,Italiani,4566,7436,1.60,osservato
017028,Breno,2023,Es. Alberghieri,Stranieri,1122,2457,2.20,osservato
017028,Breno,2023,Es. Alberghieri,Totale,5688,9893,1.70,osservato
017028,Breno,2023,Es. Extra-Alberghieri,Italiani,1130,2516,2.20,osservato
017028,Breno,2023,Es. Extra-Alberghieri,Stranieri,230,480,2.10,osservato
017028,Breno,2023,Es. Extra-Alberghieri,Totale,1360,2996,2.20,osservato
017028,Breno,2023,Totale,Italiani,5696,9952,1.70,osservato
017028,Breno,2023,Totale,Stranieri,1352,2937,2.20,osservato
017028,Breno,2023,Totale,Totale,7048,12889,1.80,osservato
017028,Breno,2024,Es. Alberghieri,Italiani,4162,9780,2.35,osservato
017028,Breno,2024,Es. Alberghieri,Stranieri,865,1633,1.89,osservato
017028,Breno,2024,Es. Alberghieri,Totale,5027,11413,2.27,osservato
017028,Breno,2024,Es. Extra-Alberghieri,Italiani,1432,4091,2.86,osservato
017028,Breno,2024,Es. Extra-Alberghieri,Stranieri,178,907,5.10,osservato
017028,Breno,2024,Es. Extra-Alberghieri,Totale,1610,4998,3.10,osservato
017028,Breno,2024,Totale,Italiani,5594,13871,2.48,osservato
017028,Breno,2024,Totale,Stranieri,1043,2540,2.44,osservato
017028,Breno,2024,Totale,Totale,6637,16411,2.47,osservato
017029,Brescia,2019,Es. Alberghieri,Italiani,167019,263978,1.60,osservato
017029,Brescia,2019,Es. Alberghieri,Stranieri,90094,173517,1.90,osservato
017029,Brescia,2019,Es. Alberghieri,Totale,257113,437495,1.70,osservato
017029,Brescia,2019,Es. Extra-Alberghieri,Italiani,31708,176742,5.60,osservato
017029,Brescia,2019,Es. Extra-Alberghieri,Stranieri,13919,44384,3.20,osservato
017029,Brescia,2019,Es. Extra-Alberghieri,Totale,45627,221126,4.80,osservato
017029,Brescia,2019,Totale,Italiani,198727,440720,2.20,osservato
017029,Brescia,2019,Totale,Stranieri,104013,217901,2.10,osservato
017029,Brescia,2019,Totale,Totale,302740,658621,2.20,osservato
017029,Brescia,2020,Es. Alberghieri,Italiani,81999,135371,1.70,osservato
017029,Brescia,2020,Es. Alberghieri,Stranieri,24390,49487,2.00,osservato
017029,Brescia,2020,Es. Alberghieri,Totale,106389,184858,1.70,osservato
017029,Brescia,2020,Es. Extra-Alberghieri,Italiani,11491,110217,9.60,osservato
017029,Brescia,2020,Es. Extra-Alberghieri,Stranieri,3243,14828,4.60,osservato
017029,Brescia,2020,Es. Extra-Alberghieri,Totale,14734,125045,8.50,osservato
017029,Brescia,2020,Totale,Italiani,93490,245588,2.60,osservato
017029,Brescia,2020,Totale,Stranieri,27633,64315,2.30,osservato
017029,Brescia,2020,Totale,Totale,121123,309903,2.60,osservato
017029,Brescia,2021,Es. Alberghieri,Italiani,110360,267481,2.40,osservato
017029,Brescia,2021,Es. Alberghieri,Stranieri,43143,110333,2.60,osservato
017029,Brescia,2021,Es. Alberghieri,Totale,153503,377814,2.50,osservato
017029,Brescia,2021,Es. Extra-Alberghieri,Italiani,15563,163281,10.50,osservato
017029,Brescia,2021,Es. Extra-Alberghieri,Stranieri,6351,38353,6.00,osservato
017029,Brescia,2021,Es. Extra-Alberghieri,Totale,21914,201634,9.20,osservato
017029,Brescia,2021,Totale,Italiani,125923,430762,3.40,osservato
017029,Brescia,2021,Totale,Stranieri,49494,148686,3.00,osservato
017029,Brescia,2021,Totale,Totale,175417,579448,3.30,osservato
017029,Brescia,2022,Es. Alberghieri,Italiani,163986,277718,1.70,osservato
017029,Brescia,2022,Es. Alberghieri,Stranieri,87112,186056,2.10,osservato
017029,Brescia,2022,Es. Alberghieri,Totale,251098,463774,1.80,osservato
017029,Brescia,2022,Es. Extra-Alberghieri,Italiani,17166,191640,11.20,osservato
017029,Brescia,2022,Es. Extra-Alberghieri,Stranieri,8409,41966,5.00,osservato
017029,Brescia,2022,Es. Extra-Alberghieri,Totale,25575,233606,9.10,osservato
017029,Brescia,2022,Totale,Italiani,181152,469358,2.60,osservato
017029,Brescia,2022,Totale,Stranieri,95521,228022,2.40,osservato
017029,Brescia,2022,Totale,Totale,276673,697380,2.50,osservato
017029,Brescia,2023,Es. Alberghieri,Italiani,186231,311513,1.70,osservato
017029,Brescia,2023,Es. Alberghieri,Stranieri,108792,218838,2.00,osservato
017029,Brescia,2023,Es. Alberghieri,Totale,295023,530351,1.80,osservato
017029,Brescia,2023,Es. Extra-Alberghieri,Italiani,37539,214647,5.70,osservato
017029,Brescia,2023,Es. Extra-Alberghieri,Stranieri,25178,84011,3.30,osservato
017029,Brescia,2023,Es. Extra-Alberghieri,Totale,62717,298658,4.80,osservato
017029,Brescia,2023,Totale,Italiani,223770,526160,2.40,osservato
017029,Brescia,2023,Totale,Stranieri,133970,302849,2.30,osservato
017029,Brescia,2023,Totale,Totale,357740,829009,2.30,osservato
017029,Brescia,2024,Es. Alberghieri,Italiani,169087,314335,1.86,osservato
017029,Brescia,2024,Es. Alberghieri,Stranieri,107443,250711,2.33,osservato
017029,Brescia,2024,Es. Alberghieri,Totale,276530,565046,2.04,osservato
017029,Brescia,2024,Es. Extra-Alberghieri,Italiani,38286,218312,5.70,osservato
017029,Brescia,2024,Es. Extra-Alberghieri,Stranieri,29223,100173,3.43,osservato
017029,Brescia,2024,Es. Extra-Alberghieri,Totale,67509,318485,4.72,osservato
017029,Brescia,2024,Totale,Italiani,207373,532647,2.57,osservato
017029,Brescia,2024,Totale,Stranieri,136666,350884,2.57,osservato
017029,Brescia,2024,Totale,Totale,344039,883531,2.57,osservato
017030,Brione,2019,Es. Alberghieri,Italiani,,,,riservato
017030,Brione,2019,Es. Alberghieri,Stranieri,,,,riservato
017030,Brione,2019,Es. Alberghieri,Totale,,,,riservato
017030,Brione,2019,Es. Extra-Alberghieri,Italiani,,,,riservato
017030,Brione,2019,Es. Extra-Alberghieri,Stranieri,,,,riservato
017030,Brione,2019,Es. Extra-Alberghieri,Totale,,,,riservato
017030,Brione,2019,Totale,Italiani,,,,riservato
017030,Brione,2019,Totale,Stranieri,,,,riservato
017030,Brione,2019,Totale,Totale,,,,riservato
017030,Brione,2020,Es. Alberghieri,Italiani,,,,riservato
017030,Brione,2020,Es. Alberghieri,Stranieri,,,,riservato
017030,Brione,2020,Es. Alberghieri,Totale,,,,riservato
017030,Brione,2020,Es. Extra-Alberghieri,Italiani,,,,riservato
017030,Brione,2020,Es. Extra-Alberghieri,Stranieri,,,,riservato
017030,Brione,2020,Es. Extra-Alberghieri,Totale,,,,riservato
017030,Brione,2020,Totale,Italiani,,,,riservato
017030,Brione,2020,Totale,Stranieri,,,,riservato
017030,Brione,2020,Totale,Totale,,,,riservato
017030,Brione,2021,Es. Alberghieri,Italiani,,,,riservato
017030,Brione,2021,Es. Alberghieri,Stranieri,,,,riservato
017030,Brione,2021,Es. Alberghieri,Totale,,,,riservato
017030,Brione,2021,Es. Extra-Alberghieri,Italiani,,,,riservato
017030,Brione,2021,Es. Extra-Alberghieri,Stranieri,,,,riservato
017030,Brione,2021,Es. Extra-Alberghieri,Totale,,,,riservato
017030,Brione,2021,Totale,Italiani,,,,riservato
017030,Brione,2021,Totale,Stranieri,,,,riservato
017030,Brione,2021,Totale,Totale,,,,riservato
017030,Brione,2022,Es. Alberghieri,Italiani,,,,riservato
017030,Brione,2022,Es. Alberghieri,Stranieri,,,,riservato
017030,Brione,2022,Es. Alberghieri,Totale,,,,riservato
017030,Brione,2022,Es. Extra-Alberghieri,Italiani,,,,riservato
017030,Brione,2022,Es. Extra-Alberghieri,Stranieri,,,,riservato
017030,Brione,2022,Es. Extra-Alberghieri,Totale,,,,riservato
017030,Brione,2022,Totale,Italiani,,,,riservato
017030,Brione,2022,Totale,Stranieri,,,,riservato
017030,Brione,2022,Totale,Totale,,,,riservato
017030,Brione,2023,Es. Alberghieri,Italiani,,,,riservato
017030,Brione,2023,Es. Alberghieri,Stranieri,,,,riservato
017030,Brione,2023,Es. Alberghieri,Totale,,,,riservato
017030,Brione,2023,Es. Extra-Alberghieri,Italiani,,,,riservato
017030,Brione,2023,Es. Extra-Alberghieri,Stranieri,,,,riservato
017030,Brione,2023,Es. Extra-Alberghieri,Totale,,,,riservato
017030,Brione,2023,Totale,Italiani,80,171,2.10,osservato
017030,Brione,2023,Totale,Stranieri,77,341,4.40,osservato
017030,Brione,2023,Totale,Totale,157,512,3.30,osservato
017030,Brione,2024,Es. Alberghieri,Italiani,,,,riservato
017030,Brione,2024,Es. Alberghieri,Stranieri,,,,riservato
017030,Brione,2024,Es. Alberghieri,Totale,,,,riservato
017030,Brione,2024,Es. Extra-Alberghieri,Italiani,,,,riservato
017030,Brione,2024,Es. Extra-Alberghieri,Stranieri,,,,riservato
017030,Brione,2024,Es. Extra-Alberghieri,Totale,,,,riservato
017030,Brione,2024,Totale,Italiani,84,190,2.26,osservato
017030,Brione,2024,Totale,Stranieri,157,694,4.42,osservato
017030,Brione,2024,Totale,Totale,241,884,3.67,osservato
017032,Calcinato,2019,Es. Alberghieri,Italiani,,,,riservato
017032,Calcinato,2019,Es. Alberghieri,Stranieri,,,,riservato
017032,Calcinato,2019,Es. Alberghieri,Totale,,,,riservato
017032,Calcinato,2019,Es. Extra-Alberghieri,Italiani,,,,riservato
017032,Calcinato,2019,Es. Extra-Alberghieri,Stranieri,,,,riservato
017032,Calcinato,2019,Es. Extra-Alberghieri,Totale,,,,riservato
017032,Calcinato,2019,Totale,Italiani,4952,7590,1.50,osservato
017032,Calcinato,2019,Totale,Stranieri,8071,11005,1.40,osservato
017032,Calcinato,2019,Totale,Totale,13023,18595,1.40,osservato
017032,Calcinato,2020,Es. Alberghieri,Italiani,,,,riservato
017032,Calcinato,2020,Es. Alberghieri,Stranieri,,,,riservato
017032,Calcinato,2020,Es. Alberghieri,Totale,,,,riservato
017032,Calcinato,2020,Es. Extra-Alberghieri,Italiani,,,,riservato
017032,Calcinato,2020,Es. Extra-Alberghieri,Stranieri,,,,riservato
017032,Calcinato,2020,Es. Extra-Alberghieri,Totale,,,,riservato
017032,Calcinato,2020,Totale,Italiani,1619,3843,2.40,osservato
017032,Calcinato,2020,Totale,Stranieri,621,1196,1.90,osservato
017032,Calcinato,2020,Totale,Totale,2240,5039,2.20,osservato
017032,Calcinato,2021,Es. Alberghieri,Italiani,,,,riservato
017032,Calcinato,2021,Es. Alberghieri,Stranieri,,,,riservato
017032,Calcinato,2021,Es. Alberghieri,Totale,,,,riservato
017032,Calcinato,2021,Es. Extra-Alberghieri,Italiani,,,,riservato
017032,Calcinato,2021,Es. Extra-Alberghieri,Stranieri,,,,riservato
017032,Calcinato,2021,Es. Extra-Alberghieri,Totale,,,,riservato
017032,Calcinato,2021,Totale,Italiani,2011,5125,2.50,osservato
017032,Calcinato,2021,Totale,Stranieri,315,1032,3.30,osservato
017032,Calcinato,2021,Totale,Totale,2326,6157,2.60,osservato
017032,Calcinato,2022,Es. Alberghieri,Italiani,,,,riservato
017032,Calcinato,2022,Es. Alberghieri,Stranieri,,,,riservato
017032,Calcinato,2022,Es. Alberghieri,Totale,,,,riservato
017032,Calcinato,2022,Es. Extra-Alberghieri,Italiani,,,,riservato
017032,Calcinato,2022,Es. Extra-Alberghieri,Stranieri,,,,riservato
017032,Calcinato,2022,Es. Extra-Alberghieri,Totale,,,,riservato
017032,Calcinato,2022,Totale,Italiani,591,2452,4.10,osservato
017032,Calcinato,2022,Totale,Stranieri,303,1585,5.20,osservato
017032,Calcinato,2022,Totale,Totale,894,4037,4.50,osservato
017032,Calcinato,2023,Es. Alberghieri,Italiani,,,,riservato
017032,Calcinato,2023,Es. Alberghieri,Stranieri,,,,riservato
017032,Calcinato,2023,Es. Alberghieri,Totale,,,,riservato
017032,Calcinato,2023,Es. Extra-Alberghieri,Italiani,,,,riservato
017032,Calcinato,2023,Es. Extra-Alberghieri,Stranieri,,,,riservato
017032,Calcinato,2023,Es. Extra-Alberghieri,Totale,,,,riservato
017032,Calcinato,2023,Totale,Italiani,824,2647,3.20,osservato
017032,Calcinato,2023,Totale,Stranieri,580,2688,4.60,osservato
017032,Calcinato,2023,Totale,Totale,1404,5335,3.80,osservato
017032,Calcinato,2024,Es. Alberghieri,Italiani,,,,riservato
017032,Calcinato,2024,Es. Alberghieri,Stranieri,,,,riservato
017032,Calcinato,2024,Es. Alberghieri,Totale,,,,riservato
017032,Calcinato,2024,Es. Extra-Alberghieri,Italiani,,,,riservato
017032,Calcinato,2024,Es. Extra-Alberghieri,Stranieri,,,,riservato
017032,Calcinato,2024,Es. Extra-Alberghieri,Totale,,,,riservato
017032,Calcinato,2024,Totale,Italiani,4788,13977,2.92,osservato
017032,Calcinato,2024,Totale,Stranieri,1733,4964,2.86,osservato
017032,Calcinato,2024,Totale,Totale,6521,18941,2.90,osservato
017033,Calvagese della Riviera,2019,Es. Alberghieri,Italiani,,,,riservato
017033,Calvagese della Riviera,2019,Es. Alberghieri,Stranieri,,,,riservato
017033,Calvagese della Riviera,2019,Es. Alberghieri,Totale,,,,riservato
017033,Calvagese della Riviera,2019,Es. Extra-Alberghieri,Italiani,,,,riservato
017033,Calvagese della Riviera,2019,Es. Extra-Alberghieri,Stranieri,,,,riservato
017033,Calvagese della Riviera,2019,Es. Extra-Alberghieri,Totale,,,,riservato
017033,Calvagese della Riviera,2019,Totale,Italiani,1563,2741,1.80,osservato
017033,Calvagese della Riviera,2019,Totale,Stranieri,4677,19044,4.10,osservato
017033,Calvagese della Riviera,2019,Totale,Totale,6240,21785,3.50,osservato
017033,Calvagese della Riviera,2020,Es. Alberghieri,Italiani,,,,riservato
017033,Calvagese della Riviera,2020,Es. Alberghieri,Stranieri,,,,riservato
017033,Calvagese della Riviera,2020,Es. Alberghieri,Totale,,,,riservato
017033,Calvagese della Riviera,2020,Es. Extra-Alberghieri,Italiani,,,,riservato
017033,Calvagese della Riviera,2020,Es. Extra-Alberghieri,Stranieri,,,,riservato
017033,Calvagese della Riviera,2020,Es. Extra-Alberghieri,Totale,,,,riservato
017033,Calvagese della Riviera,2020,Totale,Italiani,25,87,3.50,osservato
017033,Calvagese della Riviera,2020,Totale,Stranieri,9,45,5.00,osservato
017033,Calvagese della Riviera,2020,Totale,Totale,34,132,3.90,osservato
017033,Calvagese della Riviera,2021,Es. Alberghieri,Italiani,,,,riservato
017033,Calvagese della Riviera,2021,Es. Alberghieri,Stranieri,,,,riservato
017033,Calvagese della Riviera,2021,Es. Alberghieri,Totale,,,,riservato
017033,Calvagese della Riviera,2021,Es. Extra-Alberghieri,Italiani,92,270,2.90,osservato
017033,Calvagese della Riviera,2021,Es. Extra-Alberghieri,Stranieri,68,269,4.00,osservato
017033,Calvagese della Riviera,2021,Es. Extra-Alberghieri,Totale,160,539,3.40,osservato
017033,Calvagese della Riviera,2021,Totale,Italiani,92,270,2.90,osservato
017033,Calvagese della Riviera,2021,Totale,Stranieri,68,269,4.00,osservato
017033,Calvagese della Riviera,2021,Totale,Totale,160,539,3.40,osservato
017033,Calvagese della Riviera,2022,Es. Alberghieri,Italiani,,,,riservato
017033,Calvagese della Riviera,2022,Es. Alberghieri,Stranieri,,,,riservato
017033,Calvagese della Riviera,2022,Es. Alberghieri,Totale,,,,riservato
017033,Calvagese della Riviera,2022,Es. Extra-Alberghieri,Italiani,,,,riservato
017033,Calvagese della Riviera,2022,Es. Extra-Alberghieri,Stranieri,,,,riservato
017033,Calvagese della Riviera,2022,Es. Extra-Alberghieri,Totale,,,,riservato
017033,Calvagese della Riviera,2022,Totale,Italiani,296,490,1.70,osservato
017033,Calvagese della Riviera,2022,Totale,Stranieri,156,413,2.60,osservato
017033,Calvagese della Riviera,2022,Totale,Totale,452,903,2.00,osservato
017033,Calvagese della Riviera,2023,Es. Alberghieri,Italiani,,,,riservato
017033,Calvagese della Riviera,2023,Es. Alberghieri,Stranieri,,,,riservato
017033,Calvagese della Riviera,2023,Es. Alberghieri,Totale,,,,riservato
017033,Calvagese della Riviera,2023,Es. Extra-Alberghieri,Italiani,,,,riservato
017033,Calvagese della Riviera,2023,Es. Extra-Alberghieri,Stranieri,,,,riservato
017033,Calvagese della Riviera,2023,Es. Extra-Alberghieri,Totale,,,,riservato
017033,Calvagese della Riviera,2023,Totale,Italiani,10762,13465,1.30,osservato
017033,Calvagese della Riviera,2023,Totale,Stranieri,1887,4783,2.50,osservato
017033,Calvagese della Riviera,2023,Totale,Totale,12649,18248,1.40,osservato
017033,Calvagese della Riviera,2024,Es. Alberghieri,Italiani,,,,riservato
017033,Calvagese della Riviera,2024,Es. Alberghieri,Stranieri,,,,riservato
017033,Calvagese della Riviera,2024,Es. Alberghieri,Totale,,,,riservato
017033,Calvagese della Riviera,2024,Es. Extra-Alberghieri,Italiani,,,,riservato
017033,Calvagese della Riviera,2024,Es. Extra-Alberghieri,Stranieri,,,,riservato
017033,Calvagese della Riviera,2024,Es. Extra-Alberghieri,Totale,,,,riservato
017033,Calvagese della Riviera,2024,Totale,Italiani,14795,17877,1.21,osservato
017033,Calvagese della Riviera,2024,Totale,Stranieri,3442,9286,2.70,osservato
017033,Calvagese della Riviera,2024,Totale,Totale,18237,27163,1.49,osservato
017034,Calvisano,2019,Es. Alberghieri,Italiani,,,,riservato
017034,Calvisano,2019,Es. Alberghieri,Stranieri,,,,riservato
017034,Calvisano,2019,Es. Alberghieri,Totale,,,,riservato
017034,Calvisano,2019,Es. Extra-Alberghieri,Italiani,,,,riservato
017034,Calvisano,2019,Es. Extra-Alberghieri,Stranieri,,,,riservato
017034,Calvisano,2019,Es. Extra-Alberghieri,Totale,,,,riservato
017034,Calvisano,2019,Totale,Italiani,,,,riservato
017034,Calvisano,2019,Totale,Stranieri,,,,riservato
017034,Calvisano,2019,Totale,Totale,,,,riservato
017034,Calvisano,2020,Es. Alberghieri,Italiani,,,,riservato
017034,Calvisano,2020,Es. Alberghieri,Stranieri,,,,riservato
017034,Calvisano,2020,Es. Alberghieri,Totale,,,,riservato
017034,Calvisano,2020,Es. Extra-Alberghieri,Italiani,,,,riservato
017034,Calvisano,2020,Es. Extra-Alberghieri,Stranieri,,,,riservato
017034,Calvisano,2020,Es. Extra-Alberghieri,Totale,,,,riservato
017034,Calvisano,2020,Totale,Italiani,,,,riservato
017034,Calvisano,2020,Totale,Stranieri,,,,riservato
017034,Calvisano,2020,Totale,Totale,,,,riservato
017034,Calvisano,2021,Es. Alberghieri,Italiani,,,,riservato
017034,Calvisano,2021,Es. Alberghieri,Stranieri,,,,riservato
017034,Calvisano,2021,Es. Alberghieri,Totale,,,,riservato
017034,Calvisano,2021,Es. Extra-Alberghieri,Italiani,,,,riservato
017034,Calvisano,2021,Es. Extra-Alberghieri,Stranieri,,,,riservato
017034,Calvisano,2021,Es. Extra-Alberghieri,Totale,,,,riservato
017034,Calvisano,2021,Totale,Italiani,,,,riservato
017034,Calvisano,2021,Totale,Stranieri,,,,riservato
017034,Calvisano,2021,Totale,Totale,,,,riservato
017034,Calvisano,2022,Es. Alberghieri,Italiani,,,,riservato
017034,Calvisano,2022,Es. Alberghieri,Stranieri,,,,riservato
017034,Calvisano,2022,Es. Alberghieri,Totale,,,,riservato
017034,Calvisano,2022,Es. Extra-Alberghieri,Italiani,,,,riservato
017034,Calvisano,2022,Es. Extra-Alberghieri,Stranieri,,,,riservato
017034,Calvisano,2022,Es. Extra-Alberghieri,Totale,,,,riservato
017034,Calvisano,2022,Totale,Italiani,209,768,3.70,osservato
017034,Calvisano,2022,Totale,Stranieri,43,202,4.70,osservato
017034,Calvisano,2022,Totale,Totale,252,970,3.80,osservato
017034,Calvisano,2023,Es. Alberghieri,Italiani,,,,riservato
017034,Calvisano,2023,Es. Alberghieri,Stranieri,,,,riservato
017034,Calvisano,2023,Es. Alberghieri,Totale,,,,riservato
017034,Calvisano,2023,Es. Extra-Alberghieri,Italiani,,,,riservato
017034,Calvisano,2023,Es. Extra-Alberghieri,Stranieri,,,,riservato
017034,Calvisano,2023,Es. Extra-Alberghieri,Totale,,,,riservato
017034,Calvisano,2023,Totale,Italiani,496,1153,2.30,osservato
017034,Calvisano,2023,Totale,Stranieri,95,500,5.30,osservato
017034,Calvisano,2023,Totale,Totale,591,1653,2.80,osservato
017034,Calvisano,2024,Es. Alberghieri,Italiani,,,,riservato
017034,Calvisano,2024,Es. Alberghieri,Stranieri,,,,riservato
017034,Calvisano,2024,Es. Alberghieri,Totale,,,,riservato
017034,Calvisano,2024,Es. Extra-Alberghieri,Italiani,,,,riservato
017034,Calvisano,2024,Es. Extra-Alberghieri,Stranieri,,,,riservato
017034,Calvisano,2024,Es. Extra-Alberghieri,Totale,,,,riservato
017034,Calvisano,2024,Totale,Italiani,887,2408,2.71,osservato
017034,Calvisano,2024,Totale,Stranieri,199,673,3.38,osservato
017034,Calvisano,2024,Totale,Totale,1086,3081,2.84,osservato
017035,Capo di Ponte,2019,Es. Alberghieri,Italiani,,,,riservato
017035,Capo di Ponte,2019,Es. Alberghieri,Stranieri,,,,riservato
017035,Capo di Ponte,2019,Es. Alberghieri,Totale,,,,riservato
017035,Capo di Ponte,2019,Es. Extra-Alberghieri,Italiani,,,,riservato
017035,Capo di Ponte,2019,Es. Extra-Alberghieri,Stranieri,,,,riservato
017035,Capo di Ponte,2019,Es. Extra-Alberghieri,Totale,,,,riservato
017035,Capo di Ponte,2019,Totale,Italiani,2781,5844,2.10,osservato
017035,Capo di Ponte,2019,Totale,Stranieri,449,984,2.20,osservato
017035,Capo di Ponte,2019,Totale,Totale,3230,6828,2.10,osservato
017035,Capo di Ponte,2020,Es. Alberghieri,Italiani,,,,riservato
017035,Capo di Ponte,2020,Es. Alberghieri,Stranieri,,,,riservato
017035,Capo di Ponte,2020,Es. Alberghieri,Totale,,,,riservato
017035,Capo di Ponte,2020,Es. Extra-Alberghieri,Italiani,,,,riservato
017035,Capo di Ponte,2020,Es. Extra-Alberghieri,Stranieri,,,,riservato
017035,Capo di Ponte,2020,Es. Extra-Alberghieri,Totale,,,,riservato
017035,Capo di Ponte,2020,Totale,Italiani,751,2503,3.30,osservato
017035,Capo di Ponte,2020,Totale,Stranieri,120,502,4.20,osservato
017035,Capo di Ponte,2020,Totale,Totale,871,3005,3.50,osservato
017035,Capo di Ponte,2021,Es. Alberghieri,Italiani,,,,riservato
017035,Capo di Ponte,2021,Es. Alberghieri,Stranieri,,,,riservato
017035,Capo di Ponte,2021,Es. Alberghieri,Totale,,,,riservato
017035,Capo di Ponte,2021,Es. Extra-Alberghieri,Italiani,,,,riservato
017035,Capo di Ponte,2021,Es. Extra-Alberghieri,Stranieri,,,,riservato
017035,Capo di Ponte,2021,Es. Extra-Alberghieri,Totale,,,,riservato
017035,Capo di Ponte,2021,Totale,Italiani,1154,2867,2.50,osservato
017035,Capo di Ponte,2021,Totale,Stranieri,223,653,2.90,osservato
017035,Capo di Ponte,2021,Totale,Totale,1377,3520,2.60,osservato
017035,Capo di Ponte,2022,Es. Alberghieri,Italiani,,,,riservato
017035,Capo di Ponte,2022,Es. Alberghieri,Stranieri,,,,riservato
017035,Capo di Ponte,2022,Es. Alberghieri,Totale,,,,riservato
017035,Capo di Ponte,2022,Es. Extra-Alberghieri,Italiani,,,,riservato
017035,Capo di Ponte,2022,Es. Extra-Alberghieri,Stranieri,,,,riservato
017035,Capo di Ponte,2022,Es. Extra-Alberghieri,Totale,,,,riservato
017035,Capo di Ponte,2022,Totale,Italiani,979,3147,3.20,osservato
017035,Capo di Ponte,2022,Totale,Stranieri,232,1039,4.50,osservato
017035,Capo di Ponte,2022,Totale,Totale,1211,4186,3.50,osservato
017035,Capo di Ponte,2023,Es. Alberghieri,Italiani,,,,riservato
017035,Capo di Ponte,2023,Es. Alberghieri,Stranieri,,,,riservato
017035,Capo di Ponte,2023,Es. Alberghieri,Totale,,,,riservato
017035,Capo di Ponte,2023,Es. Extra-Alberghieri,Italiani,,,,riservato
017035,Capo di Ponte,2023,Es. Extra-Alberghieri,Stranieri,,,,riservato
017035,Capo di Ponte,2023,Es. Extra-Alberghieri,Totale,,,,riservato
017035,Capo di Ponte,2023,Totale,Italiani,1569,4566,2.90,osservato
017035,Capo di Ponte,2023,Totale,Stranieri,487,1305,2.70,osservato
017035,Capo di Ponte,2023,Totale,Totale,2056,5871,2.90,osservato
017035,Capo di Ponte,2024,Es. Alberghieri,Italiani,,,,riservato
017035,Capo di Ponte,2024,Es. Alberghieri,Stranieri,,,,riservato
017035,Capo di Ponte,2024,Es. Alberghieri,Totale,,,,riservato
017035,Capo di Ponte,2024,Es. Extra-Alberghieri,Italiani,,,,riservato
017035,Capo di Ponte,2024,Es. Extra-Alberghieri,Stranieri,,,,riservato
017035,Capo di Ponte,2024,Es. Extra-Alberghieri,Totale,,,,riservato
017035,Capo di Ponte,2024,Totale,Italiani,1867,3816,2.04,osservato
017035,Capo di Ponte,2024,Totale,Stranieri,609,1440,2.36,osservato
017035,Capo di Ponte,2024,Totale,Totale,2476,5256,2.12,osservato
017036,Capovalle,2019,Es. Alberghieri,Italiani,,,,riservato
017036,Capovalle,2019,Es. Alberghieri,Stranieri,,,,riservato
017036,Capovalle,2019,Es. Alberghieri,Totale,,,,riservato
017036,Capovalle,2019,Es. Extra-Alberghieri,Italiani,,,,riservato
017036,Capovalle,2019,Es. Extra-Alberghieri,Stranieri,,,,riservato
017036,Capovalle,2019,Es. Extra-Alberghieri,Totale,,,,riservato
017036,Capovalle,2019,Totale,Italiani,,,,riservato
017036,Capovalle,2019,Totale,Stranieri,,,,riservato
017036,Capovalle,2019,Totale,Totale,,,,riservato
017036,Capovalle,2020,Es. Alberghieri,Italiani,,,,riservato
017036,Capovalle,2020,Es. Alberghieri,Stranieri,,,,riservato
017036,Capovalle,2020,Es. Alberghieri,Totale,,,,riservato
017036,Capovalle,2020,Es. Extra-Alberghieri,Italiani,,,,riservato
017036,Capovalle,2020,Es. Extra-Alberghieri,Stranieri,,,,riservato
017036,Capovalle,2020,Es. Extra-Alberghieri,Totale,,,,riservato
017036,Capovalle,2020,Totale,Italiani,,,,riservato
017036,Capovalle,2020,Totale,Stranieri,,,,riservato
017036,Capovalle,2020,Totale,Totale,,,,riservato
017036,Capovalle,2021,Es. Alberghieri,Italiani,,,,riservato
017036,Capovalle,2021,Es. Alberghieri,Stranieri,,,,riservato
017036,Capovalle,2021,Es. Alberghieri,Totale,,,,riservato
017036,Capovalle,2021,Es. Extra-Alberghieri,Italiani,,,,riservato
017036,Capovalle,2021,Es. Extra-Alberghieri,Stranieri,,,,riservato
017036,Capovalle,2021,Es. Extra-Alberghieri,Totale,,,,riservato
017036,Capovalle,2021,Totale,Italiani,,,,riservato
017036,Capovalle,2021,Totale,Stranieri,,,,riservato
017036,Capovalle,2021,Totale,Totale,,,,riservato
017036,Capovalle,2022,Es. Alberghieri,Italiani,,,,riservato
017036,Capovalle,2022,Es. Alberghieri,Stranieri,,,,riservato
017036,Capovalle,2022,Es. Alberghieri,Totale,,,,riservato
017036,Capovalle,2022,Es. Extra-Alberghieri,Italiani,,,,riservato
017036,Capovalle,2022,Es. Extra-Alberghieri,Stranieri,,,,riservato
017036,Capovalle,2022,Es. Extra-Alberghieri,Totale,,,,riservato
017036,Capovalle,2022,Totale,Italiani,74,149,2.00,osservato
017036,Capovalle,2022,Totale,Stranieri,136,269,2.00,osservato
017036,Capovalle,2022,Totale,Totale,210,418,2.00,osservato
017036,Capovalle,2023,Es. Alberghieri,Italiani,,,,riservato
017036,Capovalle,2023,Es. Alberghieri,Stranieri,,,,riservato
017036,Capovalle,2023,Es. Alberghieri,Totale,,,,riservato
017036,Capovalle,2023,Es. Extra-Alberghieri,Italiani,,,,riservato
017036,Capovalle,2023,Es. Extra-Alberghieri,Stranieri,,,,riservato
017036,Capovalle,2023,Es. Extra-Alberghieri,Totale,,,,riservato
017036,Capovalle,2023,Totale,Italiani,172,248,1.40,osservato
017036,Capovalle,2023,Totale,Stranieri,202,582,2.90,osservato
017036,Capovalle,2023,Totale,Totale,374,830,2.20,osservato
017036,Capovalle,2024,Es. Alberghieri,Italiani,,,,riservato
017036,Capovalle,2024,Es. Alberghieri,Stranieri,,,,riservato
017036,Capovalle,2024,Es. Alberghieri,Totale,,,,riservato
017036,Capovalle,2024,Es. Extra-Alberghieri,Italiani,,,,riservato
017036,Capovalle,2024,Es. Extra-Alberghieri,Stranieri,,,,riservato
017036,Capovalle,2024,Es. Extra-Alberghieri,Totale,,,,riservato
017036,Capovalle,2024,Totale,Italiani,198,313,1.58,osservato
017036,Capovalle,2024,Totale,Stranieri,238,526,2.21,osservato
017036,Capovalle,2024,Totale,Totale,436,839,1.92,osservato
017037,Capriano del Colle,2019,Es. Alberghieri,Italiani,,,,riservato
017037,Capriano del Colle,2019,Es. Alberghieri,Stranieri,,,,riservato
017037,Capriano del Colle,2019,Es. Alberghieri,Totale,,,,riservato
017037,Capriano del Colle,2019,Es. Extra-Alberghieri,Italiani,,,,riservato
017037,Capriano del Colle,2019,Es. Extra-Alberghieri,Stranieri,,,,riservato
017037,Capriano del Colle,2019,Es. Extra-Alberghieri,Totale,,,,riservato
017037,Capriano del Colle,2019,Totale,Italiani,,,,riservato
017037,Capriano del Colle,2019,Totale,Stranieri,,,,riservato
017037,Capriano del Colle,2019,Totale,Totale,,,,riservato
017037,Capriano del Colle,2022,Es. Alberghieri,Italiani,,,,riservato
017037,Capriano del Colle,2022,Es. Alberghieri,Stranieri,,,,riservato
017037,Capriano del Colle,2022,Es. Alberghieri,Totale,,,,riservato
017037,Capriano del Colle,2022,Es. Extra-Alberghieri,Italiani,,,,riservato
017037,Capriano del Colle,2022,Es. Extra-Alberghieri,Stranieri,,,,riservato
017037,Capriano del Colle,2022,Es. Extra-Alberghieri,Totale,,,,riservato
017037,Capriano del Colle,2022,Totale,Italiani,,,,riservato
017037,Capriano del Colle,2022,Totale,Stranieri,,,,riservato
017037,Capriano del Colle,2022,Totale,Totale,,,,riservato
017037,Capriano del Colle,2024,Es. Alberghieri,Italiani,,,,riservato
017037,Capriano del Colle,2024,Es. Alberghieri,Stranieri,,,,riservato
017037,Capriano del Colle,2024,Es. Alberghieri,Totale,,,,riservato
017037,Capriano del Colle,2024,Es. Extra-Alberghieri,Italiani,,,,riservato
017037,Capriano del Colle,2024,Es. Extra-Alberghieri,Stranieri,,,,riservato
017037,Capriano del Colle,2024,Es. Extra-Alberghieri,Totale,,,,riservato
017037,Capriano del Colle,2024,Totale,Italiani,,,,riservato
017037,Capriano del Colle,2024,Totale,Stranieri,,,,riservato
017037,Capriano del Colle,2024,Totale,Totale,,,,riservato
017038,Capriolo,2019,Es. Alberghieri,Italiani,,,,riservato
017038,Capriolo,2019,Es. Alberghieri,Stranieri,,,,riservato
017038,Capriolo,2019,Es. Alberghieri,Totale,,,,riservato
017038,Capriolo,2019,Es. Extra-Alberghieri,Italiani,,,,riservato
017038,Capriolo,2019,Es. Extra-Alberghieri,Stranieri,,,,riservato
017038,Capriolo,2019,Es. Extra-Alberghieri,Totale,,,,riservato
017038,Capriolo,2019,Totale,Italiani,4812,11215,2.30,osservato
017038,Capriolo,2019,Totale,Stranieri,1544,6701,4.30,osservato
017038,Capriolo,2019,Totale,Totale,6356,17916,2.80,osservato
017038,Capriolo,2020,Es. Alberghieri,Italiani,,,,riservato
017038,Capriolo,2020,Es. Alberghieri,Stranieri,,,,riservato
017038,Capriolo,2020,Es. Alberghieri,Totale,,,,riservato
017038,Capriolo,2020,Es. Extra-Alberghieri,Italiani,,,,riservato
017038,Capriolo,2020,Es. Extra-Alberghieri,Stranieri,,,,riservato
017038,Capriolo,2020,Es. Extra-Alberghieri,Totale,,,,riservato
017038,Capriolo,2020,Totale,Italiani,1963,4542,2.30,osservato
017038,Capriolo,2020,Totale,Stranieri,249,2167,8.70,osservato
017038,Capriolo,2020,Totale,Totale,2212,6709,3.00,osservato
017038,Capriolo,2021,Es. Alberghieri,Italiani,,,,riservato
017038,Capriolo,2021,Es. Alberghieri,Stranieri,,,,riservato
017038,Capriolo,2021,Es. Alberghieri,Totale,,,,riservato
017038,Capriolo,2021,Es. Extra-Alberghieri,Italiani,,,,riservato
017038,Capriolo,2021,Es. Extra-Alberghieri,Stranieri,,,,riservato
017038,Capriolo,2021,Es. Extra-Alberghieri,Totale,,,,riservato
017038,Capriolo,2021,Totale,Italiani,5123,14759,2.90,osservato
017038,Capriolo,2021,Totale,Stranieri,954,4291,4.50,osservato
017038,Capriolo,2021,Totale,Totale,6077,19050,3.10,osservato
017038,Capriolo,2022,Es. Alberghieri,Italiani,,,,riservato
017038,Capriolo,2022,Es. Alberghieri,Stranieri,,,,riservato
017038,Capriolo,2022,Es. Alberghieri,Totale,,,,riservato
017038,Capriolo,2022,Es. Extra-Alberghieri,Italiani,,,,riservato
017038,Capriolo,2022,Es. Extra-Alberghieri,Stranieri,,,,riservato
017038,Capriolo,2022,Es. Extra-Alberghieri,Totale,,,,riservato
017038,Capriolo,2022,Totale,Italiani,2321,15957,6.90,osservato
017038,Capriolo,2022,Totale,Stranieri,723,4251,5.90,osservato
017038,Capriolo,2022,Totale,Totale,3044,20208,6.60,osservato
017038,Capriolo,2023,Es. Alberghieri,Italiani,,,,riservato
017038,Capriolo,2023,Es. Alberghieri,Stranieri,,,,riservato
017038,Capriolo,2023,Es. Alberghieri,Totale,,,,riservato
017038,Capriolo,2023,Es. Extra-Alberghieri,Italiani,,,,riservato
017038,Capriolo,2023,Es. Extra-Alberghieri,Stranieri,,,,riservato
017038,Capriolo,2023,Es. Extra-Alberghieri,Totale,,,,riservato
017038,Capriolo,2023,Totale,Italiani,7423,14574,2.00,osservato
017038,Capriolo,2023,Totale,Stranieri,2364,5852,2.50,osservato
017038,Capriolo,2023,Totale,Totale,9787,20426,2.10,osservato
017038,Capriolo,2024,Es. Alberghieri,Italiani,,,,riservato
017038,Capriolo,2024,Es. Alberghieri,Stranieri,,,,riservato
017038,Capriolo,2024,Es. Alberghieri,Totale,,,,riservato
017038,Capriolo,2024,Es. Extra-Alberghieri,Italiani,,,,riservato
017038,Capriolo,2024,Es. Extra-Alberghieri,Stranieri,,,,riservato
017038,Capriolo,2024,Es. Extra-Alberghieri,Totale,,,,riservato
017038,Capriolo,2024,Totale,Italiani,7742,13429,1.73,osservato
017038,Capriolo,2024,Totale,Stranieri,2690,8071,3.00,osservato
017038,Capriolo,2024,Totale,Totale,10432,21500,2.06,osservato
017039,Carpenedolo,2019,Es. Alberghieri,Italiani,,,,riservato
017039,Carpenedolo,2019,Es. Alberghieri,Stranieri,,,,riservato
017039,Carpenedolo,2019,Es. Alberghieri,Totale,,,,riservato
017039,Carpenedolo,2019,Es. Extra-Alberghieri,Italiani,,,,riservato
017039,Carpenedolo,2019,Es. Extra-Alberghieri,Stranieri,,,,riservato
017039,Carpenedolo,2019,Es. Extra-Alberghieri,Totale,,,,riservato
017039,Carpenedolo,2019,Totale,Italiani,,,,riservato
017039,Carpenedolo,2019,Totale,Stranieri,,,,riservato
017039,Carpenedolo,2019,Totale,Totale,,,,riservato
017039,Carpenedolo,2020,Es. Alberghieri,Italiani,,,,riservato
017039,Carpenedolo,2020,Es. Alberghieri,Stranieri,,,,riservato
017039,Carpenedolo,2020,Es. Alberghieri,Totale,,,,riservato
017039,Carpenedolo,2020,Es. Extra-Alberghieri,Italiani,,,,riservato
017039,Carpenedolo,2020,Es. Extra-Alberghieri,Stranieri,,,,riservato
017039,Carpenedolo,2020,Es. Extra-Alberghieri,Totale,,,,riservato
017039,Carpenedolo,2020,Totale,Italiani,,,,riservato
017039,Carpenedolo,2020,Totale,Stranieri,,,,riservato
017039,Carpenedolo,2020,Totale,Totale,,,,riservato
017039,Carpenedolo,2021,Es. Alberghieri,Italiani,,,,riservato
017039,Carpenedolo,2021,Es. Alberghieri,Stranieri,,,,riservato
017039,Carpenedolo,2021,Es. Alberghieri,Totale,,,,riservato
017039,Carpenedolo,2021,Es. Extra-Alberghieri,Italiani,,,,riservato
017039,Carpenedolo,2021,Es. Extra-Alberghieri,Stranieri,,,,riservato
017039,Carpenedolo,2021,Es. Extra-Alberghieri,Totale,,,,riservato
017039,Carpenedolo,2021,Totale,Italiani,,,,riservato
017039,Carpenedolo,2021,Totale,Stranieri,,,,riservato
017039,Carpenedolo,2021,Totale,Totale,,,,riservato
017039,Carpenedolo,2022,Es. Alberghieri,Italiani,,,,riservato
017039,Carpenedolo,2022,Es. Alberghieri,Stranieri,,,,riservato
017039,Carpenedolo,2022,Es. Alberghieri,Totale,,,,riservato
017039,Carpenedolo,2022,Es. Extra-Alberghieri,Italiani,,,,riservato
017039,Carpenedolo,2022,Es. Extra-Alberghieri,Stranieri,,,,riservato
017039,Carpenedolo,2022,Es. Extra-Alberghieri,Totale,,,,riservato
017039,Carpenedolo,2022,Totale,Italiani,,,,riservato
017039,Carpenedolo,2022,Totale,Stranieri,,,,riservato
017039,Carpenedolo,2022,Totale,Totale,,,,riservato
017039,Carpenedolo,2023,Es. Alberghieri,Italiani,,,,riservato
017039,Carpenedolo,2023,Es. Alberghieri,Stranieri,,,,riservato
017039,Carpenedolo,2023,Es. Alberghieri,Totale,,,,riservato
017039,Carpenedolo,2023,Es. Extra-Alberghieri,Italiani,,,,riservato
017039,Carpenedolo,2023,Es. Extra-Alberghieri,Stranieri,,,,riservato
017039,Carpenedolo,2023,Es. Extra-Alberghieri,Totale,,,,riservato
017039,Carpenedolo,2023,Totale,Italiani,59,120,2.00,osservato
017039,Carpenedolo,2023,Totale,Stranieri,41,86,2.10,osservato
017039,Carpenedolo,2023,Totale,Totale,100,206,2.10,osservato
017039,Carpenedolo,2024,Es. Alberghieri,Italiani,,,,riservato
017039,Carpenedolo,2024,Es. Alberghieri,Stranieri,,,,riservato
017039,Carpenedolo,2024,Es. Alberghieri,Totale,,,,riservato
017039,Carpenedolo,2024,Es. Extra-Alberghieri,Italiani,,,,riservato
017039,Carpenedolo,2024,Es. Extra-Alberghieri,Stranieri,,,,riservato
017039,Carpenedolo,2024,Es. Extra-Alberghieri,Totale,,,,riservato
017039,Carpenedolo,2024,Totale,Italiani,101,146,1.45,osservato
017039,Carpenedolo,2024,Totale,Stranieri,21,36,1.71,osservato
017039,Carpenedolo,2024,Totale,Totale,122,182,1.49,osservato
017040,Castegnato,2019,Es. Alberghieri,Italiani,,,,riservato
017040,Castegnato,2019,Es. Alberghieri,Stranieri,,,,riservato
017040,Castegnato,2019,Es. Alberghieri,Totale,,,,riservato
017040,Castegnato,2019,Es. Extra-Alberghieri,Italiani,,,,riservato
017040,Castegnato,2019,Es. Extra-Alberghieri,Stranieri,,,,riservato
017040,Castegnato,2019,Es. Extra-Alberghieri,Totale,,,,riservato
017040,Castegnato,2019,Totale,Italiani,,,,riservato
017040,Castegnato,2019,Totale,Stranieri,,,,riservato
017040,Castegnato,2019,Totale,Totale,,,,riservato
017040,Castegnato,2020,Es. Alberghieri,Italiani,,,,riservato
017040,Castegnato,2020,Es. Alberghieri,Stranieri,,,,riservato
017040,Castegnato,2020,Es. Alberghieri,Totale,,,,riservato
017040,Castegnato,2020,Es. Extra-Alberghieri,Italiani,,,,riservato
017040,Castegnato,2020,Es. Extra-Alberghieri,Stranieri,,,,riservato
017040,Castegnato,2020,Es. Extra-Alberghieri,Totale,,,,riservato
017040,Castegnato,2020,Totale,Italiani,,,,riservato
017040,Castegnato,2020,Totale,Stranieri,,,,riservato
017040,Castegnato,2020,Totale,Totale,,,,riservato
017040,Castegnato,2021,Es. Alberghieri,Italiani,,,,riservato
017040,Castegnato,2021,Es. Alberghieri,Stranieri,,,,riservato
017040,Castegnato,2021,Es. Alberghieri,Totale,,,,riservato
017040,Castegnato,2021,Es. Extra-Alberghieri,Italiani,,,,riservato
017040,Castegnato,2021,Es. Extra-Alberghieri,Stranieri,,,,riservato
017040,Castegnato,2021,Es. Extra-Alberghieri,Totale,,,,riservato
017040,Castegnato,2021,Totale,Italiani,,,,riservato
017040,Castegnato,2021,Totale,Stranieri,,,,riservato
017040,Castegnato,2021,Totale,Totale,,,,riservato
017040,Castegnato,2022,Es. Alberghieri,Italiani,,,,riservato
017040,Castegnato,2022,Es. Alberghieri,Stranieri,,,,riservato
017040,Castegnato,2022,Es. Alberghieri,Totale,,,,riservato
017040,Castegnato,2022,Es. Extra-Alberghieri,Italiani,,,,riservato
017040,Castegnato,2022,Es. Extra-Alberghieri,Stranieri,,,,riservato
017040,Castegnato,2022,Es. Extra-Alberghieri,Totale,,,,riservato
017040,Castegnato,2022,Totale,Italiani,,,,riservato
017040,Castegnato,2022,Totale,Stranieri,,,,riservato
017040,Castegnato,2022,Totale,Totale,,,,riservato
017040,Castegnato,2023,Es. Alberghieri,Italiani,,,,riservato
017040,Castegnato,2023,Es. Alberghieri,Stranieri,,,,riservato
017040,Castegnato,2023,Es. Alberghieri,Totale,,,,riservato
017040,Castegnato,2023,Es. Extra-Alberghieri,Italiani,,,,riservato
017040,Castegnato,2023,Es. Extra-Alberghieri,Stranieri,,,,riservato
017040,Castegnato,2023,Es. Extra-Alberghieri,Totale,,,,riservato
017040,Castegnato,2023,Totale,Italiani,,,,riservato
017040,Castegnato,2023,Totale,Stranieri,,,,riservato
017040,Castegnato,2023,Totale,Totale,,,,riservato
017040,Castegnato,2024,Es. Alberghieri,Italiani,,,,riservato
017040,Castegnato,2024,Es. Alberghieri,Stranieri,,,,riservato
017040,Castegnato,2024,Es. Alberghieri,Totale,,,,riservato
017040,Castegnato,2024,Es. Extra-Alberghieri,Italiani,,,,riservato
017040,Castegnato,2024,Es. Extra-Alberghieri,Stranieri,,,,riservato
017040,Castegnato,2024,Es. Extra-Alberghieri,Totale,,,,riservato
017040,Castegnato,2024,Totale,Italiani,,,,riservato
017040,Castegnato,2024,Totale,Stranieri,,,,riservato
017040,Castegnato,2024,Totale,Totale,,,,riservato
017041,Castelcovati,2019,Es. Alberghieri,Italiani,,,,riservato
017041,Castelcovati,2019,Es. Alberghieri,Stranieri,,,,riservato
017041,Castelcovati,2019,Es. Alberghieri,Totale,,,,riservato
017041,Castelcovati,2019,Es. Extra-Alberghieri,Italiani,,,,riservato
017041,Castelcovati,2019,Es. Extra-Alberghieri,Stranieri,,,,riservato
017041,Castelcovati,2019,Es. Extra-Alberghieri,Totale,,,,riservato
017041,Castelcovati,2019,Totale,Italiani,,,,riservato
017041,Castelcovati,2019,Totale,Stranieri,,,,riservato
017041,Castelcovati,2019,Totale,Totale,,,,riservato
017041,Castelcovati,2020,Es. Alberghieri,Italiani,,,,riservato
017041,Castelcovati,2020,Es. Alberghieri,Stranieri,,,,riservato
017041,Castelcovati,2020,Es. Alberghieri,Totale,,,,riservato
017041,Castelcovati,2020,Es. Extra-Alberghieri,Italiani,,,,riservato
017041,Castelcovati,2020,Es. Extra-Alberghieri,Stranieri,,,,riservato
017041,Castelcovati,2020,Es. Extra-Alberghieri,Totale,,,,riservato
017041,Castelcovati,2020,Totale,Italiani,,,,riservato
017041,Castelcovati,2020,Totale,Stranieri,,,,riservato
017041,Castelcovati,2020,Totale,Totale,,,,riservato
017042,Castel Mella,2019,Es. Alberghieri,Italiani,,,,riservato
017042,Castel Mella,2019,Es. Alberghieri,Stranieri,,,,riservato
017042,Castel Mella,2019,Es. Alberghieri,Totale,,,,riservato
017042,Castel Mella,2019,Es. Extra-Alberghieri,Italiani,,,,riservato
017042,Castel Mella,2019,Es. Extra-Alberghieri,Stranieri,,,,riservato
017042,Castel Mella,2019,Es. Extra-Alberghieri,Totale,,,,riservato
017042,Castel Mella,2019,Totale,Italiani,,,,riservato
017042,Castel Mella,2019,Totale,Stranieri,,,,riservato
017042,Castel Mella,2019,Totale,Totale,,,,riservato
017042,Castel Mella,2020,Es. Alberghieri,Italiani,,,,riservato
017042,Castel Mella,2020,Es. Alberghieri,Stranieri,,,,riservato
017042,Castel Mella,2020,Es. Alberghieri,Totale,,,,riservato
017042,Castel Mella,2020,Es. Extra-Alberghieri,Italiani,,,,riservato
017042,Castel Mella,2020,Es. Extra-Alberghieri,Stranieri,,,,riservato
017042,Castel Mella,2020,Es. Extra-Alberghieri,Totale,,,,riservato
017042,Castel Mella,2020,Totale,Italiani,,,,riservato
017042,Castel Mella,2020,Totale,Stranieri,,,,riservato
017042,Castel Mella,2020,Totale,Totale,,,,riservato
017042,Castel Mella,2021,Es. Alberghieri,Italiani,,,,riservato
017042,Castel Mella,2021,Es. Alberghieri,Stranieri,,,,riservato
017042,Castel Mella,2021,Es. Alberghieri,Totale,,,,riservato
017042,Castel Mella,2021,Es. Extra-Alberghieri,Italiani,,,,riservato
017042,Castel Mella,2021,Es. Extra-Alberghieri,Stranieri,,,,riservato
017042,Castel Mella,2021,Es. Extra-Alberghieri,Totale,,,,riservato
017042,Castel Mella,2021,Totale,Italiani,,,,riservato
017042,Castel Mella,2021,Totale,Stranieri,,,,riservato
017042,Castel Mella,2021,Totale,Totale,,,,riservato
017042,Castel Mella,2022,Es. Alberghieri,Italiani,,,,riservato
017042,Castel Mella,2022,Es. Alberghieri,Stranieri,,,,riservato
017042,Castel Mella,2022,Es. Alberghieri,Totale,,,,riservato
017042,Castel Mella,2022,Es. Extra-Alberghieri,Italiani,,,,riservato
017042,Castel Mella,2022,Es. Extra-Alberghieri,Stranieri,,,,riservato
017042,Castel Mella,2022,Es. Extra-Alberghieri,Totale,,,,riservato
017042,Castel Mella,2022,Totale,Italiani,,,,riservato
017042,Castel Mella,2022,Totale,Stranieri,,,,riservato
017042,Castel Mella,2022,Totale,Totale,,,,riservato
017042,Castel Mella,2024,Es. Alberghieri,Italiani,,,,riservato
017042,Castel Mella,2024,Es. Alberghieri,Stranieri,,,,riservato
017042,Castel Mella,2024,Es. Alberghieri,Totale,,,,riservato
017042,Castel Mella,2024,Es. Extra-Alberghieri,Italiani,,,,riservato
017042,Castel Mella,2024,Es. Extra-Alberghieri,Stranieri,,,,riservato
017042,Castel Mella,2024,Es. Extra-Alberghieri,Totale,,,,riservato
017042,Castel Mella,2024,Totale,Italiani,,,,riservato
017042,Castel Mella,2024,Totale,Stranieri,,,,riservato
017042,Castel Mella,2024,Totale,Totale,,,,riservato
017043,Castenedolo,2019,Es. Alberghieri,Italiani,20650,31316,1.50,osservato
017043,Castenedolo,2019,Es. Alberghieri,Stranieri,15179,28041,1.80,osservato
017043,Castenedolo,2019,Es. Alberghieri,Totale,35829,59357,1.70,osservato
017043,Castenedolo,2019,Es. Extra-Alberghieri,Italiani,66,248,3.80,osservato
017043,Castenedolo,2019,Es. Extra-Alberghieri,Stranieri,70,692,9.90,osservato
017043,Castenedolo,2019,Es. Extra-Alberghieri,Totale,136,940,6.90,osservato
017043,Castenedolo,2019,Totale,Italiani,20716,31564,1.50,osservato
017043,Castenedolo,2019,Totale,Stranieri,15249,28733,1.90,osservato
017043,Castenedolo,2019,Totale,Totale,35965,60297,1.70,osservato
017043,Castenedolo,2020,Es. Alberghieri,Italiani,5944,8418,1.40,osservato
017043,Castenedolo,2020,Es. Alberghieri,Stranieri,1995,3017,1.50,osservato
017043,Castenedolo,2020,Es. Alberghieri,Totale,7939,11435,1.40,osservato
017043,Castenedolo,2020,Es. Extra-Alberghieri,Italiani,20,178,8.90,osservato
017043,Castenedolo,2020,Es. Extra-Alberghieri,Stranieri,42,461,11.00,osservato
017043,Castenedolo,2020,Es. Extra-Alberghieri,Totale,62,639,10.30,osservato
017043,Castenedolo,2020,Totale,Italiani,5964,8596,1.40,osservato
017043,Castenedolo,2020,Totale,Stranieri,2037,3478,1.70,osservato
017043,Castenedolo,2020,Totale,Totale,8001,12074,1.50,osservato
017043,Castenedolo,2021,Es. Alberghieri,Italiani,18457,27677,1.50,osservato
017043,Castenedolo,2021,Es. Alberghieri,Stranieri,7167,11812,1.60,osservato
017043,Castenedolo,2021,Es. Alberghieri,Totale,25624,39489,1.50,osservato
017043,Castenedolo,2021,Es. Extra-Alberghieri,Italiani,130,633,4.90,osservato
017043,Castenedolo,2021,Es. Extra-Alberghieri,Stranieri,91,734,8.10,osservato
017043,Castenedolo,2021,Es. Extra-Alberghieri,Totale,221,1367,6.20,osservato
017043,Castenedolo,2021,Totale,Italiani,18587,28310,1.50,osservato
017043,Castenedolo,2021,Totale,Stranieri,7258,12546,1.70,osservato
017043,Castenedolo,2021,Totale,Totale,25845,40856,1.60,osservato
017043,Castenedolo,2022,Es. Alberghieri,Italiani,26726,70179,2.60,osservato
017043,Castenedolo,2022,Es. Alberghieri,Stranieri,15784,72510,4.60,osservato
017043,Castenedolo,2022,Es. Alberghieri,Totale,42510,142689,3.40,osservato
017043,Castenedolo,2022,Es. Extra-Alberghieri,Italiani,172,1162,6.80,osservato
017043,Castenedolo,2022,Es. Extra-Alberghieri,Stranieri,212,1077,5.10,osservato
017043,Castenedolo,2022,Es. Extra-Alberghieri,Totale,384,2239,5.80,osservato
017043,Castenedolo,2022,Totale,Italiani,26898,71341,2.70,osservato
017043,Castenedolo,2022,Totale,Stranieri,15996,73587,4.60,osservato
017043,Castenedolo,2022,Totale,Totale,42894,144928,3.40,osservato
017043,Castenedolo,2023,Es. Alberghieri,Italiani,27037,41960,1.60,osservato
017043,Castenedolo,2023,Es. Alberghieri,Stranieri,19188,31413,1.60,osservato
017043,Castenedolo,2023,Es. Alberghieri,Totale,46225,73373,1.60,osservato
017043,Castenedolo,2023,Es. Extra-Alberghieri,Italiani,342,1127,3.30,osservato
017043,Castenedolo,2023,Es. Extra-Alberghieri,Stranieri,243,1083,4.50,osservato
017043,Castenedolo,2023,Es. Extra-Alberghieri,Totale,585,2210,3.80,osservato
017043,Castenedolo,2023,Totale,Italiani,27379,43087,1.60,osservato
017043,Castenedolo,2023,Totale,Stranieri,19431,32496,1.70,osservato
017043,Castenedolo,2023,Totale,Totale,46810,75583,1.60,osservato
017043,Castenedolo,2024,Es. Alberghieri,Italiani,24180,37682,1.56,osservato
017043,Castenedolo,2024,Es. Alberghieri,Stranieri,18484,30261,1.64,osservato
017043,Castenedolo,2024,Es. Alberghieri,Totale,42664,67943,1.59,osservato
017043,Castenedolo,2024,Es. Extra-Alberghieri,Italiani,527,1618,3.07,osservato
017043,Castenedolo,2024,Es. Extra-Alberghieri,Stranieri,290,1218,4.20,osservato
017043,Castenedolo,2024,Es. Extra-Alberghieri,Totale,817,2836,3.47,osservato
017043,Castenedolo,2024,Totale,Italiani,24707,39300,1.59,osservato
017043,Castenedolo,2024,Totale,Stranieri,18774,31479,1.68,osservato
017043,Castenedolo,2024,Totale,Totale,43481,70779,1.63,osservato
017044,Casto,2019,Es. Alberghieri,Italiani,,,,riservato
017044,Casto,2019,Es. Alberghieri,Stranieri,,,,riservato
017044,Casto,2019,Es. Alberghieri,Totale,,,,riservato
017044,Casto,2019,Es. Extra-Alberghieri,Italiani,,,,riservato
017044,Casto,2019,Es. Extra-Alberghieri,Stranieri,,,,riservato
017044,Casto,2019,Es. Extra-Alberghieri,Totale,,,,riservato
017044,Casto,2019,Totale,Italiani,,,,riservato
017044,Casto,2019,Totale,Stranieri,,,,riservato
017044,Casto,2019,Totale,Totale,,,,riservato
017044,Casto,2020,Es. Alberghieri,Italiani,,,,riservato
017044,Casto,2020,Es. Alberghieri,Stranieri,,,,riservato
017044,Casto,2020,Es. Alberghieri,Totale,,,,riservato
017044,Casto,2020,Es. Extra-Alberghieri,Italiani,,,,riservato
017044,Casto,2020,Es. Extra-Alberghieri,Stranieri,,,,riservato
017044,Casto,2020,Es. Extra-Alberghieri,Totale,,,,riservato
017044,Casto,2020,Totale,Italiani,685,1529,2.20,osservato
017044,Casto,2020,Totale,Stranieri,78,128,1.60,osservato
017044,Casto,2020,Totale,Totale,763,1657,2.20,osservato
017044,Casto,2021,Es. Alberghieri,Italiani,,,,riservato
017044,Casto,2021,Es. Alberghieri,Stranieri,,,,riservato
017044,Casto,2021,Es. Alberghieri,Totale,,,,riservato
017044,Casto,2021,Es. Extra-Alberghieri,Italiani,,,,riservato
017044,Casto,2021,Es. Extra-Alberghieri,Stranieri,,,,riservato
017044,Casto,2021,Es. Extra-Alberghieri,Totale,,,,riservato
017044,Casto,2021,Totale,Italiani,914,2410,2.60,osservato
017044,Casto,2021,Totale,Stranieri,192,534,2.80,osservato
017044,Casto,2021,Totale,Totale,1106,2944,2.70,osservato
017044,Casto,2022,Es. Alberghieri,Italiani,,,,riservato
017044,Casto,2022,Es. Alberghieri,Stranieri,,,,riservato
017044,Casto,2022,Es. Alberghieri,Totale,,,,riservato
017044,Casto,2022,Es. Extra-Alberghieri,Italiani,,,,riservato
017044,Casto,2022,Es. Extra-Alberghieri,Stranieri,,,,riservato
017044,Casto,2022,Es. Extra-Alberghieri,Totale,,,,riservato
017044,Casto,2022,Totale,Italiani,1096,2616,2.40,osservato
017044,Casto,2022,Totale,Stranieri,326,1161,3.60,osservato
017044,Casto,2022,Totale,Totale,1422,3777,2.70,osservato
017044,Casto,2023,Es. Alberghieri,Italiani,,,,riservato
017044,Casto,2023,Es. Alberghieri,Stranieri,,,,riservato
017044,Casto,2023,Es. Alberghieri,Totale,,,,riservato
017044,Casto,2023,Es. Extra-Alberghieri,Italiani,,,,riservato
017044,Casto,2023,Es. Extra-Alberghieri,Stranieri,,,,riservato
017044,Casto,2023,Es. Extra-Alberghieri,Totale,,,,riservato
017044,Casto,2023,Totale,Italiani,410,2769,6.80,osservato
017044,Casto,2023,Totale,Stranieri,111,241,2.20,osservato
017044,Casto,2023,Totale,Totale,521,3010,5.80,osservato
017044,Casto,2024,Es. Alberghieri,Italiani,,,,riservato
017044,Casto,2024,Es. Alberghieri,Stranieri,,,,riservato
017044,Casto,2024,Es. Alberghieri,Totale,,,,riservato
017044,Casto,2024,Es. Extra-Alberghieri,Italiani,,,,riservato
017044,Casto,2024,Es. Extra-Alberghieri,Stranieri,,,,riservato
017044,Casto,2024,Es. Extra-Alberghieri,Totale,,,,riservato
017044,Casto,2024,Totale,Italiani,969,1960,2.02,osservato
017044,Casto,2024,Totale,Stranieri,250,491,1.96,osservato
017044,Casto,2024,Totale,Totale,1219,2451,2.01,osservato
017045,Castrezzato,2019,Es. Alberghieri,Italiani,,,,riservato
017045,Castrezzato,2019,Es. Alberghieri,Stranieri,,,,riservato
017045,Castrezzato,2019,Es. Alberghieri,Totale,,,,riservato
017045,Castrezzato,2019,Es. Extra-Alberghieri,Italiani,,,,riservato
017045,Castrezzato,2019,Es. Extra-Alberghieri,Stranieri,,,,riservato
017045,Castrezzato,2019,Es. Extra-Alberghieri,Totale,,,,riservato
017045,Castrezzato,2019,Totale,Italiani,549,1208,2.20,osservato
017045,Castrezzato,2019,Totale,Stranieri,100,785,7.90,osservato
017045,Castrezzato,2019,Totale,Totale,649,1993,3.10,osservato
017045,Castrezzato,2020,Es. Extra-Alberghieri,Italiani,125,271,2.20,osservato
017045,Castrezzato,2020,Es. Extra-Alberghieri,Stranieri,16,50,3.10,osservato
017045,Castrezzato,2020,Es. Extra-Alberghieri,Totale,141,321,2.30,osservato
017045,Castrezzato,2020,Totale,Italiani,125,271,2.20,osservato
017045,Castrezzato,2020,Totale,Stranieri,16,50,3.10,osservato
017045,Castrezzato,2020,Totale,Totale,141,321,2.30,osservato
017045,Castrezzato,2021,Es. Alberghieri,Italiani,,,,riservato
017045,Castrezzato,2021,Es. Alberghieri,Stranieri,,,,riservato
017045,Castrezzato,2021,Es. Alberghieri,Totale,,,,riservato
017045,Castrezzato,2021,Es. Extra-Alberghieri,Italiani,,,,riservato
017045,Castrezzato,2021,Es. Extra-Alberghieri,Stranieri,,,,riservato
017045,Castrezzato,2021,Es. Extra-Alberghieri,Totale,,,,riservato
017045,Castrezzato,2021,Totale,Italiani,372,792,2.10,osservato
017045,Castrezzato,2021,Totale,Stranieri,70,146,2.10,osservato
017045,Castrezzato,2021,Totale,Totale,442,938,2.10,osservato
017045,Castrezzato,2022,Es. Alberghieri,Italiani,,,,riservato
017045,Castrezzato,2022,Es. Alberghieri,Stranieri,,,,riservato
017045,Castrezzato,2022,Es. Alberghieri,Totale,,,,riservato
017045,Castrezzato,2022,Es. Extra-Alberghieri,Italiani,,,,riservato
017045,Castrezzato,2022,Es. Extra-Alberghieri,Stranieri,,,,riservato
017045,Castrezzato,2022,Es. Extra-Alberghieri,Totale,,,,riservato
017045,Castrezzato,2022,Totale,Italiani,1776,3025,1.70,osservato
017045,Castrezzato,2022,Totale,Stranieri,668,1395,2.10,osservato
017045,Castrezzato,2022,Totale,Totale,2444,4420,1.80,osservato
017045,Castrezzato,2023,Es. Alberghieri,Italiani,,,,riservato
017045,Castrezzato,2023,Es. Alberghieri,Stranieri,,,,riservato
017045,Castrezzato,2023,Es. Alberghieri,Totale,,,,riservato
017045,Castrezzato,2023,Es. Extra-Alberghieri,Italiani,,,,riservato
017045,Castrezzato,2023,Es. Extra-Alberghieri,Stranieri,,,,riservato
017045,Castrezzato,2023,Es. Extra-Alberghieri,Totale,,,,riservato
017045,Castrezzato,2023,Totale,Italiani,2081,3884,1.90,osservato
017045,Castrezzato,2023,Totale,Stranieri,803,1914,2.40,osservato
017045,Castrezzato,2023,Totale,Totale,2884,5798,2.00,osservato
017045,Castrezzato,2024,Es. Alberghieri,Italiani,,,,riservato
017045,Castrezzato,2024,Es. Alberghieri,Stranieri,,,,riservato
017045,Castrezzato,2024,Es. Alberghieri,Totale,,,,riservato
017045,Castrezzato,2024,Es. Extra-Alberghieri,Italiani,,,,riservato
017045,Castrezzato,2024,Es. Extra-Alberghieri,Stranieri,,,,riservato
017045,Castrezzato,2024,Es. Extra-Alberghieri,Totale,,,,riservato
017045,Castrezzato,2024,Totale,Italiani,2666,4960,1.86,osservato
017045,Castrezzato,2024,Totale,Stranieri,1184,2855,2.41,osservato
017045,Castrezzato,2024,Totale,Totale,3850,7815,2.03,osservato
017046,Cazzago San Martino,2019,Es. Alberghieri,Italiani,,,,riservato
017046,Cazzago San Martino,2019,Es. Alberghieri,Stranieri,,,,riservato
017046,Cazzago San Martino,2019,Es. Alberghieri,Totale,,,,riservato
017046,Cazzago San Martino,2019,Es. Extra-Alberghieri,Italiani,,,,riservato
017046,Cazzago San Martino,2019,Es. Extra-Alberghieri,Stranieri,,,,riservato
017046,Cazzago San Martino,2019,Es. Extra-Alberghieri,Totale,,,,riservato
017046,Cazzago San Martino,2019,Totale,Italiani,9716,17606,1.80,osservato
017046,Cazzago San Martino,2019,Totale,Stranieri,2253,6095,2.70,osservato
017046,Cazzago San Martino,2019,Totale,Totale,11969,23701,2.00,osservato
017046,Cazzago San Martino,2020,Es. Alberghieri,Italiani,,,,riservato
017046,Cazzago San Martino,2020,Es. Alberghieri,Stranieri,,,,riservato
017046,Cazzago San Martino,2020,Es. Alberghieri,Totale,,,,riservato
017046,Cazzago San Martino,2020,Es. Extra-Alberghieri,Italiani,,,,riservato
017046,Cazzago San Martino,2020,Es. Extra-Alberghieri,Stranieri,,,,riservato
017046,Cazzago San Martino,2020,Es. Extra-Alberghieri,Totale,,,,riservato
017046,Cazzago San Martino,2020,Totale,Italiani,5227,12708,2.40,osservato
017046,Cazzago San Martino,2020,Totale,Stranieri,745,2193,2.90,osservato
017046,Cazzago San Martino,2020,Totale,Totale,5972,14901,2.50,osservato
017046,Cazzago San Martino,2021,Es. Alberghieri,Italiani,,,,riservato
017046,Cazzago San Martino,2021,Es. Alberghieri,Stranieri,,,,riservato
017046,Cazzago San Martino,2021,Es. Alberghieri,Totale,,,,riservato
017046,Cazzago San Martino,2021,Es. Extra-Alberghieri,Italiani,,,,riservato
017046,Cazzago San Martino,2021,Es. Extra-Alberghieri,Stranieri,,,,riservato
017046,Cazzago San Martino,2021,Es. Extra-Alberghieri,Totale,,,,riservato
017046,Cazzago San Martino,2021,Totale,Italiani,9636,19718,2.00,osservato
017046,Cazzago San Martino,2021,Totale,Stranieri,1948,4854,2.50,osservato
017046,Cazzago San Martino,2021,Totale,Totale,11584,24572,2.10,osservato
017046,Cazzago San Martino,2022,Es. Alberghieri,Italiani,,,,riservato
017046,Cazzago San Martino,2022,Es. Alberghieri,Stranieri,,,,riservato
017046,Cazzago San Martino,2022,Es. Alberghieri,Totale,,,,riservato
017046,Cazzago San Martino,2022,Es. Extra-Alberghieri,Italiani,,,,riservato
017046,Cazzago San Martino,2022,Es. Extra-Alberghieri,Stranieri,,,,riservato
017046,Cazzago San Martino,2022,Es. Extra-Alberghieri,Totale,,,,riservato
017046,Cazzago San Martino,2022,Totale,Italiani,11505,21911,1.90,osservato
017046,Cazzago San Martino,2022,Totale,Stranieri,3620,8784,2.40,osservato
017046,Cazzago San Martino,2022,Totale,Totale,15125,30695,2.00,osservato
017046,Cazzago San Martino,2023,Es. Alberghieri,Italiani,,,,riservato
017046,Cazzago San Martino,2023,Es. Alberghieri,Stranieri,,,,riservato
017046,Cazzago San Martino,2023,Es. Alberghieri,Totale,,,,riservato
017046,Cazzago San Martino,2023,Es. Extra-Alberghieri,Italiani,,,,riservato
017046,Cazzago San Martino,2023,Es. Extra-Alberghieri,Stranieri,,,,riservato
017046,Cazzago San Martino,2023,Es. Extra-Alberghieri,Totale,,,,riservato
017046,Cazzago San Martino,2023,Totale,Italiani,12400,23563,1.90,osservato
017046,Cazzago San Martino,2023,Totale,Stranieri,4652,10955,2.40,osservato
017046,Cazzago San Martino,2023,Totale,Totale,17052,34518,2.00,osservato
017046,Cazzago San Martino,2024,Es. Alberghieri,Italiani,,,,riservato
017046,Cazzago San Martino,2024,Es. Alberghieri,Stranieri,,,,riservato
017046,Cazzago San Martino,2024,Es. Alberghieri,Totale,,,,riservato
017046,Cazzago San Martino,2024,Es. Extra-Alberghieri,Italiani,,,,riservato
017046,Cazzago San Martino,2024,Es. Extra-Alberghieri,Stranieri,,,,riservato
017046,Cazzago San Martino,2024,Es. Extra-Alberghieri,Totale,,,,riservato
017046,Cazzago San Martino,2024,Totale,Italiani,12728,23781,1.87,osservato
017046,Cazzago San Martino,2024,Totale,Stranieri,5500,12434,2.26,osservato
017046,Cazzago San Martino,2024,Totale,Totale,18228,36215,1.99,osservato
017047,Cedegolo,2019,Es. Alberghieri,Italiani,,,,riservato
017047,Cedegolo,2019,Es. Alberghieri,Stranieri,,,,riservato
017047,Cedegolo,2019,Es. Alberghieri,Totale,,,,riservato
017047,Cedegolo,2019,Es. Extra-Alberghieri,Italiani,,,,riservato
017047,Cedegolo,2019,Es. Extra-Alberghieri,Stranieri,,,,riservato
017047,Cedegolo,2019,Es. Extra-Alberghieri,Totale,,,,riservato
017047,Cedegolo,2019,Totale,Italiani,,,,riservato
017047,Cedegolo,2019,Totale,Stranieri,,,,riservato
017047,Cedegolo,2019,Totale,Totale,,,,riservato
017047,Cedegolo,2020,Es. Alberghieri,Italiani,,,,riservato
017047,Cedegolo,2020,Es. Alberghieri,Stranieri,,,,riservato
017047,Cedegolo,2020,Es. Alberghieri,Totale,,,,riservato
017047,Cedegolo,2020,Es. Extra-Alberghieri,Italiani,,,,riservato
017047,Cedegolo,2020,Es. Extra-Alberghieri,Stranieri,,,,riservato
017047,Cedegolo,2020,Es. Extra-Alberghieri,Totale,,,,riservato
017047,Cedegolo,2020,Totale,Italiani,,,,riservato
017047,Cedegolo,2020,Totale,Stranieri,,,,riservato
017047,Cedegolo,2020,Totale,Totale,,,,riservato
017047,Cedegolo,2021,Es. Alberghieri,Italiani,,,,riservato
017047,Cedegolo,2021,Es. Alberghieri,Stranieri,,,,riservato
017047,Cedegolo,2021,Es. Alberghieri,Totale,,,,riservato
017047,Cedegolo,2021,Es. Extra-Alberghieri,Italiani,27,65,2.40,osservato
017047,Cedegolo,2021,Es. Extra-Alberghieri,Stranieri,15,91,6.10,osservato
017047,Cedegolo,2021,Es. Extra-Alberghieri,Totale,42,156,3.70,osservato
017047,Cedegolo,2021,Totale,Italiani,27,65,2.40,osservato
017047,Cedegolo,2021,Totale,Stranieri,15,91,6.10,osservato
017047,Cedegolo,2021,Totale,Totale,42,156,3.70,osservato
017047,Cedegolo,2022,Es. Alberghieri,Italiani,,,,riservato
017047,Cedegolo,2022,Es. Alberghieri,Stranieri,,,,riservato
017047,Cedegolo,2022,Es. Alberghieri,Totale,,,,riservato
017047,Cedegolo,2022,Es. Extra-Alberghieri,Italiani,105,156,1.50,osservato
017047,Cedegolo,2022,Es. Extra-Alberghieri,Stranieri,63,163,2.60,osservato
017047,Cedegolo,2022,Es. Extra-Alberghieri,Totale,168,319,1.90,osservato
017047,Cedegolo,2022,Totale,Italiani,105,156,1.50,osservato
017047,Cedegolo,2022,Totale,Stranieri,63,163,2.60,osservato
017047,Cedegolo,2022,Totale,Totale,168,319,1.90,osservato
017047,Cedegolo,2023,Es. Alberghieri,Italiani,,,,riservato
017047,Cedegolo,2023,Es. Alberghieri,Stranieri,,,,riservato
017047,Cedegolo,2023,Es. Alberghieri,Totale,,,,riservato
017047,Cedegolo,2023,Es. Extra-Alberghieri,Italiani,,,,riservato
017047,Cedegolo,2023,Es. Extra-Alberghieri,Stranieri,,,,riservato
017047,Cedegolo,2023,Es. Extra-Alberghieri,Totale,,,,riservato
017047,Cedegolo,2023,Totale,Italiani,185,263,1.40,osservato
017047,Cedegolo,2023,Totale,Stranieri,88,301,3.40,osservato
017047,Cedegolo,2023,Totale,Totale,273,564,2.10,osservato
017047,Cedegolo,2024,Es. Alberghieri,Italiani,,,,riservato
017047,Cedegolo,2024,Es. Alberghieri,Stranieri,,,,riservato
017047,Cedegolo,2024,Es. Alberghieri,Totale,,,,riservato
017047,Cedegolo,2024,Es. Extra-Alberghieri,Italiani,,,,riservato
017047,Cedegolo,2024,Es. Extra-Alberghieri,Stranieri,,,,riservato
017047,Cedegolo,2024,Es. Extra-Alberghieri,Totale,,,,riservato
017047,Cedegolo,2024,Totale,Italiani,177,336,1.90,osservato
017047,Cedegolo,2024,Totale,Stranieri,82,238,2.90,osservato
017047,Cedegolo,2024,Totale,Totale,259,574,2.22,osservato
017048,Cellatica,2020,Es. Alberghieri,Italiani,,,,riservato
017048,Cellatica,2020,Es. Alberghieri,Stranieri,,,,riservato
017048,Cellatica,2020,Es. Alberghieri,Totale,,,,riservato
017048,Cellatica,2020,Es. Extra-Alberghieri,Italiani,,,,riservato
017048,Cellatica,2020,Es. Extra-Alberghieri,Stranieri,,,,riservato
017048,Cellatica,2020,Es. Extra-Alberghieri,Totale,,,,riservato
017048,Cellatica,2020,Totale,Italiani,,,,riservato
017048,Cellatica,2020,Totale,Stranieri,,,,riservato
017048,Cellatica,2020,Totale,Totale,,,,riservato
017048,Cellatica,2024,Es. Alberghieri,Italiani,,,,riservato
017048,Cellatica,2024,Es. Alberghieri,Stranieri,,,,riservato
017048,Cellatica,2024,Es. Alberghieri,Totale,,,,riservato
017048,Cellatica,2024,Es. Extra-Alberghieri,Italiani,,,,riservato
017048,Cellatica,2024,Es. Extra-Alberghieri,Stranieri,,,,riservato
017048,Cellatica,2024,Es. Extra-Alberghieri,Totale,,,,riservato
017048,Cellatica,2024,Totale,Italiani,,,,riservato
017048,Cellatica,2024,Totale,Stranieri,,,,riservato
017048,Cellatica,2024,Totale,Totale,,,,riservato
017049,Cerveno,2019,Es. Alberghieri,Italiani,,,,riservato
017049,Cerveno,2019,Es. Alberghieri,Stranieri,,,,riservato
017049,Cerveno,2019,Es. Alberghieri,Totale,,,,riservato
017049,Cerveno,2019,Es. Extra-Alberghieri,Italiani,,,,riservato
017049,Cerveno,2019,Es. Extra-Alberghieri,Stranieri,,,,riservato
017049,Cerveno,2019,Es. Extra-Alberghieri,Totale,,,,riservato
017049,Cerveno,2019,Totale,Italiani,134,177,1.30,osservato
017049,Cerveno,2019,Totale,Stranieri,4,32,8.00,osservato
017049,Cerveno,2019,Totale,Totale,138,209,1.50,osservato
017049,Cerveno,2020,Es. Extra-Alberghieri,Italiani,93,105,1.10,osservato
017049,Cerveno,2020,Es. Extra-Alberghieri,Totale,93,105,1.10,osservato
017049,Cerveno,2020,Totale,Italiani,93,105,1.10,osservato
017049,Cerveno,2020,Totale,Totale,93,105,1.10,osservato
017049,Cerveno,2021,Es. Alberghieri,Italiani,,,,riservato
017049,Cerveno,2021,Es. Alberghieri,Stranieri,,,,riservato
017049,Cerveno,2021,Es. Alberghieri,Totale,,,,riservato
017049,Cerveno,2021,Es. Extra-Alberghieri,Italiani,90,175,1.90,osservato
017049,Cerveno,2021,Es. Extra-Alberghieri,Stranieri,19,31,1.60,osservato
017049,Cerveno,2021,Es. Extra-Alberghieri,Totale,109,206,1.90,osservato
017049,Cerveno,2021,Totale,Italiani,90,175,1.90,osservato
017049,Cerveno,2021,Totale,Stranieri,19,31,1.60,osservato
017049,Cerveno,2021,Totale,Totale,109,206,1.90,osservato
017049,Cerveno,2022,Es. Alberghieri,Italiani,,,,riservato
017049,Cerveno,2022,Es. Alberghieri,Stranieri,,,,riservato
017049,Cerveno,2022,Es. Alberghieri,Totale,,,,riservato
017049,Cerveno,2022,Es. Extra-Alberghieri,Italiani,201,272,1.40,osservato
017049,Cerveno,2022,Es. Extra-Alberghieri,Stranieri,36,75,2.10,osservato
017049,Cerveno,2022,Es. Extra-Alberghieri,Totale,237,347,1.50,osservato
017049,Cerveno,2022,Totale,Italiani,201,272,1.40,osservato
017049,Cerveno,2022,Totale,Stranieri,36,75,2.10,osservato
017049,Cerveno,2022,Totale,Totale,237,347,1.50,osservato
017049,Cerveno,2023,Es. Alberghieri,Italiani,,,,riservato
017049,Cerveno,2023,Es. Alberghieri,Stranieri,,,,riservato
017049,Cerveno,2023,Es. Alberghieri,Totale,,,,riservato
017049,Cerveno,2023,Es. Extra-Alberghieri,Italiani,,,,riservato
017049,Cerveno,2023,Es. Extra-Alberghieri,Stranieri,,,,riservato
017049,Cerveno,2023,Es. Extra-Alberghieri,Totale,,,,riservato
017049,Cerveno,2023,Totale,Italiani,69,146,2.10,osservato
017049,Cerveno,2023,Totale,Stranieri,15,29,1.90,osservato
017049,Cerveno,2023,Totale,Totale,84,175,2.10,osservato
017049,Cerveno,2024,Es. Alberghieri,Italiani,,,,riservato
017049,Cerveno,2024,Es. Alberghieri,Stranieri,,,,riservato
017049,Cerveno,2024,Es. Alberghieri,Totale,,,,riservato
017049,Cerveno,2024,Es. Extra-Alberghieri,Italiani,,,,riservato
017049,Cerveno,2024,Es. Extra-Alberghieri,Stranieri,,,,riservato
017049,Cerveno,2024,Es. Extra-Alberghieri,Totale,,,,riservato
017049,Cerveno,2024,Totale,Italiani,279,328,1.18,osservato
017049,Cerveno,2024,Totale,Stranieri,26,91,3.50,osservato
017049,Cerveno,2024,Totale,Totale,305,419,1.37,osservato
017050,Ceto,2019,Es. Alberghieri,Italiani,,,,riservato
017050,Ceto,2019,Es. Alberghieri,Stranieri,,,,riservato
017050,Ceto,2019,Es. Alberghieri,Totale,,,,riservato
017050,Ceto,2019,Es. Extra-Alberghieri,Italiani,,,,riservato
017050,Ceto,2019,Es. Extra-Alberghieri,Stranieri,,,,riservato
017050,Ceto,2019,Es. Extra-Alberghieri,Totale,,,,riservato
017050,Ceto,2019,Totale,Italiani,1597,9768,6.10,osservato
017050,Ceto,2019,Totale,Stranieri,161,991,6.20,osservato
017050,Ceto,2019,Totale,Totale,1758,10759,6.10,osservato
017050,Ceto,2020,Es. Extra-Alberghieri,Italiani,343,844,2.50,osservato
017050,Ceto,2020,Es. Extra-Alberghieri,Stranieri,58,188,3.20,osservato
017050,Ceto,2020,Es. Extra-Alberghieri,Totale,401,1032,2.60,osservato
017050,Ceto,2020,Totale,Italiani,343,844,2.50,osservato
017050,Ceto,2020,Totale,Stranieri,58,188,3.20,osservato
017050,Ceto,2020,Totale,Totale,401,1032,2.60,osservato
017050,Ceto,2021,Es. Alberghieri,Italiani,,,,riservato
017050,Ceto,2021,Es. Alberghieri,Stranieri,,,,riservato
017050,Ceto,2021,Es. Alberghieri,Totale,,,,riservato
017050,Ceto,2021,Es. Extra-Alberghieri,Italiani,818,7966,9.70,osservato
017050,Ceto,2021,Es. Extra-Alberghieri,Stranieri,37,228,6.20,osservato
017050,Ceto,2021,Es. Extra-Alberghieri,Totale,855,8194,9.60,osservato
017050,Ceto,2021,Totale,Italiani,818,7966,9.70,osservato
017050,Ceto,2021,Totale,Stranieri,37,228,6.20,osservato
017050,Ceto,2021,Totale,Totale,855,8194,9.60,osservato
017050,Ceto,2022,Es. Alberghieri,Italiani,,,,riservato
017050,Ceto,2022,Es. Alberghieri,Stranieri,,,,riservato
017050,Ceto,2022,Es. Alberghieri,Totale,,,,riservato
017050,Ceto,2022,Es. Extra-Alberghieri,Italiani,967,7901,8.20,osservato
017050,Ceto,2022,Es. Extra-Alberghieri,Stranieri,79,425,5.40,osservato
017050,Ceto,2022,Es. Extra-Alberghieri,Totale,1046,8326,8.00,osservato
017050,Ceto,2022,Totale,Italiani,967,7901,8.20,osservato
017050,Ceto,2022,Totale,Stranieri,79,425,5.40,osservato
017050,Ceto,2022,Totale,Totale,1046,8326,8.00,osservato
017050,Ceto,2023,Es. Alberghieri,Italiani,,,,riservato
017050,Ceto,2023,Es. Alberghieri,Stranieri,,,,riservato
017050,Ceto,2023,Es. Alberghieri,Totale,,,,riservato
017050,Ceto,2023,Es. Extra-Alberghieri,Italiani,,,,riservato
017050,Ceto,2023,Es. Extra-Alberghieri,Stranieri,,,,riservato
017050,Ceto,2023,Es. Extra-Alberghieri,Totale,,,,riservato
017050,Ceto,2023,Totale,Italiani,1425,8068,5.70,osservato
017050,Ceto,2023,Totale,Stranieri,142,453,3.20,osservato
017050,Ceto,2023,Totale,Totale,1567,8521,5.40,osservato
017050,Ceto,2024,Es. Alberghieri,Italiani,,,,riservato
017050,Ceto,2024,Es. Alberghieri,Stranieri,,,,riservato
017050,Ceto,2024,Es. Alberghieri,Totale,,,,riservato
017050,Ceto,2024,Es. Extra-Alberghieri,Italiani,,,,riservato
017050,Ceto,2024,Es. Extra-Alberghieri,Stranieri,,,,riservato
017050,Ceto,2024,Es. Extra-Alberghieri,Totale,,,,riservato
017050,Ceto,2024,Totale,Italiani,1496,8860,5.92,osservato
017050,Ceto,2024,Totale,Stranieri,131,572,4.37,osservato
017050,Ceto,2024,Totale,Totale,1627,9432,5.80,osservato
017051,Cevo,2019,Es. Alberghieri,Italiani,,,,riservato
017051,Cevo,2019,Es. Alberghieri,Stranieri,,,,riservato
017051,Cevo,2019,Es. Alberghieri,Totale,,,,riservato
017051,Cevo,2019,Es. Extra-Alberghieri,Italiani,,,,riservato
017051,Cevo,2019,Es. Extra-Alberghieri,Stranieri,,,,riservato
017051,Cevo,2019,Es. Extra-Alberghieri,Totale,,,,riservato
017051,Cevo,2019,Totale,Italiani,751,2635,3.50,osservato
017051,Cevo,2019,Totale,Stranieri,140,266,1.90,osservato
017051,Cevo,2019,Totale,Totale,891,2901,3.30,osservato
017051,Cevo,2020,Es. Alberghieri,Italiani,,,,riservato
017051,Cevo,2020,Es. Alberghieri,Stranieri,,,,riservato
017051,Cevo,2020,Es. Alberghieri,Totale,,,,riservato
017051,Cevo,2020,Es. Extra-Alberghieri,Italiani,,,,riservato
017051,Cevo,2020,Es. Extra-Alberghieri,Stranieri,,,,riservato
017051,Cevo,2020,Es. Extra-Alberghieri,Totale,,,,riservato
017051,Cevo,2020,Totale,Italiani,574,2187,3.80,osservato
017051,Cevo,2020,Totale,Stranieri,58,82,1.40,osservato
017051,Cevo,2020,Totale,Totale,632,2269,3.60,osservato
017051,Cevo,2021,Es. Alberghieri,Italiani,,,,riservato
017051,Cevo,2021,Es. Alberghieri,Stranieri,,,,riservato
017051,Cevo,2021,Es. Alberghieri,Totale,,,,riservato
017051,Cevo,2021,Es. Extra-Alberghieri,Italiani,,,,riservato
017051,Cevo,2021,Es. Extra-Alberghieri,Stranieri,,,,riservato
017051,Cevo,2021,Es. Extra-Alberghieri,Totale,,,,riservato
017051,Cevo,2021,Totale,Italiani,621,2101,3.40,osservato
017051,Cevo,2021,Totale,Stranieri,126,320,2.50,osservato
017051,Cevo,2021,Totale,Totale,747,2421,3.20,osservato
017051,Cevo,2022,Es. Alberghieri,Italiani,,,,riservato
017051,Cevo,2022,Es. Alberghieri,Stranieri,,,,riservato
017051,Cevo,2022,Es. Alberghieri,Totale,,,,riservato
017051,Cevo,2022,Es. Extra-Alberghieri,Italiani,,,,riservato
017051,Cevo,2022,Es. Extra-Alberghieri,Stranieri,,,,riservato
017051,Cevo,2022,Es. Extra-Alberghieri,Totale,,,,riservato
017051,Cevo,2022,Totale,Italiani,1204,3921,3.30,osservato
017051,Cevo,2022,Totale,Stranieri,173,347,2.00,osservato
017051,Cevo,2022,Totale,Totale,1377,4268,3.10,osservato
017051,Cevo,2023,Es. Alberghieri,Italiani,,,,riservato
017051,Cevo,2023,Es. Alberghieri,Stranieri,,,,riservato
017051,Cevo,2023,Es. Alberghieri,Totale,,,,riservato
017051,Cevo,2023,Es. Extra-Alberghieri,Italiani,,,,riservato
017051,Cevo,2023,Es. Extra-Alberghieri,Stranieri,,,,riservato
017051,Cevo,2023,Es. Extra-Alberghieri,Totale,,,,riservato
017051,Cevo,2023,Totale,Italiani,1512,4757,3.10,osservato
017051,Cevo,2023,Totale,Stranieri,256,670,2.60,osservato
017051,Cevo,2023,Totale,Totale,1768,5427,3.10,osservato
017051,Cevo,2024,Es. Alberghieri,Italiani,,,,riservato
017051,Cevo,2024,Es. Alberghieri,Stranieri,,,,riservato
017051,Cevo,2024,Es. Alberghieri,Totale,,,,riservato
017051,Cevo,2024,Es. Extra-Alberghieri,Italiani,,,,riservato
017051,Cevo,2024,Es. Extra-Alberghieri,Stranieri,,,,riservato
017051,Cevo,2024,Es. Extra-Alberghieri,Totale,,,,riservato
017051,Cevo,2024,Totale,Italiani,1436,4390,3.06,osservato
017051,Cevo,2024,Totale,Stranieri,211,822,3.90,osservato
017051,Cevo,2024,Totale,Totale,1647,5212,3.16,osservato
017052,Chiari,2019,Es. Alberghieri,Italiani,,,,riservato
017052,Chiari,2019,Es. Alberghieri,Stranieri,,,,riservato
017052,Chiari,2019,Es. Alberghieri,Totale,,,,riservato
017052,Chiari,2019,Es. Extra-Alberghieri,Italiani,,,,riservato
017052,Chiari,2019,Es. Extra-Alberghieri,Stranieri,,,,riservato
017052,Chiari,2019,Es. Extra-Alberghieri,Totale,,,,riservato
017052,Chiari,2019,Totale,Italiani,1581,3547,2.20,osservato
017052,Chiari,2019,Totale,Stranieri,469,1742,3.70,osservato
017052,Chiari,2019,Totale,Totale,2050,5289,2.60,osservato
017052,Chiari,2020,Es. Alberghieri,Italiani,,,,riservato
017052,Chiari,2020,Es. Alberghieri,Stranieri,,,,riservato
017052,Chiari,2020,Es. Alberghieri,Totale,,,,riservato
017052,Chiari,2020,Es. Extra-Alberghieri,Italiani,,,,riservato
017052,Chiari,2020,Es. Extra-Alberghieri,Stranieri,,,,riservato
017052,Chiari,2020,Es. Extra-Alberghieri,Totale,,,,riservato
017052,Chiari,2020,Totale,Italiani,890,2236,2.50,osservato
017052,Chiari,2020,Totale,Stranieri,166,389,2.30,osservato
017052,Chiari,2020,Totale,Totale,1056,2625,2.50,osservato
017052,Chiari,2021,Es. Alberghieri,Italiani,,,,riservato
017052,Chiari,2021,Es. Alberghieri,Stranieri,,,,riservato
017052,Chiari,2021,Es. Alberghieri,Totale,,,,riservato
017052,Chiari,2021,Es. Extra-Alberghieri,Italiani,,,,riservato
017052,Chiari,2021,Es. Extra-Alberghieri,Stranieri,,,,riservato
017052,Chiari,2021,Es. Extra-Alberghieri,Totale,,,,riservato
017052,Chiari,2021,Totale,Italiani,1272,3580,2.80,osservato
017052,Chiari,2021,Totale,Stranieri,260,1539,5.90,osservato
017052,Chiari,2021,Totale,Totale,1532,5119,3.30,osservato
017052,Chiari,2022,Es. Alberghieri,Italiani,,,,riservato
017052,Chiari,2022,Es. Alberghieri,Stranieri,,,,riservato
017052,Chiari,2022,Es. Alberghieri,Totale,,,,riservato
017052,Chiari,2022,Es. Extra-Alberghieri,Italiani,,,,riservato
017052,Chiari,2022,Es. Extra-Alberghieri,Stranieri,,,,riservato
017052,Chiari,2022,Es. Extra-Alberghieri,Totale,,,,riservato
017052,Chiari,2022,Totale,Italiani,1659,3426,2.10,osservato
017052,Chiari,2022,Totale,Stranieri,524,2015,3.80,osservato
017052,Chiari,2022,Totale,Totale,2183,5441,2.50,osservato
017052,Chiari,2023,Es. Alberghieri,Italiani,,,,riservato
017052,Chiari,2023,Es. Alberghieri,Stranieri,,,,riservato
017052,Chiari,2023,Es. Alberghieri,Totale,,,,riservato
017052,Chiari,2023,Es. Extra-Alberghieri,Italiani,,,,riservato
017052,Chiari,2023,Es. Extra-Alberghieri,Stranieri,,,,riservato
017052,Chiari,2023,Es. Extra-Alberghieri,Totale,,,,riservato
017052,Chiari,2023,Totale,Italiani,1919,4061,2.10,osservato
017052,Chiari,2023,Totale,Stranieri,727,2809,3.90,osservato
017052,Chiari,2023,Totale,Totale,2646,6870,2.60,osservato
017052,Chiari,2024,Es. Alberghieri,Italiani,,,,riservato
017052,Chiari,2024,Es. Alberghieri,Stranieri,,,,riservato
017052,Chiari,2024,Es. Alberghieri,Totale,,,,riservato
017052,Chiari,2024,Es. Extra-Alberghieri,Italiani,,,,riservato
017052,Chiari,2024,Es. Extra-Alberghieri,Stranieri,,,,riservato
017052,Chiari,2024,Es. Extra-Alberghieri,Totale,,,,riservato
017052,Chiari,2024,Totale,Italiani,2144,4651,2.17,osservato
017052,Chiari,2024,Totale,Stranieri,902,2747,3.05,osservato
017052,Chiari,2024,Totale,Totale,3046,7398,2.43,osservato
017053,Cigole,2019,Es. Alberghieri,Italiani,,,,riservato
017053,Cigole,2019,Es. Alberghieri,Stranieri,,,,riservato
017053,Cigole,2019,Es. Alberghieri,Totale,,,,riservato
017053,Cigole,2019,Es. Extra-Alberghieri,Italiani,,,,riservato
017053,Cigole,2019,Es. Extra-Alberghieri,Stranieri,,,,riservato
017053,Cigole,2019,Es. Extra-Alberghieri,Totale,,,,riservato
017053,Cigole,2019,Totale,Italiani,,,,riservato
017053,Cigole,2019,Totale,Stranieri,,,,riservato
017053,Cigole,2019,Totale,Totale,,,,riservato
017053,Cigole,2020,Es. Alberghieri,Italiani,,,,riservato
017053,Cigole,2020,Es. Alberghieri,Stranieri,,,,riservato
017053,Cigole,2020,Es. Alberghieri,Totale,,,,riservato
017053,Cigole,2020,Es. Extra-Alberghieri,Italiani,,,,riservato
017053,Cigole,2020,Es. Extra-Alberghieri,Stranieri,,,,riservato
017053,Cigole,2020,Es. Extra-Alberghieri,Totale,,,,riservato
017053,Cigole,2020,Totale,Italiani,,,,riservato
017053,Cigole,2020,Totale,Stranieri,,,,riservato
017053,Cigole,2020,Totale,Totale,,,,riservato
017053,Cigole,2021,Es. Alberghieri,Italiani,,,,riservato
017053,Cigole,2021,Es. Alberghieri,Stranieri,,,,riservato
017053,Cigole,2021,Es. Alberghieri,Totale,,,,riservato
017053,Cigole,2021,Es. Extra-Alberghieri,Italiani,,,,riservato
017053,Cigole,2021,Es. Extra-Alberghieri,Stranieri,,,,riservato
017053,Cigole,2021,Es. Extra-Alberghieri,Totale,,,,riservato
017053,Cigole,2021,Totale,Italiani,,,,riservato
017053,Cigole,2021,Totale,Stranieri,,,,riservato
017053,Cigole,2021,Totale,Totale,,,,riservato
017053,Cigole,2022,Es. Alberghieri,Italiani,,,,riservato
017053,Cigole,2022,Es. Alberghieri,Stranieri,,,,riservato
017053,Cigole,2022,Es. Alberghieri,Totale,,,,riservato
017053,Cigole,2022,Es. Extra-Alberghieri,Italiani,,,,riservato
017053,Cigole,2022,Es. Extra-Alberghieri,Stranieri,,,,riservato
017053,Cigole,2022,Es. Extra-Alberghieri,Totale,,,,riservato
017053,Cigole,2022,Totale,Italiani,,,,riservato
017053,Cigole,2022,Totale,Stranieri,,,,riservato
017053,Cigole,2022,Totale,Totale,,,,riservato
017053,Cigole,2023,Es. Alberghieri,Italiani,,,,riservato
017053,Cigole,2023,Es. Alberghieri,Stranieri,,,,riservato
017053,Cigole,2023,Es. Alberghieri,Totale,,,,riservato
017053,Cigole,2023,Es. Extra-Alberghieri,Italiani,,,,riservato
017053,Cigole,2023,Es. Extra-Alberghieri,Stranieri,,,,riservato
017053,Cigole,2023,Es. Extra-Alberghieri,Totale,,,,riservato
017053,Cigole,2023,Totale,Italiani,,,,riservato
017053,Cigole,2023,Totale,Stranieri,,,,riservato
017053,Cigole,2023,Totale,Totale,,,,riservato
017053,Cigole,2024,Es. Alberghieri,Italiani,,,,riservato
017053,Cigole,2024,Es. Alberghieri,Stranieri,,,,riservato
017053,Cigole,2024,Es. Alberghieri,Totale,,,,riservato
017053,Cigole,2024,Es. Extra-Alberghieri,Italiani,,,,riservato
017053,Cigole,2024,Es. Extra-Alberghieri,Stranieri,,,,riservato
017053,Cigole,2024,Es. Extra-Alberghieri,Totale,,,,riservato
017053,Cigole,2024,Totale,Italiani,340,912,2.68,osservato
017053,Cigole,2024,Totale,Stranieri,432,727,1.68,osservato
017053,Cigole,2024,Totale,Totale,772,1639,2.12,osservato
017054,Cimbergo,2019,Es. Alberghieri,Italiani,,,,riservato
017054,Cimbergo,2019,Es. Alberghieri,Stranieri,,,,riservato
017054,Cimbergo,2019,Es. Alberghieri,Totale,,,,riservato
017054,Cimbergo,2019,Es. Extra-Alberghieri,Italiani,,,,riservato
017054,Cimbergo,2019,Es. Extra-Alberghieri,Stranieri,,,,riservato
017054,Cimbergo,2019,Es. Extra-Alberghieri,Totale,,,,riservato
017054,Cimbergo,2019,Totale,Italiani,,,,riservato
017054,Cimbergo,2019,Totale,Stranieri,,,,riservato
017054,Cimbergo,2019,Totale,Totale,,,,riservato
017054,Cimbergo,2020,Es. Alberghieri,Italiani,,,,riservato
017054,Cimbergo,2020,Es. Alberghieri,Stranieri,,,,riservato
017054,Cimbergo,2020,Es. Alberghieri,Totale,,,,riservato
017054,Cimbergo,2020,Es. Extra-Alberghieri,Italiani,,,,riservato
017054,Cimbergo,2020,Es. Extra-Alberghieri,Stranieri,,,,riservato
017054,Cimbergo,2020,Es. Extra-Alberghieri,Totale,,,,riservato
017054,Cimbergo,2020,Totale,Italiani,,,,riservato
017054,Cimbergo,2020,Totale,Stranieri,,,,riservato
017054,Cimbergo,2020,Totale,Totale,,,,riservato
017054,Cimbergo,2021,Es. Alberghieri,Italiani,,,,riservato
017054,Cimbergo,2021,Es. Alberghieri,Stranieri,,,,riservato
017054,Cimbergo,2021,Es. Alberghieri,Totale,,,,riservato
017054,Cimbergo,2021,Es. Extra-Alberghieri,Italiani,283,427,1.50,osservato
017054,Cimbergo,2021,Es. Extra-Alberghieri,Stranieri,68,83,1.20,osservato
017054,Cimbergo,2021,Es. Extra-Alberghieri,Totale,351,510,1.50,osservato
017054,Cimbergo,2021,Totale,Italiani,283,427,1.50,osservato
017054,Cimbergo,2021,Totale,Stranieri,68,83,1.20,osservato
017054,Cimbergo,2021,Totale,Totale,351,510,1.50,osservato
017054,Cimbergo,2022,Es. Alberghieri,Italiani,,,,riservato
017054,Cimbergo,2022,Es. Alberghieri,Stranieri,,,,riservato
017054,Cimbergo,2022,Es. Alberghieri,Totale,,,,riservato
017054,Cimbergo,2022,Es. Extra-Alberghieri,Italiani,387,725,1.90,osservato
017054,Cimbergo,2022,Es. Extra-Alberghieri,Stranieri,170,302,1.80,osservato
017054,Cimbergo,2022,Es. Extra-Alberghieri,Totale,557,1027,1.80,osservato
017054,Cimbergo,2022,Totale,Italiani,387,725,1.90,osservato
017054,Cimbergo,2022,Totale,Stranieri,170,302,1.80,osservato
017054,Cimbergo,2022,Totale,Totale,557,1027,1.80,osservato
017054,Cimbergo,2023,Es. Alberghieri,Italiani,,,,riservato
017054,Cimbergo,2023,Es. Alberghieri,Stranieri,,,,riservato
017054,Cimbergo,2023,Es. Alberghieri,Totale,,,,riservato
017054,Cimbergo,2023,Es. Extra-Alberghieri,Italiani,,,,riservato
017054,Cimbergo,2023,Es. Extra-Alberghieri,Stranieri,,,,riservato
017054,Cimbergo,2023,Es. Extra-Alberghieri,Totale,,,,riservato
017054,Cimbergo,2023,Totale,Italiani,548,1036,1.90,osservato
017054,Cimbergo,2023,Totale,Stranieri,198,335,1.70,osservato
017054,Cimbergo,2023,Totale,Totale,746,1371,1.80,osservato
017054,Cimbergo,2024,Es. Alberghieri,Italiani,,,,riservato
017054,Cimbergo,2024,Es. Alberghieri,Stranieri,,,,riservato
017054,Cimbergo,2024,Es. Alberghieri,Totale,,,,riservato
017054,Cimbergo,2024,Es. Extra-Alberghieri,Italiani,,,,riservato
017054,Cimbergo,2024,Es. Extra-Alberghieri,Stranieri,,,,riservato
017054,Cimbergo,2024,Es. Extra-Alberghieri,Totale,,,,riservato
017054,Cimbergo,2024,Totale,Italiani,813,2205,2.71,osservato
017054,Cimbergo,2024,Totale,Stranieri,416,819,1.97,osservato
017054,Cimbergo,2024,Totale,Totale,1229,3024,2.46,osservato
017055,Cividate Camuno,2019,Es. Alberghieri,Italiani,,,,riservato
017055,Cividate Camuno,2019,Es. Alberghieri,Stranieri,,,,riservato
017055,Cividate Camuno,2019,Es. Alberghieri,Totale,,,,riservato
017055,Cividate Camuno,2019,Es. Extra-Alberghieri,Italiani,,,,riservato
017055,Cividate Camuno,2019,Es. Extra-Alberghieri,Stranieri,,,,riservato
017055,Cividate Camuno,2019,Es. Extra-Alberghieri,Totale,,,,riservato
017055,Cividate Camuno,2019,Totale,Italiani,,,,riservato
017055,Cividate Camuno,2019,Totale,Stranieri,,,,riservato
017055,Cividate Camuno,2019,Totale,Totale,,,,riservato
017055,Cividate Camuno,2020,Es. Alberghieri,Italiani,,,,riservato
017055,Cividate Camuno,2020,Es. Alberghieri,Stranieri,,,,riservato
017055,Cividate Camuno,2020,Es. Alberghieri,Totale,,,,riservato
017055,Cividate Camuno,2020,Es. Extra-Alberghieri,Italiani,,,,riservato
017055,Cividate Camuno,2020,Es. Extra-Alberghieri,Stranieri,,,,riservato
017055,Cividate Camuno,2020,Es. Extra-Alberghieri,Totale,,,,riservato
017055,Cividate Camuno,2021,Es. Alberghieri,Italiani,,,,riservato
017055,Cividate Camuno,2021,Es. Alberghieri,Stranieri,,,,riservato
017055,Cividate Camuno,2021,Es. Alberghieri,Totale,,,,riservato
017055,Cividate Camuno,2021,Es. Extra-Alberghieri,Italiani,,,,riservato
017055,Cividate Camuno,2021,Es. Extra-Alberghieri,Stranieri,,,,riservato
017055,Cividate Camuno,2021,Es. Extra-Alberghieri,Totale,,,,riservato
017055,Cividate Camuno,2021,Totale,Italiani,1,7,7.00,osservato
017055,Cividate Camuno,2021,Totale,Stranieri,4,53,13.30,osservato
017055,Cividate Camuno,2021,Totale,Totale,5,60,12.00,osservato
017055,Cividate Camuno,2022,Es. Alberghieri,Italiani,,,,riservato
017055,Cividate Camuno,2022,Es. Alberghieri,Stranieri,,,,riservato
017055,Cividate Camuno,2022,Es. Alberghieri,Totale,,,,riservato
017055,Cividate Camuno,2022,Es. Extra-Alberghieri,Italiani,,,,riservato
017055,Cividate Camuno,2022,Es. Extra-Alberghieri,Stranieri,,,,riservato
017055,Cividate Camuno,2022,Es. Extra-Alberghieri,Totale,,,,riservato
017055,Cividate Camuno,2022,Totale,Italiani,,,,riservato
017055,Cividate Camuno,2022,Totale,Stranieri,,,,riservato
017055,Cividate Camuno,2022,Totale,Totale,,,,riservato
017055,Cividate Camuno,2023,Es. Alberghieri,Italiani,,,,riservato
017055,Cividate Camuno,2023,Es. Alberghieri,Stranieri,,,,riservato
017055,Cividate Camuno,2023,Es. Alberghieri,Totale,,,,riservato
017055,Cividate Camuno,2023,Es. Extra-Alberghieri,Italiani,,,,riservato
017055,Cividate Camuno,2023,Es. Extra-Alberghieri,Stranieri,,,,riservato
017055,Cividate Camuno,2023,Es. Extra-Alberghieri,Totale,,,,riservato
017055,Cividate Camuno,2023,Totale,Italiani,605,1167,1.90,osservato
017055,Cividate Camuno,2023,Totale,Stranieri,148,533,3.60,osservato
017055,Cividate Camuno,2023,Totale,Totale,753,1700,2.30,osservato
017055,Cividate Camuno,2024,Es. Alberghieri,Italiani,,,,riservato
017055,Cividate Camuno,2024,Es. Alberghieri,Stranieri,,,,riservato
017055,Cividate Camuno,2024,Es. Alberghieri,Totale,,,,riservato
017055,Cividate Camuno,2024,Es. Extra-Alberghieri,Italiani,,,,riservato
017055,Cividate Camuno,2024,Es. Extra-Alberghieri,Stranieri,,,,riservato
017055,Cividate Camuno,2024,Es. Extra-Alberghieri,Totale,,,,riservato
017055,Cividate Camuno,2024,Totale,Italiani,520,1216,2.34,osservato
017055,Cividate Camuno,2024,Totale,Stranieri,139,451,3.24,osservato
017055,Cividate Camuno,2024,Totale,Totale,659,1667,2.53,osservato
017056,Coccaglio,2019,Es. Alberghieri,Italiani,,,,riservato
017056,Coccaglio,2019,Es. Alberghieri,Stranieri,,,,riservato
017056,Coccaglio,2019,Es. Alberghieri,Totale,,,,riservato
017056,Coccaglio,2019,Es. Extra-Alberghieri,Italiani,,,,riservato
017056,Coccaglio,2019,Es. Extra-Alberghieri,Stranieri,,,,riservato
017056,Coccaglio,2019,Es. Extra-Alberghieri,Totale,,,,riservato
017056,Coccaglio,2019,Totale,Italiani,,,,riservato
017056,Coccaglio,2019,Totale,Stranieri,,,,riservato
017056,Coccaglio,2019,Totale,Totale,,,,riservato
017056,Coccaglio,2020,Es. Alberghieri,Italiani,,,,riservato
017056,Coccaglio,2020,Es. Alberghieri,Stranieri,,,,riservato
017056,Coccaglio,2020,Es. Alberghieri,Totale,,,,riservato
017056,Coccaglio,2020,Es. Extra-Alberghieri,Italiani,,,,riservato
017056,Coccaglio,2020,Es. Extra-Alberghieri,Stranieri,,,,riservato
017056,Coccaglio,2020,Es. Extra-Alberghieri,Totale,,,,riservato
017056,Coccaglio,2020,Totale,Italiani,,,,riservato
017056,Coccaglio,2020,Totale,Stranieri,,,,riservato
017056,Coccaglio,2020,Totale,Totale,,,,riservato
017056,Coccaglio,2021,Es. Alberghieri,Italiani,,,,riservato
017056,Coccaglio,2021,Es. Alberghieri,Stranieri,,,,riservato
017056,Coccaglio,2021,Es. Alberghieri,Totale,,,,riservato
017056,Coccaglio,2021,Es. Extra-Alberghieri,Italiani,,,,riservato
017056,Coccaglio,2021,Es. Extra-Alberghieri,Stranieri,,,,riservato
017056,Coccaglio,2021,Es. Extra-Alberghieri,Totale,,,,riservato
017056,Coccaglio,2021,Totale,Italiani,,,,riservato
017056,Coccaglio,2021,Totale,Stranieri,,,,riservato
017056,Coccaglio,2021,Totale,Totale,,,,riservato
017056,Coccaglio,2022,Es. Alberghieri,Italiani,,,,riservato
017056,Coccaglio,2022,Es. Alberghieri,Stranieri,,,,riservato
017056,Coccaglio,2022,Es. Alberghieri,Totale,,,,riservato
017056,Coccaglio,2022,Es. Extra-Alberghieri,Italiani,,,,riservato
017056,Coccaglio,2022,Es. Extra-Alberghieri,Stranieri,,,,riservato
017056,Coccaglio,2022,Es. Extra-Alberghieri,Totale,,,,riservato
017056,Coccaglio,2022,Totale,Italiani,,,,riservato
017056,Coccaglio,2022,Totale,Stranieri,,,,riservato
017056,Coccaglio,2022,Totale,Totale,,,,riservato
017056,Coccaglio,2023,Es. Alberghieri,Italiani,,,,riservato
017056,Coccaglio,2023,Es. Alberghieri,Stranieri,,,,riservato
017056,Coccaglio,2023,Es. Alberghieri,Totale,,,,riservato
017056,Coccaglio,2023,Es. Extra-Alberghieri,Italiani,,,,riservato
017056,Coccaglio,2023,Es. Extra-Alberghieri,Stranieri,,,,riservato
017056,Coccaglio,2023,Es. Extra-Alberghieri,Totale,,,,riservato
017056,Coccaglio,2023,Totale,Italiani,,,,riservato
017056,Coccaglio,2023,Totale,Stranieri,,,,riservato
017056,Coccaglio,2023,Totale,Totale,,,,riservato
017056,Coccaglio,2024,Es. Alberghieri,Italiani,,,,riservato
017056,Coccaglio,2024,Es. Alberghieri,Stranieri,,,,riservato
017056,Coccaglio,2024,Es. Alberghieri,Totale,,,,riservato
017056,Coccaglio,2024,Es. Extra-Alberghieri,Italiani,,,,riservato
017056,Coccaglio,2024,Es. Extra-Alberghieri,Stranieri,,,,riservato
017056,Coccaglio,2024,Es. Extra-Alberghieri,Totale,,,,riservato
017056,Coccaglio,2024,Totale,Italiani,,,,riservato
017056,Coccaglio,2024,Totale,Stranieri,,,,riservato
017056,Coccaglio,2024,Totale,Totale,,,,riservato
017057,Collebeato,2019,Es. Alberghieri,Italiani,,,,riservato
017057,Collebeato,2019,Es. Alberghieri,Stranieri,,,,riservato
017057,Collebeato,2019,Es. Alberghieri,Totale,,,,riservato
017057,Collebeato,2019,Es. Extra-Alberghieri,Italiani,,,,riservato
017057,Collebeato,2019,Es. Extra-Alberghieri,Stranieri,,,,riservato
017057,Collebeato,2019,Es. Extra-Alberghieri,Totale,,,,riservato
017057,Collebeato,2019,Totale,Italiani,,,,riservato
017057,Collebeato,2019,Totale,Stranieri,,,,riservato
017057,Collebeato,2019,Totale,Totale,,,,riservato
017057,Collebeato,2020,Es. Alberghieri,Italiani,,,,riservato
017057,Collebeato,2020,Es. Alberghieri,Stranieri,,,,riservato
017057,Collebeato,2020,Es. Alberghieri,Totale,,,,riservato
017057,Collebeato,2020,Es. Extra-Alberghieri,Italiani,,,,riservato
017057,Collebeato,2020,Es. Extra-Alberghieri,Stranieri,,,,riservato
017057,Collebeato,2020,Es. Extra-Alberghieri,Totale,,,,riservato
017057,Collebeato,2020,Totale,Italiani,,,,riservato
017057,Collebeato,2020,Totale,Stranieri,,,,riservato
017057,Collebeato,2020,Totale,Totale,,,,riservato
017057,Collebeato,2024,Es. Alberghieri,Italiani,,,,riservato
017057,Collebeato,2024,Es. Alberghieri,Stranieri,,,,riservato
017057,Collebeato,2024,Es. Alberghieri,Totale,,,,riservato
017057,Collebeato,2024,Es. Extra-Alberghieri,Italiani,,,,riservato
017057,Collebeato,2024,Es. Extra-Alberghieri,Stranieri,,,,riservato
017057,Collebeato,2024,Es. Extra-Alberghieri,Totale,,,,riservato
017057,Collebeato,2024,Totale,Italiani,,,,riservato
017057,Collebeato,2024,Totale,Stranieri,,,,riservato
017057,Collebeato,2024,Totale,Totale,,,,riservato
017058,Collio,2019,Es. Alberghieri,Italiani,,,,riservato
017058,Collio,2019,Es. Alberghieri,Stranieri,,,,riservato
017058,Collio,2019,Es. Alberghieri,Totale,,,,riservato
017058,Collio,2019,Es. Extra-Alberghieri,Italiani,,,,riservato
017058,Collio,2019,Es. Extra-Alberghieri,Stranieri,,,,riservato
017058,Collio,2019,Es. Extra-Alberghieri,Totale,,,,riservato
017058,Collio,2019,Totale,Italiani,2634,6648,2.50,osservato
017058,Collio,2019,Totale,Stranieri,670,2059,3.10,osservato
017058,Collio,2019,Totale,Totale,3304,8707,2.60,osservato
017058,Collio,2020,Es. Alberghieri,Italiani,,,,riservato
017058,Collio,2020,Es. Alberghieri,Stranieri,,,,riservato
017058,Collio,2020,Es. Alberghieri,Totale,,,,riservato
017058,Collio,2020,Es. Extra-Alberghieri,Italiani,,,,riservato
017058,Collio,2020,Es. Extra-Alberghieri,Stranieri,,,,riservato
017058,Collio,2020,Es. Extra-Alberghieri,Totale,,,,riservato
017058,Collio,2020,Totale,Italiani,1922,4147,2.20,osservato
017058,Collio,2020,Totale,Stranieri,275,828,3.00,osservato
017058,Collio,2020,Totale,Totale,2197,4975,2.30,osservato
017058,Collio,2021,Es. Alberghieri,Italiani,,,,riservato
017058,Collio,2021,Es. Alberghieri,Stranieri,,,,riservato
017058,Collio,2021,Es. Alberghieri,Totale,,,,riservato
017058,Collio,2021,Es. Extra-Alberghieri,Italiani,,,,riservato
017058,Collio,2021,Es. Extra-Alberghieri,Stranieri,,,,riservato
017058,Collio,2021,Es. Extra-Alberghieri,Totale,,,,riservato
017058,Collio,2021,Totale,Italiani,1624,3482,2.10,osservato
017058,Collio,2021,Totale,Stranieri,331,727,2.20,osservato
017058,Collio,2021,Totale,Totale,1955,4209,2.20,osservato
017058,Collio,2022,Es. Alberghieri,Italiani,,,,riservato
017058,Collio,2022,Es. Alberghieri,Stranieri,,,,riservato
017058,Collio,2022,Es. Alberghieri,Totale,,,,riservato
017058,Collio,2022,Es. Extra-Alberghieri,Italiani,,,,riservato
017058,Collio,2022,Es. Extra-Alberghieri,Stranieri,,,,riservato
017058,Collio,2022,Es. Extra-Alberghieri,Totale,,,,riservato
017058,Collio,2022,Totale,Italiani,2594,5005,1.90,osservato
017058,Collio,2022,Totale,Stranieri,706,1681,2.40,osservato
017058,Collio,2022,Totale,Totale,3300,6686,2.00,osservato
017058,Collio,2023,Es. Alberghieri,Italiani,3252,7757,2.40,osservato
017058,Collio,2023,Es. Alberghieri,Stranieri,583,1402,2.40,osservato
017058,Collio,2023,Es. Alberghieri,Totale,3835,9159,2.40,osservato
017058,Collio,2023,Es. Extra-Alberghieri,Italiani,27,33,1.20,osservato
017058,Collio,2023,Es. Extra-Alberghieri,Stranieri,0,0,,osservato
017058,Collio,2023,Es. Extra-Alberghieri,Totale,27,33,1.20,osservato
017058,Collio,2023,Totale,Italiani,3279,7790,2.40,osservato
017058,Collio,2023,Totale,Stranieri,583,1402,2.40,osservato
017058,Collio,2023,Totale,Totale,3862,9192,2.40,osservato
017058,Collio,2024,Es. Alberghieri,Italiani,,,,riservato
017058,Collio,2024,Es. Alberghieri,Stranieri,,,,riservato
017058,Collio,2024,Es. Alberghieri,Totale,,,,riservato
017058,Collio,2024,Es. Extra-Alberghieri,Italiani,,,,riservato
017058,Collio,2024,Es. Extra-Alberghieri,Stranieri,,,,riservato
017058,Collio,2024,Es. Extra-Alberghieri,Totale,,,,riservato
017058,Collio,2024,Totale,Italiani,4474,9600,2.15,osservato
017058,Collio,2024,Totale,Stranieri,622,1287,2.07,osservato
017058,Collio,2024,Totale,Totale,5096,10887,2.14,osservato
017059,Cologne,2019,Es. Alberghieri,Italiani,,,,riservato
017059,Cologne,2019,Es. Alberghieri,Stranieri,,,,riservato
017059,Cologne,2019,Es. Alberghieri,Totale,,,,riservato
017059,Cologne,2019,Es. Extra-Alberghieri,Italiani,,,,riservato
017059,Cologne,2019,Es. Extra-Alberghieri,Stranieri,,,,riservato
017059,Cologne,2019,Es. Extra-Alberghieri,Totale,,,,riservato
017059,Cologne,2019,Totale,Italiani,1018,1423,1.40,osservato
017059,Cologne,2019,Totale,Stranieri,278,448,1.60,osservato
017059,Cologne,2019,Totale,Totale,1296,1871,1.40,osservato
017059,Cologne,2020,Es. Alberghieri,Italiani,,,,riservato
017059,Cologne,2020,Es. Alberghieri,Stranieri,,,,riservato
017059,Cologne,2020,Es. Alberghieri,Totale,,,,riservato
017059,Cologne,2020,Es. Extra-Alberghieri,Italiani,,,,riservato
017059,Cologne,2020,Es. Extra-Alberghieri,Stranieri,,,,riservato
017059,Cologne,2020,Es. Extra-Alberghieri,Totale,,,,riservato
017059,Cologne,2020,Totale,Italiani,604,975,1.60,osservato
017059,Cologne,2020,Totale,Stranieri,85,135,1.60,osservato
017059,Cologne,2020,Totale,Totale,689,1110,1.60,osservato
017059,Cologne,2021,Es. Alberghieri,Italiani,,,,riservato
017059,Cologne,2021,Es. Alberghieri,Stranieri,,,,riservato
017059,Cologne,2021,Es. Alberghieri,Totale,,,,riservato
017059,Cologne,2021,Es. Extra-Alberghieri,Italiani,,,,riservato
017059,Cologne,2021,Es. Extra-Alberghieri,Stranieri,,,,riservato
017059,Cologne,2021,Es. Extra-Alberghieri,Totale,,,,riservato
017059,Cologne,2021,Totale,Italiani,1587,2164,1.40,osservato
017059,Cologne,2021,Totale,Stranieri,267,421,1.60,osservato
017059,Cologne,2021,Totale,Totale,1854,2585,1.40,osservato
017059,Cologne,2022,Es. Alberghieri,Italiani,,,,riservato
017059,Cologne,2022,Es. Alberghieri,Stranieri,,,,riservato
017059,Cologne,2022,Es. Alberghieri,Totale,,,,riservato
017059,Cologne,2022,Es. Extra-Alberghieri,Italiani,,,,riservato
017059,Cologne,2022,Es. Extra-Alberghieri,Stranieri,,,,riservato
017059,Cologne,2022,Es. Extra-Alberghieri,Totale,,,,riservato
017059,Cologne,2022,Totale,Italiani,1762,2627,1.50,osservato
017059,Cologne,2022,Totale,Stranieri,490,924,1.90,osservato
017059,Cologne,2022,Totale,Totale,2252,3551,1.60,osservato
017059,Cologne,2023,Es. Alberghieri,Italiani,,,,riservato
017059,Cologne,2023,Es. Alberghieri,Stranieri,,,,riservato
017059,Cologne,2023,Es. Alberghieri,Totale,,,,riservato
017059,Cologne,2023,Es. Extra-Alberghieri,Italiani,,,,riservato
017059,Cologne,2023,Es. Extra-Alberghieri,Stranieri,,,,riservato
017059,Cologne,2023,Es. Extra-Alberghieri,Totale,,,,riservato
017059,Cologne,2023,Totale,Italiani,1312,2044,1.60,osservato
017059,Cologne,2023,Totale,Stranieri,372,662,1.80,osservato
017059,Cologne,2023,Totale,Totale,1684,2706,1.60,osservato
017059,Cologne,2024,Es. Alberghieri,Italiani,,,,riservato
017059,Cologne,2024,Es. Alberghieri,Stranieri,,,,riservato
017059,Cologne,2024,Es. Alberghieri,Totale,,,,riservato
017059,Cologne,2024,Es. Extra-Alberghieri,Italiani,,,,riservato
017059,Cologne,2024,Es. Extra-Alberghieri,Stranieri,,,,riservato
017059,Cologne,2024,Es. Extra-Alberghieri,Totale,,,,riservato
017059,Cologne,2024,Totale,Italiani,1193,1964,1.65,osservato
017059,Cologne,2024,Totale,Stranieri,285,445,1.56,osservato
017059,Cologne,2024,Totale,Totale,1478,2409,1.63,osservato
017061,Concesio,2019,Es. Alberghieri,Italiani,,,,riservato
017061,Concesio,2019,Es. Alberghieri,Stranieri,,,,riservato
017061,Concesio,2019,Es. Alberghieri,Totale,,,,riservato
017061,Concesio,2019,Es. Extra-Alberghieri,Italiani,,,,riservato
017061,Concesio,2019,Es. Extra-Alberghieri,Stranieri,,,,riservato
017061,Concesio,2019,Es. Extra-Alberghieri,Totale,,,,riservato
017061,Concesio,2019,Totale,Italiani,220,610,2.80,osservato
017061,Concesio,2019,Totale,Stranieri,50,175,3.50,osservato
017061,Concesio,2019,Totale,Totale,270,785,2.90,osservato
017061,Concesio,2020,Es. Extra-Alberghieri,Italiani,160,346,2.20,osservato
017061,Concesio,2020,Es. Extra-Alberghieri,Stranieri,7,7,1.00,osservato
017061,Concesio,2020,Es. Extra-Alberghieri,Totale,167,353,2.10,osservato
017061,Concesio,2020,Totale,Italiani,160,346,2.20,osservato
017061,Concesio,2020,Totale,Stranieri,7,7,1.00,osservato
017061,Concesio,2020,Totale,Totale,167,353,2.10,osservato
017061,Concesio,2021,Es. Alberghieri,Italiani,,,,riservato
017061,Concesio,2021,Es. Alberghieri,Stranieri,,,,riservato
017061,Concesio,2021,Es. Alberghieri,Totale,,,,riservato
017061,Concesio,2021,Es. Extra-Alberghieri,Italiani,177,477,2.70,osservato
017061,Concesio,2021,Es. Extra-Alberghieri,Stranieri,26,81,3.10,osservato
017061,Concesio,2021,Es. Extra-Alberghieri,Totale,203,558,2.70,osservato
017061,Concesio,2021,Totale,Italiani,177,477,2.70,osservato
017061,Concesio,2021,Totale,Stranieri,26,81,3.10,osservato
017061,Concesio,2021,Totale,Totale,203,558,2.70,osservato
017061,Concesio,2022,Es. Alberghieri,Italiani,,,,riservato
017061,Concesio,2022,Es. Alberghieri,Stranieri,,,,riservato
017061,Concesio,2022,Es. Alberghieri,Totale,,,,riservato
017061,Concesio,2022,Es. Extra-Alberghieri,Italiani,107,624,5.80,osservato
017061,Concesio,2022,Es. Extra-Alberghieri,Stranieri,14,167,11.90,osservato
017061,Concesio,2022,Es. Extra-Alberghieri,Totale,121,791,6.50,osservato
017061,Concesio,2022,Totale,Italiani,107,624,5.80,osservato
017061,Concesio,2022,Totale,Stranieri,14,167,11.90,osservato
017061,Concesio,2022,Totale,Totale,121,791,6.50,osservato
017061,Concesio,2023,Es. Alberghieri,Italiani,,,,riservato
017061,Concesio,2023,Es. Alberghieri,Stranieri,,,,riservato
017061,Concesio,2023,Es. Alberghieri,Totale,,,,riservato
017061,Concesio,2023,Es. Extra-Alberghieri,Italiani,,,,riservato
017061,Concesio,2023,Es. Extra-Alberghieri,Stranieri,,,,riservato
017061,Concesio,2023,Es. Extra-Alberghieri,Totale,,,,riservato
017061,Concesio,2023,Totale,Italiani,183,657,3.60,osservato
017061,Concesio,2023,Totale,Stranieri,89,220,2.50,osservato
017061,Concesio,2023,Totale,Totale,272,877,3.20,osservato
017061,Concesio,2024,Es. Alberghieri,Italiani,,,,riservato
017061,Concesio,2024,Es. Alberghieri,Stranieri,,,,riservato
017061,Concesio,2024,Es. Alberghieri,Totale,,,,riservato
017061,Concesio,2024,Es. Extra-Alberghieri,Italiani,,,,riservato
017061,Concesio,2024,Es. Extra-Alberghieri,Stranieri,,,,riservato
017061,Concesio,2024,Es. Extra-Alberghieri,Totale,,,,riservato
017061,Concesio,2024,Totale,Italiani,146,1352,9.26,osservato
017061,Concesio,2024,Totale,Stranieri,58,384,6.62,osservato
017061,Concesio,2024,Totale,Totale,204,1736,8.51,osservato
017062,Corte Franca,2019,Es. Alberghieri,Italiani,,,,riservato
017062,Corte Franca,2019,Es. Alberghieri,Stranieri,,,,riservato
017062,Corte Franca,2019,Es. Alberghieri,Totale,,,,riservato
017062,Corte Franca,2019,Es. Extra-Alberghieri,Italiani,,,,riservato
017062,Corte Franca,2019,Es. Extra-Alberghieri,Stranieri,,,,riservato
017062,Corte Franca,2019,Es. Extra-Alberghieri,Totale,,,,riservato
017062,Corte Franca,2019,Totale,Italiani,11242,16273,1.40,osservato
017062,Corte Franca,2019,Totale,Stranieri,4573,9608,2.10,osservato
017062,Corte Franca,2019,Totale,Totale,15815,25881,1.60,osservato
017062,Corte Franca,2020,Es. Alberghieri,Italiani,,,,riservato
017062,Corte Franca,2020,Es. Alberghieri,Stranieri,,,,riservato
017062,Corte Franca,2020,Es. Alberghieri,Totale,,,,riservato
017062,Corte Franca,2020,Es. Extra-Alberghieri,Italiani,,,,riservato
017062,Corte Franca,2020,Es. Extra-Alberghieri,Stranieri,,,,riservato
017062,Corte Franca,2020,Es. Extra-Alberghieri,Totale,,,,riservato
017062,Corte Franca,2020,Totale,Italiani,5012,11259,2.20,osservato
017062,Corte Franca,2020,Totale,Stranieri,985,3077,3.10,osservato
017062,Corte Franca,2020,Totale,Totale,5997,14336,2.40,osservato
017062,Corte Franca,2021,Es. Alberghieri,Italiani,,,,riservato
017062,Corte Franca,2021,Es. Alberghieri,Stranieri,,,,riservato
017062,Corte Franca,2021,Es. Alberghieri,Totale,,,,riservato
017062,Corte Franca,2021,Es. Extra-Alberghieri,Italiani,,,,riservato
017062,Corte Franca,2021,Es. Extra-Alberghieri,Stranieri,,,,riservato
017062,Corte Franca,2021,Es. Extra-Alberghieri,Totale,,,,riservato
017062,Corte Franca,2021,Totale,Italiani,11140,15325,1.40,osservato
017062,Corte Franca,2021,Totale,Stranieri,2954,6286,2.10,osservato
017062,Corte Franca,2021,Totale,Totale,14094,21611,1.50,osservato
017062,Corte Franca,2022,Es. Alberghieri,Italiani,,,,riservato
017062,Corte Franca,2022,Es. Alberghieri,Stranieri,,,,riservato
017062,Corte Franca,2022,Es. Alberghieri,Totale,,,,riservato
017062,Corte Franca,2022,Es. Extra-Alberghieri,Italiani,,,,riservato
017062,Corte Franca,2022,Es. Extra-Alberghieri,Stranieri,,,,riservato
017062,Corte Franca,2022,Es. Extra-Alberghieri,Totale,,,,riservato
017062,Corte Franca,2022,Totale,Italiani,15943,21496,1.30,osservato
017062,Corte Franca,2022,Totale,Stranieri,5726,11659,2.00,osservato
017062,Corte Franca,2022,Totale,Totale,21669,33155,1.50,osservato
017062,Corte Franca,2023,Es. Alberghieri,Italiani,,,,riservato
017062,Corte Franca,2023,Es. Alberghieri,Stranieri,,,,riservato
017062,Corte Franca,2023,Es. Alberghieri,Totale,,,,riservato
017062,Corte Franca,2023,Es. Extra-Alberghieri,Italiani,,,,riservato
017062,Corte Franca,2023,Es. Extra-Alberghieri,Stranieri,,,,riservato
017062,Corte Franca,2023,Es. Extra-Alberghieri,Totale,,,,riservato
017062,Corte Franca,2023,Totale,Italiani,17978,24909,1.40,osservato
017062,Corte Franca,2023,Totale,Stranieri,7343,14940,2.00,osservato
017062,Corte Franca,2023,Totale,Totale,25321,39849,1.60,osservato
017062,Corte Franca,2024,Es. Alberghieri,Italiani,,,,riservato
017062,Corte Franca,2024,Es. Alberghieri,Stranieri,,,,riservato
017062,Corte Franca,2024,Es. Alberghieri,Totale,,,,riservato
017062,Corte Franca,2024,Es. Extra-Alberghieri,Italiani,,,,riservato
017062,Corte Franca,2024,Es. Extra-Alberghieri,Stranieri,,,,riservato
017062,Corte Franca,2024,Es. Extra-Alberghieri,Totale,,,,riservato
017062,Corte Franca,2024,Totale,Italiani,15834,22737,1.44,osservato
017062,Corte Franca,2024,Totale,Stranieri,7344,16137,2.20,osservato
017062,Corte Franca,2024,Totale,Totale,23178,38874,1.68,osservato
017063,Corteno Golgi,2019,Es. Alberghieri,Italiani,5027,18544,3.70,osservato
017063,Corteno Golgi,2019,Es. Alberghieri,Stranieri,2396,11501,4.80,osservato
017063,Corteno Golgi,2019,Es. Alberghieri,Totale,7423,30045,4.00,osservato
017063,Corteno Golgi,2019,Es. Extra-Alberghieri,Italiani,3719,17067,4.60,osservato
017063,Corteno Golgi,2019,Es. Extra-Alberghieri,Stranieri,665,1684,2.50,osservato
017063,Corteno Golgi,2019,Es. Extra-Alberghieri,Totale,4384,18751,4.30,osservato
017063,Corteno Golgi,2019,Totale,Italiani,8746,35611,4.10,osservato
017063,Corteno Golgi,2019,Totale,Stranieri,3061,13185,4.30,osservato
017063,Corteno Golgi,2019,Totale,Totale,11807,48796,4.10,osservato
017063,Corteno Golgi,2020,Es. Alberghieri,Italiani,2568,10653,4.10,osservato
017063,Corteno Golgi,2020,Es. Alberghieri,Stranieri,1146,6932,6.00,osservato
017063,Corteno Golgi,2020,Es. Alberghieri,Totale,3714,17585,4.70,osservato
017063,Corteno Golgi,2020,Es. Extra-Alberghieri,Italiani,2283,11610,5.10,osservato
017063,Corteno Golgi,2020,Es. Extra-Alberghieri,Stranieri,417,1619,3.90,osservato
017063,Corteno Golgi,2020,Es. Extra-Alberghieri,Totale,2700,13229,4.90,osservato
017063,Corteno Golgi,2020,Totale,Italiani,4851,22263,4.60,osservato
017063,Corteno Golgi,2020,Totale,Stranieri,1563,8551,5.50,osservato
017063,Corteno Golgi,2020,Totale,Totale,6414,30814,4.80,osservato
017063,Corteno Golgi,2021,Es. Alberghieri,Italiani,4726,33891,7.20,osservato
017063,Corteno Golgi,2021,Es. Alberghieri,Stranieri,796,1824,2.30,osservato
017063,Corteno Golgi,2021,Es. Alberghieri,Totale,5522,35715,6.50,osservato
017063,Corteno Golgi,2021,Es. Extra-Alberghieri,Italiani,3000,10494,3.50,osservato
017063,Corteno Golgi,2021,Es. Extra-Alberghieri,Stranieri,432,936,2.20,osservato
017063,Corteno Golgi,2021,Es. Extra-Alberghieri,Totale,3432,11430,3.30,osservato
017063,Corteno Golgi,2021,Totale,Italiani,7726,44385,5.70,osservato
017063,Corteno Golgi,2021,Totale,Stranieri,1228,2760,2.20,osservato
017063,Corteno Golgi,2021,Totale,Totale,8954,47145,5.30,osservato
017063,Corteno Golgi,2022,Es. Alberghieri,Italiani,5695,18941,3.30,osservato
017063,Corteno Golgi,2022,Es. Alberghieri,Stranieri,3495,13271,3.80,osservato
017063,Corteno Golgi,2022,Es. Alberghieri,Totale,9190,32212,3.50,osservato
017063,Corteno Golgi,2022,Es. Extra-Alberghieri,Italiani,4824,19351,4.00,osservato
017063,Corteno Golgi,2022,Es. Extra-Alberghieri,Stranieri,758,1599,2.10,osservato
017063,Corteno Golgi,2022,Es. Extra-Alberghieri,Totale,5582,20950,3.80,osservato
017063,Corteno Golgi,2022,Totale,Italiani,10519,38292,3.60,osservato
017063,Corteno Golgi,2022,Totale,Stranieri,4253,14870,3.50,osservato
017063,Corteno Golgi,2022,Totale,Totale,14772,53162,3.60,osservato
017063,Corteno Golgi,2023,Es. Alberghieri,Italiani,7661,31534,4.10,osservato
017063,Corteno Golgi,2023,Es. Alberghieri,Stranieri,3401,16604,4.90,osservato
017063,Corteno Golgi,2023,Es. Alberghieri,Totale,11062,48138,4.40,osservato
017063,Corteno Golgi,2023,Es. Extra-Alberghieri,Italiani,6072,25743,4.20,osservato
017063,Corteno Golgi,2023,Es. Extra-Alberghieri,Stranieri,899,2552,2.80,osservato
017063,Corteno Golgi,2023,Es. Extra-Alberghieri,Totale,6971,28295,4.10,osservato
017063,Corteno Golgi,2023,Totale,Italiani,13733,57277,4.20,osservato
017063,Corteno Golgi,2023,Totale,Stranieri,4300,19156,4.50,osservato
017063,Corteno Golgi,2023,Totale,Totale,18033,76433,4.20,osservato
017063,Corteno Golgi,2024,Es. Alberghieri,Italiani,7979,28781,3.61,osservato
017063,Corteno Golgi,2024,Es. Alberghieri,Stranieri,3856,18434,4.78,osservato
017063,Corteno Golgi,2024,Es. Alberghieri,Totale,11835,47215,3.99,osservato
017063,Corteno Golgi,2024,Es. Extra-Alberghieri,Italiani,6928,29712,4.29,osservato
017063,Corteno Golgi,2024,Es. Extra-Alberghieri,Stranieri,1295,3719,2.87,osservato
017063,Corteno Golgi,2024,Es. Extra-Alberghieri,Totale,8223,33431,4.07,osservato
017063,Corteno Golgi,2024,Totale,Italiani,14907,58493,3.92,osservato
017063,Corteno Golgi,2024,Totale,Stranieri,5151,22153,4.30,osservato
017063,Corteno Golgi,2024,Totale,Totale,20058,80646,4.02,osservato
017064,Corzano,2019,Es. Alberghieri,Italiani,,,,riservato
017064,Corzano,2019,Es. Alberghieri,Stranieri,,,,riservato
017064,Corzano,2019,Es. Alberghieri,Totale,,,,riservato
017064,Corzano,2019,Es. Extra-Alberghieri,Italiani,,,,riservato
017064,Corzano,2019,Es. Extra-Alberghieri,Stranieri,,,,riservato
017064,Corzano,2019,Es. Extra-Alberghieri,Totale,,,,riservato
017064,Corzano,2019,Totale,Italiani,,,,riservato
017064,Corzano,2019,Totale,Stranieri,,,,riservato
017064,Corzano,2019,Totale,Totale,,,,riservato
017064,Corzano,2020,Es. Alberghieri,Italiani,,,,riservato
017064,Corzano,2020,Es. Alberghieri,Stranieri,,,,riservato
017064,Corzano,2020,Es. Alberghieri,Totale,,,,riservato
017064,Corzano,2020,Es. Extra-Alberghieri,Italiani,,,,riservato
017064,Corzano,2020,Es. Extra-Alberghieri,Stranieri,,,,riservato
017064,Corzano,2020,Es. Extra-Alberghieri,Totale,,,,riservato
017064,Corzano,2020,Totale,Italiani,,,,riservato
017064,Corzano,2020,Totale,Stranieri,,,,riservato
017064,Corzano,2020,Totale,Totale,,,,riservato
017064,Corzano,2021,Es. Alberghieri,Italiani,,,,riservato
017064,Corzano,2021,Es. Alberghieri,Stranieri,,,,riservato
017064,Corzano,2021,Es. Alberghieri,Totale,,,,riservato
017064,Corzano,2021,Es. Extra-Alberghieri,Italiani,,,,riservato
017064,Corzano,2021,Es. Extra-Alberghieri,Stranieri,,,,riservato
017064,Corzano,2021,Es. Extra-Alberghieri,Totale,,,,riservato
017064,Corzano,2021,Totale,Italiani,,,,riservato
017064,Corzano,2021,Totale,Stranieri,,,,riservato
017064,Corzano,2021,Totale,Totale,,,,riservato
017064,Corzano,2022,Es. Alberghieri,Italiani,,,,riservato
017064,Corzano,2022,Es. Alberghieri,Stranieri,,,,riservato
017064,Corzano,2022,Es. Alberghieri,Totale,,,,riservato
017064,Corzano,2022,Es. Extra-Alberghieri,Italiani,,,,riservato
017064,Corzano,2022,Es. Extra-Alberghieri,Stranieri,,,,riservato
017064,Corzano,2022,Es. Extra-Alberghieri,Totale,,,,riservato
017064,Corzano,2022,Totale,Italiani,,,,riservato
017064,Corzano,2022,Totale,Stranieri,,,,riservato
017064,Corzano,2022,Totale,Totale,,,,riservato
017064,Corzano,2023,Es. Alberghieri,Italiani,,,,riservato
017064,Corzano,2023,Es. Alberghieri,Stranieri,,,,riservato
017064,Corzano,2023,Es. Alberghieri,Totale,,,,riservato
017064,Corzano,2023,Es. Extra-Alberghieri,Italiani,,,,riservato
017064,Corzano,2023,Es. Extra-Alberghieri,Stranieri,,,,riservato
017064,Corzano,2023,Es. Extra-Alberghieri,Totale,,,,riservato
017064,Corzano,2023,Totale,Italiani,,,,riservato
017064,Corzano,2023,Totale,Stranieri,,,,riservato
017064,Corzano,2023,Totale,Totale,,,,riservato
017064,Corzano,2024,Es. Alberghieri,Italiani,,,,riservato
017064,Corzano,2024,Es. Alberghieri,Stranieri,,,,riservato
017064,Corzano,2024,Es. Alberghieri,Totale,,,,riservato
017064,Corzano,2024,Es. Extra-Alberghieri,Italiani,,,,riservato
017064,Corzano,2024,Es. Extra-Alberghieri,Stranieri,,,,riservato
017064,Corzano,2024,Es. Extra-Alberghieri,Totale,,,,riservato
017064,Corzano,2024,Totale,Italiani,,,,riservato
017064,Corzano,2024,Totale,Stranieri,,,,riservato
017064,Corzano,2024,Totale,Totale,,,,riservato
017065,Darfo Boario Terme,2019,Es. Alberghieri,Italiani,29233,105187,3.60,osservato
017065,Darfo Boario Terme,2019,Es. Alberghieri,Stranieri,5237,18459,3.50,osservato
017065,Darfo Boario Terme,2019,Es. Alberghieri,Totale,34470,123646,3.60,osservato
017065,Darfo Boario Terme,2019,Es. Extra-Alberghieri,Italiani,1953,8537,4.40,osservato
017065,Darfo Boario Terme,2019,Es. Extra-Alberghieri,Stranieri,233,1369,5.90,osservato
017065,Darfo Boario Terme,2019,Es. Extra-Alberghieri,Totale,2186,9906,4.50,osservato
017065,Darfo Boario Terme,2019,Totale,Italiani,31186,113724,3.60,osservato
017065,Darfo Boario Terme,2019,Totale,Stranieri,5470,19828,3.60,osservato
017065,Darfo Boario Terme,2019,Totale,Totale,36656,133552,3.60,osservato
017065,Darfo Boario Terme,2020,Es. Alberghieri,Italiani,9726,30539,3.10,osservato
017065,Darfo Boario Terme,2020,Es. Alberghieri,Stranieri,1274,6561,5.10,osservato
017065,Darfo Boario Terme,2020,Es. Alberghieri,Totale,11000,37100,3.40,osservato
017065,Darfo Boario Terme,2020,Es. Extra-Alberghieri,Italiani,1023,9162,9.00,osservato
017065,Darfo Boario Terme,2020,Es. Extra-Alberghieri,Stranieri,131,1251,9.50,osservato
017065,Darfo Boario Terme,2020,Es. Extra-Alberghieri,Totale,1154,10413,9.00,osservato
017065,Darfo Boario Terme,2020,Totale,Italiani,10749,39701,3.70,osservato
017065,Darfo Boario Terme,2020,Totale,Stranieri,1405,7812,5.60,osservato
017065,Darfo Boario Terme,2020,Totale,Totale,12154,47513,3.90,osservato
017065,Darfo Boario Terme,2021,Es. Alberghieri,Italiani,19466,56828,2.90,osservato
017065,Darfo Boario Terme,2021,Es. Alberghieri,Stranieri,2383,6564,2.80,osservato
017065,Darfo Boario Terme,2021,Es. Alberghieri,Totale,21849,63392,2.90,osservato
017065,Darfo Boario Terme,2021,Es. Extra-Alberghieri,Italiani,1566,9591,6.10,osservato
017065,Darfo Boario Terme,2021,Es. Extra-Alberghieri,Stranieri,193,2489,12.90,osservato
017065,Darfo Boario Terme,2021,Es. Extra-Alberghieri,Totale,1759,12080,6.90,osservato
017065,Darfo Boario Terme,2021,Totale,Italiani,21032,66419,3.20,osservato
017065,Darfo Boario Terme,2021,Totale,Stranieri,2576,9053,3.50,osservato
017065,Darfo Boario Terme,2021,Totale,Totale,23608,75472,3.20,osservato
017065,Darfo Boario Terme,2022,Es. Alberghieri,Italiani,28872,83569,2.90,osservato
017065,Darfo Boario Terme,2022,Es. Alberghieri,Stranieri,4938,17482,3.50,osservato
017065,Darfo Boario Terme,2022,Es. Alberghieri,Totale,33810,101051,3.00,osservato
017065,Darfo Boario Terme,2022,Es. Extra-Alberghieri,Italiani,1619,8825,5.50,osservato
017065,Darfo Boario Terme,2022,Es. Extra-Alberghieri,Stranieri,310,5988,19.30,osservato
017065,Darfo Boario Terme,2022,Es. Extra-Alberghieri,Totale,1929,14813,7.70,osservato
017065,Darfo Boario Terme,2022,Totale,Italiani,30491,92394,3.00,osservato
017065,Darfo Boario Terme,2022,Totale,Stranieri,5248,23470,4.50,osservato
017065,Darfo Boario Terme,2022,Totale,Totale,35739,115864,3.20,osservato
017065,Darfo Boario Terme,2023,Es. Alberghieri,Italiani,30107,84148,2.80,osservato
017065,Darfo Boario Terme,2023,Es. Alberghieri,Stranieri,6828,25367,3.70,osservato
017065,Darfo Boario Terme,2023,Es. Alberghieri,Totale,36935,109515,3.00,osservato
017065,Darfo Boario Terme,2023,Es. Extra-Alberghieri,Italiani,1313,7096,5.40,osservato
017065,Darfo Boario Terme,2023,Es. Extra-Alberghieri,Stranieri,514,4204,8.20,osservato
017065,Darfo Boario Terme,2023,Es. Extra-Alberghieri,Totale,1827,11300,6.20,osservato
017065,Darfo Boario Terme,2023,Totale,Italiani,31420,91244,2.90,osservato
017065,Darfo Boario Terme,2023,Totale,Stranieri,7342,29571,4.00,osservato
017065,Darfo Boario Terme,2023,Totale,Totale,38762,120815,3.10,osservato
017065,Darfo Boario Terme,2024,Es. Alberghieri,Italiani,27307,78025,2.86,osservato
017065,Darfo Boario Terme,2024,Es. Alberghieri,Stranieri,8489,31595,3.72,osservato
017065,Darfo Boario Terme,2024,Es. Alberghieri,Totale,35796,109620,3.06,osservato
017065,Darfo Boario Terme,2024,Es. Extra-Alberghieri,Italiani,1663,12296,7.39,osservato
017065,Darfo Boario Terme,2024,Es. Extra-Alberghieri,Stranieri,784,5273,6.73,osservato
017065,Darfo Boario Terme,2024,Es. Extra-Alberghieri,Totale,2447,17569,7.18,osservato
017065,Darfo Boario Terme,2024,Totale,Italiani,28970,90321,3.12,osservato
017065,Darfo Boario Terme,2024,Totale,Stranieri,9273,36868,3.98,osservato
017065,Darfo Boario Terme,2024,Totale,Totale,38243,127189,3.33,osservato
017066,Dello,2019,Es. Alberghieri,Italiani,,,,riservato
017066,Dello,2019,Es. Alberghieri,Stranieri,,,,riservato
017066,Dello,2019,Es. Alberghieri,Totale,,,,riservato
017066,Dello,2019,Es. Extra-Alberghieri,Italiani,,,,riservato
017066,Dello,2019,Es. Extra-Alberghieri,Stranieri,,,,riservato
017066,Dello,2019,Es. Extra-Alberghieri,Totale,,,,riservato
017066,Dello,2019,Totale,Italiani,,,,riservato
017066,Dello,2019,Totale,Stranieri,,,,riservato
017066,Dello,2019,Totale,Totale,,,,riservato
017066,Dello,2020,Es. Alberghieri,Italiani,,,,riservato
017066,Dello,2020,Es. Alberghieri,Stranieri,,,,riservato
017066,Dello,2020,Es. Alberghieri,Totale,,,,riservato
017066,Dello,2020,Es. Extra-Alberghieri,Italiani,,,,riservato
017066,Dello,2020,Es. Extra-Alberghieri,Stranieri,,,,riservato
017066,Dello,2020,Es. Extra-Alberghieri,Totale,,,,riservato
017066,Dello,2020,Totale,Italiani,210,1576,7.50,osservato
017066,Dello,2020,Totale,Stranieri,26,193,7.40,osservato
017066,Dello,2020,Totale,Totale,236,1769,7.50,osservato
017066,Dello,2021,Es. Alberghieri,Italiani,,,,riservato
017066,Dello,2021,Es. Alberghieri,Stranieri,,,,riservato
017066,Dello,2021,Es. Alberghieri,Totale,,,,riservato
017066,Dello,2021,Es. Extra-Alberghieri,Italiani,,,,riservato
017066,Dello,2021,Es. Extra-Alberghieri,Stranieri,,,,riservato
017066,Dello,2021,Es. Extra-Alberghieri,Totale,,,,riservato
017066,Dello,2021,Totale,Italiani,,,,riservato
017066,Dello,2021,Totale,Stranieri,,,,riservato
017066,Dello,2021,Totale,Totale,,,,riservato
017066,Dello,2022,Es. Alberghieri,Italiani,,,,riservato
017066,Dello,2022,Es. Alberghieri,Stranieri,,,,riservato
017066,Dello,2022,Es. Alberghieri,Totale,,,,riservato
017066,Dello,2022,Es. Extra-Alberghieri,Italiani,,,,riservato
017066,Dello,2022,Es. Extra-Alberghieri,Stranieri,,,,riservato
017066,Dello,2022,Es. Extra-Alberghieri,Totale,,,,riservato
017066,Dello,2022,Totale,Italiani,982,3105,3.20,osservato
017066,Dello,2022,Totale,Stranieri,258,580,2.20,osservato
017066,Dello,2022,Totale,Totale,1240,3685,3.00,osservato
017066,Dello,2023,Es. Alberghieri,Italiani,,,,riservato
017066,Dello,2023,Es. Alberghieri,Stranieri,,,,riservato
017066,Dello,2023,Es. Alberghieri,Totale,,,,riservato
017066,Dello,2023,Es. Extra-Alberghieri,Italiani,,,,riservato
017066,Dello,2023,Es. Extra-Alberghieri,Stranieri,,,,riservato
017066,Dello,2023,Es. Extra-Alberghieri,Totale,,,,riservato
017066,Dello,2023,Totale,Italiani,1604,4449,2.80,osservato
017066,Dello,2023,Totale,Stranieri,764,1930,2.50,osservato
017066,Dello,2023,Totale,Totale,2368,6379,2.70,osservato
017066,Dello,2024,Es. Alberghieri,Italiani,,,,riservato
017066,Dello,2024,Es. Alberghieri,Stranieri,,,,riservato
017066,Dello,2024,Es. Alberghieri,Totale,,,,riservato
017066,Dello,2024,Es. Extra-Alberghieri,Italiani,,,,riservato
017066,Dello,2024,Es. Extra-Alberghieri,Stranieri,,,,riservato
017066,Dello,2024,Es. Extra-Alberghieri,Totale,,,,riservato
017066,Dello,2024,Totale,Italiani,1851,5652,3.05,osservato
017066,Dello,2024,Totale,Stranieri,743,1723,2.32,osservato
017066,Dello,2024,Totale,Totale,2594,7375,2.84,osservato
017067,Desenzano del Garda,2019,Es. Alberghieri,Italiani,98129,160225,1.60,osservato
017067,Desenzano del Garda,2019,Es. Alberghieri,Stranieri,119926,374153,3.10,osservato
017067,Desenzano del Garda,2019,Es. Alberghieri,Totale,218055,534378,2.50,osservato
017067,Desenzano del Garda,2019,Es. Extra-Alberghieri,Italiani,37885,97919,2.60,osservato
017067,Desenzano del Garda,2019,Es. Extra-Alberghieri,Stranieri,72402,354680,4.90,osservato
017067,Desenzano del Garda,2019,Es. Extra-Alberghieri,Totale,110287,452599,4.10,osservato
017067,Desenzano del Garda,2019,Totale,Italiani,136014,258144,1.90,osservato
017067,Desenzano del Garda,2019,Totale,Stranieri,192328,728833,3.80,osservato
017067,Desenzano del Garda,2019,Totale,Totale,328342,986977,3.00,osservato
017067,Desenzano del Garda,2020,Es. Alberghieri,Italiani,62036,121282,2.00,osservato
017067,Desenzano del Garda,2020,Es. Alberghieri,Stranieri,38179,125296,3.30,osservato
017067,Desenzano del Garda,2020,Es. Alberghieri,Totale,100215,246578,2.50,osservato
017067,Desenzano del Garda,2020,Es. Extra-Alberghieri,Italiani,31038,90481,2.90,osservato
017067,Desenzano del Garda,2020,Es. Extra-Alberghieri,Stranieri,23779,116187,4.90,osservato
017067,Desenzano del Garda,2020,Es. Extra-Alberghieri,Totale,54817,206668,3.80,osservato
017067,Desenzano del Garda,2020,Totale,Italiani,93074,211763,2.30,osservato
017067,Desenzano del Garda,2020,Totale,Stranieri,61958,241483,3.90,osservato
017067,Desenzano del Garda,2020,Totale,Totale,155032,453246,2.90,osservato
017067,Desenzano del Garda,2021,Es. Alberghieri,Italiani,71718,152854,2.10,osservato
017067,Desenzano del Garda,2021,Es. Alberghieri,Stranieri,60912,229987,3.80,osservato
017067,Desenzano del Garda,2021,Es. Alberghieri,Totale,132630,382841,2.90,osservato
017067,Desenzano del Garda,2021,Es. Extra-Alberghieri,Italiani,39089,104692,2.70,osservato
017067,Desenzano del Garda,2021,Es. Extra-Alberghieri,Stranieri,51677,256840,5.00,osservato
017067,Desenzano del Garda,2021,Es. Extra-Alberghieri,Totale,90766,361532,4.00,osservato
017067,Desenzano del Garda,2021,Totale,Italiani,110807,257546,2.30,osservato
017067,Desenzano del Garda,2021,Totale,Stranieri,112589,486827,4.30,osservato
017067,Desenzano del Garda,2021,Totale,Totale,223396,744373,3.30,osservato
017067,Desenzano del Garda,2022,Es. Alberghieri,Italiani,90019,180940,2.00,osservato
017067,Desenzano del Garda,2022,Es. Alberghieri,Stranieri,103166,366920,3.60,osservato
017067,Desenzano del Garda,2022,Es. Alberghieri,Totale,193185,547860,2.80,osservato
017067,Desenzano del Garda,2022,Es. Extra-Alberghieri,Italiani,41625,304893,7.30,osservato
017067,Desenzano del Garda,2022,Es. Extra-Alberghieri,Stranieri,84213,910389,10.80,osservato
017067,Desenzano del Garda,2022,Es. Extra-Alberghieri,Totale,125838,1215282,9.70,osservato
017067,Desenzano del Garda,2022,Totale,Italiani,131644,485833,3.70,osservato
017067,Desenzano del Garda,2022,Totale,Stranieri,187379,1277309,6.80,osservato
017067,Desenzano del Garda,2022,Totale,Totale,319023,1763142,5.50,osservato
017067,Desenzano del Garda,2023,Es. Alberghieri,Italiani,86674,144230,1.70,osservato
017067,Desenzano del Garda,2023,Es. Alberghieri,Stranieri,114225,356201,3.10,osservato
017067,Desenzano del Garda,2023,Es. Alberghieri,Totale,200899,500431,2.50,osservato
017067,Desenzano del Garda,2023,Es. Extra-Alberghieri,Italiani,44284,110345,2.50,osservato
017067,Desenzano del Garda,2023,Es. Extra-Alberghieri,Stranieri,98513,464317,4.70,osservato
017067,Desenzano del Garda,2023,Es. Extra-Alberghieri,Totale,142797,574662,4.00,osservato
017067,Desenzano del Garda,2023,Totale,Italiani,130958,254575,1.90,osservato
017067,Desenzano del Garda,2023,Totale,Stranieri,212738,820518,3.90,osservato
017067,Desenzano del Garda,2023,Totale,Totale,343696,1075093,3.10,osservato
017067,Desenzano del Garda,2024,Es. Alberghieri,Italiani,86405,143513,1.66,osservato
017067,Desenzano del Garda,2024,Es. Alberghieri,Stranieri,124438,377362,3.03,osservato
017067,Desenzano del Garda,2024,Es. Alberghieri,Totale,210843,520875,2.47,osservato
017067,Desenzano del Garda,2024,Es. Extra-Alberghieri,Italiani,42315,104466,2.47,osservato
017067,Desenzano del Garda,2024,Es. Extra-Alberghieri,Stranieri,112539,531051,4.72,osservato
017067,Desenzano del Garda,2024,Es. Extra-Alberghieri,Totale,154854,635517,4.10,osservato
017067,Desenzano del Garda,2024,Totale,Italiani,128720,247979,1.93,osservato
017067,Desenzano del Garda,2024,Totale,Stranieri,236977,908413,3.83,osservato
017067,Desenzano del Garda,2024,Totale,Totale,365697,1156392,3.16,osservato
017068,Edolo,2019,Es. Alberghieri,Italiani,3344,5540,1.70,osservato
017068,Edolo,2019,Es. Alberghieri,Stranieri,1299,1622,1.20,osservato
017068,Edolo,2019,Es. Alberghieri,Totale,4643,7162,1.50,osservato
017068,Edolo,2019,Es. Extra-Alberghieri,Italiani,3265,5690,1.70,osservato
017068,Edolo,2019,Es. Extra-Alberghieri,Stranieri,638,1017,1.60,osservato
017068,Edolo,2019,Es. Extra-Alberghieri,Totale,3903,6707,1.70,osservato
017068,Edolo,2019,Totale,Italiani,6609,11230,1.70,osservato
017068,Edolo,2019,Totale,Stranieri,1937,2639,1.40,osservato
017068,Edolo,2019,Totale,Totale,8546,13869,1.60,osservato
017068,Edolo,2020,Es. Alberghieri,Italiani,2367,4581,1.90,osservato
017068,Edolo,2020,Es. Alberghieri,Stranieri,418,765,1.80,osservato
017068,Edolo,2020,Es. Alberghieri,Totale,2785,5346,1.90,osservato
017068,Edolo,2020,Es. Extra-Alberghieri,Italiani,1951,3952,2.00,osservato
017068,Edolo,2020,Es. Extra-Alberghieri,Stranieri,121,161,1.30,osservato
017068,Edolo,2020,Es. Extra-Alberghieri,Totale,2072,4113,2.00,osservato
017068,Edolo,2020,Totale,Italiani,4318,8533,2.00,osservato
017068,Edolo,2020,Totale,Stranieri,539,926,1.70,osservato
017068,Edolo,2020,Totale,Totale,4857,9459,1.90,osservato
017068,Edolo,2021,Es. Alberghieri,Italiani,3417,7293,2.10,osservato
017068,Edolo,2021,Es. Alberghieri,Stranieri,980,1222,1.20,osservato
017068,Edolo,2021,Es. Alberghieri,Totale,4397,8515,1.90,osservato
017068,Edolo,2021,Es. Extra-Alberghieri,Italiani,2261,3816,1.70,osservato
017068,Edolo,2021,Es. Extra-Alberghieri,Stranieri,275,479,1.70,osservato
017068,Edolo,2021,Es. Extra-Alberghieri,Totale,2536,4295,1.70,osservato
017068,Edolo,2021,Totale,Italiani,5678,11109,2.00,osservato
017068,Edolo,2021,Totale,Stranieri,1255,1701,1.40,osservato
017068,Edolo,2021,Totale,Totale,6933,12810,1.80,osservato
017068,Edolo,2022,Es. Alberghieri,Italiani,3755,7078,1.90,osservato
017068,Edolo,2022,Es. Alberghieri,Stranieri,1273,1679,1.30,osservato
017068,Edolo,2022,Es. Alberghieri,Totale,5028,8757,1.70,osservato
017068,Edolo,2022,Es. Extra-Alberghieri,Italiani,3143,5372,1.70,osservato
017068,Edolo,2022,Es. Extra-Alberghieri,Stranieri,406,627,1.50,osservato
017068,Edolo,2022,Es. Extra-Alberghieri,Totale,3549,5999,1.70,osservato
017068,Edolo,2022,Totale,Italiani,6898,12450,1.80,osservato
017068,Edolo,2022,Totale,Stranieri,1679,2306,1.40,osservato
017068,Edolo,2022,Totale,Totale,8577,14756,1.70,osservato
017068,Edolo,2023,Es. Alberghieri,Italiani,4151,8179,2.00,osservato
017068,Edolo,2023,Es. Alberghieri,Stranieri,1534,2566,1.70,osservato
017068,Edolo,2023,Es. Alberghieri,Totale,5685,10745,1.90,osservato
017068,Edolo,2023,Es. Extra-Alberghieri,Italiani,3501,5858,1.70,osservato
017068,Edolo,2023,Es. Extra-Alberghieri,Stranieri,521,871,1.70,osservato
017068,Edolo,2023,Es. Extra-Alberghieri,Totale,4022,6729,1.70,osservato
017068,Edolo,2023,Totale,Italiani,7652,14037,1.80,osservato
017068,Edolo,2023,Totale,Stranieri,2055,3437,1.70,osservato
017068,Edolo,2023,Totale,Totale,9707,17474,1.80,osservato
017068,Edolo,2024,Es. Alberghieri,Italiani,5813,10310,1.77,osservato
017068,Edolo,2024,Es. Alberghieri,Stranieri,1498,2684,1.79,osservato
017068,Edolo,2024,Es. Alberghieri,Totale,7311,12994,1.78,osservato
017068,Edolo,2024,Es. Extra-Alberghieri,Italiani,3500,5847,1.67,osservato
017068,Edolo,2024,Es. Extra-Alberghieri,Stranieri,626,968,1.55,osservato
017068,Edolo,2024,Es. Extra-Alberghieri,Totale,4126,6815,1.65,osservato
017068,Edolo,2024,Totale,Italiani,9313,16157,1.73,osservato
017068,Edolo,2024,Totale,Stranieri,2124,3652,1.72,osservato
017068,Edolo,2024,Totale,Totale,11437,19809,1.73,osservato
017069,Erbusco,2019,Es. Alberghieri,Italiani,,,,riservato
017069,Erbusco,2019,Es. Alberghieri,Stranieri,,,,riservato
017069,Erbusco,2019,Es. Alberghieri,Totale,,,,riservato
017069,Erbusco,2019,Es. Extra-Alberghieri,Italiani,,,,riservato
017069,Erbusco,2019,Es. Extra-Alberghieri,Stranieri,,,,riservato
017069,Erbusco,2019,Es. Extra-Alberghieri,Totale,,,,riservato
017069,Erbusco,2019,Totale,Italiani,11104,16393,1.50,osservato
017069,Erbusco,2019,Totale,Stranieri,6363,16936,2.70,osservato
017069,Erbusco,2019,Totale,Totale,17467,33329,1.90,osservato
017069,Erbusco,2020,Es. Alberghieri,Italiani,,,,riservato
017069,Erbusco,2020,Es. Alberghieri,Stranieri,,,,riservato
017069,Erbusco,2020,Es. Alberghieri,Totale,,,,riservato
017069,Erbusco,2020,Es. Extra-Alberghieri,Italiani,,,,riservato
017069,Erbusco,2020,Es. Extra-Alberghieri,Stranieri,,,,riservato
017069,Erbusco,2020,Es. Extra-Alberghieri,Totale,,,,riservato
017069,Erbusco,2020,Totale,Italiani,8527,16839,2.00,osservato
017069,Erbusco,2020,Totale,Stranieri,2276,6038,2.70,osservato
017069,Erbusco,2020,Totale,Totale,10803,22877,2.10,osservato
017069,Erbusco,2021,Es. Alberghieri,Italiani,,,,riservato
017069,Erbusco,2021,Es. Alberghieri,Stranieri,,,,riservato
017069,Erbusco,2021,Es. Alberghieri,Totale,,,,riservato
017069,Erbusco,2021,Es. Extra-Alberghieri,Italiani,,,,riservato
017069,Erbusco,2021,Es. Extra-Alberghieri,Stranieri,,,,riservato
017069,Erbusco,2021,Es. Extra-Alberghieri,Totale,,,,riservato
017069,Erbusco,2021,Totale,Italiani,13671,22673,1.70,osservato
017069,Erbusco,2021,Totale,Stranieri,4258,10948,2.60,osservato
017069,Erbusco,2021,Totale,Totale,17929,33621,1.90,osservato
017069,Erbusco,2022,Es. Alberghieri,Italiani,,,,riservato
017069,Erbusco,2022,Es. Alberghieri,Stranieri,,,,riservato
017069,Erbusco,2022,Es. Alberghieri,Totale,,,,riservato
017069,Erbusco,2022,Es. Extra-Alberghieri,Italiani,,,,riservato
017069,Erbusco,2022,Es. Extra-Alberghieri,Stranieri,,,,riservato
017069,Erbusco,2022,Es. Extra-Alberghieri,Totale,,,,riservato
017069,Erbusco,2022,Totale,Italiani,15238,22909,1.50,osservato
017069,Erbusco,2022,Totale,Stranieri,6589,16775,2.50,osservato
017069,Erbusco,2022,Totale,Totale,21827,39684,1.80,osservato
017069,Erbusco,2023,Es. Alberghieri,Italiani,,,,riservato
017069,Erbusco,2023,Es. Alberghieri,Stranieri,,,,riservato
017069,Erbusco,2023,Es. Alberghieri,Totale,,,,riservato
017069,Erbusco,2023,Es. Extra-Alberghieri,Italiani,,,,riservato
017069,Erbusco,2023,Es. Extra-Alberghieri,Stranieri,,,,riservato
017069,Erbusco,2023,Es. Extra-Alberghieri,Totale,,,,riservato
017069,Erbusco,2023,Totale,Italiani,16546,24728,1.50,osservato
017069,Erbusco,2023,Totale,Stranieri,7639,17628,2.30,osservato
017069,Erbusco,2023,Totale,Totale,24185,42356,1.80,osservato
017069,Erbusco,2024,Es. Alberghieri,Italiani,,,,riservato
017069,Erbusco,2024,Es. Alberghieri,Stranieri,,,,riservato
017069,Erbusco,2024,Es. Alberghieri,Totale,,,,riservato
017069,Erbusco,2024,Es. Extra-Alberghieri,Italiani,,,,riservato
017069,Erbusco,2024,Es. Extra-Alberghieri,Stranieri,,,,riservato
017069,Erbusco,2024,Es. Extra-Alberghieri,Totale,,,,riservato
017069,Erbusco,2024,Totale,Italiani,17655,26826,1.52,osservato
017069,Erbusco,2024,Totale,Stranieri,8710,20639,2.37,osservato
017069,Erbusco,2024,Totale,Totale,26365,47465,1.80,osservato
017070,Esine,2019,Es. Alberghieri,Italiani,,,,riservato
017070,Esine,2019,Es. Alberghieri,Stranieri,,,,riservato
017070,Esine,2019,Es. Alberghieri,Totale,,,,riservato
017070,Esine,2019,Es. Extra-Alberghieri,Italiani,,,,riservato
017070,Esine,2019,Es. Extra-Alberghieri,Stranieri,,,,riservato
017070,Esine,2019,Es. Extra-Alberghieri,Totale,,,,riservato
017070,Esine,2019,Totale,Italiani,482,1065,2.20,osservato
017070,Esine,2019,Totale,Stranieri,79,156,2.00,osservato
017070,Esine,2019,Totale,Totale,561,1221,2.20,osservato
017070,Esine,2020,Es. Alberghieri,Italiani,,,,riservato
017070,Esine,2020,Es. Alberghieri,Stranieri,,,,riservato
017070,Esine,2020,Es. Alberghieri,Totale,,,,riservato
017070,Esine,2020,Es. Extra-Alberghieri,Italiani,,,,riservato
017070,Esine,2020,Es. Extra-Alberghieri,Stranieri,,,,riservato
017070,Esine,2020,Es. Extra-Alberghieri,Totale,,,,riservato
017070,Esine,2020,Totale,Italiani,358,657,1.80,osservato
017070,Esine,2020,Totale,Stranieri,63,103,1.60,osservato
017070,Esine,2020,Totale,Totale,421,760,1.80,osservato
017070,Esine,2021,Es. Alberghieri,Italiani,,,,riservato
017070,Esine,2021,Es. Alberghieri,Stranieri,,,,riservato
017070,Esine,2021,Es. Alberghieri,Totale,,,,riservato
017070,Esine,2021,Es. Extra-Alberghieri,Italiani,,,,riservato
017070,Esine,2021,Es. Extra-Alberghieri,Stranieri,,,,riservato
017070,Esine,2021,Es. Extra-Alberghieri,Totale,,,,riservato
017070,Esine,2021,Totale,Italiani,572,1009,1.80,osservato
017070,Esine,2021,Totale,Stranieri,84,165,2.00,osservato
017070,Esine,2021,Totale,Totale,656,1174,1.80,osservato
017070,Esine,2022,Es. Alberghieri,Italiani,,,,riservato
017070,Esine,2022,Es. Alberghieri,Stranieri,,,,riservato
017070,Esine,2022,Es. Alberghieri,Totale,,,,riservato
017070,Esine,2022,Es. Extra-Alberghieri,Italiani,,,,riservato
017070,Esine,2022,Es. Extra-Alberghieri,Stranieri,,,,riservato
017070,Esine,2022,Es. Extra-Alberghieri,Totale,,,,riservato
017070,Esine,2022,Totale,Italiani,750,1281,1.70,osservato
017070,Esine,2022,Totale,Stranieri,139,233,1.70,osservato
017070,Esine,2022,Totale,Totale,889,1514,1.70,osservato
017070,Esine,2023,Es. Alberghieri,Italiani,,,,riservato
017070,Esine,2023,Es. Alberghieri,Stranieri,,,,riservato
017070,Esine,2023,Es. Alberghieri,Totale,,,,riservato
017070,Esine,2023,Es. Extra-Alberghieri,Italiani,,,,riservato
017070,Esine,2023,Es. Extra-Alberghieri,Stranieri,,,,riservato
017070,Esine,2023,Es. Extra-Alberghieri,Totale,,,,riservato
017070,Esine,2023,Totale,Italiani,1060,1815,1.70,osservato
017070,Esine,2023,Totale,Stranieri,226,401,1.80,osservato
017070,Esine,2023,Totale,Totale,1286,2216,1.70,osservato
017070,Esine,2024,Es. Alberghieri,Italiani,,,,riservato
017070,Esine,2024,Es. Alberghieri,Stranieri,,,,riservato
017070,Esine,2024,Es. Alberghieri,Totale,,,,riservato
017070,Esine,2024,Es. Extra-Alberghieri,Italiani,,,,riservato
017070,Esine,2024,Es. Extra-Alberghieri,Stranieri,,,,riservato
017070,Esine,2024,Es. Extra-Alberghieri,Totale,,,,riservato
017070,Esine,2024,Totale,Italiani,1196,1710,1.43,osservato
017070,Esine,2024,Totale,Stranieri,217,400,1.84,osservato
017070,Esine,2024,Totale,Totale,1413,2110,1.49,osservato
017072,Flero,2019,Es. Alberghieri,Italiani,,,,riservato
017072,Flero,2019,Es. Alberghieri,Stranieri,,,,riservato
017072,Flero,2019,Es. Alberghieri,Totale,,,,riservato
017072,Flero,2019,Es. Extra-Alberghieri,Italiani,,,,riservato
017072,Flero,2019,Es. Extra-Alberghieri,Stranieri,,,,riservato
017072,Flero,2019,Es. Extra-Alberghieri,Totale,,,,riservato
017072,Flero,2019,Totale,Italiani,,,,riservato
017072,Flero,2019,Totale,Stranieri,,,,riservato
017072,Flero,2019,Totale,Totale,,,,riservato
017072,Flero,2020,Es. Alberghieri,Italiani,,,,riservato
017072,Flero,2020,Es. Alberghieri,Stranieri,,,,riservato
017072,Flero,2020,Es. Alberghieri,Totale,,,,riservato
017072,Flero,2020,Es. Extra-Alberghieri,Italiani,,,,riservato
017072,Flero,2020,Es. Extra-Alberghieri,Stranieri,,,,riservato
017072,Flero,2020,Es. Extra-Alberghieri,Totale,,,,riservato
017072,Flero,2020,Totale,Italiani,,,,riservato
017072,Flero,2020,Totale,Stranieri,,,,riservato
017072,Flero,2020,Totale,Totale,,,,riservato
017072,Flero,2021,Es. Alberghieri,Italiani,,,,riservato
017072,Flero,2021,Es. Alberghieri,Stranieri,,,,riservato
017072,Flero,2021,Es. Alberghieri,Totale,,,,riservato
017072,Flero,2021,Es. Extra-Alberghieri,Italiani,,,,riservato
017072,Flero,2021,Es. Extra-Alberghieri,Stranieri,,,,riservato
017072,Flero,2021,Es. Extra-Alberghieri,Totale,,,,riservato
017072,Flero,2021,Totale,Italiani,,,,riservato
017072,Flero,2021,Totale,Stranieri,,,,riservato
017072,Flero,2021,Totale,Totale,,,,riservato
017072,Flero,2022,Es. Alberghieri,Italiani,,,,riservato
017072,Flero,2022,Es. Alberghieri,Stranieri,,,,riservato
017072,Flero,2022,Es. Alberghieri,Totale,,,,riservato
017072,Flero,2022,Es. Extra-Alberghieri,Italiani,,,,riservato
017072,Flero,2022,Es. Extra-Alberghieri,Stranieri,,,,riservato
017072,Flero,2022,Es. Extra-Alberghieri,Totale,,,,riservato
017072,Flero,2022,Totale,Italiani,,,,riservato
017072,Flero,2022,Totale,Stranieri,,,,riservato
017072,Flero,2022,Totale,Totale,,,,riservato
017072,Flero,2023,Es. Alberghieri,Italiani,,,,riservato
017072,Flero,2023,Es. Alberghieri,Stranieri,,,,riservato
017072,Flero,2023,Es. Alberghieri,Totale,,,,riservato
017072,Flero,2023,Es. Extra-Alberghieri,Italiani,,,,riservato
017072,Flero,2023,Es. Extra-Alberghieri,Stranieri,,,,riservato
017072,Flero,2023,Es. Extra-Alberghieri,Totale,,,,riservato
017072,Flero,2023,Totale,Italiani,,,,riservato
017072,Flero,2023,Totale,Stranieri,,,,riservato
017072,Flero,2023,Totale,Totale,,,,riservato
017072,Flero,2024,Es. Alberghieri,Italiani,,,,riservato
017072,Flero,2024,Es. Alberghieri,Stranieri,,,,riservato
017072,Flero,2024,Es. Alberghieri,Totale,,,,riservato
017072,Flero,2024,Es. Extra-Alberghieri,Italiani,,,,riservato
017072,Flero,2024,Es. Extra-Alberghieri,Stranieri,,,,riservato
017072,Flero,2024,Es. Extra-Alberghieri,Totale,,,,riservato
017072,Flero,2024,Totale,Italiani,,,,riservato
017072,Flero,2024,Totale,Stranieri,,,,riservato
017072,Flero,2024,Totale,Totale,,,,riservato
017073,Gambara,2019,Es. Alberghieri,Italiani,,,,riservato
017073,Gambara,2019,Es. Alberghieri,Stranieri,,,,riservato
017073,Gambara,2019,Es. Alberghieri,Totale,,,,riservato
017073,Gambara,2019,Es. Extra-Alberghieri,Italiani,,,,riservato
017073,Gambara,2019,Es. Extra-Alberghieri,Stranieri,,,,riservato
017073,Gambara,2019,Es. Extra-Alberghieri,Totale,,,,riservato
017073,Gambara,2019,Totale,Italiani,,,,riservato
017073,Gambara,2019,Totale,Stranieri,,,,riservato
017073,Gambara,2019,Totale,Totale,,,,riservato
017073,Gambara,2020,Es. Alberghieri,Italiani,,,,riservato
017073,Gambara,2020,Es. Alberghieri,Stranieri,,,,riservato
017073,Gambara,2020,Es. Alberghieri,Totale,,,,riservato
017073,Gambara,2020,Es. Extra-Alberghieri,Italiani,,,,riservato
017073,Gambara,2020,Es. Extra-Alberghieri,Stranieri,,,,riservato
017073,Gambara,2020,Es. Extra-Alberghieri,Totale,,,,riservato
017073,Gambara,2020,Totale,Italiani,,,,riservato
017073,Gambara,2020,Totale,Stranieri,,,,riservato
017073,Gambara,2020,Totale,Totale,,,,riservato
017073,Gambara,2021,Es. Alberghieri,Italiani,,,,riservato
017073,Gambara,2021,Es. Alberghieri,Stranieri,,,,riservato
017073,Gambara,2021,Es. Alberghieri,Totale,,,,riservato
017073,Gambara,2021,Es. Extra-Alberghieri,Italiani,,,,riservato
017073,Gambara,2021,Es. Extra-Alberghieri,Stranieri,,,,riservato
017073,Gambara,2021,Es. Extra-Alberghieri,Totale,,,,riservato
017073,Gambara,2021,Totale,Italiani,,,,riservato
017073,Gambara,2021,Totale,Stranieri,,,,riservato
017073,Gambara,2021,Totale,Totale,,,,riservato
017073,Gambara,2022,Es. Alberghieri,Italiani,,,,riservato
017073,Gambara,2022,Es. Alberghieri,Stranieri,,,,riservato
017073,Gambara,2022,Es. Alberghieri,Totale,,,,riservato
017073,Gambara,2022,Es. Extra-Alberghieri,Italiani,,,,riservato
017073,Gambara,2022,Es. Extra-Alberghieri,Stranieri,,,,riservato
017073,Gambara,2022,Es. Extra-Alberghieri,Totale,,,,riservato
017073,Gambara,2022,Totale,Italiani,,,,riservato
017073,Gambara,2022,Totale,Stranieri,,,,riservato
017073,Gambara,2022,Totale,Totale,,,,riservato
017073,Gambara,2023,Es. Alberghieri,Italiani,,,,riservato
017073,Gambara,2023,Es. Alberghieri,Stranieri,,,,riservato
017073,Gambara,2023,Es. Alberghieri,Totale,,,,riservato
017073,Gambara,2023,Es. Extra-Alberghieri,Italiani,,,,riservato
017073,Gambara,2023,Es. Extra-Alberghieri,Stranieri,,,,riservato
017073,Gambara,2023,Es. Extra-Alberghieri,Totale,,,,riservato
017073,Gambara,2023,Totale,Italiani,,,,riservato
017073,Gambara,2023,Totale,Stranieri,,,,riservato
017073,Gambara,2023,Totale,Totale,,,,riservato
017073,Gambara,2024,Es. Alberghieri,Italiani,,,,riservato
017073,Gambara,2024,Es. Alberghieri,Stranieri,,,,riservato
017073,Gambara,2024,Es. Alberghieri,Totale,,,,riservato
017073,Gambara,2024,Es. Extra-Alberghieri,Italiani,,,,riservato
017073,Gambara,2024,Es. Extra-Alberghieri,Stranieri,,,,riservato
017073,Gambara,2024,Es. Extra-Alberghieri,Totale,,,,riservato
017073,Gambara,2024,Totale,Italiani,,,,riservato
017073,Gambara,2024,Totale,Stranieri,,,,riservato
017073,Gambara,2024,Totale,Totale,,,,riservato
017074,Gardone Riviera,2019,Es. Alberghieri,Italiani,16024,39318,2.50,osservato
017074,Gardone Riviera,2019,Es. Alberghieri,Stranieri,42614,171930,4.00,osservato
017074,Gardone Riviera,2019,Es. Alberghieri,Totale,58638,211248,3.60,osservato
017074,Gardone Riviera,2019,Es. Extra-Alberghieri,Italiani,2100,6692,3.20,osservato
017074,Gardone Riviera,2019,Es. Extra-Alberghieri,Stranieri,8999,49182,5.50,osservato
017074,Gardone Riviera,2019,Es. Extra-Alberghieri,Totale,11099,55874,5.00,osservato
017074,Gardone Riviera,2019,Totale,Italiani,18124,46010,2.50,osservato
017074,Gardone Riviera,2019,Totale,Stranieri,51613,221112,4.30,osservato
017074,Gardone Riviera,2019,Totale,Totale,69737,267122,3.80,osservato
017074,Gardone Riviera,2020,Es. Alberghieri,Italiani,6602,20067,3.00,osservato
017074,Gardone Riviera,2020,Es. Alberghieri,Stranieri,13442,54433,4.00,osservato
017074,Gardone Riviera,2020,Es. Alberghieri,Totale,20044,74500,3.70,osservato
017074,Gardone Riviera,2020,Es. Extra-Alberghieri,Italiani,1283,6855,5.30,osservato
017074,Gardone Riviera,2020,Es. Extra-Alberghieri,Stranieri,2688,17211,6.40,osservato
017074,Gardone Riviera,2020,Es. Extra-Alberghieri,Totale,3971,24066,6.10,osservato
017074,Gardone Riviera,2020,Totale,Italiani,7885,26922,3.40,osservato
017074,Gardone Riviera,2020,Totale,Stranieri,16130,71644,4.40,osservato
017074,Gardone Riviera,2020,Totale,Totale,24015,98566,4.10,osservato
017074,Gardone Riviera,2021,Es. Alberghieri,Italiani,15163,45574,3.00,osservato
017074,Gardone Riviera,2021,Es. Alberghieri,Stranieri,28310,118663,4.20,osservato
017074,Gardone Riviera,2021,Es. Alberghieri,Totale,43473,164237,3.80,osservato
017074,Gardone Riviera,2021,Es. Extra-Alberghieri,Italiani,1589,6235,3.90,osservato
017074,Gardone Riviera,2021,Es. Extra-Alberghieri,Stranieri,5456,35579,6.50,osservato
017074,Gardone Riviera,2021,Es. Extra-Alberghieri,Totale,7045,41814,5.90,osservato
017074,Gardone Riviera,2021,Totale,Italiani,16752,51809,3.10,osservato
017074,Gardone Riviera,2021,Totale,Stranieri,33766,154242,4.60,osservato
017074,Gardone Riviera,2021,Totale,Totale,50518,206051,4.10,osservato
017074,Gardone Riviera,2022,Es. Alberghieri,Italiani,14774,101100,6.80,osservato
017074,Gardone Riviera,2022,Es. Alberghieri,Stranieri,42974,242126,5.60,osservato
017074,Gardone Riviera,2022,Es. Alberghieri,Totale,57748,343226,5.90,osservato
017074,Gardone Riviera,2022,Es. Extra-Alberghieri,Italiani,2356,7338,3.10,osservato
017074,Gardone Riviera,2022,Es. Extra-Alberghieri,Stranieri,8976,54267,6.00,osservato
017074,Gardone Riviera,2022,Es. Extra-Alberghieri,Totale,11332,61605,5.40,osservato
017074,Gardone Riviera,2022,Totale,Italiani,17130,108438,6.30,osservato
017074,Gardone Riviera,2022,Totale,Stranieri,51950,296393,5.70,osservato
017074,Gardone Riviera,2022,Totale,Totale,69080,404831,5.90,osservato
017074,Gardone Riviera,2023,Es. Alberghieri,Italiani,14197,31279,2.20,osservato
017074,Gardone Riviera,2023,Es. Alberghieri,Stranieri,40879,151332,3.70,osservato
017074,Gardone Riviera,2023,Es. Alberghieri,Totale,55076,182611,3.30,osservato
017074,Gardone Riviera,2023,Es. Extra-Alberghieri,Italiani,2962,9055,3.10,osservato
017074,Gardone Riviera,2023,Es. Extra-Alberghieri,Stranieri,9814,57056,5.80,osservato
017074,Gardone Riviera,2023,Es. Extra-Alberghieri,Totale,12776,66111,5.20,osservato
017074,Gardone Riviera,2023,Totale,Italiani,17159,40334,2.40,osservato
017074,Gardone Riviera,2023,Totale,Stranieri,50693,208388,4.10,osservato
017074,Gardone Riviera,2023,Totale,Totale,67852,248722,3.70,osservato
017074,Gardone Riviera,2024,Es. Alberghieri,Italiani,17795,36325,2.04,osservato
017074,Gardone Riviera,2024,Es. Alberghieri,Stranieri,50375,179596,3.57,osservato
017074,Gardone Riviera,2024,Es. Alberghieri,Totale,68170,215921,3.17,osservato
017074,Gardone Riviera,2024,Es. Extra-Alberghieri,Italiani,3184,8442,2.65,osservato
017074,Gardone Riviera,2024,Es. Extra-Alberghieri,Stranieri,10838,59643,5.50,osservato
017074,Gardone Riviera,2024,Es. Extra-Alberghieri,Totale,14022,68085,4.86,osservato
017074,Gardone Riviera,2024,Totale,Italiani,20979,44767,2.13,osservato
017074,Gardone Riviera,2024,Totale,Stranieri,61213,239239,3.91,osservato
017074,Gardone Riviera,2024,Totale,Totale,82192,284006,3.46,osservato
017075,Gardone Val Trompia,2019,Es. Alberghieri,Italiani,,,,riservato
017075,Gardone Val Trompia,2019,Es. Alberghieri,Stranieri,,,,riservato
017075,Gardone Val Trompia,2019,Es. Alberghieri,Totale,,,,riservato
017075,Gardone Val Trompia,2019,Es. Extra-Alberghieri,Italiani,,,,riservato
017075,Gardone Val Trompia,2019,Es. Extra-Alberghieri,Stranieri,,,,riservato
017075,Gardone Val Trompia,2019,Es. Extra-Alberghieri,Totale,,,,riservato
017075,Gardone Val Trompia,2019,Totale,Italiani,950,1410,1.50,osservato
017075,Gardone Val Trompia,2019,Totale,Stranieri,47,67,1.40,osservato
017075,Gardone Val Trompia,2019,Totale,Totale,997,1477,1.50,osservato
017075,Gardone Val Trompia,2020,Es. Alberghieri,Italiani,,,,riservato
017075,Gardone Val Trompia,2020,Es. Alberghieri,Stranieri,,,,riservato
017075,Gardone Val Trompia,2020,Es. Alberghieri,Totale,,,,riservato
017075,Gardone Val Trompia,2020,Es. Extra-Alberghieri,Italiani,,,,riservato
017075,Gardone Val Trompia,2020,Es. Extra-Alberghieri,Stranieri,,,,riservato
017075,Gardone Val Trompia,2020,Es. Extra-Alberghieri,Totale,,,,riservato
017075,Gardone Val Trompia,2020,Totale,Italiani,246,426,1.70,osservato
017075,Gardone Val Trompia,2020,Totale,Stranieri,22,36,1.60,osservato
017075,Gardone Val Trompia,2020,Totale,Totale,268,462,1.70,osservato
017075,Gardone Val Trompia,2021,Es. Alberghieri,Italiani,,,,riservato
017075,Gardone Val Trompia,2021,Es. Alberghieri,Stranieri,,,,riservato
017075,Gardone Val Trompia,2021,Es. Alberghieri,Totale,,,,riservato
017075,Gardone Val Trompia,2021,Es. Extra-Alberghieri,Italiani,,,,riservato
017075,Gardone Val Trompia,2021,Es. Extra-Alberghieri,Stranieri,,,,riservato
017075,Gardone Val Trompia,2021,Es. Extra-Alberghieri,Totale,,,,riservato
017075,Gardone Val Trompia,2021,Totale,Italiani,420,1030,2.50,osservato
017075,Gardone Val Trompia,2021,Totale,Stranieri,33,71,2.20,osservato
017075,Gardone Val Trompia,2021,Totale,Totale,453,1101,2.40,osservato
017075,Gardone Val Trompia,2022,Es. Alberghieri,Italiani,,,,riservato
017075,Gardone Val Trompia,2022,Es. Alberghieri,Stranieri,,,,riservato
017075,Gardone Val Trompia,2022,Es. Alberghieri,Totale,,,,riservato
017075,Gardone Val Trompia,2022,Es. Extra-Alberghieri,Italiani,,,,riservato
017075,Gardone Val Trompia,2022,Es. Extra-Alberghieri,Stranieri,,,,riservato
017075,Gardone Val Trompia,2022,Es. Extra-Alberghieri,Totale,,,,riservato
017075,Gardone Val Trompia,2022,Totale,Italiani,,,,riservato
017075,Gardone Val Trompia,2022,Totale,Stranieri,,,,riservato
017075,Gardone Val Trompia,2022,Totale,Totale,,,,riservato
017075,Gardone Val Trompia,2023,Es. Alberghieri,Italiani,,,,riservato
017075,Gardone Val Trompia,2023,Es. Alberghieri,Stranieri,,,,riservato
017075,Gardone Val Trompia,2023,Es. Alberghieri,Totale,,,,riservato
017075,Gardone Val Trompia,2023,Es. Extra-Alberghieri,Italiani,,,,riservato
017075,Gardone Val Trompia,2023,Es. Extra-Alberghieri,Stranieri,,,,riservato
017075,Gardone Val Trompia,2023,Es. Extra-Alberghieri,Totale,,,,riservato
017075,Gardone Val Trompia,2023,Totale,Italiani,735,1550,2.10,osservato
017075,Gardone Val Trompia,2023,Totale,Stranieri,92,229,2.50,osservato
017075,Gardone Val Trompia,2023,Totale,Totale,827,1779,2.20,osservato
017075,Gardone Val Trompia,2024,Es. Alberghieri,Italiani,,,,riservato
017075,Gardone Val Trompia,2024,Es. Alberghieri,Stranieri,,,,riservato
017075,Gardone Val Trompia,2024,Es. Alberghieri,Totale,,,,riservato
017075,Gardone Val Trompia,2024,Es. Extra-Alberghieri,Italiani,,,,riservato
017075,Gardone Val Trompia,2024,Es. Extra-Alberghieri,Stranieri,,,,riservato
017075,Gardone Val Trompia,2024,Es. Extra-Alberghieri,Totale,,,,riservato
017075,Gardone Val Trompia,2024,Totale,Italiani,964,2138,2.22,osservato
017075,Gardone Val Trompia,2024,Totale,Stranieri,190,968,5.09,osservato
017075,Gardone Val Trompia,2024,Totale,Totale,1154,3106,2.69,osservato
017076,Gargnano,2019,Es. Alberghieri,Italiani,14886,26909,1.80,osservato
017076,Gargnano,2019,Es. Alberghieri,Stranieri,30645,122318,4.00,osservato
017076,Gargnano,2019,Es. Alberghieri,Totale,45531,149227,3.30,osservato
017076,Gargnano,2019,Es. Extra-Alberghieri,Italiani,1190,3299,2.80,osservato
017076,Gargnano,2019,Es. Extra-Alberghieri,Stranieri,8283,49341,6.00,osservato
017076,Gargnano,2019,Es. Extra-Alberghieri,Totale,9473,52640,5.60,osservato
017076,Gargnano,2019,Totale,Italiani,16076,30208,1.90,osservato
017076,Gargnano,2019,Totale,Stranieri,38928,171659,4.40,osservato
017076,Gargnano,2019,Totale,Totale,55004,201867,3.70,osservato
017076,Gargnano,2020,Es. Alberghieri,Italiani,9562,18830,2.00,osservato
017076,Gargnano,2020,Es. Alberghieri,Stranieri,11880,51738,4.40,osservato
017076,Gargnano,2020,Es. Alberghieri,Totale,21442,70568,3.30,osservato
017076,Gargnano,2020,Es. Extra-Alberghieri,Italiani,1214,5312,4.40,osservato
017076,Gargnano,2020,Es. Extra-Alberghieri,Stranieri,4059,25232,6.20,osservato
017076,Gargnano,2020,Es. Extra-Alberghieri,Totale,5273,30544,5.80,osservato
017076,Gargnano,2020,Totale,Italiani,10776,24142,2.20,osservato
017076,Gargnano,2020,Totale,Stranieri,15939,76970,4.80,osservato
017076,Gargnano,2020,Totale,Totale,26715,101112,3.80,osservato
017076,Gargnano,2021,Es. Alberghieri,Italiani,12503,27186,2.20,osservato
017076,Gargnano,2021,Es. Alberghieri,Stranieri,20830,108635,5.20,osservato
017076,Gargnano,2021,Es. Alberghieri,Totale,33333,135821,4.10,osservato
017076,Gargnano,2021,Es. Extra-Alberghieri,Italiani,1120,4698,4.20,osservato
017076,Gargnano,2021,Es. Extra-Alberghieri,Stranieri,6629,37738,5.70,osservato
017076,Gargnano,2021,Es. Extra-Alberghieri,Totale,7749,42436,5.50,osservato
017076,Gargnano,2021,Totale,Italiani,13623,31884,2.30,osservato
017076,Gargnano,2021,Totale,Stranieri,27459,146373,5.30,osservato
017076,Gargnano,2021,Totale,Totale,41082,178257,4.30,osservato
017076,Gargnano,2022,Es. Alberghieri,Italiani,10028,27081,2.70,osservato
017076,Gargnano,2022,Es. Alberghieri,Stranieri,27169,112795,4.20,osservato
017076,Gargnano,2022,Es. Alberghieri,Totale,37197,139876,3.80,osservato
017076,Gargnano,2022,Es. Extra-Alberghieri,Italiani,1271,4766,3.70,osservato
017076,Gargnano,2022,Es. Extra-Alberghieri,Stranieri,9271,51339,5.50,osservato
017076,Gargnano,2022,Es. Extra-Alberghieri,Totale,10542,56105,5.30,osservato
017076,Gargnano,2022,Totale,Italiani,11299,31847,2.80,osservato
017076,Gargnano,2022,Totale,Stranieri,36440,164134,4.50,osservato
017076,Gargnano,2022,Totale,Totale,47739,195981,4.10,osservato
017076,Gargnano,2023,Es. Alberghieri,Italiani,13290,25998,2.00,osservato
017076,Gargnano,2023,Es. Alberghieri,Stranieri,32292,133776,4.10,osservato
017076,Gargnano,2023,Es. Alberghieri,Totale,45582,159774,3.50,osservato
017076,Gargnano,2023,Es. Extra-Alberghieri,Italiani,1508,5528,3.70,osservato
017076,Gargnano,2023,Es. Extra-Alberghieri,Stranieri,10292,56042,5.40,osservato
017076,Gargnano,2023,Es. Extra-Alberghieri,Totale,11800,61570,5.20,osservato
017076,Gargnano,2023,Totale,Italiani,14798,31526,2.10,osservato
017076,Gargnano,2023,Totale,Stranieri,42584,189818,4.50,osservato
017076,Gargnano,2023,Totale,Totale,57382,221344,3.90,osservato
017076,Gargnano,2024,Es. Alberghieri,Italiani,14685,27251,1.86,osservato
017076,Gargnano,2024,Es. Alberghieri,Stranieri,34074,130954,3.84,osservato
017076,Gargnano,2024,Es. Alberghieri,Totale,48759,158205,3.24,osservato
017076,Gargnano,2024,Es. Extra-Alberghieri,Italiani,1496,6720,4.49,osservato
017076,Gargnano,2024,Es. Extra-Alberghieri,Stranieri,11655,64146,5.50,osservato
017076,Gargnano,2024,Es. Extra-Alberghieri,Totale,13151,70866,5.39,osservato
017076,Gargnano,2024,Totale,Italiani,16181,33971,2.10,osservato
017076,Gargnano,2024,Totale,Stranieri,45729,195100,4.27,osservato
017076,Gargnano,2024,Totale,Totale,61910,229071,3.70,osservato
017077,Gavardo,2019,Es. Alberghieri,Italiani,,,,riservato
017077,Gavardo,2019,Es. Alberghieri,Stranieri,,,,riservato
017077,Gavardo,2019,Es. Alberghieri,Totale,,,,riservato
017077,Gavardo,2019,Es. Extra-Alberghieri,Italiani,,,,riservato
017077,Gavardo,2019,Es. Extra-Alberghieri,Stranieri,,,,riservato
017077,Gavardo,2019,Es. Extra-Alberghieri,Totale,,,,riservato
017077,Gavardo,2019,Totale,Italiani,483,945,2.00,osservato
017077,Gavardo,2019,Totale,Stranieri,1049,4227,4.00,osservato
017077,Gavardo,2019,Totale,Totale,1532,5172,3.40,osservato
017077,Gavardo,2020,Es. Alberghieri,Italiani,,,,riservato
017077,Gavardo,2020,Es. Alberghieri,Stranieri,,,,riservato
017077,Gavardo,2020,Es. Alberghieri,Totale,,,,riservato
017077,Gavardo,2020,Es. Extra-Alberghieri,Italiani,,,,riservato
017077,Gavardo,2020,Es. Extra-Alberghieri,Stranieri,,,,riservato
017077,Gavardo,2020,Es. Extra-Alberghieri,Totale,,,,riservato
017077,Gavardo,2020,Totale,Italiani,905,2048,2.30,osservato
017077,Gavardo,2020,Totale,Stranieri,534,2087,3.90,osservato
017077,Gavardo,2020,Totale,Totale,1439,4135,2.90,osservato
017077,Gavardo,2021,Es. Alberghieri,Italiani,,,,riservato
017077,Gavardo,2021,Es. Alberghieri,Stranieri,,,,riservato
017077,Gavardo,2021,Es. Alberghieri,Totale,,,,riservato
017077,Gavardo,2021,Es. Extra-Alberghieri,Italiani,,,,riservato
017077,Gavardo,2021,Es. Extra-Alberghieri,Stranieri,,,,riservato
017077,Gavardo,2021,Es. Extra-Alberghieri,Totale,,,,riservato
017077,Gavardo,2021,Totale,Italiani,1634,3454,2.10,osservato
017077,Gavardo,2021,Totale,Stranieri,1149,4349,3.80,osservato
017077,Gavardo,2021,Totale,Totale,2783,7803,2.80,osservato
017077,Gavardo,2022,Es. Alberghieri,Italiani,,,,riservato
017077,Gavardo,2022,Es. Alberghieri,Stranieri,,,,riservato
017077,Gavardo,2022,Es. Alberghieri,Totale,,,,riservato
017077,Gavardo,2022,Es. Extra-Alberghieri,Italiani,,,,riservato
017077,Gavardo,2022,Es. Extra-Alberghieri,Stranieri,,,,riservato
017077,Gavardo,2022,Es. Extra-Alberghieri,Totale,,,,riservato
017077,Gavardo,2022,Totale,Italiani,1146,2938,2.60,osservato
017077,Gavardo,2022,Totale,Stranieri,1160,4820,4.20,osservato
017077,Gavardo,2022,Totale,Totale,2306,7758,3.40,osservato
017077,Gavardo,2023,Es. Alberghieri,Italiani,,,,riservato
017077,Gavardo,2023,Es. Alberghieri,Stranieri,,,,riservato
017077,Gavardo,2023,Es. Alberghieri,Totale,,,,riservato
017077,Gavardo,2023,Es. Extra-Alberghieri,Italiani,,,,riservato
017077,Gavardo,2023,Es. Extra-Alberghieri,Stranieri,,,,riservato
017077,Gavardo,2023,Es. Extra-Alberghieri,Totale,,,,riservato
017077,Gavardo,2023,Totale,Italiani,1510,2549,1.70,osservato
017077,Gavardo,2023,Totale,Stranieri,2081,7091,3.40,osservato
017077,Gavardo,2023,Totale,Totale,3591,9640,2.70,osservato
017077,Gavardo,2024,Es. Alberghieri,Italiani,,,,riservato
017077,Gavardo,2024,Es. Alberghieri,Stranieri,,,,riservato
017077,Gavardo,2024,Es. Alberghieri,Totale,,,,riservato
017077,Gavardo,2024,Es. Extra-Alberghieri,Italiani,,,,riservato
017077,Gavardo,2024,Es. Extra-Alberghieri,Stranieri,,,,riservato
017077,Gavardo,2024,Es. Extra-Alberghieri,Totale,,,,riservato
017077,Gavardo,2024,Totale,Italiani,1550,2921,1.88,osservato
017077,Gavardo,2024,Totale,Stranieri,1922,6889,3.58,osservato
017077,Gavardo,2024,Totale,Totale,3472,9810,2.83,osservato
017078,Ghedi,2019,Es. Alberghieri,Italiani,,,,riservato
017078,Ghedi,2019,Es. Alberghieri,Stranieri,,,,riservato
017078,Ghedi,2019,Es. Alberghieri,Totale,,,,riservato
017078,Ghedi,2019,Es. Extra-Alberghieri,Italiani,,,,riservato
017078,Ghedi,2019,Es. Extra-Alberghieri,Stranieri,,,,riservato
017078,Ghedi,2019,Es. Extra-Alberghieri,Totale,,,,riservato
017078,Ghedi,2019,Totale,Italiani,,,,riservato
017078,Ghedi,2019,Totale,Stranieri,,,,riservato
017078,Ghedi,2019,Totale,Totale,,,,riservato
017078,Ghedi,2020,Es. Alberghieri,Italiani,,,,riservato
017078,Ghedi,2020,Es. Alberghieri,Stranieri,,,,riservato
017078,Ghedi,2020,Es. Alberghieri,Totale,,,,riservato
017078,Ghedi,2020,Es. Extra-Alberghieri,Italiani,,,,riservato
017078,Ghedi,2020,Es. Extra-Alberghieri,Stranieri,,,,riservato
017078,Ghedi,2020,Es. Extra-Alberghieri,Totale,,,,riservato
017078,Ghedi,2020,Totale,Italiani,1249,3691,3.00,osservato
017078,Ghedi,2020,Totale,Stranieri,230,756,3.30,osservato
017078,Ghedi,2020,Totale,Totale,1479,4447,3.00,osservato
017078,Ghedi,2021,Es. Alberghieri,Italiani,,,,riservato
017078,Ghedi,2021,Es. Alberghieri,Stranieri,,,,riservato
017078,Ghedi,2021,Es. Alberghieri,Totale,,,,riservato
017078,Ghedi,2021,Es. Extra-Alberghieri,Italiani,,,,riservato
017078,Ghedi,2021,Es. Extra-Alberghieri,Stranieri,,,,riservato
017078,Ghedi,2021,Es. Extra-Alberghieri,Totale,,,,riservato
017078,Ghedi,2021,Totale,Italiani,2066,7152,3.50,osservato
017078,Ghedi,2021,Totale,Stranieri,326,935,2.90,osservato
017078,Ghedi,2021,Totale,Totale,2392,8087,3.40,osservato
017078,Ghedi,2022,Es. Alberghieri,Italiani,,,,riservato
017078,Ghedi,2022,Es. Alberghieri,Stranieri,,,,riservato
017078,Ghedi,2022,Es. Alberghieri,Totale,,,,riservato
017078,Ghedi,2022,Es. Extra-Alberghieri,Italiani,,,,riservato
017078,Ghedi,2022,Es. Extra-Alberghieri,Stranieri,,,,riservato
017078,Ghedi,2022,Es. Extra-Alberghieri,Totale,,,,riservato
017078,Ghedi,2022,Totale,Italiani,3124,8320,2.70,osservato
017078,Ghedi,2022,Totale,Stranieri,568,1508,2.70,osservato
017078,Ghedi,2022,Totale,Totale,3692,9828,2.70,osservato
017078,Ghedi,2023,Es. Alberghieri,Italiani,,,,riservato
017078,Ghedi,2023,Es. Alberghieri,Stranieri,,,,riservato
017078,Ghedi,2023,Es. Alberghieri,Totale,,,,riservato
017078,Ghedi,2023,Es. Extra-Alberghieri,Italiani,,,,riservato
017078,Ghedi,2023,Es. Extra-Alberghieri,Stranieri,,,,riservato
017078,Ghedi,2023,Es. Extra-Alberghieri,Totale,,,,riservato
017078,Ghedi,2023,Totale,Italiani,3303,9027,2.70,osservato
017078,Ghedi,2023,Totale,Stranieri,825,2267,2.70,osservato
017078,Ghedi,2023,Totale,Totale,4128,11294,2.70,osservato
017078,Ghedi,2024,Es. Alberghieri,Italiani,,,,riservato
017078,Ghedi,2024,Es. Alberghieri,Stranieri,,,,riservato
017078,Ghedi,2024,Es. Alberghieri,Totale,,,,riservato
017078,Ghedi,2024,Es. Extra-Alberghieri,Italiani,,,,riservato
017078,Ghedi,2024,Es. Extra-Alberghieri,Stranieri,,,,riservato
017078,Ghedi,2024,Es. Extra-Alberghieri,Totale,,,,riservato
017078,Ghedi,2024,Totale,Italiani,3291,9857,3.00,osservato
017078,Ghedi,2024,Totale,Stranieri,737,1723,2.34,osservato
017078,Ghedi,2024,Totale,Totale,4028,11580,2.87,osservato
017079,Gianico,2019,Es. Alberghieri,Italiani,,,,riservato
017079,Gianico,2019,Es. Alberghieri,Stranieri,,,,riservato
017079,Gianico,2019,Es. Alberghieri,Totale,,,,riservato
017079,Gianico,2019,Es. Extra-Alberghieri,Italiani,,,,riservato
017079,Gianico,2019,Es. Extra-Alberghieri,Stranieri,,,,riservato
017079,Gianico,2019,Es. Extra-Alberghieri,Totale,,,,riservato
017079,Gianico,2019,Totale,Italiani,,,,riservato
017079,Gianico,2019,Totale,Stranieri,,,,riservato
017079,Gianico,2019,Totale,Totale,,,,riservato
017079,Gianico,2020,Es. Alberghieri,Italiani,,,,riservato
017079,Gianico,2020,Es. Alberghieri,Stranieri,,,,riservato
017079,Gianico,2020,Es. Alberghieri,Totale,,,,riservato
017079,Gianico,2020,Es. Extra-Alberghieri,Italiani,,,,riservato
017079,Gianico,2020,Es. Extra-Alberghieri,Stranieri,,,,riservato
017079,Gianico,2020,Es. Extra-Alberghieri,Totale,,,,riservato
017079,Gianico,2020,Totale,Italiani,,,,riservato
017079,Gianico,2020,Totale,Stranieri,,,,riservato
017079,Gianico,2020,Totale,Totale,,,,riservato
017079,Gianico,2021,Es. Alberghieri,Italiani,,,,riservato
017079,Gianico,2021,Es. Alberghieri,Stranieri,,,,riservato
017079,Gianico,2021,Es. Alberghieri,Totale,,,,riservato
017079,Gianico,2021,Es. Extra-Alberghieri,Italiani,,,,riservato
017079,Gianico,2021,Es. Extra-Alberghieri,Stranieri,,,,riservato
017079,Gianico,2021,Es. Extra-Alberghieri,Totale,,,,riservato
017079,Gianico,2021,Totale,Italiani,,,,riservato
017079,Gianico,2021,Totale,Stranieri,,,,riservato
017079,Gianico,2021,Totale,Totale,,,,riservato
017079,Gianico,2022,Es. Alberghieri,Italiani,,,,riservato
017079,Gianico,2022,Es. Alberghieri,Stranieri,,,,riservato
017079,Gianico,2022,Es. Alberghieri,Totale,,,,riservato
017079,Gianico,2022,Es. Extra-Alberghieri,Italiani,,,,riservato
017079,Gianico,2022,Es. Extra-Alberghieri,Stranieri,,,,riservato
017079,Gianico,2022,Es. Extra-Alberghieri,Totale,,,,riservato
017079,Gianico,2022,Totale,Italiani,,,,riservato
017079,Gianico,2022,Totale,Stranieri,,,,riservato
017079,Gianico,2022,Totale,Totale,,,,riservato
017079,Gianico,2023,Es. Alberghieri,Italiani,,,,riservato
017079,Gianico,2023,Es. Alberghieri,Stranieri,,,,riservato
017079,Gianico,2023,Es. Alberghieri,Totale,,,,riservato
017079,Gianico,2023,Es. Extra-Alberghieri,Italiani,,,,riservato
017079,Gianico,2023,Es. Extra-Alberghieri,Stranieri,,,,riservato
017079,Gianico,2023,Es. Extra-Alberghieri,Totale,,,,riservato
017079,Gianico,2023,Totale,Italiani,,,,riservato
017079,Gianico,2023,Totale,Stranieri,,,,riservato
017079,Gianico,2023,Totale,Totale,,,,riservato
017079,Gianico,2024,Es. Alberghieri,Italiani,,,,riservato
017079,Gianico,2024,Es. Alberghieri,Stranieri,,,,riservato
017079,Gianico,2024,Es. Alberghieri,Totale,,,,riservato
017079,Gianico,2024,Es. Extra-Alberghieri,Italiani,,,,riservato
017079,Gianico,2024,Es. Extra-Alberghieri,Stranieri,,,,riservato
017079,Gianico,2024,Es. Extra-Alberghieri,Totale,,,,riservato
017079,Gianico,2024,Totale,Italiani,,,,riservato
017079,Gianico,2024,Totale,Stranieri,,,,riservato
017079,Gianico,2024,Totale,Totale,,,,riservato
017080,Gottolengo,2019,Es. Alberghieri,Italiani,,,,riservato
017080,Gottolengo,2019,Es. Alberghieri,Stranieri,,,,riservato
017080,Gottolengo,2019,Es. Alberghieri,Totale,,,,riservato
017080,Gottolengo,2019,Es. Extra-Alberghieri,Italiani,,,,riservato
017080,Gottolengo,2019,Es. Extra-Alberghieri,Stranieri,,,,riservato
017080,Gottolengo,2019,Es. Extra-Alberghieri,Totale,,,,riservato
017080,Gottolengo,2019,Totale,Italiani,,,,riservato
017080,Gottolengo,2019,Totale,Stranieri,,,,riservato
017080,Gottolengo,2019,Totale,Totale,,,,riservato
017080,Gottolengo,2020,Es. Alberghieri,Italiani,,,,riservato
017080,Gottolengo,2020,Es. Alberghieri,Stranieri,,,,riservato
017080,Gottolengo,2020,Es. Alberghieri,Totale,,,,riservato
017080,Gottolengo,2020,Es. Extra-Alberghieri,Italiani,,,,riservato
017080,Gottolengo,2020,Es. Extra-Alberghieri,Stranieri,,,,riservato
017080,Gottolengo,2020,Es. Extra-Alberghieri,Totale,,,,riservato
017080,Gottolengo,2020,Totale,Italiani,,,,riservato
017080,Gottolengo,2020,Totale,Stranieri,,,,riservato
017080,Gottolengo,2020,Totale,Totale,,,,riservato
017080,Gottolengo,2021,Es. Alberghieri,Italiani,,,,riservato
017080,Gottolengo,2021,Es. Alberghieri,Stranieri,,,,riservato
017080,Gottolengo,2021,Es. Alberghieri,Totale,,,,riservato
017080,Gottolengo,2021,Es. Extra-Alberghieri,Italiani,,,,riservato
017080,Gottolengo,2021,Es. Extra-Alberghieri,Stranieri,,,,riservato
017080,Gottolengo,2021,Es. Extra-Alberghieri,Totale,,,,riservato
017080,Gottolengo,2021,Totale,Italiani,,,,riservato
017080,Gottolengo,2021,Totale,Stranieri,,,,riservato
017080,Gottolengo,2021,Totale,Totale,,,,riservato
017080,Gottolengo,2024,Es. Alberghieri,Italiani,,,,riservato
017080,Gottolengo,2024,Es. Alberghieri,Stranieri,,,,riservato
017080,Gottolengo,2024,Es. Alberghieri,Totale,,,,riservato
017080,Gottolengo,2024,Es. Extra-Alberghieri,Italiani,,,,riservato
017080,Gottolengo,2024,Es. Extra-Alberghieri,Stranieri,,,,riservato
017080,Gottolengo,2024,Es. Extra-Alberghieri,Totale,,,,riservato
017080,Gottolengo,2024,Totale,Italiani,0,0,0.00,zero_fittizio
017080,Gottolengo,2024,Totale,Stranieri,0,0,0.00,zero_fittizio
017080,Gottolengo,2024,Totale,Totale,0,0,0.00,zero_fittizio
017081,Gussago,2019,Es. Alberghieri,Italiani,,,,riservato
017081,Gussago,2019,Es. Alberghieri,Stranieri,,,,riservato
017081,Gussago,2019,Es. Alberghieri,Totale,,,,riservato
017081,Gussago,2019,Es. Extra-Alberghieri,Italiani,,,,riservato
017081,Gussago,2019,Es. Extra-Alberghieri,Stranieri,,,,riservato
017081,Gussago,2019,Es. Extra-Alberghieri,Totale,,,,riservato
017081,Gussago,2019,Totale,Italiani,620,1393,2.20,osservato
017081,Gussago,2019,Totale,Stranieri,189,595,3.10,osservato
017081,Gussago,2019,Totale,Totale,809,1988,2.50,osservato
017081,Gussago,2020,Es. Alberghieri,Italiani,,,,riservato
017081,Gussago,2020,Es. Alberghieri,Stranieri,,,,riservato
017081,Gussago,2020,Es. Alberghieri,Totale,,,,riservato
017081,Gussago,2020,Es. Extra-Alberghieri,Italiani,,,,riservato
017081,Gussago,2020,Es. Extra-Alberghieri,Stranieri,,,,riservato
017081,Gussago,2020,Es. Extra-Alberghieri,Totale,,,,riservato
017081,Gussago,2020,Totale,Italiani,257,760,3.00,osservato
017081,Gussago,2020,Totale,Stranieri,19,100,5.30,osservato
017081,Gussago,2020,Totale,Totale,276,860,3.10,osservato
017081,Gussago,2021,Es. Alberghieri,Italiani,,,,riservato
017081,Gussago,2021,Es. Alberghieri,Stranieri,,,,riservato
017081,Gussago,2021,Es. Alberghieri,Totale,,,,riservato
017081,Gussago,2021,Es. Extra-Alberghieri,Italiani,,,,riservato
017081,Gussago,2021,Es. Extra-Alberghieri,Stranieri,,,,riservato
017081,Gussago,2021,Es. Extra-Alberghieri,Totale,,,,riservato
017081,Gussago,2021,Totale,Italiani,523,1613,3.10,osservato
017081,Gussago,2021,Totale,Stranieri,118,378,3.20,osservato
017081,Gussago,2021,Totale,Totale,641,1991,3.10,osservato
017081,Gussago,2022,Es. Alberghieri,Italiani,,,,riservato
017081,Gussago,2022,Es. Alberghieri,Stranieri,,,,riservato
017081,Gussago,2022,Es. Alberghieri,Totale,,,,riservato
017081,Gussago,2022,Es. Extra-Alberghieri,Italiani,,,,riservato
017081,Gussago,2022,Es. Extra-Alberghieri,Stranieri,,,,riservato
017081,Gussago,2022,Es. Extra-Alberghieri,Totale,,,,riservato
017081,Gussago,2022,Totale,Italiani,666,1860,2.80,osservato
017081,Gussago,2022,Totale,Stranieri,285,1164,4.10,osservato
017081,Gussago,2022,Totale,Totale,951,3024,3.20,osservato
017081,Gussago,2023,Es. Alberghieri,Italiani,,,,riservato
017081,Gussago,2023,Es. Alberghieri,Stranieri,,,,riservato
017081,Gussago,2023,Es. Alberghieri,Totale,,,,riservato
017081,Gussago,2023,Es. Extra-Alberghieri,Italiani,,,,riservato
017081,Gussago,2023,Es. Extra-Alberghieri,Stranieri,,,,riservato
017081,Gussago,2023,Es. Extra-Alberghieri,Totale,,,,riservato
017081,Gussago,2023,Totale,Italiani,1188,3078,2.60,osservato
017081,Gussago,2023,Totale,Stranieri,434,1915,4.40,osservato
017081,Gussago,2023,Totale,Totale,1622,4993,3.10,osservato
017081,Gussago,2024,Es. Alberghieri,Italiani,,,,riservato
017081,Gussago,2024,Es. Alberghieri,Stranieri,,,,riservato
017081,Gussago,2024,Es. Alberghieri,Totale,,,,riservato
017081,Gussago,2024,Es. Extra-Alberghieri,Italiani,,,,riservato
017081,Gussago,2024,Es. Extra-Alberghieri,Stranieri,,,,riservato
017081,Gussago,2024,Es. Extra-Alberghieri,Totale,,,,riservato
017081,Gussago,2024,Totale,Italiani,1646,3338,2.03,osservato
017081,Gussago,2024,Totale,Stranieri,623,2584,4.15,osservato
017081,Gussago,2024,Totale,Totale,2269,5922,2.61,osservato
017082,Idro,2019,Es. Alberghieri,Italiani,288,675,2.30,osservato
017082,Idro,2019,Es. Alberghieri,Stranieri,910,6656,7.30,osservato
017082,Idro,2019,Es. Alberghieri,Totale,1198,7331,6.10,osservato
017082,Idro,2019,Es. Extra-Alberghieri,Italiani,2505,7539,3.00,osservato
017082,Idro,2019,Es. Extra-Alberghieri,Stranieri,13411,97320,7.30,osservato
017082,Idro,2019,Es. Extra-Alberghieri,Totale,15916,104859,6.60,osservato
017082,Idro,2019,Totale,Italiani,2793,8214,2.90,osservato
017082,Idro,2019,Totale,Stranieri,14321,103976,7.30,osservato
017082,Idro,2019,Totale,Totale,17114,112190,6.60,osservato
017082,Idro,2020,Es. Alberghieri,Italiani,117,303,2.60,osservato
017082,Idro,2020,Es. Alberghieri,Stranieri,380,3058,8.00,osservato
017082,Idro,2020,Es. Alberghieri,Totale,497,3361,6.80,osservato
017082,Idro,2020,Es. Extra-Alberghieri,Italiani,3745,11906,3.20,osservato
017082,Idro,2020,Es. Extra-Alberghieri,Stranieri,7443,52566,7.10,osservato
017082,Idro,2020,Es. Extra-Alberghieri,Totale,11188,64472,5.80,osservato
017082,Idro,2020,Totale,Italiani,3862,12209,3.20,osservato
017082,Idro,2020,Totale,Stranieri,7823,55624,7.10,osservato
017082,Idro,2020,Totale,Totale,11685,67833,5.80,osservato
017082,Idro,2021,Es. Alberghieri,Italiani,205,463,2.30,osservato
017082,Idro,2021,Es. Alberghieri,Stranieri,676,5843,8.60,osservato
017082,Idro,2021,Es. Alberghieri,Totale,881,6306,7.20,osservato
017082,Idro,2021,Es. Extra-Alberghieri,Italiani,3602,11839,3.30,osservato
017082,Idro,2021,Es. Extra-Alberghieri,Stranieri,14659,100449,6.90,osservato
017082,Idro,2021,Es. Extra-Alberghieri,Totale,18261,112288,6.10,osservato
017082,Idro,2021,Totale,Italiani,3807,12302,3.20,osservato
017082,Idro,2021,Totale,Stranieri,15335,106292,6.90,osservato
017082,Idro,2021,Totale,Totale,19142,118594,6.20,osservato
017082,Idro,2022,Es. Alberghieri,Italiani,225,673,3.00,osservato
017082,Idro,2022,Es. Alberghieri,Stranieri,977,7595,7.80,osservato
017082,Idro,2022,Es. Alberghieri,Totale,1202,8268,6.90,osservato
017082,Idro,2022,Es. Extra-Alberghieri,Italiani,3893,11703,3.00,osservato
017082,Idro,2022,Es. Extra-Alberghieri,Stranieri,18195,127268,7.00,osservato
017082,Idro,2022,Es. Extra-Alberghieri,Totale,22088,138971,6.30,osservato
017082,Idro,2022,Totale,Italiani,4118,12376,3.00,osservato
017082,Idro,2022,Totale,Stranieri,19172,134863,7.00,osservato
017082,Idro,2022,Totale,Totale,23290,147239,6.30,osservato
017082,Idro,2023,Es. Alberghieri,Italiani,250,806,3.20,osservato
017082,Idro,2023,Es. Alberghieri,Stranieri,858,6510,7.60,osservato
017082,Idro,2023,Es. Alberghieri,Totale,1108,7316,6.60,osservato
017082,Idro,2023,Es. Extra-Alberghieri,Italiani,3768,11194,3.00,osservato
017082,Idro,2023,Es. Extra-Alberghieri,Stranieri,17982,114540,6.40,osservato
017082,Idro,2023,Es. Extra-Alberghieri,Totale,21750,125734,5.80,osservato
017082,Idro,2023,Totale,Italiani,4018,12000,3.00,osservato
017082,Idro,2023,Totale,Stranieri,18840,121050,6.40,osservato
017082,Idro,2023,Totale,Totale,22858,133050,5.80,osservato
017082,Idro,2024,Es. Alberghieri,Italiani,218,534,2.45,osservato
017082,Idro,2024,Es. Alberghieri,Stranieri,628,4765,7.59,osservato
017082,Idro,2024,Es. Alberghieri,Totale,846,5299,6.26,osservato
017082,Idro,2024,Es. Extra-Alberghieri,Italiani,3696,10752,2.91,osservato
017082,Idro,2024,Es. Extra-Alberghieri,Stranieri,18458,118999,6.45,osservato
017082,Idro,2024,Es. Extra-Alberghieri,Totale,22154,129751,5.86,osservato
017082,Idro,2024,Totale,Italiani,3914,11286,2.88,osservato
017082,Idro,2024,Totale,Stranieri,19086,123764,6.48,osservato
017082,Idro,2024,Totale,Totale,23000,135050,5.87,osservato
017083,Incudine,2019,Es. Alberghieri,Italiani,,,,riservato
017083,Incudine,2019,Es. Alberghieri,Stranieri,,,,riservato
017083,Incudine,2019,Es. Alberghieri,Totale,,,,riservato
017083,Incudine,2019,Es. Extra-Alberghieri,Italiani,,,,riservato
017083,Incudine,2019,Es. Extra-Alberghieri,Stranieri,,,,riservato
017083,Incudine,2019,Es. Extra-Alberghieri,Totale,,,,riservato
017083,Incudine,2019,Totale,Italiani,,,,riservato
017083,Incudine,2019,Totale,Stranieri,,,,riservato
017083,Incudine,2019,Totale,Totale,,,,riservato
017083,Incudine,2020,Es. Alberghieri,Italiani,,,,riservato
017083,Incudine,2020,Es. Alberghieri,Stranieri,,,,riservato
017083,Incudine,2020,Es. Alberghieri,Totale,,,,riservato
017083,Incudine,2020,Es. Extra-Alberghieri,Italiani,,,,riservato
017083,Incudine,2020,Es. Extra-Alberghieri,Stranieri,,,,riservato
017083,Incudine,2020,Es. Extra-Alberghieri,Totale,,,,riservato
017083,Incudine,2020,Totale,Italiani,,,,riservato
017083,Incudine,2020,Totale,Stranieri,,,,riservato
017083,Incudine,2020,Totale,Totale,,,,riservato
017083,Incudine,2021,Es. Alberghieri,Italiani,,,,riservato
017083,Incudine,2021,Es. Alberghieri,Stranieri,,,,riservato
017083,Incudine,2021,Es. Alberghieri,Totale,,,,riservato
017083,Incudine,2021,Es. Extra-Alberghieri,Italiani,,,,riservato
017083,Incudine,2021,Es. Extra-Alberghieri,Stranieri,,,,riservato
017083,Incudine,2021,Es. Extra-Alberghieri,Totale,,,,riservato
017083,Incudine,2021,Totale,Italiani,,,,riservato
017083,Incudine,2021,Totale,Stranieri,,,,riservato
017083,Incudine,2021,Totale,Totale,,,,riservato
017083,Incudine,2022,Es. Alberghieri,Italiani,,,,riservato
017083,Incudine,2022,Es. Alberghieri,Stranieri,,,,riservato
017083,Incudine,2022,Es. Alberghieri,Totale,,,,riservato
017083,Incudine,2022,Es. Extra-Alberghieri,Italiani,,,,riservato
017083,Incudine,2022,Es. Extra-Alberghieri,Stranieri,,,,riservato
017083,Incudine,2022,Es. Extra-Alberghieri,Totale,,,,riservato
017083,Incudine,2022,Totale,Italiani,,,,riservato
017083,Incudine,2022,Totale,Stranieri,,,,riservato
017083,Incudine,2022,Totale,Totale,,,,riservato
017083,Incudine,2023,Es. Alberghieri,Italiani,,,,riservato
017083,Incudine,2023,Es. Alberghieri,Stranieri,,,,riservato
017083,Incudine,2023,Es. Alberghieri,Totale,,,,riservato
017083,Incudine,2023,Es. Extra-Alberghieri,Italiani,,,,riservato
017083,Incudine,2023,Es. Extra-Alberghieri,Stranieri,,,,riservato
017083,Incudine,2023,Es. Extra-Alberghieri,Totale,,,,riservato
017083,Incudine,2023,Totale,Italiani,140,584,4.20,osservato
017083,Incudine,2023,Totale,Stranieri,25,148,5.90,osservato
017083,Incudine,2023,Totale,Totale,165,732,4.40,osservato
017083,Incudine,2024,Es. Alberghieri,Italiani,,,,riservato
017083,Incudine,2024,Es. Alberghieri,Stranieri,,,,riservato
017083,Incudine,2024,Es. Alberghieri,Totale,,,,riservato
017083,Incudine,2024,Es. Extra-Alberghieri,Italiani,,,,riservato
017083,Incudine,2024,Es. Extra-Alberghieri,Stranieri,,,,riservato
017083,Incudine,2024,Es. Extra-Alberghieri,Totale,,,,riservato
017083,Incudine,2024,Totale,Italiani,192,676,3.52,osservato
017083,Incudine,2024,Totale,Stranieri,42,302,7.19,osservato
017083,Incudine,2024,Totale,Totale,234,978,4.18,osservato
017085,Iseo,2019,Es. Alberghieri,Italiani,17685,31082,1.80,osservato
017085,Iseo,2019,Es. Alberghieri,Stranieri,21397,58885,2.80,osservato
017085,Iseo,2019,Es. Alberghieri,Totale,39082,89967,2.30,osservato
017085,Iseo,2019,Es. Extra-Alberghieri,Italiani,19792,87966,4.40,osservato
017085,Iseo,2019,Es. Extra-Alberghieri,Stranieri,38254,204441,5.30,osservato
017085,Iseo,2019,Es. Extra-Alberghieri,Totale,58046,292407,5.00,osservato
017085,Iseo,2019,Totale,Italiani,37477,119048,3.20,osservato
017085,Iseo,2019,Totale,Stranieri,59651,263326,4.40,osservato
017085,Iseo,2019,Totale,Totale,97128,382374,3.90,osservato
017085,Iseo,2020,Es. Alberghieri,Italiani,8887,16431,1.80,osservato
017085,Iseo,2020,Es. Alberghieri,Stranieri,5500,14603,2.70,osservato
017085,Iseo,2020,Es. Alberghieri,Totale,14387,31034,2.20,osservato
017085,Iseo,2020,Es. Extra-Alberghieri,Italiani,10626,52805,5.00,osservato
017085,Iseo,2020,Es. Extra-Alberghieri,Stranieri,11910,56462,4.70,osservato
017085,Iseo,2020,Es. Extra-Alberghieri,Totale,22536,109267,4.80,osservato
017085,Iseo,2020,Totale,Italiani,19513,69236,3.50,osservato
017085,Iseo,2020,Totale,Stranieri,17410,71065,4.10,osservato
017085,Iseo,2020,Totale,Totale,36923,140301,3.80,osservato
017085,Iseo,2021,Es. Alberghieri,Italiani,13621,26879,2.00,osservato
017085,Iseo,2021,Es. Alberghieri,Stranieri,11117,38556,3.50,osservato
017085,Iseo,2021,Es. Alberghieri,Totale,24738,65435,2.60,osservato
017085,Iseo,2021,Es. Extra-Alberghieri,Italiani,20131,89512,4.40,osservato
017085,Iseo,2021,Es. Extra-Alberghieri,Stranieri,29651,159183,5.40,osservato
017085,Iseo,2021,Es. Extra-Alberghieri,Totale,49782,248695,5.00,osservato
017085,Iseo,2021,Totale,Italiani,33752,116391,3.40,osservato
017085,Iseo,2021,Totale,Stranieri,40768,197739,4.90,osservato
017085,Iseo,2021,Totale,Totale,74520,314130,4.20,osservato
017085,Iseo,2022,Es. Alberghieri,Italiani,15255,25730,1.70,osservato
017085,Iseo,2022,Es. Alberghieri,Stranieri,21118,60208,2.90,osservato
017085,Iseo,2022,Es. Alberghieri,Totale,36373,85938,2.40,osservato
017085,Iseo,2022,Es. Extra-Alberghieri,Italiani,19591,109223,5.60,osservato
017085,Iseo,2022,Es. Extra-Alberghieri,Stranieri,44633,233653,5.20,osservato
017085,Iseo,2022,Es. Extra-Alberghieri,Totale,64224,342876,5.30,osservato
017085,Iseo,2022,Totale,Italiani,34846,134953,3.90,osservato
017085,Iseo,2022,Totale,Stranieri,65751,293861,4.50,osservato
017085,Iseo,2022,Totale,Totale,100597,428814,4.30,osservato
017085,Iseo,2023,Es. Alberghieri,Italiani,14698,25917,1.80,osservato
017085,Iseo,2023,Es. Alberghieri,Stranieri,20440,58605,2.90,osservato
017085,Iseo,2023,Es. Alberghieri,Totale,35138,84522,2.40,osservato
017085,Iseo,2023,Es. Extra-Alberghieri,Italiani,22747,117519,5.20,osservato
017085,Iseo,2023,Es. Extra-Alberghieri,Stranieri,54091,262886,4.90,osservato
017085,Iseo,2023,Es. Extra-Alberghieri,Totale,76838,380405,5.00,osservato
017085,Iseo,2023,Totale,Italiani,37445,143436,3.80,osservato
017085,Iseo,2023,Totale,Stranieri,74531,321491,4.30,osservato
017085,Iseo,2023,Totale,Totale,111976,464927,4.20,osservato
017085,Iseo,2024,Es. Alberghieri,Italiani,13745,24008,1.75,osservato
017085,Iseo,2024,Es. Alberghieri,Stranieri,21392,61383,2.87,osservato
017085,Iseo,2024,Es. Alberghieri,Totale,35137,85391,2.43,osservato
017085,Iseo,2024,Es. Extra-Alberghieri,Italiani,18433,89305,4.84,osservato
017085,Iseo,2024,Es. Extra-Alberghieri,Stranieri,56616,276492,4.88,osservato
017085,Iseo,2024,Es. Extra-Alberghieri,Totale,75049,365797,4.87,osservato
017085,Iseo,2024,Totale,Italiani,32178,113313,3.52,osservato
017085,Iseo,2024,Totale,Stranieri,78008,337875,4.33,osservato
017085,Iseo,2024,Totale,Totale,110186,451188,4.09,osservato
017086,Isorella,2019,Es. Alberghieri,Italiani,,,,riservato
017086,Isorella,2019,Es. Alberghieri,Stranieri,,,,riservato
017086,Isorella,2019,Es. Alberghieri,Totale,,,,riservato
017086,Isorella,2019,Es. Extra-Alberghieri,Italiani,,,,riservato
017086,Isorella,2019,Es. Extra-Alberghieri,Stranieri,,,,riservato
017086,Isorella,2019,Es. Extra-Alberghieri,Totale,,,,riservato
017086,Isorella,2019,Totale,Italiani,,,,riservato
017086,Isorella,2019,Totale,Stranieri,,,,riservato
017086,Isorella,2019,Totale,Totale,,,,riservato
017086,Isorella,2020,Es. Alberghieri,Italiani,,,,riservato
017086,Isorella,2020,Es. Alberghieri,Stranieri,,,,riservato
017086,Isorella,2020,Es. Alberghieri,Totale,,,,riservato
017086,Isorella,2020,Es. Extra-Alberghieri,Italiani,,,,riservato
017086,Isorella,2020,Es. Extra-Alberghieri,Stranieri,,,,riservato
017086,Isorella,2020,Es. Extra-Alberghieri,Totale,,,,riservato
017086,Isorella,2020,Totale,Italiani,,,,riservato
017086,Isorella,2020,Totale,Stranieri,,,,riservato
017086,Isorella,2020,Totale,Totale,,,,riservato
017086,Isorella,2021,Es. Alberghieri,Italiani,,,,riservato
017086,Isorella,2021,Es. Alberghieri,Stranieri,,,,riservato
017086,Isorella,2021,Es. Alberghieri,Totale,,,,riservato
017086,Isorella,2021,Es. Extra-Alberghieri,Italiani,,,,riservato
017086,Isorella,2021,Es. Extra-Alberghieri,Stranieri,,,,riservato
017086,Isorella,2021,Es. Extra-Alberghieri,Totale,,,,riservato
017086,Isorella,2021,Totale,Italiani,,,,riservato
017086,Isorella,2021,Totale,Stranieri,,,,riservato
017086,Isorella,2021,Totale,Totale,,,,riservato
017086,Isorella,2022,Es. Alberghieri,Italiani,,,,riservato
017086,Isorella,2022,Es. Alberghieri,Stranieri,,,,riservato
017086,Isorella,2022,Es. Alberghieri,Totale,,,,riservato
017086,Isorella,2022,Es. Extra-Alberghieri,Italiani,,,,riservato
017086,Isorella,2022,Es. Extra-Alberghieri,Stranieri,,,,riservato
017086,Isorella,2022,Es. Extra-Alberghieri,Totale,,,,riservato
017086,Isorella,2022,Totale,Italiani,,,,riservato
017086,Isorella,2022,Totale,Stranieri,,,,riservato
017086,Isorella,2022,Totale,Totale,,,,riservato
017086,Isorella,2023,Es. Alberghieri,Italiani,,,,riservato
017086,Isorella,2023,Es. Alberghieri,Stranieri,,,,riservato
017086,Isorella,2023,Es. Alberghieri,Totale,,,,riservato
017086,Isorella,2023,Es. Extra-Alberghieri,Italiani,,,,riservato
017086,Isorella,2023,Es. Extra-Alberghieri,Stranieri,,,,riservato
017086,Isorella,2023,Es. Extra-Alberghieri,Totale,,,,riservato
017086,Isorella,2023,Totale,Italiani,,,,riservato
017086,Isorella,2023,Totale,Stranieri,,,,riservato
017086,Isorella,2023,Totale,Totale,,,,riservato
017086,Isorella,2024,Es. Alberghieri,Italiani,,,,riservato
017086,Isorella,2024,Es. Alberghieri,Stranieri,,,,riservato
017086,Isorella,2024,Es. Alberghieri,Totale,,,,riservato
017086,Isorella,2024,Es. Extra-Alberghieri,Italiani,,,,riservato
017086,Isorella,2024,Es. Extra-Alberghieri,Stranieri,,,,riservato
017086,Isorella,2024,Es. Extra-Alberghieri,Totale,,,,riservato
017086,Isorella,2024,Totale,Italiani,,,,riservato
017086,Isorella,2024,Totale,Stranieri,,,,riservato
017086,Isorella,2024,Totale,Totale,,,,riservato
017087,Lavenone,2019,Es. Alberghieri,Italiani,,,,riservato
017087,Lavenone,2019,Es. Alberghieri,Stranieri,,,,riservato
017087,Lavenone,2019,Es. Alberghieri,Totale,,,,riservato
017087,Lavenone,2019,Es. Extra-Alberghieri,Italiani,,,,riservato
017087,Lavenone,2019,Es. Extra-Alberghieri,Stranieri,,,,riservato
017087,Lavenone,2019,Es. Extra-Alberghieri,Totale,,,,riservato
017087,Lavenone,2019,Totale,Italiani,130,182,1.40,osservato
017087,Lavenone,2019,Totale,Stranieri,62,325,5.20,osservato
017087,Lavenone,2019,Totale,Totale,192,507,2.60,osservato
017087,Lavenone,2020,Es. Extra-Alberghieri,Italiani,249,439,1.80,osservato
017087,Lavenone,2020,Es. Extra-Alberghieri,Stranieri,57,227,4.00,osservato
017087,Lavenone,2020,Es. Extra-Alberghieri,Totale,306,666,2.20,osservato
017087,Lavenone,2020,Totale,Italiani,249,439,1.80,osservato
017087,Lavenone,2020,Totale,Stranieri,57,227,4.00,osservato
017087,Lavenone,2020,Totale,Totale,306,666,2.20,osservato
017087,Lavenone,2021,Es. Alberghieri,Italiani,,,,riservato
017087,Lavenone,2021,Es. Alberghieri,Stranieri,,,,riservato
017087,Lavenone,2021,Es. Alberghieri,Totale,,,,riservato
017087,Lavenone,2021,Es. Extra-Alberghieri,Italiani,121,138,1.10,osservato
017087,Lavenone,2021,Es. Extra-Alberghieri,Stranieri,79,268,3.40,osservato
017087,Lavenone,2021,Es. Extra-Alberghieri,Totale,200,406,2.00,osservato
017087,Lavenone,2021,Totale,Italiani,121,138,1.10,osservato
017087,Lavenone,2021,Totale,Stranieri,79,268,3.40,osservato
017087,Lavenone,2021,Totale,Totale,200,406,2.00,osservato
017087,Lavenone,2022,Es. Alberghieri,Italiani,,,,riservato
017087,Lavenone,2022,Es. Alberghieri,Stranieri,,,,riservato
017087,Lavenone,2022,Es. Alberghieri,Totale,,,,riservato
017087,Lavenone,2022,Es. Extra-Alberghieri,Italiani,310,559,1.80,osservato
017087,Lavenone,2022,Es. Extra-Alberghieri,Stranieri,265,590,2.20,osservato
017087,Lavenone,2022,Es. Extra-Alberghieri,Totale,575,1149,2.00,osservato
017087,Lavenone,2022,Totale,Italiani,310,559,1.80,osservato
017087,Lavenone,2022,Totale,Stranieri,265,590,2.20,osservato
017087,Lavenone,2022,Totale,Totale,575,1149,2.00,osservato
017087,Lavenone,2023,Es. Alberghieri,Italiani,,,,riservato
017087,Lavenone,2023,Es. Alberghieri,Stranieri,,,,riservato
017087,Lavenone,2023,Es. Alberghieri,Totale,,,,riservato
017087,Lavenone,2023,Es. Extra-Alberghieri,Italiani,,,,riservato
017087,Lavenone,2023,Es. Extra-Alberghieri,Stranieri,,,,riservato
017087,Lavenone,2023,Es. Extra-Alberghieri,Totale,,,,riservato
017087,Lavenone,2023,Totale,Italiani,169,409,2.40,osservato
017087,Lavenone,2023,Totale,Stranieri,95,226,2.40,osservato
017087,Lavenone,2023,Totale,Totale,264,635,2.40,osservato
017087,Lavenone,2024,Es. Alberghieri,Italiani,,,,riservato
017087,Lavenone,2024,Es. Alberghieri,Stranieri,,,,riservato
017087,Lavenone,2024,Es. Alberghieri,Totale,,,,riservato
017087,Lavenone,2024,Es. Extra-Alberghieri,Italiani,,,,riservato
017087,Lavenone,2024,Es. Extra-Alberghieri,Stranieri,,,,riservato
017087,Lavenone,2024,Es. Extra-Alberghieri,Totale,,,,riservato
017087,Lavenone,2024,Totale,Italiani,126,229,1.82,osservato
017087,Lavenone,2024,Totale,Stranieri,122,641,5.25,osservato
017087,Lavenone,2024,Totale,Totale,248,870,3.51,osservato
017088,Leno,2019,Es. Alberghieri,Italiani,,,,riservato
017088,Leno,2019,Es. Alberghieri,Stranieri,,,,riservato
017088,Leno,2019,Es. Alberghieri,Totale,,,,riservato
017088,Leno,2019,Es. Extra-Alberghieri,Italiani,,,,riservato
017088,Leno,2019,Es. Extra-Alberghieri,Stranieri,,,,riservato
017088,Leno,2019,Es. Extra-Alberghieri,Totale,,,,riservato
017088,Leno,2019,Totale,Italiani,3982,10157,2.60,osservato
017088,Leno,2019,Totale,Stranieri,600,1264,2.10,osservato
017088,Leno,2019,Totale,Totale,4582,11421,2.50,osservato
017088,Leno,2020,Es. Alberghieri,Italiani,,,,riservato
017088,Leno,2020,Es. Alberghieri,Stranieri,,,,riservato
017088,Leno,2020,Es. Alberghieri,Totale,,,,riservato
017088,Leno,2020,Es. Extra-Alberghieri,Italiani,,,,riservato
017088,Leno,2020,Es. Extra-Alberghieri,Stranieri,,,,riservato
017088,Leno,2020,Es. Extra-Alberghieri,Totale,,,,riservato
017088,Leno,2020,Totale,Italiani,2452,6744,2.80,osservato
017088,Leno,2020,Totale,Stranieri,264,1031,3.90,osservato
017088,Leno,2020,Totale,Totale,2716,7775,2.90,osservato
017088,Leno,2021,Es. Alberghieri,Italiani,,,,riservato
017088,Leno,2021,Es. Alberghieri,Stranieri,,,,riservato
017088,Leno,2021,Es. Alberghieri,Totale,,,,riservato
017088,Leno,2021,Es. Extra-Alberghieri,Italiani,,,,riservato
017088,Leno,2021,Es. Extra-Alberghieri,Stranieri,,,,riservato
017088,Leno,2021,Es. Extra-Alberghieri,Totale,,,,riservato
017088,Leno,2021,Totale,Italiani,3922,10648,2.70,osservato
017088,Leno,2021,Totale,Stranieri,397,1421,3.60,osservato
017088,Leno,2021,Totale,Totale,4319,12069,2.80,osservato
017088,Leno,2022,Es. Alberghieri,Italiani,,,,riservato
017088,Leno,2022,Es. Alberghieri,Stranieri,,,,riservato
017088,Leno,2022,Es. Alberghieri,Totale,,,,riservato
017088,Leno,2022,Es. Extra-Alberghieri,Italiani,,,,riservato
017088,Leno,2022,Es. Extra-Alberghieri,Stranieri,,,,riservato
017088,Leno,2022,Es. Extra-Alberghieri,Totale,,,,riservato
017088,Leno,2022,Totale,Italiani,3836,11949,3.10,osservato
017088,Leno,2022,Totale,Stranieri,590,1999,3.40,osservato
017088,Leno,2022,Totale,Totale,4426,13948,3.20,osservato
017088,Leno,2023,Es. Alberghieri,Italiani,,,,riservato
017088,Leno,2023,Es. Alberghieri,Stranieri,,,,riservato
017088,Leno,2023,Es. Alberghieri,Totale,,,,riservato
017088,Leno,2023,Es. Extra-Alberghieri,Italiani,,,,riservato
017088,Leno,2023,Es. Extra-Alberghieri,Stranieri,,,,riservato
017088,Leno,2023,Es. Extra-Alberghieri,Totale,,,,riservato
017088,Leno,2023,Totale,Italiani,3967,11396,2.90,osservato
017088,Leno,2023,Totale,Stranieri,655,1795,2.70,osservato
017088,Leno,2023,Totale,Totale,4622,13191,2.90,osservato
017088,Leno,2024,Es. Alberghieri,Italiani,,,,riservato
017088,Leno,2024,Es. Alberghieri,Stranieri,,,,riservato
017088,Leno,2024,Es. Alberghieri,Totale,,,,riservato
017088,Leno,2024,Es. Extra-Alberghieri,Italiani,,,,riservato
017088,Leno,2024,Es. Extra-Alberghieri,Stranieri,,,,riservato
017088,Leno,2024,Es. Extra-Alberghieri,Totale,,,,riservato
017088,Leno,2024,Totale,Italiani,3595,10695,2.97,osservato
017088,Leno,2024,Totale,Stranieri,586,1809,3.09,osservato
017088,Leno,2024,Totale,Totale,4181,12504,2.99,osservato
017089,Limone sul Garda,2019,Es. Alberghieri,Italiani,29040,60614,2.10,osservato
017089,Limone sul Garda,2019,Es. Alberghieri,Stranieri,183626,980108,5.30,osservato
017089,Limone sul Garda,2019,Es. Alberghieri,Totale,212666,1040722,4.90,osservato
017089,Limone sul Garda,2019,Es. Extra-Alberghieri,Italiani,4279,9557,2.20,osservato
017089,Limone sul Garda,2019,Es. Extra-Alberghieri,Stranieri,26200,128806,4.90,osservato
017089,Limone sul Garda,2019,Es. Extra-Alberghieri,Totale,30479,138363,4.50,osservato
017089,Limone sul Garda,2019,Totale,Italiani,33319,70171,2.10,osservato
017089,Limone sul Garda,2019,Totale,Stranieri,209826,1108914,5.30,osservato
017089,Limone sul Garda,2019,Totale,Totale,243145,1179085,4.80,osservato
017089,Limone sul Garda,2020,Es. Alberghieri,Italiani,29137,68045,2.30,osservato
017089,Limone sul Garda,2020,Es. Alberghieri,Stranieri,47777,249870,5.20,osservato
017089,Limone sul Garda,2020,Es. Alberghieri,Totale,76914,317915,4.10,osservato
017089,Limone sul Garda,2020,Es. Extra-Alberghieri,Italiani,5396,13992,2.60,osservato
017089,Limone sul Garda,2020,Es. Extra-Alberghieri,Stranieri,13074,62365,4.80,osservato
017089,Limone sul Garda,2020,Es. Extra-Alberghieri,Totale,18470,76357,4.10,osservato
017089,Limone sul Garda,2020,Totale,Italiani,34533,82037,2.40,osservato
017089,Limone sul Garda,2020,Totale,Stranieri,60851,312235,5.10,osservato
017089,Limone sul Garda,2020,Totale,Totale,95384,394272,4.10,osservato
017089,Limone sul Garda,2021,Es. Alberghieri,Italiani,47556,100134,2.10,osservato
017089,Limone sul Garda,2021,Es. Alberghieri,Stranieri,120876,665584,5.50,osservato
017089,Limone sul Garda,2021,Es. Alberghieri,Totale,168432,765718,4.50,osservato
017089,Limone sul Garda,2021,Es. Extra-Alberghieri,Italiani,6750,16106,2.40,osservato
017089,Limone sul Garda,2021,Es. Extra-Alberghieri,Stranieri,21469,111113,5.20,osservato
017089,Limone sul Garda,2021,Es. Extra-Alberghieri,Totale,28219,127219,4.50,osservato
017089,Limone sul Garda,2021,Totale,Italiani,54306,116240,2.10,osservato
017089,Limone sul Garda,2021,Totale,Stranieri,142345,776697,5.50,osservato
017089,Limone sul Garda,2021,Totale,Totale,196651,892937,4.50,osservato
017089,Limone sul Garda,2022,Es. Alberghieri,Italiani,47797,92391,1.90,osservato
017089,Limone sul Garda,2022,Es. Alberghieri,Stranieri,173745,899335,5.20,osservato
017089,Limone sul Garda,2022,Es. Alberghieri,Totale,221542,991726,4.50,osservato
017089,Limone sul Garda,2022,Es. Extra-Alberghieri,Italiani,7005,15430,2.20,osservato
017089,Limone sul Garda,2022,Es. Extra-Alberghieri,Stranieri,30169,145581,4.80,osservato
017089,Limone sul Garda,2022,Es. Extra-Alberghieri,Totale,37174,161011,4.30,osservato
017089,Limone sul Garda,2022,Totale,Italiani,54802,107821,2.00,osservato
017089,Limone sul Garda,2022,Totale,Stranieri,203914,1044916,5.10,osservato
017089,Limone sul Garda,2022,Totale,Totale,258716,1152737,4.50,osservato
017089,Limone sul Garda,2023,Es. Alberghieri,Italiani,45360,92061,2.00,osservato
017089,Limone sul Garda,2023,Es. Alberghieri,Stranieri,184309,917758,5.00,osservato
017089,Limone sul Garda,2023,Es. Alberghieri,Totale,229669,1009819,4.40,osservato
017089,Limone sul Garda,2023,Es. Extra-Alberghieri,Italiani,5899,12934,2.20,osservato
017089,Limone sul Garda,2023,Es. Extra-Alberghieri,Stranieri,31853,152389,4.80,osservato
017089,Limone sul Garda,2023,Es. Extra-Alberghieri,Totale,37752,165323,4.40,osservato
017089,Limone sul Garda,2023,Totale,Italiani,51259,104995,2.00,osservato
017089,Limone sul Garda,2023,Totale,Stranieri,216162,1070147,5.00,osservato
017089,Limone sul Garda,2023,Totale,Totale,267421,1175142,4.40,osservato
017089,Limone sul Garda,2024,Es. Alberghieri,Italiani,41382,82970,2.00,osservato
017089,Limone sul Garda,2024,Es. Alberghieri,Stranieri,204046,976755,4.79,osservato
017089,Limone sul Garda,2024,Es. Alberghieri,Totale,245428,1059725,4.32,osservato
017089,Limone sul Garda,2024,Es. Extra-Alberghieri,Italiani,4940,10324,2.09,osservato
017089,Limone sul Garda,2024,Es. Extra-Alberghieri,Stranieri,35027,165740,4.73,osservato
017089,Limone sul Garda,2024,Es. Extra-Alberghieri,Totale,39967,176064,4.41,osservato
017089,Limone sul Garda,2024,Totale,Italiani,46322,93294,2.01,osservato
017089,Limone sul Garda,2024,Totale,Stranieri,239073,1142495,4.78,osservato
017089,Limone sul Garda,2024,Totale,Totale,285395,1235789,4.33,osservato
017090,Lodrino,2019,Es. Alberghieri,Italiani,,,,riservato
017090,Lodrino,2019,Es. Alberghieri,Stranieri,,,,riservato
017090,Lodrino,2019,Es. Alberghieri,Totale,,,,riservato
017090,Lodrino,2019,Es. Extra-Alberghieri,Italiani,,,,riservato
017090,Lodrino,2019,Es. Extra-Alberghieri,Stranieri,,,,riservato
017090,Lodrino,2019,Es. Extra-Alberghieri,Totale,,,,riservato
017090,Lodrino,2019,Totale,Italiani,,,,riservato
017090,Lodrino,2019,Totale,Stranieri,,,,riservato
017090,Lodrino,2019,Totale,Totale,,,,riservato
017090,Lodrino,2020,Es. Alberghieri,Italiani,,,,riservato
017090,Lodrino,2020,Es. Alberghieri,Stranieri,,,,riservato
017090,Lodrino,2020,Es. Alberghieri,Totale,,,,riservato
017090,Lodrino,2020,Es. Extra-Alberghieri,Italiani,,,,riservato
017090,Lodrino,2020,Es. Extra-Alberghieri,Stranieri,,,,riservato
017090,Lodrino,2020,Es. Extra-Alberghieri,Totale,,,,riservato
017090,Lodrino,2020,Totale,Italiani,,,,riservato
017090,Lodrino,2020,Totale,Stranieri,,,,riservato
017090,Lodrino,2020,Totale,Totale,,,,riservato
017090,Lodrino,2021,Es. Alberghieri,Italiani,,,,riservato
017090,Lodrino,2021,Es. Alberghieri,Stranieri,,,,riservato
017090,Lodrino,2021,Es. Alberghieri,Totale,,,,riservato
017090,Lodrino,2021,Es. Extra-Alberghieri,Italiani,,,,riservato
017090,Lodrino,2021,Es. Extra-Alberghieri,Stranieri,,,,riservato
017090,Lodrino,2021,Es. Extra-Alberghieri,Totale,,,,riservato
017090,Lodrino,2021,Totale,Italiani,,,,riservato
017090,Lodrino,2021,Totale,Stranieri,,,,riservato
017090,Lodrino,2021,Totale,Totale,,,,riservato
017090,Lodrino,2022,Es. Alberghieri,Italiani,,,,riservato
017090,Lodrino,2022,Es. Alberghieri,Stranieri,,,,riservato
017090,Lodrino,2022,Es. Alberghieri,Totale,,,,riservato
017090,Lodrino,2022,Es. Extra-Alberghieri,Italiani,,,,riservato
017090,Lodrino,2022,Es. Extra-Alberghieri,Stranieri,,,,riservato
017090,Lodrino,2022,Es. Extra-Alberghieri,Totale,,,,riservato
017090,Lodrino,2022,Totale,Italiani,,,,riservato
017090,Lodrino,2022,Totale,Stranieri,,,,riservato
017090,Lodrino,2022,Totale,Totale,,,,riservato
017090,Lodrino,2023,Es. Alberghieri,Italiani,,,,riservato
017090,Lodrino,2023,Es. Alberghieri,Stranieri,,,,riservato
017090,Lodrino,2023,Es. Alberghieri,Totale,,,,riservato
017090,Lodrino,2023,Es. Extra-Alberghieri,Italiani,,,,riservato
017090,Lodrino,2023,Es. Extra-Alberghieri,Stranieri,,,,riservato
017090,Lodrino,2023,Es. Extra-Alberghieri,Totale,,,,riservato
017090,Lodrino,2023,Totale,Italiani,189,360,1.90,osservato
017090,Lodrino,2023,Totale,Stranieri,76,254,3.30,osservato
017090,Lodrino,2023,Totale,Totale,265,614,2.30,osservato
017090,Lodrino,2024,Es. Alberghieri,Italiani,,,,riservato
017090,Lodrino,2024,Es. Alberghieri,Stranieri,,,,riservato
017090,Lodrino,2024,Es. Alberghieri,Totale,,,,riservato
017090,Lodrino,2024,Es. Extra-Alberghieri,Italiani,,,,riservato
017090,Lodrino,2024,Es. Extra-Alberghieri,Stranieri,,,,riservato
017090,Lodrino,2024,Es. Extra-Alberghieri,Totale,,,,riservato
017090,Lodrino,2024,Totale,Italiani,314,623,1.98,osservato
017090,Lodrino,2024,Totale,Stranieri,129,367,2.84,osservato
017090,Lodrino,2024,Totale,Totale,443,990,2.23,osservato
017091,Lograto,2019,Es. Alberghieri,Italiani,,,,riservato
017091,Lograto,2019,Es. Alberghieri,Stranieri,,,,riservato
017091,Lograto,2019,Es. Alberghieri,Totale,,,,riservato
017091,Lograto,2019,Es. Extra-Alberghieri,Italiani,,,,riservato
017091,Lograto,2019,Es. Extra-Alberghieri,Stranieri,,,,riservato
017091,Lograto,2019,Es. Extra-Alberghieri,Totale,,,,riservato
017091,Lograto,2019,Totale,Italiani,,,,riservato
017091,Lograto,2019,Totale,Stranieri,,,,riservato
017091,Lograto,2019,Totale,Totale,,,,riservato
017091,Lograto,2020,Es. Alberghieri,Italiani,,,,riservato
017091,Lograto,2020,Es. Alberghieri,Stranieri,,,,riservato
017091,Lograto,2020,Es. Alberghieri,Totale,,,,riservato
017091,Lograto,2020,Es. Extra-Alberghieri,Italiani,,,,riservato
017091,Lograto,2020,Es. Extra-Alberghieri,Stranieri,,,,riservato
017091,Lograto,2020,Es. Extra-Alberghieri,Totale,,,,riservato
017091,Lograto,2020,Totale,Italiani,,,,riservato
017091,Lograto,2020,Totale,Stranieri,,,,riservato
017091,Lograto,2020,Totale,Totale,,,,riservato
017091,Lograto,2021,Es. Alberghieri,Italiani,,,,riservato
017091,Lograto,2021,Es. Alberghieri,Stranieri,,,,riservato
017091,Lograto,2021,Es. Alberghieri,Totale,,,,riservato
017091,Lograto,2021,Es. Extra-Alberghieri,Italiani,,,,riservato
017091,Lograto,2021,Es. Extra-Alberghieri,Stranieri,,,,riservato
017091,Lograto,2021,Es. Extra-Alberghieri,Totale,,,,riservato
017091,Lograto,2021,Totale,Italiani,,,,riservato
017091,Lograto,2021,Totale,Stranieri,,,,riservato
017091,Lograto,2021,Totale,Totale,,,,riservato
017091,Lograto,2024,Es. Alberghieri,Italiani,,,,riservato
017091,Lograto,2024,Es. Alberghieri,Stranieri,,,,riservato
017091,Lograto,2024,Es. Alberghieri,Totale,,,,riservato
017091,Lograto,2024,Es. Extra-Alberghieri,Italiani,,,,riservato
017091,Lograto,2024,Es. Extra-Alberghieri,Stranieri,,,,riservato
017091,Lograto,2024,Es. Extra-Alberghieri,Totale,,,,riservato
017091,Lograto,2024,Totale,Italiani,,,,riservato
017091,Lograto,2024,Totale,Stranieri,,,,riservato
017091,Lograto,2024,Totale,Totale,,,,riservato
017092,Lonato del Garda,2019,Es. Alberghieri,Italiani,44242,47090,1.10,osservato
017092,Lonato del Garda,2019,Es. Alberghieri,Stranieri,2995,6594,2.20,osservato
017092,Lonato del Garda,2019,Es. Alberghieri,Totale,47237,53684,1.10,osservato
017092,Lonato del Garda,2019,Es. Extra-Alberghieri,Italiani,4334,11647,2.70,osservato
017092,Lonato del Garda,2019,Es. Extra-Alberghieri,Stranieri,4294,21368,5.00,osservato
017092,Lonato del Garda,2019,Es. Extra-Alberghieri,Totale,8628,33015,3.80,osservato
017092,Lonato del Garda,2019,Totale,Italiani,48576,58737,1.20,osservato
017092,Lonato del Garda,2019,Totale,Stranieri,7289,27962,3.80,osservato
017092,Lonato del Garda,2019,Totale,Totale,55865,86699,1.60,osservato
017092,Lonato del Garda,2020,Es. Alberghieri,Italiani,28303,31956,1.10,osservato
017092,Lonato del Garda,2020,Es. Alberghieri,Stranieri,1331,2431,1.80,osservato
017092,Lonato del Garda,2020,Es. Alberghieri,Totale,29634,34387,1.20,osservato
017092,Lonato del Garda,2020,Es. Extra-Alberghieri,Italiani,2193,7470,3.40,osservato
017092,Lonato del Garda,2020,Es. Extra-Alberghieri,Stranieri,1650,9442,5.70,osservato
017092,Lonato del Garda,2020,Es. Extra-Alberghieri,Totale,3843,16912,4.40,osservato
017092,Lonato del Garda,2020,Totale,Italiani,30496,39426,1.30,osservato
017092,Lonato del Garda,2020,Totale,Stranieri,2981,11873,4.00,osservato
017092,Lonato del Garda,2020,Totale,Totale,33477,51299,1.50,osservato
017092,Lonato del Garda,2021,Es. Alberghieri,Italiani,31404,34642,1.10,osservato
017092,Lonato del Garda,2021,Es. Alberghieri,Stranieri,2286,5594,2.40,osservato
017092,Lonato del Garda,2021,Es. Alberghieri,Totale,33690,40236,1.20,osservato
017092,Lonato del Garda,2021,Es. Extra-Alberghieri,Italiani,3927,11170,2.80,osservato
017092,Lonato del Garda,2021,Es. Extra-Alberghieri,Stranieri,4032,21212,5.30,osservato
017092,Lonato del Garda,2021,Es. Extra-Alberghieri,Totale,7959,32382,4.10,osservato
017092,Lonato del Garda,2021,Totale,Italiani,35331,45812,1.30,osservato
017092,Lonato del Garda,2021,Totale,Stranieri,6318,26806,4.20,osservato
017092,Lonato del Garda,2021,Totale,Totale,41649,72618,1.70,osservato
017092,Lonato del Garda,2022,Es. Alberghieri,Italiani,39616,43505,1.10,osservato
017092,Lonato del Garda,2022,Es. Alberghieri,Stranieri,3301,7600,2.30,osservato
017092,Lonato del Garda,2022,Es. Alberghieri,Totale,42917,51105,1.20,osservato
017092,Lonato del Garda,2022,Es. Extra-Alberghieri,Italiani,7215,20863,2.90,osservato
017092,Lonato del Garda,2022,Es. Extra-Alberghieri,Stranieri,7496,38803,5.20,osservato
017092,Lonato del Garda,2022,Es. Extra-Alberghieri,Totale,14711,59666,4.10,osservato
017092,Lonato del Garda,2022,Totale,Italiani,46831,64368,1.40,osservato
017092,Lonato del Garda,2022,Totale,Stranieri,10797,46403,4.30,osservato
017092,Lonato del Garda,2022,Totale,Totale,57628,110771,1.90,osservato
017092,Lonato del Garda,2023,Es. Alberghieri,Italiani,41394,45694,1.10,osservato
017092,Lonato del Garda,2023,Es. Alberghieri,Stranieri,3702,8197,2.20,osservato
017092,Lonato del Garda,2023,Es. Alberghieri,Totale,45096,53891,1.20,osservato
017092,Lonato del Garda,2023,Es. Extra-Alberghieri,Italiani,8548,22617,2.60,osservato
017092,Lonato del Garda,2023,Es. Extra-Alberghieri,Stranieri,8906,41223,4.60,osservato
017092,Lonato del Garda,2023,Es. Extra-Alberghieri,Totale,17454,63840,3.70,osservato
017092,Lonato del Garda,2023,Totale,Italiani,49942,68311,1.40,osservato
017092,Lonato del Garda,2023,Totale,Stranieri,12608,49420,3.90,osservato
017092,Lonato del Garda,2023,Totale,Totale,62550,117731,1.90,osservato
017092,Lonato del Garda,2024,Es. Alberghieri,Italiani,40016,45362,1.13,osservato
017092,Lonato del Garda,2024,Es. Alberghieri,Stranieri,3344,8174,2.44,osservato
017092,Lonato del Garda,2024,Es. Alberghieri,Totale,43360,53536,1.23,osservato
017092,Lonato del Garda,2024,Es. Extra-Alberghieri,Italiani,10382,27640,2.66,osservato
017092,Lonato del Garda,2024,Es. Extra-Alberghieri,Stranieri,9960,45969,4.62,osservato
017092,Lonato del Garda,2024,Es. Extra-Alberghieri,Totale,20342,73609,3.62,osservato
017092,Lonato del Garda,2024,Totale,Italiani,50398,73002,1.45,osservato
017092,Lonato del Garda,2024,Totale,Stranieri,13304,54143,4.07,osservato
017092,Lonato del Garda,2024,Totale,Totale,63702,127145,2.00,osservato
017094,Losine,2024,Es. Alberghieri,Italiani,,,,riservato
017094,Losine,2024,Es. Alberghieri,Stranieri,,,,riservato
017094,Losine,2024,Es. Alberghieri,Totale,,,,riservato
017094,Losine,2024,Es. Extra-Alberghieri,Italiani,,,,riservato
017094,Losine,2024,Es. Extra-Alberghieri,Stranieri,,,,riservato
017094,Losine,2024,Es. Extra-Alberghieri,Totale,,,,riservato
017094,Losine,2024,Totale,Italiani,,,,riservato
017094,Losine,2024,Totale,Stranieri,,,,riservato
017094,Losine,2024,Totale,Totale,,,,riservato
017095,Lozio,2019,Es. Alberghieri,Italiani,,,,riservato
017095,Lozio,2019,Es. Alberghieri,Stranieri,,,,riservato
017095,Lozio,2019,Es. Alberghieri,Totale,,,,riservato
017095,Lozio,2019,Es. Extra-Alberghieri,Italiani,,,,riservato
017095,Lozio,2019,Es. Extra-Alberghieri,Stranieri,,,,riservato
017095,Lozio,2019,Es. Extra-Alberghieri,Totale,,,,riservato
017095,Lozio,2019,Totale,Italiani,231,538,2.30,osservato
017095,Lozio,2019,Totale,Stranieri,30,106,3.50,osservato
017095,Lozio,2019,Totale,Totale,261,644,2.50,osservato
017095,Lozio,2020,Es. Extra-Alberghieri,Italiani,196,491,2.50,osservato
017095,Lozio,2020,Es. Extra-Alberghieri,Stranieri,17,28,1.60,osservato
017095,Lozio,2020,Es. Extra-Alberghieri,Totale,213,519,2.40,osservato
017095,Lozio,2020,Totale,Italiani,196,491,2.50,osservato
017095,Lozio,2020,Totale,Stranieri,17,28,1.60,osservato
017095,Lozio,2020,Totale,Totale,213,519,2.40,osservato
017095,Lozio,2021,Es. Alberghieri,Italiani,,,,riservato
017095,Lozio,2021,Es. Alberghieri,Stranieri,,,,riservato
017095,Lozio,2021,Es. Alberghieri,Totale,,,,riservato
017095,Lozio,2021,Es. Extra-Alberghieri,Italiani,198,621,3.10,osservato
017095,Lozio,2021,Es. Extra-Alberghieri,Stranieri,22,96,4.40,osservato
017095,Lozio,2021,Es. Extra-Alberghieri,Totale,220,717,3.30,osservato
017095,Lozio,2021,Totale,Italiani,198,621,3.10,osservato
017095,Lozio,2021,Totale,Stranieri,22,96,4.40,osservato
017095,Lozio,2021,Totale,Totale,220,717,3.30,osservato
017095,Lozio,2022,Es. Alberghieri,Italiani,,,,riservato
017095,Lozio,2022,Es. Alberghieri,Stranieri,,,,riservato
017095,Lozio,2022,Es. Alberghieri,Totale,,,,riservato
017095,Lozio,2022,Es. Extra-Alberghieri,Italiani,271,798,2.90,osservato
017095,Lozio,2022,Es. Extra-Alberghieri,Stranieri,18,66,3.70,osservato
017095,Lozio,2022,Es. Extra-Alberghieri,Totale,289,864,3.00,osservato
017095,Lozio,2022,Totale,Italiani,271,798,2.90,osservato
017095,Lozio,2022,Totale,Stranieri,18,66,3.70,osservato
017095,Lozio,2022,Totale,Totale,289,864,3.00,osservato
017095,Lozio,2023,Es. Alberghieri,Italiani,,,,riservato
017095,Lozio,2023,Es. Alberghieri,Stranieri,,,,riservato
017095,Lozio,2023,Es. Alberghieri,Totale,,,,riservato
017095,Lozio,2023,Es. Extra-Alberghieri,Italiani,,,,riservato
017095,Lozio,2023,Es. Extra-Alberghieri,Stranieri,,,,riservato
017095,Lozio,2023,Es. Extra-Alberghieri,Totale,,,,riservato
017095,Lozio,2023,Totale,Italiani,210,770,3.70,osservato
017095,Lozio,2023,Totale,Stranieri,61,200,3.30,osservato
017095,Lozio,2023,Totale,Totale,271,970,3.60,osservato
017095,Lozio,2024,Es. Alberghieri,Italiani,,,,riservato
017095,Lozio,2024,Es. Alberghieri,Stranieri,,,,riservato
017095,Lozio,2024,Es. Alberghieri,Totale,,,,riservato
017095,Lozio,2024,Es. Extra-Alberghieri,Italiani,,,,riservato
017095,Lozio,2024,Es. Extra-Alberghieri,Stranieri,,,,riservato
017095,Lozio,2024,Es. Extra-Alberghieri,Totale,,,,riservato
017095,Lozio,2024,Totale,Italiani,243,668,2.75,osservato
017095,Lozio,2024,Totale,Stranieri,69,245,3.55,osservato
017095,Lozio,2024,Totale,Totale,312,913,2.93,osservato
017096,Lumezzane,2019,Es. Alberghieri,Italiani,,,,riservato
017096,Lumezzane,2019,Es. Alberghieri,Stranieri,,,,riservato
017096,Lumezzane,2019,Es. Alberghieri,Totale,,,,riservato
017096,Lumezzane,2019,Es. Extra-Alberghieri,Italiani,,,,riservato
017096,Lumezzane,2019,Es. Extra-Alberghieri,Stranieri,,,,riservato
017096,Lumezzane,2019,Es. Extra-Alberghieri,Totale,,,,riservato
017096,Lumezzane,2019,Totale,Italiani,,,,riservato
017096,Lumezzane,2019,Totale,Stranieri,,,,riservato
017096,Lumezzane,2019,Totale,Totale,,,,riservato
017096,Lumezzane,2020,Es. Alberghieri,Italiani,,,,riservato
017096,Lumezzane,2020,Es. Alberghieri,Stranieri,,,,riservato
017096,Lumezzane,2020,Es. Alberghieri,Totale,,,,riservato
017096,Lumezzane,2020,Es. Extra-Alberghieri,Italiani,,,,riservato
017096,Lumezzane,2020,Es. Extra-Alberghieri,Stranieri,,,,riservato
017096,Lumezzane,2020,Es. Extra-Alberghieri,Totale,,,,riservato
017096,Lumezzane,2020,Totale,Italiani,,,,riservato
017096,Lumezzane,2020,Totale,Stranieri,,,,riservato
017096,Lumezzane,2020,Totale,Totale,,,,riservato
017096,Lumezzane,2024,Es. Alberghieri,Italiani,,,,riservato
017096,Lumezzane,2024,Es. Alberghieri,Stranieri,,,,riservato
017096,Lumezzane,2024,Es. Alberghieri,Totale,,,,riservato
017096,Lumezzane,2024,Es. Extra-Alberghieri,Italiani,,,,riservato
017096,Lumezzane,2024,Es. Extra-Alberghieri,Stranieri,,,,riservato
017096,Lumezzane,2024,Es. Extra-Alberghieri,Totale,,,,riservato
017096,Lumezzane,2024,Totale,Italiani,,,,riservato
017096,Lumezzane,2024,Totale,Stranieri,,,,riservato
017096,Lumezzane,2024,Totale,Totale,,,,riservato
017098,Magasa,2019,Es. Alberghieri,Italiani,,,,riservato
017098,Magasa,2019,Es. Alberghieri,Stranieri,,,,riservato
017098,Magasa,2019,Es. Alberghieri,Totale,,,,riservato
017098,Magasa,2019,Es. Extra-Alberghieri,Italiani,,,,riservato
017098,Magasa,2019,Es. Extra-Alberghieri,Stranieri,,,,riservato
017098,Magasa,2019,Es. Extra-Alberghieri,Totale,,,,riservato
017098,Magasa,2019,Totale,Italiani,,,,riservato
017098,Magasa,2019,Totale,Stranieri,,,,riservato
017098,Magasa,2019,Totale,Totale,,,,riservato
017098,Magasa,2020,Es. Alberghieri,Italiani,,,,riservato
017098,Magasa,2020,Es. Alberghieri,Stranieri,,,,riservato
017098,Magasa,2020,Es. Alberghieri,Totale,,,,riservato
017098,Magasa,2020,Es. Extra-Alberghieri,Italiani,,,,riservato
017098,Magasa,2020,Es. Extra-Alberghieri,Stranieri,,,,riservato
017098,Magasa,2020,Es. Extra-Alberghieri,Totale,,,,riservato
017098,Magasa,2020,Totale,Italiani,,,,riservato
017098,Magasa,2020,Totale,Stranieri,,,,riservato
017098,Magasa,2020,Totale,Totale,,,,riservato
017098,Magasa,2021,Es. Alberghieri,Italiani,,,,riservato
017098,Magasa,2021,Es. Alberghieri,Stranieri,,,,riservato
017098,Magasa,2021,Es. Alberghieri,Totale,,,,riservato
017098,Magasa,2021,Es. Extra-Alberghieri,Italiani,,,,riservato
017098,Magasa,2021,Es. Extra-Alberghieri,Stranieri,,,,riservato
017098,Magasa,2021,Es. Extra-Alberghieri,Totale,,,,riservato
017098,Magasa,2021,Totale,Italiani,,,,riservato
017098,Magasa,2021,Totale,Stranieri,,,,riservato
017098,Magasa,2021,Totale,Totale,,,,riservato
017098,Magasa,2024,Es. Alberghieri,Italiani,,,,riservato
017098,Magasa,2024,Es. Alberghieri,Stranieri,,,,riservato
017098,Magasa,2024,Es. Alberghieri,Totale,,,,riservato
017098,Magasa,2024,Es. Extra-Alberghieri,Italiani,,,,riservato
017098,Magasa,2024,Es. Extra-Alberghieri,Stranieri,,,,riservato
017098,Magasa,2024,Es. Extra-Alberghieri,Totale,,,,riservato
017098,Magasa,2024,Totale,Italiani,,,,riservato
017098,Magasa,2024,Totale,Stranieri,,,,riservato
017098,Magasa,2024,Totale,Totale,,,,riservato
017100,Malegno,2019,Es. Alberghieri,Italiani,,,,riservato
017100,Malegno,2019,Es. Alberghieri,Stranieri,,,,riservato
017100,Malegno,2019,Es. Alberghieri,Totale,,,,riservato
017100,Malegno,2019,Es. Extra-Alberghieri,Italiani,,,,riservato
017100,Malegno,2019,Es. Extra-Alberghieri,Stranieri,,,,riservato
017100,Malegno,2019,Es. Extra-Alberghieri,Totale,,,,riservato
017100,Malegno,2019,Totale,Italiani,,,,riservato
017100,Malegno,2019,Totale,Stranieri,,,,riservato
017100,Malegno,2019,Totale,Totale,,,,riservato
017100,Malegno,2020,Es. Alberghieri,Italiani,,,,riservato
017100,Malegno,2020,Es. Alberghieri,Stranieri,,,,riservato
017100,Malegno,2020,Es. Alberghieri,Totale,,,,riservato
017100,Malegno,2020,Es. Extra-Alberghieri,Italiani,,,,riservato
017100,Malegno,2020,Es. Extra-Alberghieri,Stranieri,,,,riservato
017100,Malegno,2020,Es. Extra-Alberghieri,Totale,,,,riservato
017100,Malegno,2020,Totale,Italiani,,,,riservato
017100,Malegno,2020,Totale,Stranieri,,,,riservato
017100,Malegno,2020,Totale,Totale,,,,riservato
017100,Malegno,2021,Es. Alberghieri,Italiani,,,,riservato
017100,Malegno,2021,Es. Alberghieri,Stranieri,,,,riservato
017100,Malegno,2021,Es. Alberghieri,Totale,,,,riservato
017100,Malegno,2021,Es. Extra-Alberghieri,Italiani,,,,riservato
017100,Malegno,2021,Es. Extra-Alberghieri,Stranieri,,,,riservato
017100,Malegno,2021,Es. Extra-Alberghieri,Totale,,,,riservato
017100,Malegno,2021,Totale,Italiani,,,,riservato
017100,Malegno,2021,Totale,Stranieri,,,,riservato
017100,Malegno,2021,Totale,Totale,,,,riservato
017100,Malegno,2022,Es. Alberghieri,Italiani,,,,riservato
017100,Malegno,2022,Es. Alberghieri,Stranieri,,,,riservato
017100,Malegno,2022,Es. Alberghieri,Totale,,,,riservato
017100,Malegno,2022,Es. Extra-Alberghieri,Italiani,,,,riservato
017100,Malegno,2022,Es. Extra-Alberghieri,Stranieri,,,,riservato
017100,Malegno,2022,Es. Extra-Alberghieri,Totale,,,,riservato
017100,Malegno,2022,Totale,Italiani,,,,riservato
017100,Malegno,2022,Totale,Stranieri,,,,riservato
017100,Malegno,2022,Totale,Totale,,,,riservato
017100,Malegno,2023,Es. Alberghieri,Italiani,,,,riservato
017100,Malegno,2023,Es. Alberghieri,Stranieri,,,,riservato
017100,Malegno,2023,Es. Alberghieri,Totale,,,,riservato
017100,Malegno,2023,Es. Extra-Alberghieri,Italiani,,,,riservato
017100,Malegno,2023,Es. Extra-Alberghieri,Stranieri,,,,riservato
017100,Malegno,2023,Es. Extra-Alberghieri,Totale,,,,riservato
017100,Malegno,2023,Totale,Italiani,,,,riservato
017100,Malegno,2023,Totale,Stranieri,,,,riservato
017100,Malegno,2023,Totale,Totale,,,,riservato
017100,Malegno,2024,Es. Alberghieri,Italiani,,,,riservato
017100,Malegno,2024,Es. Alberghieri,Stranieri,,,,riservato
017100,Malegno,2024,Es. Alberghieri,Totale,,,,riservato
017100,Malegno,2024,Es. Extra-Alberghieri,Italiani,,,,riservato
017100,Malegno,2024,Es. Extra-Alberghieri,Stranieri,,,,riservato
017100,Malegno,2024,Es. Extra-Alberghieri,Totale,,,,riservato
017100,Malegno,2024,Totale,Italiani,,,,riservato
017100,Malegno,2024,Totale,Stranieri,,,,riservato
017100,Malegno,2024,Totale,Totale,,,,riservato
017101,Malonno,2019,Es. Alberghieri,Italiani,,,,riservato
017101,Malonno,2019,Es. Alberghieri,Stranieri,,,,riservato
017101,Malonno,2019,Es. Alberghieri,Totale,,,,riservato
017101,Malonno,2019,Es. Extra-Alberghieri,Italiani,,,,riservato
017101,Malonno,2019,Es. Extra-Alberghieri,Stranieri,,,,riservato
017101,Malonno,2019,Es. Extra-Alberghieri,Totale,,,,riservato
017101,Malonno,2019,Totale,Italiani,752,1525,2.00,osservato
017101,Malonno,2019,Totale,Stranieri,268,656,2.40,osservato
017101,Malonno,2019,Totale,Totale,1020,2181,2.10,osservato
017101,Malonno,2020,Es. Alberghieri,Italiani,,,,riservato
017101,Malonno,2020,Es. Alberghieri,Stranieri,,,,riservato
017101,Malonno,2020,Es. Alberghieri,Totale,,,,riservato
017101,Malonno,2020,Es. Extra-Alberghieri,Italiani,,,,riservato
017101,Malonno,2020,Es. Extra-Alberghieri,Stranieri,,,,riservato
017101,Malonno,2020,Es. Extra-Alberghieri,Totale,,,,riservato
017101,Malonno,2020,Totale,Italiani,739,1699,2.30,osservato
017101,Malonno,2020,Totale,Stranieri,129,374,2.90,osservato
017101,Malonno,2020,Totale,Totale,868,2073,2.40,osservato
017101,Malonno,2021,Es. Alberghieri,Italiani,,,,riservato
017101,Malonno,2021,Es. Alberghieri,Stranieri,,,,riservato
017101,Malonno,2021,Es. Alberghieri,Totale,,,,riservato
017101,Malonno,2021,Es. Extra-Alberghieri,Italiani,,,,riservato
017101,Malonno,2021,Es. Extra-Alberghieri,Stranieri,,,,riservato
017101,Malonno,2021,Es. Extra-Alberghieri,Totale,,,,riservato
017101,Malonno,2021,Totale,Italiani,674,1983,2.90,osservato
017101,Malonno,2021,Totale,Stranieri,108,307,2.80,osservato
017101,Malonno,2021,Totale,Totale,782,2290,2.90,osservato
017101,Malonno,2022,Es. Alberghieri,Italiani,,,,riservato
017101,Malonno,2022,Es. Alberghieri,Stranieri,,,,riservato
017101,Malonno,2022,Es. Alberghieri,Totale,,,,riservato
017101,Malonno,2022,Es. Extra-Alberghieri,Italiani,,,,riservato
017101,Malonno,2022,Es. Extra-Alberghieri,Stranieri,,,,riservato
017101,Malonno,2022,Es. Extra-Alberghieri,Totale,,,,riservato
017101,Malonno,2022,Totale,Italiani,558,1456,2.60,osservato
017101,Malonno,2022,Totale,Stranieri,128,463,3.60,osservato
017101,Malonno,2022,Totale,Totale,686,1919,2.80,osservato
017101,Malonno,2023,Es. Alberghieri,Italiani,,,,riservato
017101,Malonno,2023,Es. Alberghieri,Stranieri,,,,riservato
017101,Malonno,2023,Es. Alberghieri,Totale,,,,riservato
017101,Malonno,2023,Es. Extra-Alberghieri,Italiani,,,,riservato
017101,Malonno,2023,Es. Extra-Alberghieri,Stranieri,,,,riservato
017101,Malonno,2023,Es. Extra-Alberghieri,Totale,,,,riservato
017101,Malonno,2023,Totale,Italiani,520,1990,3.80,osservato
017101,Malonno,2023,Totale,Stranieri,280,1055,3.80,osservato
017101,Malonno,2023,Totale,Totale,800,3045,3.80,osservato
017101,Malonno,2024,Es. Alberghieri,Italiani,,,,riservato
017101,Malonno,2024,Es. Alberghieri,Stranieri,,,,riservato
017101,Malonno,2024,Es. Alberghieri,Totale,,,,riservato
017101,Malonno,2024,Es. Extra-Alberghieri,Italiani,,,,riservato
017101,Malonno,2024,Es. Extra-Alberghieri,Stranieri,,,,riservato
017101,Malonno,2024,Es. Extra-Alberghieri,Totale,,,,riservato
017101,Malonno,2024,Totale,Italiani,639,1738,2.72,osservato
017101,Malonno,2024,Totale,Stranieri,263,786,2.99,osservato
017101,Malonno,2024,Totale,Totale,902,2524,2.80,osservato
017102,Manerba del Garda,2019,Es. Alberghieri,Italiani,7618,20693,2.70,osservato
017102,Manerba del Garda,2019,Es. Alberghieri,Stranieri,27813,141789,5.10,osservato
017102,Manerba del Garda,2019,Es. Alberghieri,Totale,35431,162482,4.60,osservato
017102,Manerba del Garda,2019,Es. Extra-Alberghieri,Italiani,19552,75165,3.80,osservato
017102,Manerba del Garda,2019,Es. Extra-Alberghieri,Stranieri,55422,407487,7.40,osservato
017102,Manerba del Garda,2019,Es. Extra-Alberghieri,Totale,74974,482652,6.40,osservato
017102,Manerba del Garda,2019,Totale,Italiani,27170,95858,3.50,osservato
017102,Manerba del Garda,2019,Totale,Stranieri,83235,549276,6.60,osservato
017102,Manerba del Garda,2019,Totale,Totale,110405,645134,5.80,osservato
017102,Manerba del Garda,2020,Es. Alberghieri,Italiani,6763,23860,3.50,osservato
017102,Manerba del Garda,2020,Es. Alberghieri,Stranieri,8505,49939,5.90,osservato
017102,Manerba del Garda,2020,Es. Alberghieri,Totale,15268,73799,4.80,osservato
017102,Manerba del Garda,2020,Es. Extra-Alberghieri,Italiani,21642,92849,4.30,osservato
017102,Manerba del Garda,2020,Es. Extra-Alberghieri,Stranieri,24650,171431,7.00,osservato
017102,Manerba del Garda,2020,Es. Extra-Alberghieri,Totale,46292,264280,5.70,osservato
017102,Manerba del Garda,2020,Totale,Italiani,28405,116709,4.10,osservato
017102,Manerba del Garda,2020,Totale,Stranieri,33155,221370,6.70,osservato
017102,Manerba del Garda,2020,Totale,Totale,61560,338079,5.50,osservato
017102,Manerba del Garda,2021,Es. Alberghieri,Italiani,8335,24021,2.90,osservato
017102,Manerba del Garda,2021,Es. Alberghieri,Stranieri,19728,119936,6.10,osservato
017102,Manerba del Garda,2021,Es. Alberghieri,Totale,28063,143957,5.10,osservato
017102,Manerba del Garda,2021,Es. Extra-Alberghieri,Italiani,26026,101459,3.90,osservato
017102,Manerba del Garda,2021,Es. Extra-Alberghieri,Stranieri,53308,385326,7.20,osservato
017102,Manerba del Garda,2021,Es. Extra-Alberghieri,Totale,79334,486785,6.10,osservato
017102,Manerba del Garda,2021,Totale,Italiani,34361,125480,3.70,osservato
017102,Manerba del Garda,2021,Totale,Stranieri,73036,505262,6.90,osservato
017102,Manerba del Garda,2021,Totale,Totale,107397,630742,5.90,osservato
017102,Manerba del Garda,2022,Es. Alberghieri,Italiani,10840,24850,2.30,osservato
017102,Manerba del Garda,2022,Es. Alberghieri,Stranieri,30467,164579,5.40,osservato
017102,Manerba del Garda,2022,Es. Alberghieri,Totale,41307,189429,4.60,osservato
017102,Manerba del Garda,2022,Es. Extra-Alberghieri,Italiani,27517,99756,3.60,osservato
017102,Manerba del Garda,2022,Es. Extra-Alberghieri,Stranieri,74568,514165,6.90,osservato
017102,Manerba del Garda,2022,Es. Extra-Alberghieri,Totale,102085,613921,6.00,osservato
017102,Manerba del Garda,2022,Totale,Italiani,38357,124606,3.20,osservato
017102,Manerba del Garda,2022,Totale,Stranieri,105035,678744,6.50,osservato
017102,Manerba del Garda,2022,Totale,Totale,143392,803350,5.60,osservato
017102,Manerba del Garda,2023,Es. Alberghieri,Italiani,10089,23686,2.30,osservato
017102,Manerba del Garda,2023,Es. Alberghieri,Stranieri,30904,173129,5.60,osservato
017102,Manerba del Garda,2023,Es. Alberghieri,Totale,40993,196815,4.80,osservato
017102,Manerba del Garda,2023,Es. Extra-Alberghieri,Italiani,29081,94801,3.30,osservato
017102,Manerba del Garda,2023,Es. Extra-Alberghieri,Stranieri,78168,524362,6.70,osservato
017102,Manerba del Garda,2023,Es. Extra-Alberghieri,Totale,107249,619163,5.80,osservato
017102,Manerba del Garda,2023,Totale,Italiani,39170,118487,3.00,osservato
017102,Manerba del Garda,2023,Totale,Stranieri,109072,697491,6.40,osservato
017102,Manerba del Garda,2023,Totale,Totale,148242,815978,5.50,osservato
017102,Manerba del Garda,2024,Es. Alberghieri,Italiani,10229,20966,2.05,osservato
017102,Manerba del Garda,2024,Es. Alberghieri,Stranieri,31642,162455,5.13,osservato
017102,Manerba del Garda,2024,Es. Alberghieri,Totale,41871,183421,4.38,osservato
017102,Manerba del Garda,2024,Es. Extra-Alberghieri,Italiani,27417,92525,3.37,osservato
017102,Manerba del Garda,2024,Es. Extra-Alberghieri,Stranieri,82418,536704,6.51,osservato
017102,Manerba del Garda,2024,Es. Extra-Alberghieri,Totale,109835,629229,5.73,osservato
017102,Manerba del Garda,2024,Totale,Italiani,37646,113491,3.01,osservato
017102,Manerba del Garda,2024,Totale,Stranieri,114060,699159,6.13,osservato
017102,Manerba del Garda,2024,Totale,Totale,151706,812650,5.36,osservato
017103,Manerbio,2019,Es. Alberghieri,Italiani,,,,riservato
017103,Manerbio,2019,Es. Alberghieri,Stranieri,,,,riservato
017103,Manerbio,2019,Es. Alberghieri,Totale,,,,riservato
017103,Manerbio,2019,Es. Extra-Alberghieri,Italiani,,,,riservato
017103,Manerbio,2019,Es. Extra-Alberghieri,Stranieri,,,,riservato
017103,Manerbio,2019,Es. Extra-Alberghieri,Totale,,,,riservato
017103,Manerbio,2019,Totale,Italiani,,,,riservato
017103,Manerbio,2019,Totale,Stranieri,,,,riservato
017103,Manerbio,2019,Totale,Totale,,,,riservato
017103,Manerbio,2020,Es. Alberghieri,Italiani,,,,riservato
017103,Manerbio,2020,Es. Alberghieri,Stranieri,,,,riservato
017103,Manerbio,2020,Es. Alberghieri,Totale,,,,riservato
017103,Manerbio,2020,Es. Extra-Alberghieri,Italiani,,,,riservato
017103,Manerbio,2020,Es. Extra-Alberghieri,Stranieri,,,,riservato
017103,Manerbio,2020,Es. Extra-Alberghieri,Totale,,,,riservato
017103,Manerbio,2020,Totale,Italiani,,,,riservato
017103,Manerbio,2020,Totale,Stranieri,,,,riservato
017103,Manerbio,2020,Totale,Totale,,,,riservato
017103,Manerbio,2021,Es. Alberghieri,Italiani,,,,riservato
017103,Manerbio,2021,Es. Alberghieri,Stranieri,,,,riservato
017103,Manerbio,2021,Es. Alberghieri,Totale,,,,riservato
017103,Manerbio,2021,Es. Extra-Alberghieri,Italiani,,,,riservato
017103,Manerbio,2021,Es. Extra-Alberghieri,Stranieri,,,,riservato
017103,Manerbio,2021,Es. Extra-Alberghieri,Totale,,,,riservato
017103,Manerbio,2021,Totale,Italiani,,,,riservato
017103,Manerbio,2021,Totale,Stranieri,,,,riservato
017103,Manerbio,2021,Totale,Totale,,,,riservato
017103,Manerbio,2022,Es. Alberghieri,Italiani,,,,riservato
017103,Manerbio,2022,Es. Alberghieri,Stranieri,,,,riservato
017103,Manerbio,2022,Es. Alberghieri,Totale,,,,riservato
017103,Manerbio,2022,Es. Extra-Alberghieri,Italiani,,,,riservato
017103,Manerbio,2022,Es. Extra-Alberghieri,Stranieri,,,,riservato
017103,Manerbio,2022,Es. Extra-Alberghieri,Totale,,,,riservato
017103,Manerbio,2022,Totale,Italiani,,,,riservato
017103,Manerbio,2022,Totale,Stranieri,,,,riservato
017103,Manerbio,2022,Totale,Totale,,,,riservato
017103,Manerbio,2023,Es. Alberghieri,Italiani,,,,riservato
017103,Manerbio,2023,Es. Alberghieri,Stranieri,,,,riservato
017103,Manerbio,2023,Es. Alberghieri,Totale,,,,riservato
017103,Manerbio,2023,Es. Extra-Alberghieri,Italiani,,,,riservato
017103,Manerbio,2023,Es. Extra-Alberghieri,Stranieri,,,,riservato
017103,Manerbio,2023,Es. Extra-Alberghieri,Totale,,,,riservato
017103,Manerbio,2023,Totale,Italiani,1397,2525,1.80,osservato
017103,Manerbio,2023,Totale,Stranieri,336,676,2.00,osservato
017103,Manerbio,2023,Totale,Totale,1733,3201,1.80,osservato
017103,Manerbio,2024,Es. Alberghieri,Italiani,,,,riservato
017103,Manerbio,2024,Es. Alberghieri,Stranieri,,,,riservato
017103,Manerbio,2024,Es. Alberghieri,Totale,,,,riservato
017103,Manerbio,2024,Es. Extra-Alberghieri,Italiani,,,,riservato
017103,Manerbio,2024,Es. Extra-Alberghieri,Stranieri,,,,riservato
017103,Manerbio,2024,Es. Extra-Alberghieri,Totale,,,,riservato
017103,Manerbio,2024,Totale,Italiani,2274,4239,1.86,osservato
017103,Manerbio,2024,Totale,Stranieri,471,972,2.06,osservato
017103,Manerbio,2024,Totale,Totale,2745,5211,1.90,osservato
017104,Marcheno,2019,Es. Alberghieri,Italiani,,,,riservato
017104,Marcheno,2019,Es. Alberghieri,Stranieri,,,,riservato
017104,Marcheno,2019,Es. Alberghieri,Totale,,,,riservato
017104,Marcheno,2019,Es. Extra-Alberghieri,Italiani,,,,riservato
017104,Marcheno,2019,Es. Extra-Alberghieri,Stranieri,,,,riservato
017104,Marcheno,2019,Es. Extra-Alberghieri,Totale,,,,riservato
017104,Marcheno,2019,Totale,Italiani,1439,2784,1.90,osservato
017104,Marcheno,2019,Totale,Stranieri,501,1116,2.20,osservato
017104,Marcheno,2019,Totale,Totale,1940,3900,2.00,osservato
017104,Marcheno,2020,Es. Alberghieri,Italiani,,,,riservato
017104,Marcheno,2020,Es. Alberghieri,Stranieri,,,,riservato
017104,Marcheno,2020,Es. Alberghieri,Totale,,,,riservato
017104,Marcheno,2020,Es. Extra-Alberghieri,Italiani,,,,riservato
017104,Marcheno,2020,Es. Extra-Alberghieri,Stranieri,,,,riservato
017104,Marcheno,2020,Es. Extra-Alberghieri,Totale,,,,riservato
017104,Marcheno,2020,Totale,Italiani,796,1504,1.90,osservato
017104,Marcheno,2020,Totale,Stranieri,139,357,2.60,osservato
017104,Marcheno,2020,Totale,Totale,935,1861,2.00,osservato
017104,Marcheno,2021,Es. Alberghieri,Italiani,,,,riservato
017104,Marcheno,2021,Es. Alberghieri,Stranieri,,,,riservato
017104,Marcheno,2021,Es. Alberghieri,Totale,,,,riservato
017104,Marcheno,2021,Es. Extra-Alberghieri,Italiani,,,,riservato
017104,Marcheno,2021,Es. Extra-Alberghieri,Stranieri,,,,riservato
017104,Marcheno,2021,Es. Extra-Alberghieri,Totale,,,,riservato
017104,Marcheno,2021,Totale,Italiani,897,1996,2.20,osservato
017104,Marcheno,2021,Totale,Stranieri,158,336,2.10,osservato
017104,Marcheno,2021,Totale,Totale,1055,2332,2.20,osservato
017104,Marcheno,2022,Es. Alberghieri,Italiani,,,,riservato
017104,Marcheno,2022,Es. Alberghieri,Stranieri,,,,riservato
017104,Marcheno,2022,Es. Alberghieri,Totale,,,,riservato
017104,Marcheno,2022,Es. Extra-Alberghieri,Italiani,,,,riservato
017104,Marcheno,2022,Es. Extra-Alberghieri,Stranieri,,,,riservato
017104,Marcheno,2022,Es. Extra-Alberghieri,Totale,,,,riservato
017104,Marcheno,2022,Totale,Italiani,1139,2237,2.00,osservato
017104,Marcheno,2022,Totale,Stranieri,312,759,2.40,osservato
017104,Marcheno,2022,Totale,Totale,1451,2996,2.10,osservato
017104,Marcheno,2023,Es. Alberghieri,Italiani,,,,riservato
017104,Marcheno,2023,Es. Alberghieri,Stranieri,,,,riservato
017104,Marcheno,2023,Es. Alberghieri,Totale,,,,riservato
017104,Marcheno,2023,Es. Extra-Alberghieri,Italiani,,,,riservato
017104,Marcheno,2023,Es. Extra-Alberghieri,Stranieri,,,,riservato
017104,Marcheno,2023,Es. Extra-Alberghieri,Totale,,,,riservato
017104,Marcheno,2023,Totale,Italiani,1198,2683,2.20,osservato
017104,Marcheno,2023,Totale,Stranieri,296,728,2.50,osservato
017104,Marcheno,2023,Totale,Totale,1494,3411,2.30,osservato
017104,Marcheno,2024,Es. Alberghieri,Italiani,,,,riservato
017104,Marcheno,2024,Es. Alberghieri,Stranieri,,,,riservato
017104,Marcheno,2024,Es. Alberghieri,Totale,,,,riservato
017104,Marcheno,2024,Es. Extra-Alberghieri,Italiani,,,,riservato
017104,Marcheno,2024,Es. Extra-Alberghieri,Stranieri,,,,riservato
017104,Marcheno,2024,Es. Extra-Alberghieri,Totale,,,,riservato
017104,Marcheno,2024,Totale,Italiani,1173,2466,2.10,osservato
017104,Marcheno,2024,Totale,Stranieri,322,681,2.11,osservato
017104,Marcheno,2024,Totale,Totale,1495,3147,2.11,osservato
017105,Marmentino,2019,Es. Alberghieri,Italiani,,,,riservato
017105,Marmentino,2019,Es. Alberghieri,Stranieri,,,,riservato
017105,Marmentino,2019,Es. Alberghieri,Totale,,,,riservato
017105,Marmentino,2019,Es. Extra-Alberghieri,Italiani,,,,riservato
017105,Marmentino,2019,Es. Extra-Alberghieri,Stranieri,,,,riservato
017105,Marmentino,2019,Es. Extra-Alberghieri,Totale,,,,riservato
017105,Marmentino,2019,Totale,Italiani,,,,riservato
017105,Marmentino,2019,Totale,Stranieri,,,,riservato
017105,Marmentino,2019,Totale,Totale,,,,riservato
017105,Marmentino,2020,Es. Alberghieri,Italiani,,,,riservato
017105,Marmentino,2020,Es. Alberghieri,Stranieri,,,,riservato
017105,Marmentino,2020,Es. Alberghieri,Totale,,,,riservato
017105,Marmentino,2020,Es. Extra-Alberghieri,Italiani,,,,riservato
017105,Marmentino,2020,Es. Extra-Alberghieri,Stranieri,,,,riservato
017105,Marmentino,2020,Es. Extra-Alberghieri,Totale,,,,riservato
017105,Marmentino,2020,Totale,Italiani,,,,riservato
017105,Marmentino,2020,Totale,Stranieri,,,,riservato
017105,Marmentino,2020,Totale,Totale,,,,riservato
017105,Marmentino,2021,Es. Alberghieri,Italiani,,,,riservato
017105,Marmentino,2021,Es. Alberghieri,Stranieri,,,,riservato
017105,Marmentino,2021,Es. Alberghieri,Totale,,,,riservato
017105,Marmentino,2021,Es. Extra-Alberghieri,Italiani,,,,riservato
017105,Marmentino,2021,Es. Extra-Alberghieri,Stranieri,,,,riservato
017105,Marmentino,2021,Es. Extra-Alberghieri,Totale,,,,riservato
017105,Marmentino,2021,Totale,Italiani,,,,riservato
017105,Marmentino,2021,Totale,Stranieri,,,,riservato
017105,Marmentino,2021,Totale,Totale,,,,riservato
017105,Marmentino,2024,Es. Alberghieri,Italiani,,,,riservato
017105,Marmentino,2024,Es. Alberghieri,Stranieri,,,,riservato
017105,Marmentino,2024,Es. Alberghieri,Totale,,,,riservato
017105,Marmentino,2024,Es. Extra-Alberghieri,Italiani,,,,riservato
017105,Marmentino,2024,Es. Extra-Alberghieri,Stranieri,,,,riservato
017105,Marmentino,2024,Es. Extra-Alberghieri,Totale,,,,riservato
017105,Marmentino,2024,Totale,Italiani,5,25,5.00,osservato
017105,Marmentino,2024,Totale,Stranieri,18,158,8.78,osservato
017105,Marmentino,2024,Totale,Totale,23,183,7.96,osservato
017106,Marone,2019,Es. Alberghieri,Italiani,,,,riservato
017106,Marone,2019,Es. Alberghieri,Stranieri,,,,riservato
017106,Marone,2019,Es. Alberghieri,Totale,,,,riservato
017106,Marone,2019,Es. Extra-Alberghieri,Italiani,,,,riservato
017106,Marone,2019,Es. Extra-Alberghieri,Stranieri,,,,riservato
017106,Marone,2019,Es. Extra-Alberghieri,Totale,,,,riservato
017106,Marone,2019,Totale,Italiani,2232,6481,2.90,osservato
017106,Marone,2019,Totale,Stranieri,6765,32316,4.80,osservato
017106,Marone,2019,Totale,Totale,8997,38797,4.30,osservato
017106,Marone,2020,Es. Extra-Alberghieri,Italiani,2405,7224,3.00,osservato
017106,Marone,2020,Es. Extra-Alberghieri,Stranieri,3485,17307,5.00,osservato
017106,Marone,2020,Es. Extra-Alberghieri,Totale,5890,24531,4.20,osservato
017106,Marone,2020,Totale,Italiani,2405,7224,3.00,osservato
017106,Marone,2020,Totale,Stranieri,3485,17307,5.00,osservato
017106,Marone,2020,Totale,Totale,5890,24531,4.20,osservato
017106,Marone,2021,Es. Alberghieri,Italiani,,,,riservato
017106,Marone,2021,Es. Alberghieri,Stranieri,,,,riservato
017106,Marone,2021,Es. Alberghieri,Totale,,,,riservato
017106,Marone,2021,Es. Extra-Alberghieri,Italiani,3049,9166,3.00,osservato
017106,Marone,2021,Es. Extra-Alberghieri,Stranieri,6673,29642,4.40,osservato
017106,Marone,2021,Es. Extra-Alberghieri,Totale,9722,38808,4.00,osservato
017106,Marone,2021,Totale,Italiani,3049,9166,3.00,osservato
017106,Marone,2021,Totale,Stranieri,6673,29642,4.40,osservato
017106,Marone,2021,Totale,Totale,9722,38808,4.00,osservato
017106,Marone,2022,Es. Alberghieri,Italiani,,,,riservato
017106,Marone,2022,Es. Alberghieri,Stranieri,,,,riservato
017106,Marone,2022,Es. Alberghieri,Totale,,,,riservato
017106,Marone,2022,Es. Extra-Alberghieri,Italiani,2549,7594,3.00,osservato
017106,Marone,2022,Es. Extra-Alberghieri,Stranieri,9047,40609,4.50,osservato
017106,Marone,2022,Es. Extra-Alberghieri,Totale,11596,48203,4.20,osservato
017106,Marone,2022,Totale,Italiani,2549,7594,3.00,osservato
017106,Marone,2022,Totale,Stranieri,9047,40609,4.50,osservato
017106,Marone,2022,Totale,Totale,11596,48203,4.20,osservato
017106,Marone,2023,Es. Alberghieri,Italiani,,,,riservato
017106,Marone,2023,Es. Alberghieri,Stranieri,,,,riservato
017106,Marone,2023,Es. Alberghieri,Totale,,,,riservato
017106,Marone,2023,Es. Extra-Alberghieri,Italiani,,,,riservato
017106,Marone,2023,Es. Extra-Alberghieri,Stranieri,,,,riservato
017106,Marone,2023,Es. Extra-Alberghieri,Totale,,,,riservato
017106,Marone,2023,Totale,Italiani,2963,9084,3.10,osservato
017106,Marone,2023,Totale,Stranieri,9897,42209,4.30,osservato
017106,Marone,2023,Totale,Totale,12860,51293,4.00,osservato
017106,Marone,2024,Es. Alberghieri,Italiani,,,,riservato
017106,Marone,2024,Es. Alberghieri,Stranieri,,,,riservato
017106,Marone,2024,Es. Alberghieri,Totale,,,,riservato
017106,Marone,2024,Es. Extra-Alberghieri,Italiani,,,,riservato
017106,Marone,2024,Es. Extra-Alberghieri,Stranieri,,,,riservato
017106,Marone,2024,Es. Extra-Alberghieri,Totale,,,,riservato
017106,Marone,2024,Totale,Italiani,2866,7846,2.74,osservato
017106,Marone,2024,Totale,Stranieri,10333,46944,4.54,osservato
017106,Marone,2024,Totale,Totale,13199,54790,4.15,osservato
017107,Mazzano,2019,Es. Alberghieri,Italiani,,,,riservato
017107,Mazzano,2019,Es. Alberghieri,Stranieri,,,,riservato
017107,Mazzano,2019,Es. Alberghieri,Totale,,,,riservato
017107,Mazzano,2019,Es. Extra-Alberghieri,Italiani,,,,riservato
017107,Mazzano,2019,Es. Extra-Alberghieri,Stranieri,,,,riservato
017107,Mazzano,2019,Es. Extra-Alberghieri,Totale,,,,riservato
017107,Mazzano,2019,Totale,Italiani,40,140,3.50,osservato
017107,Mazzano,2019,Totale,Stranieri,26,98,3.80,osservato
017107,Mazzano,2019,Totale,Totale,66,238,3.60,osservato
017107,Mazzano,2020,Es. Alberghieri,Italiani,,,,riservato
017107,Mazzano,2020,Es. Alberghieri,Stranieri,,,,riservato
017107,Mazzano,2020,Es. Alberghieri,Totale,,,,riservato
017107,Mazzano,2020,Es. Extra-Alberghieri,Italiani,,,,riservato
017107,Mazzano,2020,Es. Extra-Alberghieri,Stranieri,,,,riservato
017107,Mazzano,2020,Es. Extra-Alberghieri,Totale,,,,riservato
017107,Mazzano,2020,Totale,Italiani,,,,riservato
017107,Mazzano,2020,Totale,Stranieri,,,,riservato
017107,Mazzano,2020,Totale,Totale,,,,riservato
017107,Mazzano,2021,Es. Alberghieri,Italiani,,,,riservato
017107,Mazzano,2021,Es. Alberghieri,Stranieri,,,,riservato
017107,Mazzano,2021,Es. Alberghieri,Totale,,,,riservato
017107,Mazzano,2021,Es. Extra-Alberghieri,Italiani,,,,riservato
017107,Mazzano,2021,Es. Extra-Alberghieri,Stranieri,,,,riservato
017107,Mazzano,2021,Es. Extra-Alberghieri,Totale,,,,riservato
017107,Mazzano,2021,Totale,Italiani,,,,riservato
017107,Mazzano,2021,Totale,Stranieri,,,,riservato
017107,Mazzano,2021,Totale,Totale,,,,riservato
017107,Mazzano,2022,Es. Alberghieri,Italiani,,,,riservato
017107,Mazzano,2022,Es. Alberghieri,Stranieri,,,,riservato
017107,Mazzano,2022,Es. Alberghieri,Totale,,,,riservato
017107,Mazzano,2022,Es. Extra-Alberghieri,Italiani,,,,riservato
017107,Mazzano,2022,Es. Extra-Alberghieri,Stranieri,,,,riservato
017107,Mazzano,2022,Es. Extra-Alberghieri,Totale,,,,riservato
017107,Mazzano,2022,Totale,Italiani,3679,10628,2.90,osservato
017107,Mazzano,2022,Totale,Stranieri,1419,2905,2.00,osservato
017107,Mazzano,2022,Totale,Totale,5098,13533,2.70,osservato
017107,Mazzano,2023,Es. Alberghieri,Italiani,,,,riservato
017107,Mazzano,2023,Es. Alberghieri,Stranieri,,,,riservato
017107,Mazzano,2023,Es. Alberghieri,Totale,,,,riservato
017107,Mazzano,2023,Es. Extra-Alberghieri,Italiani,,,,riservato
017107,Mazzano,2023,Es. Extra-Alberghieri,Stranieri,,,,riservato
017107,Mazzano,2023,Es. Extra-Alberghieri,Totale,,,,riservato
017107,Mazzano,2023,Totale,Italiani,4191,13074,3.10,osservato
017107,Mazzano,2023,Totale,Stranieri,2162,4460,2.10,osservato
017107,Mazzano,2023,Totale,Totale,6353,17534,2.80,osservato
017107,Mazzano,2024,Es. Alberghieri,Italiani,,,,riservato
017107,Mazzano,2024,Es. Alberghieri,Stranieri,,,,riservato
017107,Mazzano,2024,Es. Alberghieri,Totale,,,,riservato
017107,Mazzano,2024,Es. Extra-Alberghieri,Italiani,,,,riservato
017107,Mazzano,2024,Es. Extra-Alberghieri,Stranieri,,,,riservato
017107,Mazzano,2024,Es. Extra-Alberghieri,Totale,,,,riservato
017107,Mazzano,2024,Totale,Italiani,3481,14224,4.09,osservato
017107,Mazzano,2024,Totale,Stranieri,1519,3440,2.26,osservato
017107,Mazzano,2024,Totale,Totale,5000,17664,3.53,osservato
017109,Moniga del Garda,2019,Es. Alberghieri,Italiani,2906,6622,2.30,osservato
017109,Moniga del Garda,2019,Es. Alberghieri,Stranieri,14844,76893,5.20,osservato
017109,Moniga del Garda,2019,Es. Alberghieri,Totale,17750,83515,4.70,osservato
017109,Moniga del Garda,2019,Es. Extra-Alberghieri,Italiani,28708,125862,4.40,osservato
017109,Moniga del Garda,2019,Es. Extra-Alberghieri,Stranieri,52247,380040,7.30,osservato
017109,Moniga del Garda,2019,Es. Extra-Alberghieri,Totale,80955,505902,6.20,osservato
017109,Moniga del Garda,2019,Totale,Italiani,31614,132484,4.20,osservato
017109,Moniga del Garda,2019,Totale,Stranieri,67091,456933,6.80,osservato
017109,Moniga del Garda,2019,Totale,Totale,98705,589417,6.00,osservato
017109,Moniga del Garda,2020,Es. Alberghieri,Italiani,2356,6054,2.60,osservato
017109,Moniga del Garda,2020,Es. Alberghieri,Stranieri,3326,18954,5.70,osservato
017109,Moniga del Garda,2020,Es. Alberghieri,Totale,5682,25008,4.40,osservato
017109,Moniga del Garda,2020,Es. Extra-Alberghieri,Italiani,27710,132798,4.80,osservato
017109,Moniga del Garda,2020,Es. Extra-Alberghieri,Stranieri,20676,148429,7.20,osservato
017109,Moniga del Garda,2020,Es. Extra-Alberghieri,Totale,48386,281227,5.80,osservato
017109,Moniga del Garda,2020,Totale,Italiani,30066,138852,4.60,osservato
017109,Moniga del Garda,2020,Totale,Stranieri,24002,167383,7.00,osservato
017109,Moniga del Garda,2020,Totale,Totale,54068,306235,5.70,osservato
017109,Moniga del Garda,2021,Es. Alberghieri,Italiani,1846,5117,2.80,osservato
017109,Moniga del Garda,2021,Es. Alberghieri,Stranieri,4356,25513,5.90,osservato
017109,Moniga del Garda,2021,Es. Alberghieri,Totale,6202,30630,4.90,osservato
017109,Moniga del Garda,2021,Es. Extra-Alberghieri,Italiani,30469,151211,5.00,osservato
017109,Moniga del Garda,2021,Es. Extra-Alberghieri,Stranieri,36149,267549,7.40,osservato
017109,Moniga del Garda,2021,Es. Extra-Alberghieri,Totale,66618,418760,6.30,osservato
017109,Moniga del Garda,2021,Totale,Italiani,32315,156328,4.80,osservato
017109,Moniga del Garda,2021,Totale,Stranieri,40505,293062,7.20,osservato
017109,Moniga del Garda,2021,Totale,Totale,72820,449390,6.20,osservato
017109,Moniga del Garda,2022,Es. Alberghieri,Italiani,5795,148874,25.70,osservato
017109,Moniga del Garda,2022,Es. Alberghieri,Stranieri,10737,73249,6.80,osservato
017109,Moniga del Garda,2022,Es. Alberghieri,Totale,16532,222123,13.40,osservato
017109,Moniga del Garda,2022,Es. Extra-Alberghieri,Italiani,27338,128805,4.70,osservato
017109,Moniga del Garda,2022,Es. Extra-Alberghieri,Stranieri,52319,379426,7.30,osservato
017109,Moniga del Garda,2022,Es. Extra-Alberghieri,Totale,79657,508231,6.40,osservato
017109,Moniga del Garda,2022,Totale,Italiani,33133,277679,8.40,osservato
017109,Moniga del Garda,2022,Totale,Stranieri,63056,452675,7.20,osservato
017109,Moniga del Garda,2022,Totale,Totale,96189,730354,7.60,osservato
017109,Moniga del Garda,2023,Es. Alberghieri,Italiani,3444,7262,2.10,osservato
017109,Moniga del Garda,2023,Es. Alberghieri,Stranieri,9538,45984,4.80,osservato
017109,Moniga del Garda,2023,Es. Alberghieri,Totale,12982,53246,4.10,osservato
017109,Moniga del Garda,2023,Es. Extra-Alberghieri,Italiani,27815,125331,4.50,osservato
017109,Moniga del Garda,2023,Es. Extra-Alberghieri,Stranieri,57733,384671,6.70,osservato
017109,Moniga del Garda,2023,Es. Extra-Alberghieri,Totale,85548,510002,6.00,osservato
017109,Moniga del Garda,2023,Totale,Italiani,31259,132593,4.20,osservato
017109,Moniga del Garda,2023,Totale,Stranieri,67271,430655,6.40,osservato
017109,Moniga del Garda,2023,Totale,Totale,98530,563248,5.70,osservato
017109,Moniga del Garda,2024,Es. Alberghieri,Italiani,6718,14995,2.23,osservato
017109,Moniga del Garda,2024,Es. Alberghieri,Stranieri,15962,72262,4.53,osservato
017109,Moniga del Garda,2024,Es. Alberghieri,Totale,22680,87257,3.85,osservato
017109,Moniga del Garda,2024,Es. Extra-Alberghieri,Italiani,26090,126077,4.83,osservato
017109,Moniga del Garda,2024,Es. Extra-Alberghieri,Stranieri,60942,397412,6.52,osservato
017109,Moniga del Garda,2024,Es. Extra-Alberghieri,Totale,87032,523489,6.01,osservato
017109,Moniga del Garda,2024,Totale,Italiani,32808,141072,4.30,osservato
017109,Moniga del Garda,2024,Totale,Stranieri,76904,469674,6.11,osservato
017109,Moniga del Garda,2024,Totale,Totale,109712,610746,5.57,osservato
017110,Monno,2019,Es. Alberghieri,Italiani,1175,2353,2.00,osservato
017110,Monno,2019,Es. Alberghieri,Stranieri,416,619,1.50,osservato
017110,Monno,2019,Es. Alberghieri,Totale,1591,2972,1.90,osservato
017110,Monno,2019,Es. Extra-Alberghieri,Italiani,67,168,2.50,osservato
017110,Monno,2019,Es. Extra-Alberghieri,Stranieri,1,1,1.00,osservato
017110,Monno,2019,Es. Extra-Alberghieri,Totale,68,169,2.50,osservato
017110,Monno,2019,Totale,Italiani,1242,2521,2.00,osservato
017110,Monno,2019,Totale,Stranieri,417,620,1.50,osservato
017110,Monno,2019,Totale,Totale,1659,3141,1.90,osservato
017110,Monno,2020,Es. Alberghieri,Italiani,880,1836,2.10,osservato
017110,Monno,2020,Es. Alberghieri,Stranieri,298,425,1.40,osservato
017110,Monno,2020,Es. Alberghieri,Totale,1178,2261,1.90,osservato
017110,Monno,2020,Es. Extra-Alberghieri,Italiani,100,340,3.40,osservato
017110,Monno,2020,Es. Extra-Alberghieri,Stranieri,3,21,7.00,osservato
017110,Monno,2020,Es. Extra-Alberghieri,Totale,103,361,3.50,osservato
017110,Monno,2020,Totale,Italiani,980,2176,2.20,osservato
017110,Monno,2020,Totale,Stranieri,301,446,1.50,osservato
017110,Monno,2020,Totale,Totale,1281,2622,2.00,osservato
017110,Monno,2021,Es. Alberghieri,Italiani,846,2274,2.70,osservato
017110,Monno,2021,Es. Alberghieri,Stranieri,357,553,1.50,osservato
017110,Monno,2021,Es. Alberghieri,Totale,1203,2827,2.30,osservato
017110,Monno,2021,Es. Extra-Alberghieri,Italiani,125,261,2.10,osservato
017110,Monno,2021,Es. Extra-Alberghieri,Stranieri,16,66,4.10,osservato
017110,Monno,2021,Es. Extra-Alberghieri,Totale,141,327,2.30,osservato
017110,Monno,2021,Totale,Italiani,971,2535,2.60,osservato
017110,Monno,2021,Totale,Stranieri,373,619,1.70,osservato
017110,Monno,2021,Totale,Totale,1344,3154,2.30,osservato
017110,Monno,2022,Es. Alberghieri,Italiani,1264,2634,2.10,osservato
017110,Monno,2022,Es. Alberghieri,Stranieri,563,855,1.50,osservato
017110,Monno,2022,Es. Alberghieri,Totale,1827,3489,1.90,osservato
017110,Monno,2022,Es. Extra-Alberghieri,Italiani,726,1218,1.70,osservato
017110,Monno,2022,Es. Extra-Alberghieri,Stranieri,160,483,3.00,osservato
017110,Monno,2022,Es. Extra-Alberghieri,Totale,886,1701,1.90,osservato
017110,Monno,2022,Totale,Italiani,1990,3852,1.90,osservato
017110,Monno,2022,Totale,Stranieri,723,1338,1.90,osservato
017110,Monno,2022,Totale,Totale,2713,5190,1.90,osservato
017110,Monno,2023,Es. Alberghieri,Italiani,1212,2638,2.20,osservato
017110,Monno,2023,Es. Alberghieri,Stranieri,611,1184,1.90,osservato
017110,Monno,2023,Es. Alberghieri,Totale,1823,3822,2.10,osservato
017110,Monno,2023,Es. Extra-Alberghieri,Italiani,1153,1596,1.40,osservato
017110,Monno,2023,Es. Extra-Alberghieri,Stranieri,232,536,2.30,osservato
017110,Monno,2023,Es. Extra-Alberghieri,Totale,1385,2132,1.50,osservato
017110,Monno,2023,Totale,Italiani,2365,4234,1.80,osservato
017110,Monno,2023,Totale,Stranieri,843,1720,2.00,osservato
017110,Monno,2023,Totale,Totale,3208,5954,1.90,osservato
017110,Monno,2024,Es. Alberghieri,Italiani,1243,2576,2.07,osservato
017110,Monno,2024,Es. Alberghieri,Stranieri,571,1033,1.81,osservato
017110,Monno,2024,Es. Alberghieri,Totale,1814,3609,1.99,osservato
017110,Monno,2024,Es. Extra-Alberghieri,Italiani,1056,1562,1.48,osservato
017110,Monno,2024,Es. Extra-Alberghieri,Stranieri,155,496,3.20,osservato
017110,Monno,2024,Es. Extra-Alberghieri,Totale,1211,2058,1.70,osservato
017110,Monno,2024,Totale,Italiani,2299,4138,1.80,osservato
017110,Monno,2024,Totale,Stranieri,726,1529,2.11,osservato
017110,Monno,2024,Totale,Totale,3025,5667,1.87,osservato
017111,Monte Isola,2019,Es. Alberghieri,Italiani,866,1247,1.40,osservato
017111,Monte Isola,2019,Es. Alberghieri,Stranieri,543,1506,2.80,osservato
017111,Monte Isola,2019,Es. Alberghieri,Totale,1409,2753,2.00,osservato
017111,Monte Isola,2019,Es. Extra-Alberghieri,Italiani,894,2611,2.90,osservato
017111,Monte Isola,2019,Es. Extra-Alberghieri,Stranieri,1401,5637,4.00,osservato
017111,Monte Isola,2019,Es. Extra-Alberghieri,Totale,2295,8248,3.60,osservato
017111,Monte Isola,2019,Totale,Italiani,1760,3858,2.20,osservato
017111,Monte Isola,2019,Totale,Stranieri,1944,7143,3.70,osservato
017111,Monte Isola,2019,Totale,Totale,3704,11001,3.00,osservato
017111,Monte Isola,2020,Es. Alberghieri,Italiani,549,844,1.50,osservato
017111,Monte Isola,2020,Es. Alberghieri,Stranieri,133,384,2.90,osservato
017111,Monte Isola,2020,Es. Alberghieri,Totale,682,1228,1.80,osservato
017111,Monte Isola,2020,Es. Extra-Alberghieri,Italiani,2121,3963,1.90,osservato
017111,Monte Isola,2020,Es. Extra-Alberghieri,Stranieri,1069,3380,3.20,osservato
017111,Monte Isola,2020,Es. Extra-Alberghieri,Totale,3190,7343,2.30,osservato
017111,Monte Isola,2020,Totale,Italiani,2670,4807,1.80,osservato
017111,Monte Isola,2020,Totale,Stranieri,1202,3764,3.10,osservato
017111,Monte Isola,2020,Totale,Totale,3872,8571,2.20,osservato
017111,Monte Isola,2021,Es. Alberghieri,Italiani,801,1147,1.40,osservato
017111,Monte Isola,2021,Es. Alberghieri,Stranieri,481,1202,2.50,osservato
017111,Monte Isola,2021,Es. Alberghieri,Totale,1282,2349,1.80,osservato
017111,Monte Isola,2021,Es. Extra-Alberghieri,Italiani,2233,3641,1.60,osservato
017111,Monte Isola,2021,Es. Extra-Alberghieri,Stranieri,1971,6975,3.50,osservato
017111,Monte Isola,2021,Es. Extra-Alberghieri,Totale,4204,10616,2.50,osservato
017111,Monte Isola,2021,Totale,Italiani,3034,4788,1.60,osservato
017111,Monte Isola,2021,Totale,Stranieri,2452,8177,3.30,osservato
017111,Monte Isola,2021,Totale,Totale,5486,12965,2.40,osservato
017111,Monte Isola,2022,Es. Alberghieri,Italiani,1466,2068,1.40,osservato
017111,Monte Isola,2022,Es. Alberghieri,Stranieri,1244,2482,2.00,osservato
017111,Monte Isola,2022,Es. Alberghieri,Totale,2710,4550,1.70,osservato
017111,Monte Isola,2022,Es. Extra-Alberghieri,Italiani,2602,4439,1.70,osservato
017111,Monte Isola,2022,Es. Extra-Alberghieri,Stranieri,3395,10814,3.20,osservato
017111,Monte Isola,2022,Es. Extra-Alberghieri,Totale,5997,15253,2.50,osservato
017111,Monte Isola,2022,Totale,Italiani,4068,6507,1.60,osservato
017111,Monte Isola,2022,Totale,Stranieri,4639,13296,2.90,osservato
017111,Monte Isola,2022,Totale,Totale,8707,19803,2.30,osservato
017111,Monte Isola,2023,Es. Alberghieri,Italiani,1823,2432,1.30,osservato
017111,Monte Isola,2023,Es. Alberghieri,Stranieri,1529,3617,2.40,osservato
017111,Monte Isola,2023,Es. Alberghieri,Totale,3352,6049,1.80,osservato
017111,Monte Isola,2023,Es. Extra-Alberghieri,Italiani,2149,3260,1.50,osservato
017111,Monte Isola,2023,Es. Extra-Alberghieri,Stranieri,3946,13197,3.30,osservato
017111,Monte Isola,2023,Es. Extra-Alberghieri,Totale,6095,16457,2.70,osservato
017111,Monte Isola,2023,Totale,Italiani,3972,5692,1.40,osservato
017111,Monte Isola,2023,Totale,Stranieri,5475,16814,3.10,osservato
017111,Monte Isola,2023,Totale,Totale,9447,22506,2.40,osservato
017111,Monte Isola,2024,Es. Alberghieri,Italiani,1510,2042,1.35,osservato
017111,Monte Isola,2024,Es. Alberghieri,Stranieri,1568,3957,2.52,osservato
017111,Monte Isola,2024,Es. Alberghieri,Totale,3078,5999,1.95,osservato
017111,Monte Isola,2024,Es. Extra-Alberghieri,Italiani,2507,3611,1.44,osservato
017111,Monte Isola,2024,Es. Extra-Alberghieri,Stranieri,4755,14869,3.13,osservato
017111,Monte Isola,2024,Es. Extra-Alberghieri,Totale,7262,18480,2.54,osservato
017111,Monte Isola,2024,Totale,Italiani,4017,5653,1.41,osservato
017111,Monte Isola,2024,Totale,Stranieri,6323,18826,2.98,osservato
017111,Monte Isola,2024,Totale,Totale,10340,24479,2.37,osservato
017112,Monticelli Brusati,2019,Es. Alberghieri,Italiani,,,,riservato
017112,Monticelli Brusati,2019,Es. Alberghieri,Stranieri,,,,riservato
017112,Monticelli Brusati,2019,Es. Alberghieri,Totale,,,,riservato
017112,Monticelli Brusati,2019,Es. Extra-Alberghieri,Italiani,,,,riservato
017112,Monticelli Brusati,2019,Es. Extra-Alberghieri,Stranieri,,,,riservato
017112,Monticelli Brusati,2019,Es. Extra-Alberghieri,Totale,,,,riservato
017112,Monticelli Brusati,2019,Totale,Italiani,273,687,2.50,osservato
017112,Monticelli Brusati,2019,Totale,Stranieri,317,1899,6.00,osservato
017112,Monticelli Brusati,2019,Totale,Totale,590,2586,4.40,osservato
017112,Monticelli Brusati,2020,Es. Extra-Alberghieri,Italiani,31,207,6.70,osservato
017112,Monticelli Brusati,2020,Es. Extra-Alberghieri,Stranieri,7,29,4.10,osservato
017112,Monticelli Brusati,2020,Es. Extra-Alberghieri,Totale,38,236,6.20,osservato
017112,Monticelli Brusati,2020,Totale,Italiani,31,207,6.70,osservato
017112,Monticelli Brusati,2020,Totale,Stranieri,7,29,4.10,osservato
017112,Monticelli Brusati,2020,Totale,Totale,38,236,6.20,osservato
017112,Monticelli Brusati,2021,Es. Alberghieri,Italiani,,,,riservato
017112,Monticelli Brusati,2021,Es. Alberghieri,Stranieri,,,,riservato
017112,Monticelli Brusati,2021,Es. Alberghieri,Totale,,,,riservato
017112,Monticelli Brusati,2021,Es. Extra-Alberghieri,Italiani,568,1488,2.60,osservato
017112,Monticelli Brusati,2021,Es. Extra-Alberghieri,Stranieri,621,3686,5.90,osservato
017112,Monticelli Brusati,2021,Es. Extra-Alberghieri,Totale,1189,5174,4.40,osservato
017112,Monticelli Brusati,2021,Totale,Italiani,568,1488,2.60,osservato
017112,Monticelli Brusati,2021,Totale,Stranieri,621,3686,5.90,osservato
017112,Monticelli Brusati,2021,Totale,Totale,1189,5174,4.40,osservato
017112,Monticelli Brusati,2022,Es. Alberghieri,Italiani,,,,riservato
017112,Monticelli Brusati,2022,Es. Alberghieri,Stranieri,,,,riservato
017112,Monticelli Brusati,2022,Es. Alberghieri,Totale,,,,riservato
017112,Monticelli Brusati,2022,Es. Extra-Alberghieri,Italiani,302,1255,4.20,osservato
017112,Monticelli Brusati,2022,Es. Extra-Alberghieri,Stranieri,694,8446,12.20,osservato
017112,Monticelli Brusati,2022,Es. Extra-Alberghieri,Totale,996,9701,9.70,osservato
017112,Monticelli Brusati,2022,Totale,Italiani,302,1255,4.20,osservato
017112,Monticelli Brusati,2022,Totale,Stranieri,694,8446,12.20,osservato
017112,Monticelli Brusati,2022,Totale,Totale,996,9701,9.70,osservato
017112,Monticelli Brusati,2023,Es. Alberghieri,Italiani,,,,riservato
017112,Monticelli Brusati,2023,Es. Alberghieri,Stranieri,,,,riservato
017112,Monticelli Brusati,2023,Es. Alberghieri,Totale,,,,riservato
017112,Monticelli Brusati,2023,Es. Extra-Alberghieri,Italiani,,,,riservato
017112,Monticelli Brusati,2023,Es. Extra-Alberghieri,Stranieri,,,,riservato
017112,Monticelli Brusati,2023,Es. Extra-Alberghieri,Totale,,,,riservato
017112,Monticelli Brusati,2023,Totale,Italiani,689,1391,2.00,osservato
017112,Monticelli Brusati,2023,Totale,Stranieri,660,3590,5.40,osservato
017112,Monticelli Brusati,2023,Totale,Totale,1349,4981,3.70,osservato
017112,Monticelli Brusati,2024,Es. Alberghieri,Italiani,,,,riservato
017112,Monticelli Brusati,2024,Es. Alberghieri,Stranieri,,,,riservato
017112,Monticelli Brusati,2024,Es. Alberghieri,Totale,,,,riservato
017112,Monticelli Brusati,2024,Es. Extra-Alberghieri,Italiani,,,,riservato
017112,Monticelli Brusati,2024,Es. Extra-Alberghieri,Stranieri,,,,riservato
017112,Monticelli Brusati,2024,Es. Extra-Alberghieri,Totale,,,,riservato
017112,Monticelli Brusati,2024,Totale,Italiani,1159,2675,2.31,osservato
017112,Monticelli Brusati,2024,Totale,Stranieri,717,3476,4.85,osservato
017112,Monticelli Brusati,2024,Totale,Totale,1876,6151,3.28,osservato
017113,Montichiari,2019,Es. Alberghieri,Italiani,14953,27210,1.80,osservato
017113,Montichiari,2019,Es. Alberghieri,Stranieri,9441,19924,2.10,osservato
017113,Montichiari,2019,Es. Alberghieri,Totale,24394,47134,1.90,osservato
017113,Montichiari,2019,Es. Extra-Alberghieri,Italiani,1072,3625,3.40,osservato
017113,Montichiari,2019,Es. Extra-Alberghieri,Stranieri,341,839,2.50,osservato
017113,Montichiari,2019,Es. Extra-Alberghieri,Totale,1413,4464,3.20,osservato
017113,Montichiari,2019,Totale,Italiani,16025,30835,1.90,osservato
017113,Montichiari,2019,Totale,Stranieri,9782,20763,2.10,osservato
017113,Montichiari,2019,Totale,Totale,25807,51598,2.00,osservato
017113,Montichiari,2020,Es. Alberghieri,Italiani,7119,15203,2.10,osservato
017113,Montichiari,2020,Es. Alberghieri,Stranieri,2008,5652,2.80,osservato
017113,Montichiari,2020,Es. Alberghieri,Totale,9127,20855,2.30,osservato
017113,Montichiari,2020,Es. Extra-Alberghieri,Italiani,654,3664,5.60,osservato
017113,Montichiari,2020,Es. Extra-Alberghieri,Stranieri,76,170,2.20,osservato
017113,Montichiari,2020,Es. Extra-Alberghieri,Totale,730,3834,5.30,osservato
017113,Montichiari,2020,Totale,Italiani,7773,18867,2.40,osservato
017113,Montichiari,2020,Totale,Stranieri,2084,5822,2.80,osservato
017113,Montichiari,2020,Totale,Totale,9857,24689,2.50,osservato
017113,Montichiari,2021,Es. Alberghieri,Italiani,10220,19698,1.90,osservato
017113,Montichiari,2021,Es. Alberghieri,Stranieri,4051,9591,2.40,osservato
017113,Montichiari,2021,Es. Alberghieri,Totale,14271,29289,2.10,osservato
017113,Montichiari,2021,Es. Extra-Alberghieri,Italiani,1018,4371,4.30,osservato
017113,Montichiari,2021,Es. Extra-Alberghieri,Stranieri,222,756,3.40,osservato
017113,Montichiari,2021,Es. Extra-Alberghieri,Totale,1240,5127,4.10,osservato
017113,Montichiari,2021,Totale,Italiani,11238,24069,2.10,osservato
017113,Montichiari,2021,Totale,Stranieri,4273,10347,2.40,osservato
017113,Montichiari,2021,Totale,Totale,15511,34416,2.20,osservato
017113,Montichiari,2022,Es. Alberghieri,Italiani,16966,33657,2.00,osservato
017113,Montichiari,2022,Es. Alberghieri,Stranieri,7743,17786,2.30,osservato
017113,Montichiari,2022,Es. Alberghieri,Totale,24709,51443,2.10,osservato
017113,Montichiari,2022,Es. Extra-Alberghieri,Italiani,1630,5874,3.60,osservato
017113,Montichiari,2022,Es. Extra-Alberghieri,Stranieri,470,2784,5.90,osservato
017113,Montichiari,2022,Es. Extra-Alberghieri,Totale,2100,8658,4.10,osservato
017113,Montichiari,2022,Totale,Italiani,18596,39531,2.10,osservato
017113,Montichiari,2022,Totale,Stranieri,8213,20570,2.50,osservato
017113,Montichiari,2022,Totale,Totale,26809,60101,2.20,osservato
017113,Montichiari,2023,Es. Alberghieri,Italiani,18051,33563,1.90,osservato
017113,Montichiari,2023,Es. Alberghieri,Stranieri,8010,17268,2.20,osservato
017113,Montichiari,2023,Es. Alberghieri,Totale,26061,50831,2.00,osservato
017113,Montichiari,2023,Es. Extra-Alberghieri,Italiani,2616,6950,2.70,osservato
017113,Montichiari,2023,Es. Extra-Alberghieri,Stranieri,920,2395,2.60,osservato
017113,Montichiari,2023,Es. Extra-Alberghieri,Totale,3536,9345,2.60,osservato
017113,Montichiari,2023,Totale,Italiani,20667,40513,2.00,osservato
017113,Montichiari,2023,Totale,Stranieri,8930,19663,2.20,osservato
017113,Montichiari,2023,Totale,Totale,29597,60176,2.00,osservato
017113,Montichiari,2024,Es. Alberghieri,Italiani,16548,29680,1.79,osservato
017113,Montichiari,2024,Es. Alberghieri,Stranieri,6730,14076,2.09,osservato
017113,Montichiari,2024,Es. Alberghieri,Totale,23278,43756,1.88,osservato
017113,Montichiari,2024,Es. Extra-Alberghieri,Italiani,2532,7367,2.91,osservato
017113,Montichiari,2024,Es. Extra-Alberghieri,Stranieri,891,3622,4.07,osservato
017113,Montichiari,2024,Es. Extra-Alberghieri,Totale,3423,10989,3.21,osservato
017113,Montichiari,2024,Totale,Italiani,19080,37047,1.94,osservato
017113,Montichiari,2024,Totale,Stranieri,7621,17698,2.32,osservato
017113,Montichiari,2024,Totale,Totale,26701,54745,2.05,osservato
017114,Montirone,2019,Es. Alberghieri,Italiani,,,,riservato
017114,Montirone,2019,Es. Alberghieri,Stranieri,,,,riservato
017114,Montirone,2019,Es. Alberghieri,Totale,,,,riservato
017114,Montirone,2019,Es. Extra-Alberghieri,Italiani,,,,riservato
017114,Montirone,2019,Es. Extra-Alberghieri,Stranieri,,,,riservato
017114,Montirone,2019,Es. Extra-Alberghieri,Totale,,,,riservato
017114,Montirone,2019,Totale,Italiani,,,,riservato
017114,Montirone,2019,Totale,Stranieri,,,,riservato
017114,Montirone,2019,Totale,Totale,,,,riservato
017114,Montirone,2020,Es. Alberghieri,Italiani,,,,riservato
017114,Montirone,2020,Es. Alberghieri,Stranieri,,,,riservato
017114,Montirone,2020,Es. Alberghieri,Totale,,,,riservato
017114,Montirone,2020,Es. Extra-Alberghieri,Italiani,,,,riservato
017114,Montirone,2020,Es. Extra-Alberghieri,Stranieri,,,,riservato
017114,Montirone,2020,Es. Extra-Alberghieri,Totale,,,,riservato
017114,Montirone,2020,Totale,Italiani,,,,riservato
017114,Montirone,2020,Totale,Stranieri,,,,riservato
017114,Montirone,2020,Totale,Totale,,,,riservato
017114,Montirone,2021,Es. Alberghieri,Italiani,,,,riservato
017114,Montirone,2021,Es. Alberghieri,Stranieri,,,,riservato
017114,Montirone,2021,Es. Alberghieri,Totale,,,,riservato
017114,Montirone,2021,Es. Extra-Alberghieri,Italiani,,,,riservato
017114,Montirone,2021,Es. Extra-Alberghieri,Stranieri,,,,riservato
017114,Montirone,2021,Es. Extra-Alberghieri,Totale,,,,riservato
017114,Montirone,2021,Totale,Italiani,,,,riservato
017114,Montirone,2021,Totale,Stranieri,,,,riservato
017114,Montirone,2021,Totale,Totale,,,,riservato
017114,Montirone,2022,Es. Alberghieri,Italiani,,,,riservato
017114,Montirone,2022,Es. Alberghieri,Stranieri,,,,riservato
017114,Montirone,2022,Es. Alberghieri,Totale,,,,riservato
017114,Montirone,2022,Es. Extra-Alberghieri,Italiani,,,,riservato
017114,Montirone,2022,Es. Extra-Alberghieri,Stranieri,,,,riservato
017114,Montirone,2022,Es. Extra-Alberghieri,Totale,,,,riservato
017114,Montirone,2022,Totale,Italiani,,,,riservato
017114,Montirone,2022,Totale,Stranieri,,,,riservato
017114,Montirone,2022,Totale,Totale,,,,riservato
017114,Montirone,2023,Es. Alberghieri,Italiani,,,,riservato
017114,Montirone,2023,Es. Alberghieri,Stranieri,,,,riservato
017114,Montirone,2023,Es. Alberghieri,Totale,,,,riservato
017114,Montirone,2023,Es. Extra-Alberghieri,Italiani,,,,riservato
017114,Montirone,2023,Es. Extra-Alberghieri,Stranieri,,,,riservato
017114,Montirone,2023,Es. Extra-Alberghieri,Totale,,,,riservato
017114,Montirone,2023,Totale,Italiani,,,,riservato
017114,Montirone,2023,Totale,Stranieri,,,,riservato
017114,Montirone,2023,Totale,Totale,,,,riservato
017114,Montirone,2024,Es. Alberghieri,Italiani,,,,riservato
017114,Montirone,2024,Es. Alberghieri,Stranieri,,,,riservato
017114,Montirone,2024,Es. Alberghieri,Totale,,,,riservato
017114,Montirone,2024,Es. Extra-Alberghieri,Italiani,,,,riservato
017114,Montirone,2024,Es. Extra-Alberghieri,Stranieri,,,,riservato
017114,Montirone,2024,Es. Extra-Alberghieri,Totale,,,,riservato
017114,Montirone,2024,Totale,Italiani,,,,riservato
017114,Montirone,2024,Totale,Stranieri,,,,riservato
017114,Montirone,2024,Totale,Totale,,,,riservato
017115,Mura,2019,Es. Alberghieri,Italiani,,,,riservato
017115,Mura,2019,Es. Alberghieri,Stranieri,,,,riservato
017115,Mura,2019,Es. Alberghieri,Totale,,,,riservato
017115,Mura,2019,Es. Extra-Alberghieri,Italiani,,,,riservato
017115,Mura,2019,Es. Extra-Alberghieri,Stranieri,,,,riservato
017115,Mura,2019,Es. Extra-Alberghieri,Totale,,,,riservato
017115,Mura,2019,Totale,Italiani,,,,riservato
017115,Mura,2019,Totale,Stranieri,,,,riservato
017115,Mura,2019,Totale,Totale,,,,riservato
017115,Mura,2020,Es. Extra-Alberghieri,Italiani,12,78,6.50,osservato
017115,Mura,2020,Es. Extra-Alberghieri,Stranieri,7,37,5.30,osservato
017115,Mura,2020,Es. Extra-Alberghieri,Totale,19,115,6.10,osservato
017115,Mura,2020,Totale,Italiani,12,78,6.50,osservato
017115,Mura,2020,Totale,Stranieri,7,37,5.30,osservato
017115,Mura,2020,Totale,Totale,19,115,6.10,osservato
017115,Mura,2021,Es. Alberghieri,Italiani,,,,riservato
017115,Mura,2021,Es. Alberghieri,Stranieri,,,,riservato
017115,Mura,2021,Es. Alberghieri,Totale,,,,riservato
017115,Mura,2021,Es. Extra-Alberghieri,Italiani,,,,riservato
017115,Mura,2021,Es. Extra-Alberghieri,Stranieri,,,,riservato
017115,Mura,2021,Es. Extra-Alberghieri,Totale,,,,riservato
017115,Mura,2021,Totale,Italiani,,,,riservato
017115,Mura,2021,Totale,Stranieri,,,,riservato
017115,Mura,2021,Totale,Totale,,,,riservato
017115,Mura,2022,Es. Alberghieri,Italiani,,,,riservato
017115,Mura,2022,Es. Alberghieri,Stranieri,,,,riservato
017115,Mura,2022,Es. Alberghieri,Totale,,,,riservato
017115,Mura,2022,Es. Extra-Alberghieri,Italiani,,,,riservato
017115,Mura,2022,Es. Extra-Alberghieri,Stranieri,,,,riservato
017115,Mura,2022,Es. Extra-Alberghieri,Totale,,,,riservato
017115,Mura,2022,Totale,Italiani,,,,riservato
017115,Mura,2022,Totale,Stranieri,,,,riservato
017115,Mura,2022,Totale,Totale,,,,riservato
017115,Mura,2024,Es. Alberghieri,Italiani,,,,riservato
017115,Mura,2024,Es. Alberghieri,Stranieri,,,,riservato
017115,Mura,2024,Es. Alberghieri,Totale,,,,riservato
017115,Mura,2024,Es. Extra-Alberghieri,Italiani,,,,riservato
017115,Mura,2024,Es. Extra-Alberghieri,Stranieri,,,,riservato
017115,Mura,2024,Es. Extra-Alberghieri,Totale,,,,riservato
017115,Mura,2024,Totale,Italiani,,,,riservato
017115,Mura,2024,Totale,Stranieri,,,,riservato
017115,Mura,2024,Totale,Totale,,,,riservato
017116,Muscoline,2019,Es. Alberghieri,Italiani,,,,riservato
017116,Muscoline,2019,Es. Alberghieri,Stranieri,,,,riservato
017116,Muscoline,2019,Es. Alberghieri,Totale,,,,riservato
017116,Muscoline,2019,Es. Extra-Alberghieri,Italiani,,,,riservato
017116,Muscoline,2019,Es. Extra-Alberghieri,Stranieri,,,,riservato
017116,Muscoline,2019,Es. Extra-Alberghieri,Totale,,,,riservato
017116,Muscoline,2019,Totale,Italiani,292,769,2.60,osservato
017116,Muscoline,2019,Totale,Stranieri,273,1225,4.50,osservato
017116,Muscoline,2019,Totale,Totale,565,1994,3.50,osservato
017116,Muscoline,2020,Es. Extra-Alberghieri,Italiani,185,378,2.00,osservato
017116,Muscoline,2020,Es. Extra-Alberghieri,Stranieri,146,589,4.00,osservato
017116,Muscoline,2020,Es. Extra-Alberghieri,Totale,331,967,2.90,osservato
017116,Muscoline,2020,Totale,Italiani,185,378,2.00,osservato
017116,Muscoline,2020,Totale,Stranieri,146,589,4.00,osservato
017116,Muscoline,2020,Totale,Totale,331,967,2.90,osservato
017116,Muscoline,2021,Es. Alberghieri,Italiani,,,,riservato
017116,Muscoline,2021,Es. Alberghieri,Stranieri,,,,riservato
017116,Muscoline,2021,Es. Alberghieri,Totale,,,,riservato
017116,Muscoline,2021,Es. Extra-Alberghieri,Italiani,252,725,2.90,osservato
017116,Muscoline,2021,Es. Extra-Alberghieri,Stranieri,322,1497,4.60,osservato
017116,Muscoline,2021,Es. Extra-Alberghieri,Totale,574,2222,3.90,osservato
017116,Muscoline,2021,Totale,Italiani,252,725,2.90,osservato
017116,Muscoline,2021,Totale,Stranieri,322,1497,4.60,osservato
017116,Muscoline,2021,Totale,Totale,574,2222,3.90,osservato
017116,Muscoline,2022,Es. Alberghieri,Italiani,,,,riservato
017116,Muscoline,2022,Es. Alberghieri,Stranieri,,,,riservato
017116,Muscoline,2022,Es. Alberghieri,Totale,,,,riservato
017116,Muscoline,2022,Es. Extra-Alberghieri,Italiani,399,1230,3.10,osservato
017116,Muscoline,2022,Es. Extra-Alberghieri,Stranieri,503,2411,4.80,osservato
017116,Muscoline,2022,Es. Extra-Alberghieri,Totale,902,3641,4.00,osservato
017116,Muscoline,2022,Totale,Italiani,399,1230,3.10,osservato
017116,Muscoline,2022,Totale,Stranieri,503,2411,4.80,osservato
017116,Muscoline,2022,Totale,Totale,902,3641,4.00,osservato
017116,Muscoline,2023,Es. Alberghieri,Italiani,,,,riservato
017116,Muscoline,2023,Es. Alberghieri,Stranieri,,,,riservato
017116,Muscoline,2023,Es. Alberghieri,Totale,,,,riservato
017116,Muscoline,2023,Es. Extra-Alberghieri,Italiani,,,,riservato
017116,Muscoline,2023,Es. Extra-Alberghieri,Stranieri,,,,riservato
017116,Muscoline,2023,Es. Extra-Alberghieri,Totale,,,,riservato
017116,Muscoline,2023,Totale,Italiani,493,2119,4.30,osservato
017116,Muscoline,2023,Totale,Stranieri,561,2604,4.60,osservato
017116,Muscoline,2023,Totale,Totale,1054,4723,4.50,osservato
017116,Muscoline,2024,Es. Alberghieri,Italiani,,,,riservato
017116,Muscoline,2024,Es. Alberghieri,Stranieri,,,,riservato
017116,Muscoline,2024,Es. Alberghieri,Totale,,,,riservato
017116,Muscoline,2024,Es. Extra-Alberghieri,Italiani,,,,riservato
017116,Muscoline,2024,Es. Extra-Alberghieri,Stranieri,,,,riservato
017116,Muscoline,2024,Es. Extra-Alberghieri,Totale,,,,riservato
017116,Muscoline,2024,Totale,Italiani,536,2569,4.79,osservato
017116,Muscoline,2024,Totale,Stranieri,466,2593,5.56,osservato
017116,Muscoline,2024,Totale,Totale,1002,5162,5.15,osservato
017117,Nave,2020,Es. Alberghieri,Italiani,,,,riservato
017117,Nave,2020,Es. Alberghieri,Stranieri,,,,riservato
017117,Nave,2020,Es. Alberghieri,Totale,,,,riservato
017117,Nave,2020,Es. Extra-Alberghieri,Italiani,,,,riservato
017117,Nave,2020,Es. Extra-Alberghieri,Stranieri,,,,riservato
017117,Nave,2020,Es. Extra-Alberghieri,Totale,,,,riservato
017117,Nave,2020,Totale,Italiani,,,,riservato
017117,Nave,2020,Totale,Stranieri,,,,riservato
017117,Nave,2020,Totale,Totale,,,,riservato
017118,Niardo,2019,Es. Alberghieri,Italiani,,,,riservato
017118,Niardo,2019,Es. Alberghieri,Stranieri,,,,riservato
017118,Niardo,2019,Es. Alberghieri,Totale,,,,riservato
017118,Niardo,2019,Es. Extra-Alberghieri,Italiani,,,,riservato
017118,Niardo,2019,Es. Extra-Alberghieri,Stranieri,,,,riservato
017118,Niardo,2019,Es. Extra-Alberghieri,Totale,,,,riservato
017118,Niardo,2019,Totale,Italiani,,,,riservato
017118,Niardo,2019,Totale,Stranieri,,,,riservato
017118,Niardo,2019,Totale,Totale,,,,riservato
017118,Niardo,2020,Es. Alberghieri,Italiani,,,,riservato
017118,Niardo,2020,Es. Alberghieri,Stranieri,,,,riservato
017118,Niardo,2020,Es. Alberghieri,Totale,,,,riservato
017118,Niardo,2020,Es. Extra-Alberghieri,Italiani,,,,riservato
017118,Niardo,2020,Es. Extra-Alberghieri,Stranieri,,,,riservato
017118,Niardo,2020,Es. Extra-Alberghieri,Totale,,,,riservato
017118,Niardo,2020,Totale,Italiani,13,44,3.40,osservato
017118,Niardo,2020,Totale,Stranieri,8,11,1.40,osservato
017118,Niardo,2020,Totale,Totale,21,55,2.60,osservato
017118,Niardo,2021,Es. Alberghieri,Italiani,,,,riservato
017118,Niardo,2021,Es. Alberghieri,Stranieri,,,,riservato
017118,Niardo,2021,Es. Alberghieri,Totale,,,,riservato
017118,Niardo,2021,Es. Extra-Alberghieri,Italiani,,,,riservato
017118,Niardo,2021,Es. Extra-Alberghieri,Stranieri,,,,riservato
017118,Niardo,2021,Es. Extra-Alberghieri,Totale,,,,riservato
017118,Niardo,2021,Totale,Italiani,5,7,1.40,osservato
017118,Niardo,2021,Totale,Stranieri,1,3,3.00,osservato
017118,Niardo,2021,Totale,Totale,6,10,1.70,osservato
017118,Niardo,2022,Es. Alberghieri,Italiani,,,,riservato
017118,Niardo,2022,Es. Alberghieri,Stranieri,,,,riservato
017118,Niardo,2022,Es. Alberghieri,Totale,,,,riservato
017118,Niardo,2022,Es. Extra-Alberghieri,Italiani,,,,riservato
017118,Niardo,2022,Es. Extra-Alberghieri,Stranieri,,,,riservato
017118,Niardo,2022,Es. Extra-Alberghieri,Totale,,,,riservato
017118,Niardo,2022,Totale,Italiani,,,,riservato
017118,Niardo,2022,Totale,Stranieri,,,,riservato
017118,Niardo,2022,Totale,Totale,,,,riservato
017118,Niardo,2023,Es. Alberghieri,Italiani,,,,riservato
017118,Niardo,2023,Es. Alberghieri,Stranieri,,,,riservato
017118,Niardo,2023,Es. Alberghieri,Totale,,,,riservato
017118,Niardo,2023,Es. Extra-Alberghieri,Italiani,,,,riservato
017118,Niardo,2023,Es. Extra-Alberghieri,Stranieri,,,,riservato
017118,Niardo,2023,Es. Extra-Alberghieri,Totale,,,,riservato
017118,Niardo,2023,Totale,Italiani,,,,riservato
017118,Niardo,2023,Totale,Stranieri,,,,riservato
017118,Niardo,2023,Totale,Totale,,,,riservato
017118,Niardo,2024,Es. Alberghieri,Italiani,,,,riservato
017118,Niardo,2024,Es. Alberghieri,Stranieri,,,,riservato
017118,Niardo,2024,Es. Alberghieri,Totale,,,,riservato
017118,Niardo,2024,Es. Extra-Alberghieri,Italiani,,,,riservato
017118,Niardo,2024,Es. Extra-Alberghieri,Stranieri,,,,riservato
017118,Niardo,2024,Es. Extra-Alberghieri,Totale,,,,riservato
017118,Niardo,2024,Totale,Italiani,109,243,2.23,osservato
017118,Niardo,2024,Totale,Stranieri,12,37,3.08,osservato
017118,Niardo,2024,Totale,Totale,121,280,2.31,osservato
017119,Nuvolento,2019,Es. Alberghieri,Italiani,,,,riservato
017119,Nuvolento,2019,Es. Alberghieri,Stranieri,,,,riservato
017119,Nuvolento,2019,Es. Alberghieri,Totale,,,,riservato
017119,Nuvolento,2019,Es. Extra-Alberghieri,Italiani,,,,riservato
017119,Nuvolento,2019,Es. Extra-Alberghieri,Stranieri,,,,riservato
017119,Nuvolento,2019,Es. Extra-Alberghieri,Totale,,,,riservato
017119,Nuvolento,2019,Totale,Italiani,,,,riservato
017119,Nuvolento,2019,Totale,Stranieri,,,,riservato
017119,Nuvolento,2019,Totale,Totale,,,,riservato
017119,Nuvolento,2020,Es. Extra-Alberghieri,Italiani,56,214,3.80,osservato
017119,Nuvolento,2020,Es. Extra-Alberghieri,Stranieri,6,20,3.30,osservato
017119,Nuvolento,2020,Es. Extra-Alberghieri,Totale,62,234,3.80,osservato
017119,Nuvolento,2020,Totale,Italiani,56,214,3.80,osservato
017119,Nuvolento,2020,Totale,Stranieri,6,20,3.30,osservato
017119,Nuvolento,2020,Totale,Totale,62,234,3.80,osservato
017119,Nuvolento,2021,Es. Alberghieri,Italiani,,,,riservato
017119,Nuvolento,2021,Es. Alberghieri,Stranieri,,,,riservato
017119,Nuvolento,2021,Es. Alberghieri,Totale,,,,riservato
017119,Nuvolento,2021,Es. Extra-Alberghieri,Italiani,53,294,5.50,osservato
017119,Nuvolento,2021,Es. Extra-Alberghieri,Stranieri,35,216,6.20,osservato
017119,Nuvolento,2021,Es. Extra-Alberghieri,Totale,88,510,5.80,osservato
017119,Nuvolento,2021,Totale,Italiani,53,294,5.50,osservato
017119,Nuvolento,2021,Totale,Stranieri,35,216,6.20,osservato
017119,Nuvolento,2021,Totale,Totale,88,510,5.80,osservato
017119,Nuvolento,2022,Es. Alberghieri,Italiani,,,,riservato
017119,Nuvolento,2022,Es. Alberghieri,Stranieri,,,,riservato
017119,Nuvolento,2022,Es. Alberghieri,Totale,,,,riservato
017119,Nuvolento,2022,Es. Extra-Alberghieri,Italiani,32,341,10.70,osservato
017119,Nuvolento,2022,Es. Extra-Alberghieri,Stranieri,18,80,4.40,osservato
017119,Nuvolento,2022,Es. Extra-Alberghieri,Totale,50,421,8.40,osservato
017119,Nuvolento,2022,Totale,Italiani,32,341,10.70,osservato
017119,Nuvolento,2022,Totale,Stranieri,18,80,4.40,osservato
017119,Nuvolento,2022,Totale,Totale,50,421,8.40,osservato
017119,Nuvolento,2023,Es. Alberghieri,Italiani,,,,riservato
017119,Nuvolento,2023,Es. Alberghieri,Stranieri,,,,riservato
017119,Nuvolento,2023,Es. Alberghieri,Totale,,,,riservato
017119,Nuvolento,2023,Es. Extra-Alberghieri,Italiani,,,,riservato
017119,Nuvolento,2023,Es. Extra-Alberghieri,Stranieri,,,,riservato
017119,Nuvolento,2023,Es. Extra-Alberghieri,Totale,,,,riservato
017119,Nuvolento,2023,Totale,Italiani,74,410,5.50,osservato
017119,Nuvolento,2023,Totale,Stranieri,29,157,5.40,osservato
017119,Nuvolento,2023,Totale,Totale,103,567,5.50,osservato
017119,Nuvolento,2024,Es. Alberghieri,Italiani,,,,riservato
017119,Nuvolento,2024,Es. Alberghieri,Stranieri,,,,riservato
017119,Nuvolento,2024,Es. Alberghieri,Totale,,,,riservato
017119,Nuvolento,2024,Es. Extra-Alberghieri,Italiani,,,,riservato
017119,Nuvolento,2024,Es. Extra-Alberghieri,Stranieri,,,,riservato
017119,Nuvolento,2024,Es. Extra-Alberghieri,Totale,,,,riservato
017119,Nuvolento,2024,Totale,Italiani,123,494,4.02,osservato
017119,Nuvolento,2024,Totale,Stranieri,68,361,5.31,osservato
017119,Nuvolento,2024,Totale,Totale,191,855,4.48,osservato
017120,Nuvolera,2019,Es. Alberghieri,Italiani,,,,riservato
017120,Nuvolera,2019,Es. Alberghieri,Stranieri,,,,riservato
017120,Nuvolera,2019,Es. Alberghieri,Totale,,,,riservato
017120,Nuvolera,2019,Es. Extra-Alberghieri,Italiani,,,,riservato
017120,Nuvolera,2019,Es. Extra-Alberghieri,Stranieri,,,,riservato
017120,Nuvolera,2019,Es. Extra-Alberghieri,Totale,,,,riservato
017120,Nuvolera,2019,Totale,Italiani,,,,riservato
017120,Nuvolera,2019,Totale,Stranieri,,,,riservato
017120,Nuvolera,2019,Totale,Totale,,,,riservato
017120,Nuvolera,2020,Es. Alberghieri,Italiani,,,,riservato
017120,Nuvolera,2020,Es. Alberghieri,Stranieri,,,,riservato
017120,Nuvolera,2020,Es. Alberghieri,Totale,,,,riservato
017120,Nuvolera,2020,Es. Extra-Alberghieri,Italiani,,,,riservato
017120,Nuvolera,2020,Es. Extra-Alberghieri,Stranieri,,,,riservato
017120,Nuvolera,2020,Es. Extra-Alberghieri,Totale,,,,riservato
017120,Nuvolera,2020,Totale,Italiani,,,,riservato
017120,Nuvolera,2020,Totale,Stranieri,,,,riservato
017120,Nuvolera,2020,Totale,Totale,,,,riservato
017120,Nuvolera,2021,Es. Alberghieri,Italiani,,,,riservato
017120,Nuvolera,2021,Es. Alberghieri,Stranieri,,,,riservato
017120,Nuvolera,2021,Es. Alberghieri,Totale,,,,riservato
017120,Nuvolera,2021,Es. Extra-Alberghieri,Italiani,,,,riservato
017120,Nuvolera,2021,Es. Extra-Alberghieri,Stranieri,,,,riservato
017120,Nuvolera,2021,Es. Extra-Alberghieri,Totale,,,,riservato
017120,Nuvolera,2021,Totale,Italiani,,,,riservato
017120,Nuvolera,2021,Totale,Stranieri,,,,riservato
017120,Nuvolera,2021,Totale,Totale,,,,riservato
017120,Nuvolera,2022,Es. Alberghieri,Italiani,,,,riservato
017120,Nuvolera,2022,Es. Alberghieri,Stranieri,,,,riservato
017120,Nuvolera,2022,Es. Alberghieri,Totale,,,,riservato
017120,Nuvolera,2022,Es. Extra-Alberghieri,Italiani,,,,riservato
017120,Nuvolera,2022,Es. Extra-Alberghieri,Stranieri,,,,riservato
017120,Nuvolera,2022,Es. Extra-Alberghieri,Totale,,,,riservato
017120,Nuvolera,2022,Totale,Italiani,,,,riservato
017120,Nuvolera,2022,Totale,Stranieri,,,,riservato
017120,Nuvolera,2022,Totale,Totale,,,,riservato
017120,Nuvolera,2023,Es. Alberghieri,Italiani,,,,riservato
017120,Nuvolera,2023,Es. Alberghieri,Stranieri,,,,riservato
017120,Nuvolera,2023,Es. Alberghieri,Totale,,,,riservato
017120,Nuvolera,2023,Es. Extra-Alberghieri,Italiani,,,,riservato
017120,Nuvolera,2023,Es. Extra-Alberghieri,Stranieri,,,,riservato
017120,Nuvolera,2023,Es. Extra-Alberghieri,Totale,,,,riservato
017120,Nuvolera,2023,Totale,Italiani,,,,riservato
017120,Nuvolera,2023,Totale,Stranieri,,,,riservato
017120,Nuvolera,2023,Totale,Totale,,,,riservato
017120,Nuvolera,2024,Es. Alberghieri,Italiani,,,,riservato
017120,Nuvolera,2024,Es. Alberghieri,Stranieri,,,,riservato
017120,Nuvolera,2024,Es. Alberghieri,Totale,,,,riservato
017120,Nuvolera,2024,Es. Extra-Alberghieri,Italiani,,,,riservato
017120,Nuvolera,2024,Es. Extra-Alberghieri,Stranieri,,,,riservato
017120,Nuvolera,2024,Es. Extra-Alberghieri,Totale,,,,riservato
017120,Nuvolera,2024,Totale,Italiani,,,,riservato
017120,Nuvolera,2024,Totale,Stranieri,,,,riservato
017120,Nuvolera,2024,Totale,Totale,,,,riservato
017121,Odolo,2019,Es. Alberghieri,Italiani,,,,riservato
017121,Odolo,2019,Es. Alberghieri,Stranieri,,,,riservato
017121,Odolo,2019,Es. Alberghieri,Totale,,,,riservato
017121,Odolo,2019,Es. Extra-Alberghieri,Italiani,,,,riservato
017121,Odolo,2019,Es. Extra-Alberghieri,Stranieri,,,,riservato
017121,Odolo,2019,Es. Extra-Alberghieri,Totale,,,,riservato
017121,Odolo,2019,Totale,Italiani,,,,riservato
017121,Odolo,2019,Totale,Stranieri,,,,riservato
017121,Odolo,2019,Totale,Totale,,,,riservato
017121,Odolo,2020,Es. Alberghieri,Italiani,,,,riservato
017121,Odolo,2020,Es. Alberghieri,Stranieri,,,,riservato
017121,Odolo,2020,Es. Alberghieri,Totale,,,,riservato
017121,Odolo,2020,Es. Extra-Alberghieri,Italiani,,,,riservato
017121,Odolo,2020,Es. Extra-Alberghieri,Stranieri,,,,riservato
017121,Odolo,2020,Es. Extra-Alberghieri,Totale,,,,riservato
017121,Odolo,2020,Totale,Italiani,,,,riservato
017121,Odolo,2020,Totale,Stranieri,,,,riservato
017121,Odolo,2020,Totale,Totale,,,,riservato
017121,Odolo,2021,Es. Alberghieri,Italiani,,,,riservato
017121,Odolo,2021,Es. Alberghieri,Stranieri,,,,riservato
017121,Odolo,2021,Es. Alberghieri,Totale,,,,riservato
017121,Odolo,2021,Es. Extra-Alberghieri,Italiani,,,,riservato
017121,Odolo,2021,Es. Extra-Alberghieri,Stranieri,,,,riservato
017121,Odolo,2021,Es. Extra-Alberghieri,Totale,,,,riservato
017121,Odolo,2021,Totale,Italiani,,,,riservato
017121,Odolo,2021,Totale,Stranieri,,,,riservato
017121,Odolo,2021,Totale,Totale,,,,riservato
017121,Odolo,2022,Es. Alberghieri,Italiani,,,,riservato
017121,Odolo,2022,Es. Alberghieri,Stranieri,,,,riservato
017121,Odolo,2022,Es. Alberghieri,Totale,,,,riservato
017121,Odolo,2022,Es. Extra-Alberghieri,Italiani,,,,riservato
017121,Odolo,2022,Es. Extra-Alberghieri,Stranieri,,,,riservato
017121,Odolo,2022,Es. Extra-Alberghieri,Totale,,,,riservato
017121,Odolo,2022,Totale,Italiani,,,,riservato
017121,Odolo,2022,Totale,Stranieri,,,,riservato
017121,Odolo,2022,Totale,Totale,,,,riservato
017121,Odolo,2023,Es. Alberghieri,Italiani,,,,riservato
017121,Odolo,2023,Es. Alberghieri,Stranieri,,,,riservato
017121,Odolo,2023,Es. Alberghieri,Totale,,,,riservato
017121,Odolo,2023,Es. Extra-Alberghieri,Italiani,,,,riservato
017121,Odolo,2023,Es. Extra-Alberghieri,Stranieri,,,,riservato
017121,Odolo,2023,Es. Extra-Alberghieri,Totale,,,,riservato
017121,Odolo,2023,Totale,Italiani,,,,riservato
017121,Odolo,2023,Totale,Stranieri,,,,riservato
017121,Odolo,2023,Totale,Totale,,,,riservato
017121,Odolo,2024,Es. Alberghieri,Italiani,,,,riservato
017121,Odolo,2024,Es. Alberghieri,Stranieri,,,,riservato
017121,Odolo,2024,Es. Alberghieri,Totale,,,,riservato
017121,Odolo,2024,Es. Extra-Alberghieri,Italiani,,,,riservato
017121,Odolo,2024,Es. Extra-Alberghieri,Stranieri,,,,riservato
017121,Odolo,2024,Es. Extra-Alberghieri,Totale,,,,riservato
017121,Odolo,2024,Totale,Italiani,,,,riservato
017121,Odolo,2024,Totale,Stranieri,,,,riservato
017121,Odolo,2024,Totale,Totale,,,,riservato
017123,Ome,2019,Es. Alberghieri,Italiani,,,,riservato
017123,Ome,2019,Es. Alberghieri,Stranieri,,,,riservato
017123,Ome,2019,Es. Alberghieri,Totale,,,,riservato
017123,Ome,2019,Es. Extra-Alberghieri,Italiani,,,,riservato
017123,Ome,2019,Es. Extra-Alberghieri,Stranieri,,,,riservato
017123,Ome,2019,Es. Extra-Alberghieri,Totale,,,,riservato
017123,Ome,2019,Totale,Italiani,2698,6092,2.30,osservato
017123,Ome,2019,Totale,Stranieri,691,2664,3.90,osservato
017123,Ome,2019,Totale,Totale,3389,8756,2.60,osservato
017123,Ome,2020,Es. Alberghieri,Italiani,,,,riservato
017123,Ome,2020,Es. Alberghieri,Stranieri,,,,riservato
017123,Ome,2020,Es. Alberghieri,Totale,,,,riservato
017123,Ome,2020,Es. Extra-Alberghieri,Italiani,,,,riservato
017123,Ome,2020,Es. Extra-Alberghieri,Stranieri,,,,riservato
017123,Ome,2020,Es. Extra-Alberghieri,Totale,,,,riservato
017123,Ome,2020,Totale,Italiani,2452,5995,2.40,osservato
017123,Ome,2020,Totale,Stranieri,278,2878,10.40,osservato
017123,Ome,2020,Totale,Totale,2730,8873,3.30,osservato
017123,Ome,2021,Es. Alberghieri,Italiani,,,,riservato
017123,Ome,2021,Es. Alberghieri,Stranieri,,,,riservato
017123,Ome,2021,Es. Alberghieri,Totale,,,,riservato
017123,Ome,2021,Es. Extra-Alberghieri,Italiani,,,,riservato
017123,Ome,2021,Es. Extra-Alberghieri,Stranieri,,,,riservato
017123,Ome,2021,Es. Extra-Alberghieri,Totale,,,,riservato
017123,Ome,2021,Totale,Italiani,4364,21308,4.90,osservato
017123,Ome,2021,Totale,Stranieri,591,4356,7.40,osservato
017123,Ome,2021,Totale,Totale,4955,25664,5.20,osservato
017123,Ome,2022,Es. Alberghieri,Italiani,,,,riservato
017123,Ome,2022,Es. Alberghieri,Stranieri,,,,riservato
017123,Ome,2022,Es. Alberghieri,Totale,,,,riservato
017123,Ome,2022,Es. Extra-Alberghieri,Italiani,,,,riservato
017123,Ome,2022,Es. Extra-Alberghieri,Stranieri,,,,riservato
017123,Ome,2022,Es. Extra-Alberghieri,Totale,,,,riservato
017123,Ome,2022,Totale,Italiani,6363,10067,1.60,osservato
017123,Ome,2022,Totale,Stranieri,1756,3218,1.80,osservato
017123,Ome,2022,Totale,Totale,8119,13285,1.60,osservato
017123,Ome,2023,Es. Alberghieri,Italiani,,,,riservato
017123,Ome,2023,Es. Alberghieri,Stranieri,,,,riservato
017123,Ome,2023,Es. Alberghieri,Totale,,,,riservato
017123,Ome,2023,Es. Extra-Alberghieri,Italiani,,,,riservato
017123,Ome,2023,Es. Extra-Alberghieri,Stranieri,,,,riservato
017123,Ome,2023,Es. Extra-Alberghieri,Totale,,,,riservato
017123,Ome,2023,Totale,Italiani,7450,12865,1.70,osservato
017123,Ome,2023,Totale,Stranieri,2921,8270,2.80,osservato
017123,Ome,2023,Totale,Totale,10371,21135,2.00,osservato
017123,Ome,2024,Es. Alberghieri,Italiani,,,,riservato
017123,Ome,2024,Es. Alberghieri,Stranieri,,,,riservato
017123,Ome,2024,Es. Alberghieri,Totale,,,,riservato
017123,Ome,2024,Es. Extra-Alberghieri,Italiani,,,,riservato
017123,Ome,2024,Es. Extra-Alberghieri,Stranieri,,,,riservato
017123,Ome,2024,Es. Extra-Alberghieri,Totale,,,,riservato
017123,Ome,2024,Totale,Italiani,7162,13444,1.88,osservato
017123,Ome,2024,Totale,Stranieri,3321,9283,2.80,osservato
017123,Ome,2024,Totale,Totale,10483,22727,2.17,osservato
017124,Ono San Pietro,2019,Es. Alberghieri,Italiani,,,,riservato
017124,Ono San Pietro,2019,Es. Alberghieri,Stranieri,,,,riservato
017124,Ono San Pietro,2019,Es. Alberghieri,Totale,,,,riservato
017124,Ono San Pietro,2019,Es. Extra-Alberghieri,Italiani,,,,riservato
017124,Ono San Pietro,2019,Es. Extra-Alberghieri,Stranieri,,,,riservato
017124,Ono San Pietro,2019,Es. Extra-Alberghieri,Totale,,,,riservato
017124,Ono San Pietro,2019,Totale,Italiani,,,,riservato
017124,Ono San Pietro,2019,Totale,Stranieri,,,,riservato
017124,Ono San Pietro,2019,Totale,Totale,,,,riservato
017124,Ono San Pietro,2020,Es. Extra-Alberghieri,Italiani,195,662,3.40,osservato
017124,Ono San Pietro,2020,Es. Extra-Alberghieri,Stranieri,4,11,2.80,osservato
017124,Ono San Pietro,2020,Es. Extra-Alberghieri,Totale,199,673,3.40,osservato
017124,Ono San Pietro,2020,Totale,Italiani,195,662,3.40,osservato
017124,Ono San Pietro,2020,Totale,Stranieri,4,11,2.80,osservato
017124,Ono San Pietro,2020,Totale,Totale,199,673,3.40,osservato
017124,Ono San Pietro,2021,Es. Alberghieri,Italiani,,,,riservato
017124,Ono San Pietro,2021,Es. Alberghieri,Stranieri,,,,riservato
017124,Ono San Pietro,2021,Es. Alberghieri,Totale,,,,riservato
017124,Ono San Pietro,2021,Es. Extra-Alberghieri,Italiani,258,584,2.30,osservato
017124,Ono San Pietro,2021,Es. Extra-Alberghieri,Stranieri,55,103,1.90,osservato
017124,Ono San Pietro,2021,Es. Extra-Alberghieri,Totale,313,687,2.20,osservato
017124,Ono San Pietro,2021,Totale,Italiani,258,584,2.30,osservato
017124,Ono San Pietro,2021,Totale,Stranieri,55,103,1.90,osservato
017124,Ono San Pietro,2021,Totale,Totale,313,687,2.20,osservato
017124,Ono San Pietro,2022,Es. Alberghieri,Italiani,,,,riservato
017124,Ono San Pietro,2022,Es. Alberghieri,Stranieri,,,,riservato
017124,Ono San Pietro,2022,Es. Alberghieri,Totale,,,,riservato
017124,Ono San Pietro,2022,Es. Extra-Alberghieri,Italiani,571,1332,2.30,osservato
017124,Ono San Pietro,2022,Es. Extra-Alberghieri,Stranieri,87,102,1.20,osservato
017124,Ono San Pietro,2022,Es. Extra-Alberghieri,Totale,658,1434,2.20,osservato
017124,Ono San Pietro,2022,Totale,Italiani,571,1332,2.30,osservato
017124,Ono San Pietro,2022,Totale,Stranieri,87,102,1.20,osservato
017124,Ono San Pietro,2022,Totale,Totale,658,1434,2.20,osservato
017124,Ono San Pietro,2023,Es. Alberghieri,Italiani,,,,riservato
017124,Ono San Pietro,2023,Es. Alberghieri,Stranieri,,,,riservato
017124,Ono San Pietro,2023,Es. Alberghieri,Totale,,,,riservato
017124,Ono San Pietro,2023,Es. Extra-Alberghieri,Italiani,,,,riservato
017124,Ono San Pietro,2023,Es. Extra-Alberghieri,Stranieri,,,,riservato
017124,Ono San Pietro,2023,Es. Extra-Alberghieri,Totale,,,,riservato
017124,Ono San Pietro,2023,Totale,Italiani,1108,2641,2.40,osservato
017124,Ono San Pietro,2023,Totale,Stranieri,206,388,1.90,osservato
017124,Ono San Pietro,2023,Totale,Totale,1314,3029,2.30,osservato
017124,Ono San Pietro,2024,Es. Alberghieri,Italiani,,,,riservato
017124,Ono San Pietro,2024,Es. Alberghieri,Stranieri,,,,riservato
017124,Ono San Pietro,2024,Es. Alberghieri,Totale,,,,riservato
017124,Ono San Pietro,2024,Es. Extra-Alberghieri,Italiani,,,,riservato
017124,Ono San Pietro,2024,Es. Extra-Alberghieri,Stranieri,,,,riservato
017124,Ono San Pietro,2024,Es. Extra-Alberghieri,Totale,,,,riservato
017124,Ono San Pietro,2024,Totale,Italiani,869,2106,2.42,osservato
017124,Ono San Pietro,2024,Totale,Stranieri,117,194,1.66,osservato
017124,Ono San Pietro,2024,Totale,Totale,986,2300,2.33,osservato
017125,Orzinuovi,2019,Es. Alberghieri,Italiani,,,,riservato
017125,Orzinuovi,2019,Es. Alberghieri,Stranieri,,,,riservato
017125,Orzinuovi,2019,Es. Alberghieri,Totale,,,,riservato
017125,Orzinuovi,2019,Es. Extra-Alberghieri,Italiani,,,,riservato
017125,Orzinuovi,2019,Es. Extra-Alberghieri,Stranieri,,,,riservato
017125,Orzinuovi,2019,Es. Extra-Alberghieri,Totale,,,,riservato
017125,Orzinuovi,2019,Totale,Italiani,,,,riservato
017125,Orzinuovi,2019,Totale,Stranieri,,,,riservato
017125,Orzinuovi,2019,Totale,Totale,,,,riservato
017125,Orzinuovi,2020,Es. Alberghieri,Italiani,,,,riservato
017125,Orzinuovi,2020,Es. Alberghieri,Stranieri,,,,riservato
017125,Orzinuovi,2020,Es. Alberghieri,Totale,,,,riservato
017125,Orzinuovi,2020,Es. Extra-Alberghieri,Italiani,,,,riservato
017125,Orzinuovi,2020,Es. Extra-Alberghieri,Stranieri,,,,riservato
017125,Orzinuovi,2020,Es. Extra-Alberghieri,Totale,,,,riservato
017125,Orzinuovi,2020,Totale,Italiani,,,,riservato
017125,Orzinuovi,2020,Totale,Stranieri,,,,riservato
017125,Orzinuovi,2020,Totale,Totale,,,,riservato
017125,Orzinuovi,2021,Es. Alberghieri,Italiani,,,,riservato
017125,Orzinuovi,2021,Es. Alberghieri,Stranieri,,,,riservato
017125,Orzinuovi,2021,Es. Alberghieri,Totale,,,,riservato
017125,Orzinuovi,2021,Es. Extra-Alberghieri,Italiani,,,,riservato
017125,Orzinuovi,2021,Es. Extra-Alberghieri,Stranieri,,,,riservato
017125,Orzinuovi,2021,Es. Extra-Alberghieri,Totale,,,,riservato
017125,Orzinuovi,2021,Totale,Italiani,,,,riservato
017125,Orzinuovi,2021,Totale,Stranieri,,,,riservato
017125,Orzinuovi,2021,Totale,Totale,,,,riservato
017125,Orzinuovi,2022,Es. Alberghieri,Italiani,,,,riservato
017125,Orzinuovi,2022,Es. Alberghieri,Stranieri,,,,riservato
017125,Orzinuovi,2022,Es. Alberghieri,Totale,,,,riservato
017125,Orzinuovi,2022,Es. Extra-Alberghieri,Italiani,,,,riservato
017125,Orzinuovi,2022,Es. Extra-Alberghieri,Stranieri,,,,riservato
017125,Orzinuovi,2022,Es. Extra-Alberghieri,Totale,,,,riservato
017125,Orzinuovi,2022,Totale,Italiani,,,,riservato
017125,Orzinuovi,2022,Totale,Stranieri,,,,riservato
017125,Orzinuovi,2022,Totale,Totale,,,,riservato
017125,Orzinuovi,2023,Es. Alberghieri,Italiani,,,,riservato
017125,Orzinuovi,2023,Es. Alberghieri,Stranieri,,,,riservato
017125,Orzinuovi,2023,Es. Alberghieri,Totale,,,,riservato
017125,Orzinuovi,2023,Es. Extra-Alberghieri,Italiani,,,,riservato
017125,Orzinuovi,2023,Es. Extra-Alberghieri,Stranieri,,,,riservato
017125,Orzinuovi,2023,Es. Extra-Alberghieri,Totale,,,,riservato
017125,Orzinuovi,2023,Totale,Italiani,,,,riservato
017125,Orzinuovi,2023,Totale,Stranieri,,,,riservato
017125,Orzinuovi,2023,Totale,Totale,,,,riservato
017125,Orzinuovi,2024,Es. Alberghieri,Italiani,,,,riservato
017125,Orzinuovi,2024,Es. Alberghieri,Stranieri,,,,riservato
017125,Orzinuovi,2024,Es. Alberghieri,Totale,,,,riservato
017125,Orzinuovi,2024,Es. Extra-Alberghieri,Italiani,,,,riservato
017125,Orzinuovi,2024,Es. Extra-Alberghieri,Stranieri,,,,riservato
017125,Orzinuovi,2024,Es. Extra-Alberghieri,Totale,,,,riservato
017125,Orzinuovi,2024,Totale,Italiani,,,,riservato
017125,Orzinuovi,2024,Totale,Stranieri,,,,riservato
017125,Orzinuovi,2024,Totale,Totale,,,,riservato
017126,Orzivecchi,2019,Es. Alberghieri,Italiani,,,,riservato
017126,Orzivecchi,2019,Es. Alberghieri,Stranieri,,,,riservato
017126,Orzivecchi,2019,Es. Alberghieri,Totale,,,,riservato
017126,Orzivecchi,2019,Es. Extra-Alberghieri,Italiani,,,,riservato
017126,Orzivecchi,2019,Es. Extra-Alberghieri,Stranieri,,,,riservato
017126,Orzivecchi,2019,Es. Extra-Alberghieri,Totale,,,,riservato
017126,Orzivecchi,2019,Totale,Italiani,,,,riservato
017126,Orzivecchi,2019,Totale,Stranieri,,,,riservato
017126,Orzivecchi,2019,Totale,Totale,,,,riservato
017126,Orzivecchi,2020,Es. Alberghieri,Italiani,,,,riservato
017126,Orzivecchi,2020,Es. Alberghieri,Stranieri,,,,riservato
017126,Orzivecchi,2020,Es. Alberghieri,Totale,,,,riservato
017126,Orzivecchi,2020,Es. Extra-Alberghieri,Italiani,,,,riservato
017126,Orzivecchi,2020,Es. Extra-Alberghieri,Stranieri,,,,riservato
017126,Orzivecchi,2020,Es. Extra-Alberghieri,Totale,,,,riservato
017126,Orzivecchi,2020,Totale,Italiani,,,,riservato
017126,Orzivecchi,2020,Totale,Stranieri,,,,riservato
017126,Orzivecchi,2020,Totale,Totale,,,,riservato
017126,Orzivecchi,2021,Es. Alberghieri,Italiani,,,,riservato
017126,Orzivecchi,2021,Es. Alberghieri,Stranieri,,,,riservato
017126,Orzivecchi,2021,Es. Alberghieri,Totale,,,,riservato
017126,Orzivecchi,2021,Es. Extra-Alberghieri,Italiani,,,,riservato
017126,Orzivecchi,2021,Es. Extra-Alberghieri,Stranieri,,,,riservato
017126,Orzivecchi,2021,Es. Extra-Alberghieri,Totale,,,,riservato
017126,Orzivecchi,2021,Totale,Italiani,,,,riservato
017126,Orzivecchi,2021,Totale,Stranieri,,,,riservato
017126,Orzivecchi,2021,Totale,Totale,,,,riservato
017126,Orzivecchi,2022,Es. Alberghieri,Italiani,,,,riservato
017126,Orzivecchi,2022,Es. Alberghieri,Stranieri,,,,riservato
017126,Orzivecchi,2022,Es. Alberghieri,Totale,,,,riservato
017126,Orzivecchi,2022,Es. Extra-Alberghieri,Italiani,,,,riservato
017126,Orzivecchi,2022,Es. Extra-Alberghieri,Stranieri,,,,riservato
017126,Orzivecchi,2022,Es. Extra-Alberghieri,Totale,,,,riservato
017126,Orzivecchi,2022,Totale,Italiani,,,,riservato
017126,Orzivecchi,2022,Totale,Stranieri,,,,riservato
017126,Orzivecchi,2022,Totale,Totale,,,,riservato
017126,Orzivecchi,2023,Es. Alberghieri,Italiani,,,,riservato
017126,Orzivecchi,2023,Es. Alberghieri,Stranieri,,,,riservato
017126,Orzivecchi,2023,Es. Alberghieri,Totale,,,,riservato
017126,Orzivecchi,2023,Es. Extra-Alberghieri,Italiani,,,,riservato
017126,Orzivecchi,2023,Es. Extra-Alberghieri,Stranieri,,,,riservato
017126,Orzivecchi,2023,Es. Extra-Alberghieri,Totale,,,,riservato
017126,Orzivecchi,2023,Totale,Italiani,15866,23341,1.50,osservato
017126,Orzivecchi,2023,Totale,Stranieri,2490,5044,2.00,osservato
017126,Orzivecchi,2023,Totale,Totale,18356,28385,1.50,osservato
017126,Orzivecchi,2024,Es. Alberghieri,Italiani,,,,riservato
017126,Orzivecchi,2024,Es. Alberghieri,Stranieri,,,,riservato
017126,Orzivecchi,2024,Es. Alberghieri,Totale,,,,riservato
017126,Orzivecchi,2024,Es. Extra-Alberghieri,Italiani,,,,riservato
017126,Orzivecchi,2024,Es. Extra-Alberghieri,Stranieri,,,,riservato
017126,Orzivecchi,2024,Es. Extra-Alberghieri,Totale,,,,riservato
017126,Orzivecchi,2024,Totale,Italiani,15711,24943,1.59,osservato
017126,Orzivecchi,2024,Totale,Stranieri,2780,5557,2.00,osservato
017126,Orzivecchi,2024,Totale,Totale,18491,30500,1.65,osservato
017128,Ossimo,2019,Es. Alberghieri,Italiani,,,,riservato
017128,Ossimo,2019,Es. Alberghieri,Stranieri,,,,riservato
017128,Ossimo,2019,Es. Alberghieri,Totale,,,,riservato
017128,Ossimo,2019,Es. Extra-Alberghieri,Italiani,,,,riservato
017128,Ossimo,2019,Es. Extra-Alberghieri,Stranieri,,,,riservato
017128,Ossimo,2019,Es. Extra-Alberghieri,Totale,,,,riservato
017128,Ossimo,2019,Totale,Italiani,,,,riservato
017128,Ossimo,2019,Totale,Stranieri,,,,riservato
017128,Ossimo,2019,Totale,Totale,,,,riservato
017128,Ossimo,2020,Es. Extra-Alberghieri,Italiani,61,260,4.30,osservato
017128,Ossimo,2020,Es. Extra-Alberghieri,Stranieri,9,51,5.70,osservato
017128,Ossimo,2020,Es. Extra-Alberghieri,Totale,70,311,4.40,osservato
017128,Ossimo,2020,Totale,Italiani,61,260,4.30,osservato
017128,Ossimo,2020,Totale,Stranieri,9,51,5.70,osservato
017128,Ossimo,2020,Totale,Totale,70,311,4.40,osservato
017128,Ossimo,2021,Es. Alberghieri,Italiani,,,,riservato
017128,Ossimo,2021,Es. Alberghieri,Stranieri,,,,riservato
017128,Ossimo,2021,Es. Alberghieri,Totale,,,,riservato
017128,Ossimo,2021,Es. Extra-Alberghieri,Italiani,66,439,6.70,osservato
017128,Ossimo,2021,Es. Extra-Alberghieri,Stranieri,8,54,6.80,osservato
017128,Ossimo,2021,Es. Extra-Alberghieri,Totale,74,493,6.70,osservato
017128,Ossimo,2021,Totale,Italiani,66,439,6.70,osservato
017128,Ossimo,2021,Totale,Stranieri,8,54,6.80,osservato
017128,Ossimo,2021,Totale,Totale,74,493,6.70,osservato
017128,Ossimo,2022,Es. Alberghieri,Italiani,,,,riservato
017128,Ossimo,2022,Es. Alberghieri,Stranieri,,,,riservato
017128,Ossimo,2022,Es. Alberghieri,Totale,,,,riservato
017128,Ossimo,2022,Es. Extra-Alberghieri,Italiani,55,253,4.60,osservato
017128,Ossimo,2022,Es. Extra-Alberghieri,Stranieri,20,148,7.40,osservato
017128,Ossimo,2022,Es. Extra-Alberghieri,Totale,75,401,5.30,osservato
017128,Ossimo,2022,Totale,Italiani,55,253,4.60,osservato
017128,Ossimo,2022,Totale,Stranieri,20,148,7.40,osservato
017128,Ossimo,2022,Totale,Totale,75,401,5.30,osservato
017128,Ossimo,2024,Es. Alberghieri,Italiani,,,,riservato
017128,Ossimo,2024,Es. Alberghieri,Stranieri,,,,riservato
017128,Ossimo,2024,Es. Alberghieri,Totale,,,,riservato
017128,Ossimo,2024,Es. Extra-Alberghieri,Italiani,,,,riservato
017128,Ossimo,2024,Es. Extra-Alberghieri,Stranieri,,,,riservato
017128,Ossimo,2024,Es. Extra-Alberghieri,Totale,,,,riservato
017128,Ossimo,2024,Totale,Italiani,37,118,3.19,osservato
017128,Ossimo,2024,Totale,Stranieri,2,2,1.00,osservato
017128,Ossimo,2024,Totale,Totale,39,120,3.08,osservato
017129,Padenghe sul Garda,2019,Es. Alberghieri,Italiani,11511,22475,2.00,osservato
017129,Padenghe sul Garda,2019,Es. Alberghieri,Stranieri,12334,48295,3.90,osservato
017129,Padenghe sul Garda,2019,Es. Alberghieri,Totale,23845,70770,3.00,osservato
017129,Padenghe sul Garda,2019,Es. Extra-Alberghieri,Italiani,11550,35825,3.10,osservato
017129,Padenghe sul Garda,2019,Es. Extra-Alberghieri,Stranieri,16007,105496,6.60,osservato
017129,Padenghe sul Garda,2019,Es. Extra-Alberghieri,Totale,27557,141321,5.10,osservato
017129,Padenghe sul Garda,2019,Totale,Italiani,23061,58300,2.50,osservato
017129,Padenghe sul Garda,2019,Totale,Stranieri,28341,153791,5.40,osservato
017129,Padenghe sul Garda,2019,Totale,Totale,51402,212091,4.10,osservato
017129,Padenghe sul Garda,2020,Es. Alberghieri,Italiani,7202,17254,2.40,osservato
017129,Padenghe sul Garda,2020,Es. Alberghieri,Stranieri,2625,10563,4.00,osservato
017129,Padenghe sul Garda,2020,Es. Alberghieri,Totale,9827,27817,2.80,osservato
017129,Padenghe sul Garda,2020,Es. Extra-Alberghieri,Italiani,7407,37411,5.10,osservato
017129,Padenghe sul Garda,2020,Es. Extra-Alberghieri,Stranieri,7146,53881,7.50,osservato
017129,Padenghe sul Garda,2020,Es. Extra-Alberghieri,Totale,14553,91292,6.30,osservato
017129,Padenghe sul Garda,2020,Totale,Italiani,14609,54665,3.70,osservato
017129,Padenghe sul Garda,2020,Totale,Stranieri,9771,64444,6.60,osservato
017129,Padenghe sul Garda,2020,Totale,Totale,24380,119109,4.90,osservato
017129,Padenghe sul Garda,2021,Es. Alberghieri,Italiani,13759,41844,3.00,osservato
017129,Padenghe sul Garda,2021,Es. Alberghieri,Stranieri,11527,64870,5.60,osservato
017129,Padenghe sul Garda,2021,Es. Alberghieri,Totale,25286,106714,4.20,osservato
017129,Padenghe sul Garda,2021,Es. Extra-Alberghieri,Italiani,8277,71264,8.60,osservato
017129,Padenghe sul Garda,2021,Es. Extra-Alberghieri,Stranieri,14774,103559,7.00,osservato
017129,Padenghe sul Garda,2021,Es. Extra-Alberghieri,Totale,23051,174823,7.60,osservato
017129,Padenghe sul Garda,2021,Totale,Italiani,22036,113108,5.10,osservato
017129,Padenghe sul Garda,2021,Totale,Stranieri,26301,168429,6.40,osservato
017129,Padenghe sul Garda,2021,Totale,Totale,48337,281537,5.80,osservato
017129,Padenghe sul Garda,2022,Es. Alberghieri,Italiani,13926,24956,1.80,osservato
017129,Padenghe sul Garda,2022,Es. Alberghieri,Stranieri,15413,58329,3.80,osservato
017129,Padenghe sul Garda,2022,Es. Alberghieri,Totale,29339,83285,2.80,osservato
017129,Padenghe sul Garda,2022,Es. Extra-Alberghieri,Italiani,9983,94681,9.50,osservato
017129,Padenghe sul Garda,2022,Es. Extra-Alberghieri,Stranieri,25408,168577,6.60,osservato
017129,Padenghe sul Garda,2022,Es. Extra-Alberghieri,Totale,35391,263258,7.40,osservato
017129,Padenghe sul Garda,2022,Totale,Italiani,23909,119637,5.00,osservato
017129,Padenghe sul Garda,2022,Totale,Stranieri,40821,226906,5.60,osservato
017129,Padenghe sul Garda,2022,Totale,Totale,64730,346543,5.40,osservato
017129,Padenghe sul Garda,2023,Es. Alberghieri,Italiani,15826,26726,1.70,osservato
017129,Padenghe sul Garda,2023,Es. Alberghieri,Stranieri,14953,51426,3.40,osservato
017129,Padenghe sul Garda,2023,Es. Alberghieri,Totale,30779,78152,2.50,osservato
017129,Padenghe sul Garda,2023,Es. Extra-Alberghieri,Italiani,8537,49707,5.80,osservato
017129,Padenghe sul Garda,2023,Es. Extra-Alberghieri,Stranieri,30330,196937,6.50,osservato
017129,Padenghe sul Garda,2023,Es. Extra-Alberghieri,Totale,38867,246644,6.30,osservato
017129,Padenghe sul Garda,2023,Totale,Italiani,24363,76433,3.10,osservato
017129,Padenghe sul Garda,2023,Totale,Stranieri,45283,248363,5.50,osservato
017129,Padenghe sul Garda,2023,Totale,Totale,69646,324796,4.70,osservato
017129,Padenghe sul Garda,2024,Es. Alberghieri,Italiani,14903,24405,1.64,osservato
017129,Padenghe sul Garda,2024,Es. Alberghieri,Stranieri,18190,60110,3.30,osservato
017129,Padenghe sul Garda,2024,Es. Alberghieri,Totale,33093,84515,2.55,osservato
017129,Padenghe sul Garda,2024,Es. Extra-Alberghieri,Italiani,7653,27950,3.65,osservato
017129,Padenghe sul Garda,2024,Es. Extra-Alberghieri,Stranieri,30510,193963,6.36,osservato
017129,Padenghe sul Garda,2024,Es. Extra-Alberghieri,Totale,38163,221913,5.81,osservato
017129,Padenghe sul Garda,2024,Totale,Italiani,22556,52355,2.32,osservato
017129,Padenghe sul Garda,2024,Totale,Stranieri,48700,254073,5.22,osservato
017129,Padenghe sul Garda,2024,Totale,Totale,71256,306428,4.30,osservato
017130,Paderno Franciacorta,2019,Es. Alberghieri,Italiani,,,,riservato
017130,Paderno Franciacorta,2019,Es. Alberghieri,Stranieri,,,,riservato
017130,Paderno Franciacorta,2019,Es. Alberghieri,Totale,,,,riservato
017130,Paderno Franciacorta,2019,Es. Extra-Alberghieri,Italiani,,,,riservato
017130,Paderno Franciacorta,2019,Es. Extra-Alberghieri,Stranieri,,,,riservato
017130,Paderno Franciacorta,2019,Es. Extra-Alberghieri,Totale,,,,riservato
017130,Paderno Franciacorta,2019,Totale,Italiani,369,654,1.80,osservato
017130,Paderno Franciacorta,2019,Totale,Stranieri,135,366,2.70,osservato
017130,Paderno Franciacorta,2019,Totale,Totale,504,1020,2.00,osservato
017130,Paderno Franciacorta,2020,Es. Alberghieri,Italiani,,,,riservato
017130,Paderno Franciacorta,2020,Es. Alberghieri,Stranieri,,,,riservato
017130,Paderno Franciacorta,2020,Es. Alberghieri,Totale,,,,riservato
017130,Paderno Franciacorta,2020,Es. Extra-Alberghieri,Italiani,,,,riservato
017130,Paderno Franciacorta,2020,Es. Extra-Alberghieri,Stranieri,,,,riservato
017130,Paderno Franciacorta,2020,Es. Extra-Alberghieri,Totale,,,,riservato
017130,Paderno Franciacorta,2020,Totale,Italiani,224,546,2.40,osservato
017130,Paderno Franciacorta,2020,Totale,Stranieri,54,334,6.20,osservato
017130,Paderno Franciacorta,2020,Totale,Totale,278,880,3.20,osservato
017130,Paderno Franciacorta,2021,Es. Alberghieri,Italiani,,,,riservato
017130,Paderno Franciacorta,2021,Es. Alberghieri,Stranieri,,,,riservato
017130,Paderno Franciacorta,2021,Es. Alberghieri,Totale,,,,riservato
017130,Paderno Franciacorta,2021,Es. Extra-Alberghieri,Italiani,,,,riservato
017130,Paderno Franciacorta,2021,Es. Extra-Alberghieri,Stranieri,,,,riservato
017130,Paderno Franciacorta,2021,Es. Extra-Alberghieri,Totale,,,,riservato
017130,Paderno Franciacorta,2021,Totale,Italiani,318,820,2.60,osservato
017130,Paderno Franciacorta,2021,Totale,Stranieri,72,405,5.60,osservato
017130,Paderno Franciacorta,2021,Totale,Totale,390,1225,3.10,osservato
017130,Paderno Franciacorta,2022,Es. Alberghieri,Italiani,,,,riservato
017130,Paderno Franciacorta,2022,Es. Alberghieri,Stranieri,,,,riservato
017130,Paderno Franciacorta,2022,Es. Alberghieri,Totale,,,,riservato
017130,Paderno Franciacorta,2022,Es. Extra-Alberghieri,Italiani,,,,riservato
017130,Paderno Franciacorta,2022,Es. Extra-Alberghieri,Stranieri,,,,riservato
017130,Paderno Franciacorta,2022,Es. Extra-Alberghieri,Totale,,,,riservato
017130,Paderno Franciacorta,2022,Totale,Italiani,284,502,1.80,osservato
017130,Paderno Franciacorta,2022,Totale,Stranieri,226,1310,5.80,osservato
017130,Paderno Franciacorta,2022,Totale,Totale,510,1812,3.60,osservato
017130,Paderno Franciacorta,2023,Es. Alberghieri,Italiani,,,,riservato
017130,Paderno Franciacorta,2023,Es. Alberghieri,Stranieri,,,,riservato
017130,Paderno Franciacorta,2023,Es. Alberghieri,Totale,,,,riservato
017130,Paderno Franciacorta,2023,Es. Extra-Alberghieri,Italiani,,,,riservato
017130,Paderno Franciacorta,2023,Es. Extra-Alberghieri,Stranieri,,,,riservato
017130,Paderno Franciacorta,2023,Es. Extra-Alberghieri,Totale,,,,riservato
017130,Paderno Franciacorta,2023,Totale,Italiani,1202,2302,1.90,osservato
017130,Paderno Franciacorta,2023,Totale,Stranieri,604,1869,3.10,osservato
017130,Paderno Franciacorta,2023,Totale,Totale,1806,4171,2.30,osservato
017130,Paderno Franciacorta,2024,Es. Alberghieri,Italiani,,,,riservato
017130,Paderno Franciacorta,2024,Es. Alberghieri,Stranieri,,,,riservato
017130,Paderno Franciacorta,2024,Es. Alberghieri,Totale,,,,riservato
017130,Paderno Franciacorta,2024,Es. Extra-Alberghieri,Italiani,,,,riservato
017130,Paderno Franciacorta,2024,Es. Extra-Alberghieri,Stranieri,,,,riservato
017130,Paderno Franciacorta,2024,Es. Extra-Alberghieri,Totale,,,,riservato
017130,Paderno Franciacorta,2024,Totale,Italiani,2638,4677,1.77,osservato
017130,Paderno Franciacorta,2024,Totale,Stranieri,795,2144,2.70,osservato
017130,Paderno Franciacorta,2024,Totale,Totale,3433,6821,1.99,osservato
017131,Paisco Loveno,2019,Es. Alberghieri,Italiani,,,,riservato
017131,Paisco Loveno,2019,Es. Alberghieri,Stranieri,,,,riservato
017131,Paisco Loveno,2019,Es. Alberghieri,Totale,,,,riservato
017131,Paisco Loveno,2019,Es. Extra-Alberghieri,Italiani,,,,riservato
017131,Paisco Loveno,2019,Es. Extra-Alberghieri,Stranieri,,,,riservato
017131,Paisco Loveno,2019,Es. Extra-Alberghieri,Totale,,,,riservato
017131,Paisco Loveno,2019,Totale,Italiani,265,265,1.00,osservato
017131,Paisco Loveno,2019,Totale,Totale,265,265,1.00,osservato
017131,Paisco Loveno,2021,Es. Alberghieri,Italiani,,,,riservato
017131,Paisco Loveno,2021,Es. Alberghieri,Stranieri,,,,riservato
017131,Paisco Loveno,2021,Es. Alberghieri,Totale,,,,riservato
017131,Paisco Loveno,2021,Es. Extra-Alberghieri,Italiani,,,,riservato
017131,Paisco Loveno,2021,Es. Extra-Alberghieri,Stranieri,,,,riservato
017131,Paisco Loveno,2021,Es. Extra-Alberghieri,Totale,,,,riservato
017131,Paisco Loveno,2021,Totale,Italiani,,,,riservato
017131,Paisco Loveno,2021,Totale,Stranieri,,,,riservato
017131,Paisco Loveno,2021,Totale,Totale,,,,riservato
017131,Paisco Loveno,2022,Es. Alberghieri,Italiani,,,,riservato
017131,Paisco Loveno,2022,Es. Alberghieri,Stranieri,,,,riservato
017131,Paisco Loveno,2022,Es. Alberghieri,Totale,,,,riservato
017131,Paisco Loveno,2022,Es. Extra-Alberghieri,Italiani,,,,riservato
017131,Paisco Loveno,2022,Es. Extra-Alberghieri,Stranieri,,,,riservato
017131,Paisco Loveno,2022,Es. Extra-Alberghieri,Totale,,,,riservato
017131,Paisco Loveno,2022,Totale,Italiani,,,,riservato
017131,Paisco Loveno,2022,Totale,Stranieri,,,,riservato
017131,Paisco Loveno,2022,Totale,Totale,,,,riservato
017131,Paisco Loveno,2023,Es. Alberghieri,Italiani,,,,riservato
017131,Paisco Loveno,2023,Es. Alberghieri,Stranieri,,,,riservato
017131,Paisco Loveno,2023,Es. Alberghieri,Totale,,,,riservato
017131,Paisco Loveno,2023,Es. Extra-Alberghieri,Italiani,,,,riservato
017131,Paisco Loveno,2023,Es. Extra-Alberghieri,Stranieri,,,,riservato
017131,Paisco Loveno,2023,Es. Extra-Alberghieri,Totale,,,,riservato
017131,Paisco Loveno,2023,Totale,Italiani,,,,riservato
017131,Paisco Loveno,2023,Totale,Stranieri,,,,riservato
017131,Paisco Loveno,2023,Totale,Totale,,,,riservato
017131,Paisco Loveno,2024,Es. Alberghieri,Italiani,,,,riservato
017131,Paisco Loveno,2024,Es. Alberghieri,Stranieri,,,,riservato
017131,Paisco Loveno,2024,Es. Alberghieri,Totale,,,,riservato
017131,Paisco Loveno,2024,Es. Extra-Alberghieri,Italiani,,,,riservato
017131,Paisco Loveno,2024,Es. Extra-Alberghieri,Stranieri,,,,riservato
017131,Paisco Loveno,2024,Es. Extra-Alberghieri,Totale,,,,riservato
017131,Paisco Loveno,2024,Totale,Italiani,401,626,1.56,osservato
017131,Paisco Loveno,2024,Totale,Stranieri,44,120,2.73,osservato
017131,Paisco Loveno,2024,Totale,Totale,445,746,1.68,osservato
017132,Paitone,2019,Es. Alberghieri,Italiani,,,,riservato
017132,Paitone,2019,Es. Alberghieri,Stranieri,,,,riservato
017132,Paitone,2019,Es. Alberghieri,Totale,,,,riservato
017132,Paitone,2019,Es. Extra-Alberghieri,Italiani,,,,riservato
017132,Paitone,2019,Es. Extra-Alberghieri,Stranieri,,,,riservato
017132,Paitone,2019,Es. Extra-Alberghieri,Totale,,,,riservato
017132,Paitone,2019,Totale,Italiani,,,,riservato
017132,Paitone,2019,Totale,Stranieri,,,,riservato
017132,Paitone,2019,Totale,Totale,,,,riservato
017132,Paitone,2020,Es. Alberghieri,Italiani,,,,riservato
017132,Paitone,2020,Es. Alberghieri,Stranieri,,,,riservato
017132,Paitone,2020,Es. Alberghieri,Totale,,,,riservato
017132,Paitone,2020,Es. Extra-Alberghieri,Italiani,,,,riservato
017132,Paitone,2020,Es. Extra-Alberghieri,Stranieri,,,,riservato
017132,Paitone,2020,Es. Extra-Alberghieri,Totale,,,,riservato
017132,Paitone,2020,Totale,Italiani,,,,riservato
017132,Paitone,2020,Totale,Stranieri,,,,riservato
017132,Paitone,2020,Totale,Totale,,,,riservato
017132,Paitone,2021,Es. Alberghieri,Italiani,,,,riservato
017132,Paitone,2021,Es. Alberghieri,Stranieri,,,,riservato
017132,Paitone,2021,Es. Alberghieri,Totale,,,,riservato
017132,Paitone,2021,Es. Extra-Alberghieri,Italiani,,,,riservato
017132,Paitone,2021,Es. Extra-Alberghieri,Stranieri,,,,riservato
017132,Paitone,2021,Es. Extra-Alberghieri,Totale,,,,riservato
017132,Paitone,2021,Totale,Italiani,,,,riservato
017132,Paitone,2021,Totale,Stranieri,,,,riservato
017132,Paitone,2021,Totale,Totale,,,,riservato
017132,Paitone,2024,Es. Alberghieri,Italiani,,,,riservato
017132,Paitone,2024,Es. Alberghieri,Stranieri,,,,riservato
017132,Paitone,2024,Es. Alberghieri,Totale,,,,riservato
017132,Paitone,2024,Es. Extra-Alberghieri,Italiani,,,,riservato
017132,Paitone,2024,Es. Extra-Alberghieri,Stranieri,,,,riservato
017132,Paitone,2024,Es. Extra-Alberghieri,Totale,,,,riservato
017132,Paitone,2024,Totale,Italiani,,,,riservato
017132,Paitone,2024,Totale,Stranieri,,,,riservato
017132,Paitone,2024,Totale,Totale,,,,riservato
017133,Palazzolo sull'Oglio,2019,Es. Alberghieri,Italiani,,,,riservato
017133,Palazzolo sull'Oglio,2019,Es. Alberghieri,Stranieri,,,,riservato
017133,Palazzolo sull'Oglio,2019,Es. Alberghieri,Totale,,,,riservato
017133,Palazzolo sull'Oglio,2019,Es. Extra-Alberghieri,Italiani,,,,riservato
017133,Palazzolo sull'Oglio,2019,Es. Extra-Alberghieri,Stranieri,,,,riservato
017133,Palazzolo sull'Oglio,2019,Es. Extra-Alberghieri,Totale,,,,riservato
017133,Palazzolo sull'Oglio,2019,Totale,Italiani,7819,15361,2.00,osservato
017133,Palazzolo sull'Oglio,2019,Totale,Stranieri,1487,2958,2.00,osservato
017133,Palazzolo sull'Oglio,2019,Totale,Totale,9306,18319,2.00,osservato
017133,Palazzolo sull'Oglio,2020,Es. Alberghieri,Italiani,,,,riservato
017133,Palazzolo sull'Oglio,2020,Es. Alberghieri,Stranieri,,,,riservato
017133,Palazzolo sull'Oglio,2020,Es. Alberghieri,Totale,,,,riservato
017133,Palazzolo sull'Oglio,2020,Es. Extra-Alberghieri,Italiani,,,,riservato
017133,Palazzolo sull'Oglio,2020,Es. Extra-Alberghieri,Stranieri,,,,riservato
017133,Palazzolo sull'Oglio,2020,Es. Extra-Alberghieri,Totale,,,,riservato
017133,Palazzolo sull'Oglio,2020,Totale,Italiani,3571,8276,2.30,osservato
017133,Palazzolo sull'Oglio,2020,Totale,Stranieri,412,738,1.80,osservato
017133,Palazzolo sull'Oglio,2020,Totale,Totale,3983,9014,2.30,osservato
017133,Palazzolo sull'Oglio,2021,Es. Alberghieri,Italiani,,,,riservato
017133,Palazzolo sull'Oglio,2021,Es. Alberghieri,Stranieri,,,,riservato
017133,Palazzolo sull'Oglio,2021,Es. Alberghieri,Totale,,,,riservato
017133,Palazzolo sull'Oglio,2021,Es. Extra-Alberghieri,Italiani,,,,riservato
017133,Palazzolo sull'Oglio,2021,Es. Extra-Alberghieri,Stranieri,,,,riservato
017133,Palazzolo sull'Oglio,2021,Es. Extra-Alberghieri,Totale,,,,riservato
017133,Palazzolo sull'Oglio,2021,Totale,Italiani,4766,9503,2.00,osservato
017133,Palazzolo sull'Oglio,2021,Totale,Stranieri,572,1505,2.60,osservato
017133,Palazzolo sull'Oglio,2021,Totale,Totale,5338,11008,2.10,osservato
017133,Palazzolo sull'Oglio,2022,Es. Alberghieri,Italiani,,,,riservato
017133,Palazzolo sull'Oglio,2022,Es. Alberghieri,Stranieri,,,,riservato
017133,Palazzolo sull'Oglio,2022,Es. Alberghieri,Totale,,,,riservato
017133,Palazzolo sull'Oglio,2022,Es. Extra-Alberghieri,Italiani,,,,riservato
017133,Palazzolo sull'Oglio,2022,Es. Extra-Alberghieri,Stranieri,,,,riservato
017133,Palazzolo sull'Oglio,2022,Es. Extra-Alberghieri,Totale,,,,riservato
017133,Palazzolo sull'Oglio,2022,Totale,Italiani,5665,11197,2.00,osservato
017133,Palazzolo sull'Oglio,2022,Totale,Stranieri,1046,3677,3.50,osservato
017133,Palazzolo sull'Oglio,2022,Totale,Totale,6711,14874,2.20,osservato
017133,Palazzolo sull'Oglio,2023,Es. Alberghieri,Italiani,,,,riservato
017133,Palazzolo sull'Oglio,2023,Es. Alberghieri,Stranieri,,,,riservato
017133,Palazzolo sull'Oglio,2023,Es. Alberghieri,Totale,,,,riservato
017133,Palazzolo sull'Oglio,2023,Es. Extra-Alberghieri,Italiani,,,,riservato
017133,Palazzolo sull'Oglio,2023,Es. Extra-Alberghieri,Stranieri,,,,riservato
017133,Palazzolo sull'Oglio,2023,Es. Extra-Alberghieri,Totale,,,,riservato
017133,Palazzolo sull'Oglio,2023,Totale,Italiani,5829,10554,1.80,osservato
017133,Palazzolo sull'Oglio,2023,Totale,Stranieri,1294,2716,2.10,osservato
017133,Palazzolo sull'Oglio,2023,Totale,Totale,7123,13270,1.90,osservato
017133,Palazzolo sull'Oglio,2024,Es. Alberghieri,Italiani,,,,riservato
017133,Palazzolo sull'Oglio,2024,Es. Alberghieri,Stranieri,,,,riservato
017133,Palazzolo sull'Oglio,2024,Es. Alberghieri,Totale,,,,riservato
017133,Palazzolo sull'Oglio,2024,Es. Extra-Alberghieri,Italiani,,,,riservato
017133,Palazzolo sull'Oglio,2024,Es. Extra-Alberghieri,Stranieri,,,,riservato
017133,Palazzolo sull'Oglio,2024,Es. Extra-Alberghieri,Totale,,,,riservato
017133,Palazzolo sull'Oglio,2024,Totale,Italiani,5500,9740,1.77,osservato
017133,Palazzolo sull'Oglio,2024,Totale,Stranieri,1344,3597,2.68,osservato
017133,Palazzolo sull'Oglio,2024,Totale,Totale,6844,13337,1.95,osservato
017134,Paratico,2019,Es. Alberghieri,Italiani,,,,riservato
017134,Paratico,2019,Es. Alberghieri,Stranieri,,,,riservato
017134,Paratico,2019,Es. Alberghieri,Totale,,,,riservato
017134,Paratico,2019,Es. Extra-Alberghieri,Italiani,,,,riservato
017134,Paratico,2019,Es. Extra-Alberghieri,Stranieri,,,,riservato
017134,Paratico,2019,Es. Extra-Alberghieri,Totale,,,,riservato
017134,Paratico,2019,Totale,Italiani,5994,11516,1.90,osservato
017134,Paratico,2019,Totale,Stranieri,5264,11918,2.30,osservato
017134,Paratico,2019,Totale,Totale,11258,23434,2.10,osservato
017134,Paratico,2020,Es. Alberghieri,Italiani,,,,riservato
017134,Paratico,2020,Es. Alberghieri,Stranieri,,,,riservato
017134,Paratico,2020,Es. Alberghieri,Totale,,,,riservato
017134,Paratico,2020,Es. Extra-Alberghieri,Italiani,,,,riservato
017134,Paratico,2020,Es. Extra-Alberghieri,Stranieri,,,,riservato
017134,Paratico,2020,Es. Extra-Alberghieri,Totale,,,,riservato
017134,Paratico,2020,Totale,Italiani,4004,8688,2.20,osservato
017134,Paratico,2020,Totale,Stranieri,1377,3136,2.30,osservato
017134,Paratico,2020,Totale,Totale,5381,11824,2.20,osservato
017134,Paratico,2021,Es. Alberghieri,Italiani,,,,riservato
017134,Paratico,2021,Es. Alberghieri,Stranieri,,,,riservato
017134,Paratico,2021,Es. Alberghieri,Totale,,,,riservato
017134,Paratico,2021,Es. Extra-Alberghieri,Italiani,,,,riservato
017134,Paratico,2021,Es. Extra-Alberghieri,Stranieri,,,,riservato
017134,Paratico,2021,Es. Extra-Alberghieri,Totale,,,,riservato
017134,Paratico,2021,Totale,Italiani,5297,12211,2.30,osservato
017134,Paratico,2021,Totale,Stranieri,2022,7370,3.60,osservato
017134,Paratico,2021,Totale,Totale,7319,19581,2.70,osservato
017134,Paratico,2022,Es. Alberghieri,Italiani,,,,riservato
017134,Paratico,2022,Es. Alberghieri,Stranieri,,,,riservato
017134,Paratico,2022,Es. Alberghieri,Totale,,,,riservato
017134,Paratico,2022,Es. Extra-Alberghieri,Italiani,,,,riservato
017134,Paratico,2022,Es. Extra-Alberghieri,Stranieri,,,,riservato
017134,Paratico,2022,Es. Extra-Alberghieri,Totale,,,,riservato
017134,Paratico,2022,Totale,Italiani,7025,13888,2.00,osservato
017134,Paratico,2022,Totale,Stranieri,5371,13344,2.50,osservato
017134,Paratico,2022,Totale,Totale,12396,27232,2.20,osservato
017134,Paratico,2023,Es. Alberghieri,Italiani,,,,riservato
017134,Paratico,2023,Es. Alberghieri,Stranieri,,,,riservato
017134,Paratico,2023,Es. Alberghieri,Totale,,,,riservato
017134,Paratico,2023,Es. Extra-Alberghieri,Italiani,,,,riservato
017134,Paratico,2023,Es. Extra-Alberghieri,Stranieri,,,,riservato
017134,Paratico,2023,Es. Extra-Alberghieri,Totale,,,,riservato
017134,Paratico,2023,Totale,Italiani,8151,15255,1.90,osservato
017134,Paratico,2023,Totale,Stranieri,7197,17936,2.50,osservato
017134,Paratico,2023,Totale,Totale,15348,33191,2.20,osservato
017134,Paratico,2024,Es. Alberghieri,Italiani,,,,riservato
017134,Paratico,2024,Es. Alberghieri,Stranieri,,,,riservato
017134,Paratico,2024,Es. Alberghieri,Totale,,,,riservato
017134,Paratico,2024,Es. Extra-Alberghieri,Italiani,,,,riservato
017134,Paratico,2024,Es. Extra-Alberghieri,Stranieri,,,,riservato
017134,Paratico,2024,Es. Extra-Alberghieri,Totale,,,,riservato
017134,Paratico,2024,Totale,Italiani,7507,13782,1.84,osservato
017134,Paratico,2024,Totale,Stranieri,8715,20344,2.33,osservato
017134,Paratico,2024,Totale,Totale,16222,34126,2.10,osservato
017135,Paspardo,2019,Es. Alberghieri,Italiani,,,,riservato
017135,Paspardo,2019,Es. Alberghieri,Stranieri,,,,riservato
017135,Paspardo,2019,Es. Alberghieri,Totale,,,,riservato
017135,Paspardo,2019,Es. Extra-Alberghieri,Italiani,,,,riservato
017135,Paspardo,2019,Es. Extra-Alberghieri,Stranieri,,,,riservato
017135,Paspardo,2019,Es. Extra-Alberghieri,Totale,,,,riservato
017135,Paspardo,2019,Totale,Italiani,,,,riservato
017135,Paspardo,2019,Totale,Stranieri,,,,riservato
017135,Paspardo,2019,Totale,Totale,,,,riservato
017135,Paspardo,2020,Es. Alberghieri,Italiani,,,,riservato
017135,Paspardo,2020,Es. Alberghieri,Stranieri,,,,riservato
017135,Paspardo,2020,Es. Alberghieri,Totale,,,,riservato
017135,Paspardo,2020,Es. Extra-Alberghieri,Italiani,,,,riservato
017135,Paspardo,2020,Es. Extra-Alberghieri,Stranieri,,,,riservato
017135,Paspardo,2020,Es. Extra-Alberghieri,Totale,,,,riservato
017135,Paspardo,2020,Totale,Italiani,,,,riservato
017135,Paspardo,2020,Totale,Stranieri,,,,riservato
017135,Paspardo,2020,Totale,Totale,,,,riservato
017135,Paspardo,2021,Es. Alberghieri,Italiani,,,,riservato
017135,Paspardo,2021,Es. Alberghieri,Stranieri,,,,riservato
017135,Paspardo,2021,Es. Alberghieri,Totale,,,,riservato
017135,Paspardo,2021,Es. Extra-Alberghieri,Italiani,,,,riservato
017135,Paspardo,2021,Es. Extra-Alberghieri,Stranieri,,,,riservato
017135,Paspardo,2021,Es. Extra-Alberghieri,Totale,,,,riservato
017135,Paspardo,2021,Totale,Italiani,,,,riservato
017135,Paspardo,2021,Totale,Stranieri,,,,riservato
017135,Paspardo,2021,Totale,Totale,,,,riservato
017135,Paspardo,2023,Es. Alberghieri,Italiani,,,,riservato
017135,Paspardo,2023,Es. Alberghieri,Stranieri,,,,riservato
017135,Paspardo,2023,Es. Alberghieri,Totale,,,,riservato
017135,Paspardo,2023,Es. Extra-Alberghieri,Italiani,,,,riservato
017135,Paspardo,2023,Es. Extra-Alberghieri,Stranieri,,,,riservato
017135,Paspardo,2023,Es. Extra-Alberghieri,Totale,,,,riservato
017135,Paspardo,2023,Totale,Italiani,,,,riservato
017135,Paspardo,2023,Totale,Stranieri,,,,riservato
017135,Paspardo,2023,Totale,Totale,,,,riservato
017135,Paspardo,2024,Es. Alberghieri,Italiani,,,,riservato
017135,Paspardo,2024,Es. Alberghieri,Stranieri,,,,riservato
017135,Paspardo,2024,Es. Alberghieri,Totale,,,,riservato
017135,Paspardo,2024,Es. Extra-Alberghieri,Italiani,,,,riservato
017135,Paspardo,2024,Es. Extra-Alberghieri,Stranieri,,,,riservato
017135,Paspardo,2024,Es. Extra-Alberghieri,Totale,,,,riservato
017135,Paspardo,2024,Totale,Italiani,22,42,1.91,osservato
017135,Paspardo,2024,Totale,Stranieri,5,5,1.00,osservato
017135,Paspardo,2024,Totale,Totale,27,47,1.74,osservato
017136,Passirano,2019,Es. Alberghieri,Italiani,,,,riservato
017136,Passirano,2019,Es. Alberghieri,Stranieri,,,,riservato
017136,Passirano,2019,Es. Alberghieri,Totale,,,,riservato
017136,Passirano,2019,Es. Extra-Alberghieri,Italiani,,,,riservato
017136,Passirano,2019,Es. Extra-Alberghieri,Stranieri,,,,riservato
017136,Passirano,2019,Es. Extra-Alberghieri,Totale,,,,riservato
017136,Passirano,2019,Totale,Italiani,1236,2713,2.20,osservato
017136,Passirano,2019,Totale,Stranieri,453,1123,2.50,osservato
017136,Passirano,2019,Totale,Totale,1689,3836,2.30,osservato
017136,Passirano,2020,Es. Extra-Alberghieri,Italiani,999,2737,2.70,osservato
017136,Passirano,2020,Es. Extra-Alberghieri,Stranieri,153,313,2.00,osservato
017136,Passirano,2020,Es. Extra-Alberghieri,Totale,1152,3050,2.60,osservato
017136,Passirano,2020,Totale,Italiani,999,2737,2.70,osservato
017136,Passirano,2020,Totale,Stranieri,153,313,2.00,osservato
017136,Passirano,2020,Totale,Totale,1152,3050,2.60,osservato
017136,Passirano,2021,Es. Alberghieri,Italiani,,,,riservato
017136,Passirano,2021,Es. Alberghieri,Stranieri,,,,riservato
017136,Passirano,2021,Es. Alberghieri,Totale,,,,riservato
017136,Passirano,2021,Es. Extra-Alberghieri,Italiani,2144,4242,2.00,osservato
017136,Passirano,2021,Es. Extra-Alberghieri,Stranieri,571,1378,2.40,osservato
017136,Passirano,2021,Es. Extra-Alberghieri,Totale,2715,5620,2.10,osservato
017136,Passirano,2021,Totale,Italiani,2144,4242,2.00,osservato
017136,Passirano,2021,Totale,Stranieri,571,1378,2.40,osservato
017136,Passirano,2021,Totale,Totale,2715,5620,2.10,osservato
017136,Passirano,2022,Es. Alberghieri,Italiani,,,,riservato
017136,Passirano,2022,Es. Alberghieri,Stranieri,,,,riservato
017136,Passirano,2022,Es. Alberghieri,Totale,,,,riservato
017136,Passirano,2022,Es. Extra-Alberghieri,Italiani,2528,4513,1.80,osservato
017136,Passirano,2022,Es. Extra-Alberghieri,Stranieri,937,2354,2.50,osservato
017136,Passirano,2022,Es. Extra-Alberghieri,Totale,3465,6867,2.00,osservato
017136,Passirano,2022,Totale,Italiani,2528,4513,1.80,osservato
017136,Passirano,2022,Totale,Stranieri,937,2354,2.50,osservato
017136,Passirano,2022,Totale,Totale,3465,6867,2.00,osservato
017136,Passirano,2023,Es. Alberghieri,Italiani,,,,riservato
017136,Passirano,2023,Es. Alberghieri,Stranieri,,,,riservato
017136,Passirano,2023,Es. Alberghieri,Totale,,,,riservato
017136,Passirano,2023,Es. Extra-Alberghieri,Italiani,,,,riservato
017136,Passirano,2023,Es. Extra-Alberghieri,Stranieri,,,,riservato
017136,Passirano,2023,Es. Extra-Alberghieri,Totale,,,,riservato
017136,Passirano,2023,Totale,Italiani,2368,4100,1.70,osservato
017136,Passirano,2023,Totale,Stranieri,1073,3122,2.90,osservato
017136,Passirano,2023,Totale,Totale,3441,7222,2.10,osservato
017136,Passirano,2024,Es. Alberghieri,Italiani,,,,riservato
017136,Passirano,2024,Es. Alberghieri,Stranieri,,,,riservato
017136,Passirano,2024,Es. Alberghieri,Totale,,,,riservato
017136,Passirano,2024,Es. Extra-Alberghieri,Italiani,,,,riservato
017136,Passirano,2024,Es. Extra-Alberghieri,Stranieri,,,,riservato
017136,Passirano,2024,Es. Extra-Alberghieri,Totale,,,,riservato
017136,Passirano,2024,Totale,Italiani,2480,4403,1.78,osservato
017136,Passirano,2024,Totale,Stranieri,1172,2916,2.49,osservato
017136,Passirano,2024,Totale,Totale,3652,7319,2.00,osservato
017138,San Paolo,2019,Es. Alberghieri,Italiani,,,,riservato
017138,San Paolo,2019,Es. Alberghieri,Stranieri,,,,riservato
017138,San Paolo,2019,Es. Alberghieri,Totale,,,,riservato
017138,San Paolo,2019,Es. Extra-Alberghieri,Italiani,,,,riservato
017138,San Paolo,2019,Es. Extra-Alberghieri,Stranieri,,,,riservato
017138,San Paolo,2019,Es. Extra-Alberghieri,Totale,,,,riservato
017138,San Paolo,2019,Totale,Italiani,,,,riservato
017138,San Paolo,2019,Totale,Stranieri,,,,riservato
017138,San Paolo,2019,Totale,Totale,,,,riservato
017138,San Paolo,2020,Es. Alberghieri,Italiani,,,,riservato
017138,San Paolo,2020,Es. Alberghieri,Stranieri,,,,riservato
017138,San Paolo,2020,Es. Alberghieri,Totale,,,,riservato
017138,San Paolo,2020,Es. Extra-Alberghieri,Italiani,,,,riservato
017138,San Paolo,2020,Es. Extra-Alberghieri,Stranieri,,,,riservato
017138,San Paolo,2020,Es. Extra-Alberghieri,Totale,,,,riservato
017138,San Paolo,2020,Totale,Italiani,,,,riservato
017138,San Paolo,2020,Totale,Stranieri,,,,riservato
017138,San Paolo,2020,Totale,Totale,,,,riservato
017138,San Paolo,2021,Es. Alberghieri,Italiani,,,,riservato
017138,San Paolo,2021,Es. Alberghieri,Stranieri,,,,riservato
017138,San Paolo,2021,Es. Alberghieri,Totale,,,,riservato
017138,San Paolo,2021,Es. Extra-Alberghieri,Italiani,,,,riservato
017138,San Paolo,2021,Es. Extra-Alberghieri,Stranieri,,,,riservato
017138,San Paolo,2021,Es. Extra-Alberghieri,Totale,,,,riservato
017138,San Paolo,2021,Totale,Italiani,,,,riservato
017138,San Paolo,2021,Totale,Stranieri,,,,riservato
017138,San Paolo,2021,Totale,Totale,,,,riservato
017138,San Paolo,2022,Es. Alberghieri,Italiani,,,,riservato
017138,San Paolo,2022,Es. Alberghieri,Stranieri,,,,riservato
017138,San Paolo,2022,Es. Alberghieri,Totale,,,,riservato
017138,San Paolo,2022,Es. Extra-Alberghieri,Italiani,,,,riservato
017138,San Paolo,2022,Es. Extra-Alberghieri,Stranieri,,,,riservato
017138,San Paolo,2022,Es. Extra-Alberghieri,Totale,,,,riservato
017138,San Paolo,2022,Totale,Italiani,,,,riservato
017138,San Paolo,2022,Totale,Stranieri,,,,riservato
017138,San Paolo,2022,Totale,Totale,,,,riservato
017138,San Paolo,2023,Es. Alberghieri,Italiani,,,,riservato
017138,San Paolo,2023,Es. Alberghieri,Stranieri,,,,riservato
017138,San Paolo,2023,Es. Alberghieri,Totale,,,,riservato
017138,San Paolo,2023,Es. Extra-Alberghieri,Italiani,,,,riservato
017138,San Paolo,2023,Es. Extra-Alberghieri,Stranieri,,,,riservato
017138,San Paolo,2023,Es. Extra-Alberghieri,Totale,,,,riservato
017138,San Paolo,2023,Totale,Italiani,,,,riservato
017138,San Paolo,2023,Totale,Stranieri,,,,riservato
017138,San Paolo,2023,Totale,Totale,,,,riservato
017138,San Paolo,2024,Es. Alberghieri,Italiani,,,,riservato
017138,San Paolo,2024,Es. Alberghieri,Stranieri,,,,riservato
017138,San Paolo,2024,Es. Alberghieri,Totale,,,,riservato
017138,San Paolo,2024,Es. Extra-Alberghieri,Italiani,,,,riservato
017138,San Paolo,2024,Es. Extra-Alberghieri,Stranieri,,,,riservato
017138,San Paolo,2024,Es. Extra-Alberghieri,Totale,,,,riservato
017138,San Paolo,2024,Totale,Italiani,,,,riservato
017138,San Paolo,2024,Totale,Stranieri,,,,riservato
017138,San Paolo,2024,Totale,Totale,,,,riservato
017139,Pertica Alta,2019,Es. Alberghieri,Italiani,,,,riservato
017139,Pertica Alta,2019,Es. Alberghieri,Stranieri,,,,riservato
017139,Pertica Alta,2019,Es. Alberghieri,Totale,,,,riservato
017139,Pertica Alta,2019,Es. Extra-Alberghieri,Italiani,,,,riservato
017139,Pertica Alta,2019,Es. Extra-Alberghieri,Stranieri,,,,riservato
017139,Pertica Alta,2019,Es. Extra-Alberghieri,Totale,,,,riservato
017139,Pertica Alta,2019,Totale,Italiani,119,203,1.70,osservato
017139,Pertica Alta,2019,Totale,Stranieri,67,361,5.40,osservato
017139,Pertica Alta,2019,Totale,Totale,186,564,3.00,osservato
017139,Pertica Alta,2020,Es. Extra-Alberghieri,Italiani,19,118,6.20,osservato
017139,Pertica Alta,2020,Es. Extra-Alberghieri,Stranieri,17,143,8.40,osservato
017139,Pertica Alta,2020,Es. Extra-Alberghieri,Totale,36,261,7.30,osservato
017139,Pertica Alta,2020,Totale,Italiani,19,118,6.20,osservato
017139,Pertica Alta,2020,Totale,Stranieri,17,143,8.40,osservato
017139,Pertica Alta,2020,Totale,Totale,36,261,7.30,osservato
017139,Pertica Alta,2021,Es. Alberghieri,Italiani,,,,riservato
017139,Pertica Alta,2021,Es. Alberghieri,Stranieri,,,,riservato
017139,Pertica Alta,2021,Es. Alberghieri,Totale,,,,riservato
017139,Pertica Alta,2021,Es. Extra-Alberghieri,Italiani,20,114,5.70,osservato
017139,Pertica Alta,2021,Es. Extra-Alberghieri,Stranieri,15,61,4.10,osservato
017139,Pertica Alta,2021,Es. Extra-Alberghieri,Totale,35,175,5.00,osservato
017139,Pertica Alta,2021,Totale,Italiani,20,114,5.70,osservato
017139,Pertica Alta,2021,Totale,Stranieri,15,61,4.10,osservato
017139,Pertica Alta,2021,Totale,Totale,35,175,5.00,osservato
017139,Pertica Alta,2022,Es. Alberghieri,Italiani,,,,riservato
017139,Pertica Alta,2022,Es. Alberghieri,Stranieri,,,,riservato
017139,Pertica Alta,2022,Es. Alberghieri,Totale,,,,riservato
017139,Pertica Alta,2022,Es. Extra-Alberghieri,Italiani,160,442,2.80,osservato
017139,Pertica Alta,2022,Es. Extra-Alberghieri,Stranieri,117,535,4.60,osservato
017139,Pertica Alta,2022,Es. Extra-Alberghieri,Totale,277,977,3.50,osservato
017139,Pertica Alta,2022,Totale,Italiani,160,442,2.80,osservato
017139,Pertica Alta,2022,Totale,Stranieri,117,535,4.60,osservato
017139,Pertica Alta,2022,Totale,Totale,277,977,3.50,osservato
017139,Pertica Alta,2023,Es. Alberghieri,Italiani,,,,riservato
017139,Pertica Alta,2023,Es. Alberghieri,Stranieri,,,,riservato
017139,Pertica Alta,2023,Es. Alberghieri,Totale,,,,riservato
017139,Pertica Alta,2023,Es. Extra-Alberghieri,Italiani,,,,riservato
017139,Pertica Alta,2023,Es. Extra-Alberghieri,Stranieri,,,,riservato
017139,Pertica Alta,2023,Es. Extra-Alberghieri,Totale,,,,riservato
017139,Pertica Alta,2023,Totale,Italiani,138,555,4.00,osservato
017139,Pertica Alta,2023,Totale,Stranieri,108,620,5.70,osservato
017139,Pertica Alta,2023,Totale,Totale,246,1175,4.80,osservato
017139,Pertica Alta,2024,Es. Alberghieri,Italiani,,,,riservato
017139,Pertica Alta,2024,Es. Alberghieri,Stranieri,,,,riservato
017139,Pertica Alta,2024,Es. Alberghieri,Totale,,,,riservato
017139,Pertica Alta,2024,Es. Extra-Alberghieri,Italiani,,,,riservato
017139,Pertica Alta,2024,Es. Extra-Alberghieri,Stranieri,,,,riservato
017139,Pertica Alta,2024,Es. Extra-Alberghieri,Totale,,,,riservato
017139,Pertica Alta,2024,Totale,Italiani,122,469,3.84,osservato
017139,Pertica Alta,2024,Totale,Stranieri,91,498,5.47,osservato
017139,Pertica Alta,2024,Totale,Totale,213,967,4.54,osservato
017140,Pertica Bassa,2019,Es. Alberghieri,Italiani,,,,riservato
017140,Pertica Bassa,2019,Es. Alberghieri,Stranieri,,,,riservato
017140,Pertica Bassa,2019,Es. Alberghieri,Totale,,,,riservato
017140,Pertica Bassa,2019,Es. Extra-Alberghieri,Italiani,,,,riservato
017140,Pertica Bassa,2019,Es. Extra-Alberghieri,Stranieri,,,,riservato
017140,Pertica Bassa,2019,Es. Extra-Alberghieri,Totale,,,,riservato
017140,Pertica Bassa,2019,Totale,Italiani,357,459,1.30,osservato
017140,Pertica Bassa,2019,Totale,Stranieri,169,336,2.00,osservato
017140,Pertica Bassa,2019,Totale,Totale,526,795,1.50,osservato
017140,Pertica Bassa,2020,Es. Extra-Alberghieri,Italiani,253,352,1.40,osservato
017140,Pertica Bassa,2020,Es. Extra-Alberghieri,Stranieri,18,30,1.70,osservato
017140,Pertica Bassa,2020,Es. Extra-Alberghieri,Totale,271,382,1.40,osservato
017140,Pertica Bassa,2020,Totale,Italiani,253,352,1.40,osservato
017140,Pertica Bassa,2020,Totale,Stranieri,18,30,1.70,osservato
017140,Pertica Bassa,2020,Totale,Totale,271,382,1.40,osservato
017140,Pertica Bassa,2021,Es. Alberghieri,Italiani,,,,riservato
017140,Pertica Bassa,2021,Es. Alberghieri,Stranieri,,,,riservato
017140,Pertica Bassa,2021,Es. Alberghieri,Totale,,,,riservato
017140,Pertica Bassa,2021,Es. Extra-Alberghieri,Italiani,346,524,1.50,osservato
017140,Pertica Bassa,2021,Es. Extra-Alberghieri,Stranieri,105,198,1.90,osservato
017140,Pertica Bassa,2021,Es. Extra-Alberghieri,Totale,451,722,1.60,osservato
017140,Pertica Bassa,2021,Totale,Italiani,346,524,1.50,osservato
017140,Pertica Bassa,2021,Totale,Stranieri,105,198,1.90,osservato
017140,Pertica Bassa,2021,Totale,Totale,451,722,1.60,osservato
017140,Pertica Bassa,2022,Es. Alberghieri,Italiani,,,,riservato
017140,Pertica Bassa,2022,Es. Alberghieri,Stranieri,,,,riservato
017140,Pertica Bassa,2022,Es. Alberghieri,Totale,,,,riservato
017140,Pertica Bassa,2022,Es. Extra-Alberghieri,Italiani,296,418,1.40,osservato
017140,Pertica Bassa,2022,Es. Extra-Alberghieri,Stranieri,183,400,2.20,osservato
017140,Pertica Bassa,2022,Es. Extra-Alberghieri,Totale,479,818,1.70,osservato
017140,Pertica Bassa,2022,Totale,Italiani,296,418,1.40,osservato
017140,Pertica Bassa,2022,Totale,Stranieri,183,400,2.20,osservato
017140,Pertica Bassa,2022,Totale,Totale,479,818,1.70,osservato
017140,Pertica Bassa,2023,Es. Alberghieri,Italiani,,,,riservato
017140,Pertica Bassa,2023,Es. Alberghieri,Stranieri,,,,riservato
017140,Pertica Bassa,2023,Es. Alberghieri,Totale,,,,riservato
017140,Pertica Bassa,2023,Es. Extra-Alberghieri,Italiani,,,,riservato
017140,Pertica Bassa,2023,Es. Extra-Alberghieri,Stranieri,,,,riservato
017140,Pertica Bassa,2023,Es. Extra-Alberghieri,Totale,,,,riservato
017140,Pertica Bassa,2023,Totale,Italiani,319,430,1.30,osservato
017140,Pertica Bassa,2023,Totale,Stranieri,82,169,2.10,osservato
017140,Pertica Bassa,2023,Totale,Totale,401,599,1.50,osservato
017140,Pertica Bassa,2024,Es. Alberghieri,Italiani,,,,riservato
017140,Pertica Bassa,2024,Es. Alberghieri,Stranieri,,,,riservato
017140,Pertica Bassa,2024,Es. Alberghieri,Totale,,,,riservato
017140,Pertica Bassa,2024,Es. Extra-Alberghieri,Italiani,,,,riservato
017140,Pertica Bassa,2024,Es. Extra-Alberghieri,Stranieri,,,,riservato
017140,Pertica Bassa,2024,Es. Extra-Alberghieri,Totale,,,,riservato
017140,Pertica Bassa,2024,Totale,Italiani,335,464,1.39,osservato
017140,Pertica Bassa,2024,Totale,Stranieri,77,153,1.99,osservato
017140,Pertica Bassa,2024,Totale,Totale,412,617,1.50,osservato
017141,Pezzaze,2019,Es. Alberghieri,Italiani,,,,riservato
017141,Pezzaze,2019,Es. Alberghieri,Stranieri,,,,riservato
017141,Pezzaze,2019,Es. Alberghieri,Totale,,,,riservato
017141,Pezzaze,2019,Es. Extra-Alberghieri,Italiani,,,,riservato
017141,Pezzaze,2019,Es. Extra-Alberghieri,Stranieri,,,,riservato
017141,Pezzaze,2019,Es. Extra-Alberghieri,Totale,,,,riservato
017141,Pezzaze,2019,Totale,Italiani,,,,riservato
017141,Pezzaze,2019,Totale,Stranieri,,,,riservato
017141,Pezzaze,2019,Totale,Totale,,,,riservato
017141,Pezzaze,2020,Es. Extra-Alberghieri,Italiani,17,30,1.80,osservato
017141,Pezzaze,2020,Es. Extra-Alberghieri,Stranieri,5,9,1.80,osservato
017141,Pezzaze,2020,Es. Extra-Alberghieri,Totale,22,39,1.80,osservato
017141,Pezzaze,2020,Totale,Italiani,17,30,1.80,osservato
017141,Pezzaze,2020,Totale,Stranieri,5,9,1.80,osservato
017141,Pezzaze,2020,Totale,Totale,22,39,1.80,osservato
017141,Pezzaze,2021,Es. Alberghieri,Italiani,,,,riservato
017141,Pezzaze,2021,Es. Alberghieri,Stranieri,,,,riservato
017141,Pezzaze,2021,Es. Alberghieri,Totale,,,,riservato
017141,Pezzaze,2021,Es. Extra-Alberghieri,Italiani,278,731,2.60,osservato
017141,Pezzaze,2021,Es. Extra-Alberghieri,Stranieri,43,67,1.60,osservato
017141,Pezzaze,2021,Es. Extra-Alberghieri,Totale,321,798,2.50,osservato
017141,Pezzaze,2021,Totale,Italiani,278,731,2.60,osservato
017141,Pezzaze,2021,Totale,Stranieri,43,67,1.60,osservato
017141,Pezzaze,2021,Totale,Totale,321,798,2.50,osservato
017141,Pezzaze,2022,Es. Alberghieri,Italiani,,,,riservato
017141,Pezzaze,2022,Es. Alberghieri,Stranieri,,,,riservato
017141,Pezzaze,2022,Es. Alberghieri,Totale,,,,riservato
017141,Pezzaze,2022,Es. Extra-Alberghieri,Italiani,206,359,1.70,osservato
017141,Pezzaze,2022,Es. Extra-Alberghieri,Stranieri,104,168,1.60,osservato
017141,Pezzaze,2022,Es. Extra-Alberghieri,Totale,310,527,1.70,osservato
017141,Pezzaze,2022,Totale,Italiani,206,359,1.70,osservato
017141,Pezzaze,2022,Totale,Stranieri,104,168,1.60,osservato
017141,Pezzaze,2022,Totale,Totale,310,527,1.70,osservato
017141,Pezzaze,2023,Es. Alberghieri,Italiani,,,,riservato
017141,Pezzaze,2023,Es. Alberghieri,Stranieri,,,,riservato
017141,Pezzaze,2023,Es. Alberghieri,Totale,,,,riservato
017141,Pezzaze,2023,Es. Extra-Alberghieri,Italiani,,,,riservato
017141,Pezzaze,2023,Es. Extra-Alberghieri,Stranieri,,,,riservato
017141,Pezzaze,2023,Es. Extra-Alberghieri,Totale,,,,riservato
017141,Pezzaze,2023,Totale,Italiani,260,532,2.00,osservato
017141,Pezzaze,2023,Totale,Stranieri,71,127,1.80,osservato
017141,Pezzaze,2023,Totale,Totale,331,659,2.00,osservato
017141,Pezzaze,2024,Es. Alberghieri,Italiani,,,,riservato
017141,Pezzaze,2024,Es. Alberghieri,Stranieri,,,,riservato
017141,Pezzaze,2024,Es. Alberghieri,Totale,,,,riservato
017141,Pezzaze,2024,Es. Extra-Alberghieri,Italiani,,,,riservato
017141,Pezzaze,2024,Es. Extra-Alberghieri,Stranieri,,,,riservato
017141,Pezzaze,2024,Es. Extra-Alberghieri,Totale,,,,riservato
017141,Pezzaze,2024,Totale,Italiani,203,315,1.55,osservato
017141,Pezzaze,2024,Totale,Stranieri,64,115,1.80,osservato
017141,Pezzaze,2024,Totale,Totale,267,430,1.61,osservato
017142,Pian Camuno,2019,Es. Alberghieri,Italiani,,,,riservato
017142,Pian Camuno,2019,Es. Alberghieri,Stranieri,,,,riservato
017142,Pian Camuno,2019,Es. Alberghieri,Totale,,,,riservato
017142,Pian Camuno,2019,Es. Extra-Alberghieri,Italiani,,,,riservato
017142,Pian Camuno,2019,Es. Extra-Alberghieri,Stranieri,,,,riservato
017142,Pian Camuno,2019,Es. Extra-Alberghieri,Totale,,,,riservato
017142,Pian Camuno,2019,Totale,Italiani,360,2146,6.00,osservato
017142,Pian Camuno,2019,Totale,Stranieri,64,748,11.70,osservato
017142,Pian Camuno,2019,Totale,Totale,424,2894,6.80,osservato
017142,Pian Camuno,2020,Es. Alberghieri,Italiani,,,,riservato
017142,Pian Camuno,2020,Es. Alberghieri,Stranieri,,,,riservato
017142,Pian Camuno,2020,Es. Alberghieri,Totale,,,,riservato
017142,Pian Camuno,2020,Es. Extra-Alberghieri,Italiani,,,,riservato
017142,Pian Camuno,2020,Es. Extra-Alberghieri,Stranieri,,,,riservato
017142,Pian Camuno,2020,Es. Extra-Alberghieri,Totale,,,,riservato
017142,Pian Camuno,2020,Totale,Italiani,316,1402,4.40,osservato
017142,Pian Camuno,2020,Totale,Stranieri,25,67,2.70,osservato
017142,Pian Camuno,2020,Totale,Totale,341,1469,4.30,osservato
017142,Pian Camuno,2021,Es. Alberghieri,Italiani,,,,riservato
017142,Pian Camuno,2021,Es. Alberghieri,Stranieri,,,,riservato
017142,Pian Camuno,2021,Es. Alberghieri,Totale,,,,riservato
017142,Pian Camuno,2021,Es. Extra-Alberghieri,Italiani,,,,riservato
017142,Pian Camuno,2021,Es. Extra-Alberghieri,Stranieri,,,,riservato
017142,Pian Camuno,2021,Es. Extra-Alberghieri,Totale,,,,riservato
017142,Pian Camuno,2021,Totale,Italiani,149,790,5.30,osservato
017142,Pian Camuno,2021,Totale,Stranieri,28,114,4.10,osservato
017142,Pian Camuno,2021,Totale,Totale,177,904,5.10,osservato
017142,Pian Camuno,2022,Es. Alberghieri,Italiani,,,,riservato
017142,Pian Camuno,2022,Es. Alberghieri,Stranieri,,,,riservato
017142,Pian Camuno,2022,Es. Alberghieri,Totale,,,,riservato
017142,Pian Camuno,2022,Es. Extra-Alberghieri,Italiani,,,,riservato
017142,Pian Camuno,2022,Es. Extra-Alberghieri,Stranieri,,,,riservato
017142,Pian Camuno,2022,Es. Extra-Alberghieri,Totale,,,,riservato
017142,Pian Camuno,2022,Totale,Italiani,108,734,6.80,osservato
017142,Pian Camuno,2022,Totale,Stranieri,146,285,2.00,osservato
017142,Pian Camuno,2022,Totale,Totale,254,1019,4.00,osservato
017142,Pian Camuno,2023,Es. Alberghieri,Italiani,,,,riservato
017142,Pian Camuno,2023,Es. Alberghieri,Stranieri,,,,riservato
017142,Pian Camuno,2023,Es. Alberghieri,Totale,,,,riservato
017142,Pian Camuno,2023,Es. Extra-Alberghieri,Italiani,,,,riservato
017142,Pian Camuno,2023,Es. Extra-Alberghieri,Stranieri,,,,riservato
017142,Pian Camuno,2023,Es. Extra-Alberghieri,Totale,,,,riservato
017142,Pian Camuno,2023,Totale,Italiani,387,789,2.00,osservato
017142,Pian Camuno,2023,Totale,Stranieri,125,333,2.70,osservato
017142,Pian Camuno,2023,Totale,Totale,512,1122,2.20,osservato
017142,Pian Camuno,2024,Es. Alberghieri,Italiani,,,,riservato
017142,Pian Camuno,2024,Es. Alberghieri,Stranieri,,,,riservato
017142,Pian Camuno,2024,Es. Alberghieri,Totale,,,,riservato
017142,Pian Camuno,2024,Es. Extra-Alberghieri,Italiani,,,,riservato
017142,Pian Camuno,2024,Es. Extra-Alberghieri,Stranieri,,,,riservato
017142,Pian Camuno,2024,Es. Extra-Alberghieri,Totale,,,,riservato
017142,Pian Camuno,2024,Totale,Italiani,373,871,2.34,osservato
017142,Pian Camuno,2024,Totale,Stranieri,109,481,4.41,osservato
017142,Pian Camuno,2024,Totale,Totale,482,1352,2.80,osservato
017143,Pisogne,2019,Es. Alberghieri,Italiani,3570,5664,1.60,osservato
017143,Pisogne,2019,Es. Alberghieri,Stranieri,1710,3415,2.00,osservato
017143,Pisogne,2019,Es. Alberghieri,Totale,5280,9079,1.70,osservato
017143,Pisogne,2019,Es. Extra-Alberghieri,Italiani,1544,4221,2.70,osservato
017143,Pisogne,2019,Es. Extra-Alberghieri,Stranieri,2745,13441,4.90,osservato
017143,Pisogne,2019,Es. Extra-Alberghieri,Totale,4289,17662,4.10,osservato
017143,Pisogne,2019,Totale,Italiani,5114,9885,1.90,osservato
017143,Pisogne,2019,Totale,Stranieri,4455,16856,3.80,osservato
017143,Pisogne,2019,Totale,Totale,9569,26741,2.80,osservato
017143,Pisogne,2020,Es. Alberghieri,Italiani,1017,1553,1.50,osservato
017143,Pisogne,2020,Es. Alberghieri,Stranieri,387,767,2.00,osservato
017143,Pisogne,2020,Es. Alberghieri,Totale,1404,2320,1.70,osservato
017143,Pisogne,2020,Es. Extra-Alberghieri,Italiani,1803,7160,4.00,osservato
017143,Pisogne,2020,Es. Extra-Alberghieri,Stranieri,1582,7369,4.70,osservato
017143,Pisogne,2020,Es. Extra-Alberghieri,Totale,3385,14529,4.30,osservato
017143,Pisogne,2020,Totale,Italiani,2820,8713,3.10,osservato
017143,Pisogne,2020,Totale,Stranieri,1969,8136,4.10,osservato
017143,Pisogne,2020,Totale,Totale,4789,16849,3.50,osservato
017143,Pisogne,2021,Es. Alberghieri,Italiani,,,,riservato
017143,Pisogne,2021,Es. Alberghieri,Stranieri,,,,riservato
017143,Pisogne,2021,Es. Alberghieri,Totale,,,,riservato
017143,Pisogne,2021,Es. Extra-Alberghieri,Italiani,,,,riservato
017143,Pisogne,2021,Es. Extra-Alberghieri,Stranieri,,,,riservato
017143,Pisogne,2021,Es. Extra-Alberghieri,Totale,,,,riservato
017143,Pisogne,2021,Totale,Italiani,5662,13120,2.30,osservato
017143,Pisogne,2021,Totale,Stranieri,5591,23158,4.10,osservato
017143,Pisogne,2021,Totale,Totale,11253,36278,3.20,osservato
017143,Pisogne,2022,Es. Alberghieri,Italiani,,,,riservato
017143,Pisogne,2022,Es. Alberghieri,Stranieri,,,,riservato
017143,Pisogne,2022,Es. Alberghieri,Totale,,,,riservato
017143,Pisogne,2022,Es. Extra-Alberghieri,Italiani,,,,riservato
017143,Pisogne,2022,Es. Extra-Alberghieri,Stranieri,,,,riservato
017143,Pisogne,2022,Es. Extra-Alberghieri,Totale,,,,riservato
017143,Pisogne,2022,Totale,Italiani,5140,10264,2.00,osservato
017143,Pisogne,2022,Totale,Stranieri,4484,16099,3.60,osservato
017143,Pisogne,2022,Totale,Totale,9624,26363,2.70,osservato
017143,Pisogne,2023,Es. Alberghieri,Italiani,,,,riservato
017143,Pisogne,2023,Es. Alberghieri,Stranieri,,,,riservato
017143,Pisogne,2023,Es. Alberghieri,Totale,,,,riservato
017143,Pisogne,2023,Es. Extra-Alberghieri,Italiani,,,,riservato
017143,Pisogne,2023,Es. Extra-Alberghieri,Stranieri,,,,riservato
017143,Pisogne,2023,Es. Extra-Alberghieri,Totale,,,,riservato
017143,Pisogne,2023,Totale,Italiani,6755,14057,2.10,osservato
017143,Pisogne,2023,Totale,Stranieri,8729,33298,3.80,osservato
017143,Pisogne,2023,Totale,Totale,15484,47355,3.10,osservato
017143,Pisogne,2024,Es. Alberghieri,Italiani,,,,riservato
017143,Pisogne,2024,Es. Alberghieri,Stranieri,,,,riservato
017143,Pisogne,2024,Es. Alberghieri,Totale,,,,riservato
017143,Pisogne,2024,Es. Extra-Alberghieri,Italiani,,,,riservato
017143,Pisogne,2024,Es. Extra-Alberghieri,Stranieri,,,,riservato
017143,Pisogne,2024,Es. Extra-Alberghieri,Totale,,,,riservato
017143,Pisogne,2024,Totale,Italiani,6520,14137,2.17,osservato
017143,Pisogne,2024,Totale,Stranieri,10520,40768,3.88,osservato
017143,Pisogne,2024,Totale,Totale,17040,54905,3.22,osservato
017144,Polaveno,2019,Es. Alberghieri,Italiani,,,,riservato
017144,Polaveno,2019,Es. Alberghieri,Stranieri,,,,riservato
017144,Polaveno,2019,Es. Alberghieri,Totale,,,,riservato
017144,Polaveno,2019,Es. Extra-Alberghieri,Italiani,,,,riservato
017144,Polaveno,2019,Es. Extra-Alberghieri,Stranieri,,,,riservato
017144,Polaveno,2019,Es. Extra-Alberghieri,Totale,,,,riservato
017144,Polaveno,2019,Totale,Italiani,,,,riservato
017144,Polaveno,2019,Totale,Stranieri,,,,riservato
017144,Polaveno,2019,Totale,Totale,,,,riservato
017144,Polaveno,2020,Es. Alberghieri,Italiani,,,,riservato
017144,Polaveno,2020,Es. Alberghieri,Stranieri,,,,riservato
017144,Polaveno,2020,Es. Alberghieri,Totale,,,,riservato
017144,Polaveno,2020,Es. Extra-Alberghieri,Italiani,,,,riservato
017144,Polaveno,2020,Es. Extra-Alberghieri,Stranieri,,,,riservato
017144,Polaveno,2020,Es. Extra-Alberghieri,Totale,,,,riservato
017144,Polaveno,2020,Totale,Italiani,,,,riservato
017144,Polaveno,2020,Totale,Stranieri,,,,riservato
017144,Polaveno,2020,Totale,Totale,,,,riservato
017144,Polaveno,2021,Es. Alberghieri,Italiani,,,,riservato
017144,Polaveno,2021,Es. Alberghieri,Stranieri,,,,riservato
017144,Polaveno,2021,Es. Alberghieri,Totale,,,,riservato
017144,Polaveno,2021,Es. Extra-Alberghieri,Italiani,,,,riservato
017144,Polaveno,2021,Es. Extra-Alberghieri,Stranieri,,,,riservato
017144,Polaveno,2021,Es. Extra-Alberghieri,Totale,,,,riservato
017144,Polaveno,2021,Totale,Italiani,,,,riservato
017144,Polaveno,2021,Totale,Stranieri,,,,riservato
017144,Polaveno,2021,Totale,Totale,,,,riservato
017144,Polaveno,2022,Es. Alberghieri,Italiani,,,,riservato
017144,Polaveno,2022,Es. Alberghieri,Stranieri,,,,riservato
017144,Polaveno,2022,Es. Alberghieri,Totale,,,,riservato
017144,Polaveno,2022,Es. Extra-Alberghieri,Italiani,,,,riservato
017144,Polaveno,2022,Es. Extra-Alberghieri,Stranieri,,,,riservato
017144,Polaveno,2022,Es. Extra-Alberghieri,Totale,,,,riservato
017144,Polaveno,2022,Totale,Italiani,,,,riservato
017144,Polaveno,2022,Totale,Stranieri,,,,riservato
017144,Polaveno,2022,Totale,Totale,,,,riservato
017144,Polaveno,2023,Es. Alberghieri,Italiani,,,,riservato
017144,Polaveno,2023,Es. Alberghieri,Stranieri,,,,riservato
017144,Polaveno,2023,Es. Alberghieri,Totale,,,,riservato
017144,Polaveno,2023,Es. Extra-Alberghieri,Italiani,,,,riservato
017144,Polaveno,2023,Es. Extra-Alberghieri,Stranieri,,,,riservato
017144,Polaveno,2023,Es. Extra-Alberghieri,Totale,,,,riservato
017144,Polaveno,2023,Totale,Italiani,,,,riservato
017144,Polaveno,2023,Totale,Stranieri,,,,riservato
017144,Polaveno,2023,Totale,Totale,,,,riservato
017144,Polaveno,2024,Es. Alberghieri,Italiani,,,,riservato
017144,Polaveno,2024,Es. Alberghieri,Stranieri,,,,riservato
017144,Polaveno,2024,Es. Alberghieri,Totale,,,,riservato
017144,Polaveno,2024,Es. Extra-Alberghieri,Italiani,,,,riservato
017144,Polaveno,2024,Es. Extra-Alberghieri,Stranieri,,,,riservato
017144,Polaveno,2024,Es. Extra-Alberghieri,Totale,,,,riservato
017144,Polaveno,2024,Totale,Italiani,,,,riservato
017144,Polaveno,2024,Totale,Stranieri,,,,riservato
017144,Polaveno,2024,Totale,Totale,,,,riservato
017145,Polpenazze del Garda,2019,Es. Alberghieri,Italiani,,,,riservato
017145,Polpenazze del Garda,2019,Es. Alberghieri,Stranieri,,,,riservato
017145,Polpenazze del Garda,2019,Es. Alberghieri,Totale,,,,riservato
017145,Polpenazze del Garda,2019,Es. Extra-Alberghieri,Italiani,,,,riservato
017145,Polpenazze del Garda,2019,Es. Extra-Alberghieri,Stranieri,,,,riservato
017145,Polpenazze del Garda,2019,Es. Extra-Alberghieri,Totale,,,,riservato
017145,Polpenazze del Garda,2019,Totale,Italiani,922,2107,2.30,osservato
017145,Polpenazze del Garda,2019,Totale,Stranieri,2615,15365,5.90,osservato
017145,Polpenazze del Garda,2019,Totale,Totale,3537,17472,4.90,osservato
017145,Polpenazze del Garda,2020,Es. Extra-Alberghieri,Italiani,655,4486,6.80,osservato
017145,Polpenazze del Garda,2020,Es. Extra-Alberghieri,Stranieri,770,4803,6.20,osservato
017145,Polpenazze del Garda,2020,Es. Extra-Alberghieri,Totale,1425,9289,6.50,osservato
017145,Polpenazze del Garda,2020,Totale,Italiani,655,4486,6.80,osservato
017145,Polpenazze del Garda,2020,Totale,Stranieri,770,4803,6.20,osservato
017145,Polpenazze del Garda,2020,Totale,Totale,1425,9289,6.50,osservato
017145,Polpenazze del Garda,2021,Es. Alberghieri,Italiani,,,,riservato
017145,Polpenazze del Garda,2021,Es. Alberghieri,Stranieri,,,,riservato
017145,Polpenazze del Garda,2021,Es. Alberghieri,Totale,,,,riservato
017145,Polpenazze del Garda,2021,Es. Extra-Alberghieri,Italiani,920,4481,4.90,osservato
017145,Polpenazze del Garda,2021,Es. Extra-Alberghieri,Stranieri,1516,10103,6.70,osservato
017145,Polpenazze del Garda,2021,Es. Extra-Alberghieri,Totale,2436,14584,6.00,osservato
017145,Polpenazze del Garda,2021,Totale,Italiani,920,4481,4.90,osservato
017145,Polpenazze del Garda,2021,Totale,Stranieri,1516,10103,6.70,osservato
017145,Polpenazze del Garda,2021,Totale,Totale,2436,14584,6.00,osservato
017145,Polpenazze del Garda,2022,Es. Alberghieri,Italiani,,,,riservato
017145,Polpenazze del Garda,2022,Es. Alberghieri,Stranieri,,,,riservato
017145,Polpenazze del Garda,2022,Es. Alberghieri,Totale,,,,riservato
017145,Polpenazze del Garda,2022,Es. Extra-Alberghieri,Italiani,1191,4308,3.60,osservato
017145,Polpenazze del Garda,2022,Es. Extra-Alberghieri,Stranieri,2875,20590,7.20,osservato
017145,Polpenazze del Garda,2022,Es. Extra-Alberghieri,Totale,4066,24898,6.10,osservato
017145,Polpenazze del Garda,2022,Totale,Italiani,1191,4308,3.60,osservato
017145,Polpenazze del Garda,2022,Totale,Stranieri,2875,20590,7.20,osservato
017145,Polpenazze del Garda,2022,Totale,Totale,4066,24898,6.10,osservato
017145,Polpenazze del Garda,2023,Es. Alberghieri,Italiani,,,,riservato
017145,Polpenazze del Garda,2023,Es. Alberghieri,Stranieri,,,,riservato
017145,Polpenazze del Garda,2023,Es. Alberghieri,Totale,,,,riservato
017145,Polpenazze del Garda,2023,Es. Extra-Alberghieri,Italiani,,,,riservato
017145,Polpenazze del Garda,2023,Es. Extra-Alberghieri,Stranieri,,,,riservato
017145,Polpenazze del Garda,2023,Es. Extra-Alberghieri,Totale,,,,riservato
017145,Polpenazze del Garda,2023,Totale,Italiani,1344,4531,3.40,osservato
017145,Polpenazze del Garda,2023,Totale,Stranieri,3191,18127,5.70,osservato
017145,Polpenazze del Garda,2023,Totale,Totale,4535,22658,5.00,osservato
017145,Polpenazze del Garda,2024,Es. Alberghieri,Italiani,,,,riservato
017145,Polpenazze del Garda,2024,Es. Alberghieri,Stranieri,,,,riservato
017145,Polpenazze del Garda,2024,Es. Alberghieri,Totale,,,,riservato
017145,Polpenazze del Garda,2024,Es. Extra-Alberghieri,Italiani,,,,riservato
017145,Polpenazze del Garda,2024,Es. Extra-Alberghieri,Stranieri,,,,riservato
017145,Polpenazze del Garda,2024,Es. Extra-Alberghieri,Totale,,,,riservato
017145,Polpenazze del Garda,2024,Totale,Italiani,1249,4268,3.42,osservato
017145,Polpenazze del Garda,2024,Totale,Stranieri,3598,20823,5.79,osservato
017145,Polpenazze del Garda,2024,Totale,Totale,4847,25091,5.18,osservato
017147,Poncarale,2019,Es. Alberghieri,Italiani,,,,riservato
017147,Poncarale,2019,Es. Alberghieri,Stranieri,,,,riservato
017147,Poncarale,2019,Es. Alberghieri,Totale,,,,riservato
017147,Poncarale,2019,Es. Extra-Alberghieri,Italiani,,,,riservato
017147,Poncarale,2019,Es. Extra-Alberghieri,Stranieri,,,,riservato
017147,Poncarale,2019,Es. Extra-Alberghieri,Totale,,,,riservato
017147,Poncarale,2019,Totale,Italiani,,,,riservato
017147,Poncarale,2019,Totale,Stranieri,,,,riservato
017147,Poncarale,2019,Totale,Totale,,,,riservato
017147,Poncarale,2020,Es. Alberghieri,Italiani,,,,riservato
017147,Poncarale,2020,Es. Alberghieri,Stranieri,,,,riservato
017147,Poncarale,2020,Es. Alberghieri,Totale,,,,riservato
017147,Poncarale,2020,Es. Extra-Alberghieri,Italiani,,,,riservato
017147,Poncarale,2020,Es. Extra-Alberghieri,Stranieri,,,,riservato
017147,Poncarale,2020,Es. Extra-Alberghieri,Totale,,,,riservato
017147,Poncarale,2020,Totale,Italiani,,,,riservato
017147,Poncarale,2020,Totale,Stranieri,,,,riservato
017147,Poncarale,2020,Totale,Totale,,,,riservato
017147,Poncarale,2021,Es. Alberghieri,Italiani,,,,riservato
017147,Poncarale,2021,Es. Alberghieri,Stranieri,,,,riservato
017147,Poncarale,2021,Es. Alberghieri,Totale,,,,riservato
017147,Poncarale,2021,Es. Extra-Alberghieri,Italiani,,,,riservato
017147,Poncarale,2021,Es. Extra-Alberghieri,Stranieri,,,,riservato
017147,Poncarale,2021,Es. Extra-Alberghieri,Totale,,,,riservato
017147,Poncarale,2021,Totale,Italiani,,,,riservato
017147,Poncarale,2021,Totale,Stranieri,,,,riservato
017147,Poncarale,2021,Totale,Totale,,,,riservato
017147,Poncarale,2022,Es. Alberghieri,Italiani,,,,riservato
017147,Poncarale,2022,Es. Alberghieri,Stranieri,,,,riservato
017147,Poncarale,2022,Es. Alberghieri,Totale,,,,riservato
017147,Poncarale,2022,Es. Extra-Alberghieri,Italiani,,,,riservato
017147,Poncarale,2022,Es. Extra-Alberghieri,Stranieri,,,,riservato
017147,Poncarale,2022,Es. Extra-Alberghieri,Totale,,,,riservato
017147,Poncarale,2022,Totale,Italiani,,,,riservato
017147,Poncarale,2022,Totale,Stranieri,,,,riservato
017147,Poncarale,2022,Totale,Totale,,,,riservato
017147,Poncarale,2023,Es. Alberghieri,Italiani,,,,riservato
017147,Poncarale,2023,Es. Alberghieri,Stranieri,,,,riservato
017147,Poncarale,2023,Es. Alberghieri,Totale,,,,riservato
017147,Poncarale,2023,Es. Extra-Alberghieri,Italiani,,,,riservato
017147,Poncarale,2023,Es. Extra-Alberghieri,Stranieri,,,,riservato
017147,Poncarale,2023,Es. Extra-Alberghieri,Totale,,,,riservato
017147,Poncarale,2023,Totale,Italiani,21,134,6.40,osservato
017147,Poncarale,2023,Totale,Stranieri,17,79,4.60,osservato
017147,Poncarale,2023,Totale,Totale,38,213,5.60,osservato
017147,Poncarale,2024,Es. Alberghieri,Italiani,,,,riservato
017147,Poncarale,2024,Es. Alberghieri,Stranieri,,,,riservato
017147,Poncarale,2024,Es. Alberghieri,Totale,,,,riservato
017147,Poncarale,2024,Es. Extra-Alberghieri,Italiani,,,,riservato
017147,Poncarale,2024,Es. Extra-Alberghieri,Stranieri,,,,riservato
017147,Poncarale,2024,Es. Extra-Alberghieri,Totale,,,,riservato
017147,Poncarale,2024,Totale,Italiani,,,,riservato
017147,Poncarale,2024,Totale,Stranieri,,,,riservato
017147,Poncarale,2024,Totale,Totale,,,,riservato
017148,Ponte di Legno,2019,Es. Alberghieri,Italiani,36166,126327,3.50,osservato
017148,Ponte di Legno,2019,Es. Alberghieri,Stranieri,27412,155950,5.70,osservato
017148,Ponte di Legno,2019,Es. Alberghieri,Totale,63578,282277,4.40,osservato
017148,Ponte di Legno,2019,Es. Extra-Alberghieri,Italiani,8586,41568,4.80,osservato
017148,Ponte di Legno,2019,Es. Extra-Alberghieri,Stranieri,5313,27619,5.20,osservato
017148,Ponte di Legno,2019,Es. Extra-Alberghieri,Totale,13899,69187,5.00,osservato
017148,Ponte di Legno,2019,Totale,Italiani,44752,167895,3.80,osservato
017148,Ponte di Legno,2019,Totale,Stranieri,32725,183569,5.60,osservato
017148,Ponte di Legno,2019,Totale,Totale,77477,351464,4.50,osservato
017148,Ponte di Legno,2020,Es. Alberghieri,Italiani,24252,91575,3.80,osservato
017148,Ponte di Legno,2020,Es. Alberghieri,Stranieri,14557,83901,5.80,osservato
017148,Ponte di Legno,2020,Es. Alberghieri,Totale,38809,175476,4.50,osservato
017148,Ponte di Legno,2020,Es. Extra-Alberghieri,Italiani,5415,28459,5.30,osservato
017148,Ponte di Legno,2020,Es. Extra-Alberghieri,Stranieri,3704,19456,5.30,osservato
017148,Ponte di Legno,2020,Es. Extra-Alberghieri,Totale,9119,47915,5.30,osservato
017148,Ponte di Legno,2020,Totale,Italiani,29667,120034,4.00,osservato
017148,Ponte di Legno,2020,Totale,Stranieri,18261,103357,5.70,osservato
017148,Ponte di Legno,2020,Totale,Totale,47928,223391,4.70,osservato
017148,Ponte di Legno,2021,Es. Alberghieri,Italiani,31617,105830,3.30,osservato
017148,Ponte di Legno,2021,Es. Alberghieri,Stranieri,5655,18638,3.30,osservato
017148,Ponte di Legno,2021,Es. Alberghieri,Totale,37272,124468,3.30,osservato
017148,Ponte di Legno,2021,Es. Extra-Alberghieri,Italiani,6176,30656,5.00,osservato
017148,Ponte di Legno,2021,Es. Extra-Alberghieri,Stranieri,849,2457,2.90,osservato
017148,Ponte di Legno,2021,Es. Extra-Alberghieri,Totale,7025,33113,4.70,osservato
017148,Ponte di Legno,2021,Totale,Italiani,37793,136486,3.60,osservato
017148,Ponte di Legno,2021,Totale,Stranieri,6504,21095,3.20,osservato
017148,Ponte di Legno,2021,Totale,Totale,44297,157581,3.60,osservato
017148,Ponte di Legno,2022,Es. Alberghieri,Italiani,44066,152554,3.50,osservato
017148,Ponte di Legno,2022,Es. Alberghieri,Stranieri,22467,109191,4.90,osservato
017148,Ponte di Legno,2022,Es. Alberghieri,Totale,66533,261745,3.90,osservato
017148,Ponte di Legno,2022,Es. Extra-Alberghieri,Italiani,7079,35862,5.10,osservato
017148,Ponte di Legno,2022,Es. Extra-Alberghieri,Stranieri,2533,13080,5.20,osservato
017148,Ponte di Legno,2022,Es. Extra-Alberghieri,Totale,9612,48942,5.10,osservato
017148,Ponte di Legno,2022,Totale,Italiani,51145,188416,3.70,osservato
017148,Ponte di Legno,2022,Totale,Stranieri,25000,122271,4.90,osservato
017148,Ponte di Legno,2022,Totale,Totale,76145,310687,4.10,osservato
017148,Ponte di Legno,2023,Es. Alberghieri,Italiani,45217,150635,3.30,osservato
017148,Ponte di Legno,2023,Es. Alberghieri,Stranieri,26940,136102,5.10,osservato
017148,Ponte di Legno,2023,Es. Alberghieri,Totale,72157,286737,4.00,osservato
017148,Ponte di Legno,2023,Es. Extra-Alberghieri,Italiani,11151,47007,4.20,osservato
017148,Ponte di Legno,2023,Es. Extra-Alberghieri,Stranieri,4359,23021,5.30,osservato
017148,Ponte di Legno,2023,Es. Extra-Alberghieri,Totale,15510,70028,4.50,osservato
017148,Ponte di Legno,2023,Totale,Italiani,56368,197642,3.50,osservato
017148,Ponte di Legno,2023,Totale,Stranieri,31299,159123,5.10,osservato
017148,Ponte di Legno,2023,Totale,Totale,87667,356765,4.10,osservato
017148,Ponte di Legno,2024,Es. Alberghieri,Italiani,44681,152543,3.41,osservato
017148,Ponte di Legno,2024,Es. Alberghieri,Stranieri,28357,144673,5.10,osservato
017148,Ponte di Legno,2024,Es. Alberghieri,Totale,73038,297216,4.07,osservato
017148,Ponte di Legno,2024,Es. Extra-Alberghieri,Italiani,14913,57408,3.85,osservato
017148,Ponte di Legno,2024,Es. Extra-Alberghieri,Stranieri,5134,22714,4.42,osservato
017148,Ponte di Legno,2024,Es. Extra-Alberghieri,Totale,20047,80122,4.00,osservato
017148,Ponte di Legno,2024,Totale,Italiani,59594,209951,3.52,osservato
017148,Ponte di Legno,2024,Totale,Stranieri,33491,167387,5.00,osservato
017148,Ponte di Legno,2024,Totale,Totale,93085,377338,4.05,osservato
017149,Pontevico,2019,Es. Alberghieri,Italiani,,,,riservato
017149,Pontevico,2019,Es. Alberghieri,Stranieri,,,,riservato
017149,Pontevico,2019,Es. Alberghieri,Totale,,,,riservato
017149,Pontevico,2019,Es. Extra-Alberghieri,Italiani,,,,riservato
017149,Pontevico,2019,Es. Extra-Alberghieri,Stranieri,,,,riservato
017149,Pontevico,2019,Es. Extra-Alberghieri,Totale,,,,riservato
017149,Pontevico,2019,Totale,Italiani,5842,12852,2.20,osservato
017149,Pontevico,2019,Totale,Stranieri,886,2035,2.30,osservato
017149,Pontevico,2019,Totale,Totale,6728,14887,2.20,osservato
017149,Pontevico,2020,Es. Alberghieri,Italiani,3815,9573,2.50,osservato
017149,Pontevico,2020,Es. Alberghieri,Stranieri,687,1545,2.20,osservato
017149,Pontevico,2020,Es. Alberghieri,Totale,4502,11118,2.50,osservato
017149,Pontevico,2020,Es. Extra-Alberghieri,Italiani,446,1328,3.00,osservato
017149,Pontevico,2020,Es. Extra-Alberghieri,Stranieri,61,196,3.20,osservato
017149,Pontevico,2020,Es. Extra-Alberghieri,Totale,507,1524,3.00,osservato
017149,Pontevico,2020,Totale,Italiani,4261,10901,2.60,osservato
017149,Pontevico,2020,Totale,Stranieri,748,1741,2.30,osservato
017149,Pontevico,2020,Totale,Totale,5009,12642,2.50,osservato
017149,Pontevico,2021,Es. Alberghieri,Italiani,5319,11623,2.20,osservato
017149,Pontevico,2021,Es. Alberghieri,Stranieri,436,1408,3.20,osservato
017149,Pontevico,2021,Es. Alberghieri,Totale,5755,13031,2.30,osservato
017149,Pontevico,2021,Es. Extra-Alberghieri,Italiani,772,1729,2.20,osservato
017149,Pontevico,2021,Es. Extra-Alberghieri,Stranieri,,,,riservato
017149,Pontevico,2021,Es. Extra-Alberghieri,Totale,772,1729,2.20,osservato
017149,Pontevico,2021,Totale,Italiani,6091,13352,2.20,osservato
017149,Pontevico,2021,Totale,Stranieri,436,1408,3.20,osservato
017149,Pontevico,2021,Totale,Totale,6527,14760,2.30,osservato
017149,Pontevico,2022,Es. Alberghieri,Italiani,4648,10621,2.30,osservato
017149,Pontevico,2022,Es. Alberghieri,Stranieri,888,2566,2.90,osservato
017149,Pontevico,2022,Es. Alberghieri,Totale,5536,13187,2.40,osservato
017149,Pontevico,2022,Es. Extra-Alberghieri,Italiani,693,1883,2.70,osservato
017149,Pontevico,2022,Es. Extra-Alberghieri,Stranieri,56,231,4.10,osservato
017149,Pontevico,2022,Es. Extra-Alberghieri,Totale,749,2114,2.80,osservato
017149,Pontevico,2022,Totale,Italiani,5341,12504,2.30,osservato
017149,Pontevico,2022,Totale,Stranieri,944,2797,3.00,osservato
017149,Pontevico,2022,Totale,Totale,6285,15301,2.40,osservato
017149,Pontevico,2023,Es. Alberghieri,Italiani,,,,riservato
017149,Pontevico,2023,Es. Alberghieri,Stranieri,,,,riservato
017149,Pontevico,2023,Es. Alberghieri,Totale,,,,riservato
017149,Pontevico,2023,Es. Extra-Alberghieri,Italiani,,,,riservato
017149,Pontevico,2023,Es. Extra-Alberghieri,Stranieri,,,,riservato
017149,Pontevico,2023,Es. Extra-Alberghieri,Totale,,,,riservato
017149,Pontevico,2023,Totale,Italiani,5590,12729,2.30,osservato
017149,Pontevico,2023,Totale,Stranieri,765,2271,3.00,osservato
017149,Pontevico,2023,Totale,Totale,6355,15000,2.40,osservato
017149,Pontevico,2024,Es. Alberghieri,Italiani,7007,13982,2.00,osservato
017149,Pontevico,2024,Es. Alberghieri,Stranieri,1480,2704,1.83,osservato
017149,Pontevico,2024,Es. Alberghieri,Totale,8487,16686,1.97,osservato
017149,Pontevico,2024,Es. Extra-Alberghieri,Italiani,614,1341,2.18,osservato
017149,Pontevico,2024,Es. Extra-Alberghieri,Stranieri,10,153,15.30,osservato
017149,Pontevico,2024,Es. Extra-Alberghieri,Totale,624,1494,2.39,osservato
017149,Pontevico,2024,Totale,Italiani,7621,15323,2.01,osservato
017149,Pontevico,2024,Totale,Stranieri,1490,2857,1.92,osservato
017149,Pontevico,2024,Totale,Totale,9111,18180,2.00,osservato
017151,Pozzolengo,2019,Es. Alberghieri,Italiani,8415,19348,2.30,osservato
017151,Pozzolengo,2019,Es. Alberghieri,Stranieri,7059,24676,3.50,osservato
017151,Pozzolengo,2019,Es. Alberghieri,Totale,15474,44024,2.80,osservato
017151,Pozzolengo,2019,Es. Extra-Alberghieri,Italiani,4518,8531,1.90,osservato
017151,Pozzolengo,2019,Es. Extra-Alberghieri,Stranieri,6278,28374,4.50,osservato
017151,Pozzolengo,2019,Es. Extra-Alberghieri,Totale,10796,36905,3.40,osservato
017151,Pozzolengo,2019,Totale,Italiani,12933,27879,2.20,osservato
017151,Pozzolengo,2019,Totale,Stranieri,13337,53050,4.00,osservato
017151,Pozzolengo,2019,Totale,Totale,26270,80929,3.10,osservato
017151,Pozzolengo,2020,Es. Alberghieri,Italiani,2904,6946,2.40,osservato
017151,Pozzolengo,2020,Es. Alberghieri,Stranieri,1849,7545,4.10,osservato
017151,Pozzolengo,2020,Es. Alberghieri,Totale,4753,14491,3.00,osservato
017151,Pozzolengo,2020,Es. Extra-Alberghieri,Italiani,2468,7430,3.00,osservato
017151,Pozzolengo,2020,Es. Extra-Alberghieri,Stranieri,2498,11445,4.60,osservato
017151,Pozzolengo,2020,Es. Extra-Alberghieri,Totale,4966,18875,3.80,osservato
017151,Pozzolengo,2020,Totale,Italiani,5372,14376,2.70,osservato
017151,Pozzolengo,2020,Totale,Stranieri,4347,18990,4.40,osservato
017151,Pozzolengo,2020,Totale,Totale,9719,33366,3.40,osservato
017151,Pozzolengo,2021,Es. Alberghieri,Italiani,5632,25187,4.50,osservato
017151,Pozzolengo,2021,Es. Alberghieri,Stranieri,4239,20889,4.90,osservato
017151,Pozzolengo,2021,Es. Alberghieri,Totale,9871,46076,4.70,osservato
017151,Pozzolengo,2021,Es. Extra-Alberghieri,Italiani,3694,8437,2.30,osservato
017151,Pozzolengo,2021,Es. Extra-Alberghieri,Stranieri,4574,21820,4.80,osservato
017151,Pozzolengo,2021,Es. Extra-Alberghieri,Totale,8268,30257,3.70,osservato
017151,Pozzolengo,2021,Totale,Italiani,9326,33624,3.60,osservato
017151,Pozzolengo,2021,Totale,Stranieri,8813,42709,4.80,osservato
017151,Pozzolengo,2021,Totale,Totale,18139,76333,4.20,osservato
017151,Pozzolengo,2022,Es. Alberghieri,Italiani,7763,14403,1.90,osservato
017151,Pozzolengo,2022,Es. Alberghieri,Stranieri,7900,23634,3.00,osservato
017151,Pozzolengo,2022,Es. Alberghieri,Totale,15663,38037,2.40,osservato
017151,Pozzolengo,2022,Es. Extra-Alberghieri,Italiani,3822,8506,2.20,osservato
017151,Pozzolengo,2022,Es. Extra-Alberghieri,Stranieri,6200,28868,4.70,osservato
017151,Pozzolengo,2022,Es. Extra-Alberghieri,Totale,10022,37374,3.70,osservato
017151,Pozzolengo,2022,Totale,Italiani,11585,22909,2.00,osservato
017151,Pozzolengo,2022,Totale,Stranieri,14100,52502,3.70,osservato
017151,Pozzolengo,2022,Totale,Totale,25685,75411,2.90,osservato
017151,Pozzolengo,2023,Es. Alberghieri,Italiani,9501,16446,1.70,osservato
017151,Pozzolengo,2023,Es. Alberghieri,Stranieri,7989,24130,3.00,osservato
017151,Pozzolengo,2023,Es. Alberghieri,Totale,17490,40576,2.30,osservato
017151,Pozzolengo,2023,Es. Extra-Alberghieri,Italiani,7060,12790,1.80,osservato
017151,Pozzolengo,2023,Es. Extra-Alberghieri,Stranieri,9584,39184,4.10,osservato
017151,Pozzolengo,2023,Es. Extra-Alberghieri,Totale,16644,51974,3.10,osservato
017151,Pozzolengo,2023,Totale,Italiani,16561,29236,1.80,osservato
017151,Pozzolengo,2023,Totale,Stranieri,17573,63314,3.60,osservato
017151,Pozzolengo,2023,Totale,Totale,34134,92550,2.70,osservato
017151,Pozzolengo,2024,Es. Alberghieri,Italiani,10602,17577,1.66,osservato
017151,Pozzolengo,2024,Es. Alberghieri,Stranieri,7627,22491,2.95,osservato
017151,Pozzolengo,2024,Es. Alberghieri,Totale,18229,40068,2.20,osservato
017151,Pozzolengo,2024,Es. Extra-Alberghieri,Italiani,7677,13499,1.76,osservato
017151,Pozzolengo,2024,Es. Extra-Alberghieri,Stranieri,10032,41368,4.12,osservato
017151,Pozzolengo,2024,Es. Extra-Alberghieri,Totale,17709,54867,3.10,osservato
017151,Pozzolengo,2024,Totale,Italiani,18279,31076,1.70,osservato
017151,Pozzolengo,2024,Totale,Stranieri,17659,63859,3.62,osservato
017151,Pozzolengo,2024,Totale,Totale,35938,94935,2.64,osservato
017152,Pralboino,2019,Es. Alberghieri,Italiani,,,,riservato
017152,Pralboino,2019,Es. Alberghieri,Stranieri,,,,riservato
017152,Pralboino,2019,Es. Alberghieri,Totale,,,,riservato
017152,Pralboino,2019,Es. Extra-Alberghieri,Italiani,,,,riservato
017152,Pralboino,2019,Es. Extra-Alberghieri,Stranieri,,,,riservato
017152,Pralboino,2019,Es. Extra-Alberghieri,Totale,,,,riservato
017152,Pralboino,2019,Totale,Italiani,,,,riservato
017152,Pralboino,2019,Totale,Stranieri,,,,riservato
017152,Pralboino,2019,Totale,Totale,,,,riservato
017152,Pralboino,2024,Es. Alberghieri,Italiani,,,,riservato
017152,Pralboino,2024,Es. Alberghieri,Stranieri,,,,riservato
017152,Pralboino,2024,Es. Alberghieri,Totale,,,,riservato
017152,Pralboino,2024,Es. Extra-Alberghieri,Italiani,,,,riservato
017152,Pralboino,2024,Es. Extra-Alberghieri,Stranieri,,,,riservato
017152,Pralboino,2024,Es. Extra-Alberghieri,Totale,,,,riservato
017152,Pralboino,2024,Totale,Italiani,,,,riservato
017152,Pralboino,2024,Totale,Stranieri,,,,riservato
017152,Pralboino,2024,Totale,Totale,,,,riservato
017155,Prevalle,2019,Es. Alberghieri,Italiani,,,,riservato
017155,Prevalle,2019,Es. Alberghieri,Stranieri,,,,riservato
017155,Prevalle,2019,Es. Alberghieri,Totale,,,,riservato
017155,Prevalle,2019,Es. Extra-Alberghieri,Italiani,,,,riservato
017155,Prevalle,2019,Es. Extra-Alberghieri,Stranieri,,,,riservato
017155,Prevalle,2019,Es. Extra-Alberghieri,Totale,,,,riservato
017155,Prevalle,2019,Totale,Italiani,,,,riservato
017155,Prevalle,2019,Totale,Stranieri,,,,riservato
017155,Prevalle,2019,Totale,Totale,,,,riservato
017155,Prevalle,2020,Es. Extra-Alberghieri,Italiani,27,269,10.00,osservato
017155,Prevalle,2020,Es. Extra-Alberghieri,Stranieri,2,4,2.00,osservato
017155,Prevalle,2020,Es. Extra-Alberghieri,Totale,29,273,9.40,osservato
017155,Prevalle,2020,Totale,Italiani,27,269,10.00,osservato
017155,Prevalle,2020,Totale,Stranieri,2,4,2.00,osservato
017155,Prevalle,2020,Totale,Totale,29,273,9.40,osservato
017155,Prevalle,2021,Es. Alberghieri,Italiani,,,,riservato
017155,Prevalle,2021,Es. Alberghieri,Stranieri,,,,riservato
017155,Prevalle,2021,Es. Alberghieri,Totale,,,,riservato
017155,Prevalle,2021,Es. Extra-Alberghieri,Italiani,,,,riservato
017155,Prevalle,2021,Es. Extra-Alberghieri,Stranieri,,,,riservato
017155,Prevalle,2021,Es. Extra-Alberghieri,Totale,,,,riservato
017155,Prevalle,2021,Totale,Italiani,,,,riservato
017155,Prevalle,2021,Totale,Stranieri,,,,riservato
017155,Prevalle,2021,Totale,Totale,,,,riservato
017155,Prevalle,2022,Es. Alberghieri,Italiani,,,,riservato
017155,Prevalle,2022,Es. Alberghieri,Stranieri,,,,riservato
017155,Prevalle,2022,Es. Alberghieri,Totale,,,,riservato
017155,Prevalle,2022,Es. Extra-Alberghieri,Italiani,,,,riservato
017155,Prevalle,2022,Es. Extra-Alberghieri,Stranieri,,,,riservato
017155,Prevalle,2022,Es. Extra-Alberghieri,Totale,,,,riservato
017155,Prevalle,2022,Totale,Italiani,,,,riservato
017155,Prevalle,2022,Totale,Stranieri,,,,riservato
017155,Prevalle,2022,Totale,Totale,,,,riservato
017155,Prevalle,2023,Es. Alberghieri,Italiani,,,,riservato
017155,Prevalle,2023,Es. Alberghieri,Stranieri,,,,riservato
017155,Prevalle,2023,Es. Alberghieri,Totale,,,,riservato
017155,Prevalle,2023,Es. Extra-Alberghieri,Italiani,,,,riservato
017155,Prevalle,2023,Es. Extra-Alberghieri,Stranieri,,,,riservato
017155,Prevalle,2023,Es. Extra-Alberghieri,Totale,,,,riservato
017155,Prevalle,2023,Totale,Italiani,59,505,8.60,osservato
017155,Prevalle,2023,Totale,Stranieri,17,49,2.90,osservato
017155,Prevalle,2023,Totale,Totale,76,554,7.30,osservato
017155,Prevalle,2024,Es. Alberghieri,Italiani,,,,riservato
017155,Prevalle,2024,Es. Alberghieri,Stranieri,,,,riservato
017155,Prevalle,2024,Es. Alberghieri,Totale,,,,riservato
017155,Prevalle,2024,Es. Extra-Alberghieri,Italiani,,,,riservato
017155,Prevalle,2024,Es. Extra-Alberghieri,Stranieri,,,,riservato
017155,Prevalle,2024,Es. Extra-Alberghieri,Totale,,,,riservato
017155,Prevalle,2024,Totale,Italiani,43,99,2.30,osservato
017155,Prevalle,2024,Totale,Stranieri,11,33,3.00,osservato
017155,Prevalle,2024,Totale,Totale,54,132,2.44,osservato
017156,Provaglio d'Iseo,2019,Es. Alberghieri,Italiani,,,,riservato
017156,Provaglio d'Iseo,2019,Es. Alberghieri,Stranieri,,,,riservato
017156,Provaglio d'Iseo,2019,Es. Alberghieri,Totale,,,,riservato
017156,Provaglio d'Iseo,2019,Es. Extra-Alberghieri,Italiani,,,,riservato
017156,Provaglio d'Iseo,2019,Es. Extra-Alberghieri,Stranieri,,,,riservato
017156,Provaglio d'Iseo,2019,Es. Extra-Alberghieri,Totale,,,,riservato
017156,Provaglio d'Iseo,2019,Totale,Italiani,2633,4667,1.80,osservato
017156,Provaglio d'Iseo,2019,Totale,Stranieri,1487,4448,3.00,osservato
017156,Provaglio d'Iseo,2019,Totale,Totale,4120,9115,2.20,osservato
017156,Provaglio d'Iseo,2020,Es. Extra-Alberghieri,Italiani,673,1684,2.50,osservato
017156,Provaglio d'Iseo,2020,Es. Extra-Alberghieri,Stranieri,148,607,4.10,osservato
017156,Provaglio d'Iseo,2020,Es. Extra-Alberghieri,Totale,821,2291,2.80,osservato
017156,Provaglio d'Iseo,2020,Totale,Italiani,673,1684,2.50,osservato
017156,Provaglio d'Iseo,2020,Totale,Stranieri,148,607,4.10,osservato
017156,Provaglio d'Iseo,2020,Totale,Totale,821,2291,2.80,osservato
017156,Provaglio d'Iseo,2021,Es. Alberghieri,Italiani,,,,riservato
017156,Provaglio d'Iseo,2021,Es. Alberghieri,Stranieri,,,,riservato
017156,Provaglio d'Iseo,2021,Es. Alberghieri,Totale,,,,riservato
017156,Provaglio d'Iseo,2021,Es. Extra-Alberghieri,Italiani,,,,riservato
017156,Provaglio d'Iseo,2021,Es. Extra-Alberghieri,Stranieri,,,,riservato
017156,Provaglio d'Iseo,2021,Es. Extra-Alberghieri,Totale,,,,riservato
017156,Provaglio d'Iseo,2021,Totale,Italiani,1488,3109,2.10,osservato
017156,Provaglio d'Iseo,2021,Totale,Stranieri,711,1994,2.80,osservato
017156,Provaglio d'Iseo,2021,Totale,Totale,2199,5103,2.30,osservato
017156,Provaglio d'Iseo,2022,Es. Alberghieri,Italiani,,,,riservato
017156,Provaglio d'Iseo,2022,Es. Alberghieri,Stranieri,,,,riservato
017156,Provaglio d'Iseo,2022,Es. Alberghieri,Totale,,,,riservato
017156,Provaglio d'Iseo,2022,Es. Extra-Alberghieri,Italiani,,,,riservato
017156,Provaglio d'Iseo,2022,Es. Extra-Alberghieri,Stranieri,,,,riservato
017156,Provaglio d'Iseo,2022,Es. Extra-Alberghieri,Totale,,,,riservato
017156,Provaglio d'Iseo,2022,Totale,Italiani,2184,4067,1.90,osservato
017156,Provaglio d'Iseo,2022,Totale,Stranieri,1116,2915,2.60,osservato
017156,Provaglio d'Iseo,2022,Totale,Totale,3300,6982,2.10,osservato
017156,Provaglio d'Iseo,2023,Es. Alberghieri,Italiani,,,,riservato
017156,Provaglio d'Iseo,2023,Es. Alberghieri,Stranieri,,,,riservato
017156,Provaglio d'Iseo,2023,Es. Alberghieri,Totale,,,,riservato
017156,Provaglio d'Iseo,2023,Es. Extra-Alberghieri,Italiani,,,,riservato
017156,Provaglio d'Iseo,2023,Es. Extra-Alberghieri,Stranieri,,,,riservato
017156,Provaglio d'Iseo,2023,Es. Extra-Alberghieri,Totale,,,,riservato
017156,Provaglio d'Iseo,2023,Totale,Italiani,3257,5730,1.80,osservato
017156,Provaglio d'Iseo,2023,Totale,Stranieri,1434,3845,2.70,osservato
017156,Provaglio d'Iseo,2023,Totale,Totale,4691,9575,2.00,osservato
017156,Provaglio d'Iseo,2024,Es. Alberghieri,Italiani,,,,riservato
017156,Provaglio d'Iseo,2024,Es. Alberghieri,Stranieri,,,,riservato
017156,Provaglio d'Iseo,2024,Es. Alberghieri,Totale,,,,riservato
017156,Provaglio d'Iseo,2024,Es. Extra-Alberghieri,Italiani,,,,riservato
017156,Provaglio d'Iseo,2024,Es. Extra-Alberghieri,Stranieri,,,,riservato
017156,Provaglio d'Iseo,2024,Es. Extra-Alberghieri,Totale,,,,riservato
017156,Provaglio d'Iseo,2024,Totale,Italiani,3174,5492,1.73,osservato
017156,Provaglio d'Iseo,2024,Totale,Stranieri,1539,3700,2.40,osservato
017156,Provaglio d'Iseo,2024,Totale,Totale,4713,9192,1.95,osservato
017157,Provaglio Val Sabbia,2019,Es. Alberghieri,Italiani,,,,riservato
017157,Provaglio Val Sabbia,2019,Es. Alberghieri,Stranieri,,,,riservato
017157,Provaglio Val Sabbia,2019,Es. Alberghieri,Totale,,,,riservato
017157,Provaglio Val Sabbia,2019,Es. Extra-Alberghieri,Italiani,,,,riservato
017157,Provaglio Val Sabbia,2019,Es. Extra-Alberghieri,Stranieri,,,,riservato
017157,Provaglio Val Sabbia,2019,Es. Extra-Alberghieri,Totale,,,,riservato
017157,Provaglio Val Sabbia,2019,Totale,Italiani,,,,riservato
017157,Provaglio Val Sabbia,2019,Totale,Stranieri,,,,riservato
017157,Provaglio Val Sabbia,2019,Totale,Totale,,,,riservato
017157,Provaglio Val Sabbia,2020,Es. Alberghieri,Italiani,,,,riservato
017157,Provaglio Val Sabbia,2020,Es. Alberghieri,Stranieri,,,,riservato
017157,Provaglio Val Sabbia,2020,Es. Alberghieri,Totale,,,,riservato
017157,Provaglio Val Sabbia,2020,Es. Extra-Alberghieri,Italiani,,,,riservato
017157,Provaglio Val Sabbia,2020,Es. Extra-Alberghieri,Stranieri,,,,riservato
017157,Provaglio Val Sabbia,2020,Es. Extra-Alberghieri,Totale,,,,riservato
017157,Provaglio Val Sabbia,2020,Totale,Italiani,,,,riservato
017157,Provaglio Val Sabbia,2020,Totale,Stranieri,,,,riservato
017157,Provaglio Val Sabbia,2020,Totale,Totale,,,,riservato
017157,Provaglio Val Sabbia,2021,Es. Alberghieri,Italiani,,,,riservato
017157,Provaglio Val Sabbia,2021,Es. Alberghieri,Stranieri,,,,riservato
017157,Provaglio Val Sabbia,2021,Es. Alberghieri,Totale,,,,riservato
017157,Provaglio Val Sabbia,2021,Es. Extra-Alberghieri,Italiani,,,,riservato
017157,Provaglio Val Sabbia,2021,Es. Extra-Alberghieri,Stranieri,,,,riservato
017157,Provaglio Val Sabbia,2021,Es. Extra-Alberghieri,Totale,,,,riservato
017157,Provaglio Val Sabbia,2021,Totale,Italiani,,,,riservato
017157,Provaglio Val Sabbia,2021,Totale,Stranieri,,,,riservato
017157,Provaglio Val Sabbia,2021,Totale,Totale,,,,riservato
017157,Provaglio Val Sabbia,2022,Es. Alberghieri,Italiani,,,,riservato
017157,Provaglio Val Sabbia,2022,Es. Alberghieri,Stranieri,,,,riservato
017157,Provaglio Val Sabbia,2022,Es. Alberghieri,Totale,,,,riservato
017157,Provaglio Val Sabbia,2022,Es. Extra-Alberghieri,Italiani,,,,riservato
017157,Provaglio Val Sabbia,2022,Es. Extra-Alberghieri,Stranieri,,,,riservato
017157,Provaglio Val Sabbia,2022,Es. Extra-Alberghieri,Totale,,,,riservato
017157,Provaglio Val Sabbia,2022,Totale,Italiani,,,,riservato
017157,Provaglio Val Sabbia,2022,Totale,Stranieri,,,,riservato
017157,Provaglio Val Sabbia,2022,Totale,Totale,,,,riservato
017157,Provaglio Val Sabbia,2023,Es. Alberghieri,Italiani,,,,riservato
017157,Provaglio Val Sabbia,2023,Es. Alberghieri,Stranieri,,,,riservato
017157,Provaglio Val Sabbia,2023,Es. Alberghieri,Totale,,,,riservato
017157,Provaglio Val Sabbia,2023,Es. Extra-Alberghieri,Italiani,,,,riservato
017157,Provaglio Val Sabbia,2023,Es. Extra-Alberghieri,Stranieri,,,,riservato
017157,Provaglio Val Sabbia,2023,Es. Extra-Alberghieri,Totale,,,,riservato
017157,Provaglio Val Sabbia,2023,Totale,Italiani,,,,riservato
017157,Provaglio Val Sabbia,2023,Totale,Stranieri,,,,riservato
017157,Provaglio Val Sabbia,2023,Totale,Totale,,,,riservato
017157,Provaglio Val Sabbia,2024,Es. Alberghieri,Italiani,,,,riservato
017157,Provaglio Val Sabbia,2024,Es. Alberghieri,Stranieri,,,,riservato
017157,Provaglio Val Sabbia,2024,Es. Alberghieri,Totale,,,,riservato
017157,Provaglio Val Sabbia,2024,Es. Extra-Alberghieri,Italiani,,,,riservato
017157,Provaglio Val Sabbia,2024,Es. Extra-Alberghieri,Stranieri,,,,riservato
017157,Provaglio Val Sabbia,2024,Es. Extra-Alberghieri,Totale,,,,riservato
017157,Provaglio Val Sabbia,2024,Totale,Italiani,51,83,1.63,osservato
017157,Provaglio Val Sabbia,2024,Totale,Stranieri,215,749,3.48,osservato
017157,Provaglio Val Sabbia,2024,Totale,Totale,266,832,3.13,osservato
017158,Puegnago del Garda,2019,Es. Alberghieri,Italiani,,,,riservato
017158,Puegnago del Garda,2019,Es. Alberghieri,Stranieri,,,,riservato
017158,Puegnago del Garda,2019,Es. Alberghieri,Totale,,,,riservato
017158,Puegnago del Garda,2019,Es. Extra-Alberghieri,Italiani,,,,riservato
017158,Puegnago del Garda,2019,Es. Extra-Alberghieri,Stranieri,,,,riservato
017158,Puegnago del Garda,2019,Es. Extra-Alberghieri,Totale,,,,riservato
017158,Puegnago del Garda,2019,Totale,Italiani,1692,4222,2.50,osservato
017158,Puegnago del Garda,2019,Totale,Stranieri,3360,18702,5.60,osservato
017158,Puegnago del Garda,2019,Totale,Totale,5052,22924,4.50,osservato
017158,Puegnago del Garda,2020,Es. Extra-Alberghieri,Italiani,1109,4781,4.30,osservato
017158,Puegnago del Garda,2020,Es. Extra-Alberghieri,Stranieri,931,5595,6.00,osservato
017158,Puegnago del Garda,2020,Es. Extra-Alberghieri,Totale,2040,10376,5.10,osservato
017158,Puegnago del Garda,2020,Totale,Italiani,1109,4781,4.30,osservato
017158,Puegnago del Garda,2020,Totale,Stranieri,931,5595,6.00,osservato
017158,Puegnago del Garda,2020,Totale,Totale,2040,10376,5.10,osservato
017158,Puegnago del Garda,2021,Es. Alberghieri,Italiani,,,,riservato
017158,Puegnago del Garda,2021,Es. Alberghieri,Stranieri,,,,riservato
017158,Puegnago del Garda,2021,Es. Alberghieri,Totale,,,,riservato
017158,Puegnago del Garda,2021,Es. Extra-Alberghieri,Italiani,2018,6575,3.30,osservato
017158,Puegnago del Garda,2021,Es. Extra-Alberghieri,Stranieri,2291,13648,6.00,osservato
017158,Puegnago del Garda,2021,Es. Extra-Alberghieri,Totale,4309,20223,4.70,osservato
017158,Puegnago del Garda,2021,Totale,Italiani,2018,6575,3.30,osservato
017158,Puegnago del Garda,2021,Totale,Stranieri,2291,13648,6.00,osservato
017158,Puegnago del Garda,2021,Totale,Totale,4309,20223,4.70,osservato
017158,Puegnago del Garda,2022,Es. Alberghieri,Italiani,,,,riservato
017158,Puegnago del Garda,2022,Es. Alberghieri,Stranieri,,,,riservato
017158,Puegnago del Garda,2022,Es. Alberghieri,Totale,,,,riservato
017158,Puegnago del Garda,2022,Es. Extra-Alberghieri,Italiani,2580,8142,3.20,osservato
017158,Puegnago del Garda,2022,Es. Extra-Alberghieri,Stranieri,4211,23609,5.60,osservato
017158,Puegnago del Garda,2022,Es. Extra-Alberghieri,Totale,6791,31751,4.70,osservato
017158,Puegnago del Garda,2022,Totale,Italiani,2580,8142,3.20,osservato
017158,Puegnago del Garda,2022,Totale,Stranieri,4211,23609,5.60,osservato
017158,Puegnago del Garda,2022,Totale,Totale,6791,31751,4.70,osservato
017158,Puegnago del Garda,2023,Es. Alberghieri,Italiani,,,,riservato
017158,Puegnago del Garda,2023,Es. Alberghieri,Stranieri,,,,riservato
017158,Puegnago del Garda,2023,Es. Alberghieri,Totale,,,,riservato
017158,Puegnago del Garda,2023,Es. Extra-Alberghieri,Italiani,,,,riservato
017158,Puegnago del Garda,2023,Es. Extra-Alberghieri,Stranieri,,,,riservato
017158,Puegnago del Garda,2023,Es. Extra-Alberghieri,Totale,,,,riservato
017158,Puegnago del Garda,2023,Totale,Italiani,3692,8743,2.40,osservato
017158,Puegnago del Garda,2023,Totale,Stranieri,5355,26305,4.90,osservato
017158,Puegnago del Garda,2023,Totale,Totale,9047,35048,3.90,osservato
017158,Puegnago del Garda,2024,Es. Alberghieri,Italiani,,,,riservato
017158,Puegnago del Garda,2024,Es. Alberghieri,Stranieri,,,,riservato
017158,Puegnago del Garda,2024,Es. Alberghieri,Totale,,,,riservato
017158,Puegnago del Garda,2024,Es. Extra-Alberghieri,Italiani,,,,riservato
017158,Puegnago del Garda,2024,Es. Extra-Alberghieri,Stranieri,,,,riservato
017158,Puegnago del Garda,2024,Es. Extra-Alberghieri,Totale,,,,riservato
017158,Puegnago del Garda,2024,Totale,Italiani,3591,8114,2.26,osservato
017158,Puegnago del Garda,2024,Totale,Stranieri,6625,31285,4.72,osservato
017158,Puegnago del Garda,2024,Totale,Totale,10216,39399,3.86,osservato
017159,Quinzano d'Oglio,2019,Es. Alberghieri,Italiani,,,,riservato
017159,Quinzano d'Oglio,2019,Es. Alberghieri,Stranieri,,,,riservato
017159,Quinzano d'Oglio,2019,Es. Alberghieri,Totale,,,,riservato
017159,Quinzano d'Oglio,2019,Es. Extra-Alberghieri,Italiani,,,,riservato
017159,Quinzano d'Oglio,2019,Es. Extra-Alberghieri,Stranieri,,,,riservato
017159,Quinzano d'Oglio,2019,Es. Extra-Alberghieri,Totale,,,,riservato
017159,Quinzano d'Oglio,2019,Totale,Italiani,,,,riservato
017159,Quinzano d'Oglio,2019,Totale,Stranieri,,,,riservato
017159,Quinzano d'Oglio,2019,Totale,Totale,,,,riservato
017159,Quinzano d'Oglio,2020,Es. Alberghieri,Italiani,,,,riservato
017159,Quinzano d'Oglio,2020,Es. Alberghieri,Stranieri,,,,riservato
017159,Quinzano d'Oglio,2020,Es. Alberghieri,Totale,,,,riservato
017159,Quinzano d'Oglio,2020,Es. Extra-Alberghieri,Italiani,,,,riservato
017159,Quinzano d'Oglio,2020,Es. Extra-Alberghieri,Stranieri,,,,riservato
017159,Quinzano d'Oglio,2020,Es. Extra-Alberghieri,Totale,,,,riservato
017159,Quinzano d'Oglio,2020,Totale,Italiani,,,,riservato
017159,Quinzano d'Oglio,2020,Totale,Stranieri,,,,riservato
017159,Quinzano d'Oglio,2020,Totale,Totale,,,,riservato
017159,Quinzano d'Oglio,2021,Es. Alberghieri,Italiani,,,,riservato
017159,Quinzano d'Oglio,2021,Es. Alberghieri,Stranieri,,,,riservato
017159,Quinzano d'Oglio,2021,Es. Alberghieri,Totale,,,,riservato
017159,Quinzano d'Oglio,2021,Es. Extra-Alberghieri,Italiani,,,,riservato
017159,Quinzano d'Oglio,2021,Es. Extra-Alberghieri,Stranieri,,,,riservato
017159,Quinzano d'Oglio,2021,Es. Extra-Alberghieri,Totale,,,,riservato
017159,Quinzano d'Oglio,2021,Totale,Italiani,,,,riservato
017159,Quinzano d'Oglio,2021,Totale,Stranieri,,,,riservato
017159,Quinzano d'Oglio,2021,Totale,Totale,,,,riservato
017159,Quinzano d'Oglio,2024,Es. Alberghieri,Italiani,,,,riservato
017159,Quinzano d'Oglio,2024,Es. Alberghieri,Stranieri,,,,riservato
017159,Quinzano d'Oglio,2024,Es. Alberghieri,Totale,,,,riservato
017159,Quinzano d'Oglio,2024,Es. Extra-Alberghieri,Italiani,,,,riservato
017159,Quinzano d'Oglio,2024,Es. Extra-Alberghieri,Stranieri,,,,riservato
017159,Quinzano d'Oglio,2024,Es. Extra-Alberghieri,Totale,,,,riservato
017159,Quinzano d'Oglio,2024,Totale,Italiani,,,,riservato
017159,Quinzano d'Oglio,2024,Totale,Stranieri,,,,riservato
017159,Quinzano d'Oglio,2024,Totale,Totale,,,,riservato
017161,Rezzato,2019,Es. Alberghieri,Italiani,,,,riservato
017161,Rezzato,2019,Es. Alberghieri,Stranieri,,,,riservato
017161,Rezzato,2019,Es. Alberghieri,Totale,,,,riservato
017161,Rezzato,2019,Es. Extra-Alberghieri,Italiani,,,,riservato
017161,Rezzato,2019,Es. Extra-Alberghieri,Stranieri,,,,riservato
017161,Rezzato,2019,Es. Extra-Alberghieri,Totale,,,,riservato
017161,Rezzato,2019,Totale,Italiani,14405,22210,1.50,osservato
017161,Rezzato,2019,Totale,Stranieri,9463,17292,1.80,osservato
017161,Rezzato,2019,Totale,Totale,23868,39502,1.70,osservato
017161,Rezzato,2020,Es. Alberghieri,Italiani,,,,riservato
017161,Rezzato,2020,Es. Alberghieri,Stranieri,,,,riservato
017161,Rezzato,2020,Es. Alberghieri,Totale,,,,riservato
017161,Rezzato,2020,Es. Extra-Alberghieri,Italiani,,,,riservato
017161,Rezzato,2020,Es. Extra-Alberghieri,Stranieri,,,,riservato
017161,Rezzato,2020,Es. Extra-Alberghieri,Totale,,,,riservato
017161,Rezzato,2020,Totale,Italiani,6846,11181,1.60,osservato
017161,Rezzato,2020,Totale,Stranieri,2593,4649,1.80,osservato
017161,Rezzato,2020,Totale,Totale,9439,15830,1.70,osservato
017161,Rezzato,2021,Es. Alberghieri,Italiani,,,,riservato
017161,Rezzato,2021,Es. Alberghieri,Stranieri,,,,riservato
017161,Rezzato,2021,Es. Alberghieri,Totale,,,,riservato
017161,Rezzato,2021,Es. Extra-Alberghieri,Italiani,,,,riservato
017161,Rezzato,2021,Es. Extra-Alberghieri,Stranieri,,,,riservato
017161,Rezzato,2021,Es. Extra-Alberghieri,Totale,,,,riservato
017161,Rezzato,2021,Totale,Italiani,9984,24540,2.50,osservato
017161,Rezzato,2021,Totale,Stranieri,4688,10588,2.30,osservato
017161,Rezzato,2021,Totale,Totale,14672,35128,2.40,osservato
017161,Rezzato,2022,Es. Alberghieri,Italiani,,,,riservato
017161,Rezzato,2022,Es. Alberghieri,Stranieri,,,,riservato
017161,Rezzato,2022,Es. Alberghieri,Totale,,,,riservato
017161,Rezzato,2022,Es. Extra-Alberghieri,Italiani,,,,riservato
017161,Rezzato,2022,Es. Extra-Alberghieri,Stranieri,,,,riservato
017161,Rezzato,2022,Es. Extra-Alberghieri,Totale,,,,riservato
017161,Rezzato,2022,Totale,Italiani,12652,20016,1.60,osservato
017161,Rezzato,2022,Totale,Stranieri,7673,13450,1.80,osservato
017161,Rezzato,2022,Totale,Totale,20325,33466,1.60,osservato
017161,Rezzato,2023,Es. Alberghieri,Italiani,13743,21363,1.60,osservato
017161,Rezzato,2023,Es. Alberghieri,Stranieri,7565,13452,1.80,osservato
017161,Rezzato,2023,Es. Alberghieri,Totale,21308,34815,1.60,osservato
017161,Rezzato,2023,Es. Extra-Alberghieri,Italiani,130,784,6.00,osservato
017161,Rezzato,2023,Es. Extra-Alberghieri,Stranieri,93,277,3.00,osservato
017161,Rezzato,2023,Es. Extra-Alberghieri,Totale,223,1061,4.80,osservato
017161,Rezzato,2023,Totale,Italiani,13873,22147,1.60,osservato
017161,Rezzato,2023,Totale,Stranieri,7658,13729,1.80,osservato
017161,Rezzato,2023,Totale,Totale,21531,35876,1.70,osservato
017161,Rezzato,2024,Es. Alberghieri,Italiani,,,,riservato
017161,Rezzato,2024,Es. Alberghieri,Stranieri,,,,riservato
017161,Rezzato,2024,Es. Alberghieri,Totale,,,,riservato
017161,Rezzato,2024,Es. Extra-Alberghieri,Italiani,,,,riservato
017161,Rezzato,2024,Es. Extra-Alberghieri,Stranieri,,,,riservato
017161,Rezzato,2024,Es. Extra-Alberghieri,Totale,,,,riservato
017161,Rezzato,2024,Totale,Italiani,11865,20453,1.72,osservato
017161,Rezzato,2024,Totale,Stranieri,8497,16393,1.93,osservato
017161,Rezzato,2024,Totale,Totale,20362,36846,1.81,osservato
017163,Rodengo Saiano,2019,Es. Alberghieri,Italiani,,,,riservato
017163,Rodengo Saiano,2019,Es. Alberghieri,Stranieri,,,,riservato
017163,Rodengo Saiano,2019,Es. Alberghieri,Totale,,,,riservato
017163,Rodengo Saiano,2019,Es. Extra-Alberghieri,Italiani,,,,riservato
017163,Rodengo Saiano,2019,Es. Extra-Alberghieri,Stranieri,,,,riservato
017163,Rodengo Saiano,2019,Es. Extra-Alberghieri,Totale,,,,riservato
017163,Rodengo Saiano,2019,Totale,Italiani,26892,29976,1.10,osservato
017163,Rodengo Saiano,2019,Totale,Stranieri,2394,4114,1.70,osservato
017163,Rodengo Saiano,2019,Totale,Totale,29286,34090,1.20,osservato
017163,Rodengo Saiano,2020,Es. Alberghieri,Italiani,,,,riservato
017163,Rodengo Saiano,2020,Es. Alberghieri,Stranieri,,,,riservato
017163,Rodengo Saiano,2020,Es. Alberghieri,Totale,,,,riservato
017163,Rodengo Saiano,2020,Es. Extra-Alberghieri,Italiani,,,,riservato
017163,Rodengo Saiano,2020,Es. Extra-Alberghieri,Stranieri,,,,riservato
017163,Rodengo Saiano,2020,Es. Extra-Alberghieri,Totale,,,,riservato
017163,Rodengo Saiano,2020,Totale,Italiani,15973,16968,1.10,osservato
017163,Rodengo Saiano,2020,Totale,Stranieri,845,1298,1.50,osservato
017163,Rodengo Saiano,2020,Totale,Totale,16818,18266,1.10,osservato
017163,Rodengo Saiano,2021,Es. Alberghieri,Italiani,,,,riservato
017163,Rodengo Saiano,2021,Es. Alberghieri,Stranieri,,,,riservato
017163,Rodengo Saiano,2021,Es. Alberghieri,Totale,,,,riservato
017163,Rodengo Saiano,2021,Es. Extra-Alberghieri,Italiani,,,,riservato
017163,Rodengo Saiano,2021,Es. Extra-Alberghieri,Stranieri,,,,riservato
017163,Rodengo Saiano,2021,Es. Extra-Alberghieri,Totale,,,,riservato
017163,Rodengo Saiano,2021,Totale,Italiani,22960,25525,1.10,osservato
017163,Rodengo Saiano,2021,Totale,Stranieri,1358,2574,1.90,osservato
017163,Rodengo Saiano,2021,Totale,Totale,24318,28099,1.20,osservato
017163,Rodengo Saiano,2022,Es. Alberghieri,Italiani,,,,riservato
017163,Rodengo Saiano,2022,Es. Alberghieri,Stranieri,,,,riservato
017163,Rodengo Saiano,2022,Es. Alberghieri,Totale,,,,riservato
017163,Rodengo Saiano,2022,Es. Extra-Alberghieri,Italiani,,,,riservato
017163,Rodengo Saiano,2022,Es. Extra-Alberghieri,Stranieri,,,,riservato
017163,Rodengo Saiano,2022,Es. Extra-Alberghieri,Totale,,,,riservato
017163,Rodengo Saiano,2022,Totale,Italiani,25956,28180,1.10,osservato
017163,Rodengo Saiano,2022,Totale,Stranieri,1981,3385,1.70,osservato
017163,Rodengo Saiano,2022,Totale,Totale,27937,31565,1.10,osservato
017163,Rodengo Saiano,2023,Es. Alberghieri,Italiani,,,,riservato
017163,Rodengo Saiano,2023,Es. Alberghieri,Stranieri,,,,riservato
017163,Rodengo Saiano,2023,Es. Alberghieri,Totale,,,,riservato
017163,Rodengo Saiano,2023,Es. Extra-Alberghieri,Italiani,,,,riservato
017163,Rodengo Saiano,2023,Es. Extra-Alberghieri,Stranieri,,,,riservato
017163,Rodengo Saiano,2023,Es. Extra-Alberghieri,Totale,,,,riservato
017163,Rodengo Saiano,2023,Totale,Italiani,12423,16635,1.30,osservato
017163,Rodengo Saiano,2023,Totale,Stranieri,2635,5460,2.10,osservato
017163,Rodengo Saiano,2023,Totale,Totale,15058,22095,1.50,osservato
017163,Rodengo Saiano,2024,Es. Alberghieri,Italiani,,,,riservato
017163,Rodengo Saiano,2024,Es. Alberghieri,Stranieri,,,,riservato
017163,Rodengo Saiano,2024,Es. Alberghieri,Totale,,,,riservato
017163,Rodengo Saiano,2024,Es. Extra-Alberghieri,Italiani,,,,riservato
017163,Rodengo Saiano,2024,Es. Extra-Alberghieri,Stranieri,,,,riservato
017163,Rodengo Saiano,2024,Es. Extra-Alberghieri,Totale,,,,riservato
017163,Rodengo Saiano,2024,Totale,Italiani,9720,13767,1.42,osservato
017163,Rodengo Saiano,2024,Totale,Stranieri,2473,5454,2.21,osservato
017163,Rodengo Saiano,2024,Totale,Totale,12193,19221,1.58,osservato
017164,Roè Volciano,2019,Es. Alberghieri,Italiani,,,,riservato
017164,Roè Volciano,2019,Es. Alberghieri,Stranieri,,,,riservato
017164,Roè Volciano,2019,Es. Alberghieri,Totale,,,,riservato
017164,Roè Volciano,2019,Es. Extra-Alberghieri,Italiani,,,,riservato
017164,Roè Volciano,2019,Es. Extra-Alberghieri,Stranieri,,,,riservato
017164,Roè Volciano,2019,Es. Extra-Alberghieri,Totale,,,,riservato
017164,Roè Volciano,2019,Totale,Italiani,1907,3591,1.90,osservato
017164,Roè Volciano,2019,Totale,Stranieri,1540,8495,5.50,osservato
017164,Roè Volciano,2019,Totale,Totale,3447,12086,3.50,osservato
017164,Roè Volciano,2020,Es. Alberghieri,Italiani,,,,riservato
017164,Roè Volciano,2020,Es. Alberghieri,Stranieri,,,,riservato
017164,Roè Volciano,2020,Es. Alberghieri,Totale,,,,riservato
017164,Roè Volciano,2020,Es. Extra-Alberghieri,Italiani,,,,riservato
017164,Roè Volciano,2020,Es. Extra-Alberghieri,Stranieri,,,,riservato
017164,Roè Volciano,2020,Es. Extra-Alberghieri,Totale,,,,riservato
017164,Roè Volciano,2020,Totale,Italiani,1319,3377,2.60,osservato
017164,Roè Volciano,2020,Totale,Stranieri,565,3032,5.40,osservato
017164,Roè Volciano,2020,Totale,Totale,1884,6409,3.40,osservato
017164,Roè Volciano,2021,Es. Alberghieri,Italiani,,,,riservato
017164,Roè Volciano,2021,Es. Alberghieri,Stranieri,,,,riservato
017164,Roè Volciano,2021,Es. Alberghieri,Totale,,,,riservato
017164,Roè Volciano,2021,Es. Extra-Alberghieri,Italiani,,,,riservato
017164,Roè Volciano,2021,Es. Extra-Alberghieri,Stranieri,,,,riservato
017164,Roè Volciano,2021,Es. Extra-Alberghieri,Totale,,,,riservato
017164,Roè Volciano,2021,Totale,Italiani,2465,5223,2.10,osservato
017164,Roè Volciano,2021,Totale,Stranieri,1274,6165,4.80,osservato
017164,Roè Volciano,2021,Totale,Totale,3739,11388,3.00,osservato
017164,Roè Volciano,2022,Es. Alberghieri,Italiani,,,,riservato
017164,Roè Volciano,2022,Es. Alberghieri,Stranieri,,,,riservato
017164,Roè Volciano,2022,Es. Alberghieri,Totale,,,,riservato
017164,Roè Volciano,2022,Es. Extra-Alberghieri,Italiani,,,,riservato
017164,Roè Volciano,2022,Es. Extra-Alberghieri,Stranieri,,,,riservato
017164,Roè Volciano,2022,Es. Extra-Alberghieri,Totale,,,,riservato
017164,Roè Volciano,2022,Totale,Italiani,2589,6882,2.70,osservato
017164,Roè Volciano,2022,Totale,Stranieri,1792,8863,4.90,osservato
017164,Roè Volciano,2022,Totale,Totale,4381,15745,3.60,osservato
017164,Roè Volciano,2023,Es. Alberghieri,Italiani,,,,riservato
017164,Roè Volciano,2023,Es. Alberghieri,Stranieri,,,,riservato
017164,Roè Volciano,2023,Es. Alberghieri,Totale,,,,riservato
017164,Roè Volciano,2023,Es. Extra-Alberghieri,Italiani,,,,riservato
017164,Roè Volciano,2023,Es. Extra-Alberghieri,Stranieri,,,,riservato
017164,Roè Volciano,2023,Es. Extra-Alberghieri,Totale,,,,riservato
017164,Roè Volciano,2023,Totale,Italiani,3128,7916,2.50,osservato
017164,Roè Volciano,2023,Totale,Stranieri,2378,11379,4.80,osservato
017164,Roè Volciano,2023,Totale,Totale,5506,19295,3.50,osservato
017164,Roè Volciano,2024,Es. Alberghieri,Italiani,,,,riservato
017164,Roè Volciano,2024,Es. Alberghieri,Stranieri,,,,riservato
017164,Roè Volciano,2024,Es. Alberghieri,Totale,,,,riservato
017164,Roè Volciano,2024,Es. Extra-Alberghieri,Italiani,,,,riservato
017164,Roè Volciano,2024,Es. Extra-Alberghieri,Stranieri,,,,riservato
017164,Roè Volciano,2024,Es. Extra-Alberghieri,Totale,,,,riservato
017164,Roè Volciano,2024,Totale,Italiani,2555,6156,2.41,osservato
017164,Roè Volciano,2024,Totale,Stranieri,2502,13293,5.31,osservato
017164,Roè Volciano,2024,Totale,Totale,5057,19449,3.85,osservato
017165,Roncadelle,2019,Es. Alberghieri,Italiani,,,,riservato
017165,Roncadelle,2019,Es. Alberghieri,Stranieri,,,,riservato
017165,Roncadelle,2019,Es. Alberghieri,Totale,,,,riservato
017165,Roncadelle,2019,Es. Extra-Alberghieri,Italiani,,,,riservato
017165,Roncadelle,2019,Es. Extra-Alberghieri,Stranieri,,,,riservato
017165,Roncadelle,2019,Es. Extra-Alberghieri,Totale,,,,riservato
017165,Roncadelle,2019,Totale,Italiani,,,,riservato
017165,Roncadelle,2019,Totale,Stranieri,,,,riservato
017165,Roncadelle,2019,Totale,Totale,,,,riservato
017165,Roncadelle,2020,Es. Alberghieri,Italiani,,,,riservato
017165,Roncadelle,2020,Es. Alberghieri,Stranieri,,,,riservato
017165,Roncadelle,2020,Es. Alberghieri,Totale,,,,riservato
017165,Roncadelle,2020,Es. Extra-Alberghieri,Italiani,,,,riservato
017165,Roncadelle,2020,Es. Extra-Alberghieri,Stranieri,,,,riservato
017165,Roncadelle,2020,Es. Extra-Alberghieri,Totale,,,,riservato
017165,Roncadelle,2020,Totale,Italiani,,,,riservato
017165,Roncadelle,2020,Totale,Stranieri,,,,riservato
017165,Roncadelle,2020,Totale,Totale,,,,riservato
017165,Roncadelle,2021,Es. Alberghieri,Italiani,,,,riservato
017165,Roncadelle,2021,Es. Alberghieri,Stranieri,,,,riservato
017165,Roncadelle,2021,Es. Alberghieri,Totale,,,,riservato
017165,Roncadelle,2021,Es. Extra-Alberghieri,Italiani,,,,riservato
017165,Roncadelle,2021,Es. Extra-Alberghieri,Stranieri,,,,riservato
017165,Roncadelle,2021,Es. Extra-Alberghieri,Totale,,,,riservato
017165,Roncadelle,2021,Totale,Italiani,,,,riservato
017165,Roncadelle,2021,Totale,Stranieri,,,,riservato
017165,Roncadelle,2021,Totale,Totale,,,,riservato
017165,Roncadelle,2022,Es. Alberghieri,Italiani,,,,riservato
017165,Roncadelle,2022,Es. Alberghieri,Stranieri,,,,riservato
017165,Roncadelle,2022,Es. Alberghieri,Totale,,,,riservato
017165,Roncadelle,2022,Es. Extra-Alberghieri,Italiani,,,,riservato
017165,Roncadelle,2022,Es. Extra-Alberghieri,Stranieri,,,,riservato
017165,Roncadelle,2022,Es. Extra-Alberghieri,Totale,,,,riservato
017165,Roncadelle,2022,Totale,Italiani,,,,riservato
017165,Roncadelle,2022,Totale,Stranieri,,,,riservato
017165,Roncadelle,2022,Totale,Totale,,,,riservato
017165,Roncadelle,2023,Es. Alberghieri,Italiani,,,,riservato
017165,Roncadelle,2023,Es. Alberghieri,Stranieri,,,,riservato
017165,Roncadelle,2023,Es. Alberghieri,Totale,,,,riservato
017165,Roncadelle,2023,Es. Extra-Alberghieri,Italiani,,,,riservato
017165,Roncadelle,2023,Es. Extra-Alberghieri,Stranieri,,,,riservato
017165,Roncadelle,2023,Es. Extra-Alberghieri,Totale,,,,riservato
017165,Roncadelle,2023,Totale,Italiani,,,,riservato
017165,Roncadelle,2023,Totale,Stranieri,,,,riservato
017165,Roncadelle,2023,Totale,Totale,,,,riservato
017165,Roncadelle,2024,Es. Alberghieri,Italiani,,,,riservato
017165,Roncadelle,2024,Es. Alberghieri,Stranieri,,,,riservato
017165,Roncadelle,2024,Es. Alberghieri,Totale,,,,riservato
017165,Roncadelle,2024,Es. Extra-Alberghieri,Italiani,,,,riservato
017165,Roncadelle,2024,Es. Extra-Alberghieri,Stranieri,,,,riservato
017165,Roncadelle,2024,Es. Extra-Alberghieri,Totale,,,,riservato
017165,Roncadelle,2024,Totale,Italiani,222,558,2.51,osservato
017165,Roncadelle,2024,Totale,Stranieri,75,926,12.35,osservato
017165,Roncadelle,2024,Totale,Totale,297,1484,5.00,osservato
017166,Rovato,2019,Es. Alberghieri,Italiani,,,,riservato
017166,Rovato,2019,Es. Alberghieri,Stranieri,,,,riservato
017166,Rovato,2019,Es. Alberghieri,Totale,,,,riservato
017166,Rovato,2019,Es. Extra-Alberghieri,Italiani,,,,riservato
017166,Rovato,2019,Es. Extra-Alberghieri,Stranieri,,,,riservato
017166,Rovato,2019,Es. Extra-Alberghieri,Totale,,,,riservato
017166,Rovato,2019,Totale,Italiani,589,1295,2.20,osservato
017166,Rovato,2019,Totale,Stranieri,409,1259,3.10,osservato
017166,Rovato,2019,Totale,Totale,998,2554,2.60,osservato
017166,Rovato,2020,Es. Extra-Alberghieri,Italiani,282,1416,5.00,osservato
017166,Rovato,2020,Es. Extra-Alberghieri,Stranieri,80,341,4.30,osservato
017166,Rovato,2020,Es. Extra-Alberghieri,Totale,362,1757,4.90,osservato
017166,Rovato,2020,Totale,Italiani,282,1416,5.00,osservato
017166,Rovato,2020,Totale,Stranieri,80,341,4.30,osservato
017166,Rovato,2020,Totale,Totale,362,1757,4.90,osservato
017166,Rovato,2021,Es. Alberghieri,Italiani,,,,riservato
017166,Rovato,2021,Es. Alberghieri,Stranieri,,,,riservato
017166,Rovato,2021,Es. Alberghieri,Totale,,,,riservato
017166,Rovato,2021,Es. Extra-Alberghieri,Italiani,948,3346,3.50,osservato
017166,Rovato,2021,Es. Extra-Alberghieri,Stranieri,193,663,3.40,osservato
017166,Rovato,2021,Es. Extra-Alberghieri,Totale,1141,4009,3.50,osservato
017166,Rovato,2021,Totale,Italiani,948,3346,3.50,osservato
017166,Rovato,2021,Totale,Stranieri,193,663,3.40,osservato
017166,Rovato,2021,Totale,Totale,1141,4009,3.50,osservato
017166,Rovato,2022,Es. Alberghieri,Italiani,,,,riservato
017166,Rovato,2022,Es. Alberghieri,Stranieri,,,,riservato
017166,Rovato,2022,Es. Alberghieri,Totale,,,,riservato
017166,Rovato,2022,Es. Extra-Alberghieri,Italiani,1146,3995,3.50,osservato
017166,Rovato,2022,Es. Extra-Alberghieri,Stranieri,270,894,3.30,osservato
017166,Rovato,2022,Es. Extra-Alberghieri,Totale,1416,4889,3.50,osservato
017166,Rovato,2022,Totale,Italiani,1146,3995,3.50,osservato
017166,Rovato,2022,Totale,Stranieri,270,894,3.30,osservato
017166,Rovato,2022,Totale,Totale,1416,4889,3.50,osservato
017166,Rovato,2023,Es. Alberghieri,Italiani,,,,riservato
017166,Rovato,2023,Es. Alberghieri,Stranieri,,,,riservato
017166,Rovato,2023,Es. Alberghieri,Totale,,,,riservato
017166,Rovato,2023,Es. Extra-Alberghieri,Italiani,,,,riservato
017166,Rovato,2023,Es. Extra-Alberghieri,Stranieri,,,,riservato
017166,Rovato,2023,Es. Extra-Alberghieri,Totale,,,,riservato
017166,Rovato,2023,Totale,Italiani,1840,5341,2.90,osservato
017166,Rovato,2023,Totale,Stranieri,688,2122,3.10,osservato
017166,Rovato,2023,Totale,Totale,2528,7463,3.00,osservato
017166,Rovato,2024,Es. Alberghieri,Italiani,,,,riservato
017166,Rovato,2024,Es. Alberghieri,Stranieri,,,,riservato
017166,Rovato,2024,Es. Alberghieri,Totale,,,,riservato
017166,Rovato,2024,Es. Extra-Alberghieri,Italiani,,,,riservato
017166,Rovato,2024,Es. Extra-Alberghieri,Stranieri,,,,riservato
017166,Rovato,2024,Es. Extra-Alberghieri,Totale,,,,riservato
017166,Rovato,2024,Totale,Italiani,2631,7781,2.96,osservato
017166,Rovato,2024,Totale,Stranieri,903,2594,2.87,osservato
017166,Rovato,2024,Totale,Totale,3534,10375,2.94,osservato
017167,Rudiano,2019,Es. Alberghieri,Italiani,,,,riservato
017167,Rudiano,2019,Es. Alberghieri,Stranieri,,,,riservato
017167,Rudiano,2019,Es. Alberghieri,Totale,,,,riservato
017167,Rudiano,2019,Es. Extra-Alberghieri,Italiani,,,,riservato
017167,Rudiano,2019,Es. Extra-Alberghieri,Stranieri,,,,riservato
017167,Rudiano,2019,Es. Extra-Alberghieri,Totale,,,,riservato
017167,Rudiano,2019,Totale,Italiani,,,,riservato
017167,Rudiano,2019,Totale,Stranieri,,,,riservato
017167,Rudiano,2019,Totale,Totale,,,,riservato
017167,Rudiano,2020,Es. Alberghieri,Italiani,,,,riservato
017167,Rudiano,2020,Es. Alberghieri,Stranieri,,,,riservato
017167,Rudiano,2020,Es. Alberghieri,Totale,,,,riservato
017167,Rudiano,2020,Es. Extra-Alberghieri,Italiani,,,,riservato
017167,Rudiano,2020,Es. Extra-Alberghieri,Stranieri,,,,riservato
017167,Rudiano,2020,Es. Extra-Alberghieri,Totale,,,,riservato
017167,Rudiano,2020,Totale,Italiani,,,,riservato
017167,Rudiano,2020,Totale,Stranieri,,,,riservato
017167,Rudiano,2020,Totale,Totale,,,,riservato
017167,Rudiano,2021,Es. Alberghieri,Italiani,,,,riservato
017167,Rudiano,2021,Es. Alberghieri,Stranieri,,,,riservato
017167,Rudiano,2021,Es. Alberghieri,Totale,,,,riservato
017167,Rudiano,2021,Es. Extra-Alberghieri,Italiani,,,,riservato
017167,Rudiano,2021,Es. Extra-Alberghieri,Stranieri,,,,riservato
017167,Rudiano,2021,Es. Extra-Alberghieri,Totale,,,,riservato
017167,Rudiano,2021,Totale,Italiani,,,,riservato
017167,Rudiano,2021,Totale,Stranieri,,,,riservato
017167,Rudiano,2021,Totale,Totale,,,,riservato
017167,Rudiano,2024,Es. Alberghieri,Italiani,,,,riservato
017167,Rudiano,2024,Es. Alberghieri,Stranieri,,,,riservato
017167,Rudiano,2024,Es. Alberghieri,Totale,,,,riservato
017167,Rudiano,2024,Es. Extra-Alberghieri,Italiani,,,,riservato
017167,Rudiano,2024,Es. Extra-Alberghieri,Stranieri,,,,riservato
017167,Rudiano,2024,Es. Extra-Alberghieri,Totale,,,,riservato
017167,Rudiano,2024,Totale,Italiani,,,,riservato
017167,Rudiano,2024,Totale,Stranieri,,,,riservato
017167,Rudiano,2024,Totale,Totale,,,,riservato
017168,Sabbio Chiese,2019,Es. Alberghieri,Italiani,,,,riservato
017168,Sabbio Chiese,2019,Es. Alberghieri,Stranieri,,,,riservato
017168,Sabbio Chiese,2019,Es. Alberghieri,Totale,,,,riservato
017168,Sabbio Chiese,2019,Es. Extra-Alberghieri,Italiani,,,,riservato
017168,Sabbio Chiese,2019,Es. Extra-Alberghieri,Stranieri,,,,riservato
017168,Sabbio Chiese,2019,Es. Extra-Alberghieri,Totale,,,,riservato
017168,Sabbio Chiese,2019,Totale,Italiani,,,,riservato
017168,Sabbio Chiese,2019,Totale,Stranieri,,,,riservato
017168,Sabbio Chiese,2019,Totale,Totale,,,,riservato
017168,Sabbio Chiese,2020,Es. Alberghieri,Italiani,,,,riservato
017168,Sabbio Chiese,2020,Es. Alberghieri,Stranieri,,,,riservato
017168,Sabbio Chiese,2020,Es. Alberghieri,Totale,,,,riservato
017168,Sabbio Chiese,2020,Es. Extra-Alberghieri,Italiani,,,,riservato
017168,Sabbio Chiese,2020,Es. Extra-Alberghieri,Stranieri,,,,riservato
017168,Sabbio Chiese,2020,Es. Extra-Alberghieri,Totale,,,,riservato
017168,Sabbio Chiese,2020,Totale,Italiani,,,,riservato
017168,Sabbio Chiese,2020,Totale,Stranieri,,,,riservato
017168,Sabbio Chiese,2020,Totale,Totale,,,,riservato
017168,Sabbio Chiese,2021,Es. Alberghieri,Italiani,,,,riservato
017168,Sabbio Chiese,2021,Es. Alberghieri,Stranieri,,,,riservato
017168,Sabbio Chiese,2021,Es. Alberghieri,Totale,,,,riservato
017168,Sabbio Chiese,2021,Es. Extra-Alberghieri,Italiani,,,,riservato
017168,Sabbio Chiese,2021,Es. Extra-Alberghieri,Stranieri,,,,riservato
017168,Sabbio Chiese,2021,Es. Extra-Alberghieri,Totale,,,,riservato
017168,Sabbio Chiese,2021,Totale,Italiani,,,,riservato
017168,Sabbio Chiese,2021,Totale,Stranieri,,,,riservato
017168,Sabbio Chiese,2021,Totale,Totale,,,,riservato
017168,Sabbio Chiese,2022,Es. Alberghieri,Italiani,,,,riservato
017168,Sabbio Chiese,2022,Es. Alberghieri,Stranieri,,,,riservato
017168,Sabbio Chiese,2022,Es. Alberghieri,Totale,,,,riservato
017168,Sabbio Chiese,2022,Es. Extra-Alberghieri,Italiani,,,,riservato
017168,Sabbio Chiese,2022,Es. Extra-Alberghieri,Stranieri,,,,riservato
017168,Sabbio Chiese,2022,Es. Extra-Alberghieri,Totale,,,,riservato
017168,Sabbio Chiese,2022,Totale,Italiani,,,,riservato
017168,Sabbio Chiese,2022,Totale,Stranieri,,,,riservato
017168,Sabbio Chiese,2022,Totale,Totale,,,,riservato
017168,Sabbio Chiese,2023,Es. Alberghieri,Italiani,,,,riservato
017168,Sabbio Chiese,2023,Es. Alberghieri,Stranieri,,,,riservato
017168,Sabbio Chiese,2023,Es. Alberghieri,Totale,,,,riservato
017168,Sabbio Chiese,2023,Es. Extra-Alberghieri,Italiani,,,,riservato
017168,Sabbio Chiese,2023,Es. Extra-Alberghieri,Stranieri,,,,riservato
017168,Sabbio Chiese,2023,Es. Extra-Alberghieri,Totale,,,,riservato
017168,Sabbio Chiese,2023,Totale,Italiani,54,98,1.80,osservato
017168,Sabbio Chiese,2023,Totale,Stranieri,122,476,3.90,osservato
017168,Sabbio Chiese,2023,Totale,Totale,176,574,3.30,osservato
017168,Sabbio Chiese,2024,Es. Alberghieri,Italiani,,,,riservato
017168,Sabbio Chiese,2024,Es. Alberghieri,Stranieri,,,,riservato
017168,Sabbio Chiese,2024,Es. Alberghieri,Totale,,,,riservato
017168,Sabbio Chiese,2024,Es. Extra-Alberghieri,Italiani,,,,riservato
017168,Sabbio Chiese,2024,Es. Extra-Alberghieri,Stranieri,,,,riservato
017168,Sabbio Chiese,2024,Es. Extra-Alberghieri,Totale,,,,riservato
017168,Sabbio Chiese,2024,Totale,Italiani,120,208,1.73,osservato
017168,Sabbio Chiese,2024,Totale,Stranieri,123,417,3.39,osservato
017168,Sabbio Chiese,2024,Totale,Totale,243,625,2.57,osservato
017169,Sale Marasino,2019,Es. Alberghieri,Italiani,1686,3664,2.20,osservato
017169,Sale Marasino,2019,Es. Alberghieri,Stranieri,1581,6332,4.00,osservato
017169,Sale Marasino,2019,Es. Alberghieri,Totale,3267,9996,3.10,osservato
017169,Sale Marasino,2019,Es. Extra-Alberghieri,Italiani,671,2233,3.30,osservato
017169,Sale Marasino,2019,Es. Extra-Alberghieri,Stranieri,1356,6364,4.70,osservato
017169,Sale Marasino,2019,Es. Extra-Alberghieri,Totale,2027,8597,4.20,osservato
017169,Sale Marasino,2019,Totale,Italiani,2357,5897,2.50,osservato
017169,Sale Marasino,2019,Totale,Stranieri,2937,12696,4.30,osservato
017169,Sale Marasino,2019,Totale,Totale,5294,18593,3.50,osservato
017169,Sale Marasino,2020,Es. Alberghieri,Italiani,589,1356,2.30,osservato
017169,Sale Marasino,2020,Es. Alberghieri,Stranieri,159,1465,9.20,osservato
017169,Sale Marasino,2020,Es. Alberghieri,Totale,748,2821,3.80,osservato
017169,Sale Marasino,2020,Es. Extra-Alberghieri,Italiani,379,1111,2.90,osservato
017169,Sale Marasino,2020,Es. Extra-Alberghieri,Stranieri,451,2389,5.30,osservato
017169,Sale Marasino,2020,Es. Extra-Alberghieri,Totale,830,3500,4.20,osservato
017169,Sale Marasino,2020,Totale,Italiani,968,2467,2.50,osservato
017169,Sale Marasino,2020,Totale,Stranieri,610,3854,6.30,osservato
017169,Sale Marasino,2020,Totale,Totale,1578,6321,4.00,osservato
017169,Sale Marasino,2021,Es. Alberghieri,Italiani,1966,3540,1.80,osservato
017169,Sale Marasino,2021,Es. Alberghieri,Stranieri,1023,2994,2.90,osservato
017169,Sale Marasino,2021,Es. Alberghieri,Totale,2989,6534,2.20,osservato
017169,Sale Marasino,2021,Es. Extra-Alberghieri,Italiani,593,1830,3.10,osservato
017169,Sale Marasino,2021,Es. Extra-Alberghieri,Stranieri,1018,5410,5.30,osservato
017169,Sale Marasino,2021,Es. Extra-Alberghieri,Totale,1611,7240,4.50,osservato
017169,Sale Marasino,2021,Totale,Italiani,2559,5370,2.10,osservato
017169,Sale Marasino,2021,Totale,Stranieri,2041,8404,4.10,osservato
017169,Sale Marasino,2021,Totale,Totale,4600,13774,3.00,osservato
017169,Sale Marasino,2022,Es. Alberghieri,Italiani,2272,4233,1.90,osservato
017169,Sale Marasino,2022,Es. Alberghieri,Stranieri,2397,9137,3.80,osservato
017169,Sale Marasino,2022,Es. Alberghieri,Totale,4669,13370,2.90,osservato
017169,Sale Marasino,2022,Es. Extra-Alberghieri,Italiani,750,1895,2.50,osservato
017169,Sale Marasino,2022,Es. Extra-Alberghieri,Stranieri,1760,8537,4.90,osservato
017169,Sale Marasino,2022,Es. Extra-Alberghieri,Totale,2510,10432,4.20,osservato
017169,Sale Marasino,2022,Totale,Italiani,3022,6128,2.00,osservato
017169,Sale Marasino,2022,Totale,Stranieri,4157,17674,4.30,osservato
017169,Sale Marasino,2022,Totale,Totale,7179,23802,3.30,osservato
017169,Sale Marasino,2023,Es. Alberghieri,Italiani,1679,2694,1.60,osservato
017169,Sale Marasino,2023,Es. Alberghieri,Stranieri,1901,4780,2.50,osservato
017169,Sale Marasino,2023,Es. Alberghieri,Totale,3580,7474,2.10,osservato
017169,Sale Marasino,2023,Es. Extra-Alberghieri,Italiani,697,1947,2.80,osservato
017169,Sale Marasino,2023,Es. Extra-Alberghieri,Stranieri,1950,10001,5.10,osservato
017169,Sale Marasino,2023,Es. Extra-Alberghieri,Totale,2647,11948,4.50,osservato
017169,Sale Marasino,2023,Totale,Italiani,2376,4641,2.00,osservato
017169,Sale Marasino,2023,Totale,Stranieri,3851,14781,3.80,osservato
017169,Sale Marasino,2023,Totale,Totale,6227,19422,3.10,osservato
017169,Sale Marasino,2024,Es. Alberghieri,Italiani,1543,2689,1.74,osservato
017169,Sale Marasino,2024,Es. Alberghieri,Stranieri,2571,6295,2.45,osservato
017169,Sale Marasino,2024,Es. Alberghieri,Totale,4114,8984,2.18,osservato
017169,Sale Marasino,2024,Es. Extra-Alberghieri,Italiani,846,2126,2.51,osservato
017169,Sale Marasino,2024,Es. Extra-Alberghieri,Stranieri,2077,10023,4.83,osservato
017169,Sale Marasino,2024,Es. Extra-Alberghieri,Totale,2923,12149,4.16,osservato
017169,Sale Marasino,2024,Totale,Italiani,2389,4815,2.02,osservato
017169,Sale Marasino,2024,Totale,Stranieri,4648,16318,3.51,osservato
017169,Sale Marasino,2024,Totale,Totale,7037,21133,3.00,osservato
017170,Salò,2019,Es. Alberghieri,Italiani,15880,35672,2.20,osservato
017170,Salò,2019,Es. Alberghieri,Stranieri,30715,103138,3.40,osservato
017170,Salò,2019,Es. Alberghieri,Totale,46595,138810,3.00,osservato
017170,Salò,2019,Es. Extra-Alberghieri,Italiani,5265,13941,2.60,osservato
017170,Salò,2019,Es. Extra-Alberghieri,Stranieri,15961,85366,5.30,osservato
017170,Salò,2019,Es. Extra-Alberghieri,Totale,21226,99307,4.70,osservato
017170,Salò,2019,Totale,Italiani,21145,49613,2.30,osservato
017170,Salò,2019,Totale,Stranieri,46676,188504,4.00,osservato
017170,Salò,2019,Totale,Totale,67821,238117,3.50,osservato
017170,Salò,2020,Es. Alberghieri,Italiani,8724,18538,2.10,osservato
017170,Salò,2020,Es. Alberghieri,Stranieri,9213,34158,3.70,osservato
017170,Salò,2020,Es. Alberghieri,Totale,17937,52696,2.90,osservato
017170,Salò,2020,Es. Extra-Alberghieri,Italiani,4069,12549,3.10,osservato
017170,Salò,2020,Es. Extra-Alberghieri,Stranieri,5882,33473,5.70,osservato
017170,Salò,2020,Es. Extra-Alberghieri,Totale,9951,46022,4.60,osservato
017170,Salò,2020,Totale,Italiani,12793,31087,2.40,osservato
017170,Salò,2020,Totale,Stranieri,15095,67631,4.50,osservato
017170,Salò,2020,Totale,Totale,27888,98718,3.50,osservato
017170,Salò,2021,Es. Alberghieri,Italiani,14560,33378,2.30,osservato
017170,Salò,2021,Es. Alberghieri,Stranieri,19733,81258,4.10,osservato
017170,Salò,2021,Es. Alberghieri,Totale,34293,114636,3.30,osservato
017170,Salò,2021,Es. Extra-Alberghieri,Italiani,6246,24023,3.80,osservato
017170,Salò,2021,Es. Extra-Alberghieri,Stranieri,11229,67114,6.00,osservato
017170,Salò,2021,Es. Extra-Alberghieri,Totale,17475,91137,5.20,osservato
017170,Salò,2021,Totale,Italiani,20806,57401,2.80,osservato
017170,Salò,2021,Totale,Stranieri,30962,148372,4.80,osservato
017170,Salò,2021,Totale,Totale,51768,205773,4.00,osservato
017170,Salò,2022,Es. Alberghieri,Italiani,17276,35088,2.00,osservato
017170,Salò,2022,Es. Alberghieri,Stranieri,29539,115599,3.90,osservato
017170,Salò,2022,Es. Alberghieri,Totale,46815,150687,3.20,osservato
017170,Salò,2022,Es. Extra-Alberghieri,Italiani,6511,15940,2.40,osservato
017170,Salò,2022,Es. Extra-Alberghieri,Stranieri,18605,97917,5.30,osservato
017170,Salò,2022,Es. Extra-Alberghieri,Totale,25116,113857,4.50,osservato
017170,Salò,2022,Totale,Italiani,23787,51028,2.10,osservato
017170,Salò,2022,Totale,Stranieri,48144,213516,4.40,osservato
017170,Salò,2022,Totale,Totale,71931,264544,3.70,osservato
017170,Salò,2023,Es. Alberghieri,Italiani,15618,30843,2.00,osservato
017170,Salò,2023,Es. Alberghieri,Stranieri,28324,93083,3.30,osservato
017170,Salò,2023,Es. Alberghieri,Totale,43942,123926,2.80,osservato
017170,Salò,2023,Es. Extra-Alberghieri,Italiani,6419,14509,2.30,osservato
017170,Salò,2023,Es. Extra-Alberghieri,Stranieri,19073,96274,5.00,osservato
017170,Salò,2023,Es. Extra-Alberghieri,Totale,25492,110783,4.30,osservato
017170,Salò,2023,Totale,Italiani,22037,45352,2.10,osservato
017170,Salò,2023,Totale,Stranieri,47397,189357,4.00,osservato
017170,Salò,2023,Totale,Totale,69434,234709,3.40,osservato
017170,Salò,2024,Es. Alberghieri,Italiani,16298,32233,1.98,osservato
017170,Salò,2024,Es. Alberghieri,Stranieri,35475,120772,3.40,osservato
017170,Salò,2024,Es. Alberghieri,Totale,51773,153005,2.96,osservato
017170,Salò,2024,Es. Extra-Alberghieri,Italiani,5091,14086,2.77,osservato
017170,Salò,2024,Es. Extra-Alberghieri,Stranieri,18785,95918,5.11,osservato
017170,Salò,2024,Es. Extra-Alberghieri,Totale,23876,110004,4.61,osservato
017170,Salò,2024,Totale,Italiani,21389,46319,2.17,osservato
017170,Salò,2024,Totale,Stranieri,54260,216690,3.99,osservato
017170,Salò,2024,Totale,Totale,75649,263009,3.48,osservato
017171,San Felice del Benaco,2019,Es. Alberghieri,Italiani,7802,16081,2.10,osservato
017171,San Felice del Benaco,2019,Es. Alberghieri,Stranieri,25452,125329,4.90,osservato
017171,San Felice del Benaco,2019,Es. Alberghieri,Totale,33254,141410,4.30,osservato
017171,San Felice del Benaco,2019,Es. Extra-Alberghieri,Italiani,10164,40737,4.00,osservato
017171,San Felice del Benaco,2019,Es. Extra-Alberghieri,Stranieri,77289,519768,6.70,osservato
017171,San Felice del Benaco,2019,Es. Extra-Alberghieri,Totale,87453,560505,6.40,osservato
017171,San Felice del Benaco,2019,Totale,Italiani,17966,56818,3.20,osservato
017171,San Felice del Benaco,2019,Totale,Stranieri,102741,645097,6.30,osservato
017171,San Felice del Benaco,2019,Totale,Totale,120707,701915,5.80,osservato
017171,San Felice del Benaco,2020,Es. Alberghieri,Italiani,5923,13959,2.40,osservato
017171,San Felice del Benaco,2020,Es. Alberghieri,Stranieri,8656,48703,5.60,osservato
017171,San Felice del Benaco,2020,Es. Alberghieri,Totale,14579,62662,4.30,osservato
017171,San Felice del Benaco,2020,Es. Extra-Alberghieri,Italiani,14871,58308,3.90,osservato
017171,San Felice del Benaco,2020,Es. Extra-Alberghieri,Stranieri,33924,216838,6.40,osservato
017171,San Felice del Benaco,2020,Es. Extra-Alberghieri,Totale,48795,275146,5.60,osservato
017171,San Felice del Benaco,2020,Totale,Italiani,20794,72267,3.50,osservato
017171,San Felice del Benaco,2020,Totale,Stranieri,42580,265541,6.20,osservato
017171,San Felice del Benaco,2020,Totale,Totale,63374,337808,5.30,osservato
017171,San Felice del Benaco,2021,Es. Alberghieri,Italiani,6579,22030,3.30,osservato
017171,San Felice del Benaco,2021,Es. Alberghieri,Stranieri,15610,105156,6.70,osservato
017171,San Felice del Benaco,2021,Es. Alberghieri,Totale,22189,127186,5.70,osservato
017171,San Felice del Benaco,2021,Es. Extra-Alberghieri,Italiani,13079,52061,4.00,osservato
017171,San Felice del Benaco,2021,Es. Extra-Alberghieri,Stranieri,60392,419330,6.90,osservato
017171,San Felice del Benaco,2021,Es. Extra-Alberghieri,Totale,73471,471391,6.40,osservato
017171,San Felice del Benaco,2021,Totale,Italiani,19658,74091,3.80,osservato
017171,San Felice del Benaco,2021,Totale,Stranieri,76002,524486,6.90,osservato
017171,San Felice del Benaco,2021,Totale,Totale,95660,598577,6.30,osservato
017171,San Felice del Benaco,2022,Es. Alberghieri,Italiani,9583,19562,2.00,osservato
017171,San Felice del Benaco,2022,Es. Alberghieri,Stranieri,24976,121001,4.80,osservato
017171,San Felice del Benaco,2022,Es. Alberghieri,Totale,34559,140563,4.10,osservato
017171,San Felice del Benaco,2022,Es. Extra-Alberghieri,Italiani,12513,44134,3.50,osservato
017171,San Felice del Benaco,2022,Es. Extra-Alberghieri,Stranieri,87592,575799,6.60,osservato
017171,San Felice del Benaco,2022,Es. Extra-Alberghieri,Totale,100105,619933,6.20,osservato
017171,San Felice del Benaco,2022,Totale,Italiani,22096,63696,2.90,osservato
017171,San Felice del Benaco,2022,Totale,Stranieri,112568,696800,6.20,osservato
017171,San Felice del Benaco,2022,Totale,Totale,134664,760496,5.60,osservato
017171,San Felice del Benaco,2023,Es. Alberghieri,Italiani,7714,16303,2.10,osservato
017171,San Felice del Benaco,2023,Es. Alberghieri,Stranieri,24899,117436,4.70,osservato
017171,San Felice del Benaco,2023,Es. Alberghieri,Totale,32613,133739,4.10,osservato
017171,San Felice del Benaco,2023,Es. Extra-Alberghieri,Italiani,13146,44912,3.40,osservato
017171,San Felice del Benaco,2023,Es. Extra-Alberghieri,Stranieri,97421,611273,6.30,osservato
017171,San Felice del Benaco,2023,Es. Extra-Alberghieri,Totale,110567,656185,5.90,osservato
017171,San Felice del Benaco,2023,Totale,Italiani,20860,61215,2.90,osservato
017171,San Felice del Benaco,2023,Totale,Stranieri,122320,728709,6.00,osservato
017171,San Felice del Benaco,2023,Totale,Totale,143180,789924,5.50,osservato
017171,San Felice del Benaco,2024,Es. Alberghieri,Italiani,8883,17282,1.95,osservato
017171,San Felice del Benaco,2024,Es. Alberghieri,Stranieri,27263,129686,4.76,osservato
017171,San Felice del Benaco,2024,Es. Alberghieri,Totale,36146,146968,4.07,osservato
017171,San Felice del Benaco,2024,Es. Extra-Alberghieri,Italiani,12502,39807,3.18,osservato
017171,San Felice del Benaco,2024,Es. Extra-Alberghieri,Stranieri,104461,633925,6.07,osservato
017171,San Felice del Benaco,2024,Es. Extra-Alberghieri,Totale,116963,673732,5.76,osservato
017171,San Felice del Benaco,2024,Totale,Italiani,21385,57089,2.67,osservato
017171,San Felice del Benaco,2024,Totale,Stranieri,131724,763611,5.80,osservato
017171,San Felice del Benaco,2024,Totale,Totale,153109,820700,5.36,osservato
017172,San Gervasio Bresciano,2019,Es. Alberghieri,Italiani,,,,riservato
017172,San Gervasio Bresciano,2019,Es. Alberghieri,Stranieri,,,,riservato
017172,San Gervasio Bresciano,2019,Es. Alberghieri,Totale,,,,riservato
017172,San Gervasio Bresciano,2019,Es. Extra-Alberghieri,Italiani,,,,riservato
017172,San Gervasio Bresciano,2019,Es. Extra-Alberghieri,Stranieri,,,,riservato
017172,San Gervasio Bresciano,2019,Es. Extra-Alberghieri,Totale,,,,riservato
017172,San Gervasio Bresciano,2019,Totale,Italiani,,,,riservato
017172,San Gervasio Bresciano,2019,Totale,Stranieri,,,,riservato
017172,San Gervasio Bresciano,2019,Totale,Totale,,,,riservato
017172,San Gervasio Bresciano,2020,Es. Alberghieri,Italiani,,,,riservato
017172,San Gervasio Bresciano,2020,Es. Alberghieri,Stranieri,,,,riservato
017172,San Gervasio Bresciano,2020,Es. Alberghieri,Totale,,,,riservato
017172,San Gervasio Bresciano,2020,Es. Extra-Alberghieri,Italiani,,,,riservato
017172,San Gervasio Bresciano,2020,Es. Extra-Alberghieri,Stranieri,,,,riservato
017172,San Gervasio Bresciano,2020,Es. Extra-Alberghieri,Totale,,,,riservato
017172,San Gervasio Bresciano,2020,Totale,Italiani,,,,riservato
017172,San Gervasio Bresciano,2020,Totale,Stranieri,,,,riservato
017172,San Gervasio Bresciano,2020,Totale,Totale,,,,riservato
017172,San Gervasio Bresciano,2021,Es. Alberghieri,Italiani,,,,riservato
017172,San Gervasio Bresciano,2021,Es. Alberghieri,Stranieri,,,,riservato
017172,San Gervasio Bresciano,2021,Es. Alberghieri,Totale,,,,riservato
017172,San Gervasio Bresciano,2021,Es. Extra-Alberghieri,Italiani,,,,riservato
017172,San Gervasio Bresciano,2021,Es. Extra-Alberghieri,Stranieri,,,,riservato
017172,San Gervasio Bresciano,2021,Es. Extra-Alberghieri,Totale,,,,riservato
017172,San Gervasio Bresciano,2021,Totale,Italiani,,,,riservato
017172,San Gervasio Bresciano,2021,Totale,Stranieri,,,,riservato
017172,San Gervasio Bresciano,2021,Totale,Totale,,,,riservato
017172,San Gervasio Bresciano,2022,Es. Alberghieri,Italiani,,,,riservato
017172,San Gervasio Bresciano,2022,Es. Alberghieri,Stranieri,,,,riservato
017172,San Gervasio Bresciano,2022,Es. Alberghieri,Totale,,,,riservato
017172,San Gervasio Bresciano,2022,Es. Extra-Alberghieri,Italiani,,,,riservato
017172,San Gervasio Bresciano,2022,Es. Extra-Alberghieri,Stranieri,,,,riservato
017172,San Gervasio Bresciano,2022,Es. Extra-Alberghieri,Totale,,,,riservato
017172,San Gervasio Bresciano,2022,Totale,Italiani,,,,riservato
017172,San Gervasio Bresciano,2022,Totale,Stranieri,,,,riservato
017172,San Gervasio Bresciano,2022,Totale,Totale,,,,riservato
017172,San Gervasio Bresciano,2024,Es. Alberghieri,Italiani,,,,riservato
017172,San Gervasio Bresciano,2024,Es. Alberghieri,Stranieri,,,,riservato
017172,San Gervasio Bresciano,2024,Es. Alberghieri,Totale,,,,riservato
017172,San Gervasio Bresciano,2024,Es. Extra-Alberghieri,Italiani,,,,riservato
017172,San Gervasio Bresciano,2024,Es. Extra-Alberghieri,Stranieri,,,,riservato
017172,San Gervasio Bresciano,2024,Es. Extra-Alberghieri,Totale,,,,riservato
017172,San Gervasio Bresciano,2024,Totale,Italiani,,,,riservato
017172,San Gervasio Bresciano,2024,Totale,Stranieri,,,,riservato
017172,San Gervasio Bresciano,2024,Totale,Totale,,,,riservato
017173,San Zeno Naviglio,2021,Es. Alberghieri,Italiani,,,,riservato
017173,San Zeno Naviglio,2021,Es. Alberghieri,Stranieri,,,,riservato
017173,San Zeno Naviglio,2021,Es. Alberghieri,Totale,,,,riservato
017173,San Zeno Naviglio,2021,Es. Extra-Alberghieri,Italiani,,,,riservato
017173,San Zeno Naviglio,2021,Es. Extra-Alberghieri,Stranieri,,,,riservato
017173,San Zeno Naviglio,2021,Es. Extra-Alberghieri,Totale,,,,riservato
017173,San Zeno Naviglio,2021,Totale,Italiani,,,,riservato
017173,San Zeno Naviglio,2021,Totale,Stranieri,,,,riservato
017173,San Zeno Naviglio,2021,Totale,Totale,,,,riservato
017173,San Zeno Naviglio,2022,Es. Alberghieri,Italiani,,,,riservato
017173,San Zeno Naviglio,2022,Es. Alberghieri,Stranieri,,,,riservato
017173,San Zeno Naviglio,2022,Es. Alberghieri,Totale,,,,riservato
017173,San Zeno Naviglio,2022,Es. Extra-Alberghieri,Italiani,,,,riservato
017173,San Zeno Naviglio,2022,Es. Extra-Alberghieri,Stranieri,,,,riservato
017173,San Zeno Naviglio,2022,Es. Extra-Alberghieri,Totale,,,,riservato
017173,San Zeno Naviglio,2022,Totale,Italiani,,,,riservato
017173,San Zeno Naviglio,2022,Totale,Stranieri,,,,riservato
017173,San Zeno Naviglio,2022,Totale,Totale,,,,riservato
017173,San Zeno Naviglio,2024,Es. Alberghieri,Italiani,,,,riservato
017173,San Zeno Naviglio,2024,Es. Alberghieri,Stranieri,,,,riservato
017173,San Zeno Naviglio,2024,Es. Alberghieri,Totale,,,,riservato
017173,San Zeno Naviglio,2024,Es. Extra-Alberghieri,Italiani,,,,riservato
017173,San Zeno Naviglio,2024,Es. Extra-Alberghieri,Stranieri,,,,riservato
017173,San Zeno Naviglio,2024,Es. Extra-Alberghieri,Totale,,,,riservato
017173,San Zeno Naviglio,2024,Totale,Italiani,,,,riservato
017173,San Zeno Naviglio,2024,Totale,Stranieri,,,,riservato
017173,San Zeno Naviglio,2024,Totale,Totale,,,,riservato
017174,Sarezzo,2019,Es. Alberghieri,Italiani,,,,riservato
017174,Sarezzo,2019,Es. Alberghieri,Stranieri,,,,riservato
017174,Sarezzo,2019,Es. Alberghieri,Totale,,,,riservato
017174,Sarezzo,2019,Es. Extra-Alberghieri,Italiani,,,,riservato
017174,Sarezzo,2019,Es. Extra-Alberghieri,Stranieri,,,,riservato
017174,Sarezzo,2019,Es. Extra-Alberghieri,Totale,,,,riservato
017174,Sarezzo,2019,Totale,Italiani,,,,riservato
017174,Sarezzo,2019,Totale,Stranieri,,,,riservato
017174,Sarezzo,2019,Totale,Totale,,,,riservato
017174,Sarezzo,2020,Es. Alberghieri,Italiani,,,,riservato
017174,Sarezzo,2020,Es. Alberghieri,Stranieri,,,,riservato
017174,Sarezzo,2020,Es. Alberghieri,Totale,,,,riservato
017174,Sarezzo,2020,Es. Extra-Alberghieri,Italiani,,,,riservato
017174,Sarezzo,2020,Es. Extra-Alberghieri,Stranieri,,,,riservato
017174,Sarezzo,2020,Es. Extra-Alberghieri,Totale,,,,riservato
017174,Sarezzo,2020,Totale,Italiani,,,,riservato
017174,Sarezzo,2020,Totale,Stranieri,,,,riservato
017174,Sarezzo,2020,Totale,Totale,,,,riservato
017174,Sarezzo,2021,Es. Alberghieri,Italiani,,,,riservato
017174,Sarezzo,2021,Es. Alberghieri,Stranieri,,,,riservato
017174,Sarezzo,2021,Es. Alberghieri,Totale,,,,riservato
017174,Sarezzo,2021,Es. Extra-Alberghieri,Italiani,209,486,2.30,osservato
017174,Sarezzo,2021,Es. Extra-Alberghieri,Stranieri,27,49,1.80,osservato
017174,Sarezzo,2021,Es. Extra-Alberghieri,Totale,236,535,2.30,osservato
017174,Sarezzo,2021,Totale,Italiani,209,486,2.30,osservato
017174,Sarezzo,2021,Totale,Stranieri,27,49,1.80,osservato
017174,Sarezzo,2021,Totale,Totale,236,535,2.30,osservato
017174,Sarezzo,2022,Es. Alberghieri,Italiani,,,,riservato
017174,Sarezzo,2022,Es. Alberghieri,Stranieri,,,,riservato
017174,Sarezzo,2022,Es. Alberghieri,Totale,,,,riservato
017174,Sarezzo,2022,Es. Extra-Alberghieri,Italiani,325,813,2.50,osservato
017174,Sarezzo,2022,Es. Extra-Alberghieri,Stranieri,57,160,2.80,osservato
017174,Sarezzo,2022,Es. Extra-Alberghieri,Totale,382,973,2.50,osservato
017174,Sarezzo,2022,Totale,Italiani,325,813,2.50,osservato
017174,Sarezzo,2022,Totale,Stranieri,57,160,2.80,osservato
017174,Sarezzo,2022,Totale,Totale,382,973,2.50,osservato
017174,Sarezzo,2023,Es. Alberghieri,Italiani,,,,riservato
017174,Sarezzo,2023,Es. Alberghieri,Stranieri,,,,riservato
017174,Sarezzo,2023,Es. Alberghieri,Totale,,,,riservato
017174,Sarezzo,2023,Es. Extra-Alberghieri,Italiani,,,,riservato
017174,Sarezzo,2023,Es. Extra-Alberghieri,Stranieri,,,,riservato
017174,Sarezzo,2023,Es. Extra-Alberghieri,Totale,,,,riservato
017174,Sarezzo,2023,Totale,Italiani,,,,riservato
017174,Sarezzo,2023,Totale,Stranieri,,,,riservato
017174,Sarezzo,2023,Totale,Totale,,,,riservato
017174,Sarezzo,2024,Es. Alberghieri,Italiani,,,,riservato
017174,Sarezzo,2024,Es. Alberghieri,Stranieri,,,,riservato
017174,Sarezzo,2024,Es. Alberghieri,Totale,,,,riservato
017174,Sarezzo,2024,Es. Extra-Alberghieri,Italiani,,,,riservato
017174,Sarezzo,2024,Es. Extra-Alberghieri,Stranieri,,,,riservato
017174,Sarezzo,2024,Es. Extra-Alberghieri,Totale,,,,riservato
017174,Sarezzo,2024,Totale,Italiani,,,,riservato
017174,Sarezzo,2024,Totale,Stranieri,,,,riservato
017174,Sarezzo,2024,Totale,Totale,,,,riservato
017175,Saviore dell'Adamello,2019,Es. Alberghieri,Italiani,,,,riservato
017175,Saviore dell'Adamello,2019,Es. Alberghieri,Stranieri,,,,riservato
017175,Saviore dell'Adamello,2019,Es. Alberghieri,Totale,,,,riservato
017175,Saviore dell'Adamello,2019,Es. Extra-Alberghieri,Italiani,,,,riservato
017175,Saviore dell'Adamello,2019,Es. Extra-Alberghieri,Stranieri,,,,riservato
017175,Saviore dell'Adamello,2019,Es. Extra-Alberghieri,Totale,,,,riservato
017175,Saviore dell'Adamello,2019,Totale,Italiani,498,711,1.40,osservato
017175,Saviore dell'Adamello,2019,Totale,Stranieri,38,38,1.00,osservato
017175,Saviore dell'Adamello,2019,Totale,Totale,536,749,1.40,osservato
017175,Saviore dell'Adamello,2020,Es. Extra-Alberghieri,Italiani,655,830,1.30,osservato
017175,Saviore dell'Adamello,2020,Es. Extra-Alberghieri,Stranieri,56,56,1.00,osservato
017175,Saviore dell'Adamello,2020,Es. Extra-Alberghieri,Totale,711,886,1.20,osservato
017175,Saviore dell'Adamello,2020,Totale,Italiani,655,830,1.30,osservato
017175,Saviore dell'Adamello,2020,Totale,Stranieri,56,56,1.00,osservato
017175,Saviore dell'Adamello,2020,Totale,Totale,711,886,1.20,osservato
017175,Saviore dell'Adamello,2021,Es. Alberghieri,Italiani,,,,riservato
017175,Saviore dell'Adamello,2021,Es. Alberghieri,Stranieri,,,,riservato
017175,Saviore dell'Adamello,2021,Es. Alberghieri,Totale,,,,riservato
017175,Saviore dell'Adamello,2021,Es. Extra-Alberghieri,Italiani,965,1434,1.50,osservato
017175,Saviore dell'Adamello,2021,Es. Extra-Alberghieri,Stranieri,94,106,1.10,osservato
017175,Saviore dell'Adamello,2021,Es. Extra-Alberghieri,Totale,1059,1540,1.50,osservato
017175,Saviore dell'Adamello,2021,Totale,Italiani,965,1434,1.50,osservato
017175,Saviore dell'Adamello,2021,Totale,Stranieri,94,106,1.10,osservato
017175,Saviore dell'Adamello,2021,Totale,Totale,1059,1540,1.50,osservato
017175,Saviore dell'Adamello,2022,Es. Alberghieri,Italiani,,,,riservato
017175,Saviore dell'Adamello,2022,Es. Alberghieri,Stranieri,,,,riservato
017175,Saviore dell'Adamello,2022,Es. Alberghieri,Totale,,,,riservato
017175,Saviore dell'Adamello,2022,Es. Extra-Alberghieri,Italiani,1036,1386,1.30,osservato
017175,Saviore dell'Adamello,2022,Es. Extra-Alberghieri,Stranieri,48,64,1.30,osservato
017175,Saviore dell'Adamello,2022,Es. Extra-Alberghieri,Totale,1084,1450,1.30,osservato
017175,Saviore dell'Adamello,2022,Totale,Italiani,1036,1386,1.30,osservato
017175,Saviore dell'Adamello,2022,Totale,Stranieri,48,64,1.30,osservato
017175,Saviore dell'Adamello,2022,Totale,Totale,1084,1450,1.30,osservato
017175,Saviore dell'Adamello,2023,Es. Alberghieri,Italiani,,,,riservato
017175,Saviore dell'Adamello,2023,Es. Alberghieri,Stranieri,,,,riservato
017175,Saviore dell'Adamello,2023,Es. Alberghieri,Totale,,,,riservato
017175,Saviore dell'Adamello,2023,Es. Extra-Alberghieri,Italiani,,,,riservato
017175,Saviore dell'Adamello,2023,Es. Extra-Alberghieri,Stranieri,,,,riservato
017175,Saviore dell'Adamello,2023,Es. Extra-Alberghieri,Totale,,,,riservato
017175,Saviore dell'Adamello,2023,Totale,Italiani,1231,1727,1.40,osservato
017175,Saviore dell'Adamello,2023,Totale,Stranieri,195,210,1.10,osservato
017175,Saviore dell'Adamello,2023,Totale,Totale,1426,1937,1.40,osservato
017175,Saviore dell'Adamello,2024,Es. Alberghieri,Italiani,,,,riservato
017175,Saviore dell'Adamello,2024,Es. Alberghieri,Stranieri,,,,riservato
017175,Saviore dell'Adamello,2024,Es. Alberghieri,Totale,,,,riservato
017175,Saviore dell'Adamello,2024,Es. Extra-Alberghieri,Italiani,,,,riservato
017175,Saviore dell'Adamello,2024,Es. Extra-Alberghieri,Stranieri,,,,riservato
017175,Saviore dell'Adamello,2024,Es. Extra-Alberghieri,Totale,,,,riservato
017175,Saviore dell'Adamello,2024,Totale,Italiani,1336,1507,1.13,osservato
017175,Saviore dell'Adamello,2024,Totale,Stranieri,137,139,1.01,osservato
017175,Saviore dell'Adamello,2024,Totale,Totale,1473,1646,1.12,osservato
017176,Sellero,2019,Es. Alberghieri,Italiani,,,,riservato
017176,Sellero,2019,Es. Alberghieri,Stranieri,,,,riservato
017176,Sellero,2019,Es. Alberghieri,Totale,,,,riservato
017176,Sellero,2019,Es. Extra-Alberghieri,Italiani,,,,riservato
017176,Sellero,2019,Es. Extra-Alberghieri,Stranieri,,,,riservato
017176,Sellero,2019,Es. Extra-Alberghieri,Totale,,,,riservato
017176,Sellero,2019,Totale,Italiani,,,,riservato
017176,Sellero,2019,Totale,Stranieri,,,,riservato
017176,Sellero,2019,Totale,Totale,,,,riservato
017176,Sellero,2020,Es. Alberghieri,Italiani,,,,riservato
017176,Sellero,2020,Es. Alberghieri,Stranieri,,,,riservato
017176,Sellero,2020,Es. Alberghieri,Totale,,,,riservato
017176,Sellero,2020,Es. Extra-Alberghieri,Italiani,,,,riservato
017176,Sellero,2020,Es. Extra-Alberghieri,Stranieri,,,,riservato
017176,Sellero,2020,Es. Extra-Alberghieri,Totale,,,,riservato
017176,Sellero,2020,Totale,Italiani,,,,riservato
017176,Sellero,2020,Totale,Stranieri,,,,riservato
017176,Sellero,2020,Totale,Totale,,,,riservato
017176,Sellero,2021,Es. Alberghieri,Italiani,,,,riservato
017176,Sellero,2021,Es. Alberghieri,Stranieri,,,,riservato
017176,Sellero,2021,Es. Alberghieri,Totale,,,,riservato
017176,Sellero,2021,Es. Extra-Alberghieri,Italiani,,,,riservato
017176,Sellero,2021,Es. Extra-Alberghieri,Stranieri,,,,riservato
017176,Sellero,2021,Es. Extra-Alberghieri,Totale,,,,riservato
017176,Sellero,2021,Totale,Italiani,,,,riservato
017176,Sellero,2021,Totale,Stranieri,,,,riservato
017176,Sellero,2021,Totale,Totale,,,,riservato
017176,Sellero,2022,Es. Alberghieri,Italiani,,,,riservato
017176,Sellero,2022,Es. Alberghieri,Stranieri,,,,riservato
017176,Sellero,2022,Es. Alberghieri,Totale,,,,riservato
017176,Sellero,2022,Es. Extra-Alberghieri,Italiani,,,,riservato
017176,Sellero,2022,Es. Extra-Alberghieri,Stranieri,,,,riservato
017176,Sellero,2022,Es. Extra-Alberghieri,Totale,,,,riservato
017176,Sellero,2022,Totale,Italiani,,,,riservato
017176,Sellero,2022,Totale,Stranieri,,,,riservato
017176,Sellero,2022,Totale,Totale,,,,riservato
017176,Sellero,2023,Es. Alberghieri,Italiani,,,,riservato
017176,Sellero,2023,Es. Alberghieri,Stranieri,,,,riservato
017176,Sellero,2023,Es. Alberghieri,Totale,,,,riservato
017176,Sellero,2023,Es. Extra-Alberghieri,Italiani,,,,riservato
017176,Sellero,2023,Es. Extra-Alberghieri,Stranieri,,,,riservato
017176,Sellero,2023,Es. Extra-Alberghieri,Totale,,,,riservato
017176,Sellero,2023,Totale,Italiani,,,,riservato
017176,Sellero,2023,Totale,Stranieri,,,,riservato
017176,Sellero,2023,Totale,Totale,,,,riservato
017176,Sellero,2024,Es. Alberghieri,Italiani,,,,riservato
017176,Sellero,2024,Es. Alberghieri,Stranieri,,,,riservato
017176,Sellero,2024,Es. Alberghieri,Totale,,,,riservato
017176,Sellero,2024,Es. Extra-Alberghieri,Italiani,,,,riservato
017176,Sellero,2024,Es. Extra-Alberghieri,Stranieri,,,,riservato
017176,Sellero,2024,Es. Extra-Alberghieri,Totale,,,,riservato
017176,Sellero,2024,Totale,Italiani,68,121,1.78,osservato
017176,Sellero,2024,Totale,Stranieri,25,36,1.44,osservato
017176,Sellero,2024,Totale,Totale,93,157,1.69,osservato
017177,Seniga,2023,Es. Alberghieri,Italiani,,,,riservato
017177,Seniga,2023,Es. Alberghieri,Stranieri,,,,riservato
017177,Seniga,2023,Es. Alberghieri,Totale,,,,riservato
017177,Seniga,2023,Es. Extra-Alberghieri,Italiani,,,,riservato
017177,Seniga,2023,Es. Extra-Alberghieri,Stranieri,,,,riservato
017177,Seniga,2023,Es. Extra-Alberghieri,Totale,,,,riservato
017177,Seniga,2023,Totale,Italiani,,,,riservato
017177,Seniga,2023,Totale,Stranieri,,,,riservato
017177,Seniga,2023,Totale,Totale,,,,riservato
017177,Seniga,2024,Es. Alberghieri,Italiani,,,,riservato
017177,Seniga,2024,Es. Alberghieri,Stranieri,,,,riservato
017177,Seniga,2024,Es. Alberghieri,Totale,,,,riservato
017177,Seniga,2024,Es. Extra-Alberghieri,Italiani,,,,riservato
017177,Seniga,2024,Es. Extra-Alberghieri,Stranieri,,,,riservato
017177,Seniga,2024,Es. Extra-Alberghieri,Totale,,,,riservato
017177,Seniga,2024,Totale,Italiani,,,,riservato
017177,Seniga,2024,Totale,Stranieri,,,,riservato
017177,Seniga,2024,Totale,Totale,,,,riservato
017178,Serle,2019,Es. Alberghieri,Italiani,,,,riservato
017178,Serle,2019,Es. Alberghieri,Stranieri,,,,riservato
017178,Serle,2019,Es. Alberghieri,Totale,,,,riservato
017178,Serle,2019,Es. Extra-Alberghieri,Italiani,,,,riservato
017178,Serle,2019,Es. Extra-Alberghieri,Stranieri,,,,riservato
017178,Serle,2019,Es. Extra-Alberghieri,Totale,,,,riservato
017178,Serle,2019,Totale,Italiani,,,,riservato
017178,Serle,2019,Totale,Stranieri,,,,riservato
017178,Serle,2019,Totale,Totale,,,,riservato
017178,Serle,2020,Es. Alberghieri,Italiani,,,,riservato
017178,Serle,2020,Es. Alberghieri,Stranieri,,,,riservato
017178,Serle,2020,Es. Alberghieri,Totale,,,,riservato
017178,Serle,2020,Es. Extra-Alberghieri,Italiani,,,,riservato
017178,Serle,2020,Es. Extra-Alberghieri,Stranieri,,,,riservato
017178,Serle,2020,Es. Extra-Alberghieri,Totale,,,,riservato
017178,Serle,2020,Totale,Italiani,,,,riservato
017178,Serle,2020,Totale,Stranieri,,,,riservato
017178,Serle,2020,Totale,Totale,,,,riservato
017178,Serle,2021,Es. Alberghieri,Italiani,,,,riservato
017178,Serle,2021,Es. Alberghieri,Stranieri,,,,riservato
017178,Serle,2021,Es. Alberghieri,Totale,,,,riservato
017178,Serle,2021,Es. Extra-Alberghieri,Italiani,,,,riservato
017178,Serle,2021,Es. Extra-Alberghieri,Stranieri,,,,riservato
017178,Serle,2021,Es. Extra-Alberghieri,Totale,,,,riservato
017178,Serle,2021,Totale,Italiani,,,,riservato
017178,Serle,2021,Totale,Stranieri,,,,riservato
017178,Serle,2021,Totale,Totale,,,,riservato
017178,Serle,2022,Es. Alberghieri,Italiani,,,,riservato
017178,Serle,2022,Es. Alberghieri,Stranieri,,,,riservato
017178,Serle,2022,Es. Alberghieri,Totale,,,,riservato
017178,Serle,2022,Es. Extra-Alberghieri,Italiani,,,,riservato
017178,Serle,2022,Es. Extra-Alberghieri,Stranieri,,,,riservato
017178,Serle,2022,Es. Extra-Alberghieri,Totale,,,,riservato
017178,Serle,2022,Totale,Italiani,,,,riservato
017178,Serle,2022,Totale,Stranieri,,,,riservato
017178,Serle,2022,Totale,Totale,,,,riservato
017178,Serle,2023,Es. Alberghieri,Italiani,,,,riservato
017178,Serle,2023,Es. Alberghieri,Stranieri,,,,riservato
017178,Serle,2023,Es. Alberghieri,Totale,,,,riservato
017178,Serle,2023,Es. Extra-Alberghieri,Italiani,,,,riservato
017178,Serle,2023,Es. Extra-Alberghieri,Stranieri,,,,riservato
017178,Serle,2023,Es. Extra-Alberghieri,Totale,,,,riservato
017178,Serle,2023,Totale,Italiani,,,,riservato
017178,Serle,2023,Totale,Stranieri,,,,riservato
017178,Serle,2023,Totale,Totale,,,,riservato
017178,Serle,2024,Es. Alberghieri,Italiani,,,,riservato
017178,Serle,2024,Es. Alberghieri,Stranieri,,,,riservato
017178,Serle,2024,Es. Alberghieri,Totale,,,,riservato
017178,Serle,2024,Es. Extra-Alberghieri,Italiani,,,,riservato
017178,Serle,2024,Es. Extra-Alberghieri,Stranieri,,,,riservato
017178,Serle,2024,Es. Extra-Alberghieri,Totale,,,,riservato
017178,Serle,2024,Totale,Italiani,,,,riservato
017178,Serle,2024,Totale,Stranieri,,,,riservato
017178,Serle,2024,Totale,Totale,,,,riservato
017179,Sirmione,2019,Es. Alberghieri,Italiani,105745,228178,2.20,osservato
017179,Sirmione,2019,Es. Alberghieri,Stranieri,167175,523572,3.10,osservato
017179,Sirmione,2019,Es. Alberghieri,Totale,272920,751750,2.80,osservato
017179,Sirmione,2019,Es. Extra-Alberghieri,Italiani,38698,120226,3.10,osservato
017179,Sirmione,2019,Es. Extra-Alberghieri,Stranieri,93581,425287,4.50,osservato
017179,Sirmione,2019,Es. Extra-Alberghieri,Totale,132279,545513,4.10,osservato
017179,Sirmione,2019,Totale,Italiani,144443,348404,2.40,osservato
017179,Sirmione,2019,Totale,Stranieri,260756,948859,3.60,osservato
017179,Sirmione,2019,Totale,Totale,405199,1297263,3.20,osservato
017179,Sirmione,2020,Es. Alberghieri,Italiani,66776,139726,2.10,osservato
017179,Sirmione,2020,Es. Alberghieri,Stranieri,51730,165789,3.20,osservato
017179,Sirmione,2020,Es. Alberghieri,Totale,118506,305515,2.60,osservato
017179,Sirmione,2020,Es. Extra-Alberghieri,Italiani,27125,92698,3.40,osservato
017179,Sirmione,2020,Es. Extra-Alberghieri,Stranieri,26686,121421,4.50,osservato
017179,Sirmione,2020,Es. Extra-Alberghieri,Totale,53811,214119,4.00,osservato
017179,Sirmione,2020,Totale,Italiani,93901,232424,2.50,osservato
017179,Sirmione,2020,Totale,Stranieri,78416,287210,3.70,osservato
017179,Sirmione,2020,Totale,Totale,172317,519634,3.00,osservato
017179,Sirmione,2021,Es. Alberghieri,Italiani,87997,205453,2.30,osservato
017179,Sirmione,2021,Es. Alberghieri,Stranieri,92665,357390,3.90,osservato
017179,Sirmione,2021,Es. Alberghieri,Totale,180662,562843,3.10,osservato
017179,Sirmione,2021,Es. Extra-Alberghieri,Italiani,34386,128583,3.70,osservato
017179,Sirmione,2021,Es. Extra-Alberghieri,Stranieri,52267,305605,5.80,osservato
017179,Sirmione,2021,Es. Extra-Alberghieri,Totale,86653,434188,5.00,osservato
017179,Sirmione,2021,Totale,Italiani,122383,334036,2.70,osservato
017179,Sirmione,2021,Totale,Stranieri,144932,662995,4.60,osservato
017179,Sirmione,2021,Totale,Totale,267315,997031,3.70,osservato
017179,Sirmione,2022,Es. Alberghieri,Italiani,101210,228204,2.30,osservato
017179,Sirmione,2022,Es. Alberghieri,Stranieri,163485,593642,3.60,osservato
017179,Sirmione,2022,Es. Alberghieri,Totale,264695,821846,3.10,osservato
017179,Sirmione,2022,Es. Extra-Alberghieri,Italiani,41069,152665,3.70,osservato
017179,Sirmione,2022,Es. Extra-Alberghieri,Stranieri,88495,454608,5.10,osservato
017179,Sirmione,2022,Es. Extra-Alberghieri,Totale,129564,607273,4.70,osservato
017179,Sirmione,2022,Totale,Italiani,142279,380869,2.70,osservato
017179,Sirmione,2022,Totale,Stranieri,251980,1048250,4.20,osservato
017179,Sirmione,2022,Totale,Totale,394259,1429119,3.60,osservato
017179,Sirmione,2023,Es. Alberghieri,Italiani,98794,207486,2.10,osservato
017179,Sirmione,2023,Es. Alberghieri,Stranieri,190259,574928,3.00,osservato
017179,Sirmione,2023,Es. Alberghieri,Totale,289053,782414,2.70,osservato
017179,Sirmione,2023,Es. Extra-Alberghieri,Italiani,39269,116651,3.00,osservato
017179,Sirmione,2023,Es. Extra-Alberghieri,Stranieri,109084,470169,4.30,osservato
017179,Sirmione,2023,Es. Extra-Alberghieri,Totale,148353,586820,4.00,osservato
017179,Sirmione,2023,Totale,Italiani,138063,324137,2.30,osservato
017179,Sirmione,2023,Totale,Stranieri,299343,1045097,3.50,osservato
017179,Sirmione,2023,Totale,Totale,437406,1369234,3.10,osservato
017179,Sirmione,2024,Es. Alberghieri,Italiani,98556,203991,2.07,osservato
017179,Sirmione,2024,Es. Alberghieri,Stranieri,210437,635208,3.02,osservato
017179,Sirmione,2024,Es. Alberghieri,Totale,308993,839199,2.72,osservato
017179,Sirmione,2024,Es. Extra-Alberghieri,Italiani,34258,103558,3.02,osservato
017179,Sirmione,2024,Es. Extra-Alberghieri,Stranieri,111316,463833,4.17,osservato
017179,Sirmione,2024,Es. Extra-Alberghieri,Totale,145574,567391,3.90,osservato
017179,Sirmione,2024,Totale,Italiani,132814,307549,2.32,osservato
017179,Sirmione,2024,Totale,Stranieri,321753,1099041,3.42,osservato
017179,Sirmione,2024,Totale,Totale,454567,1406590,3.09,osservato
017180,Soiano del Lago,2019,Es. Alberghieri,Italiani,,,,riservato
017180,Soiano del Lago,2019,Es. Alberghieri,Stranieri,,,,riservato
017180,Soiano del Lago,2019,Es. Alberghieri,Totale,,,,riservato
017180,Soiano del Lago,2019,Es. Extra-Alberghieri,Italiani,,,,riservato
017180,Soiano del Lago,2019,Es. Extra-Alberghieri,Stranieri,,,,riservato
017180,Soiano del Lago,2019,Es. Extra-Alberghieri,Totale,,,,riservato
017180,Soiano del Lago,2019,Totale,Italiani,4925,9465,1.90,osservato
017180,Soiano del Lago,2019,Totale,Stranieri,6253,32739,5.20,osservato
017180,Soiano del Lago,2019,Totale,Totale,11178,42204,3.80,osservato
017180,Soiano del Lago,2020,Es. Alberghieri,Italiani,,,,riservato
017180,Soiano del Lago,2020,Es. Alberghieri,Stranieri,,,,riservato
017180,Soiano del Lago,2020,Es. Alberghieri,Totale,,,,riservato
017180,Soiano del Lago,2020,Es. Extra-Alberghieri,Italiani,,,,riservato
017180,Soiano del Lago,2020,Es. Extra-Alberghieri,Stranieri,,,,riservato
017180,Soiano del Lago,2020,Es. Extra-Alberghieri,Totale,,,,riservato
017180,Soiano del Lago,2020,Totale,Italiani,1851,9908,5.40,osservato
017180,Soiano del Lago,2020,Totale,Stranieri,1745,11049,6.30,osservato
017180,Soiano del Lago,2020,Totale,Totale,3596,20957,5.80,osservato
017180,Soiano del Lago,2021,Es. Alberghieri,Italiani,,,,riservato
017180,Soiano del Lago,2021,Es. Alberghieri,Stranieri,,,,riservato
017180,Soiano del Lago,2021,Es. Alberghieri,Totale,,,,riservato
017180,Soiano del Lago,2021,Es. Extra-Alberghieri,Italiani,,,,riservato
017180,Soiano del Lago,2021,Es. Extra-Alberghieri,Stranieri,,,,riservato
017180,Soiano del Lago,2021,Es. Extra-Alberghieri,Totale,,,,riservato
017180,Soiano del Lago,2021,Totale,Italiani,1459,13253,9.10,osservato
017180,Soiano del Lago,2021,Totale,Stranieri,3094,30093,9.70,osservato
017180,Soiano del Lago,2021,Totale,Totale,4553,43346,9.50,osservato
017180,Soiano del Lago,2022,Es. Alberghieri,Italiani,,,,riservato
017180,Soiano del Lago,2022,Es. Alberghieri,Stranieri,,,,riservato
017180,Soiano del Lago,2022,Es. Alberghieri,Totale,,,,riservato
017180,Soiano del Lago,2022,Es. Extra-Alberghieri,Italiani,,,,riservato
017180,Soiano del Lago,2022,Es. Extra-Alberghieri,Stranieri,,,,riservato
017180,Soiano del Lago,2022,Es. Extra-Alberghieri,Totale,,,,riservato
017180,Soiano del Lago,2022,Totale,Italiani,2961,8522,2.90,osservato
017180,Soiano del Lago,2022,Totale,Stranieri,5566,32801,5.90,osservato
017180,Soiano del Lago,2022,Totale,Totale,8527,41323,4.80,osservato
017180,Soiano del Lago,2023,Es. Alberghieri,Italiani,,,,riservato
017180,Soiano del Lago,2023,Es. Alberghieri,Stranieri,,,,riservato
017180,Soiano del Lago,2023,Es. Alberghieri,Totale,,,,riservato
017180,Soiano del Lago,2023,Es. Extra-Alberghieri,Italiani,,,,riservato
017180,Soiano del Lago,2023,Es. Extra-Alberghieri,Stranieri,,,,riservato
017180,Soiano del Lago,2023,Es. Extra-Alberghieri,Totale,,,,riservato
017180,Soiano del Lago,2023,Totale,Italiani,2791,10757,3.90,osservato
017180,Soiano del Lago,2023,Totale,Stranieri,5674,36412,6.40,osservato
017180,Soiano del Lago,2023,Totale,Totale,8465,47169,5.60,osservato
017180,Soiano del Lago,2024,Es. Alberghieri,Italiani,,,,riservato
017180,Soiano del Lago,2024,Es. Alberghieri,Stranieri,,,,riservato
017180,Soiano del Lago,2024,Es. Alberghieri,Totale,,,,riservato
017180,Soiano del Lago,2024,Es. Extra-Alberghieri,Italiani,,,,riservato
017180,Soiano del Lago,2024,Es. Extra-Alberghieri,Stranieri,,,,riservato
017180,Soiano del Lago,2024,Es. Extra-Alberghieri,Totale,,,,riservato
017180,Soiano del Lago,2024,Totale,Italiani,4405,9961,2.26,osservato
017180,Soiano del Lago,2024,Totale,Stranieri,8203,43765,5.34,osservato
017180,Soiano del Lago,2024,Totale,Totale,12608,53726,4.26,osservato
017181,Sonico,2019,Es. Alberghieri,Italiani,,,,riservato
017181,Sonico,2019,Es. Alberghieri,Stranieri,,,,riservato
017181,Sonico,2019,Es. Alberghieri,Totale,,,,riservato
017181,Sonico,2019,Es. Extra-Alberghieri,Italiani,,,,riservato
017181,Sonico,2019,Es. Extra-Alberghieri,Stranieri,,,,riservato
017181,Sonico,2019,Es. Extra-Alberghieri,Totale,,,,riservato
017181,Sonico,2019,Totale,Italiani,1370,3092,2.30,osservato
017181,Sonico,2019,Totale,Stranieri,263,906,3.40,osservato
017181,Sonico,2019,Totale,Totale,1633,3998,2.40,osservato
017181,Sonico,2020,Es. Alberghieri,Italiani,,,,riservato
017181,Sonico,2020,Es. Alberghieri,Stranieri,,,,riservato
017181,Sonico,2020,Es. Alberghieri,Totale,,,,riservato
017181,Sonico,2020,Es. Extra-Alberghieri,Italiani,,,,riservato
017181,Sonico,2020,Es. Extra-Alberghieri,Stranieri,,,,riservato
017181,Sonico,2020,Es. Extra-Alberghieri,Totale,,,,riservato
017181,Sonico,2020,Totale,Italiani,1737,2834,1.60,osservato
017181,Sonico,2020,Totale,Stranieri,70,89,1.30,osservato
017181,Sonico,2020,Totale,Totale,1807,2923,1.60,osservato
017181,Sonico,2021,Es. Alberghieri,Italiani,,,,riservato
017181,Sonico,2021,Es. Alberghieri,Stranieri,,,,riservato
017181,Sonico,2021,Es. Alberghieri,Totale,,,,riservato
017181,Sonico,2021,Es. Extra-Alberghieri,Italiani,,,,riservato
017181,Sonico,2021,Es. Extra-Alberghieri,Stranieri,,,,riservato
017181,Sonico,2021,Es. Extra-Alberghieri,Totale,,,,riservato
017181,Sonico,2021,Totale,Italiani,1389,4687,3.40,osservato
017181,Sonico,2021,Totale,Stranieri,53,101,1.90,osservato
017181,Sonico,2021,Totale,Totale,1442,4788,3.30,osservato
017181,Sonico,2022,Es. Alberghieri,Italiani,,,,riservato
017181,Sonico,2022,Es. Alberghieri,Stranieri,,,,riservato
017181,Sonico,2022,Es. Alberghieri,Totale,,,,riservato
017181,Sonico,2022,Es. Extra-Alberghieri,Italiani,,,,riservato
017181,Sonico,2022,Es. Extra-Alberghieri,Stranieri,,,,riservato
017181,Sonico,2022,Es. Extra-Alberghieri,Totale,,,,riservato
017181,Sonico,2022,Totale,Italiani,2917,6231,2.10,osservato
017181,Sonico,2022,Totale,Stranieri,210,337,1.60,osservato
017181,Sonico,2022,Totale,Totale,3127,6568,2.10,osservato
017181,Sonico,2023,Es. Alberghieri,Italiani,,,,riservato
017181,Sonico,2023,Es. Alberghieri,Stranieri,,,,riservato
017181,Sonico,2023,Es. Alberghieri,Totale,,,,riservato
017181,Sonico,2023,Es. Extra-Alberghieri,Italiani,,,,riservato
017181,Sonico,2023,Es. Extra-Alberghieri,Stranieri,,,,riservato
017181,Sonico,2023,Es. Extra-Alberghieri,Totale,,,,riservato
017181,Sonico,2023,Totale,Italiani,2394,7379,3.10,osservato
017181,Sonico,2023,Totale,Stranieri,274,836,3.10,osservato
017181,Sonico,2023,Totale,Totale,2668,8215,3.10,osservato
017181,Sonico,2024,Es. Alberghieri,Italiani,,,,riservato
017181,Sonico,2024,Es. Alberghieri,Stranieri,,,,riservato
017181,Sonico,2024,Es. Alberghieri,Totale,,,,riservato
017181,Sonico,2024,Es. Extra-Alberghieri,Italiani,,,,riservato
017181,Sonico,2024,Es. Extra-Alberghieri,Stranieri,,,,riservato
017181,Sonico,2024,Es. Extra-Alberghieri,Totale,,,,riservato
017181,Sonico,2024,Totale,Italiani,2951,7547,2.56,osservato
017181,Sonico,2024,Totale,Stranieri,485,1358,2.80,osservato
017181,Sonico,2024,Totale,Totale,3436,8905,2.59,osservato
017182,Sulzano,2019,Es. Alberghieri,Italiani,1293,2158,1.70,osservato
017182,Sulzano,2019,Es. Alberghieri,Stranieri,4721,12440,2.60,osservato
017182,Sulzano,2019,Es. Alberghieri,Totale,6014,14598,2.40,osservato
017182,Sulzano,2019,Es. Extra-Alberghieri,Italiani,1320,3148,2.40,osservato
017182,Sulzano,2019,Es. Extra-Alberghieri,Stranieri,1661,7087,4.30,osservato
017182,Sulzano,2019,Es. Extra-Alberghieri,Totale,2981,10235,3.40,osservato
017182,Sulzano,2019,Totale,Italiani,2613,5306,2.00,osservato
017182,Sulzano,2019,Totale,Stranieri,6382,19527,3.10,osservato
017182,Sulzano,2019,Totale,Totale,8995,24833,2.80,osservato
017182,Sulzano,2020,Es. Alberghieri,Italiani,815,1373,1.70,osservato
017182,Sulzano,2020,Es. Alberghieri,Stranieri,1357,4140,3.10,osservato
017182,Sulzano,2020,Es. Alberghieri,Totale,2172,5513,2.50,osservato
017182,Sulzano,2020,Es. Extra-Alberghieri,Italiani,630,2151,3.40,osservato
017182,Sulzano,2020,Es. Extra-Alberghieri,Stranieri,476,2537,5.30,osservato
017182,Sulzano,2020,Es. Extra-Alberghieri,Totale,1106,4688,4.20,osservato
017182,Sulzano,2020,Totale,Italiani,1445,3524,2.40,osservato
017182,Sulzano,2020,Totale,Stranieri,1833,6677,3.60,osservato
017182,Sulzano,2020,Totale,Totale,3278,10201,3.10,osservato
017182,Sulzano,2021,Es. Alberghieri,Italiani,1621,2261,1.40,osservato
017182,Sulzano,2021,Es. Alberghieri,Stranieri,3310,9611,2.90,osservato
017182,Sulzano,2021,Es. Alberghieri,Totale,4931,11872,2.40,osservato
017182,Sulzano,2021,Es. Extra-Alberghieri,Italiani,984,2646,2.70,osservato
017182,Sulzano,2021,Es. Extra-Alberghieri,Stranieri,1069,5196,4.90,osservato
017182,Sulzano,2021,Es. Extra-Alberghieri,Totale,2053,7842,3.80,osservato
017182,Sulzano,2021,Totale,Italiani,2605,4907,1.90,osservato
017182,Sulzano,2021,Totale,Stranieri,4379,14807,3.40,osservato
017182,Sulzano,2021,Totale,Totale,6984,19714,2.80,osservato
017182,Sulzano,2022,Es. Alberghieri,Italiani,1424,2150,1.50,osservato
017182,Sulzano,2022,Es. Alberghieri,Stranieri,4725,14167,3.00,osservato
017182,Sulzano,2022,Es. Alberghieri,Totale,6149,16317,2.70,osservato
017182,Sulzano,2022,Es. Extra-Alberghieri,Italiani,1090,2344,2.20,osservato
017182,Sulzano,2022,Es. Extra-Alberghieri,Stranieri,1681,6928,4.10,osservato
017182,Sulzano,2022,Es. Extra-Alberghieri,Totale,2771,9272,3.30,osservato
017182,Sulzano,2022,Totale,Italiani,2514,4494,1.80,osservato
017182,Sulzano,2022,Totale,Stranieri,6406,21095,3.30,osservato
017182,Sulzano,2022,Totale,Totale,8920,25589,2.90,osservato
017182,Sulzano,2023,Es. Alberghieri,Italiani,1406,2191,1.60,osservato
017182,Sulzano,2023,Es. Alberghieri,Stranieri,4606,12308,2.70,osservato
017182,Sulzano,2023,Es. Alberghieri,Totale,6012,14499,2.40,osservato
017182,Sulzano,2023,Es. Extra-Alberghieri,Italiani,1221,2596,2.10,osservato
017182,Sulzano,2023,Es. Extra-Alberghieri,Stranieri,2484,10005,4.00,osservato
017182,Sulzano,2023,Es. Extra-Alberghieri,Totale,3705,12601,3.40,osservato
017182,Sulzano,2023,Totale,Italiani,2627,4787,1.80,osservato
017182,Sulzano,2023,Totale,Stranieri,7090,22313,3.10,osservato
017182,Sulzano,2023,Totale,Totale,9717,27100,2.80,osservato
017182,Sulzano,2024,Es. Alberghieri,Italiani,1074,1637,1.52,osservato
017182,Sulzano,2024,Es. Alberghieri,Stranieri,4432,12009,2.71,osservato
017182,Sulzano,2024,Es. Alberghieri,Totale,5506,13646,2.48,osservato
017182,Sulzano,2024,Es. Extra-Alberghieri,Italiani,1205,2716,2.25,osservato
017182,Sulzano,2024,Es. Extra-Alberghieri,Stranieri,3361,13776,4.10,osservato
017182,Sulzano,2024,Es. Extra-Alberghieri,Totale,4566,16492,3.61,osservato
017182,Sulzano,2024,Totale,Italiani,2279,4353,1.91,osservato
017182,Sulzano,2024,Totale,Stranieri,7793,25785,3.31,osservato
017182,Sulzano,2024,Totale,Totale,10072,30138,2.99,osservato
017183,Tavernole sul Mella,2019,Es. Alberghieri,Italiani,,,,riservato
017183,Tavernole sul Mella,2019,Es. Alberghieri,Stranieri,,,,riservato
017183,Tavernole sul Mella,2019,Es. Alberghieri,Totale,,,,riservato
017183,Tavernole sul Mella,2019,Es. Extra-Alberghieri,Italiani,,,,riservato
017183,Tavernole sul Mella,2019,Es. Extra-Alberghieri,Stranieri,,,,riservato
017183,Tavernole sul Mella,2019,Es. Extra-Alberghieri,Totale,,,,riservato
017183,Tavernole sul Mella,2019,Totale,Italiani,,,,riservato
017183,Tavernole sul Mella,2019,Totale,Stranieri,,,,riservato
017183,Tavernole sul Mella,2019,Totale,Totale,,,,riservato
017183,Tavernole sul Mella,2020,Es. Alberghieri,Italiani,,,,riservato
017183,Tavernole sul Mella,2020,Es. Alberghieri,Stranieri,,,,riservato
017183,Tavernole sul Mella,2020,Es. Alberghieri,Totale,,,,riservato
017183,Tavernole sul Mella,2020,Es. Extra-Alberghieri,Italiani,,,,riservato
017183,Tavernole sul Mella,2020,Es. Extra-Alberghieri,Stranieri,,,,riservato
017183,Tavernole sul Mella,2020,Es. Extra-Alberghieri,Totale,,,,riservato
017183,Tavernole sul Mella,2020,Totale,Italiani,,,,riservato
017183,Tavernole sul Mella,2020,Totale,Stranieri,,,,riservato
017183,Tavernole sul Mella,2020,Totale,Totale,,,,riservato
017183,Tavernole sul Mella,2021,Es. Alberghieri,Italiani,,,,riservato
017183,Tavernole sul Mella,2021,Es. Alberghieri,Stranieri,,,,riservato
017183,Tavernole sul Mella,2021,Es. Alberghieri,Totale,,,,riservato
017183,Tavernole sul Mella,2021,Es. Extra-Alberghieri,Italiani,,,,riservato
017183,Tavernole sul Mella,2021,Es. Extra-Alberghieri,Stranieri,,,,riservato
017183,Tavernole sul Mella,2021,Es. Extra-Alberghieri,Totale,,,,riservato
017183,Tavernole sul Mella,2021,Totale,Italiani,,,,riservato
017183,Tavernole sul Mella,2021,Totale,Stranieri,,,,riservato
017183,Tavernole sul Mella,2021,Totale,Totale,,,,riservato
017183,Tavernole sul Mella,2022,Es. Alberghieri,Italiani,,,,riservato
017183,Tavernole sul Mella,2022,Es. Alberghieri,Stranieri,,,,riservato
017183,Tavernole sul Mella,2022,Es. Alberghieri,Totale,,,,riservato
017183,Tavernole sul Mella,2022,Es. Extra-Alberghieri,Italiani,362,539,1.50,osservato
017183,Tavernole sul Mella,2022,Es. Extra-Alberghieri,Stranieri,20,26,1.30,osservato
017183,Tavernole sul Mella,2022,Es. Extra-Alberghieri,Totale,382,565,1.50,osservato
017183,Tavernole sul Mella,2022,Totale,Italiani,362,539,1.50,osservato
017183,Tavernole sul Mella,2022,Totale,Stranieri,20,26,1.30,osservato
017183,Tavernole sul Mella,2022,Totale,Totale,382,565,1.50,osservato
017183,Tavernole sul Mella,2023,Es. Alberghieri,Italiani,,,,riservato
017183,Tavernole sul Mella,2023,Es. Alberghieri,Stranieri,,,,riservato
017183,Tavernole sul Mella,2023,Es. Alberghieri,Totale,,,,riservato
017183,Tavernole sul Mella,2023,Es. Extra-Alberghieri,Italiani,,,,riservato
017183,Tavernole sul Mella,2023,Es. Extra-Alberghieri,Stranieri,,,,riservato
017183,Tavernole sul Mella,2023,Es. Extra-Alberghieri,Totale,,,,riservato
017183,Tavernole sul Mella,2023,Totale,Italiani,,,,riservato
017183,Tavernole sul Mella,2023,Totale,Stranieri,,,,riservato
017183,Tavernole sul Mella,2023,Totale,Totale,,,,riservato
017183,Tavernole sul Mella,2024,Es. Alberghieri,Italiani,,,,riservato
017183,Tavernole sul Mella,2024,Es. Alberghieri,Stranieri,,,,riservato
017183,Tavernole sul Mella,2024,Es. Alberghieri,Totale,,,,riservato
017183,Tavernole sul Mella,2024,Es. Extra-Alberghieri,Italiani,,,,riservato
017183,Tavernole sul Mella,2024,Es. Extra-Alberghieri,Stranieri,,,,riservato
017183,Tavernole sul Mella,2024,Es. Extra-Alberghieri,Totale,,,,riservato
017183,Tavernole sul Mella,2024,Totale,Italiani,439,651,1.48,osservato
017183,Tavernole sul Mella,2024,Totale,Stranieri,51,302,5.92,osservato
017183,Tavernole sul Mella,2024,Totale,Totale,490,953,1.94,osservato
017184,Temù,2019,Es. Alberghieri,Italiani,8355,28611,3.40,osservato
017184,Temù,2019,Es. Alberghieri,Stranieri,3630,14297,3.90,osservato
017184,Temù,2019,Es. Alberghieri,Totale,11985,42908,3.60,osservato
017184,Temù,2019,Es. Extra-Alberghieri,Italiani,4596,15565,3.40,osservato
017184,Temù,2019,Es. Extra-Alberghieri,Stranieri,1370,4579,3.30,osservato
017184,Temù,2019,Es. Extra-Alberghieri,Totale,5966,20144,3.40,osservato
017184,Temù,2019,Totale,Italiani,12951,44176,3.40,osservato
017184,Temù,2019,Totale,Stranieri,5000,18876,3.80,osservato
017184,Temù,2019,Totale,Totale,17951,63052,3.50,osservato
017184,Temù,2020,Es. Alberghieri,Italiani,5764,20137,3.50,osservato
017184,Temù,2020,Es. Alberghieri,Stranieri,1496,6542,4.40,osservato
017184,Temù,2020,Es. Alberghieri,Totale,7260,26679,3.70,osservato
017184,Temù,2020,Es. Extra-Alberghieri,Italiani,3634,12624,3.50,osservato
017184,Temù,2020,Es. Extra-Alberghieri,Stranieri,983,3692,3.80,osservato
017184,Temù,2020,Es. Extra-Alberghieri,Totale,4617,16316,3.50,osservato
017184,Temù,2020,Totale,Italiani,9398,32761,3.50,osservato
017184,Temù,2020,Totale,Stranieri,2479,10234,4.10,osservato
017184,Temù,2020,Totale,Totale,11877,42995,3.60,osservato
017184,Temù,2021,Es. Alberghieri,Italiani,5728,22307,3.90,osservato
017184,Temù,2021,Es. Alberghieri,Stranieri,647,1053,1.60,osservato
017184,Temù,2021,Es. Alberghieri,Totale,6375,23360,3.70,osservato
017184,Temù,2021,Es. Extra-Alberghieri,Italiani,5022,17953,3.60,osservato
017184,Temù,2021,Es. Extra-Alberghieri,Stranieri,705,1515,2.10,osservato
017184,Temù,2021,Es. Extra-Alberghieri,Totale,5727,19468,3.40,osservato
017184,Temù,2021,Totale,Italiani,10750,40260,3.70,osservato
017184,Temù,2021,Totale,Stranieri,1352,2568,1.90,osservato
017184,Temù,2021,Totale,Totale,12102,42828,3.50,osservato
017184,Temù,2022,Es. Alberghieri,Italiani,8140,30998,3.80,osservato
017184,Temù,2022,Es. Alberghieri,Stranieri,1289,4480,3.50,osservato
017184,Temù,2022,Es. Alberghieri,Totale,9429,35478,3.80,osservato
017184,Temù,2022,Es. Extra-Alberghieri,Italiani,8372,26139,3.10,osservato
017184,Temù,2022,Es. Extra-Alberghieri,Stranieri,1546,3938,2.50,osservato
017184,Temù,2022,Es. Extra-Alberghieri,Totale,9918,30077,3.00,osservato
017184,Temù,2022,Totale,Italiani,16512,57137,3.50,osservato
017184,Temù,2022,Totale,Stranieri,2835,8418,3.00,osservato
017184,Temù,2022,Totale,Totale,19347,65555,3.40,osservato
017184,Temù,2023,Es. Alberghieri,Italiani,7872,28690,3.60,osservato
017184,Temù,2023,Es. Alberghieri,Stranieri,2550,9319,3.70,osservato
017184,Temù,2023,Es. Alberghieri,Totale,10422,38009,3.60,osservato
017184,Temù,2023,Es. Extra-Alberghieri,Italiani,8012,26657,3.30,osservato
017184,Temù,2023,Es. Extra-Alberghieri,Stranieri,1723,4830,2.80,osservato
017184,Temù,2023,Es. Extra-Alberghieri,Totale,9735,31487,3.20,osservato
017184,Temù,2023,Totale,Italiani,15884,55347,3.50,osservato
017184,Temù,2023,Totale,Stranieri,4273,14149,3.30,osservato
017184,Temù,2023,Totale,Totale,20157,69496,3.40,osservato
017184,Temù,2024,Es. Alberghieri,Italiani,6691,24232,3.62,osservato
017184,Temù,2024,Es. Alberghieri,Stranieri,3016,12889,4.27,osservato
017184,Temù,2024,Es. Alberghieri,Totale,9707,37121,3.82,osservato
017184,Temù,2024,Es. Extra-Alberghieri,Italiani,7530,24323,3.23,osservato
017184,Temù,2024,Es. Extra-Alberghieri,Stranieri,2212,7917,3.58,osservato
017184,Temù,2024,Es. Extra-Alberghieri,Totale,9742,32240,3.31,osservato
017184,Temù,2024,Totale,Italiani,14221,48555,3.41,osservato
017184,Temù,2024,Totale,Stranieri,5228,20806,3.98,osservato
017184,Temù,2024,Totale,Totale,19449,69361,3.57,osservato
017185,Tignale,2019,Es. Alberghieri,Italiani,2478,6202,2.50,osservato
017185,Tignale,2019,Es. Alberghieri,Stranieri,17521,87899,5.00,osservato
017185,Tignale,2019,Es. Alberghieri,Totale,19999,94101,4.70,osservato
017185,Tignale,2019,Es. Extra-Alberghieri,Italiani,1797,8884,4.90,osservato
017185,Tignale,2019,Es. Extra-Alberghieri,Stranieri,31730,241323,7.60,osservato
017185,Tignale,2019,Es. Extra-Alberghieri,Totale,33527,250207,7.50,osservato
017185,Tignale,2019,Totale,Italiani,4275,15086,3.50,osservato
017185,Tignale,2019,Totale,Stranieri,49251,329222,6.70,osservato
017185,Tignale,2019,Totale,Totale,53526,344308,6.40,osservato
017185,Tignale,2020,Es. Alberghieri,Italiani,2537,6345,2.50,osservato
017185,Tignale,2020,Es. Alberghieri,Stranieri,5170,24900,4.80,osservato
017185,Tignale,2020,Es. Alberghieri,Totale,7707,31245,4.10,osservato
017185,Tignale,2020,Es. Extra-Alberghieri,Italiani,4137,19463,4.70,osservato
017185,Tignale,2020,Es. Extra-Alberghieri,Stranieri,12920,104243,8.10,osservato
017185,Tignale,2020,Es. Extra-Alberghieri,Totale,17057,123706,7.30,osservato
017185,Tignale,2020,Totale,Italiani,6674,25808,3.90,osservato
017185,Tignale,2020,Totale,Stranieri,18090,129143,7.10,osservato
017185,Tignale,2020,Totale,Totale,24764,154951,6.30,osservato
017185,Tignale,2021,Es. Alberghieri,Italiani,2917,8757,3.00,osservato
017185,Tignale,2021,Es. Alberghieri,Stranieri,7602,53861,7.10,osservato
017185,Tignale,2021,Es. Alberghieri,Totale,10519,62618,6.00,osservato
017185,Tignale,2021,Es. Extra-Alberghieri,Italiani,3729,31272,8.40,osservato
017185,Tignale,2021,Es. Extra-Alberghieri,Stranieri,23285,222287,9.50,osservato
017185,Tignale,2021,Es. Extra-Alberghieri,Totale,27014,253559,9.40,osservato
017185,Tignale,2021,Totale,Italiani,6646,40029,6.00,osservato
017185,Tignale,2021,Totale,Stranieri,30887,276148,8.90,osservato
017185,Tignale,2021,Totale,Totale,37533,316177,8.40,osservato
017185,Tignale,2022,Es. Alberghieri,Italiani,3648,8163,2.20,osservato
017185,Tignale,2022,Es. Alberghieri,Stranieri,15218,75419,5.00,osservato
017185,Tignale,2022,Es. Alberghieri,Totale,18866,83582,4.40,osservato
017185,Tignale,2022,Es. Extra-Alberghieri,Italiani,2710,11963,4.40,osservato
017185,Tignale,2022,Es. Extra-Alberghieri,Stranieri,37774,283817,7.50,osservato
017185,Tignale,2022,Es. Extra-Alberghieri,Totale,40484,295780,7.30,osservato
017185,Tignale,2022,Totale,Italiani,6358,20126,3.20,osservato
017185,Tignale,2022,Totale,Stranieri,52992,359236,6.80,osservato
017185,Tignale,2022,Totale,Totale,59350,379362,6.40,osservato
017185,Tignale,2023,Es. Alberghieri,Italiani,3212,7352,2.30,osservato
017185,Tignale,2023,Es. Alberghieri,Stranieri,16130,81324,5.00,osservato
017185,Tignale,2023,Es. Alberghieri,Totale,19342,88676,4.60,osservato
017185,Tignale,2023,Es. Extra-Alberghieri,Italiani,2777,11483,4.10,osservato
017185,Tignale,2023,Es. Extra-Alberghieri,Stranieri,43686,300674,6.90,osservato
017185,Tignale,2023,Es. Extra-Alberghieri,Totale,46463,312157,6.70,osservato
017185,Tignale,2023,Totale,Italiani,5989,18835,3.10,osservato
017185,Tignale,2023,Totale,Stranieri,59816,381998,6.40,osservato
017185,Tignale,2023,Totale,Totale,65805,400833,6.10,osservato
017185,Tignale,2024,Es. Alberghieri,Italiani,3413,7630,2.24,osservato
017185,Tignale,2024,Es. Alberghieri,Stranieri,16845,85556,5.08,osservato
017185,Tignale,2024,Es. Alberghieri,Totale,20258,93186,4.60,osservato
017185,Tignale,2024,Es. Extra-Alberghieri,Italiani,2521,10153,4.03,osservato
017185,Tignale,2024,Es. Extra-Alberghieri,Stranieri,45484,316377,6.96,osservato
017185,Tignale,2024,Es. Extra-Alberghieri,Totale,48005,326530,6.80,osservato
017185,Tignale,2024,Totale,Italiani,5934,17783,3.00,osservato
017185,Tignale,2024,Totale,Stranieri,62329,401933,6.45,osservato
017185,Tignale,2024,Totale,Totale,68263,419716,6.15,osservato
017186,Torbole Casaglia,2019,Es. Alberghieri,Italiani,,,,riservato
017186,Torbole Casaglia,2019,Es. Alberghieri,Stranieri,,,,riservato
017186,Torbole Casaglia,2019,Es. Alberghieri,Totale,,,,riservato
017186,Torbole Casaglia,2019,Es. Extra-Alberghieri,Italiani,,,,riservato
017186,Torbole Casaglia,2019,Es. Extra-Alberghieri,Stranieri,,,,riservato
017186,Torbole Casaglia,2019,Es. Extra-Alberghieri,Totale,,,,riservato
017186,Torbole Casaglia,2019,Totale,Italiani,,,,riservato
017186,Torbole Casaglia,2019,Totale,Stranieri,,,,riservato
017186,Torbole Casaglia,2019,Totale,Totale,,,,riservato
017186,Torbole Casaglia,2020,Es. Alberghieri,Italiani,,,,riservato
017186,Torbole Casaglia,2020,Es. Alberghieri,Stranieri,,,,riservato
017186,Torbole Casaglia,2020,Es. Alberghieri,Totale,,,,riservato
017186,Torbole Casaglia,2020,Es. Extra-Alberghieri,Italiani,,,,riservato
017186,Torbole Casaglia,2020,Es. Extra-Alberghieri,Stranieri,,,,riservato
017186,Torbole Casaglia,2020,Es. Extra-Alberghieri,Totale,,,,riservato
017186,Torbole Casaglia,2020,Totale,Italiani,,,,riservato
017186,Torbole Casaglia,2020,Totale,Stranieri,,,,riservato
017186,Torbole Casaglia,2020,Totale,Totale,,,,riservato
017186,Torbole Casaglia,2021,Es. Alberghieri,Italiani,,,,riservato
017186,Torbole Casaglia,2021,Es. Alberghieri,Stranieri,,,,riservato
017186,Torbole Casaglia,2021,Es. Alberghieri,Totale,,,,riservato
017186,Torbole Casaglia,2021,Es. Extra-Alberghieri,Italiani,,,,riservato
017186,Torbole Casaglia,2021,Es. Extra-Alberghieri,Stranieri,,,,riservato
017186,Torbole Casaglia,2021,Es. Extra-Alberghieri,Totale,,,,riservato
017186,Torbole Casaglia,2021,Totale,Italiani,,,,riservato
017186,Torbole Casaglia,2021,Totale,Stranieri,,,,riservato
017186,Torbole Casaglia,2021,Totale,Totale,,,,riservato
017186,Torbole Casaglia,2022,Es. Alberghieri,Italiani,,,,riservato
017186,Torbole Casaglia,2022,Es. Alberghieri,Stranieri,,,,riservato
017186,Torbole Casaglia,2022,Es. Alberghieri,Totale,,,,riservato
017186,Torbole Casaglia,2022,Es. Extra-Alberghieri,Italiani,,,,riservato
017186,Torbole Casaglia,2022,Es. Extra-Alberghieri,Stranieri,,,,riservato
017186,Torbole Casaglia,2022,Es. Extra-Alberghieri,Totale,,,,riservato
017186,Torbole Casaglia,2022,Totale,Italiani,,,,riservato
017186,Torbole Casaglia,2022,Totale,Stranieri,,,,riservato
017186,Torbole Casaglia,2022,Totale,Totale,,,,riservato
017186,Torbole Casaglia,2023,Es. Alberghieri,Italiani,,,,riservato
017186,Torbole Casaglia,2023,Es. Alberghieri,Stranieri,,,,riservato
017186,Torbole Casaglia,2023,Es. Alberghieri,Totale,,,,riservato
017186,Torbole Casaglia,2023,Es. Extra-Alberghieri,Italiani,,,,riservato
017186,Torbole Casaglia,2023,Es. Extra-Alberghieri,Stranieri,,,,riservato
017186,Torbole Casaglia,2023,Es. Extra-Alberghieri,Totale,,,,riservato
017186,Torbole Casaglia,2023,Totale,Italiani,,,,riservato
017186,Torbole Casaglia,2023,Totale,Stranieri,,,,riservato
017186,Torbole Casaglia,2023,Totale,Totale,,,,riservato
017186,Torbole Casaglia,2024,Es. Alberghieri,Italiani,,,,riservato
017186,Torbole Casaglia,2024,Es. Alberghieri,Stranieri,,,,riservato
017186,Torbole Casaglia,2024,Es. Alberghieri,Totale,,,,riservato
017186,Torbole Casaglia,2024,Es. Extra-Alberghieri,Italiani,,,,riservato
017186,Torbole Casaglia,2024,Es. Extra-Alberghieri,Stranieri,,,,riservato
017186,Torbole Casaglia,2024,Es. Extra-Alberghieri,Totale,,,,riservato
017186,Torbole Casaglia,2024,Totale,Italiani,,,,riservato
017186,Torbole Casaglia,2024,Totale,Stranieri,,,,riservato
017186,Torbole Casaglia,2024,Totale,Totale,,,,riservato
017187,Toscolano-Maderno,2019,Es. Alberghieri,Italiani,11283,38004,3.40,osservato
017187,Toscolano-Maderno,2019,Es. Alberghieri,Stranieri,30836,160756,5.20,osservato
017187,Toscolano-Maderno,2019,Es. Alberghieri,Totale,42119,198760,4.70,osservato
017187,Toscolano-Maderno,2019,Es. Extra-Alberghieri,Italiani,30834,119541,3.90,osservato
017187,Toscolano-Maderno,2019,Es. Extra-Alberghieri,Stranieri,36543,228380,6.20,osservato
017187,Toscolano-Maderno,2019,Es. Extra-Alberghieri,Totale,67377,347921,5.20,osservato
017187,Toscolano-Maderno,2019,Totale,Italiani,42117,157545,3.70,osservato
017187,Toscolano-Maderno,2019,Totale,Stranieri,67379,389136,5.80,osservato
017187,Toscolano-Maderno,2019,Totale,Totale,109496,546681,5.00,osservato
017187,Toscolano-Maderno,2020,Es. Alberghieri,Italiani,6863,23293,3.40,osservato
017187,Toscolano-Maderno,2020,Es. Alberghieri,Stranieri,5733,26359,4.60,osservato
017187,Toscolano-Maderno,2020,Es. Alberghieri,Totale,12596,49652,3.90,osservato
017187,Toscolano-Maderno,2020,Es. Extra-Alberghieri,Italiani,28297,122806,4.30,osservato
017187,Toscolano-Maderno,2020,Es. Extra-Alberghieri,Stranieri,13754,90465,6.60,osservato
017187,Toscolano-Maderno,2020,Es. Extra-Alberghieri,Totale,42051,213271,5.10,osservato
017187,Toscolano-Maderno,2020,Totale,Italiani,35160,146099,4.20,osservato
017187,Toscolano-Maderno,2020,Totale,Stranieri,19487,116824,6.00,osservato
017187,Toscolano-Maderno,2020,Totale,Totale,54647,262923,4.80,osservato
017187,Toscolano-Maderno,2021,Es. Alberghieri,Italiani,9166,30023,3.30,osservato
017187,Toscolano-Maderno,2021,Es. Alberghieri,Stranieri,17734,88268,5.00,osservato
017187,Toscolano-Maderno,2021,Es. Alberghieri,Totale,26900,118291,4.40,osservato
017187,Toscolano-Maderno,2021,Es. Extra-Alberghieri,Italiani,32384,126406,3.90,osservato
017187,Toscolano-Maderno,2021,Es. Extra-Alberghieri,Stranieri,28365,185813,6.60,osservato
017187,Toscolano-Maderno,2021,Es. Extra-Alberghieri,Totale,60749,312219,5.10,osservato
017187,Toscolano-Maderno,2021,Totale,Italiani,41550,156429,3.80,osservato
017187,Toscolano-Maderno,2021,Totale,Stranieri,46099,274081,5.90,osservato
017187,Toscolano-Maderno,2021,Totale,Totale,87649,430510,4.90,osservato
017187,Toscolano-Maderno,2022,Es. Alberghieri,Italiani,15502,36945,2.40,osservato
017187,Toscolano-Maderno,2022,Es. Alberghieri,Stranieri,33195,156343,4.70,osservato
017187,Toscolano-Maderno,2022,Es. Alberghieri,Totale,48697,193288,4.00,osservato
017187,Toscolano-Maderno,2022,Es. Extra-Alberghieri,Italiani,18968,64205,3.40,osservato
017187,Toscolano-Maderno,2022,Es. Extra-Alberghieri,Stranieri,41831,248826,5.90,osservato
017187,Toscolano-Maderno,2022,Es. Extra-Alberghieri,Totale,60799,313031,5.10,osservato
017187,Toscolano-Maderno,2022,Totale,Italiani,34470,101150,2.90,osservato
017187,Toscolano-Maderno,2022,Totale,Stranieri,75026,405169,5.40,osservato
017187,Toscolano-Maderno,2022,Totale,Totale,109496,506319,4.60,osservato
017187,Toscolano-Maderno,2023,Es. Alberghieri,Italiani,16239,40768,2.50,osservato
017187,Toscolano-Maderno,2023,Es. Alberghieri,Stranieri,36809,153838,4.20,osservato
017187,Toscolano-Maderno,2023,Es. Alberghieri,Totale,53048,194606,3.70,osservato
017187,Toscolano-Maderno,2023,Es. Extra-Alberghieri,Italiani,33062,125182,3.80,osservato
017187,Toscolano-Maderno,2023,Es. Extra-Alberghieri,Stranieri,48600,269408,5.50,osservato
017187,Toscolano-Maderno,2023,Es. Extra-Alberghieri,Totale,81662,394590,4.80,osservato
017187,Toscolano-Maderno,2023,Totale,Italiani,49301,165950,3.40,osservato
017187,Toscolano-Maderno,2023,Totale,Stranieri,85409,423246,5.00,osservato
017187,Toscolano-Maderno,2023,Totale,Totale,134710,589196,4.40,osservato
017187,Toscolano-Maderno,2024,Es. Alberghieri,Italiani,15785,39777,2.52,osservato
017187,Toscolano-Maderno,2024,Es. Alberghieri,Stranieri,38264,168430,4.40,osservato
017187,Toscolano-Maderno,2024,Es. Alberghieri,Totale,54049,208207,3.85,osservato
017187,Toscolano-Maderno,2024,Es. Extra-Alberghieri,Italiani,32800,151313,4.61,osservato
017187,Toscolano-Maderno,2024,Es. Extra-Alberghieri,Stranieri,48787,267260,5.48,osservato
017187,Toscolano-Maderno,2024,Es. Extra-Alberghieri,Totale,81587,418573,5.13,osservato
017187,Toscolano-Maderno,2024,Totale,Italiani,48585,191090,3.93,osservato
017187,Toscolano-Maderno,2024,Totale,Stranieri,87051,435690,5.00,osservato
017187,Toscolano-Maderno,2024,Totale,Totale,135636,626780,4.62,osservato
017188,Travagliato,2019,Es. Alberghieri,Italiani,,,,riservato
017188,Travagliato,2019,Es. Alberghieri,Stranieri,,,,riservato
017188,Travagliato,2019,Es. Alberghieri,Totale,,,,riservato
017188,Travagliato,2019,Es. Extra-Alberghieri,Italiani,,,,riservato
017188,Travagliato,2019,Es. Extra-Alberghieri,Stranieri,,,,riservato
017188,Travagliato,2019,Es. Extra-Alberghieri,Totale,,,,riservato
017188,Travagliato,2019,Totale,Italiani,,,,riservato
017188,Travagliato,2019,Totale,Stranieri,,,,riservato
017188,Travagliato,2019,Totale,Totale,,,,riservato
017188,Travagliato,2020,Es. Alberghieri,Italiani,,,,riservato
017188,Travagliato,2020,Es. Alberghieri,Stranieri,,,,riservato
017188,Travagliato,2020,Es. Alberghieri,Totale,,,,riservato
017188,Travagliato,2020,Es. Extra-Alberghieri,Italiani,,,,riservato
017188,Travagliato,2020,Es. Extra-Alberghieri,Stranieri,,,,riservato
017188,Travagliato,2020,Es. Extra-Alberghieri,Totale,,,,riservato
017188,Travagliato,2020,Totale,Italiani,,,,riservato
017188,Travagliato,2020,Totale,Stranieri,,,,riservato
017188,Travagliato,2020,Totale,Totale,,,,riservato
017188,Travagliato,2021,Es. Alberghieri,Italiani,,,,riservato
017188,Travagliato,2021,Es. Alberghieri,Stranieri,,,,riservato
017188,Travagliato,2021,Es. Alberghieri,Totale,,,,riservato
017188,Travagliato,2021,Es. Extra-Alberghieri,Italiani,,,,riservato
017188,Travagliato,2021,Es. Extra-Alberghieri,Stranieri,,,,riservato
017188,Travagliato,2021,Es. Extra-Alberghieri,Totale,,,,riservato
017188,Travagliato,2021,Totale,Italiani,770,1440,1.90,osservato
017188,Travagliato,2021,Totale,Stranieri,164,415,2.50,osservato
017188,Travagliato,2021,Totale,Totale,934,1855,2.00,osservato
017188,Travagliato,2022,Es. Alberghieri,Italiani,,,,riservato
017188,Travagliato,2022,Es. Alberghieri,Stranieri,,,,riservato
017188,Travagliato,2022,Es. Alberghieri,Totale,,,,riservato
017188,Travagliato,2022,Es. Extra-Alberghieri,Italiani,,,,riservato
017188,Travagliato,2022,Es. Extra-Alberghieri,Stranieri,,,,riservato
017188,Travagliato,2022,Es. Extra-Alberghieri,Totale,,,,riservato
017188,Travagliato,2022,Totale,Italiani,490,1100,2.20,osservato
017188,Travagliato,2022,Totale,Stranieri,95,278,2.90,osservato
017188,Travagliato,2022,Totale,Totale,585,1378,2.40,osservato
017188,Travagliato,2023,Es. Alberghieri,Italiani,,,,riservato
017188,Travagliato,2023,Es. Alberghieri,Stranieri,,,,riservato
017188,Travagliato,2023,Es. Alberghieri,Totale,,,,riservato
017188,Travagliato,2023,Es. Extra-Alberghieri,Italiani,,,,riservato
017188,Travagliato,2023,Es. Extra-Alberghieri,Stranieri,,,,riservato
017188,Travagliato,2023,Es. Extra-Alberghieri,Totale,,,,riservato
017188,Travagliato,2023,Totale,Italiani,703,2384,3.40,osservato
017188,Travagliato,2023,Totale,Stranieri,193,1387,7.20,osservato
017188,Travagliato,2023,Totale,Totale,896,3771,4.20,osservato
017188,Travagliato,2024,Es. Alberghieri,Italiani,,,,riservato
017188,Travagliato,2024,Es. Alberghieri,Stranieri,,,,riservato
017188,Travagliato,2024,Es. Alberghieri,Totale,,,,riservato
017188,Travagliato,2024,Es. Extra-Alberghieri,Italiani,,,,riservato
017188,Travagliato,2024,Es. Extra-Alberghieri,Stranieri,,,,riservato
017188,Travagliato,2024,Es. Extra-Alberghieri,Totale,,,,riservato
017188,Travagliato,2024,Totale,Italiani,1627,3514,2.16,osservato
017188,Travagliato,2024,Totale,Stranieri,280,1413,5.05,osservato
017188,Travagliato,2024,Totale,Totale,1907,4927,2.58,osservato
017189,Tremosine sul Garda,2019,Es. Alberghieri,Italiani,7412,19724,2.70,osservato
017189,Tremosine sul Garda,2019,Es. Alberghieri,Stranieri,32888,176546,5.40,osservato
017189,Tremosine sul Garda,2019,Es. Alberghieri,Totale,40300,196270,4.90,osservato
017189,Tremosine sul Garda,2019,Es. Extra-Alberghieri,Italiani,3160,8504,2.70,osservato
017189,Tremosine sul Garda,2019,Es. Extra-Alberghieri,Stranieri,19649,124336,6.30,osservato
017189,Tremosine sul Garda,2019,Es. Extra-Alberghieri,Totale,22809,132840,5.80,osservato
017189,Tremosine sul Garda,2019,Totale,Italiani,10572,28228,2.70,osservato
017189,Tremosine sul Garda,2019,Totale,Stranieri,52537,300882,5.70,osservato
017189,Tremosine sul Garda,2019,Totale,Totale,63109,329110,5.20,osservato
017189,Tremosine sul Garda,2020,Es. Alberghieri,Italiani,6023,18495,3.10,osservato
017189,Tremosine sul Garda,2020,Es. Alberghieri,Stranieri,8757,59916,6.80,osservato
017189,Tremosine sul Garda,2020,Es. Alberghieri,Totale,14780,78411,5.30,osservato
017189,Tremosine sul Garda,2020,Es. Extra-Alberghieri,Italiani,3370,14648,4.30,osservato
017189,Tremosine sul Garda,2020,Es. Extra-Alberghieri,Stranieri,8477,61269,7.20,osservato
017189,Tremosine sul Garda,2020,Es. Extra-Alberghieri,Totale,11847,75917,6.40,osservato
017189,Tremosine sul Garda,2020,Totale,Italiani,9393,33143,3.50,osservato
017189,Tremosine sul Garda,2020,Totale,Stranieri,17234,121185,7.00,osservato
017189,Tremosine sul Garda,2020,Totale,Totale,26627,154328,5.80,osservato
017189,Tremosine sul Garda,2021,Es. Alberghieri,Italiani,7494,19413,2.60,osservato
017189,Tremosine sul Garda,2021,Es. Alberghieri,Stranieri,18367,110723,6.00,osservato
017189,Tremosine sul Garda,2021,Es. Alberghieri,Totale,25861,130136,5.00,osservato
017189,Tremosine sul Garda,2021,Es. Extra-Alberghieri,Italiani,3636,13466,3.70,osservato
017189,Tremosine sul Garda,2021,Es. Extra-Alberghieri,Stranieri,15550,117665,7.60,osservato
017189,Tremosine sul Garda,2021,Es. Extra-Alberghieri,Totale,19186,131131,6.80,osservato
017189,Tremosine sul Garda,2021,Totale,Italiani,11130,32879,3.00,osservato
017189,Tremosine sul Garda,2021,Totale,Stranieri,33917,228388,6.70,osservato
017189,Tremosine sul Garda,2021,Totale,Totale,45047,261267,5.80,osservato
017189,Tremosine sul Garda,2022,Es. Alberghieri,Italiani,8663,23128,2.70,osservato
017189,Tremosine sul Garda,2022,Es. Alberghieri,Stranieri,27525,164512,6.00,osservato
017189,Tremosine sul Garda,2022,Es. Alberghieri,Totale,36188,187640,5.20,osservato
017189,Tremosine sul Garda,2022,Es. Extra-Alberghieri,Italiani,3878,12920,3.30,osservato
017189,Tremosine sul Garda,2022,Es. Extra-Alberghieri,Stranieri,21885,141729,6.50,osservato
017189,Tremosine sul Garda,2022,Es. Extra-Alberghieri,Totale,25763,154649,6.00,osservato
017189,Tremosine sul Garda,2022,Totale,Italiani,12541,36048,2.90,osservato
017189,Tremosine sul Garda,2022,Totale,Stranieri,49410,306241,6.20,osservato
017189,Tremosine sul Garda,2022,Totale,Totale,61951,342289,5.50,osservato
017189,Tremosine sul Garda,2023,Es. Alberghieri,Italiani,11237,26080,2.30,osservato
017189,Tremosine sul Garda,2023,Es. Alberghieri,Stranieri,32463,164560,5.10,osservato
017189,Tremosine sul Garda,2023,Es. Alberghieri,Totale,43700,190640,4.40,osservato
017189,Tremosine sul Garda,2023,Es. Extra-Alberghieri,Italiani,3762,11846,3.10,osservato
017189,Tremosine sul Garda,2023,Es. Extra-Alberghieri,Stranieri,22659,142168,6.30,osservato
017189,Tremosine sul Garda,2023,Es. Extra-Alberghieri,Totale,26421,154014,5.80,osservato
017189,Tremosine sul Garda,2023,Totale,Italiani,14999,37926,2.50,osservato
017189,Tremosine sul Garda,2023,Totale,Stranieri,55122,306728,5.60,osservato
017189,Tremosine sul Garda,2023,Totale,Totale,70121,344654,4.90,osservato
017189,Tremosine sul Garda,2024,Es. Alberghieri,Italiani,11149,25767,2.31,osservato
017189,Tremosine sul Garda,2024,Es. Alberghieri,Stranieri,35893,175630,4.89,osservato
017189,Tremosine sul Garda,2024,Es. Alberghieri,Totale,47042,201397,4.28,osservato
017189,Tremosine sul Garda,2024,Es. Extra-Alberghieri,Italiani,3231,11220,3.47,osservato
017189,Tremosine sul Garda,2024,Es. Extra-Alberghieri,Stranieri,22572,144239,6.39,osservato
017189,Tremosine sul Garda,2024,Es. Extra-Alberghieri,Totale,25803,155459,6.02,osservato
017189,Tremosine sul Garda,2024,Totale,Italiani,14380,36987,2.57,osservato
017189,Tremosine sul Garda,2024,Totale,Stranieri,58465,319869,5.47,osservato
017189,Tremosine sul Garda,2024,Totale,Totale,72845,356856,4.90,osservato
017190,Trenzano,2019,Es. Alberghieri,Italiani,,,,riservato
017190,Trenzano,2019,Es. Alberghieri,Stranieri,,,,riservato
017190,Trenzano,2019,Es. Alberghieri,Totale,,,,riservato
017190,Trenzano,2019,Es. Extra-Alberghieri,Italiani,,,,riservato
017190,Trenzano,2019,Es. Extra-Alberghieri,Stranieri,,,,riservato
017190,Trenzano,2019,Es. Extra-Alberghieri,Totale,,,,riservato
017190,Trenzano,2019,Totale,Italiani,,,,riservato
017190,Trenzano,2019,Totale,Stranieri,,,,riservato
017190,Trenzano,2019,Totale,Totale,,,,riservato
017190,Trenzano,2020,Es. Alberghieri,Italiani,,,,riservato
017190,Trenzano,2020,Es. Alberghieri,Stranieri,,,,riservato
017190,Trenzano,2020,Es. Alberghieri,Totale,,,,riservato
017190,Trenzano,2020,Es. Extra-Alberghieri,Italiani,,,,riservato
017190,Trenzano,2020,Es. Extra-Alberghieri,Stranieri,,,,riservato
017190,Trenzano,2020,Es. Extra-Alberghieri,Totale,,,,riservato
017190,Trenzano,2020,Totale,Italiani,,,,riservato
017190,Trenzano,2020,Totale,Stranieri,,,,riservato
017190,Trenzano,2020,Totale,Totale,,,,riservato
017190,Trenzano,2021,Es. Alberghieri,Italiani,,,,riservato
017190,Trenzano,2021,Es. Alberghieri,Stranieri,,,,riservato
017190,Trenzano,2021,Es. Alberghieri,Totale,,,,riservato
017190,Trenzano,2021,Es. Extra-Alberghieri,Italiani,147,1004,6.80,osservato
017190,Trenzano,2021,Es. Extra-Alberghieri,Stranieri,34,419,12.30,osservato
017190,Trenzano,2021,Es. Extra-Alberghieri,Totale,181,1423,7.90,osservato
017190,Trenzano,2021,Totale,Italiani,147,1004,6.80,osservato
017190,Trenzano,2021,Totale,Stranieri,34,419,12.30,osservato
017190,Trenzano,2021,Totale,Totale,181,1423,7.90,osservato
017190,Trenzano,2022,Es. Alberghieri,Italiani,,,,riservato
017190,Trenzano,2022,Es. Alberghieri,Stranieri,,,,riservato
017190,Trenzano,2022,Es. Alberghieri,Totale,,,,riservato
017190,Trenzano,2022,Es. Extra-Alberghieri,Italiani,184,745,4.00,osservato
017190,Trenzano,2022,Es. Extra-Alberghieri,Stranieri,70,405,5.80,osservato
017190,Trenzano,2022,Es. Extra-Alberghieri,Totale,254,1150,4.50,osservato
017190,Trenzano,2022,Totale,Italiani,184,745,4.00,osservato
017190,Trenzano,2022,Totale,Stranieri,70,405,5.80,osservato
017190,Trenzano,2022,Totale,Totale,254,1150,4.50,osservato
017190,Trenzano,2023,Es. Alberghieri,Italiani,,,,riservato
017190,Trenzano,2023,Es. Alberghieri,Stranieri,,,,riservato
017190,Trenzano,2023,Es. Alberghieri,Totale,,,,riservato
017190,Trenzano,2023,Es. Extra-Alberghieri,Italiani,,,,riservato
017190,Trenzano,2023,Es. Extra-Alberghieri,Stranieri,,,,riservato
017190,Trenzano,2023,Es. Extra-Alberghieri,Totale,,,,riservato
017190,Trenzano,2023,Totale,Italiani,197,749,3.80,osservato
017190,Trenzano,2023,Totale,Stranieri,211,1112,5.30,osservato
017190,Trenzano,2023,Totale,Totale,408,1861,4.60,osservato
017190,Trenzano,2024,Es. Alberghieri,Italiani,,,,riservato
017190,Trenzano,2024,Es. Alberghieri,Stranieri,,,,riservato
017190,Trenzano,2024,Es. Alberghieri,Totale,,,,riservato
017190,Trenzano,2024,Es. Extra-Alberghieri,Italiani,,,,riservato
017190,Trenzano,2024,Es. Extra-Alberghieri,Stranieri,,,,riservato
017190,Trenzano,2024,Es. Extra-Alberghieri,Totale,,,,riservato
017190,Trenzano,2024,Totale,Italiani,168,378,2.25,osservato
017190,Trenzano,2024,Totale,Stranieri,121,382,3.16,osservato
017190,Trenzano,2024,Totale,Totale,289,760,2.63,osservato
017191,Treviso Bresciano,2019,Es. Alberghieri,Italiani,,,,riservato
017191,Treviso Bresciano,2019,Es. Alberghieri,Stranieri,,,,riservato
017191,Treviso Bresciano,2019,Es. Alberghieri,Totale,,,,riservato
017191,Treviso Bresciano,2019,Es. Extra-Alberghieri,Italiani,,,,riservato
017191,Treviso Bresciano,2019,Es. Extra-Alberghieri,Stranieri,,,,riservato
017191,Treviso Bresciano,2019,Es. Extra-Alberghieri,Totale,,,,riservato
017191,Treviso Bresciano,2019,Totale,Italiani,,,,riservato
017191,Treviso Bresciano,2019,Totale,Stranieri,,,,riservato
017191,Treviso Bresciano,2019,Totale,Totale,,,,riservato
017191,Treviso Bresciano,2020,Es. Alberghieri,Italiani,,,,riservato
017191,Treviso Bresciano,2020,Es. Alberghieri,Stranieri,,,,riservato
017191,Treviso Bresciano,2020,Es. Alberghieri,Totale,,,,riservato
017191,Treviso Bresciano,2020,Es. Extra-Alberghieri,Italiani,,,,riservato
017191,Treviso Bresciano,2020,Es. Extra-Alberghieri,Stranieri,,,,riservato
017191,Treviso Bresciano,2020,Es. Extra-Alberghieri,Totale,,,,riservato
017191,Treviso Bresciano,2020,Totale,Italiani,,,,riservato
017191,Treviso Bresciano,2020,Totale,Stranieri,,,,riservato
017191,Treviso Bresciano,2020,Totale,Totale,,,,riservato
017191,Treviso Bresciano,2021,Es. Alberghieri,Italiani,,,,riservato
017191,Treviso Bresciano,2021,Es. Alberghieri,Stranieri,,,,riservato
017191,Treviso Bresciano,2021,Es. Alberghieri,Totale,,,,riservato
017191,Treviso Bresciano,2021,Es. Extra-Alberghieri,Italiani,,,,riservato
017191,Treviso Bresciano,2021,Es. Extra-Alberghieri,Stranieri,,,,riservato
017191,Treviso Bresciano,2021,Es. Extra-Alberghieri,Totale,,,,riservato
017191,Treviso Bresciano,2021,Totale,Italiani,,,,riservato
017191,Treviso Bresciano,2021,Totale,Stranieri,,,,riservato
017191,Treviso Bresciano,2021,Totale,Totale,,,,riservato
017191,Treviso Bresciano,2022,Es. Alberghieri,Italiani,,,,riservato
017191,Treviso Bresciano,2022,Es. Alberghieri,Stranieri,,,,riservato
017191,Treviso Bresciano,2022,Es. Alberghieri,Totale,,,,riservato
017191,Treviso Bresciano,2022,Es. Extra-Alberghieri,Italiani,,,,riservato
017191,Treviso Bresciano,2022,Es. Extra-Alberghieri,Stranieri,,,,riservato
017191,Treviso Bresciano,2022,Es. Extra-Alberghieri,Totale,,,,riservato
017191,Treviso Bresciano,2022,Totale,Italiani,188,305,1.60,osservato
017191,Treviso Bresciano,2022,Totale,Stranieri,394,901,2.30,osservato
017191,Treviso Bresciano,2022,Totale,Totale,582,1206,2.10,osservato
017191,Treviso Bresciano,2023,Es. Alberghieri,Italiani,,,,riservato
017191,Treviso Bresciano,2023,Es. Alberghieri,Stranieri,,,,riservato
017191,Treviso Bresciano,2023,Es. Alberghieri,Totale,,,,riservato
017191,Treviso Bresciano,2023,Es. Extra-Alberghieri,Italiani,,,,riservato
017191,Treviso Bresciano,2023,Es. Extra-Alberghieri,Stranieri,,,,riservato
017191,Treviso Bresciano,2023,Es. Extra-Alberghieri,Totale,,,,riservato
017191,Treviso Bresciano,2023,Totale,Italiani,218,371,1.70,osservato
017191,Treviso Bresciano,2023,Totale,Stranieri,462,1035,2.20,osservato
017191,Treviso Bresciano,2023,Totale,Totale,680,1406,2.10,osservato
017191,Treviso Bresciano,2024,Es. Alberghieri,Italiani,,,,riservato
017191,Treviso Bresciano,2024,Es. Alberghieri,Stranieri,,,,riservato
017191,Treviso Bresciano,2024,Es. Alberghieri,Totale,,,,riservato
017191,Treviso Bresciano,2024,Es. Extra-Alberghieri,Italiani,,,,riservato
017191,Treviso Bresciano,2024,Es. Extra-Alberghieri,Stranieri,,,,riservato
017191,Treviso Bresciano,2024,Es. Extra-Alberghieri,Totale,,,,riservato
017191,Treviso Bresciano,2024,Totale,Italiani,273,422,1.55,osservato
017191,Treviso Bresciano,2024,Totale,Stranieri,385,883,2.29,osservato
017191,Treviso Bresciano,2024,Totale,Totale,658,1305,1.98,osservato
017193,Vallio Terme,2019,Es. Alberghieri,Italiani,,,,riservato
017193,Vallio Terme,2019,Es. Alberghieri,Stranieri,,,,riservato
017193,Vallio Terme,2019,Es. Alberghieri,Totale,,,,riservato
017193,Vallio Terme,2019,Es. Extra-Alberghieri,Italiani,,,,riservato
017193,Vallio Terme,2019,Es. Extra-Alberghieri,Stranieri,,,,riservato
017193,Vallio Terme,2019,Es. Extra-Alberghieri,Totale,,,,riservato
017193,Vallio Terme,2019,Totale,Italiani,936,2632,2.80,osservato
017193,Vallio Terme,2019,Totale,Stranieri,377,1357,3.60,osservato
017193,Vallio Terme,2019,Totale,Totale,1313,3989,3.00,osservato
017193,Vallio Terme,2020,Es. Alberghieri,Italiani,,,,riservato
017193,Vallio Terme,2020,Es. Alberghieri,Stranieri,,,,riservato
017193,Vallio Terme,2020,Es. Alberghieri,Totale,,,,riservato
017193,Vallio Terme,2020,Es. Extra-Alberghieri,Italiani,,,,riservato
017193,Vallio Terme,2020,Es. Extra-Alberghieri,Stranieri,,,,riservato
017193,Vallio Terme,2020,Es. Extra-Alberghieri,Totale,,,,riservato
017193,Vallio Terme,2020,Totale,Italiani,379,935,2.50,osservato
017193,Vallio Terme,2020,Totale,Stranieri,60,82,1.40,osservato
017193,Vallio Terme,2020,Totale,Totale,439,1017,2.30,osservato
017193,Vallio Terme,2021,Es. Alberghieri,Italiani,,,,riservato
017193,Vallio Terme,2021,Es. Alberghieri,Stranieri,,,,riservato
017193,Vallio Terme,2021,Es. Alberghieri,Totale,,,,riservato
017193,Vallio Terme,2021,Es. Extra-Alberghieri,Italiani,,,,riservato
017193,Vallio Terme,2021,Es. Extra-Alberghieri,Stranieri,,,,riservato
017193,Vallio Terme,2021,Es. Extra-Alberghieri,Totale,,,,riservato
017193,Vallio Terme,2021,Totale,Italiani,230,738,3.20,osservato
017193,Vallio Terme,2021,Totale,Stranieri,43,251,5.80,osservato
017193,Vallio Terme,2021,Totale,Totale,273,989,3.60,osservato
017193,Vallio Terme,2022,Es. Alberghieri,Italiani,,,,riservato
017193,Vallio Terme,2022,Es. Alberghieri,Stranieri,,,,riservato
017193,Vallio Terme,2022,Es. Alberghieri,Totale,,,,riservato
017193,Vallio Terme,2022,Es. Extra-Alberghieri,Italiani,,,,riservato
017193,Vallio Terme,2022,Es. Extra-Alberghieri,Stranieri,,,,riservato
017193,Vallio Terme,2022,Es. Extra-Alberghieri,Totale,,,,riservato
017193,Vallio Terme,2022,Totale,Italiani,357,1099,3.10,osservato
017193,Vallio Terme,2022,Totale,Stranieri,134,733,5.50,osservato
017193,Vallio Terme,2022,Totale,Totale,491,1832,3.70,osservato
017193,Vallio Terme,2023,Es. Alberghieri,Italiani,,,,riservato
017193,Vallio Terme,2023,Es. Alberghieri,Stranieri,,,,riservato
017193,Vallio Terme,2023,Es. Alberghieri,Totale,,,,riservato
017193,Vallio Terme,2023,Es. Extra-Alberghieri,Italiani,,,,riservato
017193,Vallio Terme,2023,Es. Extra-Alberghieri,Stranieri,,,,riservato
017193,Vallio Terme,2023,Es. Extra-Alberghieri,Totale,,,,riservato
017193,Vallio Terme,2023,Totale,Italiani,394,923,2.30,osservato
017193,Vallio Terme,2023,Totale,Stranieri,117,578,4.90,osservato
017193,Vallio Terme,2023,Totale,Totale,511,1501,2.90,osservato
017193,Vallio Terme,2024,Es. Alberghieri,Italiani,,,,riservato
017193,Vallio Terme,2024,Es. Alberghieri,Stranieri,,,,riservato
017193,Vallio Terme,2024,Es. Alberghieri,Totale,,,,riservato
017193,Vallio Terme,2024,Es. Extra-Alberghieri,Italiani,,,,riservato
017193,Vallio Terme,2024,Es. Extra-Alberghieri,Stranieri,,,,riservato
017193,Vallio Terme,2024,Es. Extra-Alberghieri,Totale,,,,riservato
017193,Vallio Terme,2024,Totale,Italiani,369,869,2.36,osservato
017193,Vallio Terme,2024,Totale,Stranieri,114,360,3.16,osservato
017193,Vallio Terme,2024,Totale,Totale,483,1229,2.54,osservato
017194,Valvestino,2019,Es. Alberghieri,Italiani,,,,riservato
017194,Valvestino,2019,Es. Alberghieri,Stranieri,,,,riservato
017194,Valvestino,2019,Es. Alberghieri,Totale,,,,riservato
017194,Valvestino,2019,Es. Extra-Alberghieri,Italiani,,,,riservato
017194,Valvestino,2019,Es. Extra-Alberghieri,Stranieri,,,,riservato
017194,Valvestino,2019,Es. Extra-Alberghieri,Totale,,,,riservato
017194,Valvestino,2019,Totale,Italiani,,,,riservato
017194,Valvestino,2019,Totale,Stranieri,,,,riservato
017194,Valvestino,2019,Totale,Totale,,,,riservato
017194,Valvestino,2020,Es. Alberghieri,Italiani,,,,riservato
017194,Valvestino,2020,Es. Alberghieri,Stranieri,,,,riservato
017194,Valvestino,2020,Es. Alberghieri,Totale,,,,riservato
017194,Valvestino,2020,Es. Extra-Alberghieri,Italiani,,,,riservato
017194,Valvestino,2020,Es. Extra-Alberghieri,Stranieri,,,,riservato
017194,Valvestino,2020,Es. Extra-Alberghieri,Totale,,,,riservato
017194,Valvestino,2020,Totale,Italiani,,,,riservato
017194,Valvestino,2020,Totale,Stranieri,,,,riservato
017194,Valvestino,2020,Totale,Totale,,,,riservato
017194,Valvestino,2021,Es. Alberghieri,Italiani,,,,riservato
017194,Valvestino,2021,Es. Alberghieri,Stranieri,,,,riservato
017194,Valvestino,2021,Es. Alberghieri,Totale,,,,riservato
017194,Valvestino,2021,Es. Extra-Alberghieri,Italiani,,,,riservato
017194,Valvestino,2021,Es. Extra-Alberghieri,Stranieri,,,,riservato
017194,Valvestino,2021,Es. Extra-Alberghieri,Totale,,,,riservato
017194,Valvestino,2021,Totale,Italiani,,,,riservato
017194,Valvestino,2021,Totale,Stranieri,,,,riservato
017194,Valvestino,2021,Totale,Totale,,,,riservato
017194,Valvestino,2022,Es. Alberghieri,Italiani,,,,riservato
017194,Valvestino,2022,Es. Alberghieri,Stranieri,,,,riservato
017194,Valvestino,2022,Es. Alberghieri,Totale,,,,riservato
017194,Valvestino,2022,Es. Extra-Alberghieri,Italiani,,,,riservato
017194,Valvestino,2022,Es. Extra-Alberghieri,Stranieri,,,,riservato
017194,Valvestino,2022,Es. Extra-Alberghieri,Totale,,,,riservato
017194,Valvestino,2022,Totale,Italiani,,,,riservato
017194,Valvestino,2022,Totale,Stranieri,,,,riservato
017194,Valvestino,2022,Totale,Totale,,,,riservato
017194,Valvestino,2024,Es. Alberghieri,Italiani,,,,riservato
017194,Valvestino,2024,Es. Alberghieri,Stranieri,,,,riservato
017194,Valvestino,2024,Es. Alberghieri,Totale,,,,riservato
017194,Valvestino,2024,Es. Extra-Alberghieri,Italiani,,,,riservato
017194,Valvestino,2024,Es. Extra-Alberghieri,Stranieri,,,,riservato
017194,Valvestino,2024,Es. Extra-Alberghieri,Totale,,,,riservato
017194,Valvestino,2024,Totale,Italiani,6,24,4.00,osservato
017194,Valvestino,2024,Totale,Stranieri,8,27,3.38,osservato
017194,Valvestino,2024,Totale,Totale,14,51,3.64,osservato
017195,Verolanuova,2019,Es. Alberghieri,Italiani,,,,riservato
017195,Verolanuova,2019,Es. Alberghieri,Stranieri,,,,riservato
017195,Verolanuova,2019,Es. Alberghieri,Totale,,,,riservato
017195,Verolanuova,2019,Es. Extra-Alberghieri,Italiani,,,,riservato
017195,Verolanuova,2019,Es. Extra-Alberghieri,Stranieri,,,,riservato
017195,Verolanuova,2019,Es. Extra-Alberghieri,Totale,,,,riservato
017195,Verolanuova,2019,Totale,Italiani,,,,riservato
017195,Verolanuova,2019,Totale,Stranieri,,,,riservato
017195,Verolanuova,2019,Totale,Totale,,,,riservato
017195,Verolanuova,2020,Es. Extra-Alberghieri,Italiani,134,649,4.80,osservato
017195,Verolanuova,2020,Es. Extra-Alberghieri,Stranieri,26,195,7.50,osservato
017195,Verolanuova,2020,Es. Extra-Alberghieri,Totale,160,844,5.30,osservato
017195,Verolanuova,2020,Totale,Italiani,134,649,4.80,osservato
017195,Verolanuova,2020,Totale,Stranieri,26,195,7.50,osservato
017195,Verolanuova,2020,Totale,Totale,160,844,5.30,osservato
017195,Verolanuova,2021,Es. Alberghieri,Italiani,,,,riservato
017195,Verolanuova,2021,Es. Alberghieri,Stranieri,,,,riservato
017195,Verolanuova,2021,Es. Alberghieri,Totale,,,,riservato
017195,Verolanuova,2021,Es. Extra-Alberghieri,Italiani,87,448,5.10,osservato
017195,Verolanuova,2021,Es. Extra-Alberghieri,Stranieri,12,50,4.20,osservato
017195,Verolanuova,2021,Es. Extra-Alberghieri,Totale,99,498,5.00,osservato
017195,Verolanuova,2021,Totale,Italiani,87,448,5.10,osservato
017195,Verolanuova,2021,Totale,Stranieri,12,50,4.20,osservato
017195,Verolanuova,2021,Totale,Totale,99,498,5.00,osservato
017195,Verolanuova,2022,Es. Alberghieri,Italiani,,,,riservato
017195,Verolanuova,2022,Es. Alberghieri,Stranieri,,,,riservato
017195,Verolanuova,2022,Es. Alberghieri,Totale,,,,riservato
017195,Verolanuova,2022,Es. Extra-Alberghieri,Italiani,54,223,4.10,osservato
017195,Verolanuova,2022,Es. Extra-Alberghieri,Stranieri,18,190,10.60,osservato
017195,Verolanuova,2022,Es. Extra-Alberghieri,Totale,72,413,5.70,osservato
017195,Verolanuova,2022,Totale,Italiani,54,223,4.10,osservato
017195,Verolanuova,2022,Totale,Stranieri,18,190,10.60,osservato
017195,Verolanuova,2022,Totale,Totale,72,413,5.70,osservato
017195,Verolanuova,2023,Es. Alberghieri,Italiani,,,,riservato
017195,Verolanuova,2023,Es. Alberghieri,Stranieri,,,,riservato
017195,Verolanuova,2023,Es. Alberghieri,Totale,,,,riservato
017195,Verolanuova,2023,Es. Extra-Alberghieri,Italiani,,,,riservato
017195,Verolanuova,2023,Es. Extra-Alberghieri,Stranieri,,,,riservato
017195,Verolanuova,2023,Es. Extra-Alberghieri,Totale,,,,riservato
017195,Verolanuova,2023,Totale,Italiani,220,667,3.00,osservato
017195,Verolanuova,2023,Totale,Stranieri,45,224,5.00,osservato
017195,Verolanuova,2023,Totale,Totale,265,891,3.40,osservato
017195,Verolanuova,2024,Es. Alberghieri,Italiani,,,,riservato
017195,Verolanuova,2024,Es. Alberghieri,Stranieri,,,,riservato
017195,Verolanuova,2024,Es. Alberghieri,Totale,,,,riservato
017195,Verolanuova,2024,Es. Extra-Alberghieri,Italiani,,,,riservato
017195,Verolanuova,2024,Es. Extra-Alberghieri,Stranieri,,,,riservato
017195,Verolanuova,2024,Es. Extra-Alberghieri,Totale,,,,riservato
017195,Verolanuova,2024,Totale,Italiani,444,2070,4.66,osservato
017195,Verolanuova,2024,Totale,Stranieri,66,498,7.55,osservato
017195,Verolanuova,2024,Totale,Totale,510,2568,5.04,osservato
017196,Verolavecchia,2019,Es. Alberghieri,Italiani,,,,riservato
017196,Verolavecchia,2019,Es. Alberghieri,Stranieri,,,,riservato
017196,Verolavecchia,2019,Es. Alberghieri,Totale,,,,riservato
017196,Verolavecchia,2019,Es. Extra-Alberghieri,Italiani,,,,riservato
017196,Verolavecchia,2019,Es. Extra-Alberghieri,Stranieri,,,,riservato
017196,Verolavecchia,2019,Es. Extra-Alberghieri,Totale,,,,riservato
017196,Verolavecchia,2019,Totale,Italiani,,,,riservato
017196,Verolavecchia,2019,Totale,Stranieri,,,,riservato
017196,Verolavecchia,2019,Totale,Totale,,,,riservato
017196,Verolavecchia,2020,Es. Alberghieri,Italiani,,,,riservato
017196,Verolavecchia,2020,Es. Alberghieri,Stranieri,,,,riservato
017196,Verolavecchia,2020,Es. Alberghieri,Totale,,,,riservato
017196,Verolavecchia,2020,Es. Extra-Alberghieri,Italiani,,,,riservato
017196,Verolavecchia,2020,Es. Extra-Alberghieri,Stranieri,,,,riservato
017196,Verolavecchia,2020,Es. Extra-Alberghieri,Totale,,,,riservato
017196,Verolavecchia,2020,Totale,Italiani,,,,riservato
017196,Verolavecchia,2020,Totale,Stranieri,,,,riservato
017196,Verolavecchia,2020,Totale,Totale,,,,riservato
017196,Verolavecchia,2021,Es. Alberghieri,Italiani,,,,riservato
017196,Verolavecchia,2021,Es. Alberghieri,Stranieri,,,,riservato
017196,Verolavecchia,2021,Es. Alberghieri,Totale,,,,riservato
017196,Verolavecchia,2021,Es. Extra-Alberghieri,Italiani,,,,riservato
017196,Verolavecchia,2021,Es. Extra-Alberghieri,Stranieri,,,,riservato
017196,Verolavecchia,2021,Es. Extra-Alberghieri,Totale,,,,riservato
017196,Verolavecchia,2021,Totale,Italiani,,,,riservato
017196,Verolavecchia,2021,Totale,Stranieri,,,,riservato
017196,Verolavecchia,2021,Totale,Totale,,,,riservato
017196,Verolavecchia,2022,Es. Alberghieri,Italiani,,,,riservato
017196,Verolavecchia,2022,Es. Alberghieri,Stranieri,,,,riservato
017196,Verolavecchia,2022,Es. Alberghieri,Totale,,,,riservato
017196,Verolavecchia,2022,Es. Extra-Alberghieri,Italiani,,,,riservato
017196,Verolavecchia,2022,Es. Extra-Alberghieri,Stranieri,,,,riservato
017196,Verolavecchia,2022,Es. Extra-Alberghieri,Totale,,,,riservato
017196,Verolavecchia,2022,Totale,Italiani,,,,riservato
017196,Verolavecchia,2022,Totale,Stranieri,,,,riservato
017196,Verolavecchia,2022,Totale,Totale,,,,riservato
017196,Verolavecchia,2024,Es. Alberghieri,Italiani,,,,riservato
017196,Verolavecchia,2024,Es. Alberghieri,Stranieri,,,,riservato
017196,Verolavecchia,2024,Es. Alberghieri,Totale,,,,riservato
017196,Verolavecchia,2024,Es. Extra-Alberghieri,Italiani,,,,riservato
017196,Verolavecchia,2024,Es. Extra-Alberghieri,Stranieri,,,,riservato
017196,Verolavecchia,2024,Es. Extra-Alberghieri,Totale,,,,riservato
017196,Verolavecchia,2024,Totale,Italiani,,,,riservato
017196,Verolavecchia,2024,Totale,Stranieri,,,,riservato
017196,Verolavecchia,2024,Totale,Totale,,,,riservato
017197,Vestone,2019,Es. Alberghieri,Italiani,,,,riservato
017197,Vestone,2019,Es. Alberghieri,Stranieri,,,,riservato
017197,Vestone,2019,Es. Alberghieri,Totale,,,,riservato
017197,Vestone,2019,Es. Extra-Alberghieri,Italiani,,,,riservato
017197,Vestone,2019,Es. Extra-Alberghieri,Stranieri,,,,riservato
017197,Vestone,2019,Es. Extra-Alberghieri,Totale,,,,riservato
017197,Vestone,2019,Totale,Italiani,,,,riservato
017197,Vestone,2019,Totale,Stranieri,,,,riservato
017197,Vestone,2019,Totale,Totale,,,,riservato
017197,Vestone,2020,Es. Alberghieri,Italiani,,,,riservato
017197,Vestone,2020,Es. Alberghieri,Stranieri,,,,riservato
017197,Vestone,2020,Es. Alberghieri,Totale,,,,riservato
017197,Vestone,2020,Es. Extra-Alberghieri,Italiani,,,,riservato
017197,Vestone,2020,Es. Extra-Alberghieri,Stranieri,,,,riservato
017197,Vestone,2020,Es. Extra-Alberghieri,Totale,,,,riservato
017197,Vestone,2020,Totale,Italiani,,,,riservato
017197,Vestone,2020,Totale,Stranieri,,,,riservato
017197,Vestone,2020,Totale,Totale,,,,riservato
017197,Vestone,2021,Es. Alberghieri,Italiani,,,,riservato
017197,Vestone,2021,Es. Alberghieri,Stranieri,,,,riservato
017197,Vestone,2021,Es. Alberghieri,Totale,,,,riservato
017197,Vestone,2021,Es. Extra-Alberghieri,Italiani,,,,riservato
017197,Vestone,2021,Es. Extra-Alberghieri,Stranieri,,,,riservato
017197,Vestone,2021,Es. Extra-Alberghieri,Totale,,,,riservato
017197,Vestone,2021,Totale,Italiani,,,,riservato
017197,Vestone,2021,Totale,Stranieri,,,,riservato
017197,Vestone,2021,Totale,Totale,,,,riservato
017197,Vestone,2022,Es. Alberghieri,Italiani,,,,riservato
017197,Vestone,2022,Es. Alberghieri,Stranieri,,,,riservato
017197,Vestone,2022,Es. Alberghieri,Totale,,,,riservato
017197,Vestone,2022,Es. Extra-Alberghieri,Italiani,,,,riservato
017197,Vestone,2022,Es. Extra-Alberghieri,Stranieri,,,,riservato
017197,Vestone,2022,Es. Extra-Alberghieri,Totale,,,,riservato
017197,Vestone,2022,Totale,Italiani,,,,riservato
017197,Vestone,2022,Totale,Stranieri,,,,riservato
017197,Vestone,2022,Totale,Totale,,,,riservato
017197,Vestone,2023,Es. Alberghieri,Italiani,,,,riservato
017197,Vestone,2023,Es. Alberghieri,Stranieri,,,,riservato
017197,Vestone,2023,Es. Alberghieri,Totale,,,,riservato
017197,Vestone,2023,Es. Extra-Alberghieri,Italiani,,,,riservato
017197,Vestone,2023,Es. Extra-Alberghieri,Stranieri,,,,riservato
017197,Vestone,2023,Es. Extra-Alberghieri,Totale,,,,riservato
017197,Vestone,2023,Totale,Italiani,,,,riservato
017197,Vestone,2023,Totale,Stranieri,,,,riservato
017197,Vestone,2023,Totale,Totale,,,,riservato
017197,Vestone,2024,Es. Alberghieri,Italiani,,,,riservato
017197,Vestone,2024,Es. Alberghieri,Stranieri,,,,riservato
017197,Vestone,2024,Es. Alberghieri,Totale,,,,riservato
017197,Vestone,2024,Es. Extra-Alberghieri,Italiani,,,,riservato
017197,Vestone,2024,Es. Extra-Alberghieri,Stranieri,,,,riservato
017197,Vestone,2024,Es. Extra-Alberghieri,Totale,,,,riservato
017197,Vestone,2024,Totale,Italiani,,,,riservato
017197,Vestone,2024,Totale,Stranieri,,,,riservato
017197,Vestone,2024,Totale,Totale,,,,riservato
017198,Vezza d'Oglio,2019,Es. Alberghieri,Italiani,,,,riservato
017198,Vezza d'Oglio,2019,Es. Alberghieri,Stranieri,,,,riservato
017198,Vezza d'Oglio,2019,Es. Alberghieri,Totale,,,,riservato
017198,Vezza d'Oglio,2019,Es. Extra-Alberghieri,Italiani,,,,riservato
017198,Vezza d'Oglio,2019,Es. Extra-Alberghieri,Stranieri,,,,riservato
017198,Vezza d'Oglio,2019,Es. Extra-Alberghieri,Totale,,,,riservato
017198,Vezza d'Oglio,2019,Totale,Italiani,4091,12562,3.10,osservato
017198,Vezza d'Oglio,2019,Totale,Stranieri,691,2961,4.30,osservato
017198,Vezza d'Oglio,2019,Totale,Totale,4782,15523,3.20,osservato
017198,Vezza d'Oglio,2020,Es. Alberghieri,Italiani,,,,riservato
017198,Vezza d'Oglio,2020,Es. Alberghieri,Stranieri,,,,riservato
017198,Vezza d'Oglio,2020,Es. Alberghieri,Totale,,,,riservato
017198,Vezza d'Oglio,2020,Es. Extra-Alberghieri,Italiani,,,,riservato
017198,Vezza d'Oglio,2020,Es. Extra-Alberghieri,Stranieri,,,,riservato
017198,Vezza d'Oglio,2020,Es. Extra-Alberghieri,Totale,,,,riservato
017198,Vezza d'Oglio,2020,Totale,Italiani,2050,9003,4.40,osservato
017198,Vezza d'Oglio,2020,Totale,Stranieri,469,2166,4.60,osservato
017198,Vezza d'Oglio,2020,Totale,Totale,2519,11169,4.40,osservato
017198,Vezza d'Oglio,2021,Es. Alberghieri,Italiani,,,,riservato
017198,Vezza d'Oglio,2021,Es. Alberghieri,Stranieri,,,,riservato
017198,Vezza d'Oglio,2021,Es. Alberghieri,Totale,,,,riservato
017198,Vezza d'Oglio,2021,Es. Extra-Alberghieri,Italiani,,,,riservato
017198,Vezza d'Oglio,2021,Es. Extra-Alberghieri,Stranieri,,,,riservato
017198,Vezza d'Oglio,2021,Es. Extra-Alberghieri,Totale,,,,riservato
017198,Vezza d'Oglio,2021,Totale,Italiani,2042,8177,4.00,osservato
017198,Vezza d'Oglio,2021,Totale,Stranieri,194,622,3.20,osservato
017198,Vezza d'Oglio,2021,Totale,Totale,2236,8799,3.90,osservato
017198,Vezza d'Oglio,2022,Es. Alberghieri,Italiani,,,,riservato
017198,Vezza d'Oglio,2022,Es. Alberghieri,Stranieri,,,,riservato
017198,Vezza d'Oglio,2022,Es. Alberghieri,Totale,,,,riservato
017198,Vezza d'Oglio,2022,Es. Extra-Alberghieri,Italiani,,,,riservato
017198,Vezza d'Oglio,2022,Es. Extra-Alberghieri,Stranieri,,,,riservato
017198,Vezza d'Oglio,2022,Es. Extra-Alberghieri,Totale,,,,riservato
017198,Vezza d'Oglio,2022,Totale,Italiani,3331,11246,3.40,osservato
017198,Vezza d'Oglio,2022,Totale,Stranieri,635,2829,4.50,osservato
017198,Vezza d'Oglio,2022,Totale,Totale,3966,14075,3.50,osservato
017198,Vezza d'Oglio,2023,Es. Alberghieri,Italiani,,,,riservato
017198,Vezza d'Oglio,2023,Es. Alberghieri,Stranieri,,,,riservato
017198,Vezza d'Oglio,2023,Es. Alberghieri,Totale,,,,riservato
017198,Vezza d'Oglio,2023,Es. Extra-Alberghieri,Italiani,,,,riservato
017198,Vezza d'Oglio,2023,Es. Extra-Alberghieri,Stranieri,,,,riservato
017198,Vezza d'Oglio,2023,Es. Extra-Alberghieri,Totale,,,,riservato
017198,Vezza d'Oglio,2023,Totale,Italiani,4687,15079,3.20,osservato
017198,Vezza d'Oglio,2023,Totale,Stranieri,616,2116,3.40,osservato
017198,Vezza d'Oglio,2023,Totale,Totale,5303,17195,3.20,osservato
017198,Vezza d'Oglio,2024,Es. Alberghieri,Italiani,,,,riservato
017198,Vezza d'Oglio,2024,Es. Alberghieri,Stranieri,,,,riservato
017198,Vezza d'Oglio,2024,Es. Alberghieri,Totale,,,,riservato
017198,Vezza d'Oglio,2024,Es. Extra-Alberghieri,Italiani,,,,riservato
017198,Vezza d'Oglio,2024,Es. Extra-Alberghieri,Stranieri,,,,riservato
017198,Vezza d'Oglio,2024,Es. Extra-Alberghieri,Totale,,,,riservato
017198,Vezza d'Oglio,2024,Totale,Italiani,6192,19543,3.16,osservato
017198,Vezza d'Oglio,2024,Totale,Stranieri,1285,4214,3.28,osservato
017198,Vezza d'Oglio,2024,Totale,Totale,7477,23757,3.18,osservato
017201,Villanuova sul Clisi,2019,Es. Alberghieri,Italiani,,,,riservato
017201,Villanuova sul Clisi,2019,Es. Alberghieri,Stranieri,,,,riservato
017201,Villanuova sul Clisi,2019,Es. Alberghieri,Totale,,,,riservato
017201,Villanuova sul Clisi,2019,Es. Extra-Alberghieri,Italiani,,,,riservato
017201,Villanuova sul Clisi,2019,Es. Extra-Alberghieri,Stranieri,,,,riservato
017201,Villanuova sul Clisi,2019,Es. Extra-Alberghieri,Totale,,,,riservato
017201,Villanuova sul Clisi,2019,Totale,Italiani,204,665,3.30,osservato
017201,Villanuova sul Clisi,2019,Totale,Stranieri,798,4505,5.60,osservato
017201,Villanuova sul Clisi,2019,Totale,Totale,1002,5170,5.20,osservato
017201,Villanuova sul Clisi,2020,Es. Extra-Alberghieri,Italiani,297,1299,4.40,osservato
017201,Villanuova sul Clisi,2020,Es. Extra-Alberghieri,Stranieri,502,2985,5.90,osservato
017201,Villanuova sul Clisi,2020,Es. Extra-Alberghieri,Totale,799,4284,5.40,osservato
017201,Villanuova sul Clisi,2020,Totale,Italiani,297,1299,4.40,osservato
017201,Villanuova sul Clisi,2020,Totale,Stranieri,502,2985,5.90,osservato
017201,Villanuova sul Clisi,2020,Totale,Totale,799,4284,5.40,osservato
017201,Villanuova sul Clisi,2021,Es. Alberghieri,Italiani,,,,riservato
017201,Villanuova sul Clisi,2021,Es. Alberghieri,Stranieri,,,,riservato
017201,Villanuova sul Clisi,2021,Es. Alberghieri,Totale,,,,riservato
017201,Villanuova sul Clisi,2021,Es. Extra-Alberghieri,Italiani,287,1134,4.00,osservato
017201,Villanuova sul Clisi,2021,Es. Extra-Alberghieri,Stranieri,797,5474,6.90,osservato
017201,Villanuova sul Clisi,2021,Es. Extra-Alberghieri,Totale,1084,6608,6.10,osservato
017201,Villanuova sul Clisi,2021,Totale,Italiani,287,1134,4.00,osservato
017201,Villanuova sul Clisi,2021,Totale,Stranieri,797,5474,6.90,osservato
017201,Villanuova sul Clisi,2021,Totale,Totale,1084,6608,6.10,osservato
017201,Villanuova sul Clisi,2022,Es. Alberghieri,Italiani,,,,riservato
017201,Villanuova sul Clisi,2022,Es. Alberghieri,Stranieri,,,,riservato
017201,Villanuova sul Clisi,2022,Es. Alberghieri,Totale,,,,riservato
017201,Villanuova sul Clisi,2022,Es. Extra-Alberghieri,Italiani,317,1284,4.10,osservato
017201,Villanuova sul Clisi,2022,Es. Extra-Alberghieri,Stranieri,1105,7293,6.60,osservato
017201,Villanuova sul Clisi,2022,Es. Extra-Alberghieri,Totale,1422,8577,6.00,osservato
017201,Villanuova sul Clisi,2022,Totale,Italiani,317,1284,4.10,osservato
017201,Villanuova sul Clisi,2022,Totale,Stranieri,1105,7293,6.60,osservato
017201,Villanuova sul Clisi,2022,Totale,Totale,1422,8577,6.00,osservato
017201,Villanuova sul Clisi,2023,Es. Alberghieri,Italiani,,,,riservato
017201,Villanuova sul Clisi,2023,Es. Alberghieri,Stranieri,,,,riservato
017201,Villanuova sul Clisi,2023,Es. Alberghieri,Totale,,,,riservato
017201,Villanuova sul Clisi,2023,Es. Extra-Alberghieri,Italiani,,,,riservato
017201,Villanuova sul Clisi,2023,Es. Extra-Alberghieri,Stranieri,,,,riservato
017201,Villanuova sul Clisi,2023,Es. Extra-Alberghieri,Totale,,,,riservato
017201,Villanuova sul Clisi,2023,Totale,Italiani,338,999,3.00,osservato
017201,Villanuova sul Clisi,2023,Totale,Stranieri,1285,7771,6.00,osservato
017201,Villanuova sul Clisi,2023,Totale,Totale,1623,8770,5.40,osservato
017201,Villanuova sul Clisi,2024,Es. Alberghieri,Italiani,,,,riservato
017201,Villanuova sul Clisi,2024,Es. Alberghieri,Stranieri,,,,riservato
017201,Villanuova sul Clisi,2024,Es. Alberghieri,Totale,,,,riservato
017201,Villanuova sul Clisi,2024,Es. Extra-Alberghieri,Italiani,,,,riservato
017201,Villanuova sul Clisi,2024,Es. Extra-Alberghieri,Stranieri,,,,riservato
017201,Villanuova sul Clisi,2024,Es. Extra-Alberghieri,Totale,,,,riservato
017201,Villanuova sul Clisi,2024,Totale,Italiani,386,1253,3.25,osservato
017201,Villanuova sul Clisi,2024,Totale,Stranieri,1732,10368,5.99,osservato
017201,Villanuova sul Clisi,2024,Totale,Totale,2118,11621,5.49,osservato
017202,Vione,2019,Es. Alberghieri,Italiani,,,,riservato
017202,Vione,2019,Es. Alberghieri,Stranieri,,,,riservato
017202,Vione,2019,Es. Alberghieri,Totale,,,,riservato
017202,Vione,2019,Es. Extra-Alberghieri,Italiani,,,,riservato
017202,Vione,2019,Es. Extra-Alberghieri,Stranieri,,,,riservato
017202,Vione,2019,Es. Extra-Alberghieri,Totale,,,,riservato
017202,Vione,2019,Totale,Italiani,1317,2832,2.20,osservato
017202,Vione,2019,Totale,Stranieri,138,273,2.00,osservato
017202,Vione,2019,Totale,Totale,1455,3105,2.10,osservato
017202,Vione,2020,Es. Alberghieri,Italiani,,,,riservato
017202,Vione,2020,Es. Alberghieri,Stranieri,,,,riservato
017202,Vione,2020,Es. Alberghieri,Totale,,,,riservato
017202,Vione,2020,Es. Extra-Alberghieri,Italiani,,,,riservato
017202,Vione,2020,Es. Extra-Alberghieri,Stranieri,,,,riservato
017202,Vione,2020,Es. Extra-Alberghieri,Totale,,,,riservato
017202,Vione,2020,Totale,Italiani,1041,2663,2.60,osservato
017202,Vione,2020,Totale,Stranieri,137,534,3.90,osservato
017202,Vione,2020,Totale,Totale,1178,3197,2.70,osservato
017202,Vione,2021,Es. Alberghieri,Italiani,,,,riservato
017202,Vione,2021,Es. Alberghieri,Stranieri,,,,riservato
017202,Vione,2021,Es. Alberghieri,Totale,,,,riservato
017202,Vione,2021,Es. Extra-Alberghieri,Italiani,,,,riservato
017202,Vione,2021,Es. Extra-Alberghieri,Stranieri,,,,riservato
017202,Vione,2021,Es. Extra-Alberghieri,Totale,,,,riservato
017202,Vione,2021,Totale,Italiani,678,1917,2.80,osservato
017202,Vione,2021,Totale,Stranieri,59,126,2.10,osservato
017202,Vione,2021,Totale,Totale,737,2043,2.80,osservato
017202,Vione,2022,Es. Alberghieri,Italiani,,,,riservato
017202,Vione,2022,Es. Alberghieri,Stranieri,,,,riservato
017202,Vione,2022,Es. Alberghieri,Totale,,,,riservato
017202,Vione,2022,Es. Extra-Alberghieri,Italiani,,,,riservato
017202,Vione,2022,Es. Extra-Alberghieri,Stranieri,,,,riservato
017202,Vione,2022,Es. Extra-Alberghieri,Totale,,,,riservato
017202,Vione,2022,Totale,Italiani,1336,3804,2.80,osservato
017202,Vione,2022,Totale,Stranieri,169,603,3.60,osservato
017202,Vione,2022,Totale,Totale,1505,4407,2.90,osservato
017202,Vione,2023,Es. Alberghieri,Italiani,,,,riservato
017202,Vione,2023,Es. Alberghieri,Stranieri,,,,riservato
017202,Vione,2023,Es. Alberghieri,Totale,,,,riservato
017202,Vione,2023,Es. Extra-Alberghieri,Italiani,,,,riservato
017202,Vione,2023,Es. Extra-Alberghieri,Stranieri,,,,riservato
017202,Vione,2023,Es. Extra-Alberghieri,Totale,,,,riservato
017202,Vione,2023,Totale,Italiani,1885,4747,2.50,osservato
017202,Vione,2023,Totale,Stranieri,223,453,2.00,osservato
017202,Vione,2023,Totale,Totale,2108,5200,2.50,osservato
017202,Vione,2024,Es. Alberghieri,Italiani,,,,riservato
017202,Vione,2024,Es. Alberghieri,Stranieri,,,,riservato
017202,Vione,2024,Es. Alberghieri,Totale,,,,riservato
017202,Vione,2024,Es. Extra-Alberghieri,Italiani,,,,riservato
017202,Vione,2024,Es. Extra-Alberghieri,Stranieri,,,,riservato
017202,Vione,2024,Es. Extra-Alberghieri,Totale,,,,riservato
017202,Vione,2024,Totale,Italiani,1949,4952,2.54,osservato
017202,Vione,2024,Totale,Stranieri,337,1173,3.48,osservato
017202,Vione,2024,Totale,Totale,2286,6125,2.68,osservato
017203,Visano,2019,Es. Alberghieri,Italiani,,,,riservato
017203,Visano,2019,Es. Alberghieri,Stranieri,,,,riservato
017203,Visano,2019,Es. Alberghieri,Totale,,,,riservato
017203,Visano,2019,Es. Extra-Alberghieri,Italiani,,,,riservato
017203,Visano,2019,Es. Extra-Alberghieri,Stranieri,,,,riservato
017203,Visano,2019,Es. Extra-Alberghieri,Totale,,,,riservato
017203,Visano,2019,Totale,Italiani,,,,riservato
017203,Visano,2019,Totale,Stranieri,,,,riservato
017203,Visano,2019,Totale,Totale,,,,riservato
017203,Visano,2020,Es. Alberghieri,Italiani,,,,riservato
017203,Visano,2020,Es. Alberghieri,Stranieri,,,,riservato
017203,Visano,2020,Es. Alberghieri,Totale,,,,riservato
017203,Visano,2020,Es. Extra-Alberghieri,Italiani,,,,riservato
017203,Visano,2020,Es. Extra-Alberghieri,Stranieri,,,,riservato
017203,Visano,2020,Es. Extra-Alberghieri,Totale,,,,riservato
017203,Visano,2020,Totale,Italiani,,,,riservato
017203,Visano,2020,Totale,Stranieri,,,,riservato
017203,Visano,2020,Totale,Totale,,,,riservato
017203,Visano,2021,Es. Alberghieri,Italiani,,,,riservato
017203,Visano,2021,Es. Alberghieri,Stranieri,,,,riservato
017203,Visano,2021,Es. Alberghieri,Totale,,,,riservato
017203,Visano,2021,Es. Extra-Alberghieri,Italiani,,,,riservato
017203,Visano,2021,Es. Extra-Alberghieri,Stranieri,,,,riservato
017203,Visano,2021,Es. Extra-Alberghieri,Totale,,,,riservato
017203,Visano,2021,Totale,Italiani,,,,riservato
017203,Visano,2021,Totale,Stranieri,,,,riservato
017203,Visano,2021,Totale,Totale,,,,riservato
017203,Visano,2024,Es. Alberghieri,Italiani,,,,riservato
017203,Visano,2024,Es. Alberghieri,Stranieri,,,,riservato
017203,Visano,2024,Es. Alberghieri,Totale,,,,riservato
017203,Visano,2024,Es. Extra-Alberghieri,Italiani,,,,riservato
017203,Visano,2024,Es. Extra-Alberghieri,Stranieri,,,,riservato
017203,Visano,2024,Es. Extra-Alberghieri,Totale,,,,riservato
017203,Visano,2024,Totale,Italiani,,,,riservato
017203,Visano,2024,Totale,Stranieri,,,,riservato
017203,Visano,2024,Totale,Totale,,,,riservato
017204,Vobarno,2019,Es. Alberghieri,Italiani,,,,riservato
017204,Vobarno,2019,Es. Alberghieri,Stranieri,,,,riservato
017204,Vobarno,2019,Es. Alberghieri,Totale,,,,riservato
017204,Vobarno,2019,Es. Extra-Alberghieri,Italiani,,,,riservato
017204,Vobarno,2019,Es. Extra-Alberghieri,Stranieri,,,,riservato
017204,Vobarno,2019,Es. Extra-Alberghieri,Totale,,,,riservato
017204,Vobarno,2019,Totale,Italiani,59,359,6.10,osservato
017204,Vobarno,2019,Totale,Stranieri,562,3226,5.70,osservato
017204,Vobarno,2019,Totale,Totale,621,3585,5.80,osservato
017204,Vobarno,2020,Es. Extra-Alberghieri,Italiani,173,1814,10.50,osservato
017204,Vobarno,2020,Es. Extra-Alberghieri,Stranieri,352,1958,5.60,osservato
017204,Vobarno,2020,Es. Extra-Alberghieri,Totale,525,3772,7.20,osservato
017204,Vobarno,2020,Totale,Italiani,173,1814,10.50,osservato
017204,Vobarno,2020,Totale,Stranieri,352,1958,5.60,osservato
017204,Vobarno,2020,Totale,Totale,525,3772,7.20,osservato
017204,Vobarno,2021,Es. Alberghieri,Italiani,,,,riservato
017204,Vobarno,2021,Es. Alberghieri,Stranieri,,,,riservato
017204,Vobarno,2021,Es. Alberghieri,Totale,,,,riservato
017204,Vobarno,2021,Es. Extra-Alberghieri,Italiani,200,1466,7.30,osservato
017204,Vobarno,2021,Es. Extra-Alberghieri,Stranieri,646,3711,5.70,osservato
017204,Vobarno,2021,Es. Extra-Alberghieri,Totale,846,5177,6.10,osservato
017204,Vobarno,2021,Totale,Italiani,200,1466,7.30,osservato
017204,Vobarno,2021,Totale,Stranieri,646,3711,5.70,osservato
017204,Vobarno,2021,Totale,Totale,846,5177,6.10,osservato
017204,Vobarno,2022,Es. Alberghieri,Italiani,,,,riservato
017204,Vobarno,2022,Es. Alberghieri,Stranieri,,,,riservato
017204,Vobarno,2022,Es. Alberghieri,Totale,,,,riservato
017204,Vobarno,2022,Es. Extra-Alberghieri,Italiani,279,1912,6.90,osservato
017204,Vobarno,2022,Es. Extra-Alberghieri,Stranieri,722,3930,5.40,osservato
017204,Vobarno,2022,Es. Extra-Alberghieri,Totale,1001,5842,5.80,osservato
017204,Vobarno,2022,Totale,Italiani,279,1912,6.90,osservato
017204,Vobarno,2022,Totale,Stranieri,722,3930,5.40,osservato
017204,Vobarno,2022,Totale,Totale,1001,5842,5.80,osservato
017204,Vobarno,2023,Es. Alberghieri,Italiani,,,,riservato
017204,Vobarno,2023,Es. Alberghieri,Stranieri,,,,riservato
017204,Vobarno,2023,Es. Alberghieri,Totale,,,,riservato
017204,Vobarno,2023,Es. Extra-Alberghieri,Italiani,,,,riservato
017204,Vobarno,2023,Es. Extra-Alberghieri,Stranieri,,,,riservato
017204,Vobarno,2023,Es. Extra-Alberghieri,Totale,,,,riservato
017204,Vobarno,2023,Totale,Italiani,281,2337,8.30,osservato
017204,Vobarno,2023,Totale,Stranieri,927,5091,5.50,osservato
017204,Vobarno,2023,Totale,Totale,1208,7428,6.10,osservato
017204,Vobarno,2024,Es. Alberghieri,Italiani,,,,riservato
017204,Vobarno,2024,Es. Alberghieri,Stranieri,,,,riservato
017204,Vobarno,2024,Es. Alberghieri,Totale,,,,riservato
017204,Vobarno,2024,Es. Extra-Alberghieri,Italiani,,,,riservato
017204,Vobarno,2024,Es. Extra-Alberghieri,Stranieri,,,,riservato
017204,Vobarno,2024,Es. Extra-Alberghieri,Totale,,,,riservato
017204,Vobarno,2024,Totale,Italiani,342,2562,7.49,osservato
017204,Vobarno,2024,Totale,Stranieri,991,5044,5.09,osservato
017204,Vobarno,2024,Totale,Totale,1333,7606,5.71,osservato
017205,Zone,2019,Es. Alberghieri,Italiani,2826,9431,3.30,osservato
017205,Zone,2019,Es. Alberghieri,Stranieri,304,827,2.70,osservato
017205,Zone,2019,Es. Alberghieri,Totale,3130,10258,3.30,osservato
017205,Zone,2019,Es. Extra-Alberghieri,Italiani,877,4764,5.40,osservato
017205,Zone,2019,Es. Extra-Alberghieri,Stranieri,247,599,2.40,osservato
017205,Zone,2019,Es. Extra-Alberghieri,Totale,1124,5363,4.80,osservato
017205,Zone,2019,Totale,Italiani,3703,14195,3.80,osservato
017205,Zone,2019,Totale,Stranieri,551,1426,2.60,osservato
017205,Zone,2019,Totale,Totale,4254,15621,3.70,osservato
017205,Zone,2020,Es. Alberghieri,Italiani,1244,4465,3.60,osservato
017205,Zone,2020,Es. Alberghieri,Stranieri,163,414,2.50,osservato
017205,Zone,2020,Es. Alberghieri,Totale,1407,4879,3.50,osservato
017205,Zone,2020,Es. Extra-Alberghieri,Italiani,493,4019,8.20,osservato
017205,Zone,2020,Es. Extra-Alberghieri,Stranieri,69,119,1.70,osservato
017205,Zone,2020,Es. Extra-Alberghieri,Totale,562,4138,7.40,osservato
017205,Zone,2020,Totale,Italiani,1737,8484,4.90,osservato
017205,Zone,2020,Totale,Stranieri,232,533,2.30,osservato
017205,Zone,2020,Totale,Totale,1969,9017,4.60,osservato
017205,Zone,2021,Es. Alberghieri,Italiani,2408,7047,2.90,osservato
017205,Zone,2021,Es. Alberghieri,Stranieri,401,1010,2.50,osservato
017205,Zone,2021,Es. Alberghieri,Totale,2809,8057,2.90,osservato
017205,Zone,2021,Es. Extra-Alberghieri,Italiani,606,3006,5.00,osservato
017205,Zone,2021,Es. Extra-Alberghieri,Stranieri,231,405,1.80,osservato
017205,Zone,2021,Es. Extra-Alberghieri,Totale,837,3411,4.10,osservato
017205,Zone,2021,Totale,Italiani,3014,10053,3.30,osservato
017205,Zone,2021,Totale,Stranieri,632,1415,2.20,osservato
017205,Zone,2021,Totale,Totale,3646,11468,3.10,osservato
017205,Zone,2022,Es. Alberghieri,Italiani,2848,8638,3.00,osservato
017205,Zone,2022,Es. Alberghieri,Stranieri,753,1932,2.60,osservato
017205,Zone,2022,Es. Alberghieri,Totale,3601,10570,2.90,osservato
017205,Zone,2022,Es. Extra-Alberghieri,Italiani,917,3372,3.70,osservato
017205,Zone,2022,Es. Extra-Alberghieri,Stranieri,492,1198,2.40,osservato
017205,Zone,2022,Es. Extra-Alberghieri,Totale,1409,4570,3.20,osservato
017205,Zone,2022,Totale,Italiani,3765,12010,3.20,osservato
017205,Zone,2022,Totale,Stranieri,1245,3130,2.50,osservato
017205,Zone,2022,Totale,Totale,5010,15140,3.00,osservato
017205,Zone,2023,Es. Alberghieri,Italiani,2703,7981,3.00,osservato
017205,Zone,2023,Es. Alberghieri,Stranieri,694,2086,3.00,osservato
017205,Zone,2023,Es. Alberghieri,Totale,3397,10067,3.00,osservato
017205,Zone,2023,Es. Extra-Alberghieri,Italiani,482,2405,5.00,osservato
017205,Zone,2023,Es. Extra-Alberghieri,Stranieri,248,885,3.60,osservato
017205,Zone,2023,Es. Extra-Alberghieri,Totale,730,3290,4.50,osservato
017205,Zone,2023,Totale,Italiani,3185,10386,3.30,osservato
017205,Zone,2023,Totale,Stranieri,942,2971,3.20,osservato
017205,Zone,2023,Totale,Totale,4127,13357,3.20,osservato
017205,Zone,2024,Es. Alberghieri,Italiani,1917,7556,3.94,osservato
017205,Zone,2024,Es. Alberghieri,Stranieri,619,6133,9.91,osservato
017205,Zone,2024,Es. Alberghieri,Totale,2536,13689,5.40,osservato
017205,Zone,2024,Es. Extra-Alberghieri,Italiani,488,2265,4.64,osservato
017205,Zone,2024,Es. Extra-Alberghieri,Stranieri,289,1078,3.73,osservato
017205,Zone,2024,Es. Extra-Alberghieri,Totale,777,3343,4.30,osservato
017205,Zone,2024,Totale,Italiani,2405,9821,4.08,osservato
017205,Zone,2024,Totale,Stranieri,908,7211,7.94,osservato
017205,Zone,2024,Totale,Totale,3313,17032,5.14,osservato
017206,Piancogno,2019,Es. Alberghieri,Italiani,,,,riservato
017206,Piancogno,2019,Es. Alberghieri,Stranieri,,,,riservato
017206,Piancogno,2019,Es. Alberghieri,Totale,,,,riservato
017206,Piancogno,2019,Es. Extra-Alberghieri,Italiani,,,,riservato
017206,Piancogno,2019,Es. Extra-Alberghieri,Stranieri,,,,riservato
017206,Piancogno,2019,Es. Extra-Alberghieri,Totale,,,,riservato
017206,Piancogno,2019,Totale,Italiani,1246,4097,3.30,osservato
017206,Piancogno,2019,Totale,Stranieri,208,1386,6.70,osservato
017206,Piancogno,2019,Totale,Totale,1454,5483,3.80,osservato
017206,Piancogno,2020,Es. Alberghieri,Italiani,,,,riservato
017206,Piancogno,2020,Es. Alberghieri,Stranieri,,,,riservato
017206,Piancogno,2020,Es. Alberghieri,Totale,,,,riservato
017206,Piancogno,2020,Es. Extra-Alberghieri,Italiani,,,,riservato
017206,Piancogno,2020,Es. Extra-Alberghieri,Stranieri,,,,riservato
017206,Piancogno,2020,Es. Extra-Alberghieri,Totale,,,,riservato
017206,Piancogno,2020,Totale,Italiani,299,2413,8.10,osservato
017206,Piancogno,2020,Totale,Stranieri,35,494,14.10,osservato
017206,Piancogno,2020,Totale,Totale,334,2907,8.70,osservato
017206,Piancogno,2021,Es. Alberghieri,Italiani,,,,riservato
017206,Piancogno,2021,Es. Alberghieri,Stranieri,,,,riservato
017206,Piancogno,2021,Es. Alberghieri,Totale,,,,riservato
017206,Piancogno,2021,Es. Extra-Alberghieri,Italiani,,,,riservato
017206,Piancogno,2021,Es. Extra-Alberghieri,Stranieri,,,,riservato
017206,Piancogno,2021,Es. Extra-Alberghieri,Totale,,,,riservato
017206,Piancogno,2021,Totale,Italiani,928,4217,4.50,osservato
017206,Piancogno,2021,Totale,Stranieri,127,1038,8.20,osservato
017206,Piancogno,2021,Totale,Totale,1055,5255,5.00,osservato
017206,Piancogno,2022,Es. Alberghieri,Italiani,,,,riservato
017206,Piancogno,2022,Es. Alberghieri,Stranieri,,,,riservato
017206,Piancogno,2022,Es. Alberghieri,Totale,,,,riservato
017206,Piancogno,2022,Es. Extra-Alberghieri,Italiani,,,,riservato
017206,Piancogno,2022,Es. Extra-Alberghieri,Stranieri,,,,riservato
017206,Piancogno,2022,Es. Extra-Alberghieri,Totale,,,,riservato
017206,Piancogno,2022,Totale,Italiani,1401,7350,5.20,osservato
017206,Piancogno,2022,Totale,Stranieri,208,1553,7.50,osservato
017206,Piancogno,2022,Totale,Totale,1609,8903,5.50,osservato
017206,Piancogno,2023,Es. Alberghieri,Italiani,,,,riservato
017206,Piancogno,2023,Es. Alberghieri,Stranieri,,,,riservato
017206,Piancogno,2023,Es. Alberghieri,Totale,,,,riservato
017206,Piancogno,2023,Es. Extra-Alberghieri,Italiani,,,,riservato
017206,Piancogno,2023,Es. Extra-Alberghieri,Stranieri,,,,riservato
017206,Piancogno,2023,Es. Extra-Alberghieri,Totale,,,,riservato
017206,Piancogno,2023,Totale,Italiani,1934,8728,4.50,osservato
017206,Piancogno,2023,Totale,Stranieri,254,1722,6.80,osservato
017206,Piancogno,2023,Totale,Totale,2188,10450,4.80,osservato
017206,Piancogno,2024,Es. Alberghieri,Italiani,,,,riservato
017206,Piancogno,2024,Es. Alberghieri,Stranieri,,,,riservato
017206,Piancogno,2024,Es. Alberghieri,Totale,,,,riservato
017206,Piancogno,2024,Es. Extra-Alberghieri,Italiani,,,,riservato
017206,Piancogno,2024,Es. Extra-Alberghieri,Stranieri,,,,riservato
017206,Piancogno,2024,Es. Extra-Alberghieri,Totale,,,,riservato
017206,Piancogno,2024,Totale,Italiani,2044,9137,4.47,osservato
017206,Piancogno,2024,Totale,Stranieri,301,2178,7.24,osservato
017206,Piancogno,2024,Totale,Totale,2345,11315,4.83,osservato
